episode,lam_util,lam_tp,mean_util_gap,mean_tp_gap,mean_util_slack,mean_tp_slack,util_slack_ema,tp_slack_ema
1,0.0,1.7516984201255243,0.0,0.004923610877371137,0.3908169531824937,-0.003232705041928176,0.11724508595474811,-0.0009698115125784528
2,0.0,0.9839716512965083,0.0,0.006483516264709242,0.5065797194276155,0.0016398395814178853,0.23404547599660833,-0.0001869161843795513
3,0.0,0.4039900146393604,0.007772734008722076,0.004078031601923378,0.6171796827028747,0.0022263035763207613,0.3489857380084882,0.0005370497438305425
4,0.1550149452213292,5.114888558266084,0.03650001992764107,0.010166575149796778,0.09709313559837292,-0.009642044679819915,0.2734179572854536,-0.0025166785832645947
5,0.0,0.9876978693666754,0.0,0.0006376001489084213,0.5446918609884729,0.008143748726352977,0.3548001283963593,0.0006814496096206771
6,1.138949453204472,10.871052351893017,0.1776124546747675,0.018248652108052685,-0.12653706432700568,-0.017997175381430124,0.2103989705793498,-0.004922137887694563
7,0.0,8.344933692529539,0.014802777658550835,0.003994210546750331,0.528535028430083,0.0047579929423063145,0.3058397879345698,-0.0020180986386942996
8,0.0,18.08794332173551,0.0887874726248814,0.015090074684657971,0.11700188758093104,-0.01508662231788501,0.24918841782847817,-0.005938655742451512
9,0.0,16.3343628000854,0.0,0.004901502062979755,0.7090394453768731,0.006002922824679767,0.38714372609299663,-0.002356182172312128
10,0.0,11.520510160556459,0.0,0.0005754508672771237,0.4527046882955499,0.016313133654585296,0.4068120147537626,0.0032446125757570987
11,0.0,8.730875360468021,0.0,0.004862514726168895,0.8443991298029998,0.008130903405686162,0.5380881492685337,0.004710499824735818
12,0.0,13.407875623699866,0.002953852601428763,0.013678987511895089,0.29841906719411254,-0.013319826140843977,0.4661874246462073,-0.0006985979649381207
13,0.0,9.98088779652627,0.0,0.0067959519194030526,0.5494371162336859,0.0022618955710509365,0.49116233212245086,0.00018955009585859637
14,0.0,10.95969843682836,0.003733217900328135,0.004706083743853612,0.4131245107915319,-0.0013193805411462526,0.46775098572317514,-0.0002631290952428583
15,0.0,0.9012689763156936,0.0,0.0018808338216844604,0.7740687326501682,0.020768577071850466,0.559646309801273,0.006046382754885139
16,0.0,4.324815002722722,0.021240060577277772,0.008892940773104206,0.26521975465818387,-0.0071102273622568775,0.4713183432583462,0.0020993997197425343
17,0.0,1.289156466650689,0.0004340074727776342,0.004917862752860693,0.6391391897781906,0.008000327600302146,0.5216645972142995,0.0038696780839104173
18,0.0,1.4183093754015084,0.0,0.0070965175492623865,0.4013900538421016,-0.0026171798547922807,0.4855822342026401,0.0019236207022996078
19,0.0,3.2696257895612266,0.09567752230047695,0.01126380603077149,0.2745163365302823,-0.007967974729501915,0.42226246490093267,-0.001043857927240849
20,0.0,0.627302034602779,0.0009745752572769129,0.005618220557153369,0.41928102767326264,0.005392722296027035,0.42136803373263165,0.0008871161397395164
21,0.0,1.9256264116811566,0.019974219522388436,0.005450901942342297,0.211241224942394,-0.0016544536171932155,0.3583299910955603,0.00012464521265969676
22,0.0,4.3167103904466835,0.0,0.008126547881830159,0.39120558905437647,-0.005910697818517665,0.36819267048320514,-0.0016859576966935116
23,0.0,2.115040297354673,0.0,0.004531283947225179,0.5727527682102207,0.004527222168116733,0.4295606998013098,0.00017799626274956184
24,0.0,3.5622965180239756,0.10860604613817984,0.005888377472024336,0.31955490616602633,-0.0012663277032865382,0.39655896171072474,-0.0002553009270612682
25,0.0,6.480157875245543,0.015062662146879546,0.008103787088275756,0.3296453359812968,-0.0062536530626148374,0.37648487399189634,-0.002054806567727339
26,1.443686853926398,22.528712398661312,0.2653449326126047,0.03308293318443873,-0.2547170529766159,-0.03308293318443873,0.18712429590134266,-0.011363244552740756
27,0.0,25.659569190690956,0.0,0.008056267153678296,0.40574563759691734,-0.003908726285648248,0.25271069841001503,-0.009126889072613002
28,0.0,31.531062356496296,0.0,0.00572325073780701,0.5717069867064987,-1.5277308297295854e-05,0.3484095848989601,-0.006393405543318289
29,0.3196788306214131,46.394710125059035,0.2073677975635683,0.021192364836228928,-0.1423051788729225,-0.021192364836228928,0.20119515576739533,-0.010833093331191479
30,0.0,54.45534633264476,0.04522138647756099,0.010235502618708526,0.06660236648234376,-0.009681815769380727,0.16081731898187984,-0.010487710062648252
31,0.0,59.776238854707955,0.0,0.0036950802826437993,0.44685912519604803,0.0006362673849698149,0.24662986084613026,-0.0071505168283628314
32,0.0,68.91262470757499,0.0004553693345490983,0.010863696348959773,0.4910684597413029,-0.007811501010365961,0.319961440514682,-0.007348812082963769
33,0.2137140808118465,82.9231230340609,0.25379521948555284,0.02143388264717752,-0.22937518851287952,-0.02143388264717752,0.15516045180641352,-0.011574333252227894
34,0.0,95.37637756777234,0.176743443436182,0.019086015639093526,-0.10637989617028064,-0.017807003806635427,0.07669834741340527,-0.013444134418550153
35,0.0,105.72407084944798,0.0,0.010338853459958832,0.330248307314355,-0.008940924931647276,0.1527633353836902,-0.01209317157247929
36,0.0,121.49709368228855,0.011315067205307174,0.01923724299837428,0.3025703051197441,-0.018352275400241456,0.19770542630450635,-0.013970902720807938
37,0.0,131.65930361656015,0.15438232748320774,0.009511012420174563,-0.01727864490559509,-0.007992096028366197,0.13321020494147592,-0.012177260713075415
38,0.0,135.76695182098405,0.0,0.002794872972177895,0.26222452768784316,0.006502809104669949,0.17191450176538609,-0.006573239767751806
39,0.0,147.93026955340233,0.07661938618945408,0.01344113358064484,0.013860863787897233,-0.012381713709428189,0.12449841037213942,-0.00831578195025472
40,0.0,146.74263188233036,0.0,0.0009982836390882964,0.2745236082801413,0.009667860820735326,0.16950596974453996,-0.002920689118957706
41,0.0,149.2068600072636,0.00010149151848574424,0.003156479017906321,0.47607997681878567,0.003650159651194301,0.26147817186681366,-0.0009494344879121036
42,0.0,154.33624716302026,0.11378143523636117,0.01213017414756324,0.005793824407387451,-0.0076042789719157735,0.1847728676289858,-0.002945887833113204
43,0.0,156.6095817793985,0.0796818839671586,0.012042975863986607,0.24783883693178066,-0.003624374199499844,0.20369265841982426,-0.003149433743029196
44,0.0,164.0532672226723,0.04318423748640254,0.013331342823503322,0.11092008017586165,-0.012307818441367942,0.1758608849466355,-0.00589694915253082
45,0.0,163.81510862745083,0.0,0.003072221719953745,0.4500678769990452,0.004022530103722304,0.2581229825623584,-0.002921105375654882
46,0.0,173.23166757864072,0.05863413559836494,0.014402847589814098,0.2556174930171215,-0.013353463057107062,0.25737133569878734,-0.006050812680090535
47,0.0,175.95714059830965,0.00027968812917925366,0.006858505803367499,0.31573378563172616,-0.002383133496332641,0.27488007067866893,-0.004950508924963166
48,0.0,192.8981143793469,0.24435998788947685,0.028784494296859857,-0.19866121101015938,-0.028784494296859857,0.13281768617202044,-0.012100704536532173
49,0.0,192.12016760931996,0.0,0.0041839122904584825,0.4952593770178466,0.007281698590081544,0.24155019342576828,-0.006285983598548058
50,0.0,202.00903048691936,0.03361848110874531,0.008632927665546146,0.2659557051404098,-0.007734981119504859,0.24887184694016073,-0.006720682854835097
51,0.0,211.8121175918286,0.02667250204412509,0.013924475855533833,0.313674206480307,-0.013595170101121866,0.2683125548022046,-0.008783029028721127
52,0.0,222.55517477940273,0.20495867069625068,0.015015505993770625,-0.17028381864295528,-0.015014698290796234,0.13673364276865665,-0.010652529807343658
53,0.0,227.0201484291437,0.0,0.004235180058608715,0.5025296082430681,0.0002908155432635209,0.2464724324109801,-0.007369526202161504
54,0.0,235.5491042621744,0.0095368998348655,0.00904620249623117,0.40541174570176663,-0.00636520917774098,0.29415422639821603,-0.007068231094835346
55,0.0,246.31200722377372,0.033548885195178305,0.01523063039085235,0.06652994030828521,-0.014451615080462218,0.22586694057123677,-0.009283246290523406
56,0.0,248.63851518960715,0.029679838049737547,0.0007469737835999748,0.19595423365115222,0.0029026510570723508,0.21689312849521142,-0.005627477086244679
57,0.0,267.55654994461844,0.16255181818888853,0.02950804597505147,-0.1150173644081297,-0.02950804597505147,0.11731998062420908,-0.012791647752886715
58,0.0,288.2466534135777,0.19308883890921827,0.03670944160578996,-0.13627852033152305,-0.03670944160578996,0.04124043033748944,-0.019966985908757687
59,0.0,297.07156430208505,0.013107157449734,0.009086591945930356,0.3518712380664029,-0.0042286401956017445,0.13442967265616348,-0.015245482194810903
60,0.0,316.15991251908815,0.23906428508308375,0.01833322003901687,-0.22823533587254619,-0.01833322003901687,0.025630170097550586,-0.01617180354807269
61,0.0,327.6926976304813,0.07572665865743598,0.009239836517687453,0.20052414640573366,-0.007472099881304533,0.0780983629900055,-0.013561892448042243
62,0.0,344.73730633069584,0.008283628486830837,0.018098893910869593,0.21134157135275308,-0.018098893910869593,0.11807132549882976,-0.014922992886890446
63,0.0,356.4604217847054,0.031136402822872642,0.01216264571999786,0.21256087512271485,-0.009674394525522064,0.14641819038599527,-0.01334841337847993
64,0.0,371.18668336243803,0.0,0.0146015375451942,0.2385022814235262,-0.014578743472328863,0.17404341769725454,-0.013717512406634609
65,0.0,380.53817364450134,0.010369003258326598,0.010222160581951446,0.40789552901638265,-0.005006111134772147,0.24419905109299295,-0.01110409202507587
66,0.0,393.34222540833014,0.030157958389771457,0.011942909065064263,-0.004617293469836925,-0.011923361916687391,0.16955414772414396,-0.011349872992559325
67,0.0,411.2557838768808,0.1372790943277854,0.02528023957533648,-0.021640251643443964,-0.02528023957533648,0.11219582791386758,-0.015528982967392472
68,0.0,423.4073894398886,0.005377146660391484,0.01342475027679714,0.2843444673498614,-0.012846019598709039,0.16384041974466573,-0.014724093956787442
69,0.0,438.5386880216935,0.01842537842721495,0.01473401087286009,0.29236657940206,-0.01473401087286009,0.202398267641884,-0.014727069031609235
70,0.0,446.3178173205164,0.0,0.008220960119880787,0.4118687865993638,-0.0002552936245772551,0.2652394233291279,-0.010385536409499642
71,0.0,461.64000363779616,0.07320575694329158,0.016147793902677305,0.036776305506966256,-0.016147793902677305,0.1967004879824794,-0.01211421365745294
72,0.0,470.718647370184,0.02557504726981728,0.010764304690059767,0.22410743760873614,-0.007590815113518779,0.20492257287035642,-0.010757194094272692
73,0.0,488.784731141374,0.1744218657988758,0.024570485542871,-0.12402372865007637,-0.024570485542871,0.10623868241422657,-0.014901181528852184
74,0.0,494.9108605647208,0.0,0.005023694345149563,0.3472921466689287,-0.0009364765534028909,0.17855472169063719,-0.010711770036217394
75,0.0,515.6636958032744,0.2924336514211754,0.027266685569589978,-0.25097213228344095,-0.027266685569589978,0.04969666549841373,-0.01567824469622917
76,0.0,522.3716149111767,0.04672269431603209,0.006553752477385743,0.25017535905798266,-0.00216347749139365,0.1098402735662844,-0.011623814534778513
77,0.0,534.3453662665157,0.007092460190695682,0.013422822921921469,0.4114711567616801,-0.008129484826101761,0.2003295385249031,-0.010575515622175487
78,0.0,540.8481775981296,0.0,0.005894842200177903,0.46902046371431816,-0.0009987369828774433,0.2809368160817276,-0.007702482030386073
79,0.0,547.1359061081038,0.06236430354707637,0.007845823724887324,0.16367651659129698,-0.0017623355380805466,0.2457587262345984,-0.005920438082694415
80,0.0,551.6870445178338,0.00553327829821749,0.008568032480716584,0.30913453044209516,-0.0012114346518397761,0.26477146749684743,-0.004507737053438023
81,0.0,556.866691920195,0.000691413120854776,0.009136362365777648,0.338079332541695,-0.004435986708219057,0.2867638270103017,-0.004486211949872333
82,0.0,562.2475788543585,0.0,0.0068103599577152485,0.38483756859258494,-0.0063276961842649694,0.31618594948498663,-0.005038657220190123
83,0.0,563.2134746087677,0.0041097175537486205,0.005360317528758072,0.2316997179095059,0.002870798676939328,0.2908400800123424,-0.0026658204510512876
84,0.0,573.0663906657746,0.016620838293469484,0.017265717407396887,0.14433609057913818,-0.015167231328939311,0.2468888831823811,-0.006416243714417695
85,0.0,572.6977270466219,0.010493237195390595,0.005731741316617644,0.5527734811948005,0.0038122889978471574,0.3386542625861069,-0.003347683900738239
86,0.0,574.5843507296718,0.0,0.0038549667991741635,0.5042844009903826,0.002892608025362049,0.3883433041073896,-0.0014755963229081525
87,0.0,578.5448621292471,0.048299899389846974,0.008652419801381222,0.1220707022787646,-0.0047024115057250635,0.3084615235588021,-0.0024436408777532255
88,0.0,589.7071578281524,0.14102472307934558,0.02161588483311696,0.08478492696773633,-0.02161588483311696,0.24135854458148234,-0.008195314064362346
89,0.0,591.5706924823221,0.015937302341559902,0.004602088048063043,0.1284513443347923,-0.0009954331958456303,0.20748638450747534,-0.006035349803807331
90,0.0,601.9479399602843,0.023255156245827423,0.016030191374306293,0.32786996966917237,-0.012831007186885224,0.24360146005598443,-0.008074047018730698
91,0.0,604.3781258915963,0.012261532927836884,0.0019719723679920346,0.1858708006127037,0.0015603539811800465,0.22628226222300019,-0.005183726718757474
92,0.0,610.0902350150467,0.019106485468271164,0.004628824566583971,0.17979469479477572,-0.0032737730827291124,0.21233599199453285,-0.004610740627948966
93,0.0,616.5584551430314,0.0013040290419116614,0.009721142730691456,0.4858101358260131,-0.00788362907509824,0.2943782351439769,-0.005592607162093748
94,0.0,622.7646611657171,0.01084287276572038,0.011737574391422138,0.3252077529578338,-0.007893715761394278,0.3036270904881339,-0.006282939741883906
95,0.0,631.7408357539517,0.0,0.013260317736450233,0.22662814409961424,-0.012612942109062837,0.280527406571578,-0.008181940452037585
96,0.0,632.40080637983,0.0,0.0060890028540708735,0.50724080589663,0.005510704279384248,0.3485414263690936,-0.004074147032611035
97,0.0,638.6766664008017,0.0010516839188295622,0.0076309064443327405,0.3946104994723808,-0.004382097613126161,0.36236214830007973,-0.004166532206765572
98,0.0,647.0357595302654,0.07643338706363198,0.014094521605070673,0.06763623451162681,-0.012997268685464417,0.27394437416354384,-0.006815753150375225
99,0.0,650.2097356376379,0.0009467419675918211,0.0041859205095670935,0.1449758387414513,-0.001988322793712867,0.23525381353691605,-0.005367524043376517
100,0.0,655.8496829250491,0.0,0.0056965185005350815,0.3113723005365982,-0.004426500481991767,0.25808935963682067,-0.005085216974961092
101,0.0,660.0535048541414,0.0006600539901128375,0.0055244407210397655,0.36558888995090966,-0.0029549074331349304,0.29033921873104734,-0.004446124112413243
102,0.0,670.4622424253129,0.06968691129513106,0.016202513753005583,0.06421961441011295,-0.016202513753005583,0.22250333743476702,-0.007973041004590944
103,0.0,670.9849600393686,0.009400061986033215,0.0024356589269715185,0.4360191424535825,0.0038745942963388726,0.28655807894041163,-0.004418750414311999
104,0.0,671.0862377390135,0.0,0.0013954814337172028,0.43840289395006393,0.00827837043945149,0.3321115234433073,-0.0006096141581829525
105,0.0,676.1987811697691,0.06278717892771575,0.009981045645494803,0.22506396177078375,-0.0060228665425748175,0.2999972549415502,-0.0022335898735005117
106,0.0,684.4787330787607,0.036060090146347215,0.016521818817562713,0.20524508736453628,-0.016521818817562713,0.271571604668446,-0.006520058556719172
107,0.0,686.7772486314689,0.0,0.004086096078762276,0.32605041080777014,-0.002190248843382433,0.2879152465102432,-0.00522111564271815
108,0.0,696.6162634861888,0.0,0.013659491153010971,0.31785288382911425,-0.013488673465637622,0.2968965377059045,-0.0077013829895939915
109,0.0,697.6492563113306,0.0,0.00229978453826114,0.45078165034656903,0.003607484700019128,0.34306207149810386,-0.004308722682710055
110,0.0,703.7604607690848,0.0,0.006325902475851547,0.5105153832365656,-0.004529871894381224,0.3932980650196424,-0.004375067446211405
111,0.0,707.7508953400852,0.02917779017062034,0.008977004318767731,0.24027932391251688,-0.0036428580848358893,0.3473924426875047,-0.00415540463779875
112,0.0,710.0743420930494,9.729403660527367e-05,0.003414454078838916,0.3118206550008213,-0.00011001028563009037,0.33672090638149965,-0.0029417863321481524
113,0.0,714.1456070528558,0.11188718739563804,0.007549527590791494,0.21512653241517904,-0.0040306810713834846,0.30024259419160343,-0.0032684547539187517
114,0.0,714.1681229850037,0.02543204483811685,0.005446520425379548,0.2802863095689504,0.0031536381854259834,0.2942557088048075,-0.0013418268721153309
115,0.0,715.4479600484211,0.0,0.002861423397117895,0.45576171901206847,0.0007942226062172279,0.3427075118669858,-0.0007010120286155633
116,0.0,722.5656548222968,0.07363895911197912,0.013604412382073796,0.1553669163290666,-0.01340158561926172,0.28650533320561,-0.00451118410580941
117,0.0,726.5448735410009,0.005996123306232999,0.008571227335240347,0.238941099870213,-0.007371852129750294,0.2722360632049909,-0.005369384512991675
118,0.0,731.5001095212922,0.08345276750244639,0.011654710246166282,0.09077912306797627,-0.005400533827347522,0.2177989811638865,-0.0053787293072984285
119,0.0,742.1748720222446,0.03556347412450699,0.0173293534904668,0.23220225866377192,-0.01642186595481369,0.22211996441385212,-0.008691670301553007
120,0.0,755.8085407319879,0.023834353600254547,0.02243848052096457,0.07901184156935372,-0.02243848052096457,0.17918752756050257,-0.012815713367376476
121,0.0,764.7296746097514,0.06863998072406043,0.009224977532414773,0.04204774186302967,-0.008997884290915569,0.1380455918512607,-0.011670364644438203
122,0.0,770.5119039148994,0.028476073756393775,0.005506507363495535,0.1247680110338311,0.001789655565476767,0.13406231760603182,-0.007632358581463711
123,0.0,785.3169588476079,0.05933469597975672,0.018369219664291694,0.026855840966649083,-0.018369219664291694,0.101900374614217,-0.010853416906312106
124,0.0,793.8731925926066,0.12772557670391085,0.010216712691487303,0.018850523776211697,-0.009422887741959818,0.0769854193628154,-0.010424258157006419
125,0.0,804.2099817485416,0.014380710941126588,0.012864274544268304,0.2200078773754429,-0.00979499070758078,0.11989215676660364,-0.010235477922178727
126,0.0,810.803811523025,0.013194281810172258,0.008015331215780566,0.3959319343239172,-0.0024520648698680525,0.2027040900337977,-0.007900454006485525
127,0.0,811.2120774797527,0.007029418191647015,0.0004894994796214976,0.3856962157541028,0.01014058767602386,0.2576017277498892,-0.002488141501732709
128,0.0,822.1508303988109,0.1762103220524282,0.015009720048763107,-0.03970690094399959,-0.014455756428709998,0.16840913914172256,-0.006078425979825895
129,0.0,830.2425079850019,0.12862609774685335,0.014358074815291296,0.13521745823422798,-0.01401257982443356,0.15845163486947417,-0.008458672133208195
130,0.0,839.0233493836829,0.0825283724300108,0.012001944931469352,0.2094398513791041,-0.011609281179383034,0.17374809982236314,-0.009403854847060647
131,0.0,850.7168371605552,0.004587650897178248,0.015166178572860936,0.2283396091393614,-0.015158488777764654,0.1901255526174626,-0.01113024502627185
132,0.0,859.386204678409,0.025809806449276027,0.00977294429062076,0.0888111237539998,-0.007801739987079119,0.15973122395842373,-0.01013169351451403
133,0.0,869.5371326537014,0.03687852161467097,0.009722882100297639,0.2532772979961117,-0.009131607483054622,0.18779504616973014,-0.009831667705076206
134,0.0,876.4135169023403,0.0,0.0051362280167474485,0.41179139760050876,-0.003362300286000996,0.2549939515989637,-0.007890857479353643
135,0.0,877.9416762660951,0.016205623870147158,0.0025493792306584854,0.3372970914276152,0.007386440913271828,0.27968489354755915,-0.003307667961566001
136,0.0,880.6685677262719,0.0005372056668985168,0.006001834676680962,0.6027539368557079,0.0026764388306902425,0.37660560654000375,-0.0015124359238891279
137,0.0,889.8088887861987,0.009506945010735509,0.015533829918054262,0.224691679360716,-0.015533829918054262,0.3310314283862174,-0.005718854122138668
138,0.0,894.7914724628032,0.0006294515243604416,0.010675608364303237,0.35844065659727004,-0.008566642983785714,0.3392541968495332,-0.006573190780632781
139,0.0,903.5898807841958,0.07534315278212811,0.012100751023563179,0.11952885514906944,-0.012098994676480538,0.27333659433939406,-0.008230931949387107
140,0.0,901.6282692977078,7.865498803639652e-05,0.0017556971287138261,0.3984348320215109,0.011276719824567096,0.3108660656440291,-0.0023786364172008463
141,0.0,910.7119387299832,0.016178213361074927,0.011010355168032978,0.34630181670908866,-0.01025131401924545,0.32149679096354694,-0.004740439697814227
142,0.0,909.0129886736282,0.0,0.0031202699227302795,0.6290930841937995,0.006214743872732512,0.4137756789326227,-0.0014538846266502054
143,0.0,908.5582988127271,0.0007945757393032066,0.00034673869060289396,0.3880827365069713,0.005945807088210841,0.4060677962049272,0.0007660228878081086
144,0.0,915.1679788238989,0.15554131300976276,0.013601701342189928,0.07416763435925838,-0.012287621157506015,0.30649774765122656,-0.0031500703257861286
145,0.0,923.0098621863386,0.00011331397998496635,0.017003944582975085,0.4129208425917461,-0.017003944582975085,0.3384246761333824,-0.007306232602942815
146,0.0,929.2753294643836,0.08104700279713198,0.009566080238666607,0.2068750075471442,-0.009467307214777121,0.2989597755575109,-0.007954554986493107
147,0.0,939.7933454741097,0.0,0.014330225765408667,0.35346043061045024,-0.013970434601093509,0.31530997207339273,-0.009759318870873227
148,0.0,938.5288589012334,0.0,0.0021227012706686887,0.6625805540669774,0.011326980090709047,0.4194911466714681,-0.003433429182398545
149,0.0,944.9122459086235,0.07080509844989878,0.0054772434640548845,0.0518303359690283,-0.002989706225636379,0.30919290346073613,-0.003300312295369895
150,0.0,951.9820646463108,0.16304508726154032,0.011020549290625799,-0.11675409994284952,-0.011014787292876433,0.18140880243966043,-0.005614654794621856
151,0.0,954.8452787098454,0.0065732645911766455,0.005656265703326675,0.19812900194266303,-0.002293260041577537,0.18642486229056118,-0.00461823636870856
152,0.0,966.7145607584326,0.011956410978434005,0.018686645674795773,0.2577225611752548,-0.018686645674795773,0.20781417195596927,-0.008838759160534723
153,0.0,972.4434119404175,0.006850111279525538,0.010640084484504438,0.39447702416529135,-0.0067561621133747,0.26381302761876585,-0.008213980046386715
154,0.0,981.6026711496502,0.004895020524962988,0.00981118934212943,0.3178012729126618,-0.009532500058411872,0.28000950120693463,-0.008609536049994261
155,0.0,990.0110323288526,0.04062748738977732,0.010417582798656488,0.16639857988823978,-0.008602459239602105,0.24592622481132614,-0.008607413006876613
156,0.0,998.2378349363333,0.0,0.01026573903027966,0.4647682461097791,-0.007812263171554633,0.31157883120086205,-0.008368868056280019
157,0.0,1010.7921853293653,0.0,0.01719092445009752,0.34492800186353906,-0.016840138600975187,0.3215835823996651,-0.01091024921968857
158,0.0,1023.9396168519884,0.05768308140536162,0.01821831772935242,0.021232761436419632,-0.01821831772935242,0.23147833611069146,-0.013102669772587724
159,0.0,1040.0536789677979,0.012744658916293462,0.021660175230236122,0.33164433934469595,-0.021660175230236122,0.2615281370808928,-0.015669921409882243
160,0.0,1047.1168474388023,0.05301669697966663,0.0059144253230374215,0.4518232894140015,-0.0004134065760688894,0.3186166827808254,-0.011092966959738236
161,0.0,1067.3740027651797,0.1048266602289414,0.025627902328190195,0.0412317146517386,-0.025417365171336366,0.23540119234209933,-0.015390286423217674
162,0.0,1073.5564847243538,0.01828333468918754,0.003903235402979999,0.18778645589318854,-0.0006837348975843674,0.22111677140742608,-0.010978320965527682
163,0.0,1085.9421811037591,0.1000749980410805,0.010576701724288115,0.22277043275746747,-0.009314555726012688,0.2216128698124385,-0.010479191393673183
164,0.0,1089.1680976044452,7.99552250739591e-06,0.0063779318021703136,0.39551513513953,0.00515172460406508,0.27378354941056593,-0.005789916594351704
165,0.0,1098.7653766534563,0.035172753505478056,0.010915966973982874,0.11519886708875628,-0.008837260458931663,0.226208144714023,-0.006704119753725691
166,0.0,1112.5349855584002,0.010727384256534099,0.022545956124390476,0.05341404486579295,-0.02237618377644505,0.174369914759554,-0.011405738960541499
167,0.0,1116.2829020191637,0.022773362575915987,0.0047446619330380165,0.2441533352635013,-0.00034946209310363015,0.19530494091073816,-0.008088855900310138
168,0.0,1127.3261510765572,0.07407418187120582,0.010791696931102438,-0.006163606805727976,-0.010788755123159483,0.13486437659579834,-0.00889882566716494
169,0.0,1128.8523778291967,0.00026730066581259277,0.002709913401459463,0.3851422804513462,0.0056170368976224344,0.20994774775246267,-0.0045440668977287275
170,0.0,1130.6570462384975,0.0,0.003992345473625054,0.5133304145719184,0.005699220337992138,0.30096254779829934,-0.0014710807270124674
171,0.0,1139.2437618037377,0.0699506118765814,0.013107412662109219,-0.03157750724618224,-0.013094292712157521,0.20120053128495485,-0.004958044322555984
172,0.0,1143.3893836180341,0.00026730066581259277,0.007580225223045741,0.2605769129891144,-0.00689775117570645,0.2190134457962027,-0.005539956378501123
173,0.0,1146.844883167445,0.023360600109202354,0.005448588428180562,0.26440296576769745,-0.001803496376172799,0.2326303017876511,-0.004419018377802625
174,0.0,1150.5048180873455,0.015476241152437098,0.00661623802032127,0.2556615367007147,-0.00166995075644581,0.23953967226157014,-0.0035942980913955805
175,0.0,1153.4860246520645,0.0,0.007159543702135903,0.4094407450598332,-0.0014579404458118811,0.29050999410104905,-0.0029533907977204706
176,0.0,1161.6518855762474,0.070321027534966,0.013147841729887061,-0.018473938448445405,-0.013145091796939306,0.1978148143362007,-0.006010901097486121
177,0.0,1169.886958544436,0.01738057458803785,0.014711084479335442,0.22192724676496206,-0.013829499057038895,0.20504854406482909,-0.008356480485351953
178,0.0,1171.1516578709452,0.0,0.0062039120713793085,0.5976075399574108,0.003974751733210713,0.3228162428326036,-0.004657110819783153
179,0.0,1176.9338470612502,0.0,0.005292356811774409,0.41102655211769706,-0.0031475140234032274,0.3492793356181316,-0.004204231780869175
180,0.0,1180.487167758126,0.0025622923163736372,0.0064456522166557945,0.43573331510503865,-0.0023764180236804018,0.3752155294642037,-0.003655887653712543
181,0.0,1188.417239729598,0.0,0.012665788101986613,0.47924417165647404,-0.011989246516590085,0.4064241221218848,-0.006155895312575805
182,0.0,1192.114847185166,0.05717566106877195,0.008256885328379792,0.32676291454472484,-0.00363863692179213,0.38252575984873677,-0.005400717795340702
183,0.0,1204.4357709358624,0.037847613966124655,0.019040571739001057,0.23103233956772665,-0.01903117028854567,0.33707773376443373,-0.009489853543302193
184,0.0,1209.5447989517074,0.04090943367987633,0.0066405485329565726,0.12969446098182996,-0.004622650098559702,0.2748627519296526,-0.008029692509879446
185,0.0,1220.966887218483,0.11375824609181139,0.013576182593597766,-0.08678603716323063,-0.013576182593597766,0.16636811520178763,-0.009693639534994941
186,0.0,1226.5018717200953,0.023084052097620676,0.008150559453588268,0.3391835595316419,-0.0027630530332761975,0.2182127485007439,-0.0076144635844793175
187,0.0,1223.8190705603447,0.005646118549851188,0.0010661105325330106,0.3348232769928545,0.016003979581119807,0.2531959070483771,-0.0005289306347995805
188,0.0,1238.0698952089128,0.22876360862339848,0.021735446340901243,-0.14931259764693364,-0.021735446340901243,0.13244335563978385,-0.006890885346630079
189,0.0,1237.1279168538526,0.0016308105794947047,0.004335463208015011,0.4461524774047232,0.0028005445404014947,0.22655609216926564,-0.003983456380520606
190,0.0,1253.9958821611551,0.17249446193959322,0.02781989871004082,-0.09100548420721882,-0.027797611471619233,0.1312876192563203,-0.011127702907850194
191,0.0,1261.3487361685477,0.003024677210698799,0.010742206991643266,0.39207050310988084,-0.010705357831197956,0.20952248441238844,-0.011000999384854522
192,0.0,1275.3272711024586,0.18906047767187822,0.01771141986263314,0.04421721684746571,-0.0170722156089351,0.1599309041429116,-0.012822364252078694
193,0.0,1282.247441543524,0.014214208723172762,0.010078644621835463,0.5306865165026549,-0.0024233822158260233,0.27115758785083455,-0.009702669641202892
194,0.07823769315222417,1301.0836678377311,0.2460191543987473,0.0255674896971536,-0.23601285773463151,-0.025481230781966447,0.11900645417519472,-0.014436237983431958
195,0.0,1307.5174561139247,0.0,0.005976553081971661,0.5083070383345754,-0.0026952681165066466,0.23579662942300889,-0.010913947023354364
196,0.0,1318.269588904491,0.05810407490149859,0.007985470904973691,0.10277844181083028,-0.006907780954965435,0.19589117313935528,-0.009712097202837685
197,0.0,1332.639682917883,0.0258337704421993,0.018180531996930024,0.03800755845372993,-0.018164330328454072,0.14852608873366765,-0.0122477671405226
198,0.0,1342.0692844127339,0.05840049619675364,0.009347674471386624,0.14598804458292325,-0.009017911563794896,0.14776467548844432,-0.011278810467504287
199,0.0,1356.2163159753768,0.06594613360745645,0.016244941214648576,0.12799740038385998,-0.016244941214648576,0.141834492957069,-0.012768649691647573
200,0.0,1368.874196553452,0.01029963566876719,0.014246756217323428,0.18102805545870718,-0.014089796563521157,0.15359256170756044,-0.013164993753209647
201,0.0,1375.132175060306,0.09498035873075172,0.003603895036013567,0.10849432767994177,0.0008117629459034896,0.14006309149927484,-0.008971966743475704
202,0.0,1397.4843351518693,0.10741023251373376,0.032479633083518325,0.01618923318453063,-0.032479633083518325,0.10290093400485158,-0.01602426664548849
203,0.0,1406.5074715773835,0.029092711981623495,0.008784724418471987,0.2610789660661857,-0.008784724418471987,0.15035434362325178,-0.01385240397738354
204,0.0,1422.358993438525,0.0709001844630765,0.015912701562403986,0.08105372809455724,-0.015754875955936495,0.1295641589646434,-0.014423145570949425
205,0.0,1438.1121909958827,0.12186569599700144,0.018111533151509006,0.033232281515577354,-0.017788609702598053,0.10066459572992359,-0.015432784810444012
206,0.0,1453.5350292061828,0.15988754053687576,0.017253756324757626,0.057034830808016204,-0.016463770267951025,0.08757566625335136,-0.015742080447696115
207,0.0,1459.8706354291269,0.0,0.005966084636398112,0.6063554775824865,0.0035325578983996407,0.2432096096520919,-0.009959688943867388
208,0.0,1472.1272844728558,0.12557336361235347,0.008769772748724439,0.15458157054684324,-0.008721698002090873,0.2166211979205173,-0.009588291661334434
209,0.0,1489.851619710905,0.06908982377897958,0.026151510276851912,0.01756981187470753,-0.026151510276851912,0.15690578210677436,-0.014557257245989677
210,0.0,1498.9974579413083,0.017640377480521705,0.009983374437808933,0.2147140837320867,-0.008459473447534198,0.17424827259436804,-0.012727922106453033
211,0.0,1506.8086227359718,0.033414839239937814,0.006471328859745421,0.3208597170958935,-0.0005791202698742461,0.21823170594482566,-0.009083281555479397
212,0.0,1507.3139504755168,0.0,0.0007216267123804332,0.4830682955313718,0.012583956134981165,0.29768268282078947,-0.0025831102483412282
213,0.0,1520.1902102865563,0.10818590713648814,0.017256160059026204,-0.07222869718529294,-0.017256160059026204,0.18670926881896474,-0.00698502519154672
214,0.0,1522.8557880789742,0.011315067205307174,0.007780717975016176,0.3792316874378377,-0.0025715045092012754,0.24446599440462663,-0.005660968986843086
215,0.0,1531.9322792640003,0.006081100571324668,0.013222933397462396,0.2979292723482931,-0.011397415019824535,0.2605049777877265,-0.007381902796737521
216,0.0,1538.9041374862634,0.19730876374956158,0.008357859344584379,-0.047753523408531104,-0.008320282651889534,0.16802742742884924,-0.007663416753283124
217,0.0,1547.410491984013,0.0745921910560655,0.011985770144821547,0.36480745633697853,-0.009712780758989561,0.22706143610128804,-0.008278225954995055
218,0.0,1549.9692494656942,0.0,0.003668121906746391,0.6391959816753402,0.002996907112625205,0.3507017997735037,-0.004895686034708977
219,0.0,1569.5213221211634,0.15994977984745604,0.03190634574432801,0.03369301120020513,-0.03190634574432801,0.2555991632015141,-0.012998883947594686
220,0.0,1580.5480799999116,0.06794589693295584,0.017792202074192486,0.06985173314230242,-0.017331119130086843,0.1998749341837506,-0.014298554502342332
221,0.0,1591.4533477387952,0.03203598996793295,0.009599499535723817,0.12656177101679383,-0.008583030572999185,0.17788098523366358,-0.012583897323539386
222,0.0,1600.4226121937631,0.0,0.006514887537370505,0.5069686759552372,-0.0032673109527623146,0.27660729245013566,-0.009788921412306265
223,0.0,1617.261594725083,0.15531163001154455,0.021565115502716392,0.1103523954825747,-0.021565115502716392,0.22673082335986736,-0.013321779639429302
224,0.0,1630.351462315962,0.07144876910343811,0.016540127512426245,0.11982640725319971,-0.016518690191536234,0.19465949852786704,-0.01428085280506138
225,0.0,1642.411221328926,0.06319860135571495,0.010842847719579392,0.13061785442178894,-0.010652608619058646,0.17544700529604362,-0.01319237954926056
226,0.0,1660.699695606626,0.030103185561724352,0.022675417258717055,0.3084833381287988,-0.022675417258717055,0.21535790514587017,-0.016037290862097507
227,0.0,1663.6116860795235,0.0,0.0012269658483466525,0.4553939962621697,0.008343635664530741,0.28736873248076,-0.008723012904109031
228,0.0,1673.001810776088,0.0,0.006388762860917601,0.6934224479514826,-0.0024937895988197873,0.4091848471219768,-0.0068542459125222575
229,0.0,1678.2991715015219,0.0009745752572769129,0.00655492601024308,0.3818283961863352,-0.0016641028231856232,0.4009779118412843,-0.005297202985721267
230,0.0,1687.038242542103,0.010429646417444935,0.012398466984768127,0.1207639985187249,-0.010845841717928172,0.3169137378445165,-0.0069617946053833375
231,0.0,1696.3993197862508,0.036461834044644835,0.013754010894970161,0.3220482426223312,-0.013694249706623968,0.3184540892778609,-0.008981531135755526
232,0.0,1708.2683999436672,0.029458769902255294,0.017102996141354555,0.10654091141980791,-0.017101150483353596,0.25488013592044495,-0.011417416940034945
233,0.0,1716.6761514709153,0.022359168739396175,0.012160891953180448,0.3582911688652849,-0.007684661709519962,0.2859034458038969,-0.01029759037088045
234,0.0,1730.1092711038696,0.10696275643311243,0.015663456990664407,-0.0590253361563673,-0.015663456990664407,0.18242481121581763,-0.011907350356815637
235,0.0,1748.0956504143996,0.19298127209710406,0.026248827329070232,-0.12124937317349616,-0.026248827329070232,0.0913225558990235,-0.016209793448492014
236,0.0,1747.3252273453302,0.0,8.022397834783061e-05,0.476415424541374,0.014683946075931546,0.20685041649172864,-0.006941671591164946
237,0.0,1757.9152583120497,0.0,0.008241955593625061,0.3840375548346003,-0.004888126688854619,0.2600065579945901,-0.006325608120471848
238,0.0,1765.8403166421083,0.0091016467216013,0.010562031869018718,0.33302479198821855,-0.009016063275138807,0.28191202819267863,-0.007132744666871935
239,0.0,1771.9679703378122,0.0,0.009620454688606136,0.7403289070636102,-0.005879572379438942,0.41943709185395806,-0.0067567929806420365
240,0.0,1786.1593216548297,0.149734821809626,0.02185383984160121,-0.09874451318590556,-0.02185383984160121,0.263982610341999,-0.011285907038929788
241,0.0,1790.44109486919,0.014086743472178552,0.008572437174476484,0.40521915174673284,-0.0014117887151262954,0.3063535727634191,-0.008323671541788738
242,0.0,1805.7091925164384,0.10361263604913108,0.01982417481258538,0.034025731756586845,-0.01970556395197413,0.22465522046136943,-0.011738239264844356
243,0.0,1806.7437217293095,0.0,0.002291240173110698,0.6151700540254492,0.0070043152985832715,0.34180967053059336,-0.006115472895816067
244,0.0,1818.2703742684728,0.0,0.011954886791089884,0.39570077634518297,-0.011531715518384219,0.3579770022749702,-0.0077403456825865125
245,0.0,1818.8784585618446,0.0,0.004642336959935631,0.7295219528395126,0.005425956392057937,0.46944048744433287,-0.0037904550601931767
246,0.0,1825.9265055512376,0.0014447247430993838,0.008549767005220988,0.1263505613423613,-0.006462635514366643,0.3665135096137414,-0.0045921091964452165
247,0.0,1823.594805320505,0.0,0.0019959244096503996,0.5496677151378767,0.008997437384913137,0.421459771270982,-0.0005152452220377104
248,0.9981646264552042,1839.210229175197,0.28078147202999004,0.027727217400059755,-0.2714259910260082,-0.027727217400059755,0.21359404258188494,-0.008678836875444323
249,0.0,1830.7630236875325,0.0,0.002208536691819695,0.8163102954239753,0.018496676742066946,0.394408918434512,-0.0005261827901909422
250,0.0,1840.6750987065516,0.0256425789323175,0.012183977187669778,0.08993611590372057,-0.011587776928110255,0.3030670776752745,-0.003844661031566736
251,0.0,1842.453618252073,0.017703903200464045,0.009458287513768949,0.5686916634969529,-0.0029969477704058253,0.38275445342177805,-0.0035903470532184624
252,0.0,1840.4418340013783,0.0,0.002818585408389873,0.7862992797259931,0.008345670224047055,0.5038179013130426,-9.541870038807122e-06
253,0.0,1838.3591800654078,0.0,0.0018966345410567846,0.5730295759679447,0.008079204791625768,0.5245814037095132,0.0024170821284605656
254,0.0,1835.6281566983898,0.029466006454053232,0.00424151322123954,0.40629457296713756,0.005598859707225595,0.4890953544868005,0.0033716154020900745
255,0.0,1839.9475801374808,0.002489582599697238,0.016136611926687743,0.47520289747263317,-0.011657076690340024,0.4849276173825503,-0.0011369922256389549
256,0.0,1844.7994606029663,0.00026730066581259277,0.013573616707178073,0.2843628614862823,-0.013572809004203682,0.4247581906136699,-0.004867737259208373
257,0.0,1853.0788680847213,0.12095594504638214,0.015861576299481348,0.012903731254503765,-0.015861576299481348,0.30120185280592005,-0.008165888971290265
258,0.0,1858.0655301751242,0.0001445935323259565,0.009815442482639856,0.4115413140211424,-0.00497807433619375,0.33430369117048675,-0.007209544580761311
259,0.0,1868.4747045151225,0.1640314851532158,0.014758396326398648,0.11977144046300046,-0.012879247839037789,0.26994401595824086,-0.008910455558244254
260,0.0,1870.4977308737941,0.0,0.0034249506927565465,0.5728613338520271,0.003666573005987134,0.36081921132637673,-0.005137346988974837
261,0.0,1870.1767649536857,0.0,0.0026350392192078685,0.539422622165474,0.010164459664603994,0.41440023457810593,-0.0005468049929011876
262,0.0,1873.2926194529443,0.01698424492164052,0.004895845426101915,0.2793186528435733,-0.0011171768852355202,0.37387576005774614,-0.0007179165606014874
263,0.0,1881.3111961523236,0.05213284605525689,0.01787503579675294,0.1229430731832848,-0.016105866399410338,0.2985959539954077,-0.0053343015122441426
264,0.0,1885.9994894087502,0.007084589968793803,0.010223924542448273,0.19243399490420388,-0.008797185303918145,0.26674736626804657,-0.006373166649746343
265,0.0,1891.6644680766403,0.02920631365430722,0.011789491983801368,0.40508114910924253,-0.005979926205777484,0.30824750112040533,-0.006255194516555685
266,0.0,1901.3255277485666,0.00454492882587948,0.014273135987045639,0.4839628595920149,-0.013227859284837058,0.36096210866188816,-0.008346993947040096
267,0.0,1909.0892059183384,0.0021596412957843353,0.010021755813803088,0.23343231344534685,-0.009310710484486125,0.32270317009692573,-0.008636108908273904
268,0.0,1916.1343211081562,3.867622823394803e-05,0.009940442626253985,0.6749857365680327,-0.005622700079441807,0.4283879400382578,-0.007732086259624274
269,0.0,1915.3153026300877,0.0,0.002813901536534367,0.7810482629120991,0.01102440553624547,0.5341860369004101,-0.002105138720863351
270,0.0,1914.895270797278,0.0,0.0006692129300539361,0.43151630206400693,0.00901703695216488,0.5033851164494891,0.0012315139810451185
271,0.0,1919.8903922927518,0.0,0.009167240591895076,0.46704780391875406,-0.008264963363880903,0.4924839226902686,-0.0016174292224326882
272,0.0,1926.8735987246896,7.288735987405046e-06,0.01577756435447736,0.42905567874460193,-0.01576378091252465,0.4734554495065686,-0.005861334729460277
273,0.0,1933.2854647938316,0.010056524318582864,0.011560268014342259,0.24659223601606348,-0.011429009923618163,0.40539648545941703,-0.007531637287707643
274,0.0,1931.201333749369,0.0,0.0021799645943261343,0.5645326193136357,0.010761314906139772,0.45313732561568265,-0.0020437516295534184
275,0.0,1940.4145319585662,0.0,0.012000122493433444,0.27683468174639125,-0.011263551109900103,0.4002465324548952,-0.004809691473657424
276,0.0,1932.261861653365,0.0,0.0008721492585508913,0.4618259858367771,0.019314041561355605,0.4187203684694598,0.002427428436846485
277,0.0,1934.7217496370135,0.0,0.006769648003319756,0.7046357552638177,-0.00021581419907597033,0.5044949845077671,0.0016344556460697482
278,0.0,1937.2221690906115,0.005061359665291585,0.008980944781460033,0.4215343600398299,-0.007805880801963746,0.4796067971673859,-0.0011976452883403002
279,0.0,1935.126322680681,0.0,0.0048384251585040505,0.36919099444029746,0.0027136906097134433,0.44648205634925936,-2.4244518924177155e-05
280,0.0,1937.4223055434577,0.02010542396662839,0.009875397956640322,0.5282376646574866,-0.0035347402671418973,0.4710087388417275,-0.001077393243389493
281,0.0,1940.0671275635991,0.0015829224993536201,0.0093488188756774,0.43158534932076864,-0.005439899782941015,0.45918172198543983,-0.0023861452052549494
282,0.0,1949.8953322353957,0.05131827922293792,0.019253719054159676,0.28480399087232633,-0.019253719054159676,0.40686840265150576,-0.007446417359926367
283,0.0,1960.7268811387721,0.07338301525951575,0.020443055840691355,-0.016357414857095375,-0.01976989156989693,0.2799006573989254,-0.011143459622917535
284,0.0,1963.6369758131107,0.0,0.0038468631467015605,0.7640328186505563,0.00215829832933966,0.42514030577441464,-0.007152932237240376
285,0.0,1971.3037222267403,0.0,0.00963429707401904,0.9008013970833636,-0.004066579077971149,0.5678386331670993,-0.006227026289459607
286,0.0,1978.1233518917206,0.0,0.006786470840760549,0.32768353312242815,-0.00649713129285551,0.4957921031536979,-0.006308057790478378
287,0.0,1989.3319009409367,0.1225130467739926,0.01660235607479748,0.04443704718495429,-0.01660182239307672,0.3603855863630748,-0.00939618717125788
288,0.0,1990.8200406515662,0.0,0.003208080435360906,0.36287320620109764,0.0038621102667394627,0.36113187231448163,-0.005418697939858676
289,0.0,1992.000797195921,0.0,0.0020620046498095643,0.6430279613270196,0.007553564583481763,0.445700699018243,-0.0015270191828565443
290,0.0,1999.2500877280236,0.015759437091498484,0.010646564747957308,0.19239025010857583,-0.009394585788575029,0.3697075643453428,-0.0038872891645720894
291,0.0,1995.605242638988,0.010996090269181993,0.001481995043931943,0.4617896277240172,0.009346042632823143,0.39733218335894505,8.271037464648023e-05
292,0.0,2000.480126442962,0.0050980575131847426,0.009675899756583126,0.39693878341790323,-0.006110194644126713,0.39721416337663246,-0.0017751611309854776
293,0.0,2006.610493278745,0.03877542834678848,0.014696812581553252,0.22359854496232714,-0.012783789167680382,0.3451294778523408,-0.005077749541993948
294,0.0,2008.08423963596,0.0,0.006719788333882557,0.5630867768840971,-0.001009605835172241,0.41051666756186767,-0.0038573064299474357
295,0.0,2013.0368553758908,0.12509009145587144,0.005530287613599693,0.09579135770278573,-0.0048679059173636656,0.3160990746041431,-0.004160486276172304
296,0.0,2018.6789956611337,0.029351779855844258,0.009333114186688201,0.3490112670785922,-0.007563077801553873,0.32597273234647783,-0.005181263733786775
297,0.0,2016.448416526068,0.0,0.001772351189159847,0.5748498792176798,0.009196765724640886,0.4006358764078384,-0.0008678548962584762
298,0.0,2024.3770200093425,0.0016202429873399763,0.011187053650499844,0.2786092151805465,-0.011084613580116367,0.36402787803965075,-0.003932882501415843
299,0.0,2026.9835968371526,0.0,0.0083555455507732,0.49021657442315875,-0.004362482770109392,0.40188448695470314,-0.004061762582023907
300,0.0,2026.871663115783,0.0,0.004274255631220367,0.7226641293299044,0.004499187966079496,0.49811837966726347,-0.0014934774175928865
301,0.0,2036.1768194363606,0.010233139324492052,0.015092511419195717,0.16773521802955452,-0.015092511419195717,0.3990034311759508,-0.005573187618073736
302,0.0,2040.071840417448,0.06691120845137882,0.0072356025413590945,0.23883093780100753,-0.006326705249853046,0.35095168316346775,-0.005799242907607529
303,0.0,2046.968862028795,0.015517549742965847,0.011971287328831492,0.1778012890377158,-0.008321756133662471,0.2990065649257421,-0.006555996875424011
304,0.0,2059.3952216822413,0.02767975112987131,0.01957420471277988,0.04972692721051463,-0.01957420471277988,0.22422267361117384,-0.010461459226630773
305,0.0,2072.40173899815,0.0808176430614483,0.01983290787610762,0.06036477215736872,-0.019831853528466722,0.17506530317503227,-0.013272577517181557
306,0.0,2084.752818222187,0.026201542718927818,0.0157725552606963,0.24665891037289178,-0.014281037625787784,0.1965433853343901,-0.013575115549763424
307,0.0,2100.870970008185,0.10343287750112258,0.019199377594390242,0.014649099847869052,-0.019188251492524743,0.14197509968843378,-0.015259056332591819
308,0.0,2112.3754870279195,0.015131082732462657,0.011606932743104207,0.3986279509045707,-0.009191204412918867,0.21897095505327485,-0.013438700756689933
309,0.0,2126.273120999282,0.08244562823837939,0.013094387186695226,-0.01140108348916493,-0.012498607895694304,0.14985934349054292,-0.013156672898391243
310,0.0,2135.0119659325487,0.0,0.005786056121359653,0.41195883383174303,-0.003659085618653314,0.22848919059290296,-0.010307396714469863
311,0.0,2150.61048193416,0.0,0.01857598035519238,0.4044866159235211,-0.018362565871095807,0.2812884181920884,-0.012723947461457646
312,0.0,2162.6020820255653,0.008357404430936362,0.013786588451056257,0.22007632267551389,-0.01371546413529518,0.262924789537116,-0.013021402463608906
313,0.0,2174.2825794970895,0.0005576216576254732,0.012835088201760467,0.4700466967861369,-0.010537699357339269,0.32506136171182226,-0.012276291531728014
314,0.0,2180.672817892817,0.0,0.0032114294769482257,0.34777128729662254,0.0007624763889826138,0.3318743393872623,-0.008364661155514824
315,0.0,2191.7353645810035,0.0,0.010210252873273415,0.5375169694610177,-0.009910641040025573,0.3935671284093889,-0.008828455120868047
316,0.0,2200.9037419514752,0.0,0.010049141421020544,0.30967059675330444,-0.010019745188119525,0.36839816891256355,-0.00918584214104349
317,0.0,2211.0843739964375,0.0,0.011890533048967223,0.730786904327583,-0.011630599253557292,0.4771147895370694,-0.00991926927479763
318,0.0,2207.914465702334,0.0,0.001095381563396313,0.749665436526426,0.01658586406275376,0.5588799836338764,-0.001967729273532213
319,0.0,2209.1015341944412,0.0,0.000614348116036301,0.48847743367226304,0.007941501522421313,0.5377592186453923,0.0010050399652538446
320,0.0,2214.0880484511918,0.04708173744605898,0.010435705980017715,0.22343986686701997,-0.008380730040186146,0.4434634131118806,-0.0018106910363781524
321,0.0,2218.6253185789196,0.0338013487032251,0.012975651244485424,0.32971882468667496,-0.010424117270057527,0.4093400365843189,-0.004394718906481965
322,0.6892682541075512,2231.090870752753,0.2501942401248363,0.02390065057815506,-0.24249072062589697,-0.02390065057815506,0.2137908094212541,-0.010246498407983893
323,0.0,2236.9840871176148,0.014605512136791562,0.009602196773914874,0.44275034304479316,-0.007272764465544073,0.2824786695083158,-0.009354378225251946
324,0.0,2246.9549715070743,0.06420313996632598,0.010673083839512851,0.2411320335823768,-0.00970947421033897,0.2700746787305341,-0.009460907020778052
325,0.0,2253.8070468828096,0.005003102199489574,0.00744271746290123,0.35620495995434776,-0.004136808588945209,0.29591376309767814,-0.007863677491228198
326,0.0,2267.516931320523,0.11786382395647002,0.01871065950428534,0.07812239997101034,-0.01837949453645767,0.23057635415967778,-0.011018422604797039
327,0.0,2268.912186070984,0.00026730066581259277,0.005136521650819344,0.4301800159182108,0.005743650931769114,0.29045745268723766,-0.005989800543827193
328,0.0,2277.8573856626463,0.0031921451913206394,0.01089883421334015,0.38344220045913585,-0.00690873391330747,0.3183528770188071,-0.006265480554671276
329,0.0,2294.5804589088825,0.18764215936324422,0.02833929867339347,-0.1698607707076009,-0.02833929867339347,0.17188878270088467,-0.012887625990287935
330,0.0,2314.4797620351233,0.2555701514923328,0.034393354852290094,-0.25369343844475567,-0.034393354852290094,0.044214116357192565,-0.019339344648888583
331,0.0,2328.3788389143306,0.1660220772668937,0.014735976957408642,-0.15696925542938178,-0.014725993731428287,-0.016140895178779743,-0.017955339373650493
332,1.1235438077243725,2345.7861099618904,0.39823030069358684,0.015557202955117318,-0.39823030069358684,-0.015371858199255595,-0.13076771683322186,-0.01718029502133202
333,0.0,2351.1318355212657,0.0002029848914317739,0.00180124134573973,0.32474699179786526,0.008282395891409826,0.005886695756104274,-0.009541487747509465
334,0.0,2362.773865421067,0.1277745590102634,0.009089353878827477,0.20456366936702616,-0.005960526321219056,0.06548978783938084,-0.008467199319622342
335,0.0,2372.685758540143,0.13285938833412428,0.01128754142647559,-0.09470550396222963,-0.010357927622768551,0.017431200298897696,-0.009034417810566204
336,0.0,2385.1799751781505,0.02237110791587024,0.016848967525028815,0.18806235345908393,-0.01683318462913522,0.06862054624695356,-0.011374047856136908
337,0.0,2396.5727135926904,0.0194711824727478,0.014631929352734423,0.3175205908891468,-0.013850101150278661,0.14329055963961151,-0.012116863844379433
338,0.0,2413.3861109561794,0.12344312856419086,0.022675075330277485,0.1523668936964103,-0.022675075330277485,0.14601345985665115,-0.01528432729014885
339,0.0,2429.5281482104983,0.08017351880486955,0.02037066413817967,0.04970616686776898,-0.02037066413817967,0.11712127195998649,-0.016810228344558094
340,0.0,2438.9368249008594,0.023240687826324078,0.0041290446541891925,0.22921103089128583,-0.0029798093299911255,0.1507481996393763,-0.012661102640188002
341,0.0,2449.35806892825,0.005552883651705555,0.008471733842569279,0.20327291172556392,-0.0036727245881415333,0.16650561326523258,-0.009964589224574062
342,0.0,2460.3682704644725,0.05866744954329672,0.00952011946851692,0.0987432909131013,-0.009334080065910532,0.1461769165595932,-0.009775436476975003
343,0.0,2467.4122076541885,0.0,0.007169159505266468,0.3722228112254971,-0.0038877788497702274,0.21399068495936435,-0.008009139188813571
344,0.0,2475.7958516616477,0.12281190441228244,0.007794318798183532,0.14350096187393455,-0.0069494645524893735,0.19284376803373537,-0.007691236797916311
345,0.0,2493.1745600645195,0.07730273335499137,0.027542320984389173,-0.032414414146757366,-0.027542320984389173,0.12526631337958752,-0.013646562053858169
346,0.18247232731702967,2508.2633311025397,0.2840061990763934,0.022854627912468162,-0.23960042746952623,-0.022854627912468162,0.01580629112485339,-0.016408981811441167
347,0.0,2521.195704256028,0.000684992532874884,0.01435354556364262,0.26279195717845705,-0.012043567688189096,0.08990199094093448,-0.015099357574465545
348,0.0,2524.427150874497,0.0,4.257537791549784e-06,0.4910775407720567,0.010989648830711738,0.21025465589027112,-0.007272655652912359
349,0.0,2537.0607965543604,0.002098645849303127,0.012700194801866184,0.46131685741301964,-0.01028857037411027,0.28557331634709565,-0.008177430069271732
350,0.0,2553.26954945293,0.3193508382331416,0.02585182598068192,-0.14606028820927888,-0.02585182598068192,0.15608323498018328,-0.013479748842694787
351,0.0,2556.3521480658414,0.017854935992850516,0.002535812994486106,0.25704729499767426,0.002657732080369698,0.1863724529854306,-0.00863850456577544
352,0.0,2570.395075178251,0.1738577973891478,0.014854755416137603,-0.1681499162530309,-0.014854755416137603,0.08001574221389215,-0.010503379820884088
353,0.43162612053208127,2587.3727850656137,0.2730109545573516,0.025934145850119893,-0.2730109545573516,-0.025934145850119893,-0.025892266817480962,-0.01513260962965483
354,0.0,2601.0277392709354,0.045624411239553346,0.01689712070312239,0.12514083123023254,-0.016876275213097758,0.01941766259683309,-0.015655709304687706
355,0.0,2615.5164346202127,0.08107504932468075,0.013842009035223464,0.11704575984172332,-0.013769325725741115,0.04870609177030016,-0.015089794231003727
356,0.0,2632.905112972541,0.13612825107143497,0.019289641282007913,-0.0929012806961111,-0.019289641282007913,0.0062238800303767786,-0.016349748346304982
357,0.0,2653.177099923725,0.14103954716319747,0.025833530976576136,-0.09616016808489644,-0.025833530976576136,-0.024491334404205187,-0.019194883135386327
358,0.0,2669.4369441124186,0.11442777285464246,0.016096060274441472,0.18903949860679842,-0.016043900735069564,0.03956791549909589,-0.0182495884152913
359,0.0,2683.093726215871,0.0010007016863697728,0.008490080215981053,0.1620798366308925,-0.007696559932193614,0.07632149183863488,-0.015083679870361992
360,0.0,2697.154271377153,0.021212657974490148,0.01198205321467868,0.4435648614768223,-0.00965432782547775,0.1864945027300911,-0.013454874256896718
361,0.0,2714.494644132612,0.09248495781639747,0.019852990281542145,-0.07732292668246507,-0.019852990281542145,0.10734927390632426,-0.015374309064290345
362,0.0,2724.509289256121,0.00031935727149138773,0.008429656581676132,0.33793685082479674,-0.006207753778697377,0.176525546981866,-0.012624342478612454
363,0.0,2739.267929482823,0.06124210418282102,0.014514165655186581,0.17789442880862857,-0.014206247593717783,0.17693621152989478,-0.013098914013144052
364,0.0,2755.170184526411,0.0966876201336195,0.019519981830364717,-0.08603976612008747,-0.019433553175039246,0.09804341823490009,-0.01499930576171261
365,0.0,2770.1992136570107,0.07854054584744867,0.01704080418498591,-0.014540921907749008,-0.01704080418498591,0.06426811619210536,-0.015611755288694601
366,0.0,2785.445054822517,0.12677279413675321,0.015487402455992866,-0.01825577583532918,-0.015487402455992866,0.039510948583874994,-0.015574449438884079
367,0.0,2806.7932793361597,0.17413876572495657,0.027681891313371634,-0.05314067886072595,-0.027564287251078172,0.01171546035049471,-0.019171400782542307
368,0.0,2818.660038026326,0.05342230786609378,0.013206053850607009,0.15860851070600207,-0.007700220739737685,0.055783375457146914,-0.01573004676970092
369,0.0,2821.0564023412144,0.0,0.002108212453267211,0.579607791449524,0.015633202107869393,0.21293070025486005,-0.006321072106429825
370,0.0,2829.7382765134844,0.0,0.005621728258037601,0.40054498024774393,-0.0014383944693573797,0.26921498425272516,-0.0048562688153080905
371,0.0,2831.5652378750992,0.012405617969015384,0.003296224992582472,0.3588883841272175,0.0029806251414723054,0.29611700421507287,-0.0025052006282739714
372,0.0,2847.440641586563,0.039074086541843724,0.02791076102342552,0.15108479901664104,-0.02791076102342552,0.2526073426555433,-0.010126868746819437
373,0.0,2853.641965752144,0.0935000107329743,0.011383344296427421,0.015231924437665571,-0.009887888492724256,0.18139471719017997,-0.010055174670590881
374,0.0,2863.776100104839,0.07952201799267646,0.012319421314718493,0.194780441410718,-0.010144992678902861,0.18541043445634137,-0.010082120073084476
375,0.0,2878.3510123510314,0.0666181435475724,0.019470171894656812,0.10529220909937055,-0.019470171894656812,0.16137496684925012,-0.012898535619556176
376,0.0,2886.04698470082,0.057125728921152794,0.005516448540770189,0.13604764325739063,-0.004993628335114761,0.15377676977169227,-0.01052706343422375
377,0.0,2894.8032104992653,0.0,0.005163204538657621,0.4586711814813883,-0.004367534833298274,0.2452450932846011,-0.008679204853946108
378,0.0,2906.6381479200995,0.02007370457888416,0.01384507839292626,0.3363979889081068,-0.013328795013840423,0.2725909619716528,-0.010074081901914403
379,0.0,2909.874078256347,0.0,0.003002754248240069,0.44807286241796607,0.0027190702682579186,0.32523553210554673,-0.006236136250862705
380,0.0,2916.039862525496,0.005662554838194174,0.007039954412274268,0.4950032617261077,-0.0020917095691143387,0.376165850991715,-0.004992808246338195
381,0.3460100780122737,2929.3823253764126,0.18996265416471483,0.02109278866783025,-0.1182694934848932,-0.02109278866783025,0.22783524764873253,-0.009822802372785811
382,0.0,2941.9027973173597,0.02251800566608109,0.020474191188171537,0.2442926328040085,-0.020474191188171537,0.2327724631953153,-0.01301821901740153
383,0.0,2959.146531509271,0.03212433260754736,0.025153387002544096,0.1384115909809552,-0.025149934635771132,0.20446420153100728,-0.01665773370291241
384,0.0,2974.959867037705,0.033503911317990055,0.01868973197015662,0.2392554901080786,-0.01868973197015662,0.21490158810412868,-0.017267333183085674
385,0.0,2981.1060761548615,0.0013040290419116614,0.003829733835857803,0.5065040281057456,0.0052666758290858574,0.30238232010461374,-0.010507130479434214
386,0.0,3000.333354186241,0.11479874350927506,0.021632226729683447,0.19415154473292312,-0.021632226729683447,0.26991308749310655,-0.013844659354508983
387,0.2691660516687664,3020.4428689998435,0.17794952452532706,0.030373034139155475,-0.1569547187794406,-0.030373034139155475,0.1418527456113424,-0.018803171789902928
388,0.0,3026.0643137134284,0.012579344726962245,0.005251619374112915,0.39977627855924636,0.003493642498890411,0.21922980549571358,-0.012114127503264925
389,0.0,3044.0570040508983,0.19714909282816526,0.01746247624569006,0.11691567362948659,-0.017393378942611136,0.18853556593584547,-0.013697902935068788
390,0.0,3063.838141162389,0.21047059059088405,0.028021073544077017,0.03808046482025531,-0.028021073544077017,0.1433990356011684,-0.017994854117771256
391,0.0,3072.9021652589718,0.0,0.005424792858337805,0.374572042933649,-0.0038649490556095355,0.21275093780091256,-0.01375588259912274
392,0.0,3092.724019899935,0.0399365596968624,0.022740729449375392,0.14654063655829874,-0.021977729021030328,0.19288784742812842,-0.016222436525695015
393,0.0,3110.829366055616,0.00552209546504538,0.022714491928345924,0.19090214596611796,-0.022714491928345924,0.1922921369895253,-0.018170053146490287
394,0.0,3121.10321510032,0.056726668313478994,0.006679218072962782,0.1731973286464802,-0.0037483952477649495,0.18656369448661175,-0.013843555776872685
395,0.0,3134.302062458413,0.050777312625465885,0.00877544647102547,0.17844039849070137,-0.007993645144395515,0.18412670568783862,-0.012088582587129533
396,0.0,3143.3704530679156,0.03732851643123038,0.008442496474074987,0.14710654474526544,-0.00396841889442459,0.17302065740506667,-0.00965253347931805
397,0.0,3149.1672228813027,0.006602745165506857,0.004362296221252598,0.19999726014785504,0.000917858645342093,0.18111363822790316,-0.006481415841920008
398,0.0,3153.9905891693916,0.0,0.004957926432268674,0.5851528182227853,0.00027610160085125726,0.3023253922263678,-0.004454160609088628
399,0.0,3167.708160497575,0.2058282923319866,0.021641208739671385,0.011412178448063897,-0.021641208739671385,0.2150514280928766,-0.009610275048263455
400,0.0,3181.075765919881,0.01383730482681502,0.022808999201657996,0.19739520166813765,-0.022808999201657996,0.2097545601654549,-0.013569892294281818
401,0.0,3194.3115306437794,0.061032207146273484,0.017099890667939526,0.18524987449781893,-0.016998394487252225,0.2024031544651641,-0.014598442952172939
402,0.0,3208.104408970671,0.15725941351591013,0.015251118193165589,0.12265094700256272,-0.01399159025147467,0.17847749222638368,-0.014416387141963458
403,0.0,3213.2867753797077,0.0027663311015677003,0.0004997671272757089,0.5941872597967688,0.005010797520601583,0.30319042249749917,-0.008588231743193946
404,0.0,3223.469158437507,0.0,0.0067601878623516805,0.2777838155850272,-0.005838385108235978,0.2955684404237575,-0.007763277752706555
405,0.0,3234.185611866248,0.12701907261913659,0.013310496824285024,0.06761963837997563,-0.013056400004353704,0.22718379981062292,-0.0093512144282007
406,0.0,3238.934398510656,0.03142769560587052,0.005462055216323885,0.14857202587121646,-0.001416923915606239,0.20360026762880096,-0.006970927274422362
407,0.0,3246.327650283393,0.13832568196486952,0.005751844705927887,0.03301338187227573,-0.005371304194059013,0.1524242019018434,-0.0064910403503133565
408,0.0,3258.930284271701,0.24965491050973723,0.018723644883522572,0.0882724769402548,-0.018723644883522572,0.1331786844133668,-0.010160821710276121
409,0.0,3268.1034443981303,0.174797738857592,0.012086274448924714,-0.03615663234062085,-0.011925882327222328,0.0823780893871705,-0.010690339895359982
410,0.0,3275.317441770787,0.0012360585428834174,0.004377585974557945,0.3159295483252604,-0.003999541082523854,0.15244352706859746,-0.008683100251509143
411,0.0,3298.8293023263473,0.2314394956619783,0.03748547625593753,-0.1357283971132043,-0.03748547625593753,0.06599194981405693,-0.01732381305283766
412,0.0,3306.2894407361605,0.04911574637792511,0.00739478754150964,0.21912064883090918,-0.005775233381255764,0.1119305595191126,-0.01385923915136309
413,0.0,3323.115783435432,0.04109895552420038,0.016431773728802706,0.19426256457195085,-0.016431773728802706,0.13663016103496406,-0.014630999524594974
414,0.0,3331.488196992716,0.0009492750939590153,0.006044374653811534,0.32339729792130606,-0.002396195814812505,0.19266030210086665,-0.010960558411660232
415,0.0,3346.9051788486177,0.0744240286968385,0.01642139776118979,0.0162993743608903,-0.01642139776118979,0.13975202377887375,-0.0125988102165191
416,0.0,3354.977517234178,0.15330832948916792,0.005541382482311331,0.042999262587910335,-0.00487517286541627,0.11072619542158472,-0.01028171901118825
417,0.0,3367.186369042965,0.05963777675592659,0.014343391383494738,0.14645123095080398,-0.011882942333966055,0.1214437060803505,-0.010762086008021591
418,0.0,3369.945977898015,0.0,0.004719874064666073,0.6489228169073415,0.005409359105635179,0.2796874393284478,-0.005910652473924559
419,0.0,3378.5404219378056,0.0,0.00912773210717938,0.5785060307633502,-0.0064483083047941064,0.3693330167589185,-0.0060719492231854225
420,0.0,3388.0707572574916,0.15528920101605276,0.014187337130894605,0.10658889352751845,-0.013444937704709092,0.2905097797894985,-0.008283845767642524
421,0.0,3397.9283356099654,0.07006188292408588,0.013890234583229598,0.30261508447477087,-0.013866514219851061,0.2941413711950802,-0.009958646303305084
422,0.0,3407.278067163029,0.027918825000389377,0.010723369212553877,0.3309236812039561,-0.01043465779828273,0.30517606419774296,-0.010101449751798377
423,0.0,3419.4611990716066,0.1236746276918507,0.014587041170603065,0.2645026570948253,-0.014587041170603065,0.2929740420668676,-0.011447127177439783
424,0.0,3431.1066161981466,0.10889109982424636,0.013809192991470988,0.1141416630588911,-0.01326197855644208,0.23932432836447465,-0.01199158259114047
425,0.0,3442.4159092609075,0.03334061337256325,0.012863838703769311,0.1751672270973996,-0.011137287129620527,0.2200771979843521,-0.011735293952684488
426,0.0,3453.5717941667376,0.021556083850042464,0.010272821527236348,0.22451863831727042,-0.010261224440013005,0.2214096300842276,-0.011293073098883041
427,0.0,3466.285761901629,0.021351984405417645,0.014322267074245503,0.15655899638208665,-0.013792623534523919,0.20195443997358528,-0.012042938229575303
428,0.0,3483.7388450898557,0.012684352216755809,0.024650627282072894,0.37300136299759934,-0.024095183071235694,0.2532685168807895,-0.015658611682073418
429,0.0,3501.293680619249,0.1402279268764324,0.023375404543675468,0.1412864628839248,-0.023375404543675468,0.21967390068173007,-0.017973649540554033
430,0.0,3522.3383038961765,0.05521902129199127,0.02678300926058395,0.05439639493214877,-0.02678300926058395,0.17009064895685566,-0.020616457456563007
431,0.0,3535.4980218783744,0.0,0.00787822432993928,0.39087313624115444,-0.007834508464143767,0.2363253951421453,-0.016781872758837236
432,0.0,3547.7390618177797,0.029177397339709827,0.007226823658386081,0.3080038742962763,-0.00332744532489087,0.2578289388883846,-0.012745544528653325
433,0.0,3563.965032285787,0.0912293283059544,0.01594732759448404,-0.019108789691414923,-0.01579192332919847,0.1747476203144447,-0.013659458168816868
434,0.0,3575.4007076492003,0.022516232349938662,0.010285253970619128,0.3174798845229189,-0.009978570699396904,0.21756729957698695,-0.012555191927990877
435,0.0,3582.504115500804,0.02154592058022765,0.006951168406891406,0.3417132262665153,-4.703110132372898e-05,0.2548110775838454,-0.008802743679990732
436,0.0,3593.0623511897343,0.0026558224538733503,0.00884118077346514,0.48218783932160325,-0.008551218440280905,0.32302410610517274,-0.008727286108077784
437,0.19040820512830336,3606.729602708232,0.21656491611751796,0.018942002850746632,-0.21447380184708012,-0.018940279075710723,0.16177473371949685,-0.011791183998367665
438,0.0,3620.487245586105,0.08267633583689654,0.0190799075733088,0.10267006647213744,-0.01907953363305548,0.14404333354528903,-0.013977688888774008
439,0.0,3631.240671126447,0.019889542518730808,0.009538082840381204,0.1761485057984668,-0.009538082840381204,0.15367488522124234,-0.012645807074256166
440,0.0,3638.6123921478247,0.0015610144912045485,0.005353824099106604,0.5369017010958856,-0.00027075090730234165,0.2686429299836353,-0.008933290224170018
441,0.0,3650.0195417998434,0.022405218518666784,0.010250810209821607,0.3090381333636486,-0.010219958980016052,0.2807614909976393,-0.009319290850923827
442,0.0,3662.0622341111557,0.14950236235831052,0.015395127879600684,-0.05535422106227107,-0.015395127879600684,0.1799267773796662,-0.011142041959526883
443,0.0,3667.5148362641416,0.010705074951109329,0.004301266555526083,0.2263259215781639,-0.0011877414340286574,0.19384652063921548,-0.008155751801877416
444,0.0,3675.862096803478,0.09573945205694222,0.007140840918175002,0.19684592350558255,-0.005444009424031732,0.19474634149912556,-0.0073422290885237105
445,0.0,3688.7151453399456,0.20674300085765826,0.017975683445330286,-0.16959896293495458,-0.017975683445330286,0.0854427501689015,-0.010532265395565683
446,0.0,3698.378488436115,0.0372530882915298,0.012245801520257445,0.235090740002427,-0.012044965091657462,0.13033714711895916,-0.010986075304393217
447,0.0,3718.2421795451687,0.057570817827895276,0.02995382688579877,-0.044321956533407696,-0.02995382688579877,0.0779394160232491,-0.01667640077881488
448,0.0,3731.231378903531,0.09731811615616302,0.014922153522061377,0.08603979602996194,-0.014922153522061377,0.08036953002526294,-0.016150126601788828
449,0.0,3750.593145004643,0.03611906909566839,0.02229283995764217,0.4000963299566153,-0.02229283995764217,0.17628757000466863,-0.01799294060854483
450,0.0,3771.2797154012414,0.16452219563804377,0.02552426725736119,-0.0002142155368266497,-0.02552426725736119,0.12333703434222004,-0.02025233860318974
451,0.0,3787.1612780201717,0.009757189668258129,0.01454074300131196,0.35738088318230055,-0.013500094880404314,0.1935501889942442,-0.018226665486354113
452,0.0,3806.605620962468,0.06883804321059753,0.018653417356196977,0.2009962635965192,-0.018653417356196977,0.19578401137492668,-0.01835469104730697
453,0.0,3816.387023736347,0.0,0.00691939168593697,0.6828369094265749,-0.0006270337703236109,0.3418998807904211,-0.013036393864211961
454,0.0,3823.4953154292025,0.0,0.0015273367305888277,0.4797965492581337,0.004853711891838371,0.3832688813307349,-0.00766936213739686
455,0.0,3832.732946163986,0.04892572315540045,0.005390738881347701,0.1684950842085487,-0.005345930333187098,0.318836742194079,-0.006972332596133932
456,0.0,3847.1539180862746,0.10887888214613191,0.02176425875347371,0.12209660802051014,-0.02176425875347371,0.25981470194200834,-0.011409910443335863
457,0.0,3858.936650128715,0.06485161839034012,0.016809099032305822,-0.01389359195949977,-0.016809099032305822,0.1777022137715559,-0.01302966702002685
458,0.0,3870.94333190288,0.030766542573357748,0.012609257730251325,0.29794605119848777,-0.012585694191867168,0.21377536499963545,-0.012896475171578943
459,0.0,3888.9326703166466,0.2479269295841856,0.023367865417336892,-0.03607838829195227,-0.023367865417336892,0.13881923901215915,-0.01603789224530633
460,0.0,3894.8233123487403,0.0,0.0021903334408104203,0.6895960905003621,0.0018299029137543448,0.30405229445862003,-0.010677553697588126
461,0.0,3909.4160711177565,0.05780827862859443,0.013256306940272479,0.16278660639842915,-0.013250544942523113,0.26167258804056276,-0.01144945107106862
462,0.0,3918.289473758642,0.0,0.006904832876812662,0.46651839814871654,-0.006886743272229536,0.32312633107300887,-0.010080638731416895
463,0.0,3930.125363056784,0.14370361006712454,0.012311564558289233,0.3562963899328756,-0.012311564558289233,0.3330773487309689,-0.010749916479478596
464,0.0,3944.5646154676847,0.1629382632568654,0.01920820538034542,0.20121334807687233,-0.01913319732417278,0.2935181485347399,-0.013264900732886852
465,0.0,3959.389454468795,0.12479090841780247,0.019134547388986727,0.039696610980244004,-0.019134547388986727,0.21737168726839112,-0.015025794729716813
466,0.0,3964.8475902300497,0.019112103693517683,0.002710118227707834,0.4531842063003633,0.003072563541214809,0.28811544297798275,-0.009596287248437326
467,0.0,3980.725521538279,0.017073375176232888,0.01702730874667006,0.1082060005296197,-0.01702730874667006,0.23414261024347383,-0.011825593697907146
468,0.0,3992.977946365749,0.0395941909203106,0.015116632271923967,0.08478972102495652,-0.015037019436028243,0.18933674347791862,-0.012789021419343474
469,0.0,3996.212725289707,0.0,0.0015351289848509685,0.6120231433121712,0.006112079902879623,0.3161426634281944,-0.007118691022676545
470,0.0,4009.0925322822877,0.14057273939673534,0.01323883291741358,0.08671114927831232,-0.013214421796780885,0.24731320918322974,-0.008947410254907846
471,0.0,4014.8339469214798,0.0904028104866889,0.0046402571803799844,0.3055984271622887,-0.004173168589074435,0.26479877457694745,-0.007515137755157822
472,0.0,4023.5174295143524,0.0,0.008563056958198326,0.22326646405734066,-0.008457238979823718,0.2523390814210654,-0.007797768122557591
473,0.0,4040.1619916827067,0.14358750536601708,0.026522995684008937,-0.12583642947862264,-0.026522995684008937,0.13888642815115898,-0.013415336390992995
474,0.0,4051.505107355434,0.0,0.014950897855201265,0.4430654029089468,-0.014949843507560364,0.2301401205784953,-0.013875688525963204
475,0.0,4070.1385985924103,0.0784466199036857,0.024267310981167755,0.29967473451762644,-0.024267310981167755,0.25100050476023467,-0.01699317526252457
476,0.0,4081.06821194687,0.0200119276884102,0.010044922201336955,0.5205559861963154,-0.0076081366379756755,0.33186714919105886,-0.014177663675159902
477,0.0,4099.198894646489,0.22673830643858764,0.01948029540594352,-0.10592848921430943,-0.01948029540594352,0.20052845766944838,-0.015768453194394988
478,0.0,4108.739479252136,0.0450961739891401,0.005972030762531984,0.4045542384310586,-0.004450799383710047,0.2617361918979314,-0.012373157051189505
479,0.0,4127.203811019923,0.04792402269440862,0.021526337561594014,0.350177620278725,-0.021526337561594014,0.2882686204121695,-0.015119111204310857
480,0.0,4141.558925354447,0.05745392882198066,0.016387819968421855,0.19386908361377214,-0.016387819968421855,0.2599487593726503,-0.015499723833544157
481,0.0,4150.510948094876,4.188262746840029e-05,0.006584325880576181,0.543213960836931,-0.0022551513783394595,0.34492831981193445,-0.011526352096982747
482,0.0,4174.113187910281,0.14498216361219768,0.03254552261810987,0.027416897244559934,-0.03254552261810987,0.24967489304172208,-0.017832103253320884
483,0.0,4182.520445795154,0.0,0.00730834580410751,0.4115932922019934,-0.004765499523574561,0.29825041278980347,-0.013912122134396986
484,0.0,4202.717489841233,0.0810161231964348,0.02292239578485537,-0.02973222820333318,-0.02292239578485537,0.19985562049186245,-0.0166152042295345
485,0.0,4210.419854817735,0.0,0.006299540869623324,0.5150323844977721,-0.0008624996348184092,0.29440864969363534,-0.011889392851119672
486,0.0,4222.700793830279,0.022014206662468044,0.008261076425602922,0.24992527601031547,-0.007782393834903223,0.2810636375886394,-0.010657293146254736
487,0.0,4242.748605724457,0.2855578244638787,0.028937436678528897,-0.20881330856185876,-0.028937436678528897,0.13410055374348995,-0.016141336205936982
488,0.0,4254.331029474615,0.07735892744831283,0.012880116754780103,0.17878851942498133,-0.012356146776900752,0.14750694344793736,-0.015005779377226112
489,0.0,4273.849469913229,0.3783719397083991,0.02322428489187569,0.05208814926671856,-0.02322428489187569,0.1188813051935717,-0.017471331031620983
490,0.0,4287.5038899521,0.18350546337319196,0.01247619601164025,-0.16755199750873961,-0.012087716103386619,0.0329513143828783,-0.015856246553150675
491,0.0,4302.2848232694,0.0915414672596898,0.011933630980054405,0.17527680549469069,-0.011933630980054405,0.07564896171642202,-0.014679461881221793
492,0.0,4312.596560965751,0.026405850704170078,0.006588908822684551,0.3113407858560729,-0.0043542191294854374,0.14635650895831728,-0.011581889055700886
493,0.0,4328.587939834784,3.867622823394803e-05,0.01926358966578772,0.5400192214701593,-0.017541687806889087,0.2644553227118699,-0.013369828681057346
494,0.0,4331.266214022419,0.009293891745295137,0.006222105386172523,0.5053275501713834,0.007041806070490761,0.33671699094972396,-0.007246338255592914
495,0.0,4341.485874433126,0.0,0.007739440724881433,0.6699190187867077,-0.007062123552221255,0.43667759930081906,-0.007191073844581416
496,0.44413448896612007,4351.816994976555,0.20481713400459778,0.013675270705710924,-0.19215294751988368,-0.013675270705710924,0.24802843525460821,-0.009136332902920269
497,0.0,4359.889679327208,0.0,0.009139540507211715,0.6788708499154856,-0.008946709938133193,0.37728115965287146,-0.009079446013484146
498,0.0,4364.585648916109,0.0,0.0068011209571792915,0.3976545411149474,0.00011205371422766397,0.3833931740914942,-0.006321996095170603
499,0.0,4374.025527394523,0.02481578827111309,0.010318635428974552,0.35012579130001004,-0.009945240728684131,0.37341295925404894,-0.007408969485224661
500,0.0,4380.425590275188,0.033095473254953885,0.007576862375437692,0.4746519301750717,-0.006439344673698279,0.4037846505303557,-0.007118082041766747
501,0.0,4396.776393163846,0.17286387437707698,0.026049909385853085,-0.04273914312667086,-0.026049909385853085,0.2698275124332477,-0.012797630244992647
502,0.0,4403.164057807104,0.021389664295761474,0.007245972490941067,0.36031224083908187,-0.005359731286406434,0.29697293095499794,-0.010566260557416784
503,0.0,4414.734396143747,0.13932781649447679,0.010370152062764768,0.09257445416693115,-0.010333745839580567,0.2356533879185779,-0.010496506142065917
504,0.0,4423.4675981871505,0.051131470684067794,0.007058050690606535,0.3593879870135394,-0.006750295087197636,0.27277376764706635,-0.009372642825605432
505,0.0,4438.293139514795,0.11972710659154434,0.020295858088093328,0.189006107183757,-0.01956215708353881,0.2476434695080735,-0.012429497102985444
506,0.0,4448.022884650853,0.03231675314559761,0.011369916365313879,0.17792798214573138,-0.009989237044153457,0.22672882329937086,-0.011697419085335847
507,0.0,4457.1211255169,0.08609835769718724,0.010726835973066071,0.022176176279455177,-0.005519883193434111,0.16536302919339613,-0.009844158317765325
508,0.0,4464.663472570192,0.012130778067060664,0.005640470101693542,0.2677127277848907,-0.0031182382172278045,0.1960679387708445,-0.007826382287604069
509,0.0,4477.326926229306,0.029898041706554142,0.016084181142330126,0.26183013747967415,-0.015801764280164773,0.21579659838349338,-0.01021899688537228
510,0.0,4491.75316455212,0.19598327589412198,0.021476390086050824,0.045664178324971515,-0.021476390086050824,0.1647568723659368,-0.013596214845575843
511,0.0,4506.413643285003,0.04210367075950075,0.019504111250117934,0.3382903830945557,-0.01933136665267815,0.21681692558452248,-0.015316760387706534
512,0.0,4518.375999672305,0.022737221283389127,0.010172525981030984,0.1910075040390531,-0.010120653659914894,0.20907409912088165,-0.013757928369369041
513,0.0,4534.485159460767,0.21614826822630206,0.017032543806708957,-0.2101049034897037,-0.017032543806708957,0.08332039833770603,-0.014740313000571017
514,0.0,4551.92781176988,0.05328154471516454,0.02139350388420212,0.004650593493328662,-0.02139350388420212,0.05971945688439282,-0.016736270265660345
515,0.0,4566.492169609507,0.07467735385527643,0.014653213032972017,0.16696671720273146,-0.014290574862561979,0.09189363497989442,-0.016002561644730837
516,0.0,4580.38788026244,0.0551109079409512,0.01215449587247061,0.06549115777344859,-0.01084900893168317,0.08397289181796067,-0.014456495830816535
517,0.0,4591.114065067581,0.0,0.006638291069809527,0.5750328146757911,-0.005074529304498082,0.2312908686753098,-0.011641905872920999
518,0.0,4600.6599259424065,0.004015588061902287,0.007325480407843777,0.34907229857182,-0.004343280920748276,0.26662529764426285,-0.009452318387269181
519,0.0,4617.572095850566,0.13437762852388865,0.02271285542490596,0.0952035388434832,-0.02271285542490596,0.21519877000402893,-0.013430479498560216
520,0.0,4635.9780161698445,0.048092950274289045,0.027939899032648808,0.24155560947184992,-0.027939899032648808,0.22310582184437522,-0.01778330535878679
521,0.0,4652.685501906247,0.0039708476517861324,0.02007678187463477,0.22910378442213739,-0.020076208083223097,0.22490521061770385,-0.018471176176117682
522,0.0,4667.742626898474,0.056190437475373854,0.014151690869721924,0.17100918428800238,-0.012075101644397674,0.2087364027187934,-0.016552353816601677
523,0.0,4672.388002173955,0.0,0.0007171831236420245,0.553976794384355,0.010252624768558429,0.3123085202184619,-0.008510860241053644
524,0.0,4689.309617247384,0.07592494856199614,0.017683513867911383,0.06340331640934298,-0.017656710333973764,0.2376369590757262,-0.01125461526892968
525,0.0,4704.042855140066,0.13878054306488197,0.02135982388911669,0.059215451947483046,-0.02135982388911669,0.18411050693725325,-0.014286177854985782
526,0.0,4714.150185622425,0.01253722567963872,0.010450054688364364,0.2652575684291879,-0.008738123522486922,0.20845462538483361,-0.012621761555236123
527,0.0,4726.615878499864,0.060667280134794915,0.01125587534717837,0.20100621109980044,-0.010562851497587839,0.20622010109932365,-0.012004088537941637
528,0.0,4739.989278534012,0.08061465855612214,0.014516539741114123,0.09406118895200409,-0.014213411428688708,0.17257242745512777,-0.012666885405165758
529,0.0,4749.862694019024,0.0,0.008676654326089724,0.7776810112288045,-0.007537569808205274,0.35410500258723077,-0.011128090726077611
530,0.0,4760.253419997581,0.03803528634039574,0.007993760334255985,0.30746007071791437,-0.007989003044691103,0.3401115230264358,-0.010186364421661659
531,0.0,4769.501388578253,0.013290665767159277,0.01151225556177589,0.4262783852593468,-0.007250408185832631,0.3659615816963091,-0.00930557755091295
532,0.0,4774.217873989282,0.0,0.004744539547423239,0.25409713392994376,0.0011725173975386898,0.3324022473663995,-0.006162149066377458
533,0.0,4784.647173729256,0.031878499293099403,0.011777641631645148,0.08490321298699877,-0.011777641631645148,0.2581525370525793,-0.007846796835957764
534,0.0,4793.754794605347,0.16546693489832248,0.01222835501288115,-0.09709408930203384,-0.01222835501288115,0.15157854914619534,-0.00916126428903478
535,0.0,4795.016460657224,0.00108256360340557,0.00443117380143579,0.4673055254971795,0.0059269951080878494,0.24629664205149057,-0.00463478646989799
536,0.0,4805.967748197712,0.09436456154152892,0.013079502251038886,0.037370035186901365,-0.013079082638693555,0.1836186599921138,-0.007168075320536659
537,0.0,4805.175862574395,2.729525192603943e-05,0.0019373992091279045,0.4112198882525369,0.006776334093076598,0.2518990284702407,-0.0029847524964526817
538,0.0,4807.684673913391,0.0,0.0031581755911075948,0.4179844999114078,0.0023644195233379233,0.30172466990259084,-0.0013800008905155002
539,0.0,4816.855008364275,0.012540052673752689,0.01595955903280015,0.1365561885705888,-0.015938246218432123,0.25217412550299023,-0.005747474488890486
540,0.0,4832.145917728911,0.09967989486218849,0.03017908214499994,-0.060034913424814706,-0.03017908214499994,0.15851141382464876,-0.01307695678572332
541,0.0,4844.729440155865,0.18575147121849264,0.019706602885965485,-0.181620499145334,-0.019683845930822046,0.05647183993365392,-0.015059023529252938
542,0.0,4851.383646787394,0.0004553693345490983,0.004962223473880043,0.4772317766192519,0.0003863588164942794,0.1826998209393333,-0.010425408825528771
543,0.0,4862.085992422234,0.019196446571422228,0.00680397151730472,0.15930754547749917,-0.006175678528548787,0.17568213830078305,-0.009150489736434776
544,0.0,4864.930162946108,0.0,0.0036827343106346374,0.5520994755406878,0.005315716007541006,0.28860733947275446,-0.004810628013242041
545,0.0,4869.50460726348,0.0,0.005199337500876092,0.4541601086887461,0.00020211064814662033,0.33827317023755193,-0.0033068064148254425
546,0.0,4872.621104324578,0.014690538153010774,0.005156379194688599,0.1365708068286714,-0.0013438477628737113,0.2777624612148878,-0.002717918819239923
547,0.0,4881.763809741577,0.1409742086048985,0.015489466319169037,-0.13000207609981998,-0.015489466319169037,0.15543310002047545,-0.0065493830692186575
548,0.0,4892.934286336232,0.15984172575001085,0.02016814378119423,0.015394721619689054,-0.020167769840940906,0.11342158650023952,-0.010634899100735331
549,0.0,4909.174655445239,0.15872481933943414,0.02656870748413364,-0.0724371406844773,-0.02656870748413364,0.05766396834482447,-0.015415041615754823
550,0.0,4915.142618321832,0.0,0.0033790343600449933,0.544058385286823,-0.0007129426956430649,0.20358229342742404,-0.011004411939721296
551,0.0,4922.840043767159,0.007371697321829139,0.00470284565561002,0.2633736827434137,0.0004795491694700724,0.22151971022222094,-0.007559223606963885
552,0.0,4932.534703855488,0.043146948328128945,0.011533067373768328,0.24986173513245344,-0.00841931176318749,0.2300223176952907,-0.007817250053830965
553,0.0,4939.489374095662,0.0,0.00917352786149974,0.5655920866743567,-0.006288986324197339,0.3306932483890105,-0.007358770934940877
554,0.0,4947.711019052083,0.011618611452214683,0.012823989334047855,0.3519409155010834,-0.008678842730846197,0.3370675485226323,-0.007754792473712473
555,0.7503809079102042,4965.318093535316,0.35823530388712815,0.028692902429766468,-0.2704514610817538,-0.028692902429766468,0.15481184564131648,-0.014036225460528672
556,0.0,4968.920747322174,0.004081746058082002,0.0032747728419011695,0.18244004451387644,0.0011572228316854463,0.16310030530308445,-0.009478190972864436
557,0.0,4982.839257261367,0.10185179043394654,0.014097630843822137,-0.03054421858025029,-0.013980902894731771,0.10500694813808402,-0.010829004549424637
558,0.0,4985.54803238787,0.0,0.0038368325033905555,0.6842730606400618,0.004681042606077638,0.27878678188867734,-0.006175990402773954
559,0.0,4984.198946771615,0.0004553693345490983,0.002943243212557089,0.6454587783099092,0.014348141039631442,0.38878838081504685,-1.8750970052335003e-05
560,0.0,4996.775323533611,0.0014657247838081226,0.01976668029418332,0.3139599127778512,-0.01976668029418332,0.3663398404038881,-0.00594312976729163
561,0.0,5001.875707055558,0.08242937001919855,0.012705218054672862,0.10575832409831494,-0.010358636336612877,0.28816538551221615,-0.007267781738088003
562,0.4772752005943146,5018.098961436789,0.2626608034128978,0.027304862214216727,-0.26184067716239556,-0.027304862214216727,0.12316356670983264,-0.01327890588092662
563,0.0,5029.277130205813,0.1615046819781824,0.01520101066529073,-0.15933055530275397,-0.01516395787991724,0.038415330106056654,-0.013844421480623804
564,0.0,5042.035341745758,0.07679921839027783,0.012771669581366791,0.06641588685660496,-0.012170562853894956,0.04681549713122114,-0.013342263892605148
565,0.0,5050.999797864372,0.0006885482663109481,0.004385355176763725,0.19850215812469843,-0.0036987502092743147,0.09232149542926432,-0.010449209787605898
566,0.0,5062.867730185268,0.020486460166387603,0.011647073025503463,0.14319161635569763,-0.010391283705916134,0.10758253170719431,-0.010431831963098968
567,0.0,5071.913417490074,0.029496193412777365,0.01064077031555501,0.16969627792100678,-0.0075259286911273995,0.12621665557133804,-0.009560060981507496
568,0.0,5085.077531749038,0.0021009635773790755,0.01617111536349886,0.22197951669607152,-0.01616041053705054,0.15494551390875808,-0.011540165848170407
569,0.0,5096.2092833885035,0.039099215999665274,0.014803871319606436,0.20539287295976724,-0.0127519121494761,0.17007972162406082,-0.011903689738562113
570,0.0,5100.085285824438,0.00012809561823393342,0.0017840753145464043,0.5585158333493514,0.004441988089419595,0.28661055514164796,-0.006999986390167599
571,0.0,5116.235331216449,0.08800368470332108,0.020971978351414233,0.05890070009961332,-0.020954584989430713,0.21829759862903755,-0.011186365969946533
572,0.0,5123.026735005642,0.0,0.010407427342219434,0.2223454175566025,-0.006391006822311534,0.21951194430730703,-0.009747758225656034
573,0.0,5129.155766051661,0.0,0.008246856617366339,0.5293049250797401,-0.0007101935344424936,0.31244983853903696,-0.007036488818291971
574,0.0,5133.624982760634,0.0,0.003661944396731678,0.38814690070230423,0.0011362337087928906,0.33515895718801714,-0.004584672060166512
575,0.0,5132.554961477882,0.004624997792573458,0.0012925411174245728,0.3933565634799919,0.009749914860628678,0.3526182390756095,-0.0002842959839279551
576,0.0,5133.201795265928,3.867622823394803e-05,0.004185892853588473,0.4397800995718363,0.0034399753369069946,0.3787667972244775,0.0008329854123225298
577,0.0,5133.844677730867,0.07106670983185187,0.0034732358613282256,0.13224678077612187,-0.0010779045442114777,0.30481079228997077,0.0002597184253623276
578,0.0,5140.23887395077,0.0829747628316734,0.015280423214697804,0.08759360597284267,-0.014199756863689404,0.23964563639483233,-0.004078124161353192
579,0.0,5139.475293255735,0.0,0.004831462226096565,0.5831684379972727,0.0014901749282916579,0.34270247687556443,-0.002407634434459737
580,0.0,5147.321783425147,0.021659731410573677,0.012463558836601444,0.33918899938262287,-0.011998490416762889,0.34164843362768194,-0.005284891229150683
581,0.0,5157.994051255877,0.03660963634636819,0.01950573497690697,0.0818130453777535,-0.01950573497690697,0.2636978171527034,-0.009551144353477568
582,0.0,5164.99559941362,0.0097753479634973,0.009568214903781935,0.07100620836280237,-0.008683499283539111,0.20589033451573308,-0.00929085083249603
583,0.0,5180.565163333237,0.06059349650132109,0.022100364012976968,0.10957047338619262,-0.022100364012976968,0.17699437617687092,-0.013133704786640311
584,0.7396122935515885,5196.656040961407,0.35099840969588636,0.02329745440872642,-0.35076833727421547,-0.02329745440872642,0.018665562141544995,-0.016182829673266143
585,0.0,5210.495393261576,0.15471485286574443,0.01458191322714677,0.057013774515488,-0.014476756902882772,0.030170025853727897,-0.01567100784215113
586,0.0,5223.607223725589,0.0026060444762159847,0.01270864444241963,0.3142077729119973,-0.009806240563618441,0.11538134997120872,-0.013911577658591323
587,0.0,5229.181218068274,0.007357747378772927,0.0048406520826944945,0.3085156099063656,0.005291127357423114,0.17332162795175576,-0.008150766153786992
588,0.0,5237.868592481159,0.0,0.005948895355012548,0.6805445365951217,-0.003267854709404848,0.3254885005447655,-0.006685892720472348
589,0.0,5243.662959002291,0.0,0.0071591412611357015,0.6003511257757747,-0.0033026366454785494,0.4079472881140682,-0.005670915897974208
590,0.0,5249.987535543108,0.0,0.007985102832724002,0.42946857503713437,-0.005975441380458018,0.414403674190988,-0.005762273542719351
591,0.0,5244.602822363708,0.0,0.0006932286668118878,0.7466637320713293,0.017365451248417776,0.5140816915550903,0.0011760438946217871
592,0.0,5251.574281730438,0.02061234486806491,0.009607308553830579,0.1363925928311391,-0.008570507235964716,0.40077496193790496,-0.0017479214445541638
593,0.0,5260.222281366932,0.05232587156842853,0.01916888157273908,0.23246005191240277,-0.01916888157273908,0.35028048893025426,-0.006974209483009639
594,0.0,5268.388308889556,0.07216270369763839,0.014901213772262502,0.1620653500830191,-0.014901213772262502,0.29381594727608373,-0.009352310769785498
595,0.0,5276.4519707298,0.029564979404911117,0.009440439775305617,0.1132223653059537,-0.0091448143402997,0.23963787268504472,-0.009290061840939758
596,0.0,5282.627215552408,0.057950401158164404,0.007177457960821702,0.05639212705900228,-0.0027360170852020497,0.184664148997232,-0.007323848414218445
597,0.0,5292.185613093106,0.22385752205326848,0.009931020108215498,-0.2226466275182835,-0.009931020108215498,0.062470916042577346,-0.008105999922417562
598,0.0,5308.327416091656,0.20677788037194306,0.025661997485402696,-0.09601980051999223,-0.025661997485402696,0.014923701073806472,-0.013372799191313102
599,0.0,5312.605294568249,0.0,0.003213346315162334,0.3510842005847932,8.870305925569083e-05,0.11577185092710249,-0.009334348516142463
600,0.0,5329.498336176908,0.20712492353864606,0.020874906338916033,-0.1984166364394461,-0.020874906338916033,0.02151530471713791,-0.012796515862974533
601,0.0,5338.602767135711,0.05184017783025778,0.01148981857719408,0.1786498862062096,-0.008711096632232887,0.06865567916385942,-0.01157089009375204
602,0.0,5353.832329700311,0.09481237233819244,0.017971783187751625,0.10832525144984488,-0.01791643089841355,0.08055655084965506,-0.013474552335150491
603,0.0,5365.7495306428245,0.13183462035251564,0.012222994010010861,0.02119896993652901,-0.01221305176861143,0.06274927657571724,-0.01309610216518877
604,0.0,5384.225126226538,0.1271272756255465,0.02390916119340723,-0.09715365962852328,-0.02390916119340723,0.014778395714445086,-0.016340019873654306
605,0.0,5396.332900817903,0.15398902531711656,0.011669769290408753,-0.12596678252776936,-0.01090192314853493,-0.02744515775821925,-0.014708590856118493
606,0.0,5404.5991030760915,0.0,0.006595300636224926,0.4021968901978501,0.0004124572828343161,0.10144745662860155,-0.010172276414432649
607,0.0,5422.046508065838,0.14678309501894812,0.02060346673624812,0.11120632439663852,-0.02060346673624812,0.10437511695901264,-0.013301633510977288
608,0.0,5438.472242868555,0.24559263563746034,0.02306992484433531,-0.2446949924414237,-0.02306992484433531,-0.0003459158611182622,-0.016232120910984693
609,0.0,5455.215000650278,0.033172032039717636,0.02034853876669532,0.2543048679608417,-0.02034853876669532,0.07604931928546972,-0.01746704626769788
610,0.0,5469.828794695499,0.14953641774101226,0.013059196031783793,0.0003793116783577826,-0.012809151384115378,0.053348317003336136,-0.01606967780262313
611,0.0,5481.379590632319,0.0,0.010250803688561363,0.501845297637784,-0.005199748431083365,0.18789741119367048,-0.012808698991161199
612,0.0,5498.004316614363,0.06425169299233635,0.01736247608497023,0.45059468990208734,-0.017361902293558558,0.2667065948061955,-0.014174659981880406
613,0.0,5511.970069218937,0.0,0.015313676440202404,0.4013927841864659,-0.01516231231115702,0.3071124516202766,-0.01447095568066339
614,0.0,5523.686148052787,0.11080666897111427,0.011794447727587563,0.279049876893968,-0.009040270269364851,0.298693679202384,-0.012841750057273827
615,0.0,5536.747803366053,0.13767899882392678,0.013285120555420766,0.01106593487629797,-0.011602796816227112,0.21240535590455817,-0.012470064084959811
616,0.0,5541.669135545353,0.0,0.00519558127521892,0.49206241210435586,0.0036436336063234613,0.2963024727644975,-0.007635954777574829
617,0.0,5549.453956710322,0.0,0.004381901543602339,0.3265296676956728,-0.0029105625561200526,0.3053706312438501,-0.006218337111138395
618,0.0,5554.758224921831,0.03499719147734447,0.00397312199540704,0.21645383132752888,-0.0028373418343747513,0.2786955912689537,-0.005204038528109302
619,0.0,5558.952777267179,0.06934693430399705,0.004418957293068117,0.2998519342820894,-0.0020443812900340363,0.2850424941728944,-0.0042561413566867224
620,0.0,5565.781932533433,0.041879671009511794,0.013364330327673332,0.19412742702306746,-0.00862919411472011,0.2577679740279463,-0.005568057184096739
621,0.0,5569.782769030818,0.09030613557490223,0.008492207892216073,0.19237341669447577,-0.0036695930736640333,0.23814960682790515,-0.004998517950966928
622,0.0,5575.339329116119,0.0,0.00692755959773961,0.304333916254901,-0.005567835696321991,0.2580048996560039,-0.0051693132745734465
623,0.0,5579.0132250323595,0.017689996361285085,0.00412665913288169,0.09793577362693168,-0.0022317722401370274,0.20998416184728225,-0.004288050964242521
624,0.0,5585.068834857741,4.7118350116458895e-05,0.008865751053752853,0.4610556720785852,-0.007052483685020554,0.28530561491667317,-0.005117380780475931
625,0.0,5590.242372362236,0.04332609595297853,0.010556017684342018,0.26297369399389725,-0.0060982591807571965,0.2786060386398404,-0.00541164430056031
626,0.0,5600.0611184978425,0.11535187639973286,0.014899630956995365,-0.03036754199904433,-0.014899630956995365,0.18591396444817498,-0.008258040297490827
627,0.0,5609.526858971664,0.004531912426979399,0.01373907816164963,0.3036211570971428,-0.01373907816164963,0.22122612224286534,-0.009902351656738466
628,0.0,5623.95780866625,0.05247003634907641,0.021049755234800682,0.03406384663916824,-0.021049755234800682,0.1650774395617562,-0.01324657273015713
629,0.0,5637.980500591305,0.16294369971175265,0.01843389645732456,0.09727646689346633,-0.01834705133767489,0.14473714776126922,-0.014776716312412458
630,0.0,5652.497467647406,0.0007057402471200193,0.015829471593277147,0.2787030444161931,-0.015829471593277147,0.18492691675774636,-0.015092542896671862
631,0.0,5664.677068581452,0.11446155225189353,0.009458457334226601,0.021639119849979384,-0.009352899833139547,0.13594057768541626,-0.013370649977612167
632,0.0,5675.832099418489,0.01291422618068866,0.008105152038292282,0.17585505629238596,-0.006961138310725284,0.14791492126750716,-0.011447796477546101
633,0.0,5694.555175818714,0.0740678192010375,0.024601657253893353,0.07060028843359804,-0.024601657253893353,0.12472053141733441,-0.015393954710450276
634,0.0,5705.869583758907,0.05048126230075386,0.013142375941667898,0.025630834378358187,-0.011005480431687588,0.09499362230564154,-0.01407741242682147
635,0.0,5725.478835675971,0.16426373318845047,0.024275968630840708,-0.15153381732077895,-0.02423067981938049,0.021035390417715384,-0.017123392644589175
636,0.0,5740.3150350452415,0.17846152967877063,0.016179288171067847,-0.03351808402107992,-0.015531302714516847,0.0046693480860767935,-0.016645765665567476
637,0.0,5752.1638464983125,0.04925972537162303,0.008143389333697806,0.1981768876961021,-0.006154582953052677,0.06272160996908438,-0.013498410851813036
638,0.0,5764.099127418337,0.014269270159002386,0.00719989169039266,0.08656710714864216,-0.006963395562927659,0.06987525912295171,-0.011537906265147422
639,0.0,5774.162966227072,0.0,0.008336650308064679,0.3997449833087775,-0.006424740119842581,0.16883617637869944,-0.010003956421555969
640,0.0,5784.845497001211,0.000967326909653409,0.009842578745794278,0.25367380787459576,-0.009819788569031335,0.1942874658274683,-0.009948706065798578
641,0.0,5791.477470794544,0.009375141966657478,0.006358974899052323,0.1883782071875063,-0.0029812947109170906,0.19251468823547968,-0.007858482659334132
642,0.0,5802.515363869031,0.14150836454867927,0.014401225317065811,0.012565016464827626,-0.01230493830916447,0.13852978670428404,-0.009192419354283233
643,0.0,5810.137496024293,0.029134521342688492,0.007537243413051196,0.18247272757673938,-0.007310505080228289,0.15171266896602065,-0.00862784507206675
644,0.0,5828.598960327762,0.2243789124075445,0.028526453593513076,-0.09682913580586894,-0.028526453593513076,0.07715012753445376,-0.014597427628500647
645,0.0,5837.235606034167,0.014653222888852659,0.00860661087197717,0.18217618192320176,-0.00839744712042153,0.10865794385107816,-0.01273743347607691
646,0.0,5841.99878945707,0.0,0.0006478471561539947,0.33884458221941044,0.005813081376811156,0.1777139353615778,-0.00717227902021049
647,0.0,5861.903431091984,0.017306753484919838,0.027900998575981127,0.22886316579748367,-0.027900998575981127,0.19305870449234955,-0.01339089488694168
648,0.0,5876.431423571212,0.18287152298258996,0.022237573065383896,-0.17297288139096145,-0.022237573065383896,0.08324922872735624,-0.016044898340474345
649,0.0,5891.168476327506,0.07827194012722823,0.016084806970864892,0.05587425892840379,-0.016084806970864892,0.0750367377876705,-0.01605687092959151
650,0.0,5906.859810852007,0.004428752198078628,0.015307808199316862,0.2386064177689356,-0.015307808199316862,0.12410764178205003,-0.015832152110509114
651,0.0,5918.060816313528,0.03486172098924265,0.008135573651327506,0.3000599139465914,-0.005949847821905427,0.1768933234314124,-0.012867460823928006
652,0.0,5937.537028953195,0.1116334588275178,0.02354747368319278,-0.08020122272539786,-0.02354747368319278,0.0997649595843693,-0.016071464681707438
653,0.0,5951.9135852047275,0.06974000265862369,0.015877909470697053,-0.043130482201830175,-0.015877909470697053,0.05689632704850945,-0.016013398118404323
654,0.0,5962.07657013991,0.0,0.004912523906775188,0.467644581008082,-0.0037645513165833508,0.1801208032363812,-0.012338744077858031
655,0.0,5972.276812533413,0.0,0.007967865808603234,0.6304997990128567,-0.0040557676098858225,0.3152345019693238,-0.009853851137466368
656,0.0,5982.194255645084,0.0395965059479794,0.012463109499917979,0.3788768235488923,-0.007397904270819279,0.3343271984431943,-0.009117067077472242
657,0.0,5986.434098937284,0.0,0.003470971944625858,0.722616772382766,0.001811299204339733,0.4508140706250658,-0.005838557192928649
658,0.0,5994.688164203213,0.021821696147568403,0.008114385544979714,0.11506872735265002,-0.007455751215280913,0.350090467643341,-0.006323715399634328
659,0.0,5995.352571500931,0.0,0.0011471710540157005,0.568567771531571,0.004961136680706267,0.41563365880980996,-0.0029382597755321493
660,0.0,6003.454975800976,0.005049742713810395,0.010171334762614228,0.2622525117655789,-0.010170377926493269,0.3696193146965406,-0.005107895220820485
661,0.0,6013.08583631582,0.10922681286233063,0.016790776505546605,-0.009388996449571663,-0.016790776505546605,0.2559168213527069,-0.008612759606238321
662,0.0,6021.674764881156,0.0007415444370483879,0.013104463983502875,0.23319490594284772,-0.01221401200583295,0.24910024672974912,-0.009693135326116709
663,0.0,6032.02529566605,0.07205085854323502,0.015232736616635505,0.11259192246926211,-0.012188100573441078,0.208147749451603,-0.01044162490031402
664,0.0,6047.325711767102,0.19078421872259194,0.021343783208307602,-0.18573250815588474,-0.021343783208307602,0.08998367216935668,-0.013712272392712093
665,0.0,6059.829102432551,0.08600914541457333,0.01460069326549553,-0.04762581121194993,-0.01460069326549553,0.048700827154964696,-0.013978798654547122
666,0.0,6065.379092742243,0.0,0.006496415109807345,0.5825457847891227,0.003303587207821024,0.20885431444521207,-0.008794082895836677
667,0.0,6077.272577056096,0.006941520936517315,0.009856185599128982,0.16694152931801512,-0.009850423601379618,0.196280478907053,-0.00911098510749956
668,0.0,6085.723318388757,0.004842569879360137,0.009021295977959356,0.46496597400541195,-0.00806558371373541,0.27688612743656066,-0.008797364689370315
669,0.0,6097.604213564487,0.1644309006010044,0.014894698600399593,-0.12172451398999129,-0.014894698600399593,0.15730293500859505,-0.010626564862679098
670,0.0,6106.219399385531,0.03518426492893638,0.01227839427484908,0.18020114712228213,-0.008341608706467225,0.16417239864270117,-0.009941078015815535
671,0.021552037682879277,6121.136809344136,0.271172296937274,0.019594387431145104,-0.26124303573769125,-0.019594387431145104,0.03654776832858343,-0.012837070840414406
672,0.0,6127.773244453997,0.0030049829944212804,0.004323219188802306,0.4489857592506591,-0.0029357389273856754,0.16027916560520614,-0.009866671266505787
673,0.0,6138.422873123817,0.08594536643956341,0.00842239132100619,0.07167412792268373,-0.008403666300590026,0.13369765430044941,-0.009427769776731059
674,0.0,6156.183277610874,0.242823525518346,0.026330236371392722,-0.06673693876948308,-0.026330236371392722,0.07356727637946965,-0.014498509755129556
675,0.0,6159.980796069448,0.018332893531778225,0.001193946489118725,0.4166869868723367,0.0025132013018631574,0.17650318952732974,-0.00939499643803174
676,0.0,6175.744472622318,0.07922329318736306,0.017856830262966444,0.022475027977822935,-0.01734692030530114,0.13029474106247768,-0.01178057359821256
677,0.0,6187.275497871541,0.02851521952836114,0.01456452096683446,0.17131567134823975,-0.013745657413006943,0.1426010201482063,-0.012370098742650874
678,0.0,6197.3051069112225,0.007321355415835342,0.009041020078160843,0.2999331479194261,-0.008108167220255626,0.18980065847957223,-0.0110915192859323
679,0.0,6212.361981924197,0.0148643362268851,0.018020823449853354,0.3686961031686038,-0.018020823449853354,0.2434692918862817,-0.013170310535108615
680,0.0,6219.517141893235,0.0,0.006820224011148488,0.6078341749490189,-0.002804154407020011,0.35277875680510284,-0.010060463696682034
681,0.0,6230.516541636199,0.0005481931272982104,0.011431494450064446,0.3766979909789525,-0.008777156669743215,0.3599545270572577,-0.009675471588600389
682,0.0,6236.773155980744,0.0047668682690147285,0.006912142100279328,0.5867234294638393,-0.00215181888423384,0.42798519777923216,-0.007418375777290424
683,0.0,6249.79452348829,0.03016046292132547,0.016740133745207365,0.26539259551282207,-0.016740133745207365,0.3792074170993091,-0.010214903167665506
684,0.0,6261.880309962745,0.018977943002498332,0.017147303432916563,0.2178730107171854,-0.01702562608845029,0.330807095184672,-0.012258120043900941
685,0.0,6272.581287023942,0.0792980266993517,0.013869551315875221,0.27081989504040377,-0.011142423076015612,0.31281093514139147,-0.011923410953535342
686,0.0,6284.440590595215,0.1158586232199955,0.014036050781045811,0.1375855110478087,-0.01144119860469036,0.2602433079133166,-0.011778747248881847
687,0.0,6293.279660691915,0.0,0.009060128741142719,0.39569186625743286,-0.005503728489488289,0.3008778754165515,-0.009896241621063779
688,0.0,6305.154775975699,0.1061793677809832,0.012730946417861327,0.17842097070814983,-0.012057951722752596,0.26414080400403095,-0.010544754651570423
689,0.0,6313.111792604343,0.0033138290134405303,0.005910276901475949,0.37672199057443523,-0.00582916817725156,0.2979151599751522,-0.009130078709274764
690,0.0,6313.066743877253,0.0,0.0025967076251843194,0.6389456658662902,0.011458390889707995,0.4002243117424936,-0.002953537829579936
691,0.0,6323.350654822922,0.0013433346415042899,0.012268052660860587,0.2463792781369866,-0.011791251738414317,0.3540708016608415,-0.005604852002230249
692,0.0,6327.932669752308,0.026827854558258896,0.007512816141377655,0.17533333631464168,-0.006235727030318096,0.30044956205698153,-0.005794114510656603
693,0.1695867725275999,6341.73935897366,0.227155242150434,0.02268412693754909,-0.21712371142520237,-0.02268412693754909,0.14517758001232636,-0.010861118238724349
694,0.0,6361.098370493595,0.0691516500461709,0.0338431914579839,-0.008936057101905565,-0.0338431914579839,0.09894348887805678,-0.017755740204502213
695,0.0,6375.9607743711085,0.09873293299562332,0.020794032177719402,0.24649090495307102,-0.0189098540709618,0.14320771370056104,-0.01810197436444009
696,0.0,6390.703557062038,0.0,0.011798379378218442,0.3956664742495835,-0.01146431896122787,0.21894534186526776,-0.016110677743476423
697,0.0,6407.597590701108,0.0715482145444736,0.01566840187912658,0.0617776426836579,-0.01566840187912658,0.17179503211078478,-0.01597799498417147
698,0.0,6424.818170327024,0.16592368261855758,0.018492393117126173,-0.12635430173457457,-0.018428501780195467,0.08235023195717697,-0.01671314702297867
699,0.0,6435.578191240872,0.0079612604030962,0.007335346735095707,0.3949529610065089,-0.00507658433604612,0.17613105067197654,-0.013222178216898904
700,0.0,6444.137107242568,0.028824741847843532,0.0042407813082214136,0.35241214327275217,0.00012937723777268204,0.2290153784522092,-0.009216711580497427
701,0.0,6454.713436910725,0.0014935081439066632,0.010370723898590537,0.3175614689940274,-0.007876888183534615,0.25557920561475467,-0.008814764561408582
702,0.0,6464.179668993527,0.0587622400183626,0.009768509305691134,0.2767072831941591,-0.009753293752760977,0.261917628888576,-0.0090963233188143
703,0.0,6480.836268537823,0.14582708189095644,0.025140189160867008,-0.0017987435609805754,-0.025140189160867008,0.18280271715370902,-0.013909483071430112
704,0.0,6492.111249106655,0.0,0.013466076437755716,0.3115718042228266,-0.013434644266659431,0.22143344327444428,-0.013767031429998907
705,0.0,6509.32777503304,0.2390699376697342,0.02085105435941222,-0.21822744155542964,-0.02080509117097915,0.08953517782548209,-0.01587844935229298
706,0.0,6527.224194370008,0.09169368161295778,0.022281947156089495,0.07962707027989047,-0.022281947156089495,0.0865627455618046,-0.017799498693431934
707,0.0,6543.775696623711,0.004441892812219048,0.017200599174348987,0.23288646128044763,-0.017200599174348987,0.1304598602773975,-0.01761982883770705
708,0.0,6553.818351153528,0.004141556122751457,0.006160613710614498,0.5016535892843337,-0.0016468929298896415,0.24181797897947838,-0.012827948065361828
709,0.0,6567.635818412222,0.10331853580237231,0.009897903913609039,0.05944037443687336,-0.009897903913609039,0.18710469761669685,-0.01194893481983599
710,0.0,6575.020213936997,0.0011193465968977025,0.007883776620102511,0.3911571388070043,-0.001523839157704415,0.24832042997378906,-0.008821406121196518
711,0.0,6581.1668401024135,0.0008819114845984634,0.005696257973198212,0.2539871037419144,8.894514428636875e-06,0.25002043210422664,-0.006172315930508972
712,0.0,6589.536678284589,0.02942881967964539,0.00826471005194424,0.21860767092292707,-0.007991018339513156,0.24059660374983674,-0.006717926653210226
713,0.0,6589.719879643292,0.0,0.0034383144117040598,0.5946235218208423,0.006327739874196899,0.34680467917113844,-0.0028042266949880883
714,0.0,6601.711555823569,0.0,0.017926501818014737,0.3606130887423584,-0.017867975666191825,0.3509472020425044,-0.007323351386349208
715,0.0,6603.800928312443,0.0,0.006461750308274409,0.5477273919003973,-0.001126650236776848,0.40998125899987226,-0.0054643410414774995
716,0.0,6609.788248037162,0.0,0.006966920167786354,0.35662467046897284,-0.004617410855656586,0.3939742824406024,-0.005210261985731225
717,0.0,6615.694238016949,0.036395962330850996,0.0065620062114776,0.08814606299527245,-0.006395029623612201,0.3022258166070034,-0.005565692277095517
718,0.0,6619.494270039103,3.867622823394803e-05,0.007766544906466682,0.49475785867563166,-0.00225747329947091,0.3599854292275918,-0.004573226583808135
719,0.0,6630.619353470691,0.04733430568173256,0.017193616633923867,0.026006764000762787,-0.017189109919510004,0.25979182965954306,-0.008357991584518696
720,0.0,6634.7517202025865,0.006628426122324286,0.008457843780797943,0.379285522239253,-0.0034970700172934385,0.29563993743345607,-0.006899715114351119
721,0.0,6638.148863828618,0.007772734008722076,0.004744602226483017,0.43958296696640875,0.0019163468094058347,0.33882284629334186,-0.004254896537224032
722,0.0,6641.569082860959,0.0,0.0012775870361319656,0.26546854137650266,0.00023903428245953732,0.3168165548182901,-0.0029067172913189608
723,0.0,6649.631268313675,0.026908629652411024,0.014420183347828911,0.3278192482693619,-0.012242922579746256,0.3201173628536116,-0.005707578877847149
724,0.0,6656.518227553455,0.0788499486120707,0.011084143137774123,-0.0581935491465445,-0.0110821854511755,0.20662408925356474,-0.007319960849845654
725,0.0,6667.453523467502,0.12247676668339262,0.016531473454430366,0.050450670556132476,-0.016531473454430366,0.15977206364433505,-0.010083414631221067
726,0.0,6682.5033540633785,0.20416900439334462,0.023308712246518315,-0.15772660448331166,-0.023308712246518315,0.06452246320604102,-0.014051003915810241
727,0.0,6701.122334692255,0.1799991732623881,0.027700527572814194,-0.1295320902357281,-0.027700527572814194,0.006306097173510286,-0.018145861012911428
728,0.0,6711.399201407979,0.0,0.007237150876443204,0.2884744851895419,-0.00601759903658152,0.09095661357831976,-0.014507382420012455
729,0.0,6735.504580172411,0.20560267311527428,0.030713126269951364,-0.1788093165135929,-0.030713126269951364,0.010026834550745961,-0.019369105574994126
730,0.0,6747.537655801832,0.09325887516445779,0.010212149741539101,0.07990834422869739,-0.009150004808158288,0.030991287454131385,-0.016303375344943374
731,0.0,6764.608466020136,0.046942002126621536,0.015219025564173934,0.11372797413965743,-0.014708729008139737,0.05581229345978919,-0.01582498144390228
732,0.0,6778.7534153533325,0.03438519099051399,0.012893400469475456,0.21922114483143168,-0.01182658756634757,0.10483494887128193,-0.014625463280635867
733,0.0,6794.3996091487925,0.2914032630609179,0.015502487099784044,-0.15866867122264208,-0.015502487099784044,0.025783862843104723,-0.01488857042638032
734,0.0,6805.197042019674,0.021435352087534117,0.008106232055469304,0.12547597027693702,-0.006639437129242396,0.05569149507325441,-0.012413830437238942
735,0.0,6828.08035150222,0.23555099024276585,0.03164739095960503,-0.23504497544971206,-0.03164739095960503,-0.03152944608363553,-0.01818389859394877
736,0.0,6839.741764079985,0.001483513103342624,0.010605873723472327,0.20187270210916178,-0.010605873723472327,0.03849119837420366,-0.015910491132805835
737,0.0,6858.884687933826,0.11973003231496847,0.020276593196272095,-0.11672507427441388,-0.020276593196272095,-0.0080736834203816,-0.017220321751845714
738,0.0,6876.333723146403,0.1675734956811205,0.019061932637004626,-0.16124968517855265,-0.019061215023202557,-0.05402648394783291,-0.017772589733252766
739,0.0,6889.348252653804,0.0,0.008658053583363894,0.41644598802248833,-0.008435243410026098,0.08711525764326347,-0.014971385836284766
740,0.0,6904.598704447256,0.02004098833475716,0.013293123577418514,0.2116472757335119,-0.012634852521042314,0.124474863070338,-0.01427042584171203
741,0.0,6917.234849445638,0.048168646767448316,0.011491527245666728,0.22037238301215675,-0.010135507423761889,0.1532441190528836,-0.013029950316326987
742,0.0,6933.861019956983,0.07302878819731774,0.01922991371700533,0.11561277380252692,-0.01922991371700533,0.14195471547777658,-0.014889939336530489
743,0.0,6948.296385948901,0.07188162861524486,0.01589034740888946,-0.030376785123687373,-0.01588040009796727,0.09025526529733739,-0.015187077564961522
744,0.0,6958.382063472046,0.02301925923077296,0.007332741511633733,0.11396745107761928,-0.004868679799125927,0.09736892103142196,-0.012091558235210843
745,0.0,6974.711538578837,0.09843742955864443,0.01769605241584451,-0.08172024626494157,-0.01769605241584451,0.0436421708425129,-0.013772906489400941
746,0.0,6985.0811844382315,0.025190051660073032,0.008730686936256019,0.14392316831567412,-0.008434184608334864,0.07372647008446126,-0.012171289925081118
747,0.0,7005.536822374298,0.3028721215297192,0.027761997693466496,-0.17883292110083057,-0.027761997693466496,-0.002041347271126287,-0.016848502255596733
748,0.0,7025.747819871912,0.22159534889723564,0.0287257968540859,-0.08524609282280299,-0.0287257968540859,-0.027002770936629297,-0.020411690635143483
749,0.0,7037.8683185260925,0.0018814889431515538,0.00795101428986074,0.39272698982044885,-0.00685002857016691,0.09891615729049415,-0.01634319201565051
750,0.0,7053.094491051707,0.049438045871101746,0.00994334100214573,0.212644134088657,-0.009778048682770804,0.133034550329943,-0.014373649015786598
751,0.0,7063.909043422171,0.09420388937113336,0.011822989114163263,0.10006015181305865,-0.004907257046504888,0.12314223077487768,-0.011533731425002084
752,0.0,7075.966127486795,0.034844556254033245,0.009665801933812241,0.12913436414452276,-0.009665801933812241,0.1249398707857712,-0.01097335257764513
753,0.0,7084.527784714529,0.05837042039419455,0.010437165031495993,0.16249754436906233,-0.00536525929933419,0.13620717286075854,-0.009290924594151848
754,0.0,7095.937656491312,0.05678138774216402,0.011952868741829267,-0.004954165778527189,-0.011952868741829267,0.09385877126897281,-0.010089507838455074
755,0.0,7101.468690287248,0.017120402874254436,0.002562776104535377,0.26752089975621096,-0.0014245444626895959,0.14595740981514427,-0.007490018825725429
756,0.0,7106.847927857405,0.018512336627058198,0.007077009104320757,0.2636316843617779,-0.00038475682169796026,0.18125969217913435,-0.005358440224517188
757,0.0,7121.0354890872495,0.11669566230837028,0.021532047942691594,0.07480099274364091,-0.021532047942691594,0.14932208234848632,-0.01021052253996951
758,0.0,7132.875497055404,0.1431902704050056,0.01865953626061714,-0.1371490620838487,-0.01865953626061714,0.06338073901878581,-0.012745226656163799
759,0.0,7139.337092105233,0.08625207824570241,0.005296570936644549,0.05328233571185089,-0.002294644264003319,0.06035121802670533,-0.009610051938515655
760,0.0,7149.682745468335,0.023389358146571868,0.009216613591423926,0.28921268391553095,-0.007876747908855238,0.12900965779335302,-0.00909006072961753
761,0.0,7158.911579178796,0.10051008982376117,0.011633031499668729,0.16051187844960538,-0.008837513597106475,0.13846032399022873,-0.009014296589864213
762,0.0,7170.348382934366,0.04034894570450089,0.013982265539507242,0.1521306813329492,-0.013982265539507242,0.14256143119304487,-0.010504687274757122
763,0.12691490151736673,7181.231149335879,0.23343984530312206,0.014026284011114665,-0.23129432439523462,-0.012844842418929449,0.03040470451656102,-0.011206733818008819
764,0.0,7189.04112841945,0.0,0.008285684024343523,0.4405104849286816,-0.004861459937148849,0.1534364386401972,-0.009303151653750827
765,0.0,7198.449657624563,0.06746243218878062,0.010046896180307312,0.23946560523277963,-0.007539790131320281,0.17924518861797195,-0.008774143197021663
766,0.0,7209.030515933019,0.08939013375939388,0.014403353418638899,-0.004505250967958825,-0.011987082536750656,0.1241200567421927,-0.00973802499894036
767,0.0,7218.689166483091,0.12254286948681958,0.01071227150538154,0.20275526264576027,-0.010576705107463362,0.14771061851326295,-0.009989629031497261
768,0.0,7232.653606757003,0.13444781404753994,0.018532573320441722,0.07937677210338273,-0.018532573320441722,0.12721046459029886,-0.012552512318180598
769,0.0,7247.086774648628,0.11126866760519612,0.019140788644563367,-0.09696081958259496,-0.019140214853151694,0.05995907933843071,-0.014528823078671926
770,0.0,7259.688277083385,0.10810226335247869,0.014631647761953527,0.1608700954537026,-0.012572228779362381,0.09023238417301227,-0.013941844788879063
771,0.0,7269.4807205899015,0.016751307387231636,0.009436046119376254,0.31303915087741907,-0.004685823065422216,0.15707441418433432,-0.011165038271842008
772,0.0,7288.852714253134,0.23741891671642926,0.025370355215324474,-0.1673578576750553,-0.025370355215324474,0.05974473262651744,-0.015426633354886747
773,0.0,7302.027122214661,0.2497046349006493,0.015264000285322654,0.005659547034356061,-0.015173658663560801,0.043519176948869025,-0.015350740947488964
774,0.0,7316.8042305216095,0.027625975882011242,0.01510481116822001,0.29585672517548234,-0.014076618355324573,0.11922044141685302,-0.014968504169839646
775,0.0,7326.999064820384,0.0,0.0076891579129921405,0.33255673102961825,-0.004625195295067965,0.18322132830068258,-0.01186551150740814
776,0.0,7340.065384488572,0.002424067059435637,0.012366236164844464,0.38205216573603673,-0.011134911152332689,0.2428705795312888,-0.011646331400885505
777,0.0,7356.619988602364,0.061288332921388626,0.02164358694181333,-0.03351166498152821,-0.02164358694181333,0.15995590617744368,-0.01464550806316385
778,0.0,7370.776450270738,0.09074389442138256,0.01689301945128078,-0.009369932108989013,-0.016750803763893183,0.10915815469151387,-0.01527709677338265
779,0.0,7380.007618759794,0.018104931065708284,0.004164729694899806,0.25883447131789633,-0.003339317754183079,0.1540610496794286,-0.011695763067622779
780,0.0,7388.004236194263,0.0,0.006608390751369809,0.34537281925664415,-0.0002586537217187424,0.21145458055259325,-0.008264630263851568
781,0.0,7393.136986604394,0.0031882563792259727,0.004637996041632627,0.3735806357622998,0.0018342161019941935,0.2600923971155052,-0.005234976354097839
782,0.0,7400.700897439413,0.0,0.00693764385867869,0.4401156309695558,-0.006931033700021031,0.3140993672717204,-0.005743793557874796
783,0.0,7399.595773748994,0.0,0.0027315782132407884,0.5425840989862306,0.007994766122134555,0.38264478678607344,-0.0016222256538719905
784,0.42793560761239036,7419.010342960444,0.28293098662073274,0.034396308165489546,-0.26300885305059785,-0.034396308165489546,0.18894869483507204,-0.011454450407357257
785,0.0,7419.952319541732,0.0158245787825257,0.005190429529273157,0.256297436451575,0.00020463594540774219,0.2091533173200229,-0.007956724501527757
786,0.0,7432.654960528876,0.11700778196790287,0.014204272306324012,-0.05918046856606215,-0.014200586027988332,0.1286531815541974,-0.009829882959465928
787,0.0,7445.523703935785,0.07816444231061986,0.018492881163206392,0.1558175354675137,-0.018112048951993528,0.13680248772819226,-0.012314532757224207
788,0.0,7449.09081498629,0.0,0.00749745634855624,0.6513407911943158,0.0033210855924440006,0.2911639787680293,-0.007623847252323743
789,0.3902941920512326,7477.215407730535,0.30490659414419563,0.04544760295955542,-0.2994846104407111,-0.04544760295955542,0.11396940200540716,-0.018970973964493244
790,0.0,7489.873065798151,0.0030968617606754413,0.018066445410922227,0.31396981025860865,-0.017638156171177425,0.1739695244813676,-0.018571128626498498
791,0.0,7505.991129457723,0.2102285262935945,0.013596150715784383,-0.004582433314069958,-0.013044071051657138,0.12040393714273633,-0.01691301135404609
792,0.0,7518.410417148841,0.02603018421127344,0.007281312951004213,0.23002385951777607,-0.005823881564138686,0.15328991385524826,-0.013586272417073868
793,0.0,7524.612903571391,0.0,0.003225033153371948,0.49539276580545516,0.00526196813086233,0.2559207694403103,-0.007931800252693008
794,0.0,7541.0151395578805,0.20044353180838134,0.019688466193538496,-0.021398976056339832,-0.019688466193538496,0.17272484579131525,-0.011458800034946655
795,0.0,7549.268268063682,0.047185386489031415,0.011656375758792768,0.17516532292438303,-0.008454275789075063,0.17345698893123557,-0.010557442761185178
796,0.0,7559.697327768869,0.00808305609973589,0.009378879073921868,0.21686209490172215,-0.009351064234353978,0.18647852072238152,-0.010195529203135817
797,0.0,7570.280603601107,0.031222018883537806,0.011779943160087215,0.15829456594885516,-0.01062634139079779,0.1780233342903236,-0.010324772859434408
798,0.0,7587.519617878044,0.08205540362808693,0.02520027575567866,0.13898975943886302,-0.02486407128787568,0.16631326183488543,-0.014686562387966789
799,0.0,7596.425063166827,9.064330985737009e-05,0.01029441221187314,0.43917894035157795,-0.0071860991902221085,0.2481729653898932,-0.012436423428643385
800,0.0,7610.160831050183,0.018361553157684972,0.014495973376290607,0.12742946519611817,-0.012799496293332942,0.21194991533176066,-0.012545345288050251
801,0.0,7619.4616048506,0.08290270727493311,0.00983800788694404,0.3867990699038004,-0.005899281625696128,0.26440466170337257,-0.010551526189344015
802,0.0,7637.971192697719,0.1710060812911102,0.025062581529668494,-0.01204098105416192,-0.025053926415222375,0.18147096887611222,-0.014902246257107522
803,0.0,7649.877114833151,0.042521219383115996,0.01331728446800573,0.013775208664473373,-0.013191904407535584,0.13116224081262054,-0.01438914370223594
804,0.0,7658.564651823127,0.038015004070102096,0.003346506449423805,0.05362743693901105,-0.001976314557037017,0.10790179965053769,-0.010665294958676262
805,0.0,7671.711376589235,0.0,0.012464801349116155,0.43247703925090386,-0.011955931282954097,0.20527437153064754,-0.011052485855959613
806,0.0,7686.477005831335,0.135055422403758,0.0192724931212114,0.10898186719828241,-0.01919152509508869,0.17638662023093798,-0.013494197627698337
807,0.0,7693.0442868807995,0.0,0.0036754341363306204,0.2819360272889335,-0.0016065711852710524,0.20805144234833664,-0.009927909694970151
808,0.0,7708.724442081875,0.01344487322111554,0.019752952972719885,0.30390930781113296,-0.018196871236098224,0.23680880198717552,-0.012408598157308572
809,0.0,7716.470258202606,0.006571696318890385,0.007634695091708385,0.2487916056874155,-0.005278519396038919,0.2404036430972475,-0.010269574528927674
810,0.0,7719.8415614589,0.0037303480924284686,0.0033171079392211324,0.3892342478603684,0.006329973568620181,0.28505282452618375,-0.005289710099663317
811,0.0,7730.697440724026,0.11765649518316282,0.011765259269305543,0.08019067202149648,-0.011698537080560477,0.22359417877477755,-0.007212358193932464
812,0.0,7739.98763593707,0.16740049941556076,0.014015094090248235,-0.05972336998215564,-0.0135439437486118,0.1385989141476976,-0.009111833860336264
813,0.0,7750.153179599398,0.20786479257711507,0.013286256891733293,-0.10495955391826647,-0.01328568310032162,0.06553137372790838,-0.01036398863233187
814,0.0,7755.372614370912,0.008879474796240688,0.006808828146296455,0.3207143566970655,-0.0009504959764584794,0.1420862686186555,-0.007539940835569852
815,0.0,7769.611261722265,0.03240649247256692,0.018594027475087593,0.11336814229104669,-0.018553862955157246,0.13347083072037286,-0.01084411747144607
816,0.0,7778.280999692648,0.054471679120426546,0.011521742768470036,0.14540723912896716,-0.009756010839934815,0.13705175324295113,-0.010517685481992693
817,0.0,7794.2011327037535,0.05158627585395238,0.022172111974997005,0.22686470390634583,-0.021432751178629767,0.16399563844196952,-0.013792205190983814
818,0.0,7809.364647769963,0.20953179420988607,0.020068453990042784,-0.07223922458510938,-0.020060058794570866,0.09312517953384583,-0.015672561272059928
819,0.0,7819.560808687038,0.0,0.007728404789098474,0.5304772693818353,-0.006222098116962816,0.22433080648824263,-0.012837422325530794
820,0.0,7832.914517612459,0.08280235305315439,0.010995631670779145,0.005844069077291063,-0.010959749672665591,0.15878478526495715,-0.012274120529671233
821,0.0,7848.872414001784,0.17198004155884283,0.01936188086659646,-0.014605650866775217,-0.01936188086659646,0.10676765442543742,-0.0144004486307488
822,0.0,7855.103442865132,0.006992514564532811,0.007600776891687304,0.4443364654534331,0.0004042507793792686,0.20803829773383614,-0.009959038807710378
823,0.0,7869.185853561866,0.04671542319328603,0.015183773231368877,0.17975022653960057,-0.013922928344177334,0.19955187637556546,-0.011148205668650463
824,0.0,7867.381173816324,0.0,0.0005905628913323475,0.6650232490652367,0.014598256797435632,0.3391932881824668,-0.003424266928824634
825,0.0,7875.693698344386,0.0,0.00957973313898949,0.5537009405392664,-0.005562367406582022,0.4035455838895067,-0.0040656970721518505
826,0.21911980034890188,7893.067273260648,0.2665324916724573,0.03245859898001387,-0.2305178535309066,-0.03245859898001387,0.21332655266338268,-0.012583567644510454
827,0.0,7893.023895950763,0.0,0.0025135778985907694,0.6529610418821495,0.00484978583093803,0.34521689942901274,-0.007353561601875908
828,0.0,7900.898055690343,0.0,0.007426648887962263,0.40932325779980727,-0.0029902180943482863,0.36444880694025106,-0.006044558549617621
829,0.0,7903.08370575196,0.0,0.002585486694512093,0.5713077672950213,0.0033583789798190163,0.42650649504668214,-0.0032236772907866295
830,0.0,7912.994334488209,0.0002725454315756868,0.014670416411161048,0.2365404423372767,-0.014216408157549215,0.3695166792338605,-0.006521496550815405
831,0.5384652791216409,7926.242615603076,0.36413620538019004,0.023970859455123197,-0.36413620538019004,-0.023970859455123197,0.14942081384964534,-0.011756305422107743
832,0.0,7936.139890743938,0.13067959238813673,0.013497566687386118,-0.10267771465907555,-0.013336251577105855,0.07379125529702907,-0.012230289268607177
833,0.0,7949.251499507838,0.11801998554030894,0.014560104723905046,-0.01225261491330552,-0.014560104723905046,0.047978094233928695,-0.012929233905196538
834,0.0,7962.544705908158,0.004842569879360137,0.014438223672696662,0.6106177125277604,-0.014415577266484434,0.2167699797220782,-0.013375136913582907
835,0.0,7968.10017618911,0.027414680273953954,0.007747341195086177,0.3297597249230491,0.002451352937328475,0.25066690328236946,-0.008627189958309491
836,0.0,7983.469398703433,0.20402738386471597,0.017727886829674664,0.1060358077904919,-0.01772731303826299,0.20727757463480617,-0.01135722688229554
837,0.0,7992.038986004557,0.0008695490545080301,0.009262260227360628,0.25662702678926846,-0.008393432884004534,0.22208241028114484,-0.010468088682808237
838,0.0,8003.5935689085045,0.16617869331394433,0.011805769920177353,0.09112873840952397,-0.01180543268571577,0.18279630871965855,-0.010869291883680497
839,0.0,8014.1918825845205,0.0024411343475135646,0.011765157900449203,0.20493149983449052,-0.010722673951953497,0.18943686605410812,-0.010825306504162396
840,0.0,8014.341857857607,0.0,0.002874197622381735,0.6613744383138993,0.011460784997576242,0.33101813773204547,-0.004139479053640804
841,0.0,8012.17434183951,0.0,0.0008463423024343624,0.613278044296976,0.015964497606772717,0.4156961097015246,0.0018917139444832518
842,0.0,8026.154887951361,0.08813866623175651,0.024893001799834148,-0.014380548601315855,-0.024893001799834148,0.28667311221067243,-0.006143700778811967
843,0.0,8029.2977208984785,0.000584168000756322,0.011337889933302274,0.3073319418624472,-0.008262116466214785,0.29287076110620486,-0.006779225485032812
844,0.0,8043.40402168546,0.13266341975970616,0.022705970599739743,-0.03971005318244578,-0.022705970599739743,0.19309651681960965,-0.011557249019444892
845,0.0,8052.2363806986,0.1669800180111326,0.011100399006333687,0.11612385176476024,-0.010857502687988857,0.1700047173031548,-0.011347325120008082
846,0.0,8073.297517797549,0.19078966370902264,0.031365762680886505,-0.16805884975757024,-0.031365762680886505,0.06858564718493729,-0.01735285638827161
847,0.0,8089.362954530937,0.07940318318128492,0.020943749861155877,0.021235035841947057,-0.020926493845039026,0.054380463782040214,-0.018424947625301835
848,0.0,8106.18370642987,0.021818888185853494,0.016332603342474734,0.13374140021734784,-0.016199634900606254,0.0781887447126325,-0.01775735380789316
849,0.0,8124.563033388338,0.2040291600161075,0.01835772097845747,-0.12129682912822232,-0.01835772097845747,0.018343072560376053,-0.01793746395906245
850,0.0,8133.8050582942315,0.0,0.006615102285729731,0.45808945159330067,-9.580672428894099e-06,0.15026698627025342,-0.012559098973072384
851,0.0,8138.372971021191,0.0030431259354733353,0.003071339309118798,0.5324593784576247,0.009691669233402521,0.26492470392646483,-0.005883868511129913
852,0.0,8151.749621926813,0.044670417858327385,0.016000386603613637,0.004940303924076435,-0.014540466768463746,0.1869293839257483,-0.008480847988330063
853,0.0,8165.039117952096,0.019453306583146132,0.021225145675676443,0.16510465112303813,-0.021204051687397238,0.18038196408493523,-0.012297809098050215
854,0.0,8171.432407645209,0.006577324468197251,0.005254259774010614,0.3234481681305148,-0.00397272816039076,0.2233018252986091,-0.009800284816752379
855,0.0,8176.375646309115,0.0,0.0021731940728318354,0.28135851623658875,0.0029201491280296294,0.24071883258000298,-0.005984154633317775
856,0.0,8186.013242758652,0.0655458469858057,0.01092654523757992,0.166487117649306,-0.009620356142697673,0.21844931810079388,-0.007075015086131744
857,0.0,8202.016302054824,0.21997049016925235,0.026811420162061925,0.004718113336392729,-0.026811420162061925,0.1543299566714735,-0.012995936608910796
858,0.0,8210.549726000698,0.0,0.010105261683713064,0.4713471285115114,-0.009866661813810726,0.24943510822348486,-0.012057154170380776
859,0.0,8220.237274882526,0.0,0.009221937396745154,0.5997226941167145,-0.006142578112425551,0.3545213839914537,-0.010282781352994208
860,0.0,8224.84654585374,0.002227353907997763,0.002617852565082785,0.24575264545628747,0.0033853369604938117,0.3218907624309038,-0.006182345858947802
861,0.0,8237.634853190857,0.012834909772009502,0.015868253471644982,0.33632255396927146,-0.015673478632171504,0.3262202998924141,-0.009029685690914913
862,0.0,8244.040380686012,0.062204785485162256,0.00780656037813345,0.3155978952975939,-0.006528668441377878,0.32303357851396797,-0.008279380516053802
863,0.0,8259.577243619333,0.1176973773778427,0.022617567661546108,-0.02980449476811912,-0.022617567661546108,0.21718215652934184,-0.012580836659701493
864,0.0,8262.982788447354,0.0,0.004214455308671074,0.6242728886203975,0.0020536711733355768,0.33930937615665857,-0.008190484309790372
865,0.0,8275.179172796326,0.17399180060942937,0.013320643847453514,0.05763490655413744,-0.011962825693597851,0.2548070352759022,-0.009322186724932615
866,0.0,8293.696851532826,0.19173717502834978,0.029658318431473884,-0.17733262438469888,-0.029658318431473884,0.12516513737772186,-0.015423026236894996
867,0.0,8290.803479318514,0.0,0.001322067039465988,0.7558088216645789,0.01638109604483005,0.31435824266377893,-0.0058817895523774815
868,0.0,8306.538853132923,0.19338949722564466,0.016471301885241783,0.1352023124486012,-0.016471301885241783,0.2606114635992256,-0.009058643252236771
869,0.0,8313.664183067096,0.0,0.009304264689549943,0.355339149676004,-0.008340129776956974,0.2890297694222591,-0.008843089209652832
870,0.0,8325.257777672186,0.019698553107750476,0.015105340933835643,0.09474394734619702,-0.014348773322457152,0.23074402279944048,-0.010494794443494129
871,0.0,8342.25634292799,0.043419331954927476,0.025764843254392975,0.22303263908236468,-0.025764843254392975,0.22843060768431772,-0.015075809086763783
872,0.0,8353.232943612726,0.043474542743198084,0.011367274397329237,0.07970567933370334,-0.01130768183594149,0.1838131291791334,-0.013945370911517093
873,0.0,8363.446043410624,0.0,0.00977199592081251,0.5684915981658691,-0.004992266325598453,0.2992166698751541,-0.011259439535741501
874,0.0,8376.646482185968,0.038678209960196094,0.01251619937339724,0.2749057566020902,-0.012505342768480155,0.2919233958932349,-0.011633210505563096
875,0.0,8392.4323151463,0.07549483791862895,0.020901457691829224,0.13486754258520353,-0.02067385204656114,0.2448066399008255,-0.014345402967862509
876,0.0,8410.845169953767,0.13670089208397404,0.025644461448605344,0.02466620417495445,-0.025644461448605344,0.1787645091830642,-0.01773512051208536
877,0.0,8420.553834050037,0.06040785138287685,0.007784082794510756,0.2756146679023465,-0.0045442920877000305,0.2078195567988489,-0.01377787198476976
878,0.0,8431.411941007353,0.06877537816515955,0.005855347140871715,0.16225622103361345,-0.0035728942949516894,0.19415055606927825,-0.010716378677824337
879,0.0,8448.04964137306,0.21478486986224454,0.01986340999951469,0.009914280362703878,-0.01986340999951469,0.13887967335730594,-0.013460488074331442
880,0.0,8462.4558259232,0.034945635900684106,0.018313975343214182,0.07768372738703934,-0.01828913635362712,0.12052088956622595,-0.014909082558120144
881,0.0,8479.606402546346,0.06711169729074991,0.021087814447533895,0.27558893785913097,-0.021087814447533895,0.16704130405409745,-0.016762702124944268
882,0.0,8497.588494413087,0.0898836592180565,0.021233951135794116,-0.0293716339848587,-0.021233951135794116,0.10811742264241059,-0.01810407682819922
883,0.0,8515.368066521638,0.08461671068204915,0.01883888858796659,0.1668930945597027,-0.018825290644821517,0.1257501242175982,-0.01832044097318591
884,0.0,8532.884727363331,0.14506716495316338,0.016871278350269435,-0.05772295778081324,-0.016871278350269435,0.07070819961807477,-0.01788569218631097
885,0.0,8549.812377064514,0.21531212501961822,0.015436907022630505,-0.013557633777395228,-0.015436907022630505,0.04542844959943377,-0.017151056637206827
886,0.0,8556.68360470153,3.867622823394803e-05,0.002408329394768875,0.6016668998327467,0.005030499143507616,0.21229998466942765,-0.010496589902992494
887,0.0,8569.268163844785,0.024083023689367294,0.01046132556685267,0.2708357272221068,-0.00791478963873228,0.22986070743523138,-0.00972204982371443
888,0.0,8586.424495210147,0.3528714151176999,0.0244033237862356,-0.1055277559347359,-0.0244033237862356,0.1292441684242412,-0.01412643201247078
889,0.0,8603.796229630741,0.26465127964138463,0.02547537680935227,-0.08885136879876612,-0.02547537680935227,0.06381550725733899,-0.017531115451535226
890,0.0,8625.420249688466,0.16507712580273215,0.029604545296788704,-0.15817620053439235,-0.029604545296788704,-0.002782005080180415,-0.02115314440511127
891,0.0,8643.894476780142,0.1592153386344917,0.01934501349543181,-0.10455650582899778,-0.01934501349543181,-0.03331435530482563,-0.020610705132207432
892,0.0,8661.485217681065,0.2460868430645286,0.013760362196198726,-0.13538703621122394,-0.013754072074422863,-0.06393615957674512,-0.01855371521487206
893,0.0,8685.583453034906,0.16947310741785646,0.027962101007168016,0.15139947425796105,-0.027962101007168016,0.0006645305736667356,-0.021376230952560846
894,0.0,8706.056134312981,0.1865012939944147,0.022433956357470825,0.01783491927057188,-0.022433956357470825,0.005815647182738279,-0.021693548574033838
895,0.0,8722.769452122222,0.11447088839873973,0.012156101095601085,0.05766784871070428,-0.011648607003083147,0.02137130764112808,-0.01868006610274863
896,0.0,8739.39290862494,0.15692088292482903,0.011275209641441516,0.2509152151157646,-0.011256418528432172,0.09023447988351903,-0.016452971830453692
897,0.0,8751.780580987097,0.08446308265682664,0.006850969916598092,0.059968048789123304,-0.005663708071195951,0.08115455055520031,-0.01321619270267637
898,0.0,8762.3646806098,0.10692814834111906,0.007356887230017569,0.28782969363556427,-0.004361020527967834,0.1431570934793095,-0.010559641050263809
899,0.0,8776.613735936446,0.027658487298932635,0.015584811459683453,0.24761608842160793,-0.015478679488126262,0.17449479196199902,-0.012035352581622544
900,0.0,8786.499723479084,0.0,0.01022315952325332,0.35888495558065964,-0.009094708262239312,0.2298118410475972,-0.011153159285807575
901,0.0,8801.32055574528,0.12735785716284836,0.01946761064137209,0.04196752511969628,-0.01787519331180579,0.1734585462692269,-0.013169769493607038
902,0.0,8806.521236116081,0.0,0.003272126148778388,0.43166231680577566,0.0013318638791124154,0.2509196774301915,-0.008819279481791202
903,0.0,8814.029200618665,0.0006251983792282823,0.004195520551356866,0.2779117289367415,-0.0015556128461324988,0.25901729288215647,-0.006640179491093591
904,0.0,8820.21587560626,0.04122106640271498,0.005205430868536361,0.18311235914270052,-0.0034254826184928647,0.23624581276031967,-0.005675770429313373
905,0.0,8824.326853269886,0.0002912323722284736,0.0035553582532806354,0.3430472383016078,-0.0014111927281105943,0.2682862404227061,-0.0043963971189525395
906,0.0,8843.512673111172,0.1843138864500425,0.03387501392552414,-0.023920132794400247,-0.03387501392552414,0.18062432845757417,-0.013239982160924018
907,0.0,8850.387470719419,0.019496567590046622,0.0098420473364896,0.18970479195804674,-0.009191248761560033,0.18334846750771594,-0.012025362141114822
908,0.0,8868.039885551216,0.00012809561823393342,0.022483159392735385,0.4665621077555234,-0.022483159392735385,0.26831255958205813,-0.015162701316600989
909,0.9068113808978184,8893.113991840528,0.429102492648435,0.03907952331754961,-0.4275542654793852,-0.03907952331754961,0.059552512063625135,-0.022337747916885572
910,0.0,8902.408552418694,0.0025199398746407393,0.007135511164305466,0.397693095440816,-0.0026384478365176845,0.16099468707678238,-0.016427957892775208
911,0.0,8915.12486069223,0.0,0.00433512922337713,0.4629272538226082,-0.002539323244244305,0.2515744571005301,-0.012261367498215938
912,0.0,8934.897235080769,0.2278515118677642,0.02356910019205558,-0.180295722133075,-0.02356910019205558,0.12201340333044858,-0.01565368730636783
913,0.0,8954.128740213066,0.20456429519266753,0.026641140910540394,-0.11593421354089381,-0.026641140910540394,0.050629118269045856,-0.018949923387619597
914,0.0,8970.396965038157,0.0,0.016796630633659874,0.2899256734684086,-0.016796630633659874,0.12241808482885466,-0.01830393556143168
915,0.0,8983.599366494995,0.0012427953262202753,0.008338686212766663,0.22235292066549311,-0.007002835524583739,0.15239853557984617,-0.014913605550377296
916,0.0,9000.614145138086,0.03754869072152974,0.015804694317642382,0.16569959211417098,-0.01575945573201632,0.15638885254014362,-0.015167360604869003
917,0.0,9013.819797856271,0.004816585205303861,0.011982525194578528,0.21402635127504052,-0.011344797356039939,0.1736801021606127,-0.014020591630220283
918,0.0,9027.16012240232,0.0017516445923403871,0.012401753933003471,0.3759749180442247,-0.011408817522933745,0.23436854692569628,-0.013237059398034321
919,0.0,9033.495346919603,0.0,0.004352237908380982,0.2693284863671636,0.001957942678723971,0.24485652875813646,-0.008678558775006834
920,0.0,9035.893066412735,0.0,0.0009248882331664971,0.7136176300002267,0.009154961211216978,0.3854848591307635,-0.00332850277913969
921,0.0,9051.642291701448,0.07783029898850516,0.02363203301172192,0.009500842394324615,-0.02363203301172192,0.2726896541098318,-0.009419561848914359
922,0.0,9065.91242060292,0.09072150854801994,0.025877985219717854,0.0705088192047858,-0.025869763072758956,0.212035403638318,-0.014354622216067738
923,0.0,9067.644744915462,0.0,0.0023877106858586437,0.6622153252325393,0.006801143867159819,0.3470893801165844,-0.00800789239109947
924,0.0,9072.709282821561,0.0,0.00126287103866139,0.6366349741902799,0.004735273020324219,0.433953058338693,-0.004184942767672363
925,0.0,9076.483352182251,0.0,0.0026341504376362736,0.4522462818172621,0.000653282687944169,0.4394410253822637,-0.002733475130987403
926,0.0,9083.642230423346,0.04424316009307947,0.01210405175107542,0.20027966589995558,-0.010441119488829744,0.36769261753757126,-0.0050457684383401055
927,0.0,9094.830502636272,0.0791844935168904,0.020284652010212047,0.11092929367641362,-0.020251290163888522,0.29066362037922394,-0.00960742495600463
928,0.0,9100.070328901247,0.0021563613112870876,0.0063883486363667755,0.26936619983684323,-0.0052599865555981295,0.2842743942165097,-0.00830319343588268
929,0.0,9110.1871447651,0.00011309321185633347,0.012683710826755356,0.49008960105169075,-0.01072299899402482,0.346018956267064,-0.009029135103325321
930,0.0,9120.973188979693,0.06098423801555579,0.013715734056589038,0.07630273906361454,-0.013445551655385513,0.26510409110602917,-0.010354060068943377
931,0.0,9136.648281240206,0.0678338703203156,0.022819673973898207,-0.05589765210117712,-0.022819673973898207,0.16880356814386727,-0.014093744240429825
932,0.0,9148.768757020642,0.0013139482991576788,0.014081013612072476,0.28728205508007165,-0.013878272627410877,0.20434711422472857,-0.01402910275652414
933,0.0,9157.187839998429,0.0029759085749885947,0.004786668761968859,0.38438707199823546,-0.002274226671752187,0.25835910155678066,-0.010502639931092553
934,0.0,9157.668868295226,0.0,0.002457269109914772,0.6070008761183578,0.014049116416845203,0.36295163392525376,-0.0031371130267112256
935,0.0,9160.181987910473,0.0,0.004714843611439613,0.6434216229702555,0.005835297105902403,0.44709263063875426,-0.00044538998692713705
936,0.0,9163.12114626323,0.00859479702508506,0.00854692913669116,0.20273034648748994,-0.0028368625826287325,0.3737839453933749,-0.0011628317656376156
937,0.0,9164.408652753227,0.00012809561823393342,0.009258892828340585,0.5436914595107434,-0.0021699059608758474,0.4247561996285854,-0.0014649540242090851
938,0.0,9169.914954202393,0.0050547150667994275,0.010373596025453836,0.2864067619059568,-0.010199138512212947,0.3832513683117968,-0.004085209370610243
939,0.0,9169.577140631885,0.0,0.002393246925675865,0.5852390302198222,0.00239998910421912,0.4438476668842044,-0.002139649828161434
940,0.0,9173.843846994605,0.005367426673063515,0.006307117770744514,0.2993877200194467,-0.004544393085108967,0.40050968282477706,-0.0028610728052456936
941,0.0,9177.935974969829,0.02019297339412572,0.010831607556609023,0.2638074974934098,-0.006177253343826278,0.35949902722536686,-0.0038559269668198685
942,0.0,9193.688543654951,0.1564591053339807,0.029676903631592245,-0.12621444960970452,-0.029676903631592245,0.21378498417484543,-0.011602219966251583
943,0.0,9209.98701530457,0.2615334293668232,0.029455132847675192,-0.2615334293668232,-0.029455132847675192,0.07118946011234484,-0.016958093830678665
944,0.0,9229.135217982774,0.1397287141342905,0.02709985587179969,-0.10206852242922249,-0.02709985587179969,0.01921206534987464,-0.02000062244301497
945,0.0,9251.634715632837,0.38726160843967744,0.028375913095549734,-0.34874506608485134,-0.028375913095549734,-0.09117507408054315,-0.0225132096387754
946,0.0,9277.818841823495,0.19512589443327594,0.03277823078411418,-0.015226413273447887,-0.03277823078411418,-0.06839047583841458,-0.025592715982377036
947,0.0,9295.860304790202,0.09658534362017024,0.015153042054723969,0.033741679888139635,-0.013068757974317228,-0.03775082912044831,-0.02183552857995909
948,0.0,9312.478017600353,0.0030691947026178696,0.01095466378429349,0.5098132329498991,-0.007051342182005954,0.12651838950065591,-0.01740027266057315
949,0.0,9329.39107778304,3.868801213256057e-06,0.012014005781271146,0.3846615034329958,-0.011765188415619007,0.20396132368035785,-0.015709747387086907
950,0.0,9337.453259019343,0.02019424959655456,0.0030775035840487817,0.1131300552141604,0.00198364592026569,0.1767119431404986,-0.010401729394881128
951,0.0,9345.118800712129,0.0,0.004408819840209741,0.5765305824111313,0.0008278470596956492,0.2966575349216884,-0.007032856458508094
952,0.0,9356.928344691612,0.008602303341755406,0.014960870749738191,0.4568706418117127,-0.013475046151817542,0.34472146698869566,-0.008965513366500928
953,0.0,9364.535675936118,0.055284059155445604,0.008763107626713772,0.1403171263455649,-0.008149151558170212,0.2834001647957564,-0.008720604824001712
954,0.0,9372.63687464272,0.0003493264229172824,0.009938368296641591,0.26318252638402,-0.007175062347645957,0.2773348732722355,-0.008256942081094985
955,0.0,9386.344254426309,0.08071741253819702,0.01969637351148146,0.15926209001197564,-0.019129038604094404,0.24191303829415753,-0.01151857103799481
956,0.0,9396.22788540759,0.047754631310743284,0.011509976083282164,0.35754458245558696,-0.011509976083282164,0.27660250154258637,-0.011515992551581016
957,0.0,9416.268901807702,0.08563413267792101,0.029273772979333812,0.07448598607213279,-0.029273772979333812,0.21596754690145029,-0.016843326679906855
958,0.0,9422.01203151108,0.00039269467082893045,0.0030356227775197556,0.24997917260965938,0.0007327773041890841,0.22617103461391302,-0.011570495484678074
959,0.0,9425.541977963716,9.942961995622623e-05,0.0002699006786566472,0.6207612404072008,0.010673180827102183,0.3445480963518993,-0.004897392591143997
960,0.0,9434.383625217071,5.907334727686448e-05,0.007867210423114862,0.2375004799119784,-0.006163440956650183,0.312433811419923,-0.0052772071007958525
961,0.0,9442.209477734643,0.0529810048412232,0.01232042171019695,0.20347198480484419,-0.01098252516662859,0.27974526343539935,-0.006988802520545673
962,0.0,9452.02808949259,0.006370361129163141,0.014667150327380018,0.3817451978151137,-0.014667150327380018,0.3103452437493136,-0.009292306862595976
963,0.0,9456.7216917971,0.0,0.004629856937179305,0.28355728140185543,-0.002111156056213524,0.30230885504507615,-0.00713796162068124
964,0.0,9467.20902055854,0.11978067888805063,0.012486968270044405,0.1453801393293453,-0.011871700203602075,0.2552302403303569,-0.00855808319555749
965,0.0,9477.066376297256,0.03990511656005678,0.013010211219123706,0.09277615516863179,-0.012744194300968768,0.20649401478183937,-0.009813916527180873
966,0.0,9478.966624180579,0.0017653027745916797,0.002796632142770858,0.5187939353597314,0.005364733427082589,0.300183990955207,-0.005260321540901834
967,0.0,9488.782285212505,0.0,0.010159311792916386,0.4064978952366494,-0.010007284036495664,0.3320781622396397,-0.006684410289579982
968,0.0,9485.214707009509,0.0,0.0023906412358138686,0.6192912796912539,0.01319047329007659,0.4182420974751239,-0.0007219452156830104
969,0.0,9493.46498520741,0.0004553693345490983,0.010326027161697442,0.45287819925850764,-0.010195071143328484,0.42863292801013897,-0.0035638829939766523
970,0.0,9496.264792782227,0.0,0.007147116801580397,0.46388359007519503,-0.004932411056445514,0.4392081266296558,-0.00397444141271731
971,0.0,9500.561492682895,0.0004190357157476705,0.005610550173170132,0.4257767420140196,-0.005073478282140237,0.43517871124496493,-0.004304152473544188
972,0.0,9511.442275289013,0.08169023461642551,0.0183506380464699,0.10174598399336686,-0.01834891427143399,0.33514889306948553,-0.008517581012911129
973,0.0,9519.57773681808,0.05275363633657353,0.013013421636855057,0.15281820529788057,-0.0121104868167455,0.280449686738004,-0.009595452754061439
974,0.0,9531.393588464452,0.07487785618120738,0.015437614385474491,0.13329011000503127,-0.015344066843399482,0.23630181371811218,-0.011320036980862851
975,0.0,9538.822160401956,0.010343836647854546,0.005742146675884537,0.12770960008883564,-0.005009260043452468,0.20372414962932922,-0.009426803899639737
976,0.0,9543.251467721046,0.01562847946732783,0.004265706418803551,0.4678831891681012,0.00295676510278225,0.28297186149096076,-0.00571173319891314
977,0.0,9552.47887838931,0.011106680244350502,0.009453362059187204,0.15337549612819468,-0.009166195946801597,0.24409295188213093,-0.006748072023279678
978,0.0,9562.517852671797,0.0612644180925153,0.015070417627064417,0.04111096623589373,-0.014683638005347993,0.18319835618825975,-0.009128741817900172
979,0.0,9573.534806404792,0.0,0.015542381010410904,0.3451998023434502,-0.015542381010410904,0.23179879003481688,-0.011052833575653391
980,0.0,9575.268546109297,0.0,0.0034143749653972365,0.6936767318560346,0.006357683074914201,0.3703621725811822,-0.0058296785804831126
981,0.0,9584.102867096766,0.0,0.00992195321244004,0.565894342595723,-0.0066485638083994296,0.4290218235855444,-0.006075344148858007
982,0.0,9596.723842926529,0.12476328990891021,0.019967978451136664,0.07087506889262105,-0.019967978451136664,0.3215777971776674,-0.010243134439541604
983,0.0,9601.242605158508,0.0028134055016761513,0.004115566830040969,0.4547576033612361,-0.0026588072265818826,0.36153173903273794,-0.007967836275653686
984,0.0,9607.563858113841,0.0001728179433446447,0.006564630250884411,0.5162763862149014,-0.002167352104270671,0.40795513318738696,-0.006227691024238781
985,0.0,9612.949041999373,0.0,0.008887546032300436,0.5601165209903881,-0.002659816515041082,0.4536035495282873,-0.00515732867147947
986,0.0,9623.830231314114,0.006637836789477844,0.016323116728541993,0.3643767965437464,-0.01596707756081904,0.426835523632925,-0.00840025333828134
987,0.0,9632.085024268023,0.1064710091727228,0.012983848752486976,0.19973870759120035,-0.01147525739875783,0.35870647882040757,-0.009322754556424288
988,0.0,9639.835770219699,0.06014946468866206,0.009981406697572184,0.15739710965769874,-0.007008675398764364,0.2983136680715949,-0.00862853080912631
989,0.0,9639.824029509433,0.0,0.0035385069381248077,0.7931901104065244,0.010095184593043519,0.4467766007720737,-0.0030114161884753615
990,0.0,9650.174809437442,0.0,0.012901920905045902,0.5866966211750626,-0.01245059624932161,0.48875260689297034,-0.005843170206729236
991,0.0,9655.017741538462,0.001403790793029207,0.009767609380627821,0.4810522782357481,-0.0067090845888513224,0.48644250829580366,-0.006102944521365861
992,0.0,9658.195561490887,0.0,0.0069907492642676435,0.6313327714994312,-0.00027953324715526316,0.529909587256892,-0.004355921139102681
993,0.0,9661.131359568722,0.0,0.005291144609247784,0.523823121393461,0.0004224845950645926,0.5280836474978626,-0.0029223994188524987
994,0.0,9670.514438575163,0.0,0.015404441586317989,0.4530849705750507,-0.014888896767735795,0.505584044421019,-0.006512348623517487
995,0.0,9673.944304999068,0.0,0.0095055513137963,0.7825267361561719,-0.0038300411291837216,0.5886668519415648,-0.005707656375217357
996,0.0,9676.055369733771,0.0,0.0036471109506609656,0.5095637681180095,0.0026234639678312855,0.5649359267944982,-0.003208320272302764
997,0.0,9693.043919005398,0.05836694187052483,0.02931365558035965,0.1486531864450321,-0.02931365558035965,0.44005110468965836,-0.011039920864719829
998,0.0,9692.194217596523,0.014353217432920954,0.005310428887301598,0.6265500782882995,0.005572208254834063,0.4960007967692507,-0.006056282128853661
999,0.0,9700.02328670396,0.020815714350713804,0.00892988895402699,0.44743001361040136,-0.0045582979843699295,0.4814295618215959,-0.005606886885508541
1000,0.0,9708.781240368353,0.009401548643889741,0.013350634075401034,0.48530090735133014,-0.011703489296366557,0.48259096548051617,-0.007435867608765945
1001,0.0,9713.832989324757,0.020254803664660568,0.006687344220596508,0.30438156447497833,-0.004374142003073174,0.4291281451788548,-0.006517349927058113
1002,0.0,9720.208217458168,0.0,0.006038438142687031,0.312368488561365,-0.005264473605178465,0.39410024819360784,-0.0061414870304942176
1003,0.0,9724.556835726735,0.0011188358453087775,0.0056781392128369594,0.3462323724348674,-0.0020148199258915567,0.3797398854659857,-0.0049034868991134194
1004,0.0,9733.99016635951,0.010373993495368241,0.013540850879195149,0.3168066043457513,-0.013051077874052812,0.36085990112991534,-0.007347764191595237
1005,0.0,9739.867608234706,0.0,0.008358849153448141,0.41098916135365,-0.006830714878764943,0.37589867919703573,-0.007192649397746148
1006,0.0,9741.11234175402,0.0,0.0031045569423158084,0.4973070478864837,0.005360419925912065,0.4123211898038701,-0.003426728600648684
1007,0.0,9751.1619730282,0.005028806974546513,0.013356007494058724,0.43340582196063576,-0.013301608340193465,0.4186465794508998,-0.006389192522512118
1008,0.0,9750.872382379968,0.0197804013875448,0.0041284744964124745,0.23644577392773375,0.004439039164597591,0.36398633779394995,-0.003140723016379205
1009,0.0,9753.864740332452,0.0,0.005692138616847947,0.2790929563066295,0.000552193268955758,0.3385183233477538,-0.0020328481307787163
1010,0.0,9752.786432893748,0.01128647426727397,0.0029955413964898718,0.29663125357331843,0.005602762311478149,0.32595220241542316,0.0002578350018983431
1011,0.0,9763.7577526664,0.028280526356263613,0.020802639506803965,0.27935098376092105,-0.020750109181875018,0.3119718368190725,-0.006044548253233665
1012,0.0,9766.813276899782,0.002098645849303127,0.010350349834384473,0.42716284502327834,-0.006382397435970909,0.34652913928033424,-0.006145903008054838
1013,0.0,9767.775537566746,0.0,0.0025436578162795764,0.49597808340486704,0.004547773999611363,0.3913638225176941,-0.0029377999057549776
1014,0.0,9779.404122765476,0.07684008026895796,0.017724116899167537,0.009912430563043223,-0.017701828534556825,0.27692840493129883,-0.007367008494395531
1015,0.0,9783.09872498095,0.02010542396662839,0.009935754377858782,0.4715814640989747,-0.004329921026475751,0.3353243226816016,-0.006455882254019597
1016,0.0,9798.307361701669,0.3112022309332573,0.023741697559251193,-0.08762637844305131,-0.023741697559251193,0.2084391123442057,-0.011641626845589075
1017,0.0,9796.138343579445,0.0,0.001584369043580201,0.7102716054302638,0.01172873288779792,0.3589888602700231,-0.004630518925572976
1018,0.0,9810.88460682151,0.03861012600345971,0.01840174883490872,0.23333085763226558,-0.01840174883490872,0.3212914594786958,-0.0087618878983737
1019,0.0,9827.992683438284,0.2738807324948425,0.030453290408381673,0.023552874856500393,-0.030453290408381673,0.23196988409203717,-0.01526930865137609
1020,0.0,9840.432726708284,0.08377124123919533,0.016153569057885054,-0.028183072947880767,-0.016153569057885054,0.1539239969800618,-0.015534586773328779
1021,0.0,9854.779470394402,0.0356119711160852,0.013336245052006427,0.3134236633321805,-0.013336245052006427,0.2017738968856974,-0.014875084256932073
1022,0.0,9865.843827064136,0.0,0.0071458131056690855,0.5370502800590338,-0.006249086662359634,0.3023568118376983,-0.01228728497856034
1023,0.0,9875.32973604029,0.002317956421439715,0.007505791827640793,0.554395472415909,-0.0037554607252430357,0.3779684100111615,-0.009727737702565147
1024,0.0,9889.206421439281,0.007089249846330262,0.015705183657622242,0.2851324816092917,-0.015705183657622242,0.35011763149060054,-0.011520971489082276
1025,0.0,9903.160369358891,0.1555767977763512,0.019108696452498276,-0.061639060926877806,-0.018457624246971945,0.22659062376535702,-0.013601967316449175
1026,0.0,9913.36523332388,0.011315067205307174,0.011072777415131343,0.23215057050133517,-0.008692372654413631,0.22825860778615042,-0.012129088917838511
1027,0.0,9920.505626023332,0.0,0.00556144377183499,0.5203370163270824,-0.0002017234643153961,0.31588213034843,-0.008550879281781576
1028,0.0,9936.168717277862,0.07339590937241654,0.019640685854113247,0.25087744601893813,-0.019640685854113247,0.2963807250495824,-0.011877821253481077
1029,0.0,9951.571166010905,0.04333377125500081,0.02268635972308497,0.13103614257135124,-0.02268635972308497,0.24677735030611303,-0.015120382794362244
1030,0.0,9961.821145987207,0.008868251051791516,0.012509390786873726,0.28551801362953055,-0.008351378528492291,0.25839954930313824,-0.013089681514601258
1031,0.0,9967.226711875524,0.0,0.004009344490869994,0.4961296916734831,0.005034206539909936,0.3297185920142417,-0.0076525150982479
1032,0.0,9978.545290641943,0.0,0.01063962300073284,0.3512553879278977,-0.009626432723238364,0.33617963078833846,-0.008244690385745039
1033,0.0,9986.665508341755,3.867622823394803e-05,0.011634909962361219,0.445329759108685,-0.008602221547858138,0.3689246692844424,-0.008351949734378968
1034,0.0,9996.931848704973,0.027952645722430045,0.012496338659566236,0.07740435280000875,-0.012451992032619461,0.2814685743391123,-0.009581962423851117
1035,0.0,10003.276636035383,0.0,0.006664311072771582,0.5204376877981868,-0.004119110864047166,0.3531593083768346,-0.007943106955909931
1036,0.0,10017.557599471429,0.009469566813933314,0.02012045624626876,0.3475855485847932,-0.01943983351042466,0.35148718043922217,-0.01139212492226435
1037,0.0,10022.158824957849,0.006981405135188086,0.007507105556159786,0.39478551110532006,-0.0008371448125389828,0.3644766796390515,-0.00822563088934674
1038,0.0,10033.144481966701,0.014784070403182,0.011461427551891862,0.1903929823062628,-0.010677254020698974,0.31225157043921486,-0.00896111782875241
1039,0.0,10038.08076549372,0.0,0.004042945254561345,0.37456397039196565,-0.0013421785953494525,0.33094529042504006,-0.006675436058731523
1040,0.0,10048.928275531302,0.05575643487218348,0.0129863383375669,0.05951123376143701,-0.0129863383375669,0.24951507342595913,-0.008568706742382136
1041,0.0,10054.540970525548,0.001808556221630817,0.006071190793004958,0.21624627475681116,-0.004382505895902251,0.23953443382521472,-0.00731284648843817
1042,0.0,10061.589737509408,0.01923775459046185,0.009920326116326761,0.40665669522555786,-0.005454493089376635,0.2896711122453176,-0.006755340468719709
1043,0.0,10066.93659275019,0.0008884823879938525,0.006945932194797841,0.4392660265467512,-0.0032402608066393196,0.3345495865357477,-0.005700816570095592
1044,0.0,10072.375060421959,0.0,0.006933131116746043,0.23158215303567048,-0.004055793970847853,0.3036593564857245,-0.0052073097903212705
1045,0.0,10069.593149646611,0.0,0.001752473361352868,0.83498983696118,0.011950969283750237,0.4630585006283612,-5.982606809981812e-05
1046,0.0,10074.720167259831,0.01975043566069915,0.00868326237999596,0.13709646717063018,-0.005254512909784606,0.36526989059104187,-0.0016182321206052546
1047,0.0,10077.66302843997,0.001984933724586386,0.0071414066323369765,0.46273007554350504,-0.006001215632663855,0.3945079460767808,-0.0029331271742228347
1048,0.0,10074.606294579911,0.0,0.00269494255104952,0.5077063227275258,0.008176067633013972,0.4284674590720043,0.00039963126794820714
1049,0.0,10084.714220143313,0.07659377538505378,0.018019488753434804,0.060078394671528465,-0.018019488753434804,0.31795073975186156,-0.005126104738466696
1050,0.0,10087.870434657521,0.027909998125454243,0.007604093521231483,0.41711518124697194,-0.006778141777943767,0.34770007220039467,-0.005621715850309817
1051,0.0,10100.873855556416,0.033043769803553336,0.021516529609697792,0.2528110160987196,-0.021516529609697792,0.31923335536989217,-0.010390159978126208
1052,0.0,10112.339795101028,0.25980863345270533,0.01760899878524399,-0.0494728748099844,-0.0175984967081181,0.2086214863159292,-0.012552660997123776
1053,0.0,10118.500780377153,0.0,0.0052852731654533585,0.3739096269618905,-0.0014892751398337004,0.2582079285097176,-0.009233645239936751
1054,0.0,10127.87967873415,0.0011842823135967255,0.009467476379655634,0.18921798547111673,-0.006078947820068868,0.2375109455981373,-0.008287236013976386
1055,0.0,10142.195815146875,0.07922469253012111,0.01986160223433051,0.0038004856419199236,-0.01986160223433051,0.16739780761127207,-0.011759545880082621
1056,0.0,10153.366822713544,0.07217381644651172,0.014184475461696662,0.08749305160221181,-0.014150413837668128,0.143426380808554,-0.012476806267358273
1057,0.0,10162.301587122716,0.0040922103805107685,0.007398676204881596,0.21478011437893452,-0.005844698632882314,0.16483250087966814,-0.010487173977015485
1058,0.0,10174.04563357857,0.0393189298553871,0.014359335399594301,0.2574023096675212,-0.01103312467215411,0.19260344351602404,-0.010650959185557071
1059,0.0,10188.470285350557,0.01917556637554292,0.01868673040799472,0.21917800045715982,-0.01868342833284999,0.20057581059836477,-0.013060699929744946
1060,0.0,10205.388334750423,0.11586698434687462,0.02400074870950195,-0.06237815594124123,-0.02360699126769488,0.12168962063648296,-0.016224587331129928
1061,0.0,10217.511554088358,0.013828644433603697,0.013215547991085241,0.34149160539439877,-0.010975786721745137,0.1876302160638577,-0.014649947148314489
1062,0.0,10233.972371693833,0.008327524960341575,0.016799599759749755,0.11682428413159526,-0.016782343743632903,0.16638843648417898,-0.01528966612691001
1063,0.0,10260.230866916614,0.13222481128743463,0.0388077673460121,-0.120693196374736,-0.0388077673460121,0.08026394662650449,-0.02234509649264064
1064,0.0,10269.588427920024,0.0,0.0062398504548481365,0.3985383937292916,-0.0026371375210415666,0.1757462807573406,-0.016432708801160916
1065,0.0,10285.32500319867,3.867622823394803e-05,0.010099500438055797,0.46811498216618497,-0.008823693450632145,0.26345689117999394,-0.014150004196002285
1066,0.0,10301.02722416007,0.08577873821879645,0.015005971826877757,-0.005342894546672569,-0.015005971826877757,0.18281695546199397,-0.014406794485264926
1067,0.0,10315.844764857848,0.0003167048290447995,0.015599939948706367,0.36918386143963444,-0.015530005645978038,0.2387270272552861,-0.014743757833478859
1068,0.0,10325.53786560819,0.03927346320009488,0.008058085948698893,0.09000606152140576,-0.004572559064668468,0.19411073753512198,-0.011692398202835741
1069,0.0,10336.523161005132,0.08690229068757019,0.00883331477759862,0.15164893983940542,-0.007040767741965075,0.18137219822640702,-0.01029690906457454
1070,0.0,10348.707372958323,0.01844564319043833,0.012775155563501304,0.13006140161908325,-0.012775155563501304,0.16597895924420986,-0.011040383014252569
1071,0.0,10355.679260580484,0.0,0.005033137378489911,0.3765212188791785,-0.0033388029783127738,0.22914163713470043,-0.00872990900347063
1072,0.0,10370.23513982911,0.07639639309489374,0.01846060325298266,0.04205067844669495,-0.01846060325298266,0.17301434952829878,-0.01164911727832424
1073,0.0,10381.200789979297,0.01909267026512896,0.0132660693810091,0.32951989559023825,-0.0132660693810091,0.2199660133468806,-0.012134202909129697
1074,0.0,10387.915974595147,0.004209998497189186,0.005958134962572593,0.41840259377503636,-0.0013498789968818194,0.2794969874753273,-0.008898905735455332
1075,0.0,10401.687073483225,0.105016088248208,0.015853430221700205,0.128469749115766,-0.01567920691417866,0.2341888159674589,-0.01093299608907233
1076,0.0,10418.279080361906,0.08363208990167878,0.024841446019110158,-0.046804977914572846,-0.024841446019110158,0.14989067780284937,-0.015105531068083676
1077,0.0,10423.599211619707,0.0,0.004373964177114125,0.34893339647050725,0.000934327933536851,0.2096034934031467,-0.010293573367597517
1078,0.12437870840854837,10441.963747583248,0.3059879222121945,0.022095622837805192,-0.2902306965004595,-0.022095622837805192,0.05965323643206484,-0.01383418820865982
1079,0.0,10454.949630403618,0.09169765837538961,0.017344885171879078,0.20784649957796542,-0.015755025775827897,0.10411121537583501,-0.014410439478810242
1080,0.0,10467.794005951571,0.04568012543470855,0.012048185305987141,0.12492275282864519,-0.011748068029267106,0.11035467661167805,-0.0136117280439473
1081,0.0,10479.641282212024,0.006004936715219461,0.010043496676671483,0.5074995936050595,-0.009103795750349013,0.22949815170969246,-0.012259348355867814
1082,0.0,10486.812794390782,0.0014651045361854028,0.005808980117753826,0.3010507019287409,-0.00025096081180618103,0.25096391677540697,-0.008656832092649324
1083,0.0,10506.343915350835,0.10857006726610043,0.027558979458894357,0.09780852396337635,-0.027558979458894357,0.20501729893179776,-0.014327476302522834
1084,0.0,10518.519566740308,0.09180696679478402,0.015751428785614988,-0.074133352721933,-0.015751428785614988,0.12127210343567854,-0.01475466204745048
1085,0.0,10531.52742239029,0.04660414110729885,0.014319461531537712,0.19577429091496268,-0.011560467203693473,0.14362275967946378,-0.013796403594323376
1086,0.0,10545.54184115541,0.07684677507496687,0.014286987817002552,-0.014472272997777615,-0.013252415978137323,0.09619424987629135,-0.013633207309467559
1087,0.0,10556.74210420006,0.028363671662810914,0.009038077048689721,0.14217634816821267,-0.00839457729437662,0.10998887936386775,-0.012061618304940276
1088,0.0,10571.173016348104,0.09062882966725902,0.016182133420784697,0.03838797257785398,-0.015360575265021197,0.08850860732806362,-0.013051305392964552
1089,0.0,10577.514679567388,0.0,0.008442025686858187,0.5478634784499036,-0.00010380824782353717,0.2263150686646156,-0.009167056249422247
1090,0.0,10595.924794809305,0.09690427315936428,0.024406929562855468,0.0525301279816467,-0.02437733629259625,0.17417958645972492,-0.013730140262374447
1091,0.0,10607.610965356673,0.06363513190020399,0.014225082536267775,0.056014523301714636,-0.014225082536267775,0.13873006751232184,-0.013878622944542444
1092,0.0,10614.233632129344,0.0,0.004766856418009307,0.5830192661330095,0.0010832829529311887,0.2720168270985281,-0.009390051175300354
1093,0.0,10623.460301324187,0.007245062079616943,0.008714157432448686,0.4657079087468976,-0.004374076456385849,0.33012415159303893,-0.007885258759626002
1094,0.0,10637.519651447903,0.0279291649112343,0.019180457001819987,0.09242218105358545,-0.019180457001819987,0.25881356043120285,-0.011273818232284197
1095,0.0,10650.423660822777,0.06958521190752372,0.018231641976077195,0.21445270527562457,-0.018199799230032274,0.24550530388452935,-0.01335161253160862
1096,0.0,10659.471755330782,0.022277053003649825,0.009451279805455116,0.09841501898922353,-0.006550319044227736,0.2013782184159376,-0.011311224485394355
1097,0.0,10671.800519381093,0.008293398433415823,0.011908800567311676,0.2922981796891246,-0.011305694364164356,0.22865420679789367,-0.011309565449025356
1098,0.0,10678.940306715398,0.0,0.006193133281435474,0.3229902776140899,-0.002620799547138758,0.2569550280427525,-0.008702935678459376
1099,0.0,10694.586760990373,0.03269551122333905,0.020453933868274536,0.09671177828483529,-0.020453360076862864,0.2088820531153773,-0.012228062997980422
1100,0.0,10708.827151651483,0.17696253587505686,0.020092419920668833,-0.17644614880297518,-0.020092419920668833,0.09328359253987155,-0.014587370074786946
1101,0.0,10714.665422781032,0.0,0.004822420638994169,0.4589537107159253,0.00118230785611546,0.20298462799268768,-0.009856466695516224
1102,0.0,10729.08806786724,0.1026729498321152,0.01556412595386873,-0.009659608390643101,-0.014441313989385413,0.13919135707768845,-0.01123192088367698
1103,0.0,10733.184932771257,0.0,0.005763729928638415,0.6371923870981627,0.0022000142946127944,0.28859166608383074,-0.007202340330190047
1104,0.0,10738.822794108532,0.0,0.0017903295953248517,0.33494565736735893,0.0002544706482685656,0.3024978634688892,-0.004965297036652463
1105,0.0,10750.680764800009,0.06474359989473899,0.01746389185119489,0.18958850640601074,-0.016994780386765166,0.26862505635002565,-0.008574142041686272
1106,0.0,10764.579067867804,0.08543387631404961,0.023425357726324803,-0.05653890608732637,-0.023425357726324803,0.17107586761882004,-0.013029506747077832
1107,0.0,10775.363475398624,0.010939989216411298,0.013652982968712962,0.30766775953634196,-0.012993221614653388,0.2120534351940766,-0.013018621207350499
1108,0.0,10793.863055752669,0.17917429120276496,0.02442594699241612,-0.07008965420580042,-0.02442594699241612,0.1274105083741135,-0.016440818942870184
1109,0.0,10816.404475239771,0.07162360652119143,0.03271519271785187,-0.02608288056781448,-0.03271519271785187,0.08136249169153509,-0.02132313107536469
1110,0.0,10833.960976188726,0.061341824975771,0.019181863539252976,0.3385673124033981,-0.018561726783360245,0.15852393790509398,-0.020494709787763354
1111,0.0,10845.435671579675,0.07069891105029917,0.008267281998557995,0.2466329634127577,-0.0008400742864811147,0.18495664555739308,-0.01459831913737868
1112,0.0,10861.154580404704,0.02342939553730717,0.013678119106121506,0.3659164071323259,-0.010790807392499168,0.23924457402987293,-0.013456065613914825
1113,0.0,10868.870416522335,0.0008972228008090169,0.008283580475826096,0.46539014972686116,-0.0003074067430497644,0.3070882467389694,-0.009511467952655306
1114,0.0,10880.790174749527,0.030588447559643003,0.010489675759946616,0.3069670883286514,-0.010419783460795083,0.30705189921587395,-0.009783962605097238
1115,0.0,10893.196117111735,0.2267214786829074,0.015530269028703634,-0.1680016501552205,-0.015530269028703634,0.16453583440454558,-0.011507854532179156
1116,0.0,10911.206002799696,0.07549555695380991,0.026849473530768917,0.04090348493834913,-0.026849473530768917,0.12744612956468665,-0.016110340231756084
1117,0.0,10925.762206937492,0.1872447598591219,0.017689510444442183,-0.03978057079492086,-0.017666812639730176,0.07727811945680439,-0.01657728195414831
1118,0.0,10942.287615225237,0.043931638452451925,0.016955609443299026,0.12125004053333362,-0.016955609443299026,0.09046969577976316,-0.016690780200893526
1119,0.0,10952.11280175999,0.013232055508189887,0.005922566608715458,0.35282686864567064,-0.002505687403459269,0.1691768476395354,-0.012435252361663249
1120,0.0,10963.32149214567,0.05062117652541766,0.00966308286276002,0.2669733475296963,-0.005447073412497085,0.19851579760658367,-0.0103387986769134
1121,0.0,10967.309532182151,0.0,0.0021358351697724023,0.6650402087447548,0.005075754412266345,0.338473120948035,-0.005714432750159476
1122,0.0,10981.203348385416,0.05028230085229722,0.018207102241160216,0.09113050439820398,-0.017937767103758946,0.2642703359830857,-0.009381433056239317
1123,0.0,10990.048054112016,0.011535439750174901,0.01223731239203661,0.3910102468182779,-0.012083043104987232,0.3022923092336433,-0.01019191607086369
1124,0.0,11002.485718488699,0.23068181414144348,0.015714811514891187,-0.2223166695323182,-0.015714811514891187,0.14490961560385485,-0.011848784704071937
1125,0.0,11011.940467184953,0.01661431358496337,0.0086562231530289,0.22711041103943255,-0.008587114514042874,0.16956985423452814,-0.010870283647063217
1126,0.0,11023.169027214166,0.0030691947026178696,0.013800544368581098,0.34621152148877693,-0.010597420842151789,0.22256235441080274,-0.010788424805589787
1127,0.0,11027.983169348678,0.013151141473625356,0.004620368876305521,0.4294492094713039,0.0017432670523565917,0.2846284109289531,-0.007028917248205873
1128,0.0,11039.164784316543,0.035635515370682,0.012917586365480469,0.1973272228705232,-0.01176421712522081,0.2584380545114241,-0.008449507211310353
1129,0.0,11052.12919177051,0.2139221245328933,0.01933533059508135,0.1767140937051206,-0.01933533059508135,0.233920866269533,-0.011715254226441651
1130,0.0,11068.408099756041,0.17684813920530923,0.02462468603197245,-0.17080059329457417,-0.02462468603197245,0.11250442840030087,-0.015588083768100891
1131,0.0,11072.841796193416,0.0,0.0027534753586527716,0.8044213445105827,0.003616025731685088,0.3200795032333854,-0.009826850918165096
1132,0.0,11080.577944939383,0.0,0.004008444329941619,0.6456198717547225,0.0005300628259332701,0.41774161378978647,-0.0067197767949355855
1133,0.0,11092.676111514887,0.0776075009706901,0.015361341460425958,0.10848034734788105,-0.014688219959424093,0.3249632338572148,-0.009110309744282136
1134,0.0,11096.2860044366,0.0,0.004374814356325748,0.44565477233576445,-0.00014124651950123197,0.36117069540077973,-0.006419590776847865
1135,0.0,11114.426068654946,0.129025356711085,0.028034411522220574,-0.07322381129883761,-0.028034411522220574,0.2308523433908945,-0.012904037000459678
1136,0.0,11120.557267356042,0.004209998497189186,0.006614106584796067,0.31739911439293217,-0.005548588693048485,0.2568163746915058,-0.01069740250823632
1137,0.0,11133.162480611483,0.0,0.012429851307743699,0.5480898858236207,-0.01237343063551206,0.34419842803114026,-0.01120021094641904
1138,0.0,11138.916820906528,0.0,0.007097281189837758,0.4567037204195626,-0.00037840587916167354,0.37795001574766696,-0.00795366942624183
1139,0.0,11149.76423359328,0.008591193912410679,0.011614893405888073,0.42660615664873536,-0.010600487135455082,0.3925468580179874,-0.008747714739005805
1140,0.0,11148.4335075555,0.0,0.0023736392586706555,0.5437721907164178,0.011421906345172816,0.4379144578275165,-0.002696828413752218
1141,0.0,11166.247602152669,0.29102177792249506,0.027888126373733838,0.0320043917353476,-0.027888126373733838,0.31614143799986577,-0.010254217801746703
1142,0.0,11170.848540546445,0.03222462471079633,0.011540256436721035,0.4187428176480487,-0.006348832980965468,0.3469218518943207,-0.009082602355512332
1143,0.0,11181.768401797528,0.011952845798628119,0.01168979229812774,0.12052911197603083,-0.01168979229812774,0.2790040299188337,-0.009864759338296954
1144,0.0,11189.044613556618,0.06444326819103749,0.006746436896504186,0.2825948212854167,-0.005286698738680796,0.2800812673288086,-0.008491341158412106
1145,0.0,11194.958658740656,0.0,0.006329297994250413,0.4048200431695492,-0.0016913306077461032,0.31750290008103077,-0.006451337993212305
1146,0.0,11200.40805681233,0.0,0.004820509631990287,0.540561815220862,-0.002238959859593598,0.3844205746229801,-0.005187624553126693
1147,0.0,11211.563205264682,0.17349993024686647,0.016861497304518632,0.2538835326664178,-0.01630359784309082,0.3452594620360114,-0.008522416540115929
1148,0.0,11225.129784090126,0.06786018529804853,0.022504829620996536,0.009026896553600209,-0.022504829620996536,0.244389692391288,-0.01271714046438011
1149,0.0,11225.655071253617,0.0,0.0033985048823377945,0.8004832373345907,0.008313049824698143,0.4112177558742788,-0.006408083377656635
1150,0.0,11238.419077666098,1.2564392511622018e-05,0.013566745933607021,0.4054796857755758,-0.013077655234869442,0.40949633484466785,-0.008408954934820478
1151,0.0,11244.647245659764,0.08506574862865399,0.009084415833558705,0.3006206944516712,-0.005949890012794774,0.3768336427267689,-0.0076712354582127665
1152,0.0,11257.757925740789,0.14548220536984285,0.018242917455825066,-0.02662100348305542,-0.018234953967604738,0.2557972488638216,-0.010840351011030357
1153,0.0,11255.949019689917,0.0,0.0032109536444128546,0.9035772535177621,0.012211105833746957,0.4501312502600037,-0.0039249139575971625
1154,0.0,11268.270586855693,0.005131831049722309,0.014510332007344324,0.17842744980662498,-0.014214361210644424,0.3686201101239901,-0.007011748133511341
1155,0.0,11271.657344816711,0.013955809866193263,0.007019449121843851,0.38216669505447204,-0.0026751375407256034,0.37268408560313465,-0.0057107649556756195
1156,0.0,11279.591517559284,0.0,0.010745017508925581,0.5603958772708256,-0.008987673701462941,0.4289976231034419,-0.006693837579411816
1157,0.0,11292.333848656428,0.03902201739189554,0.020488118175711348,0.11831465091623516,-0.020318899724417767,0.33579273144727984,-0.0107813562229136
1158,0.0,11296.08902162139,0.039394483860003715,0.0073512164556443285,0.21843191490766567,-0.00040130635582802783,0.30058448648539554,-0.007667341262787927
1159,0.0,11303.716995767732,0.003818296095858252,0.0062553330768293945,0.34401102055394467,-0.004341560853390052,0.3136124467059602,-0.006669607139968564
1160,0.0,11316.070712228244,0.07075213877705251,0.017489084747335668,0.3697979888481897,-0.017472195179833432,0.3304681093486291,-0.009910383551928024
1161,0.0,11330.54428258906,0.13798518695302117,0.022853376797949933,-0.05860427790765621,-0.02279283149957107,0.2137463931717435,-0.013775117936220937
1162,0.0,11342.996972882049,0.03528936464824674,0.015045825329789448,0.2500143357069887,-0.015045825329789448,0.22462677593231706,-0.01415633015429149
1163,0.0,11346.052131576644,0.0,0.0011347294124486862,0.6679018336706312,0.008574014326249933,0.3576092932538113,-0.007337226810129062
1164,0.0,11355.116121339432,0.0,0.008282718622410958,0.4436131665623736,-0.003831416977999729,0.38341045524637996,-0.006285483860490261
1165,0.0,11350.470089248274,0.0,0.0020858314683141637,0.5001325761350942,0.01758407327798699,0.4184270915129942,0.000875383281052914
1166,0.0,11363.527838048554,0.005758901346231569,0.021498679066817458,0.29742880501194147,-0.020692738615951237,0.38212760556267833,-0.005595053288048331
1167,0.0,11365.523519693457,0.006270838448713735,0.00993713669930181,0.40779983776163153,-0.00483640045764145,0.38982927522236427,-0.005367457438926266
1168,0.0,11380.063201645124,0.2916116713581333,0.024239179497636324,-0.06521265480171173,-0.024239179497636324,0.2533166962151414,-0.011028974056539282
1169,0.0,11391.846458267282,0.09760295194363475,0.019377696563043566,0.18948824820591048,-0.018497809211591158,0.2341681618123721,-0.013269624603054843
1170,0.0,11400.088849147765,0.09678623740884214,0.00781971463145871,0.0460017827835182,-0.005130232000314655,0.17771824810371592,-0.010827806822232786
1171,0.0,11410.007782283259,0.0361835325031174,0.009658766916234879,0.13842183978289513,-0.006390759786505324,0.16592932560746967,-0.009496692711514546
1172,0.0,11413.358255024485,0.0,0.005052191752695554,0.6669258894010539,0.0046945094252548655,0.3162282947455449,-0.005239332070483722
1173,0.2964963932779616,11432.367352254521,0.3341925401312757,0.02949159215181463,-0.3299517885346061,-0.02949159215181463,0.12237426976149961,-0.012515010094882994
1174,0.0,11446.11174407915,0.051280630001410935,0.022655053307267404,0.12293696194770344,-0.022655053307267404,0.12254307741736076,-0.015557023058598317
1175,0.0,11462.260900059355,0.21898143049581942,0.019961120590850284,-0.17679085660598812,-0.019959396815814375,0.032742897210356094,-0.016877735185763132
1176,0.0,11473.199886822904,0.000691413120854776,0.010758631157349619,0.4271947126579775,-0.00588108443862164,0.1510784418446425,-0.013578739961620684
1177,0.0,11486.18861595449,0.0,0.010598899330553134,0.31891814802459534,-0.00891309737389651,0.20143035369862833,-0.01217904718530343
1178,0.0,11498.747663013492,0.003754623133705484,0.012903291262596915,0.36064189942064945,-0.011512700280178614,0.24919381741523466,-0.011979143113765984
1179,0.0,11501.275588462659,0.0,0.0026173683386526846,0.4449934119645061,0.007919127095335978,0.30793369578001606,-0.006009662051035394
1180,0.0,11510.575086275112,0.0,0.007742542711509589,0.5697691200963535,-0.006645277113643531,0.3864843230749173,-0.006200346569817834
1181,0.0,11515.069201342572,0.0,0.008333238643610514,0.6334723332668231,-0.0028443273136403054,0.460580726132489,-0.005193540792964576
1182,0.0,11522.319189163392,0.038348634720234996,0.010520701764894495,0.20913753367783303,-0.008429049416776944,0.3851477683960922,-0.006164193380108286
1183,0.0,11531.083227176492,0.0,0.012874791825395492,0.4038656278607127,-0.012591632810448698,0.3907631262354783,-0.00809242520921041
1184,0.0,11541.009102020207,0.002098645849303127,0.014458422008210467,0.4528701601924286,-0.013920686769742553,0.40939523642256337,-0.00984090367737005
1185,0.0,11550.18308272921,0.002229788223549969,0.011805513078653494,0.29466741377394695,-0.010272812564270994,0.3749768896279784,-0.009970476343440332
1186,0.0,11555.409754727725,0.0008839478197755072,0.004220321883578166,0.1949449835694053,-0.00022252215200405204,0.32096731781040644,-0.007046090086009448
1187,0.0,11561.763755442256,0.016829163263614676,0.007883834503138685,0.462621906890316,-0.0025580015439383287,0.3634636945343793,-0.005699663523388112
1188,0.0,11569.652366579994,0.05277261111011961,0.012617262596762172,0.2682003123218526,-0.008857443383890409,0.33488467987062126,-0.0066469974815388
1189,0.0,11578.704786179369,0.005515735115298068,0.012819716125787238,0.37511909010213734,-0.012645099766768543,0.3469550029400761,-0.008446428167107722
1190,0.0,11590.02338601606,0.17830014968391025,0.016304526109541407,-0.15570431264699292,-0.016304526109541407,0.19615720826395538,-0.010803857549837828
1191,0.0,11603.058901374156,0.05867702201035455,0.018011484597183623,0.008048166025094344,-0.01790880025738294,0.13972449559229708,-0.012935340362101361
1192,0.0,11614.717766165119,0.02651517625766128,0.012946290804829421,0.303777993277384,-0.012496310851672836,0.18894054489782314,-0.012803631508972802
1193,0.0,11630.311572265093,0.22801146394214794,0.018625076230396262,-0.0665428568103436,-0.018479298518218747,0.1122955243853731,-0.014506331611746585
1194,0.0,11634.946608325263,0.0,0.0059881894348669355,0.7018595525235044,0.004285221513648413,0.2891647328268125,-0.008868865674128085
1195,0.0,11649.382662870321,0.10790675931827283,0.014935964199049188,0.10358077400113969,-0.01459481547021415,0.23348954517911064,-0.010586650612953904
1196,0.0,11666.928292216904,0.2850345745045158,0.02687388228595911,-0.28494979846389595,-0.02687388228595911,0.07795774208620863,-0.015472820114855464
1197,0.0,11671.771965920736,0.01298015823176779,0.0069945147449103975,0.3927341915771994,0.0015814750103007634,0.17239067693350585,-0.010356531577308594
1198,0.0,11684.305319899566,0.007772734008722076,0.014111944341233496,0.4318080204650673,-0.009562111020536515,0.25021587999297423,-0.01011820541027697
1199,0.0,11694.50913265,0.08706202120984304,0.012348173979721612,0.2158973060489255,-0.010048297611612366,0.2399203078097596,-0.010097233070677588
1200,0.0,11704.485131722891,0.004012431582706356,0.01201588256115116,0.43908945521371234,-0.009822816054870658,0.29967105203094535,-0.010014907965935509
1201,0.0,11706.58962311781,0.018497016102843485,0.004679617322925921,0.4321851987565189,0.006550881874455889,0.3394252960486174,-0.005045171013818088
1202,0.0,11712.961181835637,0.01411758940211675,0.006624986916869694,0.04807932792432581,-0.0026316694053820796,0.2520215056113299,-0.004321120531287285
1203,0.0,11731.42679739723,0.2526449755775639,0.03303459925845244,-0.2065106642094036,-0.03303459925845244,0.11446185466510984,-0.01293516414943683
1204,0.0,11734.55327337551,0.0,0.01022912801490817,0.870648244943399,-0.0014733592284348275,0.34131777174859657,-0.009496622673136229
1205,0.0,11752.660830827981,0.013694689364841145,0.02385425609227232,0.2360410274697488,-0.02385425609227232,0.3097347484649422,-0.013803912698877055
1206,0.0,11756.256191883287,0.0,0.003868616486321767,0.30059961252399914,0.0029771427817473716,0.3069942076826593,-0.008769596054689726
1207,0.0,11764.242552976239,0.0,0.009048514323862136,0.5493804091728755,-0.0018937767133693903,0.37971006812972413,-0.006706850252293625
1208,0.0,11779.168518995073,0.018942293968850915,0.02169912490630874,0.3710301451916107,-0.021681314555091712,0.3771060912482901,-0.01119918954313305
1209,0.0,11788.362536029794,0.046713852222384424,0.012804591475899928,0.0707198832141859,-0.011701266911898307,0.2851902288380588,-0.011349812753762626
1210,0.0,11795.30955638394,0.0,0.009088859538924578,0.6157806868944344,-0.0023342277656366816,0.3843673662549715,-0.008645137257324843
1211,0.0,11798.471721318032,0.0,0.002694506495955086,0.7566483223603606,0.0055950920582030685,0.49605165308658816,-0.004373068462666468
1212,0.0,11805.047878789032,0.038357873626154615,0.009369447098761956,0.19015621273585145,-0.004512765568926282,0.4042830209813671,-0.0044149775945444125
1213,0.0,11804.684515704914,0.0027360720156040133,0.002985529245349545,0.17623008986052652,0.005496243473627904,0.3358671416451149,-0.0014416112740927173
1214,0.0,11808.702095527813,0.011315067205307174,0.010332825679578658,0.29973959618896595,-0.0037109558336327324,0.3250288780082702,-0.0021224146419547216
1215,0.0,11810.636975906116,0.0,0.005457747681619972,0.7562908128801651,-0.002440888434203693,0.45440745846983865,-0.002217956779629413
1216,0.0,11805.840131621128,0.0,0.0017953009548431677,0.4449578673041701,0.01229668904491752,0.45157258112013804,0.002136436967734667
1217,0.0,11807.991732662995,0.00012273234604030935,0.0076196034579201705,0.4872446279911423,-0.0022611487320976136,0.4622741951814393,0.0008171612577849827
1218,0.0,11813.022010465329,0.060657723134967444,0.014904636358302343,0.31377241139139744,-0.01273924898199445,0.4177236600444267,-0.0032497618141488467
1219,0.0,11822.731820148116,0.00296376583955037,0.020948025440515772,0.3113095175921911,-0.020944573073742808,0.385799417308756,-0.008558205192027034
1220,0.0,11819.429376030765,0.0,0.0013915908802788369,0.5776409381693464,0.010621852350553454,0.44335187356693306,-0.0028041879292528874
1221,0.0,11815.983634467635,0.0,0.0027149829439505275,0.7808872719103606,0.016210266495266735,0.5446124930699613,0.0029001483981029993
1222,0.0,11817.685303032631,0.0,0.004083499739402577,0.796038434544914,-0.0007449532673580536,0.620040275512447,0.0018066178984646835
1223,0.0,11819.879263282523,0.0004096035670994128,0.008486668168742807,0.3492799551125175,-0.007667014181066451,0.5388121793924681,-0.001035471725394657
1224,0.0,11819.16976190314,0.0,0.0062167812537691205,0.42258961942122353,-0.00036062111529677705,0.5039454114010947,-0.000833016542365293
1225,0.0,11823.493139697837,0.0,0.01034821729158379,0.40950750159320837,-0.007893711669066215,0.4756140384587288,-0.002951225080375569
1226,0.0,11818.290768843799,0.0,0.004981257920351445,0.8130369124638261,0.0118289658892258,0.576840900660258,0.0014828322105048413
1227,0.0,11826.053056446915,0.08005669471959005,0.013159024389869137,-0.05838731512856569,-0.013159024389869137,0.3862724359236108,-0.0029097247696073516
1228,0.0,11824.60920976048,0.004084861806200533,0.005851599366630405,0.4095200076574513,0.0015846355762008267,0.39324670744376294,-0.0015614166658648979
1229,0.0,11831.516783576559,0.051573261713006836,0.014119571259372996,0.12775557947089133,-0.011294756454079413,0.31359936905190144,-0.004481418602329252
1230,0.0,11839.84390492213,0.02378798216623181,0.015759324150806737,0.20703855165169258,-0.015534968001239857,0.28163112383183875,-0.007797483422002432
1231,0.0,11847.35674827243,0.0,0.014347890236930966,0.5717377828726614,-0.010658717459777896,0.36866312154408554,-0.008655853633335072
1232,0.0,11852.648988383959,0.002707916617071131,0.01019163148916107,0.3832474566458578,-0.0025424610997052443,0.37303842207461724,-0.006821835873246123
1233,0.0,11867.293047951453,0.03506104037925306,0.021218271449743524,0.17284746781111301,-0.021207700069503996,0.31298113579556597,-0.011137595132123484
1234,0.0,11874.650642782917,0.008182698633362715,0.00961130985162614,0.2751034535836556,-0.00775817706708208,0.3016178311319928,-0.010123769712611062
1235,0.0,11884.1355248816,0.0009745752572769129,0.00966506461450201,0.22738098931305137,-0.007736685704938253,0.2793467785863104,-0.009407644510309218
1236,0.0,11889.240122174404,0.0,0.003249278202344837,0.3591137072876981,0.00030300094522799244,0.3032768571967267,-0.006494450873648055
1237,0.0,11904.807414654146,0.012365247752081452,0.022371579121588863,0.28214848705075585,-0.02236162751482439,0.2969383461529354,-0.011254603866000955
1238,0.0,11908.762061782258,0.011012796373513989,0.00448516839968198,0.0994790444551325,-0.0010048533624331531,0.23770055564359455,-0.008179678714930614
1239,0.0,11912.576275874362,0.0,0.004446741302466397,0.4623998123940645,0.004118086281658091,0.30511033266873555,-0.004490349215954002
1240,0.0,11912.757871288031,0.0,0.0025903858475595626,0.4967408792768871,0.008329272766904846,0.36259949665118096,-0.0006444626210963477
1241,0.0,11915.116492414192,0.0017541574917253303,0.004681056138998845,0.4414874003605939,-0.00020949430367280417,0.38626586776400484,-0.0005139721258692846
1242,0.0,11918.576994569628,4.7118350116458895e-05,0.009427683938154735,0.38449296162074453,-0.006516648754936138,0.3857339959210267,-0.0023147751145893404
1243,0.0,11923.216526319437,0.02623086327937762,0.00958528557108143,0.18406503478685918,-0.00903385455121107,0.32523330758077645,-0.004330498945575859
1244,0.0,11928.530450326358,0.010373993495368241,0.010927063836446533,0.24931607114343038,-0.008479013480659858,0.3024581366495726,-0.0055750533061010585
1245,0.0,11937.606826784368,0.011625617867350618,0.014390429495610051,0.27804342709599605,-0.014165887331455454,0.2951337237834996,-0.008152303513707377
1246,0.0,11944.373330842795,0.0030209436401767505,0.009606791637935558,0.2876998131149951,-0.00794985694812867,0.29290355058294826,-0.008091569544033764
1247,0.0,11958.192606199922,0.097704281058255,0.01996102543623457,0.10858227875239303,-0.01996102543623457,0.23760716903378168,-0.011652406311694005
1248,0.0,11966.895300149128,0.012760087339343477,0.0125733967135766,0.2820803694044243,-0.009216377189493322,0.25094912914497447,-0.0109215975750338
1249,0.0,11980.261254086723,0.1747177081971358,0.015426236927204115,0.028662319280890837,-0.015252747563016174,0.18426308618574938,-0.01222094257142851
1250,0.0,11990.46300843362,0.011649420056355723,0.010654207537190187,0.23413865026705638,-0.009367784808229503,0.19922575541014148,-0.011364995242468806
1251,0.0,11994.741525459262,0.0004553693345490983,0.006279980876864583,0.507901569739099,0.004290112843590161,0.29182849970882874,-0.0066684628166511165
1252,0.0,12002.24422161833,0.009469566813933314,0.008221547066622937,0.586022591751136,-0.0035142276697986276,0.38008672732152093,-0.005722192272595369
1253,0.0,12011.297095553915,0.052945352985443526,0.013494358765121405,0.27114396900395193,-0.01167541392043421,0.3474038998262502,-0.007508158766947021
1254,0.0,12019.579917271803,0.008167890188512038,0.011069608335401585,0.09951344881427922,-0.010982421679687797,0.27303676452265885,-0.008550437640769253
1255,0.0,12020.23506246718,0.07249193129745743,0.005166887412040218,0.3257983032698663,0.006812381126904559,0.2888652261468211,-0.003941592010467109
1256,0.0,12022.772844531224,0.0,0.005978708602835389,0.8525814797381773,0.0037838929094771256,0.45798010222422797,-0.0016239465344838383
1257,0.0,12024.646849470548,0.0,0.004197303089067336,0.38817293270392794,0.00026931249291584764,0.43703795136813794,-0.0010559688262639325
1258,0.0,12025.789658544049,0.007262054557062079,0.007284148425846995,0.497119835401668,-0.0006452425619455534,0.4550625165781969,-0.0009327509469684187
1259,0.0,12036.222855932527,0.04277729212896963,0.020922502801132344,0.08840586583152543,-0.0205969957425154,0.34506552135419544,-0.006832024385632513
1260,0.0,12030.571328177622,0.0,5.338970673547822e-05,0.4482574092490757,0.013030299408542131,0.37602308772265947,-0.00087332724738012
1261,0.0,12038.079582706865,0.00836987144413042,0.011130545311882869,0.3845146191036022,-0.008489116232246186,0.37857054713694227,-0.00315806394283994
1262,0.0,12052.627475290496,0.03894268106288296,0.02926680766892792,-0.0046120777138756505,-0.02926680766892792,0.26361575968169687,-0.010990687060666332
1263,0.0,12054.617892916001,0.0013533904076709028,0.0031079193780855726,0.3576630233037115,-0.00039910815181432,0.29182993876830127,-0.007813213388010729
1264,0.0,12065.688622074007,0.01087599140593227,0.011361658437940495,0.24204813102704417,-0.011289836166487828,0.27689539644592415,-0.008856200221553858
1265,0.0,12079.993403154253,0.0822060253333184,0.021761995362559187,0.1502511179052345,-0.021293854962105466,0.23890211288371724,-0.01258749664371934
1266,0.0,12092.554967595153,0.08465019387483141,0.016573649692706315,-0.007176863958853304,-0.0164202383276019,0.16507841983094607,-0.013737319148884108
1267,0.0,12105.277467154338,0.07689723726380686,0.013832656922225118,0.051675490353251474,-0.012820843446554379,0.13105754098763767,-0.013462376438185188
1268,0.0,12116.708203959752,0.05775389496012922,0.01016340707171204,0.3975678778372029,-0.008943395212935117,0.21101064204250722,-0.012106682070610166
1269,0.0,12131.181249345524,0.08213945422316635,0.01783732692215206,0.14085426527472994,-0.015624424010972218,0.18996372901217404,-0.01316200465271878
1270,0.0,12144.294648038853,0.05431431722398217,0.014559977535180927,-0.002582851626656411,-0.01416003659368796,0.1321997548205249,-0.013461414235009534
1271,0.0,12149.81423993257,0.0,0.0029350078400156975,0.6417016343338225,0.0027721639944638774,0.2850503186745142,-0.00859134076616751
1272,0.0,12159.59968297916,0.00467821070705829,0.0065184455206468385,0.19139477241107572,-0.006006060653666135,0.25695365479548266,-0.007815756732417098
1273,0.0,12176.081352521605,0.08743048490890758,0.025093810873069573,0.16622021030739415,-0.025061841718153826,0.2297336214490561,-0.012989582228138116
1274,0.0,12193.920211411962,0.1924474317102662,0.028481643499133995,-0.06434362656492291,-0.028481643499133995,0.14151044704486238,-0.017637200609436878
1275,0.0,12209.516357162103,0.1776703754701666,0.018228735947843643,-0.1452049564686805,-0.018226272133094065,0.055495825990799504,-0.017813922066534035
1276,0.0,12223.53199946323,0.1307640939692624,0.014214838600047602,-0.001508455166759768,-0.0100849240730773,0.03839454164353172,-0.015495222668497014
1277,0.0,12228.366195793253,0.0,0.00285030405380955,0.5332174204998857,0.009130560742944386,0.1868414053004379,-0.008107487645064594
1278,0.0,12235.573878784178,0.010373993495368241,0.00804113667489162,0.49374519634373026,0.00146266270046628,0.2789125426134256,-0.005236442541405331
1279,0.0,12242.875862702052,0.0,0.006740388699842008,0.37708617120415683,-0.0065489817594050845,0.30836463119064494,-0.005630204306805256
1280,0.0,12254.032369737513,0.007988612819462063,0.017553503497126848,0.27631383850251645,-0.017553503497126848,0.29874939338420636,-0.009207194063901733
1281,0.0,12261.715838529644,0.006521033225409288,0.009758797411358565,0.2616379262429977,-0.009758797411358565,0.28761595324184375,-0.009372675068138783
1282,0.0,12278.590578707599,0.03939023460796027,0.025190555094813556,0.23766837808610947,-0.025174353426337604,0.27263168069512345,-0.014113178575598429
1283,0.0,12289.21633587327,0.057490617078054446,0.011939224550010239,-0.0034988010663314583,-0.011785741791851703,0.18979253616668698,-0.01341494754047441
1284,0.0,12298.150625748085,0.0,0.005798644919803662,0.4310201857913182,-0.003352920075428771,0.26216083105407634,-0.010396339300960717
1285,0.0,12308.319151293921,0.0488938852760015,0.0078406087228702,0.11142681060289304,-0.0067773437282967535,0.21694062491872135,-0.009310640629161527
1286,0.0,12318.569185525197,0.015963538505276913,0.014417556744382666,0.2742070334752044,-0.010136774517110142,0.23412054748566624,-0.009558480795546111
1287,0.0,12329.843584111344,0.08809643398027198,0.013976201586657291,0.2488885934117638,-0.01339147636594898,0.23855096126349548,-0.010708379466666971
1288,0.0,12336.123778369942,0.04354883274930207,0.007055746104107831,0.36726671645418135,-0.0026808047322719997,0.2771656878207012,-0.008300107046348478
1289,0.0,12342.008727985407,0.0,0.003815882124402299,0.4572897407556152,-0.0007599119608447387,0.3312029037011754,-0.006038048520697357
1290,0.0,12349.04626235909,0.0014572504386289008,0.006091025476861265,0.23524112644124748,-0.0057639997501956804,0.302414370523197,-0.0059558338895468535
1291,0.0,12358.713393544454,0.0,0.013639914807486992,0.6813428276273791,-0.013602063015052306,0.4160929076544516,-0.008249702627198489
1292,0.0,12361.478226833055,0.0,0.0031901405559133207,0.6450674783665749,0.0007876618931586127,0.48478527886808853,-0.005538493271091358
1293,0.0,12374.90630297634,0.05648785704645677,0.02036210997011692,0.2010746876979089,-0.019150947842217134,0.39967210151703464,-0.00962222964242909
1294,0.0,12380.637552816073,0.0,0.006967198856097572,0.2314468683049903,-0.0057699137736197375,0.3492045315534213,-0.008466534881786284
1295,0.0,12386.627755926556,0.0032177564267463765,0.008014195658006127,0.5417434580282211,-0.0021036616492358644,0.4069662094958612,-0.006557672912021158
1296,0.0,12393.172522816136,0.012984624174539784,0.006787538119421295,0.16029937809599085,-0.004542387480095693,0.3329661600759001,-0.005953087282443518
1297,0.0,12397.253325641786,0.0,0.006547844258029451,0.49998763784282446,-0.001422717966648083,0.3830726034059774,-0.004593976487704888
1298,0.0,12404.930296832128,0.08781410664739302,0.011189717960319695,0.23350848644108438,-0.009601141707012968,0.33820336831650943,-0.006096126053497312
1299,0.0,12415.220251129263,0.01752888333527544,0.016398007358778995,0.15590701989682415,-0.016398007358778995,0.28351446379060385,-0.009186690445081816
1300,0.0,12427.874261008354,0.024019475738414252,0.019629610507164472,0.12359111987671645,-0.019629610507164472,0.23553746061643763,-0.012319566463706612
1301,0.0,12435.020104929514,0.00012809561823393342,0.008257376571808493,0.3482099502463407,-0.004804390352803644,0.2693392075054085,-0.010065013630435722
1302,0.0,12444.928848854684,0.0,0.009996239637163413,0.47262540989920854,-0.007390959209807106,0.3303250682235485,-0.009262797304247138
1303,0.0,12460.105929298074,0.09142999208195007,0.02074857850434796,0.12549140562264677,-0.02074857850434796,0.268874969443278,-0.012708531664277383
1304,0.0,12471.294607431937,0.008086740572223762,0.015159924806665647,0.3716105114829276,-0.01313147676761537,0.29969563205517286,-0.012835415195278779
1305,0.0,12479.17490309903,0.0,0.005591051670350734,0.5020713608593282,-0.002644419856347744,0.3604083506964194,-0.009778116593599466
1306,0.0,12490.188726871966,0.03944229849402314,0.011370567538275235,0.3537726677854462,-0.009167820507135561,0.3584176458231274,-0.009595027767660294
1307,0.0,12504.344135662017,0.10794533922172413,0.020089039728979293,0.07601625455734193,-0.018905104037289434,0.2736972284433917,-0.012388050648549035
1308,0.0,12521.960935559491,0.20165692666183327,0.02619067708473555,-0.12800603982294856,-0.02619067708473555,0.15318624796348962,-0.01652883857940499
1309,0.0,12534.447368494704,0.004077051065228455,0.012420480915316574,0.10837139262473784,-0.012420480915316574,0.1397417913618641,-0.015296331280178465
1310,0.0,12538.291999296172,0.0,0.0020056326097525287,0.6982101277633604,0.009845239820499957,0.30728229228231296,-0.007753859949974939
1311,0.0,12544.79371807355,0.0,0.0026860756437303165,0.4051979187316154,0.0027115084618994116,0.33665698021710366,-0.0046142494264126335
1312,0.0,12551.581400290714,0.0,0.009683244655312324,0.6052815082870325,-0.0058718067784318565,0.4172443386380823,-0.0049915166320184
1313,0.0,12567.543370081792,0.10808303649832385,0.028239614052567998,-0.08275199193696307,-0.028239614052567998,0.26724543946556867,-0.011965945858183278
1314,0.0,12567.056204834478,0.0,0.003028871594209517,0.5661068500032526,0.006713005167682876,0.3569038626268738,-0.006362260550423432
1315,0.0,12582.43201110799,0.09401568578451011,0.01930330861127409,0.04790917096002166,-0.01930330861127409,0.26420545512681815,-0.01024457496867863
1316,0.0,12585.369802494784,0.022069236192230054,0.007579647818846224,0.3372730783626076,0.0009338133078950591,0.286125742097555,-0.006891058485706522
1317,0.0,12596.902487394336,0.0257983466039256,0.014343326846949831,0.11372330070448754,-0.013067867178120078,0.23440500967963473,-0.008744101093430587
1318,0.0,12608.112948919972,0.0,0.016291437238868552,0.6457279375920236,-0.01581260471023705,0.35780188805335134,-0.010864652178472526
1319,0.0,12621.977314281072,0.014736374190097391,0.019372267401108027,0.26931588675640566,-0.019322962022531344,0.3312560876642676,-0.01340214513169017
1320,0.0,12631.674592689325,0.0,0.011091259391154669,0.5017164247056952,-0.008326894617470179,0.38239418877669584,-0.011879569977424172
1321,0.0,12644.221113774745,0.0098180595751888,0.012002269829221502,0.15324801237943236,-0.011683035666722456,0.3136503358575168,-0.011820609684213657
1322,0.0,12654.411149472284,0.013474848495119119,0.011805333000561396,0.2773824166281553,-0.008362163573210919,0.3027699600887083,-0.010783075850912835
1323,0.0,12662.867763724982,0.041317046277351825,0.005832625021814677,0.1962543473030864,-0.004855516444944271,0.2708152762530217,-0.009004808029122265
1324,0.0,12674.611483631528,0.08648377372284309,0.012902547554672647,0.22484816877921832,-0.01285851212605982,0.25702514401088067,-0.01016091925820353
1325,0.0,12687.58946397152,0.05062686229175441,0.018909496509038785,0.19976315093600244,-0.01723407904222244,0.23984654608841718,-0.012282867193409203
1326,0.0,12697.01702215803,0.0011467824554038744,0.013170751028536735,0.4436025220756848,-0.008544669194875489,0.30097333888459743,-0.011161407793849089
1327,0.0,12700.94501008442,0.00026730066581259277,0.004832586304916428,0.4536519494044896,0.005076403804568311,0.3467769220405651,-0.006290064314323869
1328,0.0,12710.983728935125,0.0058702092518997245,0.01323742683330683,0.3610312722964889,-0.009025445140615694,0.3510532271173422,-0.007110678562211417
1329,0.0,12714.85778069927,0.0,0.0036545040024603924,0.4170322022930005,-0.0012225125744596724,0.3708469196700397,-0.005344228765885893
1330,0.0,12716.055176813561,0.0,0.005550322333088756,0.8242641841675862,0.005135057796114865,0.5068720990193036,-0.0022004427972856654
1331,0.0,12722.420098499837,0.0068615087301099895,0.009255710390532914,0.3452362454860514,-0.007601663432059483,0.4583813429593279,-0.0038208089877178105
1332,0.0,12719.631735740826,0.0,0.0015644231923468371,0.5885300326355155,0.008260417369600063,0.4974259498621842,-0.00019644108052244797
1333,0.0,12727.602157969299,0.002098645849303127,0.012930736296152056,0.48572967309037496,-0.012616851902092305,0.4939170668306414,-0.003922564326993405
1334,0.0,12732.771849578914,0.10235760307128883,0.010795021271739164,0.05984575611415274,-0.010402124547524897,0.3636956736156948,-0.005866432393152853
1335,0.0,12740.825245609096,0.026110727459995108,0.01444605356500586,0.12207012549593602,-0.012447469205880161,0.2912080091797672,-0.007840743436971045
1336,0.0,12747.31946541033,0.0017593983764607596,0.010668101679463445,0.44824598770653784,-0.007092059866495799,0.33831940273779837,-0.0076161383658284705
1337,0.0,12748.773987619665,0.00012809561823393342,0.004130078366101536,0.452305441676196,0.0054545255759741946,0.3725152144193176,-0.003694939183287671
1338,0.0,12750.40814292326,0.0,0.002734387620830827,0.5524597214637944,0.0046829430478868336,0.42649856653266066,-0.0011815745139353196
1339,0.0,12750.799409148602,0.0,0.005019964318479626,0.41856019121915883,0.003082989284543189,0.4241170539386101,9.779462560823298e-05
1340,0.0,12757.36964211507,0.09587598215870129,0.01269888865483739,-0.05614362590995466,-0.012461253337529968,0.28003884998404066,-0.003669919763333227
1341,0.0,12771.19719502065,0.24203202895307926,0.02875635796482185,-0.21190232123683345,-0.02875635796482185,0.13245649861777842,-0.011195851223779814
1342,0.0,12774.951377361007,0.0,0.005363756959325477,0.34366909591231415,-0.0035318863212846236,0.19582027780613914,-0.008896661753031256
1343,0.0,12787.403767650436,0.14478911401685088,0.015108212377984242,0.0015350425739376998,-0.013909440505162542,0.1375347072364787,-0.010400495378670641
1344,0.0,12797.685522193782,0.016220572800457928,0.01546500838072675,0.175674525008259,-0.011719611998454076,0.1489766525680128,-0.01079623036460567
1345,0.0,12807.08782151915,0.02511410933611154,0.011288933042837889,0.10338616720936708,-0.00830443130987812,0.1352995069604191,-0.010048690648187406
1346,0.0,12819.960368607719,0.0836895761770479,0.015797759027633085,0.15976034495753585,-0.015153037694375338,0.1426377583595541,-0.011579994762043785
1347,0.0,12827.982164049867,0.0,0.006984893826458325,0.445376646999672,-0.005762187964198766,0.23345942495158947,-0.00983465272269028
1348,0.0,12833.649563133516,0.0,0.00715091296214763,0.407130516790592,0.0006651903163035504,0.2855607525032902,-0.006684699810992131
1349,0.0,12853.318306006471,0.13001848849180486,0.030453588573726372,-0.013003750636346605,-0.030453588573726372,0.19599140156139916,-0.013815366439812404
1350,0.0,12861.732299476753,0.005641369446214448,0.010638167391303004,0.2089528183662731,-0.009990283824979667,0.19987982660286133,-0.012667841655362583
1351,0.0,12871.470106394427,0.0,0.00802457289962867,0.4590852612316571,-0.005368264301377034,0.2776414569915,-0.010477968449166918
1352,0.0,12876.511398315492,0.0,0.00614626503878281,0.44801281267927107,0.0031295589074998766,0.3287528636978313,-0.006395710242166879
1353,0.0,12881.326699043035,0.0026888008249489432,0.00565594615007832,0.5927171660461459,0.0011491618789227223,0.4079421544023256,-0.004132248605839999
1354,0.0,12882.529255231968,0.0,0.0043908062590720534,0.559491402466394,0.004329049800558208,0.4534069288215461,-0.0015938590839205363
1355,0.0,12888.724682215354,0.030399807192672598,0.009238798830096746,0.07414768545804533,-0.008536303122472158,0.3396291558124958,-0.003676592295486022
1356,0.0,12895.74740371333,0.008004917644355557,0.013634726194414274,0.218580871205098,-0.0128172085627234,0.30331467043027643,-0.006418777175657235
1357,0.0,12893.20478518399,0.0,0.002267412203926146,0.6756493408131674,0.009394354626243079,0.4150150715451437,-0.001674837635087141
1358,0.0,12893.002218607638,0.0,0.003896921479653828,0.8587776352219104,0.007178024826840718,0.5481438406481738,0.0009810211034912168
1359,0.0,12899.471663138029,0.0017465485617608292,0.011888004496981023,0.4823113954718193,-0.011774262781076968,0.5283941070952674,-0.0028455640618792384
1360,0.0,12895.970251422348,0.006733516254574993,0.0030303776237398496,0.4748460453945307,0.006391275927439802,0.5123296885850464,-7.451206508352613e-05
1361,0.0,12901.530053801083,0.08702483555943787,0.009548501965702507,0.13313887226867985,-0.008615687721858667,0.39857244369013634,-0.0026368647621160682
1362,0.0,12901.101685138845,0.002334295126763155,0.0030725614351766292,0.20581324401239737,0.0010799208125480387,0.3407446837868146,-0.001521829089716836
1363,0.0,12914.48256217314,0.09010910277330211,0.025114474507396428,-0.01121938746039391,-0.025066683482172995,0.23515546241265203,-0.008585285407453683
1364,0.0,12921.101701411135,0.0,0.012220682539537222,0.6028955306212708,-0.011846914552062156,0.3454774828752376,-0.009563774150836224
1365,0.0,12938.763802932233,0.12755075549953834,0.02745454861323877,0.05752036857678026,-0.02745454861323877,0.2590903485857004,-0.014931006489556989
1366,0.0,12946.905381189776,0.0,0.007008036145446996,0.2879093748861373,-0.006377231359030461,0.26773605647583143,-0.01236487395039903
1367,0.0,12958.878837034204,0.01502567268142729,0.011895435382358063,0.3161073624533474,-0.008876364834667038,0.2822474482690862,-0.011318321215679432
1368,0.0,12973.824415972333,0.01504310687402972,0.017790855133718263,0.15936615744139543,-0.01778494903878385,0.24538306102077898,-0.013258309562610756
1369,0.0,12983.687615987923,0.0013199385842207517,0.008211479133610861,0.13099688144712016,-0.008205985867699375,0.21106720714868132,-0.011742612454137342
1370,0.0,12989.354354314062,0.0,0.003878243938678094,0.5614074936484671,0.0024943098005179784,0.3161692930986171,-0.007471535777740745
1371,0.0,12999.164958521518,0.05294045311182884,0.009947667160733963,0.25744609939370866,-0.007895556801735102,0.2985523349871445,-0.007598742084939051
1372,0.0,13008.882607219026,0.02653273030671121,0.013538182867130027,0.14874963079464734,-0.012145637431120439,0.2536115237293953,-0.008962810688793467
1373,0.0,13020.807357959964,0.056312768625216454,0.017447686010888266,0.15863038305901078,-0.016554423926443206,0.22511718152827995,-0.011240294660088388
1374,0.0,13029.943937725335,0.0,0.009421251039738641,0.39828715302828055,-0.009229934432860283,0.2770681729782801,-0.010637186591919956
1375,0.0,13051.679504676342,0.3409015102128964,0.03313057476900924,-0.14142715948530246,-0.03313057476900924,0.15151957323920534,-0.01738520304504674
1376,0.0,13059.651468939466,0.02182915794440844,0.008564112287081383,0.18910852847206805,-0.004803472721382907,0.16279625980906415,-0.013610683947947589
1377,0.0,13086.570848631656,0.10589122139303601,0.03740534268897709,0.08420948914984198,-0.03740534268897709,0.1392202286112975,-0.020749081570256442
1378,0.0,13094.791318080415,0.0,0.004968039298449795,0.46339628098362584,-0.002083637173707456,0.23647304432299598,-0.015149448251291745
1379,0.0,13111.497973458303,0.08845626766013959,0.01558120345609652,0.031556054449232984,-0.012560678391106627,0.17499794736086707,-0.01437281729323621
1380,0.0,13130.620624437532,0.26178646085054597,0.023459313557752007,-0.25961663409692726,-0.023459313557752007,0.04461357292352877,-0.01709876617259095
1381,0.0,13137.908399225424,0.0,0.008017605674609227,0.761187435225391,0.0005012691295427391,0.25958573161408743,-0.011818755581950842
1382,0.0,13151.921263782491,0.0,0.010892006405333297,0.2991125583261447,-0.010889804914862333,0.2714437796277046,-0.011540070381824289
1383,0.0,13164.570352264042,0.08488304025678477,0.014493631651782444,0.14047652320261564,-0.013560227672785257,0.2321536027001779,-0.012146117569112578
1384,0.0,13174.690590747708,0.0,0.009570305243934313,0.5080935622694528,-0.008556835294525637,0.3149355905709603,-0.011069332886736494
1385,0.0,13184.654298064255,0.0015586662781884272,0.008798114061746708,0.16326916859619112,-0.007644295571368816,0.2694356639785295,-0.01004182169212619
1386,0.0,13192.02830597076,0.0002492568600249691,0.00492057111575974,0.15660809892028396,-0.0034135521443627286,0.23558739446105584,-0.008053340827797151
1387,0.0,13195.41763036936,0.0,0.005444191961655614,0.6017313537604789,0.003734694300040621,0.34543058225088275,-0.0045169302894458195
1388,0.0,13197.918091841526,0.0024837580669250956,0.006087790920428899,0.5719401064099704,0.0033678073906703507,0.413383439498609,-0.0021515089854109684
1389,0.0,13205.53716533667,0.00014073683585048749,0.013657211799834972,0.39283871410565563,-0.011078287855650454,0.4072200218807229,-0.004829542646482814
1390,0.0,13207.181326332491,0.0004553693345490983,0.004452661146058676,0.2831545112066592,-0.0009829492712205366,0.3700003686785038,-0.003675564633904131
1391,0.0,13213.970854299772,0.04399927595798767,0.011832337299479337,0.19625696919114852,-0.008960927815338233,0.3178773488322972,-0.005261173588334361
1392,0.0,13228.54165608384,0.11305884000401994,0.027336203540768957,0.05768316960541465,-0.02630790832364179,0.2398190950642324,-0.011575194008926589
1393,0.0,13245.228539574886,0.26530746078759593,0.028801651701455516,-0.2589024296088379,-0.028801651701455516,0.0902026376623113,-0.016743131316685266
1394,0.0,13249.793837736222,0.028955645758612758,0.005860587446517266,0.2565693688501628,0.003244086394706701,0.14011265701866676,-0.010746966003267674
1395,0.0,13256.400575368232,0.0,0.003273640427360964,0.48916363777271904,0.0041245153049945015,0.24482795124488244,-0.0062855216107890206
1396,0.0,13256.347168762728,0.0002726491476415833,0.0006247407892174024,0.3366014571862353,0.011567916748655647,0.2723600030272883,-0.0009294901029556204
1397,0.0,13259.864838679607,0.0016392917718076124,0.003843075479677216,0.17071921559451464,-0.0007423318946333597,0.2418677667974562,-0.0008733426404589422
1398,0.0,13263.30719602944,0.0,0.006306311064159649,0.37301246297221446,-0.006166969678224135,0.2812111756498837,-0.0024614307517885
1399,0.0,13265.00972584604,0.012721442474576555,0.006870501946745975,0.5128585206079788,-0.0025346455861102106,0.3507053791373122,-0.002483395202085013
1400,0.0,13273.814230049018,0.10531858036972042,0.016687376638206308,-0.012922028989833289,-0.015675251923008917,0.24161715669916856,-0.006440952218362184
1401,0.0,13283.386236828088,0.1697599194841201,0.017086437778458197,-0.03998355710668842,-0.017086437778458197,0.15713694255741145,-0.009634597886390987
1402,0.0,13298.896983902514,0.14511882918864488,0.025203289598998348,-0.00875784030084102,-0.025203289598998348,0.10736850769993571,-0.014305205400173195
1403,0.0,13303.354230888537,0.0004899563554201433,0.005122452446632793,0.24979648817034286,0.001346158469116655,0.15009690184105784,-0.009609796239386239
1404,0.0,13321.03762306296,0.11315250644443325,0.021538736561557734,-0.021690070048449767,-0.021538736561557734,0.09856081027420555,-0.013188478336037687
1405,0.0,13332.305282916692,0.0025537978464072616,0.013913618302067403,0.4989912987852244,-0.012914567015247713,0.2186899568275112,-0.013106304939800695
1406,0.0,13346.694568592851,0.013877488870225841,0.01569358418613375,0.12228136579300058,-0.01569358418613375,0.189767379517158,-0.013882488713700611
1407,0.0,13351.481552062267,0.0,0.006267673163039942,0.4869037218769509,0.004257955780747987,0.2789082822250959,-0.008440355365366031
1408,0.0,13369.0702865818,0.25331629435265934,0.022713375448307274,-0.14399448609279267,-0.021830589698702964,0.15203745172972932,-0.01245742566536711
1409,0.0,13368.028653471607,0.0,0.0020579291522005924,0.8378503881680116,0.011481165221219006,0.35778133266121404,-0.005275848399391275
1410,0.0,13370.565356755802,0.0,0.002649895016165348,0.5736187137683927,0.00791151357599059,0.4225325469933676,-0.001319639806776715
1411,0.0,13377.309936890326,0.018307685007452796,0.009184778795304233,0.10466904784305923,-0.008500548205605916,0.32717349724827505,-0.003473912326425475
1412,0.0,13385.825492425238,0.011674830837510466,0.01622208145682963,0.3700588965809476,-0.016221369552073536,0.34003911704807677,-0.007298149494119893
1413,0.0,13395.076831625682,0.0026288499422075797,0.015367310678681061,0.20403897633928653,-0.015350875098642393,0.29923907483543966,-0.009713967175476642
1414,0.0,13410.557664841255,0.08017438202542973,0.024244748177095373,0.04928563147161521,-0.024244748177095373,0.2242530418262923,-0.01407320147596226
1415,0.0,13422.285364297695,0.0023586280161435203,0.014880356060317452,0.3891416912188624,-0.013727607998298204,0.2737196366440633,-0.013969523432663042
1416,0.0,13428.734842946968,0.0,0.0032853518721696513,0.42078379769666757,0.0018052344945049558,0.3178388849598446,-0.009237096054512643
1417,0.0,13446.564817154002,0.15365591492820527,0.022214835161699704,-0.10763134011544645,-0.02220931368669739,0.19019781743725725,-0.013128761344168068
1418,0.0,13458.521516880779,0.04917624851138063,0.014740784317996646,0.04544977433905235,-0.014740784317996646,0.14677340450779577,-0.013612368236316641
1419,0.0,13458.522257984756,9.098353198071168e-06,0.002079701711024197,0.5460229094078763,0.014241431110073753,0.26654825597781995,-0.005256228432399523
1420,0.0,13468.440999218148,0.0008426944980493985,0.007364133591336181,0.21717115363881204,-0.006265484472055424,0.2517351252761175,-0.005559005244296293
1421,0.0,13468.661084951367,0.0,0.005540625046920101,0.6163199564945209,0.005248351224722725,0.36111057464163854,-0.0023167983035905873
1422,0.0,13473.750136673116,0.056515354916844944,0.006934740786876187,0.031231059816738304,-0.004715027361517136,0.26214672019416846,-0.0030362670209685516
1423,0.0,13484.89747263959,0.0020212933928352313,0.02070398542371564,0.45601413617673753,-0.020683773904707735,0.3203069449889392,-0.008330519086090307
1424,0.0,13496.516931551583,0.04669667036117923,0.020698177763752768,0.17787712444490902,-0.020697322957891204,0.27757799882573014,-0.012040560247630575
1425,0.0,13502.783705523567,0.007071621328254494,0.006963012636422374,0.24289252427613964,-0.0038764650499678115,0.267172356460853,-0.009591331688331746
1426,0.0,13513.462128653238,0.06672338077596772,0.011533476530134066,0.13080227144256446,-0.009304825775183122,0.22626133095536644,-0.009505379914387158
1427,0.0,13523.761489351667,0.017703903200464045,0.011299354411256167,0.37178250718015365,-0.011069973449950532,0.26991768382280257,-0.009974757975056169
1428,0.0,13531.921883964642,0.010615668521128904,0.00798730311912449,0.2958942993910432,-0.006683769783914302,0.27771066849327475,-0.008987461517713609
1429,0.0,13537.245758266812,0.006575883906238608,0.006360601430123494,0.4463062919039805,-0.0003265543422685513,0.32828935551648647,-0.006389189365080091
1430,0.0,13555.031378623906,0.11954262422414316,0.027425220439446733,-0.08541261675773044,-0.027425220439446733,0.20417876383422137,-0.012699998687390083
1431,0.0,13565.087714322628,0.001741410509977542,0.014320696266838918,0.35172869636967624,-0.013766127171736878,0.24844374359485782,-0.01301983723269412
1432,0.0,13573.079132628436,8.523380889371587e-05,0.006897449259984247,0.35131002079412643,-0.0028771296197048647,0.2793036267546384,-0.009977024948797344
1433,0.0,13580.099464619467,0.0,0.0020043002457468223,0.4018762191437065,-0.0006476518243909924,0.31607540447135885,-0.007178213011475438
1434,0.0,13587.103230163752,0.001483513103342624,0.0048655481398346126,0.2988708053291408,-0.0038993516867858844,0.3109140247286934,-0.006194554614068572
1435,0.0,13599.56955977705,0.011936738437830708,0.018236108365166037,0.32060948061895456,-0.018236108365166037,0.3138226614957717,-0.00980702073939781
1436,0.0,13612.157960562126,0.010137598187729645,0.01936454804844565,0.07483288635595713,-0.01936454804844565,0.2421257289538273,-0.012674278932112162
1437,0.0,13612.861752647781,0.0,0.0033623638550270485,0.7892048808473534,0.009277508047264097,0.4062494745218851,-0.006088742838299284
1438,0.0,13627.932305813678,0.20587218706448165,0.01795143965458313,-0.05612759455403957,-0.017940914256406974,0.2675363537991077,-0.00964439426373159
1439,0.0,13636.304987384028,4.255819730722633e-05,0.010698796387342698,0.33528135947713295,-0.010698796387342698,0.28785985550251525,-0.009960714900814922
1440,0.0,13647.937433137356,0.0019525293716784716,0.016185379155141903,0.2954959651946382,-0.01377298817384334,0.2901506884101521,-0.011104396882723445
1441,0.0,13667.378051495842,0.05160306553005093,0.029662860355052813,0.12004842745005641,-0.029662860355052813,0.2391200101221234,-0.016671935924422256
1442,0.0,13672.180441015147,0.005244350775651328,0.005485330956023118,0.41464888142148326,0.002256765917801186,0.2917786715119314,-0.010993325371755224
1443,0.0,13687.276152329216,0.01658837762456708,0.01537866251688308,0.3264817954175849,-0.013624743425878907,0.30218960868362743,-0.01178275078799233
1444,0.0,13696.487058231294,0.007842341187765962,0.00876568296011879,0.3156432483232286,-0.007247058750917664,0.30622570057550774,-0.010422043176869927
1445,0.0,13701.677158930865,0.002098645849303127,0.0047101679698036535,0.3136918561701362,0.0018952407457535957,0.30846554725389624,-0.00672685800008287
1446,0.0,13713.112079317834,0.043659088477421046,0.012716971482403907,0.40005893384236413,-0.012686170080272952,0.3359435632304366,-0.008514651624139894
1447,0.0,13725.345231849396,0.002098645849303127,0.01812381353966197,0.43833177894689457,-0.01812381353966197,0.366660027945374,-0.011397400198796516
1448,0.0,13734.30241077093,0.0004340074727776342,0.009385910199043605,0.16799226008976265,-0.009316468969761939,0.30705969758869056,-0.010773120830086141
1449,0.0,13746.403798887477,0.0,0.014892370116848144,0.5639574971710648,-0.012890053334474778,0.3841290374634028,-0.011408200581402732
1450,0.0,13756.51236722573,0.09292304075978484,0.010873560891995636,0.12782461367674633,-0.009362174815796275,0.3072377103274059,-0.010794392851720794
1451,0.0,13766.523669130653,0.011069906596490967,0.013237578346575634,0.24527790999268628,-0.008523570327467082,0.28864977022699,-0.010113146094444681
1452,0.0,13774.00467243654,0.0,0.008017092398212858,0.6040406541679454,-0.0039198832461228295,0.38326703540927665,-0.008255167239948125
1453,0.0,13781.212114483395,0.0,0.007135253185217118,0.5742911881883336,-0.004137011780904395,0.4405742812429937,-0.007019720602235005
1454,0.0,13792.513159523292,0.19528629771944736,0.014727966621749846,-0.028977432205992703,-0.01465222293307887,0.29970876720829775,-0.009309471301488164
1455,0.0,13804.212382939259,0.0,0.01667327851836937,0.41443624379684785,-0.01667327851836937,0.33412701018486274,-0.011518613466552526
1456,0.0,13808.069636778415,0.006597879562388776,0.007699425253993394,0.33971303349645093,0.0021413626685790645,0.3358028171783392,-0.00742062062601305
1457,0.0,13820.54958957261,0.1204415149609559,0.015415362394569747,0.3209231819242943,-0.01369215343416427,0.3313389266021257,-0.009302080468458415
1458,0.0,13826.36105594065,0.027121047490977452,0.0054758173527304325,0.2845675839597541,-0.003989821761800284,0.31730752380941424,-0.0077084028564609755
1459,0.0,13835.498757414154,0.0,0.00952716875554813,0.32233366464309193,-0.009026027462803768,0.31881536605951755,-0.008103690238363813
1460,0.0,13840.16948637432,0.0028130034661500033,0.00700049007969169,0.618918544628679,-0.0013634452649354221,0.40884631963026596,-0.006081616746335295
1461,0.0,13842.107393625394,0.0,0.004945614973174536,0.5022864392700426,0.004657437922988495,0.4368783555221989,-0.0028599003455381583
1462,0.0,13851.117759388033,0.007230631766989782,0.014497220233117858,0.2304171755177303,-0.012317415380336792,0.3749400015208583,-0.005697154855977748
1463,0.0,13863.07915057504,0.22706362747447292,0.021703120660660418,-0.19110022276802968,-0.021703120660660418,0.20512793423419193,-0.01049894459738255
1464,0.0,13872.547465789641,0.09854381807803335,0.014472210513458194,0.08561397737216622,-0.013353664363884197,0.1692737471755842,-0.011355360527333044
1465,0.0,13888.29780327862,0.16261714549873316,0.021506452137197273,-0.10048097453834404,-0.021403662457793706,0.08834733066140572,-0.014369851106471241
1466,0.0,13891.342873997537,0.004209998497189186,0.002010880887653518,0.4061140121721675,0.0060833470143280294,0.18367733511463424,-0.008233891670231459
1467,0.0,13899.972790409645,0.0,0.004336592478662124,0.4185407762966093,-0.0026673188030552214,0.25413636746922674,-0.006563919810078587
1468,0.0,13906.657970132252,0.03699995551393674,0.0052984482464080735,0.18464417584854914,-0.00507699060685541,0.23328870998302345,-0.006117841049111633
1469,0.0,13912.96297129389,0.0013040290419116614,0.0061711223334888704,0.32677771830722663,-0.006043092574200258,0.26133541248028436,-0.00609541650663822
1470,0.0,13918.606427865025,0.0,0.008112167624977695,0.3805338382910147,-0.005130474409265466,0.29709494022350347,-0.005805933877426393
1471,0.0,13939.157599272423,0.09344888069108499,0.03622363432610786,0.0932873735598909,-0.03622363432610786,0.2359526702244197,-0.014931244012030831
1472,0.0,13933.546863260297,0.0,0.001160766891495765,0.8480031528360192,0.018359016314750152,0.4195678150078995,-0.004944165913996536
1473,0.0,13943.48518488115,0.0,0.008296466173074878,0.5316027144713625,-0.004945450617829875,0.4531782848469384,-0.0049445513251465375
1474,0.0,13951.201398467205,0.020935337891791413,0.013082158299633181,0.2848097399778788,-0.010719249171984923,0.4026677213862205,-0.006676960679198053
1475,0.0,13952.875325571362,0.05136193572953704,0.001490758219939063,0.32510894108897886,0.0019414328583328723,0.379400087297048,-0.004091442617938775
1476,0.0,13955.164217900703,0.0,0.0027524492740770654,0.5022923379972143,0.002357118463784039,0.41626776250709785,-0.0021568742934219304
1477,0.0,13945.29013533683,0.0,0.0010440215104922793,0.8941141678304002,0.024922794497314847,0.5596216841040885,0.005967026343799103
1478,0.0,13950.047962266353,0.00444328496598415,0.011618076066436663,0.20230165566852087,-0.007914021478512645,0.45242567557341823,0.0018027119971055785
1479,0.0,13955.912071683902,0.1282913609514843,0.019086522122574192,-0.09853916665888285,-0.01850766006122961,0.28713622290372787,-0.004290399620394978
1480,0.0,13961.624534967119,0.130935067754826,0.013954039591392763,0.016717240825039264,-0.013600023519504865,0.20601052828012126,-0.007083286790127944
1481,0.0,13965.12735846991,0.0,0.0059180337954940964,0.35789107619321114,-0.002533245743317526,0.2515746926540482,-0.005718274476084819
1482,0.0,13969.859287989771,0.019253262538619653,0.006784319269871102,0.3101684291047933,-0.002241501323489506,0.2691528135892717,-0.004675242530306225
1483,0.0,13969.892983313637,0.0,0.002506515759514694,0.49080817474045846,0.0060811390932996945,0.3356494219346277,-0.001448328043224449
1484,0.0,13987.80196066981,0.24328769558436758,0.032379978187825786,-0.2239981689957852,-0.032379978187825786,0.1677551446555038,-0.010727823086604851
1485,0.0,14000.779435052138,0.05276476533551046,0.025080737289550428,0.06405187774630787,-0.025080737289550428,0.136644164582745,-0.015033697347488523
1486,0.0,13999.356406836458,0.0,0.0017746301826483157,0.44888934583740026,0.014765861887358858,0.23031771895914155,-0.006093829577034309
1487,0.0,14011.702564891522,0.04730517604176361,0.012088487209387502,0.245644477284855,-0.009807151645374549,0.2349157464568556,-0.00720782619753638
1488,0.0,14012.366921728224,0.0,0.0049221811025335705,0.7525041397936972,0.0052639884911785065,0.39019226445790806,-0.0034662817909219138
1489,0.0,14019.73904599674,0.007485017679463618,0.009827123432379499,0.3283645011645013,-0.007706011529017673,0.371643935469886,-0.004738200712350642
1490,0.0,14018.834919205643,0.0,0.004119974453578999,0.5264096317761232,0.005691732710007907,0.41807364436175715,-0.001609220685643077
1491,0.0,14028.574648446816,0.16383747223005926,0.015288425981842385,0.004468212368076166,-0.015288425981842385,0.29399201476365283,-0.005712982274502869
1492,0.0,14032.836719917304,0.00505108197633733,0.011599481324773262,0.4181377360393443,-0.006965003087869812,0.3312357311463603,-0.006088588518512952
1493,0.0,14037.252550391162,0.010414644186454793,0.0054339661584671736,0.3869480473158649,-0.0029949324296570726,0.3479494259972117,-0.005160491691856188
1494,0.0,14044.223388682989,0.0028864023933379513,0.011769118735326272,0.4789697228128019,-0.007965279580692434,0.3872555150418887,-0.006001928058507061
1495,0.0,14040.179096737033,0.0,0.001897715873184914,0.6480733107388488,0.01405120073552605,0.4655008537509767,1.4010579702871707e-05
1496,0.0,14053.378827505932,0.03891061009314997,0.021248014481749452,0.3181406202919381,-0.021248014481749452,0.4212927837132651,-0.006364596938732825
1497,0.0,14062.496515746283,0.00153240469561216,0.018744586648808324,0.276318870037437,-0.018744586648808324,0.37780060961051665,-0.010078593851755474
1498,0.0,14073.74846983561,0.04584386418952493,0.017863407214017427,0.18199644812808072,-0.01639184113109308,0.31905936116578587,-0.011972568035556755
1499,0.0,14089.432926806263,0.06063867147070781,0.021690477882696742,0.09299938679366454,-0.021678559758470394,0.25124136885414944,-0.014884365552430844
1500,0.0,14098.689847019941,0.023951048698056168,0.013061481278817292,0.4995216964192467,-0.006193643510104427,0.3257254671236786,-0.012277148939732918
1501,0.0,14105.594098155469,0.0,0.0038571774978769574,0.6948449818959402,0.001632238790590297,0.4364613215553571,-0.008104332620635953
1502,0.0,14117.207954825664,0.04263503959974526,0.011070941967281514,0.16472052779224422,-0.01106915739149397,0.3549390834264232,-0.008993780051893357
1503,0.0,14122.423312764058,0.028170071100872385,0.005758341548260961,0.3319878182406139,-0.0020485750563289926,0.3480537038706804,-0.006910218553224047
1504,0.0,14133.280745374657,0.05056968545226706,0.015843846222454418,0.19284390214211555,-0.012963204611640078,0.30149076335211095,-0.008726114370748855
1505,0.0,14142.14365443639,0.08033139027977569,0.012240093801363074,0.11895620345202668,-0.010902661453555534,0.24673039538208566,-0.009379078495590859
1506,0.0,14147.419987477742,0.0,0.004548968515446086,0.44140242462469687,-0.0015118630959704905,0.305132004154869,-0.007018913875704748
1507,0.0,14166.607433307547,0.16932761123266937,0.029911517301027462,-0.0019560239957751606,-0.029911517301027462,0.21300559570967575,-0.01388669490330156
1508,0.0,14173.199572724432,0.000691413120854776,0.009844668246284542,0.5456872174267863,-0.005843642877016991,0.3128100822248089,-0.011473779295416188
1509,0.0,14180.240144698988,0.005364751487113742,0.004035073741882976,0.5363780357541997,0.0002755230479223198,0.3798804682836261,-0.007948988592414635
1510,0.0,14197.67243541294,0.22721777078155012,0.024034211029987644,0.13599384486956334,-0.024034211029987644,0.30671448125940726,-0.012774555323686536
1511,0.0,14204.488904649017,0.0,0.006322218262894558,0.36898942422864456,-0.005388507986242175,0.32539696415017844,-0.010558741122453226
1512,0.0,14219.1284052114,0.01438426190792504,0.016793162749972362,0.33897017033274857,-0.016752183496025204,0.3294689260049495,-0.01241677383452482
1513,0.0,14221.96918704254,0.0,0.003699839348324465,0.4996480501614702,0.005597758764122465,0.38052266325190565,-0.007012414054930634
1514,0.0,14228.945601097206,0.00011993918195460062,0.00417229033988932,0.2086615355980783,-0.0013078726173056643,0.3289643249557574,-0.0053010516236431425
1515,0.0,14237.161047216623,0.0,0.010921646854199427,0.5701887157514679,-0.009590037623914773,0.40133164219447054,-0.0065877474237246315
1516,0.0,14245.856530630102,0.015943638029478405,0.012860097620964385,0.10837003934182175,-0.012319172194130753,0.3134431613386759,-0.008307174854846468
1517,0.0,14251.851758149249,0.033525297264052456,0.0072583316107746,0.28893297452379285,-0.005281688146227625,0.306090105294211,-0.007399528842260816
1518,0.0,14261.428521637738,0.010530757089985042,0.012796759244472634,0.3030062205866908,-0.010989969758790007,0.3051649398819549,-0.008476661117219573
1519,0.0,14266.105157839993,0.011315067205307174,0.007406511226667175,0.3748862203340719,-0.0016819553307894253,0.32608132401759,-0.006438249381290528
1520,0.0,14275.205325876255,0.0,0.010073323838773317,0.4407668922846661,-0.0098605676875607,0.3604869944977128,-0.00746494487317158
1521,0.0,14281.137710951192,0.06469771897411711,0.006026068740161451,0.1843690599477601,-0.005341586430889289,0.30765161413272696,-0.006827937340486892
1522,0.0,14283.98708220678,0.0,0.004118845782845299,0.6591498154286323,0.0021242915162625955,0.4131010745214986,-0.004142268683462045
1523,0.0,14293.439150467038,0.0007805562024819669,0.013027671854150862,0.19563992333672572,-0.012406779617386222,0.3478627291660667,-0.006621621963639298
1524,0.0,14291.983080426853,3.867622823394803e-05,0.004318533484719152,0.5139482975686889,0.007624243377477698,0.3976883996868533,-0.002347862361304199
1525,0.0,14293.551832719919,0.0,0.004046040007275627,0.7185608874183408,0.003727116533290916,0.49395014600629955,-0.0005253686929256643
1526,0.0,14295.996951714937,0.03249717701940104,0.007847955327785257,0.2220880531594275,-0.002626417584386739,0.4123915181522379,-0.0011556833603639867
1527,0.0,14299.807195148773,0.00813314332813088,0.011947332329890153,0.26725658788327195,-0.007342594625345577,0.36885103907154815,-0.0030117567398584635
1528,0.0,14294.911658517954,0.0,0.001398402524180098,0.6800761187133666,0.011528361345412259,0.46221856296409364,0.0013502786857227532
1529,0.0,14299.693961299949,0.0,0.007332069276667091,0.6707330254550684,-0.0068821458037065224,0.524772901711386,-0.0011194486611060296
1530,0.0,14311.275509753817,0.0,0.025488122548976762,0.18545500200709006,-0.025488122548976762,0.4229775318000972,-0.008430050827467249
1531,0.0,14311.232017818085,0.0,0.0023248783495326483,0.535075226481476,0.0016079526725718903,0.4566068402045108,-0.005418649777455507
1532,0.0,14330.673465365784,0.007835416621906238,0.03149593570503646,0.2992971097551297,-0.03149593570503646,0.40941392106969643,-0.013241835555729794
1533,0.0,14335.487492879203,9.499491448538917e-05,0.008004273791212229,0.5050367707919099,-0.0038330539866162304,0.43810077598636044,-0.010419201084995725
1534,0.0,14343.458750056829,0.00899921572905848,0.008257725139833645,0.40713982774514523,-0.0023790737042901178,0.42881249151399586,-0.008007162870784042
1535,0.0,14352.583469062425,0.00026730066581259277,0.010861159341417223,0.5292693328783249,-0.007822865011837448,0.45894954392329457,-0.007951873513100064
1536,0.0,14364.722263633272,0.0488267328913088,0.01665457638283106,0.28500706206086984,-0.016617032635818856,0.4067667993645671,-0.010551421249915701
1537,0.0,14370.714836905769,0.0,0.004513046677007617,0.5836304473234657,-0.0037616835228097044,0.45982589375223665,-0.008514499931783902
1538,0.0,14372.237434152794,0.0,0.002519129119344534,0.7756722956809244,0.008173757034516253,0.5545798143308429,-0.003508022841893855
1539,0.0,14383.852126212892,0.0,0.01673574628588462,0.5328888488279601,-0.015181836744515302,0.548072524679978,-0.0070101670126802886
1540,0.18299467730447727,14395.388066506814,0.26492770239946295,0.020086928193169127,-0.21429860678891532,-0.020086928193169127,0.31936118523931,-0.01093319536682694
1541,0.0,14399.403732462837,0.0,0.008169969697674436,0.5534116069602198,-0.0006081636298920238,0.38957631175558294,-0.007835685845746464
1542,0.0,14420.39979745054,0.17464391892043757,0.0320265699736948,-0.13255610618323255,-0.0320265699736948,0.23293658637393827,-0.015092951084130966
1543,0.0,14429.376810577081,0.0,0.009911064962469933,0.3108857364072913,-0.009911064962469933,0.2563213313839442,-0.013538385247632656
1544,0.0,14439.385527836472,0.0,0.008061523230074839,0.5385564878409859,-0.0045655708591079355,0.3409918783210567,-0.010846540931075238
1545,0.0,14449.670143228803,0.09841399703275748,0.008142783695988759,0.06894772047013624,-0.00687185822894332,0.25937863096578057,-0.009654136120435662
1546,0.0,14458.172749660376,4.7973754550732405e-05,0.0061980292411769645,0.38550417756590205,-0.006013027590888713,0.29721629494581703,-0.008561803561571577
1547,0.0,14479.067598167323,0.14210528486361781,0.03311780078228577,-0.07920967815475419,-0.03311780078228577,0.18428850301564564,-0.01592860272778583
1548,0.0,14499.060202118446,0.16210914288429734,0.03206902107454614,-0.07105132870933237,-0.03206902107454614,0.10768655349815223,-0.020770728231813924
1549,0.0,14515.66176632469,0.05178790206812975,0.017128850578574824,0.12721922397709112,-0.017128850578574824,0.1135463546418339,-0.019678164935842193
1550,0.0,14532.25631296526,0.003459743637650585,0.012418585248119377,0.21682834381291455,-0.012115873387387658,0.14453095139315808,-0.01740947747130583
1551,0.0,14550.95042183768,0.06307131361561892,0.017745979839650747,0.15170054034983438,-0.017722576781398387,0.14668182808016098,-0.017503407264333595
1552,0.0,14560.866714226679,0.000691413120854776,0.004843805956334724,0.3112485742241003,-0.001794761475122598,0.19605185192334276,-0.012790813527570295
1553,0.0,14584.521532768302,0.16701525518751542,0.030515205497720257,-0.14264728391336545,-0.030515205497720257,0.09444211117233031,-0.018108131118615284
1554,0.0,14594.144428246924,0.004776965466498375,0.006773942844248516,0.1761078825477865,-0.005969429359300569,0.11894184258496716,-0.01446652059082087
1555,0.0,14606.71809165641,0.0015466366757437397,0.010657798193464298,0.36905556310539145,-0.006729723829921854,0.19397595874109444,-0.012145481562551165
1556,0.0,14621.656054357312,0.007772734008722076,0.015575357685414027,0.3130417929407184,-0.015545401613002168,0.2296957090009816,-0.013165457577686465
1557,0.0,14634.480064052248,0.01819598021933704,0.013968857497575144,0.36825200119691476,-0.013516582837723345,0.27126259665976155,-0.01327079515569753
1558,0.0,14639.084462362542,0.0,0.004313151407094046,0.7062535254537521,0.004674471628464199,0.4017598752979587,-0.007887215120449011
1559,0.0,14648.275049625467,0.017796819564001358,0.008578284880198215,0.18781351930948192,-0.004994677880549868,0.33757596850141564,-0.0070194539484792675
1560,0.0,14655.000104141707,0.030815408465449143,0.009173910339980086,0.339134215995633,-0.005502203910513527,0.3380434427496808,-0.0065642789370895455
1561,0.0,14656.199928630658,0.0,0.003517175674830783,0.6867611675312044,0.005085808466728109,0.44265876018413786,-0.003069252715944249
1562,0.0,14655.839787305411,0.0,0.0024402770068373625,0.5716296722736143,0.007715970516898677,0.48135003381098074,0.0001663142539086288
1563,0.0,14657.656844540199,0.0,0.0029674069253484534,0.4374382290704636,-0.0005953274206151452,0.4681764923888255,-6.21782484485034e-05
1564,0.0,14670.786708243677,0.052722194303389404,0.02752453596971278,0.094826924933653,-0.02752453596971278,0.3561716221522737,-0.008300885564827786
1565,0.0,14675.644909552013,0.0025464544662504142,0.011244715512663123,0.276848215583861,-0.009710613485031565,0.33237460018174986,-0.00872380394088892
1566,0.0,14682.842525037715,0.0,0.011060721067118938,0.7645561387512745,-0.0059847846343111235,0.4620290617526072,-0.00790209814891558
1567,0.0,14689.305569638025,0.00040267013651265463,0.004576109866247555,0.3760078523994761,-0.004048126389348539,0.4362226989466679,-0.006745906621045467
1568,0.0,14707.4859529499,0.09614633849581813,0.02936336688541316,0.05377972736414626,-0.02936336688541316,0.32148980747191136,-0.013531144700355775
1569,0.0,14706.28320302706,0.0,0.003023161928084351,0.5956612213930502,0.010096512765355722,0.403741231648253,-0.006442847460642326
1570,0.0,14719.816992277843,0.0,0.01383199989873451,0.3242882271895906,-0.01383199989873451,0.37990533031065427,-0.008659593192069982
1571,0.0,14734.90083314622,0.11874629954830533,0.024368064688300613,0.07440134355050729,-0.024352552654610848,0.28825413428261015,-0.01336748103083224
1572,0.0,14750.57594689548,0.04579927427163726,0.02307909902627295,0.1978485703628661,-0.02307909902627295,0.2611324651066869,-0.01628096642946445
1573,0.0,14760.823883299594,0.01114854787712617,0.010613689228058845,0.35142863659858725,-0.006747034500225832,0.288221316554257,-0.013420786850692866
1574,0.0,14778.335269233185,0.03385302625022072,0.018963514545508386,0.07890905093625648,-0.018963514545508386,0.2254276368688568,-0.015083605159137523
1575,0.0,14793.236421170739,0.05052735724791351,0.01643559668546992,0.17643339387294343,-0.01643559668546992,0.2107293639700828,-0.015489202617037241
1576,0.0,14804.132991976347,0.048855607763667035,0.007186866039355231,0.350601744420951,-0.006343717028540468,0.25269107810534325,-0.012745556940488208
1577,0.0,14821.370169585405,0.0,0.019725801453508312,0.5491768439088688,-0.019245135753603773,0.3416368078464009,-0.014695430584422877
1578,0.0,14828.02457526002,0.0,0.004568383401162941,0.5286356375251691,2.5586265247094012e-05,0.39773645675003133,-0.010279125529521886
1579,0.0,14837.46307560666,0.0,0.006366106389410504,0.5055576563494246,-0.0039275052996641325,0.4300828166298493,-0.008373639460564561
1580,0.0,14843.481711621169,0.020082967912858803,0.008416452270062201,0.48022539148005344,-0.0014825009594488616,0.4451255890849105,-0.006306297910229851
1581,0.0,14858.891428807126,0.10322246079987864,0.023118273953064147,0.15032086782132698,-0.023118273953064147,0.3566841727058354,-0.011349890723080139
1582,0.0,14871.69446424207,0.17938424131996691,0.019631018052851147,-0.0940157760239086,-0.019631018052851147,0.2214741880869122,-0.013834228922011442
1583,0.0,14880.028014828811,0.0,0.006331202820282903,0.614557478422357,-0.004962334680752804,0.3393991751875456,-0.01117266064963385
1584,0.0,14889.254728384307,0.0,0.006792562069351996,0.6009776518168939,-0.004346137253117633,0.4178727181763501,-0.009124703630678983
1585,0.0,14894.9103158865,0.0,0.002443836060821378,0.40401112047064097,0.00023591019841327673,0.4137142388646373,-0.006316519481951305
1586,0.0,14910.755980845532,0.04369051627805205,0.023243714070941446,0.09703998228662877,-0.023243714070941446,0.31871196189123474,-0.011394677858648346
1587,0.0,14923.080038048607,0.0,0.01862120692667668,0.39069761612380005,-0.01862063313526501,0.34030765816100433,-0.013562464441633344
1588,0.0,14939.16170495152,0.08954105830504072,0.02150327247634222,0.12729537801103827,-0.02106891392657634,0.2764039741160145,-0.01581439928711624
1589,0.0,14952.21868111746,0.05907159045482137,0.012929927375785723,0.22492364350432664,-0.01241553324870859,0.2609598749325081,-0.014794739475593944
1590,0.0,14966.237287654427,0.052059644889673594,0.013182061158276075,0.17227404072863783,-0.012115650216454447,0.234354124671347,-0.013991012697852094
1591,0.0,14978.391627497102,0.004132908873588517,0.010806654869963891,0.4197456499264314,-0.009327395522749351,0.28997158224787234,-0.01259192754532127
1592,0.0,14980.733873762416,0.0,0.002375114353465234,0.8541477708584844,0.010218955488577666,0.4592244388310559,-0.005748662635151589
1593,0.0,14995.24400558326,0.010294637332781902,0.018597180897447375,0.3717129068578055,-0.016873322490583476,0.43297097923908073,-0.009086060591781155
1594,0.0,14994.167736611722,0.020556010747458716,0.0036185993187610637,0.2574111020839926,0.008609003126974785,0.38030301609255424,-0.0037775414761543726
1595,0.0,15007.765680634146,0.10750741500727946,0.018707006035435014,0.16085231716862922,-0.018707006035435014,0.3144678064153767,-0.008256380843938566
1596,0.0,15016.899170724897,0.0,0.014749149449573241,0.4561570822245994,-0.014749149449573241,0.3569745891581435,-0.010204211425628967
1597,0.0,15026.568137262055,0.03223565173850593,0.011592838721742245,0.24103893481724253,-0.011118108097241678,0.3221938928558732,-0.01047838042711278
1598,0.0,15046.481999667014,0.13509631810801773,0.030421227257511677,-0.048421816474385475,-0.030421227257511677,0.21100918005679556,-0.016461234476232448
1599,0.0,15056.845455992947,0.05224238929522946,0.010025280953030118,0.3812072967934327,-0.009989669630934903,0.26206861507778667,-0.014519765022643183
1600,0.0,15066.259277047937,0.0020927046572906984,0.007549765535237412,0.37059376941336236,-0.0018600177425441258,0.2946261613784594,-0.010721840838613465
1601,0.0,15076.575345905787,0.009503220863598455,0.006777256161442751,0.41415404070931494,-0.00592031152032413,0.330484525177716,-0.009281382043126663
1602,0.0,15085.158856835618,0.013124876295959088,0.006994612371548424,0.17932650562776378,-0.006327005978458909,0.28513711931273034,-0.008395069223726336
1603,0.0,15094.525192535977,0.04548648826093153,0.011147395095915716,0.1209914290785931,-0.009495298529839626,0.23589341224248916,-0.008725138015560322
1604,0.0,15101.847812273658,0.0,0.007738070040424295,0.5828381588175812,-0.00614704659480744,0.33997683621501673,-0.007951710589334457
1605,0.0,15102.289305575241,0.0,0.003078724032829308,0.44608398324292814,0.008500228995798702,0.37180898032339016,-0.003016128713794509
1606,0.0,15112.480134084384,0.0,0.013264556857842289,0.5655395021265203,-0.012822188833748974,0.4299281368643292,-0.005957946749780849
1607,0.0,15114.110900924685,0.0,0.006387640428015256,0.4716082514043758,-7.382392516688569e-06,0.44243217122634315,-0.004172777442601601
1608,0.0,15116.79671357058,0.0,0.00545190516059403,0.6381354693414589,0.0007846172455156636,0.5011431606608778,-0.0026855590361664215
1609,0.0,15126.167677810005,0.03638234551765815,0.015064300702919559,0.036864074280822265,-0.015064300702919559,0.3618594347468611,-0.0063991815361923625
1610,0.0,15128.915256294078,0.0016279643106159238,0.006305798939913215,0.35647037550340244,-0.0026600319484757547,0.3602427169738235,-0.00527743665987738
1611,0.0,15140.748505156243,0.11185553690898924,0.017943810278059958,-0.06955754333640911,-0.017766894501813298,0.2313026388807537,-0.009024274012458155
1612,0.0,15144.962437387676,0.003931831210261941,0.00502044504237337,0.26362817042842246,-0.00290568421092755,0.24100029834505432,-0.007188697071998973
1613,0.0,15157.625441092845,0.005256373755176878,0.016681443244790255,0.19045708612582019,-0.016681443244790255,0.22583733467928407,-0.010036520923836357
1614,0.0,15170.718597364552,0.031931398090891704,0.019400016362206344,0.3286274566378198,-0.019370994410898616,0.2566743712668448,-0.012836862969955034
1615,0.0,15174.206010837546,0.0,0.003262727925617459,0.5180544839897192,0.0037241338506753645,0.3350884050837071,-0.007868563923765913
1616,0.0,15193.63674208385,0.17137339071633312,0.026781101005938734,-0.05809020779229376,-0.026781101005938734,0.21713482122090683,-0.013542325048417759
1617,0.0,15198.020918674569,0.01434595063435997,0.010812524764338171,0.4607113735058996,-0.0003730169330547872,0.29020778690640464,-0.009591532613808868
1618,0.0,15209.013961843457,0.007866043316018012,0.010932491726506333,0.43622039750351355,-0.008395937484174073,0.3340115700855373,-0.00923285407491843
1619,0.0,15210.959447555391,0.0,0.0037492469683227184,0.7305129827990546,0.006322786825976265,0.45296199389959246,-0.00456616180465002
1620,0.0,15220.854418372111,0.014415565858503924,0.013030528192750681,0.38748611916654935,-0.010806709464930824,0.43331923147967955,-0.0064383261027342615
1621,0.0,15229.317505209905,0.0,0.01527778636443515,0.5248968514449824,-0.012606748777947112,0.4607925174692704,-0.008288852905298117
1622,0.0,15235.303838896034,0.0,0.005830351281472296,0.431461234449279,-0.005419569951366636,0.451993132563273,-0.007428068019118672
1623,0.0,15246.726307706955,0.0,0.01587163635694126,0.4971291725821563,-0.014853085412270492,0.46553394456893793,-0.009655573237064218
1624,0.0,15249.449965001135,0.0,0.0038554667347118236,0.6260394192078812,0.002465600375245806,0.5136855869606208,-0.006019221153371211
1625,0.0,15267.18324103151,0.07419016732639167,0.02663563539327862,-0.06919752794654314,-0.02663563539327862,0.33882065248847165,-0.012204145425343434
1626,0.0,15275.555546375113,0.007874039754165897,0.010932341428467057,0.14779215958791822,-0.010663774705025445,0.2815121046183056,-0.011742034209248037
1627,0.0,15294.653928854712,0.10360580954476825,0.026586393922378024,0.04471990453067699,-0.026586393922378024,0.21047444459201703,-0.01619534212318703
1628,0.0,15305.854873963388,0.06292066112617735,0.010462420792550284,0.15376786186876717,-0.010429210753308944,0.19346246977504206,-0.014465502712223605
1629,0.0,15325.226732527224,0.016805941565043798,0.02288516134999731,0.155842484773095,-0.02288516134999731,0.18217647427445793,-0.016991400303555716
1630,0.0,15336.660592171835,0.0,0.010775452736911884,0.6134560767493588,-0.008044333921726404,0.31156035501692814,-0.014307280389006923
1631,0.0,15358.755104283473,0.0,0.027734721566833993,0.26057517699586474,-0.027734721566833993,0.2962648016106091,-0.018335512742355044
1632,0.0,15377.584164405329,0.2761972256454354,0.023559811817717404,-0.24512042596942887,-0.023559811817717404,0.13384923333659768,-0.019902802464963752
1633,0.0,15396.818489684987,0.1207081442642517,0.020620063972940715,-0.0645148058430381,-0.020142735123296486,0.07434002158270694,-0.01997478226246357
1634,0.0,15413.766264437929,0.034142412536278824,0.014828377972083027,0.22469726757785408,-0.013743495573358161,0.11944719538125109,-0.018105396255731945
1635,0.0,15422.692849424626,0.0,0.0037334968973665077,0.3192055504014876,0.0029644043117687084,0.17937470188732205,-0.011784456085481747
1636,0.0,15435.92862018409,0.020318752688537486,0.00911934387330432,0.1039467944479375,-0.008223715645601025,0.15674632965550667,-0.01071623395351753
1637,0.0,15441.74211409002,0.027170213435014166,0.005430186372707492,0.16807313770460014,0.0006105391997504922,0.1601443720702347,-0.007318202007537122
1638,0.0,15446.947422812987,0.0,0.002093618776162279,0.36970842685411437,0.0006232756123830753,0.2230135885053986,-0.004935758721561063
1639,0.0,15456.970709319012,0.0040439881904174805,0.01305402001909135,0.4926666109350711,-0.01305306318297039,0.30390949523430033,-0.007370950059983861
1640,0.0,15461.36223240107,0.0004003002004295592,0.006040078742380961,0.43131442834373246,-0.0037004681668306814,0.34213097516713,-0.006269805492037907
1641,0.0,15470.574450787386,0.03301785445745246,0.011668325337332953,0.15564964725647956,-0.01125280676350486,0.28618657679393483,-0.007764705873477993
1642,0.0,15480.739259314978,0.011642065712041533,0.014542917409228948,0.24312394383151534,-0.014322107633546199,0.273267786905209,-0.009731926401498454
1643,0.0,15490.101354294635,0.001389171033469152,0.011010632322682857,0.26834927216369536,-0.011010632322682857,0.27179223248275486,-0.010115538177853775
1644,0.0,15510.978126778771,0.18048484555891603,0.03293437191631547,-0.17603328568180454,-0.03293437191631547,0.13744457703338703,-0.016961188299392284
1645,0.0,15520.598434366919,0.05438192061522495,0.009902023822137519,0.05357881274434663,-0.008798572360899716,0.11228484774667491,-0.014512403517844514
1646,0.0,15529.256925088992,0.0,0.004514245289797691,0.46902813385754655,0.00023406562079247395,0.21930783357993638,-0.010088462776253417
1647,0.0,15550.956302235509,0.020091495264885694,0.02966959610847885,0.055503896635710794,-0.02966959610847885,0.17016665249666868,-0.015962802775921048
1648,0.0,15566.43090268792,0.013132396496801065,0.021077938718217625,0.29567880173227107,-0.02106481876826593,0.20782029726734938,-0.01749340757362451
1649,0.0,15581.0863296024,0.05463581673120451,0.013206566550060599,0.1372434005131584,-0.013175327864681204,0.1866472282410921,-0.01619798366094152
1650,0.0,15598.227451353825,0.2036336950854637,0.016813454773736487,-0.030578312374719096,-0.016813454773736487,0.12147956605634873,-0.01638262499478001
1651,0.0,15605.945255013004,0.0,0.0032033043504056564,0.6147958777972007,0.0014767513983032895,0.26947445957860433,-0.011024812076855019
1652,0.0,15618.477255900465,0.07167207638745228,0.010867987765782648,0.21438507203659246,-0.008583733642772434,0.2529476433160008,-0.010292488546630243
1653,0.0,15618.448598884122,0.0,0.0018246929633668556,0.6795145332077266,0.011972735053542951,0.3809177102835185,-0.0036129214665782845
1654,0.0,15631.323853809143,0.011329570779106256,0.015951567129941596,0.16320887455075628,-0.015951567129941596,0.31560505956368984,-0.007314515165587277
1655,0.0,15638.693316096362,0.012449722133651139,0.01132302275857311,0.14435692320687105,-0.011284815105457424,0.26423061865664416,-0.00850560514754832
1656,0.0,15650.774448947717,0.19639782435970593,0.01719533992835065,-0.013668765478620334,-0.01719533992835065,0.1808608034160648,-0.011112525581789018
1657,0.0,15659.000260699304,0.007795285688391611,0.008436345807015938,0.21674848454302492,-0.007814080554536178,0.19162710775415284,-0.010122992073613165
1658,0.0,15664.979978004772,0.0009766191126137497,0.004719739397180216,0.39986756732618706,-0.00046040556896160916,0.2540992456257631,-0.007224216122217698
1659,0.0,15673.76062826117,0.024156265878333198,0.009624171148626024,0.07356542441592823,-0.007447228952386997,0.19993909926281261,-0.007291119971268488
1660,0.0,15678.077225336554,0.0,0.004706015620902097,0.24551227312206672,-0.001163888780941737,0.21361105142058884,-0.0054529506141704626
1661,0.0,15682.452906596782,0.0030176616509227346,0.005782855714090391,0.3112165028493987,-0.0012938797131427687,0.24289268684923182,-0.004205229343862154
1662,0.0,15692.311319272338,0.08576608220052302,0.014682984961651841,0.02603709037106281,-0.014682984961651841,0.1778360079057811,-0.007348556029199059
1663,0.0,15699.504001232512,0.07909490040321018,0.012656255552060432,0.06732789072703613,-0.010298117015957259,0.1446835727521576,-0.008233424325226519
1664,0.0,15706.903506682045,0.009084152970181137,0.0077132336547096345,0.21315915388038204,-0.007417831142560349,0.16522624709062492,-0.007988746370426666
1665,0.0,15712.087714209909,0.0,0.0032411747424390537,0.34791452272696183,-0.0018910842455015684,0.220032729781526,-0.006159447732949137
1666,0.0,15712.787008537185,0.00032629816803289146,0.0023370089489432905,0.3404909141524074,0.007121391276237563,0.2561701850927904,-0.002175196030193127
1667,0.0,15721.471003455521,0.003104365180624087,0.011594575364255174,0.23285003211362312,-0.01158493152345091,0.2491741391990402,-0.004998116678170462
1668,0.0,15722.358316276426,0.0,0.0034483634158342063,0.406824723787597,0.0006255156828220128,0.2964693145756072,-0.003311026969872719
1669,0.0,15733.30169317063,0.20739248016720307,0.017493341173545084,-0.19321319079510718,-0.01745437086608224,0.14956456296439288,-0.007554030138735575
1670,0.0,15737.161968950892,4.7804513534591294e-05,0.005763588288739226,0.4181383640299513,-0.004278503526148977,0.23013670328406038,-0.006571372154959595
1671,0.0,15747.526263221534,0.016979352701458984,0.01526938884657226,0.3235332285053426,-0.013449691162868375,0.25815566085044506,-0.008634867857332229
1672,0.0,15758.237874417835,0.03524446975207687,0.015110891170153427,0.12127937218291375,-0.015110891170153427,0.21709277425018564,-0.010577674851178588
1673,0.0,15764.421479806002,0.033251350454909075,0.0060690951073831875,0.351433914606734,-0.0034471207551650626,0.2573951163571501,-0.00843850862237453
1674,0.0,15774.043917725421,0.015093230837443463,0.009497531767222055,0.44769681532032035,-0.008676729836212971,0.3144856260461012,-0.008509974986526062
1675,0.0,15784.541000230503,0.05470819148082585,0.014456496371564048,0.08704215499665263,-0.012724226446177841,0.2462525847312666,-0.009774250424421597
1676,0.0,15790.410636421462,0.0,0.004989008744734269,0.4604125821898997,-0.0029565910191811967,0.3105005839688565,-0.007728952602849476
1677,0.0,15796.64897815382,8.335100683385586e-06,0.003216767445239529,0.34520133863912134,-0.0024929947251849504,0.3209108103699359,-0.006158165239550118
1678,0.0,15807.672355251054,0.05635106830481017,0.016510472582154243,0.17611850634306622,-0.014657786439619142,0.277473119161875,-0.008708051599570825
1679,0.0,15813.949211593177,0.018731225934503493,0.006402732005716217,0.29232364318831516,-0.006299193104913463,0.28192827636980705,-0.007985394051173616
1680,0.0,15825.182625925205,0.0372745541046642,0.013999334690034344,0.396056008878522,-0.013999334690034344,0.3161665961224215,-0.009789576242831834
1681,0.0,15839.648542292769,0.21514995642368,0.021411307952340856,-0.18514607839959182,-0.021411307952340856,0.16577279376581747,-0.013276095755684541
1682,0.0,15844.96103215119,0.0023061010799057696,0.006722805682702918,0.354174519717098,-0.00031704129560424925,0.22229331155120163,-0.009388379417660452
1683,0.0,15861.119726218523,0.1558658583137013,0.01944349708570332,-0.06987567837308019,-0.01944349708570332,0.13464261457391707,-0.012404914718073312
1684,0.0,15867.82488053293,0.0,0.006977140268466533,0.7203691972770726,-0.0036726381483636284,0.3103605893848637,-0.009785231747160407
1685,0.0,15879.682871680598,0.024545553496391096,0.01242036534270631,0.21077571940405354,-0.011374644070182852,0.2804851283906207,-0.01026205544406714
1686,0.0,15893.993125373727,0.01637879157253862,0.019192493147226763,0.10306833929670149,-0.019192493147226763,0.22726009166244493,-0.012941186755015027
1687,0.0,15899.728302153406,0.0,0.005094406041714989,0.7749213045136095,-0.0007194277553019535,0.3915584555177943,-0.009274659055101104
1688,0.0,15918.1399690346,0.04253673844802934,0.024490792338716868,0.11303310956189135,-0.024490792338716868,0.3080008517310234,-0.013839499040185832
1689,0.0,15928.778997588892,0.012598076329439102,0.013834807991056948,0.29135983685136696,-0.011926893845699702,0.30300854726712645,-0.013265717481839991
1690,0.0,15945.733978469883,0.048084168133897376,0.020353993773461705,0.04326396236894552,-0.020353993773461705,0.22508517179767215,-0.015392200369326505
1691,0.0,15955.544925594057,0.0033266366540542222,0.007053493817583058,0.32499730371176855,-0.005979675783057875,0.25505881137190106,-0.012568442993445917
1692,0.0,15975.47548296135,0.03593072139109195,0.024964767339086546,0.05786125273718168,-0.024964767339086546,0.19589954378148525,-0.016287340297138103
1693,0.0,15991.89588226531,0.11859425875062912,0.020438397919362698,-0.09833735622653396,-0.020438397919362698,0.1076284737790795,-0.01753265758380548
1694,0.0,16008.037852685975,0.00013628978726325217,0.015932598167541452,0.22079662866020658,-0.015932598167541452,0.14157892024341762,-0.01705263975892627
1695,0.0,16007.968202849894,0.0030691947026178696,0.0018062796159068262,0.5827183311295521,0.019118815464926504,0.27392074350925794,-0.006201203191770437
1696,0.0,16023.553898339598,0.01835357116465169,0.014549761312775958,0.3779840146866452,-0.014448649055013873,0.3051397248624741,-0.008675436950743467
1697,0.0,16038.504050056092,0.1062717594069612,0.024436337424800645,0.01993524165327849,-0.024325086211651536,0.2195783798997154,-0.013370331729015885
1698,0.0,16050.388152865147,0.10646248274775312,0.017030261226382685,-0.004253463906181634,-0.015164536873135468,0.15242882675794628,-0.01390859327225176
1699,0.0,16063.734856435518,0.014635033371127528,0.013751476839521569,0.2399151920243853,-0.013298678834200493,0.17867473633787798,-0.013725618940836378
1700,0.0,16081.004322426905,0.19199476894603484,0.020918035367594876,-0.12449139777709843,-0.020918035367594876,0.08772489610338503,-0.015883343868863926
1701,0.0,16099.525943401033,0.12736545166009186,0.023627384638192517,-0.12137529556227217,-0.023627384638192517,0.02499483860368787,-0.018206556099662503
1702,0.0,16120.006380699748,0.12183639155374949,0.025363821338101063,-0.09939578487812377,-0.025363821338101063,-0.01232234844085562,-0.02035373567119407
1703,0.0,16140.864174940609,0.1354140142792593,0.023640503078348113,-0.018589656286919845,-0.023640503078348113,-0.014202540794674886,-0.02133976589334028
1704,0.0,16166.208679854255,0.26796389048401426,0.030710087000379502,-0.07298304132761899,-0.030710087000379502,-0.031836690954558114,-0.024150862225452048
1705,0.0,16176.998553983036,0.07163212643002222,0.008083015945171345,0.38382228824381687,0.0007563042966642208,0.09286100280495438,-0.016678712268817168
1706,0.0,16197.180848674254,0.06801783446057169,0.016194352777325328,-0.04115829933728764,-0.016194352777325328,0.05265521216228178,-0.016533404421369614
1707,0.0,16210.026120059063,0.10646706532972368,0.008710575310898095,0.04261568886030216,-0.008698431587445507,0.049643355171687886,-0.014182912571192382
1708,0.0,16225.229565163123,0.07184580075525059,0.014081248875940196,-0.007221977782471758,-0.013860593004067478,0.03258375528543999,-0.01408621670105491
1709,0.0,16246.114980611228,0.07365752362347688,0.02815048922601457,0.08342932914250256,-0.02815048922601457,0.047837427442558755,-0.018305498458542808
1710,0.0,16256.029264652294,0.0,0.007988687429855743,0.5261760798445373,-0.005218886919512328,0.1913390231631523,-0.014379514996833664
1711,0.0,16267.27283836693,0.05104631426985263,0.009648506783938703,0.21055494546970613,-0.0037567378863080547,0.19710379985511844,-0.01119268186367598
1712,0.0,16284.98631455668,0.009646362770661051,0.021993724875435328,0.1876874567103169,-0.02145805219595894,0.19427889691167796,-0.014272292963360866
1713,0.0,16300.852107877992,0.005764239747191532,0.020800013604598145,0.2777864955118691,-0.020800013604598145,0.21933117649173528,-0.01623060915573205
1714,0.0,16314.056581845225,0.10274274388999922,0.012075529656194219,0.11037879100468088,-0.011966073546749154,0.18664546084561895,-0.01495124847303718
1715,0.0,16322.625282619636,0.0,0.007329237639485448,0.6938221919452539,-0.0003216067230913756,0.3387984801755094,-0.010562355948053437
1716,0.0,16322.683017302626,0.0,0.0010648075712439893,0.641600733510981,0.01589403473434996,0.4296391561761509,-0.0026254387433324172
1717,0.0,16328.930650856828,0.0,0.006710293443168134,0.3567133549602773,-0.001904055844391731,0.4077614158113888,-0.002409023873650211
1718,0.0,16342.687302870943,0.10739103883715147,0.025824483677031235,-0.0575178309896761,-0.025824483677031235,0.26817764177106934,-0.009433661814664518
1719,0.0,16352.685020263229,0.06819532685606713,0.017948755137382446,0.08450433512225634,-0.017926108789932883,0.21307564977642543,-0.011981395907245026
1720,0.0,16359.71305041753,0.007708054734516583,0.006300216728400238,0.2425325908770896,-0.004315773601711806,0.22191273210662468,-0.00968170921558506
1721,0.0,16375.945169916402,0.027212759363187896,0.02107095502088947,0.11248995477258596,-0.020932890335288598,0.18908589890641306,-0.01305706355149612
1722,0.0,16383.276719774962,0.0,0.005208811620403881,0.6098196553686845,-0.004644904124457243,0.3153060258450945,-0.010533415723384456
1723,0.0,16391.683722568585,0.0,0.005324383021679214,0.37803865300948725,-0.0034745889654346305,0.3341258139944123,-0.008415767695999507
1724,0.0,16413.965410454268,0.24563543211758848,0.03509721806263617,-0.23685558918409927,-0.03509721806263617,0.16283139304085884,-0.016420202805990505
1725,0.0,16426.791611101624,0.12458233341929262,0.01825637270840449,0.01664150300317492,-0.017270651548411786,0.11897442602955365,-0.016675337428716887
1726,0.0,16436.33646773314,0.03685234192446195,0.008230128492667483,0.24520867859737946,-0.0020859343332262272,0.1568447017999014,-0.012298516500069688
1727,0.0,16448.266448142032,0.0,0.011810109916852744,0.5884576249640334,-0.006971544509441973,0.28632857874914097,-0.010700424902881372
1728,0.0,16455.14693636595,0.0,0.004295819247297916,0.49288989999079547,-0.0010775447412955264,0.3482969751216373,-0.007813560854405618
1729,0.0,16465.377531337064,0.027496992637263153,0.009845267601197761,0.36176172044415417,-0.009841898547058962,0.35233639871839234,-0.008422062162201621
1730,0.0,16487.94709819664,0.16569669307727633,0.038529885810685456,-0.16041789265292297,-0.038529885810685456,0.19851011130699772,-0.01745440925674677
1731,0.0,16502.50226920042,0.16589146881582298,0.02097427219521923,0.10972224972052774,-0.020823024453220616,0.17187375283105671,-0.018464993815688925
1732,0.0,16511.80350629562,0.0,0.0038603107620588124,0.4755922410795271,-0.00042652623023407257,0.2629892993055978,-0.01305345354005247
1733,0.0,16528.64335710762,0.10388345617761383,0.015782573802974046,0.1409174302996776,-0.015304760069497821,0.2263677386038217,-0.013728845498886075
1734,0.0,16546.901970939758,0.0,0.023869396150275737,0.4835556219240761,-0.023869396150275737,0.303524103599898,-0.016771010694302972
1735,0.0,16557.672912709597,0.00026730066581259277,0.007652763245540574,0.44189895406934526,-0.00743978918023782,0.34503655874073214,-0.013971644240083425
1736,0.0,16571.562441080525,0.0,0.011051306949849161,0.3095677510881514,-0.010884562789533658,0.3343959164449579,-0.013045519804918495
1737,0.0,16580.13981711095,0.0,0.0032236553603436496,0.5631624187983078,-0.0027721739880847336,0.40302586715096284,-0.009963516059868366
1738,0.0,16599.36653276219,0.13260223138722324,0.026051427974124786,-0.104036798498664,-0.026051427974124786,0.2509070674560748,-0.014789889634145292
1739,0.0,16616.05309019052,0.04048025188476496,0.02376875334524495,0.07614858130600294,-0.02376875334524495,0.1984795216110532,-0.017483548747475187
1740,0.0,16626.103141347816,0.0041159229265916196,0.0063195814778305905,0.25124360111513666,-0.004802990344315061,0.21430874546227824,-0.013679381226527149
1741,0.0,16635.840566804985,0.008602303341755406,0.008136707188630195,0.4126767805118968,-0.001504298872718704,0.2738191559771638,-0.010026856520384615
1742,0.0,16653.611248664387,0.06835498307413371,0.022363266037318467,0.062276458495755034,-0.022355112741095244,0.21035634673274115,-0.013725333386597802
1743,0.0,16674.361237587298,0.27135278541595403,0.032212612489559735,-0.24566920618989296,-0.032212612489559735,0.0735486808559509,-0.01927151711748638
1744,0.0,16680.364524851157,0.00024370631648702504,0.005955151923629406,0.4766646205887956,0.0025933536912273823,0.1944834627758043,-0.012712055874872251
1745,0.0,16695.51890401145,0.03968122409251829,0.013752021936285283,0.2356355275526748,-0.010967457258438073,0.20682908220886542,-0.012188676289941996
1746,0.0,16705.35117423957,0.0034274263485512208,0.009077382903999495,0.46098998350181136,-0.006734309926854272,0.28307735259674915,-0.010552366381015678
1747,0.0,16714.93755067755,0.004692969019905476,0.008687144405620028,0.18560756423829627,-0.006835397844553005,0.25383641608921326,-0.009437275820076875
1748,0.0,16738.839670873105,0.26186807623852265,0.03841081560134165,-0.26186807623852265,-0.03841081560134165,0.09912506839089247,-0.018129337754456305
1749,0.0,16747.673663413694,0.003418742151087975,0.007824172502148502,0.2157091728405558,-0.007818266407214088,0.13410029972579146,-0.01503601635028364
1750,0.0,16761.610222782474,0.018667773355190778,0.01190298335552022,0.13086768684955805,-0.009523271176136551,0.13313051586292143,-0.013382192798039514
1751,0.0,16778.806480202315,0.11370720449780526,0.019605427893203776,0.03863827711491073,-0.019605427893203776,0.10478284423851822,-0.01524916332658879
1752,0.0,16790.63244704681,0.049390747118829584,0.013670428398684226,0.2018834942273288,-0.010062264956129751,0.13391303923516137,-0.013693093815451078
1753,0.0,16814.864316728268,0.2813821542683216,0.03402797112887123,-0.2681786138090873,-0.03402797112887123,0.013285543321886764,-0.019793557009477124
1754,0.0,16827.029995132056,0.0897567613847955,0.013640342765478089,0.16358531166138113,-0.010256792408061984,0.05837547382373507,-0.01693252762905258
1755,0.0,16844.153397490787,0.02816403827584281,0.01434994437795386,0.10857867330535949,-0.01434994437795386,0.07343643366822239,-0.016157752653722962
1756,0.0,16853.358183783657,0.032486622450805656,0.004169491637567415,0.102363448939476,-0.000865348802633457,0.08211453824959847,-0.01157003149839611
1757,0.0,16868.56167693416,0.11736940603190386,0.014360867070165902,0.03486592551383406,-0.014360867070165902,0.06793995442886913,-0.012407282169927047
1758,0.0,16879.12611542711,0.0,0.009581632137003452,0.4294296250489944,-0.00944016062573019,0.1763868556149067,-0.011517145706667987
1759,0.0,16895.843346064208,0.01024343002098244,0.02142343049583754,0.20959709170082194,-0.02142343049583754,0.18634992644068127,-0.014489031143418853
1760,0.0,16901.520627884864,0.0044050116431491515,0.00470145932695027,0.35426928986849604,0.0007730659490574188,0.2367257354690257,-0.00991040201567597
1761,0.0,16914.373474199874,0.1102417405667884,0.012569170766799738,0.1954143940884349,-0.011271088964557153,0.22433233305484845,-0.010318608100340325
1762,0.0,16921.766083950184,0.0,0.005948381625138403,0.39470673594233496,-0.004647992875975422,0.2754446539210944,-0.008617423533030853
1763,0.0,16929.680693392205,0.03784572100501222,0.006534839802879354,0.31610892080735337,-0.005381160252481899,0.2876439339869721,-0.007646544548866166
1764,0.0,16939.35842620337,0.07514027701750854,0.01229294289449449,0.18937760381315316,-0.010866854486815207,0.25816403493482637,-0.008612637530250877
1765,0.04820817125364307,16957.77749597887,0.30211339962239714,0.030049051563460865,-0.2957474458977296,-0.030049051563460865,0.09199059068505956,-0.015043561740213873
1766,0.0,16970.900612109217,0.22119344414335934,0.017775963865407918,-0.22119344414335934,-0.0177415127717009,-0.0019646197634661106,-0.01585294704965998
1767,0.0,16981.558153263286,0.0397941065042518,0.008801117416276285,0.22420043370369444,-0.005872294464521425,0.06588489627668205,-0.012858751274118414
1768,0.0,16989.97815461154,0.0,0.003453772457464,0.5574826469178134,-0.0004924016623790358,0.21336422146902145,-0.0091488463905966
1769,0.0,17003.832652044737,0.14217390901039187,0.01526110822352472,-0.056925785923598676,-0.015087801809015743,0.1322772192512354,-0.010930533016122342
1770,0.0,17016.662952924366,0.0485208240032324,0.018122331561993554,0.1447132024151028,-0.01674430630000943,0.1360080142003956,-0.012674665001288467
1771,0.0,17031.69866142753,0.1497899568294019,0.019642959522288825,0.04056907681984724,-0.019410309781410926,0.10737633298623109,-0.014695358435325205
1772,0.0,17043.913772541735,0.013443188197986114,0.012565759489135148,0.19854886565493166,-0.01163306551011353,0.13472809278684125,-0.013776670557761701
1773,0.0,17063.37332535247,0.0905298005946094,0.02465904204565358,-0.048141708302837434,-0.02465904204565358,0.07986715245993764,-0.017041382004129264
1774,0.0,17073.66453626289,0.014251659200002278,0.010095942544553467,0.3374950640534285,-0.006379266648879178,0.1571555259379849,-0.013842747397554237
1775,0.0,17085.493890237965,0.006056222311510806,0.006712699208384808,0.32890914153165446,-0.0063162667188665835,0.20868161061608576,-0.01158480319394794
1776,0.0,17088.452374096953,0.0,0.0026184646363286127,0.5582696492625601,0.008738720632647924,0.31355802221002804,-0.0054877460459691815
1777,0.0,17095.750744710862,0.019277007784004662,0.00832902269271027,0.4300494224088241,-0.0029087793667087513,0.34850544226966684,-0.004714056042191052
1778,0.0,17097.04366742189,0.0,0.002495774364223517,0.5183564475518775,0.00321923215166497,0.39946074385433006,-0.0023340695840342457
1779,0.0,17102.618548218496,0.017820480666084926,0.008004688919435557,0.07445213569278808,-0.006606607049636789,0.30195816140586745,-0.0036158308237150085
1780,0.0,17111.28884866065,0.04312218915715894,0.015481143820139008,0.09723455504711608,-0.015481143820139008,0.24054107949824202,-0.007175424722642208
1781,0.0,17118.170040254954,0.0017405242757077852,0.010872643332289047,0.2443495025813227,-0.010270349349986227,0.24168360642316622,-0.008103902110845412
1782,0.0,17124.98777810501,0.00182705043762082,0.006418975518001101,0.4025362143240415,-0.0063915571802463204,0.2899393887934288,-0.007590198631665684
1783,0.0,17136.66598970127,0.048682856826290616,0.015571784517090386,0.020480396559258703,-0.015571784517090386,0.20910169112317775,-0.009984674397293093
1784,0.0,17145.558159590986,0.0,0.01113043150608424,0.6407926479259486,-0.010202868929047974,0.338608978164009,-0.010050132756819558
1785,0.0,17168.724275261495,0.10929108869460745,0.037443282951505855,-0.08296525679943217,-0.037443282951505855,0.2121367076749766,-0.018268077815225447
1786,0.0,17188.49530492407,0.04321936159081758,0.029959586933041977,0.16167977335692973,-0.029959586933041977,0.19699962737956253,-0.021775530550570403
1787,0.0,17203.87616561857,0.018136502856599256,0.012172012617529591,0.2125891497838826,-0.012106898283071384,0.20167648410085853,-0.018874940870320697
1788,0.0,17215.66103685036,0.0,0.005032294839620733,0.40927725103799073,-0.0010825148731213737,0.2639567141819982,-0.0135372130711609
1789,0.0,17227.327529970706,0.06708015567812375,0.006362195684056369,0.21834134946620032,-0.004079746716174706,0.2502721047672588,-0.010699973164665042
1790,0.0,17243.544789968455,0.10604338396607177,0.020348818509423605,0.05791578446284478,-0.019238862497664152,0.19256520867593457,-0.013261639964564774
1791,0.0,17255.429886840233,0.018908161106948665,0.013831128999329787,0.15169319386188693,-0.013062244771141868,0.18030360423172026,-0.013201821406537901
1792,0.0,17273.92522909035,0.044908541437382606,0.024167678832723888,0.033157418154747716,-0.024167678832723888,0.1361597484086285,-0.016491578634393697
1793,0.0,17282.63156152582,0.0,0.006577444324832188,0.5060614588789194,-0.003699146165650267,0.24713026154971574,-0.012653848893770667
1794,0.0,17291.696908015525,0.009147921041245432,0.0075213590516934065,0.43491808291027206,-0.00118016707215185,0.3034666079578826,-0.009211744347285021
1795,0.0,17297.66357386845,0.01612523611922876,0.008400218263426004,0.3807927373742788,0.0011343614185561864,0.32666444678280143,-0.006107912617532658
1796,0.0,17309.03051102628,0.011618349966909145,0.013831055691332321,0.1720976043182697,-0.013831055691332321,0.28029439404344186,-0.008424855539672557
1797,0.0,17325.094806302593,0.16498227096625417,0.026762371729450743,-0.06415838574165297,-0.02675383720156566,0.17695856010791342,-0.013923550038240487
1798,0.0,17335.606571472737,0.024185932102591654,0.014022747046261058,0.32227522353979304,-0.012543471665714918,0.2205535591374773,-0.013509526526482815
1799,0.0,17355.58525625876,0.09347526956485182,0.026555665075777352,-0.0463086880312402,-0.026555665075777352,0.14049488498686202,-0.017423368091271173
1800,0.0,17362.33717377535,0.0,0.003796752659448074,0.48807009598847423,0.0007319023093262144,0.24476744828734567,-0.011976786971091955
1801,0.0,17374.606412984882,7.284629963569274e-05,0.008058272694590836,0.33089629259064585,-0.006912540467658477,0.27060610157833576,-0.01045751302006191
1802,0.0,17386.63104421974,0.1503122201211431,0.012421735421369762,-0.05205036189530397,-0.012139765601888796,0.17380916253624382,-0.010962188794609974
1803,0.0,17396.11416052708,0.15747898305951744,0.010414447916867225,0.0423524744283226,-0.008406491711291805,0.13437215610386744,-0.010195479669614522
1804,0.0,17410.90242483448,0.002562506615636613,0.01896512565980006,0.35341597079269155,-0.01896512565980006,0.20008530051051465,-0.012826373466670184
1805,0.0,17421.68432454749,0.04979141548348334,0.012167416235204351,0.14142269838233143,-0.011307567518475382,0.1824865198720597,-0.012370731682211741
1806,0.0,17431.574483281045,0.02544715974621236,0.010818638173123358,0.28892173157038514,-0.006728244513701019,0.21441708338155732,-0.010677985531658524
1807,0.0,17443.22375912162,0.05747388186854358,0.011641480678951393,0.18358238121669376,-0.010938229768401581,0.20516667273209824,-0.010756058802681441
1808,0.0,17461.81646746692,0.17026467295835088,0.027163738340457873,-0.0700873970318611,-0.027163738340457873,0.12259045180291044,-0.01567836266401437
1809,0.0,17476.166507211186,0.08804540586538726,0.01803842310342035,-0.06478653745377758,-0.01803842310342035,0.06637735502590403,-0.016386380795836163
1810,0.0,17496.56104388866,0.04508254742162357,0.025474224436562467,0.07267784244130171,-0.025474224436562467,0.06826750125052333,-0.019112733888054054
1811,0.0,17514.23185850974,0.0533154961488195,0.01897216590892466,0.14927298113626883,-0.018948686552917985,0.09256914521624698,-0.01906351968751323
1812,0.0,17534.041695129326,0.07551698852027318,0.020567081837107395,0.05716031767645189,-0.020567081837107395,0.08194649695430846,-0.01951458833239148
1813,0.0,17546.89880130125,0.0,0.01068006631840158,0.5069301925091197,-0.006114697003162101,0.20944160562075184,-0.015494620933622664
1814,0.0,17565.302661436974,0.0016265758058693056,0.01736806989761907,0.32457638778044745,-0.01736806989761907,0.2439820402686605,-0.016056655622821586
1815,0.0,17576.366303778806,0.000291223142614574,0.007902592440945268,0.34353054354729123,-0.006239997422008673,0.2738465912522497,-0.013111658162577712
1816,0.0,17590.027045640578,0.01749132975673044,0.014358483319189467,0.26999636503538715,-0.011187876848140953,0.27269152338719094,-0.012534523768246682
1817,0.0,17600.894808250796,0.03279995642961624,0.0111392635743001,0.18552965692743015,-0.008460923028254798,0.2465429634492627,-0.011312443546249116
1818,0.0,17614.566619100875,0.0,0.014954791864655535,0.5600960259695942,-0.014954791864655535,0.3406088822053621,-0.012405148041771041
1819,0.0,17622.451542673287,0.0,0.0047800790153582655,0.2803208663701602,-0.004126247580110385,0.3225224774548015,-0.009921477903272843
1820,0.0,17636.64383480404,0.0,0.016730532643966952,0.4561875084631228,-0.01623185114957735,0.36262198675729784,-0.011814589877164196
1821,0.0,17642.3988280971,0.00026730066581259277,0.007391021893741707,0.49049784874106545,-0.0011624219664194675,0.4009847453524281,-0.008618939503940775
1822,0.0,17661.84241863409,0.15379867476056167,0.027863407775046835,-0.059525079796127374,-0.027841493350689445,0.2628317978078614,-0.014385705657965375
1823,0.0,17670.877066746212,0.0,0.01026879512421237,0.45334478318434784,-0.009244717181235393,0.3199856934208073,-0.01284340911494638
1824,0.0,17680.8395558436,0.0,0.010167091982733592,0.49747965688437024,-0.005234933512718405,0.37323388245987615,-0.010560866434277987
1825,0.0,17690.27723253395,0.0,0.008542666480212142,0.520987748568776,-0.005843239175406382,0.4175600422925461,-0.009145578256616506
1826,0.0,17698.66040933616,0.005093981891794215,0.008726823591930439,0.3493620522322214,-0.006082983374869337,0.3971006452744487,-0.008226799792092355
1827,0.0,17710.67168896351,0.010095306694884046,0.016070149513742353,0.318382080314029,-0.015154071881670823,0.3734850757863228,-0.010304981418965894
1828,0.0,17714.26028955655,0.003239274860579835,0.004269050740075209,0.2730769320891402,0.001522706107053146,0.343362632677168,-0.006756675161160182
1829,0.0,17717.79538553626,0.004842569879360137,0.0026550765350712635,0.3904838054707537,0.003651100485411106,0.35749898451524365,-0.0036343424671887955
1830,0.0,17723.3128279293,0.0,0.004916058022131245,0.2645538526159318,-0.004305037423154051,0.32961544494545003,-0.003835550953978372
1831,0.0,17731.54934959602,0.006903561489232217,0.015577186123770815,0.3733101374285609,-0.013213832112601447,0.3427238526903833,-0.006649035301565294
1832,0.0,17743.620706624537,0.07577004277962335,0.020876251761443747,0.10829749331908466,-0.020876251761443747,0.2723959448789937,-0.01091720023952883
1833,0.0,17759.35094426727,0.10089810881474996,0.025390366639914515,-0.048414924888250416,-0.025390366639914515,0.17615268394882047,-0.015259150159644533
1834,0.0,17774.158889364142,0.00713209488614702,0.018842004112323455,0.2509002938835404,-0.018842004112323455,0.19857696692923643,-0.01633400634544821
1835,0.0,17785.926753928845,0.10466432129757286,0.00806101162636311,0.016932503157467256,-0.007940852829108988,0.14408362779770567,-0.013816060290546443
1836,0.0,17805.99519274109,0.10779903265001162,0.024218988403562142,-0.06015343157347466,-0.024218988403562142,0.08281250998635156,-0.01693693872445115
1837,0.0,17817.54050439943,0.00019466417284192186,0.009988809602406029,0.21961486044311476,-0.008955297372030987,0.12385321512338052,-0.0145424463187251
1838,0.0,17820.320397277665,0.0,0.002931584881144982,0.7373659331868272,0.012457136271591835,0.30790703054241453,-0.00644257154163002
1839,0.0,17831.103830288594,0.02992371323561185,0.009878704005687135,0.11983881220451519,-0.007048663376529657,0.2514865650410447,-0.006624399092099911
1840,0.0,17834.228908454148,0.0,0.005918785573341419,0.5508753718496732,0.00047644913979535546,0.34130320708363326,-0.004494144622531331
1841,0.0,17843.644558829186,0.010721679685444683,0.012532505354748251,0.37708570093041144,-0.01252826653445147,0.3520379552376667,-0.006904381196107372
1842,0.0,17849.71231197348,0.01158171921947038,0.012217222587268211,0.3743846366939679,-0.007672069185637936,0.358741959674557,-0.007134687592966541
1843,0.0,17856.041014225928,0.00018200088633458014,0.00719490140434301,0.3465953421674598,-0.005695453963613986,0.35509797442242785,-0.006702917504160774
1844,0.0,17860.35464032469,0.018527861198892975,0.003707248542312116,0.29727588056055676,-0.0012754665670825236,0.3377513462638665,-0.005074682223037298
1845,0.05099165429277974,17873.254434625476,0.2595931279983568,0.019680920633838275,-0.2595931279983568,-0.019680920633838275,0.15854800398519947,-0.009456553746277591
1846,0.0,17884.20495433874,0.028279967851192748,0.017133432347546128,0.08052758655817628,-0.017133432347546128,0.1351418787570925,-0.011759617326658152
1847,0.0,17887.268870897595,0.0,0.000744341913110365,0.695185016698779,0.0039574013767020655,0.30315482013959844,-0.007044511715650086
1848,0.0,17893.076591336892,0.0037641019713338503,0.005839584709740422,0.30446808471385717,0.0004437051215513018,0.303548799511876,-0.004798046664489669
1849,0.0,17906.99973925604,0.09654889270089842,0.02148225298618753,-0.009285177274753606,-0.021468606516731683,0.20969860647588714,-0.009799214620162273
1850,0.0,17915.319431016134,0.017032330688601202,0.013776640613242892,0.30596731410831496,-0.011926425282177529,0.23857921876561547,-0.010437377818766849
1851,0.0,17933.325681872866,0.28243969077499476,0.026870616646414814,-0.28076071449194273,-0.026870616646414814,0.082777238788348,-0.015367349467061238
1852,0.0,17942.80144409608,0.0522768186935023,0.009938442996936876,0.0420291847880349,-0.008228596509345602,0.07055282258825407,-0.013225723579746546
1853,0.0,17952.171284432414,0.0,0.00556107540041285,0.30690918974383863,-0.002961773190013089,0.14145973273492943,-0.010146538462826508
1854,0.0,17962.989342618275,0.0,0.012526455654538185,0.5766217051721402,-0.008338053389033819,0.27200832446609263,-0.009603992940688701
1855,0.0,17974.81071506186,0.007575453509795629,0.013658381986156303,0.26550382921006455,-0.013658381986156303,0.2700569758892842,-0.01082030965432898
1856,0.0,17978.39004604533,0.013454937557045143,0.0033297242109527714,0.45498073923943216,0.002998065999924466,0.32553410489432855,-0.006674796958052945
1857,0.0,17991.243952007047,0.12552451199310832,0.01522969832373673,0.016640781572912378,-0.01522969832373673,0.23286610789790368,-0.009241267367758082
1858,0.0,18009.6479884893,0.1354172613547677,0.031003776366402322,-0.10165555914568836,-0.031003776366402322,0.13250960778482607,-0.015770020067351353
1859,0.0,18013.02229700757,0.0033106275014947698,0.004570791396801084,0.41243434271075524,0.003253594931153244,0.2164870282626048,-0.010062935567799974
1860,0.0,18021.19483040818,0.0110265314448146,0.006206029972993312,0.24724040263661695,-0.00017971803245157953,0.2257130405748084,-0.007097970307195455
1861,0.0,18027.18567626642,0.01942860119564549,0.004545646338471796,0.4429195956613067,-0.0017029555587373777,0.29087500710075787,-0.005479465882658031
1862,0.02660225862176091,18045.92612004122,0.3376111484973382,0.03142056104906062,-0.3350015845542171,-0.03142056104906062,0.10311202960426537,-0.013261794432578806
1863,0.0,18057.38014779596,0.003618655286169327,0.01795644908502311,0.2659272826316808,-0.017602206093245407,0.15195660551249,-0.014563917930778787
1864,0.0,18078.700313083726,0.053609166053193096,0.02999581190179241,0.11679281011127055,-0.02999581190179241,0.14140746689212416,-0.019193486122082874
1865,0.0,18093.421990697632,0.0025622923163736372,0.015119484075969993,0.33392108719399965,-0.014699685262658854,0.19916155298268678,-0.017845345864255666
1866,0.0,18112.857441305237,0.11721400826977792,0.01975375131100568,-0.07286672881745007,-0.01975375131100568,0.11755306844264574,-0.018417867498280668
1867,0.0,18135.644379642225,0.05213761034791575,0.028116475114361245,0.047466095583613234,-0.028116475114361245,0.09652697658493598,-0.02132744978310484
1868,0.0,18150.146086087192,0.0710874643051486,0.010571131893061124,0.09644557872621375,-0.010137966042009327,0.09650255722731929,-0.017970604660776185
1869,0.0,18163.013641834674,0.002665637749451634,0.0075661396786118685,0.3561634845305256,-0.0038425390889876903,0.17440083541828116,-0.013732184989239636
1870,0.0,18183.602513900998,0.008836225793914514,0.02360192924198103,0.30141846804717715,-0.02360192924198103,0.21250612520694995,-0.016693108265062054
1871,0.0,18194.824509555576,0.13767570567075518,0.009792337195355204,-0.06776286131557852,-0.008379252072205523,0.1284254292501914,-0.014198951407205094
1872,0.0,18216.87322257696,0.190816652946636,0.027954541376472523,-0.09002522214111534,-0.027954541376472523,0.06289023383279937,-0.018325628397985322
1873,0.0,18223.31558390652,0.0034588110488982453,0.007267905283238647,0.40718143763677794,0.00213255612917511,0.16617759497399293,-0.012188173039837193
1874,0.0,18231.760631444882,0.0,0.0037609340600185184,0.29610249126890703,0.0020031877529768415,0.20515506386246715,-0.007930764801992982
1875,0.0,18235.914259658774,0.0,0.007523057175473026,0.711953199341089,0.004373070004303387,0.3571945045060537,-0.004239614360104071
1876,0.0,18254.19997991597,0.14851011801598504,0.02965738660208552,-0.142303651147815,-0.02965738660208552,0.2073450578098931,-0.011864946032698505
1877,0.0,18267.90314945712,0.09808094435567175,0.02363763216759256,-0.028106569373155827,-0.02363763216759256,0.1367095696549784,-0.015396751873166721
1878,0.0,18289.02215905766,0.16910918750447337,0.030997086555670524,-0.14202262912341473,-0.030997086555670524,0.05308991002146046,-0.02007685227791786
1879,0.0,18318.40463247747,0.3380206316841127,0.044338667578486916,-0.1487251045305935,-0.044338667578486916,-0.007454594344155727,-0.027355396868088577
1880,0.0,18324.34327239943,0.0042855500736827075,0.0007494048158182545,0.4791786360423987,0.009681029488259546,0.1385353747718106,-0.016244468961184137
1881,0.0,18340.83369157733,0.023078180883454376,0.00746674954482078,0.139369806666306,-0.005182982009644688,0.13878570434015922,-0.012926022875722303
1882,0.0,18364.760260276096,0.09608437197833943,0.032387112001379996,-0.0698768337143425,-0.032387112001379996,0.0761869429238087,-0.01876434961341961
1883,0.0,18364.926940403133,0.0,0.002286277683764386,0.5618308133420957,0.013899204798105814,0.2218801040492948,-0.008965283289961982
1884,0.0,18381.151772315385,0.0010870746296614358,0.013949216702010799,0.1913956496711842,-0.01388198216613151,0.2127347677358616,-0.01044029295281284
1885,0.0,18390.45721453688,0.14440205430613443,0.010512117970292854,0.0020393016281982914,-0.009612488994700113,0.14952612790356262,-0.01019195176537902
1886,0.0,18402.616959877007,0.024184220771993673,0.01439385248319443,0.10482006372276476,-0.014032832975855992,0.13611430864932325,-0.01134421612852211
1887,0.0,18409.704920032593,0.0,0.007698090104122117,0.4169064458385842,-0.0036772915631756186,0.22035194980610154,-0.009044138758918163
1888,0.0,18424.266234860155,0.03354698527465581,0.01837215876410049,0.2184793945462387,-0.018142341641917616,0.21979018322814267,-0.011773599623817998
1889,0.0,18432.26502220246,0.04149033487029473,0.008040214322335539,0.29199299091596614,-0.006752595771601845,0.2414510255344897,-0.010267298468153153
1890,0.0,18446.027423652286,0.06914518486388634,0.016002215505129553,0.024481420417309926,-0.01597969930948624,0.17636014399933575,-0.011981018720553079
1891,0.0,18456.114375973997,0.0013040290419116614,0.011975035591738556,0.45639940634303566,-0.00982017231921942,0.2603719227024457,-0.01133276480015298
1892,0.0,18466.929134200953,0.05233357165028482,0.01353210124714242,0.10056284512022803,-0.00957831993890763,0.21242919942778038,-0.010806431341779376
1893,0.0,18475.437500711894,0.0006304638780257458,0.007089315608352681,0.2907634724935054,-0.00547053225839557,0.2359294813474979,-0.009205661616764234
1894,0.0,18478.86636071826,0.0,0.0020376417568578847,0.5466023781247874,0.004496810201792454,0.32913135038068475,-0.005094920071197228
1895,0.0,18488.07263422053,0.0025622923163736372,0.012602123994342023,0.48589420088704754,-0.009378217275963684,0.37616020553259355,-0.006379909232627164
1896,0.0,18504.79071131989,0.09184731448310596,0.029334799733557827,0.07343682454603014,-0.029256289331476937,0.28534319123662455,-0.013242823262282094
1897,0.0,18516.35337168335,0.033738759809564825,0.01715150342688882,0.1473979575195827,-0.016891352670630782,0.24395962112151198,-0.014337382084786701
1898,0.0,18529.78533192884,0.0874744085258356,0.013724166693383215,0.04431214501463804,-0.013591252026357692,0.1840653782894498,-0.014113543067257997
1899,0.0,18538.25668876048,0.0,0.002683111535197336,0.5750316494238347,-0.002125822766459439,0.3013552596297653,-0.010517226977018429
1900,0.0,18551.9474612025,0.0964340199507645,0.013382617435103892,-0.0775569937664844,-0.013382617435103892,0.18768158361089038,-0.011376844114444066
1901,0.0,18567.196706736933,0.01889358385807472,0.020339781590902273,0.1390984363450979,-0.020339781590902273,0.17310663943115262,-0.014065725357381528
1902,0.0,18589.089132898433,0.32678775118203995,0.03320403619033805,-0.18777956291112202,-0.03317226999402023,0.06484077872847022,-0.01979768874837314
1903,0.0,18603.86994869159,0.09112937729916312,0.015532913050149474,-0.037349605778679636,-0.015316665290626042,0.03418366337632526,-0.01845338171104901
1904,0.0,18615.948193017473,0.0,0.005423326918449872,0.5498521590076174,-0.0037715256614094276,0.1888842120657129,-0.014048824896157134
1905,0.0,18638.659193352247,0.2299044890756262,0.02750694371109601,-0.18850455049562262,-0.02750694371109601,0.07566758329731224,-0.018086260540638797
1906,0.0,18650.314407069964,0.0,0.010001573077919754,0.33819935456603933,-0.008893908455882737,0.15442711467793035,-0.015328554915211977
1907,0.0,18661.414014416332,0.0030595715806684713,0.007523146354255534,0.44216545127415,-0.0036456374536336616,0.24074861565679623,-0.011823679676738481
1908,0.0,18675.884420425522,0.11107000790930051,0.015236902225162177,0.08073775215032579,-0.013686781162596669,0.1927453566048551,-0.012382610122495936
1909,0.0,18691.05957358967,0.03906832829882746,0.01890292065274108,0.16485034171373164,-0.018782627340281247,0.18437685213751806,-0.014302615287831527
1910,0.0,18699.617963592504,0.06255181513904105,0.005500725860189997,0.1680569674737695,-0.004335484657983296,0.17948088673839346,-0.011312476098877056
1911,0.0,18714.25641527823,0.038037476625844294,0.015264227520106474,0.043699972789024516,-0.015126863582979945,0.13874661255358278,-0.01245679234410792
1912,0.0,18730.23828049133,0.09614989470728968,0.02105338731377968,-0.04985084656150443,-0.020992690243285646,0.08216737481905662,-0.015017561713861236
1913,0.0,18738.49567582773,0.00018849051118561695,0.005714803825720815,0.298732378240792,-0.0036013498543137233,0.14713687584557722,-0.011592698155996981
1914,0.0,18743.876274504484,0.0415501717777356,0.0031454432602695233,0.28147951507185326,0.004916741965198586,0.18743966761346004,-0.006639866119638311
1915,0.0,18767.98379131341,0.1500210008816319,0.037871605017775097,-0.0894072705728969,-0.037871605017775097,0.10438558615755295,-0.016009387789079347
1916,0.0,18786.924290868097,0.08254841940953593,0.03187578903976388,0.001431861410066724,-0.03187578903976388,0.07349946873330708,-0.020769308164284704
1917,0.0,18812.138874767894,0.056103195820123866,0.03498854967076841,0.11041551919905335,-0.03498854967076841,0.08457428387303095,-0.025035080616229815
1918,0.0,18820.66295782957,0.005093981891794215,0.006671964869247161,0.6496436688725813,0.004919317984987183,0.25409509937289604,-0.016048761035864716
1919,0.0,18844.192604643747,0.07802240494962824,0.022273190177807423,0.1224099554255195,-0.022273190177807423,0.21458955618868308,-0.017916089778447525
1920,0.0,18860.5400433331,0.008791471433364922,0.016603124334685058,0.2481938878344941,-0.01659320078301851,0.2246708556824264,-0.01751922307981882
1921,0.0,18880.017144583784,0.10020325706467151,0.021233457748000475,0.07971108709525022,-0.021184733124721866,0.18118292510627354,-0.018618876093289733
1922,0.0,18893.566332932074,0.054579078851099,0.011557201636598078,0.29245397918019556,-0.00920249851357731,0.21456424132845014,-0.015793962819376006
1923,0.0,18907.284630515813,0.02625807557868959,0.010994614585187832,0.27952349620210676,-0.008527042251464615,0.23405201779054713,-0.013613886649002588
1924,0.0,18916.677827156993,0.0,0.005410956341036453,0.389078990465672,-0.0025498697885691928,0.2805601095930846,-0.010294681590872568
1925,0.0,18930.26310537326,0.12676845220404337,0.013959328742456766,0.14061306250081382,-0.013692585958226729,0.23857599546540337,-0.011314052901078816
1926,0.0,18941.406317415207,0.01863200201950086,0.012404711655681902,0.23712429042416802,-0.012019979559349093,0.23814048395303275,-0.011525830898559897
1927,0.0,18961.391760480114,0.1850241360920492,0.029370624992497055,-0.11799435818778561,-0.029370624992497055,0.13130003131078724,-0.016879269126741044
1928,0.0,18971.197644042044,0.02493158085554824,0.008269755064439492,0.03484773517333982,-0.007719547354403271,0.102364342469553,-0.014131352595039712
1929,0.0,18992.563473913917,0.08235072696297396,0.026340767201260537,0.22379036192261195,-0.026340767201260537,0.13879214830547068,-0.017794176976905957
1930,0.0,19014.104214399198,0.17022833439479215,0.029414959683790137,-0.10989947270140095,-0.029414959683790137,0.06418466200340918,-0.02128041178897121
1931,0.0,19025.57132731628,0.0104889135139748,0.00785921095871692,0.22602985350347612,-0.0044675337351073995,0.11273821945342927,-0.016236548372812066
1932,0.0,19040.445507612912,0.02849807369026586,0.011521540109195805,0.22222425149060013,-0.008144257155599674,0.1455840290645805,-0.013808861007648348
1933,0.0,19052.51767526748,0.0,0.009152883510703046,0.4465269514967108,-0.007661908850026388,0.23586690579421957,-0.01196477536036176
1934,0.0,19063.88891024159,0.061509430988594495,0.010951519025209867,0.24092283159757866,-0.00880731033973793,0.2373836835352273,-0.01101753585417461
1935,0.0,19066.80652529693,0.01595995865239702,0.004265814453782843,0.33105764257810955,0.006844006962339893,0.265485871248092,-0.005659073009220259
1936,0.0,19072.828201759177,0.0,0.003984230986991252,0.42155518105729123,-0.0008327647395344304,0.31230666419085173,-0.0042111805283145095
1937,0.0,19075.2360493288,0.0003831567571764369,0.005032521597898202,0.36109378387882135,0.0010539844698976863,0.32694280009724264,-0.0026316310288508507
1938,0.0,19083.438703629807,0.014097026196453085,0.014240595333099184,0.2493883381798957,-0.012592565450572421,0.30367646152203853,-0.0056199113553673215
1939,0.0,19085.367879713915,0.009929313463962336,0.00867803033191749,0.30235100582588376,-0.0010436715470262356,0.30327882481319207,-0.004247039412864996
1940,0.0,19092.592323676676,0.0,0.009348284006688284,0.5855604886663888,-0.009019890618372979,0.38796332396915106,-0.005678894774517391
1941,0.0,19096.010045349096,0.0,0.008999343807436824,0.5742525470275784,-0.002459633480197217,0.44385009088667926,-0.004713116386221338
1942,0.0,19104.83936901019,0.0,0.012299785070518812,0.4277068681775255,-0.01228252905440196,0.4390071240739331,-0.006983940186675525
1943,0.0,19112.557610392123,0.0,0.011025306460865431,0.23581796085811252,-0.010879175802270838,0.37805037510918693,-0.008152510871354119
1944,0.0,19130.705992821073,0.14385902307459295,0.030194504412882503,-0.12990855810212995,-0.030194504412882503,0.22566269514579185,-0.014765108933812634
1945,0.0,19147.911769514023,0.16849656450477069,0.026737956413744164,-0.07926536650305446,-0.026737956413744164,0.13418427665113797,-0.01835696317779209
1946,0.0,19156.929124254206,0.0,0.005504127962670032,0.36060341300305937,-0.002640960436920589,0.20211001755671437,-0.013642162355530639
1947,0.0,19168.015660838646,0.0,0.004154578402477157,0.4651851506708254,-0.0034066911425659602,0.2810325574909477,-0.010571520991641235
1948,0.0,19188.14300585603,0.05495577948675445,0.027280902957886457,0.212530438666474,-0.027280902957886457,0.2604819218436056,-0.0155843355815148
1949,0.0,19199.263959901135,0.0002689226485264938,0.011641488978569548,0.24115982797126467,-0.011507305911783854,0.2546852936819033,-0.014361226680595515
1950,0.0,19204.610953466767,0.0,0.003202490616987783,0.7197240720426632,0.005692497414033624,0.3941969271901312,-0.008345109452206772
1951,0.0,19220.15896895552,0.02753907965044005,0.017084374915432247,0.16938688880379932,-0.017084374915432247,0.3267539156742316,-0.010966889091174414
1952,0.0,19229.065004853994,0.027593153238443958,0.009473593961720345,0.3666174082154714,-0.009404465396985213,0.3387129634366035,-0.010498161982917652
1953,0.0,19238.927419626365,0.03292603404603105,0.011021673943697671,0.22491723647720382,-0.008685431223168838,0.3045742453487836,-0.009954342754993007
1954,0.0,19256.163075603497,0.047623196706997155,0.024557266938695716,-0.023417562025031625,-0.024557266938695716,0.206176703136639,-0.01433522001010382
1955,0.0,19263.762903223076,0.015043836516893443,0.00826501783449913,0.41337406491496537,-0.0048665663372539835,0.2683359116701369,-0.011494623908248867
1956,0.0,19273.533302158423,0.020434453105397973,0.010095922289405609,0.2345759931820028,-0.004943534275270316,0.25820793612369664,-0.009529297018355302
1957,0.0,19279.817291191055,0.009865454174998265,0.003002202932630756,0.41415839104538654,-0.0007210232044532687,0.3049930726002036,-0.006886814874184692
1958,0.0,19294.78755717389,0.11596654310522338,0.021000783982070635,0.0588147260817722,-0.020974752450367666,0.23113956864467416,-0.011113196147039584
1959,0.0,19305.073652505867,0.00399238635397591,0.013792549941548118,0.1156706651063492,-0.013792549941548118,0.19649889758317665,-0.011917002285392143
1960,0.0,19323.839949970796,0.22287063993657574,0.027023665303541815,-0.21322881074163616,-0.027023665303541815,0.07358058508573279,-0.016449001190837045
1961,0.0,19337.52126318354,0.0024648418936343863,0.01540381676298474,0.21952313651998262,-0.01540381676298474,0.11736335051600774,-0.016135445862481352
1962,0.0,19348.365816131594,0.0035065901946627646,0.009930353649428392,0.3331039281040748,-0.004786132157055509,0.18208552379242787,-0.012730651750853599
1963,0.0,19361.647910922235,0.015525302593981863,0.011461009274505284,0.1433403385651865,-0.010332830884126674,0.17046196822425544,-0.01201130549083552
1964,0.0,19373.88002560823,0.09794788811252447,0.012651698190496417,0.14939660856420597,-0.01172200562656558,0.16414236032624058,-0.011924515531554537
1965,0.0,19380.083043526025,0.00044689744597193064,0.003524538950734535,0.5661358241082447,8.567737136243992e-05,0.28474039946084184,-0.008321457660679443
1966,0.0,19386.814373923087,0.023190364887699415,0.006024150980025226,0.41080901793112956,-0.0012555072459858301,0.32256098500192815,-0.006201672536271359
1967,0.0,19394.13242119546,0.03722626975866161,0.008172521139355553,0.15071650420122676,-0.006319343731884136,0.2710076407617177,-0.006236973894955191
1968,0.0,19402.86546904769,0.11173136330683492,0.011473900221242062,-0.04473695264469337,-0.011473900221242062,0.17628426273979436,-0.007808051792841253
1969,0.0,19411.703870990867,0.010978455482891756,0.012240688100617078,0.23582580352755023,-0.011591154083007186,0.19414672497612112,-0.008942982479891032
1970,0.0,19429.70422741431,0.004137344603892846,0.028994730994633178,0.11560169330459197,-0.028994730994633178,0.17058321547466238,-0.014958507034313675
1971,0.0,19441.138352663143,0.03399726187888664,0.014555146928713245,0.1441227633935757,-0.013882216392086357,0.16264507985033635,-0.014635619841645478
1972,0.0,19456.846004987732,0.137974908306117,0.01755476692999674,-0.0706129139638032,-0.016532680022077837,0.09266768170609448,-0.015204737895775184
1973,0.0,19467.460389107473,0.011010046017211356,0.00900804854621774,0.2887649711865265,-0.006234332168756833,0.1514968685502241,-0.012513616177669678
1974,0.0,19485.947536313513,0.03302469350629771,0.022155220697080244,0.022498104201501213,-0.022155220697080244,0.11279723924560724,-0.015406097533492848
1975,0.0,19504.42362970383,0.0,0.024814923647524606,0.35475033679877743,-0.024814923647524606,0.18538316851155828,-0.018228745367702373
1976,0.0,19518.863450526056,0.004857557679401631,0.013278646827991581,0.21987593325303934,-0.013275410725259573,0.1957309979340026,-0.016742744974969533
1977,0.0,19525.51685776298,0.0,0.0032777522460904745,0.5280065958163759,0.00582462572172453,0.2954136772987146,-0.009972533765961314
1978,0.0,19543.012674871854,1.940103131905431e-05,0.019229337091653868,0.3209896656592203,-0.018593737387642258,0.3030864738068663,-0.012558894852465596
1979,0.0,19548.238279316836,0.0009173084267674869,0.00272719865340429,0.18954507925468567,2.4667364676937488e-05,0.2690240554412121,-0.008783826187322836
1980,0.0,19555.41105971135,0.147949897791745,0.0038040824067689114,-0.12542294321181782,-0.0014951175927831932,0.15068995584530312,-0.006597213608960943
1981,0.0,19572.465539669214,0.18898028169172743,0.026105463733371272,-0.18065296404013662,-0.026105463733371272,0.05128707987967119,-0.01244968864628404
1982,0.0,19590.016258064155,0.16450728652964988,0.029173162119869787,-0.11257938196847583,-0.029173162119869787,0.0021271413252270874,-0.017466730688359765
1983,0.0,19601.924832672496,0.0005548165774855179,0.011119990641454688,0.38066907396341654,-0.011113324315478146,0.11568972111668391,-0.015560708776495277
1984,0.0,19621.326695625845,0.24467239225504342,0.021577673820086855,-0.06980099282243372,-0.021577673820086855,0.060042506934948614,-0.01736579828957275
1985,0.0,19636.273276877582,0.18054990454900616,0.014206064370203901,-0.17826577864144982,-0.014206064370203901,-0.011449978737970913,-0.016417878113762094
1986,0.0,19651.755808025584,0.00012809561823393342,0.01368120036796118,0.5038644538271735,-0.01348182175196327,0.14314435103157241,-0.015537061205222445
1987,0.0,19668.10532659407,0.15995764712115293,0.01632314831322626,-0.10064512678969612,-0.01631216309895363,0.07000750768519186,-0.0157695917733418
1988,0.0,19679.521291472924,0.02112871157189397,0.007847273872855458,0.0494289083856737,-0.006941755084950733,0.06383392789533641,-0.013121240766824478
1989,0.0,19690.09434853067,0.0013040290419116614,0.008607474043252227,0.2581957668945189,-0.005053825741120777,0.12214247959509117,-0.010701016259113367
1990,0.0,19696.736326189468,0.0,0.0018064020533720253,0.4151025206807203,0.0002763813537403167,0.21003049192077988,-0.007407796975257262
1991,0.0,19705.03199304517,0.0,0.009155945857039839,0.663195231498835,-0.005827089138830199,0.3459799137941964,-0.006933584624329143
1992,0.0,19718.057656673413,0.015094478826739187,0.01913560936040172,0.22002865939118887,-0.019131444683600816,0.3081945374732941,-0.010592942642110643
1993,0.0,19723.966132131365,0.0,0.0055702051559196365,0.3752337483413143,-0.004645467276969327,0.32830630073370015,-0.008808700032568248
1994,0.0,19737.650180111516,0.06353188771033055,0.01710708887175581,-0.005858787860362951,-0.01710708887175581,0.2280567741554812,-0.011298216684324517
1995,0.0,19745.02017213376,0.014987879238497419,0.007300305313940725,0.19667163485269082,-0.005707661817235829,0.21864123236464408,-0.00962105022419791
1996,0.0,19755.28717764397,0.0,0.010366165260444682,0.35457927500246506,-0.009219742007429286,0.2594226451559904,-0.009500657759167322
1997,0.0,19763.415417254408,0.014721380306756897,0.006842093861205999,0.3836060488356149,-0.006516044464900623,0.2966776662598777,-0.008605273770887312
1998,0.0,19770.53177126668,0.030010476611470733,0.006602001141383014,0.14447794707808792,-0.004570665952648581,0.25101775050534075,-0.007394891425415693
1999,0.0,19788.07580413564,0.35553213683122115,0.027278121156261537,-0.2996110696315736,-0.027278121156261537,0.08582910446426645,-0.013359860344669445
2000,0.0,19800.36498053868,0.10728517621655319,0.01734277809050112,-0.05685327461321179,-0.01734277809050112,0.043024390741022975,-0.014554735668418948
2001,0.0,19804.767882082662,0.000691413120854776,0.0021713330188071157,0.46633267609004214,0.005350256961919774,0.17001687634572873,-0.00858323787931733
2002,0.0,19816.693282346845,0.004243022352403433,0.009745720151207221,0.12708138125767285,-0.009325765984142064,0.15713622781931197,-0.008805996310764749
2003,0.0,19830.373497472654,0.0,0.01919438264989806,0.5843297012344095,-0.019192658874862153,0.2852942698438412,-0.01192199507999397
2004,0.0,19843.72054897413,0.11963519713580807,0.018136694676034067,-0.09900175023254759,-0.018136694676034067,0.17000546382092455,-0.013786404958805999
2005,0.0,19856.365271023387,0.00032180261885352164,0.013358778097468674,0.2639555597826188,-0.013349992521005612,0.19819049260943283,-0.01365548122746588
2006,0.0,19869.564588978752,0.005361527661341809,0.013316752874095231,0.4118267921006206,-0.012568762190445708,0.2622813824567891,-0.013329465516359827
2007,0.0,19889.875195744764,0.05306131035395431,0.027533910087400266,0.023160374762523847,-0.027533910087400266,0.19054508014850952,-0.017590798887671958
2008,0.0,19898.670415670287,0.00026730066581259277,0.005750312480298414,0.2621248459783872,-0.003705564978309499,0.2120190098974728,-0.01342522871486322
2009,0.0,19918.28761988944,0.05811530247417443,0.022145429097506438,0.10788179926731586,-0.02198604208546117,0.18077784670842573,-0.015993472726042603
2010,0.0,19932.328165921466,0.04632410080507776,0.01551653439080265,0.34485545989278726,-0.014600129625154229,0.23000113066373418,-0.015575469795776089
2011,0.0,19947.17176898282,0.0012899664658000873,0.01377629827013843,0.3521159899187023,-0.013615327713366819,0.2666355884402246,-0.014987427171053306
2012,0.0,19962.317420439518,0.030616316848982805,0.01470451669872255,0.21805009611494286,-0.01470451669872255,0.25205994074264004,-0.014902554029354078
2013,0.0,19983.795190533612,0.22224393073213075,0.02851251130828583,-0.070466704435909,-0.02851251130828583,0.1553019471890753,-0.018985541213033606
2014,0.0,19981.94670447916,0.1791424762315491,0.020057805309652385,-0.11514305127647036,-0.020057805309652385,0.0741684476494116,-0.019307220442019237
2015,0.0,19995.871987952414,0.02520626067842808,0.008775909503564843,0.3111775218395664,-0.00842993428728377,0.14527116990645803,-0.016044034595598597
2016,0.0,19997.677722365603,0.1095147274366841,0.017011487317706384,0.04533105235640475,-0.017011487317706384,0.11528913464144204,-0.016334270412230935
2017,0.0,19999.588893156473,0.031542423855395345,0.02775809651883847,0.020591208087269244,-0.02775809651883847,0.0868797566751902,-0.019761418244213194
2018,0.0,19998.13127271289,0.16299082751308663,0.021183381979797047,-0.053352842352121545,-0.021183381979797047,0.044809976966996665,-0.02018800736488835
2019,0.0,19995.647228795493,0.03287449750583069,0.007596518039892162,0.23968791537949033,-0.007572733158987158,0.10327335849074476,-0.016403425103117993
2020,0.0,19996.563707589783,0.03895335153147073,0.011321917275140977,0.1057599945053073,-0.010982245455368782,0.10401934929511351,-0.014777071208793228
2021,0.0,19998.795409449667,0.011605723181046213,0.022657765168354646,0.15066353516958989,-0.022657765168354646,0.11801260505745642,-0.01714127939666165
2022,0.0,19997.7044285983,0.0403145504633015,0.017647519633172053,0.19663833830810068,-0.017647519633172053,0.1416003250326497,-0.01729315146761477
2023,0.0,19996.192255813654,0.07350134844587612,0.009827443432180472,0.08339665959570501,-0.009314058416647834,0.12413922540156629,-0.014899423552324688
2024,0.0,19995.71725255753,0.04244767882095546,0.0073774102178855525,0.17081101141923077,-0.005611272364734454,0.13814076120686564,-0.012112978196047617
2025,0.0,19995.481854424772,0.02667250204412509,0.009538504430062184,0.5004737442262079,-0.0030650848021658065,0.2468406561126683,-0.009398610177883073
2026,0.0,19999.158686962848,0.10843984986642874,0.022285546450079064,0.12922574500711712,-0.022285546450079064,0.21155618278100294,-0.01326469105954187
2027,0.0,19996.057838638713,0.04769031544600655,0.007929669321183485,0.3864359702055384,-0.006776869485622087,0.26402011900836353,-0.011318344587365935
2028,0.0,19996.63390459345,0.010373993495368241,0.010639637564404975,0.5078286234638592,-0.009112193024317686,0.33716267034501224,-0.010656499118451459
2029,0.0,20000.0,0.14733979247213197,0.03191302060186119,-0.1389820951633334,-0.03191302060186119,0.19431924069250853,-0.017033455563474378
2030,0.0,19995.497276678125,0.0,0.0084272592791303,0.21139526345473328,-0.0053376428174307855,0.19944204752117595,-0.0135247117396613
2031,0.0,19998.699972481256,0.1585528731554026,0.021570955579804586,-0.0958457929158427,-0.021570955579804586,0.11085569539007033,-0.015938584891704285
2032,0.0,19997.123408314943,0.18626724679380466,0.013885098278965806,-0.18334051811912336,-0.013885098278965806,0.022596831337312225,-0.015322538907882741
2033,0.0,19995.34086499443,2.061361373497169e-05,0.004773440614702769,0.30313189538851953,-0.0037082816166490555,0.10675735055267442,-0.011838261720512635
2034,0.0,19996.949307686336,0.014541317575365852,0.0110955067106428,0.19592308190923433,-0.0110955067106428,0.1335070699596424,-0.011615435217551682
2035,0.0,19994.764937154185,0.011315486256253443,0.005201633079736393,0.22847362619451114,0.0011389191359680612,0.16199703683010303,-0.007789128911495758
2036,0.0,19997.280510008215,0.02310337305908822,0.011854008012029562,0.17552552437226657,-0.011135905028168771,0.1660555830927521,-0.008793161746497661
2037,0.0,19997.167887586384,0.06023288124591112,0.010990342183425726,0.07852925042138852,-0.010956461722435343,0.139797683291343,-0.009442151739278965
2038,0.0,19998.97873542789,0.07283905600365989,0.021333049828023462,0.06488280587384611,-0.021305167505376022,0.11732322006609394,-0.013001056469108083
2039,0.0,20000.0,0.17774334105765938,0.036198198824903126,-0.12734063279535265,-0.036198198824903126,0.04392406420765996,-0.019960199175846596
2040,0.0,19996.642499241054,0.020183403921607397,0.013596654208408582,0.16336759684911026,-0.013000765328100364,0.07975712400009505,-0.017872369021522727
2041,0.0,19999.028115901663,0.06502116090805263,0.025326266707348395,0.012505895491633104,-0.025326266707348395,0.059581755447556464,-0.020108538327270428
2042,0.0,19994.460526768624,0.0,0.0032953755100144444,0.3405406331922032,-0.000944624548563331,0.14386941877095047,-0.014359364193658299
2043,0.0,19995.645469531777,0.0,0.0069344744190288216,0.390650812569153,-0.0049724513955894814,0.2179038369104112,-0.011543290354237653
2044,0.0,19996.916090787756,0.0042190968503872574,0.010907984542118197,0.2529959560254552,-0.010779870000163037,0.2284314726449244,-0.011314264248015267
2045,0.0,19998.294250331808,0.13699234051379156,0.018334522531031912,-0.07084963819663757,-0.018334522531031912,0.1386471393924558,-0.01342034173292026
2046,0.0,19997.631549869788,0.015997306987833613,0.015669963837905306,0.3150777275039004,-0.015588887735318654,0.1915763158258892,-0.014070905533639778
2047,0.0,19999.89918963394,0.03302393616816049,0.02847602589203674,0.02465763905954686,-0.02847602589203674,0.14150071279598647,-0.018392441641158865
2048,0.0,19998.61244171467,0.23966515651911702,0.023248109055008955,-0.23966515651911702,-0.023248109055008955,0.027150952001455425,-0.01984914186531389
2049,0.0,19997.87480689163,0.12124030335844713,0.019966378659099497,0.20592942765069133,-0.019797560137718526,0.08078449469622619,-0.01983366734703528
2050,0.0,19995.336245178,0.006489465155278294,0.0060199132626985495,0.2648796295797349,-0.005687561942759156,0.13601303516127877,-0.015589835725752442
2051,0.0,19998.89654356946,0.009581027502038666,0.02358085006364679,0.12229171778360926,-0.02358085006364679,0.1318966399479779,-0.017987140027120745
2052,0.0,19998.03403863373,0.03356642421736191,0.01985462455463345,0.16650646650027193,-0.01985462455463345,0.1422795879136661,-0.018547385385374558
2053,0.0,19994.209373134217,0.0002341642456974866,0.0064950680434301905,0.48047751565185004,0.0011445191723155506,0.24373896623512126,-0.012639814018067526
2054,0.0,19995.97224746066,0.00037245689840976115,0.007306504374075394,0.40375153978857764,-0.006023639811336604,0.29174273830115816,-0.010654961756048248
2055,0.0,19995.057122781913,0.0,7.529550742999771e-05,0.6470089237752435,0.015516939422712992,0.39832259394338376,-0.0028033914024198758
2056,0.0,19997.68943827299,0.0004295014676134057,0.0038397480763876397,0.5892624983412799,0.005731735864569187,0.4556045652627526,-0.00024285322232315697
2057,0.0,19999.99232708864,0.05683621143738361,0.008618195778883796,0.1166145477445419,-0.0059240739200936395,0.35390756000728935,-0.0019472194316543017
2058,0.0,20000.0,0.0,0.010627686062849945,0.47771782971298093,-0.010135105590763574,0.3910506409189968,-0.004403585279387083
2059,0.0,20000.0,0.06430972890233279,0.012612425178078908,0.30594769550415324,-0.011544537025246163,0.3655197572945437,-0.006545870803144806
2060,0.0,20000.0,0.012132433803988806,0.021695207230457328,0.10482567831654052,-0.021695207230457328,0.28731153360114275,-0.011090671731338562
2061,0.0,20000.0,0.030759430319874274,0.016014722080210715,0.09206838448067997,-0.016014722080210715,0.2287385888650039,-0.012567886836000207
2062,0.0,19999.549773168495,0.004762756536627161,0.009619561957621842,0.4515833512662809,-0.008943233747583951,0.295592017585387,-0.01148049090947533
2063,0.0,20000.0,0.02056918161054669,0.023167511353782484,0.19091293067675325,-0.023167511353782484,0.2641882915127969,-0.014986597042767474
2064,0.0,19998.53302472129,0.03551024417373609,0.007900932731502946,0.42438564244598026,-0.0043696135772451905,0.3122474967927519,-0.01180150200311079
2065,0.0,20000.0,0.2393820270215233,0.025761559840107546,-0.22843209607258463,-0.025761559840107546,0.15004361893315094,-0.015989519354209815
2066,0.0,20000.0,0.022602489204651157,0.01433675299487756,0.2585134424776486,-0.01433675299487756,0.18258456599650025,-0.01549368944641014
2067,0.0,19996.284240422716,0.00011097882278998075,0.00021212130736807352,0.4925856716161754,0.00789825812431692,0.2755848976824028,-0.008476105175192022
2068,0.0,19997.790894671107,0.0008796985091417779,0.0026728903774054687,0.35830698724040194,0.0026468830871528544,0.3004015245498025,-0.005139208696488559
2069,0.0,20000.0,0.0,0.009833584650602079,0.3966483224999152,-0.008354750263339782,0.3292755639348363,-0.006103871166543925
2070,0.0,20000.0,0.0041295240026189214,0.015394445733894334,0.1574446100252784,-0.015352224218923087,0.2777262777619689,-0.008878377082257673
2071,0.0,20000.0,0.0,0.011078643405774318,0.39392394946581677,-0.010807381302117744,0.31258557927312325,-0.009457078348215693
2072,0.0,20000.0,0.007770005305791681,0.016067984043567168,0.21728599975898158,-0.016067984043567168,0.28399570541888075,-0.011440350056821135
2073,0.0,20000.0,0.04637396326431134,0.01326422135492883,0.3557051037857554,-0.012053260338495504,0.30550852492894315,-0.011624223141323446
2074,0.0,19998.835848782615,0.0,0.005567853459659559,0.428122716985776,-0.004557581072851508,0.342292782545993,-0.009504230520781863
2075,0.0,20000.0,0.0013040290419116614,0.017492929959642998,0.22012292756356086,-0.017492929959642998,0.30564182605126333,-0.011900840352440203
2076,0.0,20000.0,0.19202038960292883,0.029894866276791717,-0.1197323166914964,-0.029894866276791717,0.17802958322843543,-0.017299048129745656
2077,0.0,20000.0,0.2157458706419019,0.038950225515847293,-0.1795481228609233,-0.038950225515847293,0.0707562714016278,-0.023794401345576144
2078,0.0,20000.0,0.05356778830303282,0.031139990544974124,-0.036394115855857466,-0.031139990544974124,0.038611155224382215,-0.025998078105395533
2079,0.0,19997.605164869132,0.02885933642976343,0.00673600227563314,0.12954515657637805,-0.004108828204194528,0.06589135562998097,-0.01943130313503523
2080,0.0,20000.0,0.08243021753205154,0.040579981308745974,0.01124104419219052,-0.040579981308745974,0.04949626219864383,-0.025775906587148453
2081,0.0,20000.0,0.20303841891780655,0.027816696746556895,-0.16538176126080717,-0.027816696746556895,-0.014967144839191475,-0.026388143634970985
2082,0.0,20000.0,0.13196592026464,0.0301974588172082,-0.07521719846750057,-0.0301974588172082,-0.0330421609276842,-0.027530938189642147
2083,0.0,19999.838827059615,0.016024722026714712,0.017199333744334824,0.14389748330215582,-0.017199333744334824,0.020039732341267807,-0.02443145685604995
2084,0.0,20000.0,0.031192163953809887,0.017317597439442712,0.003961831081717627,-0.017317597439442712,0.015216361963402753,-0.022297299031067776
2085,0.0,19998.155117050424,0.018124589270285773,0.007641595828402859,0.13131566578287132,-0.00551932740055326,0.05004615310924332,-0.017263907541913422
2086,0.0,20000.0,0.0178369235134309,0.02225437387803047,0.11573698944397216,-0.02225437387803047,0.06975340400966197,-0.018761047442748535
2087,0.0,19997.334074198738,0.019028854963585907,0.0029671653301453858,0.26046548376099626,0.0006136891480692751,0.12696702793506226,-0.012948626465503193
2088,0.0,19996.511315561354,0.0,0.0011769515634217564,0.26166949218523644,0.007767868678971886,0.1673777672101145,-0.006733677922160669
2089,0.0,20000.0,0.06430488110211326,0.010911460541424655,0.10953832576279207,-0.010911460541424655,0.15002593477591775,-0.007987012707939865
2090,0.0,20000.0,0.07431432137431204,0.017474750262909188,0.06736869725927923,-0.017474750262909188,0.12522876352092618,-0.010833333974430662
2091,0.0,20000.0,0.14892436221935373,0.013770262326206371,0.15293312178648408,-0.012714250323751166,0.13354007100059354,-0.011397608879226813
2092,0.0,19999.929932537543,0.006447460811105272,0.010538820258732703,0.07224085331086008,-0.010535106705957763,0.11515030569367349,-0.011138858227246097
2093,0.0,20000.0,0.1708843516074051,0.026281061915855043,-0.17044644304984818,-0.026281061915855043,0.029471281070616986,-0.015681519333828782
2094,0.0,20000.0,0.318031876711638,0.03348113256405165,-0.3157626279040063,-0.03348113256405165,-0.07409889162177,-0.02102140330289564
2095,0.0,20000.0,0.019675575813410947,0.016219340351581294,0.2731786006078064,-0.015495528266058711,0.030084356047102925,-0.01936364079184456
2096,0.0,19998.98013467438,0.0,0.008836190673863646,0.32718566581532066,-0.008798910538462618,0.11921474897756823,-0.016194221715829977
2097,0.0,19997.64648955076,0.0,0.0037589643301065225,0.4621628020643187,1.8859737686135342e-05,0.22209916490359338,-0.011330297279775144
2098,0.0,20000.0,0.1398138018605975,0.017309142709238293,-0.13135468549476528,-0.017309142709238293,0.11606300978408576,-0.013123950908614087
2099,0.0,20000.0,0.04452585729433976,0.012672958985148277,0.20529069424353,-0.012672958985148277,0.14283131512191904,-0.012988653331574344
2100,0.0,19998.18444849243,0.02613028020319275,0.006361480504051472,0.3093290550977566,-0.0015451039897064027,0.1927806371146703,-0.00955558852901396
2101,0.0,19997.88323939136,0.0,0.004319564465534011,0.5365597407472904,0.0016540864840266561,0.2959143682044563,-0.006192686025101774
2102,0.0,20000.0,0.03410892651418387,0.023698369453827233,0.13736566385275076,-0.023698369453827233,0.24834975689894465,-0.01144439105371941
2103,0.0,20000.0,0.0,0.013783185289474186,0.6051771278663539,-0.013696922163061417,0.3553979681891674,-0.012120150386522012
2104,0.0,19998.6164047744,0.014777624007979162,0.007750406328274512,0.46880223328101867,-0.0035588598028456543,0.38941924771672276,-0.009551763211419104
2105,0.0,20000.0,0.07799624262954945,0.011245911325345902,0.07142575442336235,-0.011012202187210923,0.29402119972871466,-0.00998989490415665
2106,0.0,20000.0,0.10908917622593525,0.032643601378855254,0.049708740292111864,-0.032643601378855254,0.2207274618977338,-0.01678600684656623
2107,0.0,19999.26066691185,0.0,0.009212807322354832,0.337601319091486,-0.009211807882041408,0.2557896190558594,-0.014513747157208783
2108,0.0,19999.934645166977,0.07763863520859776,0.011946238326374346,0.07463588463137855,-0.011946238326374346,0.20144349872851514,-0.013743494507958452
2109,0.0,20000.0,0.2241450418191836,0.02346728399809447,-0.05545093044883228,-0.02346728399809447,0.1243751699753109,-0.016660631354999254
2110,0.0,19999.762054448474,0.008211614331444283,0.012010595297270854,0.22101711605456364,-0.011941571755908438,0.1533677537990867,-0.015244913475272008
2111,0.0,20000.0,0.07224742523929609,0.02033254628175669,-0.03165855878553414,-0.02033254628175669,0.09785986002370045,-0.016771203317217414
2112,0.0,19999.96208694346,0.05405232709007848,0.013120887606901315,0.1668223229749313,-0.013102006489040169,0.11854859890906971,-0.01567044426876424
2113,0.0,20000.0,0.0715456482130193,0.01838732450165772,0.0669988362672563,-0.01838732450165772,0.10308367011652568,-0.01648550833863228
2114,0.0,19999.41553106132,0.0,0.010540888971434124,0.3991657599224285,-0.009938609375560722,0.19190829705829648,-0.014521438649710814
2115,0.0,20000.0,0.0216789287741388,0.01468797160153917,0.12805804257969874,-0.013103090586237343,0.17275322071471713,-0.014095934230668773
2116,0.0,19998.01843575784,0.006753074220243696,0.004182934489023994,0.21103622712117887,-0.0011149358638072948,0.18423812263665562,-0.01020163472061033
2117,0.0,19999.892429844906,0.016937730161658657,0.011016157046533276,0.2835140183279486,-0.00979521434304436,0.2140208913440435,-0.010079708607340539
2118,0.0,19998.655059647688,0.0018933287209031268,0.0051073129626500804,0.3448581312902157,-0.002866746085921333,0.25327206332789515,-0.007915819850914775
2119,0.0,20000.0,0.00646750238156722,0.01319081175551508,0.3562562570806462,-0.012357454882838145,0.2841673214537204,-0.009248310360491787
2120,0.0,20000.0,0.2512042954573227,0.04404727514266604,-0.22153926415828196,-0.04404727514266604,0.1324553457701197,-0.019687999795144063
2121,0.0,20000.0,0.07415139287384599,0.023457466937115843,0.006975669899498135,-0.023457466937115843,0.09481144300893322,-0.020818839937735596
2122,0.0,19997.19165577291,0.0,0.004726945640219874,0.41608899635256286,0.0004903281826616432,0.1911947090120221,-0.014426089501616423
2123,0.0,20000.0,0.223984015119574,0.0259036812238461,-0.223984015119574,-0.0259036812238461,0.06664109177254325,-0.017869367018285325
2124,0.0,20000.0,0.27043314128533197,0.02432652411912778,-0.25142628132669675,-0.02432652411912778,-0.028779120157228756,-0.01980651414853806
2125,0.0,19997.71780324766,0.02477041548802898,0.006064945146209482,0.03226282889850914,-0.0019827907707354966,-0.010466535440507385,-0.014459397135197291
2126,0.0,19998.570194885066,0.014819220050384262,0.005506034176844119,0.20202784911505778,-0.004341803417065393,0.05328177992616216,-0.011424119019757721
2127,0.0,20000.0,0.00026730066581259277,0.019991660203595253,0.36445859026565286,-0.019991660203595253,0.14663482302800937,-0.013994381374908979
2128,0.0,19997.81756177399,0.0,0.0019923593575732275,0.44849894011639196,4.616531568388015e-05,0.23719405815452413,-0.009782217367731121
2129,0.0,20000.0,0.04772961145601719,0.01107414664801776,-0.0018676552857748647,-0.011020805127874404,0.16547554412243443,-0.010153793695774104
2130,0.0,19999.1406232121,0.0004256412318418142,0.006711995604563216,0.29614376393793485,-0.005597248149749738,0.20467601006708452,-0.008786830031966794
2131,0.0,20000.0,0.12442762016647037,0.01780834856209911,-0.006025430298641793,-0.01780834856209911,0.1414655779573666,-0.01149328559100649
2132,0.0,19998.883889129193,0.007951276960265248,0.007970939011135107,0.3177837096254578,-0.00476627742037847,0.19436101745779397,-0.009475183139818082
2133,0.0,20000.0,0.17686588783048166,0.027497194727618808,-0.1303498639837331,-0.027497194727618808,0.09694775302533583,-0.014881786616158299
2134,0.0,20000.0,0.06459701968683307,0.018000965033197938,0.11162753688285286,-0.018000965033197938,0.10135168818259094,-0.015817540141270188
2135,0.0,20000.0,0.09364964219836265,0.023019225962062653,-0.07458086459476185,-0.023019225962062653,0.0485719223493851,-0.017978045887507926
2136,0.0,19998.59189678174,0.01717103630433067,0.007103030212092968,0.353833369709155,-0.00602621339963868,0.14015035655731606,-0.01439249614114715
2137,0.0,20000.0,0.04892125916226872,0.019027192514205937,0.024501990706630245,-0.019027192514205937,0.10545584680211031,-0.015782905053064785
2138,0.0,20000.0,0.09022854915200328,0.013122588057631184,0.11211922704915205,-0.013122588057631184,0.10745486087622283,-0.014984809954434705
2139,0.0,19999.545330098183,0.03254577233333924,0.0106513812184973,0.17622716616303055,-0.00999273807628,0.12808655246226514,-0.013487188390988293
2140,0.0,20000.0,0.051771784279309487,0.016016517683290706,0.042068889565657984,-0.016016517683290706,0.102281253593283,-0.014245987178679014
2141,0.0,19999.39968467785,0.03691679609233698,0.008878808544063099,0.23501248740907377,-0.008855231174101806,0.1421006237380202,-0.012628760377305853
2142,0.0,19997.88532543713,0.005194632217166722,0.0040800431371243945,0.4200718468834773,0.000276643186073241,0.22549199068165734,-0.008757139308292123
2143,0.0,20000.0,0.12362471123656071,0.030532180343515188,-0.024088411929275057,-0.030532180343515188,0.15061786989837764,-0.015289651618859042
2144,0.0,19999.15498826603,5.077954212129031e-05,0.01081246333785452,0.4543849092769875,-0.00795965752628119,0.2417479817119606,-0.013090653391085685
2145,0.0,20000.0,0.04792549917171447,0.01510555534835339,0.21664798732614943,-0.015103639300528647,0.23421798339621724,-0.013694549163918573
2146,0.0,20000.0,0.2855486584862758,0.027768012169898264,-0.24433711559887714,-0.027768012169898264,0.09065145369768891,-0.01791658806571248
2147,0.1333319475873167,20000.0,0.3382938216982082,0.020596203536721064,-0.3179643924919197,-0.020596203536721064,-0.03193330015919367,-0.018720472707015056
2148,0.0,20000.0,0.1471279360486448,0.014382845475519476,-0.021075681116237914,-0.014382845475519476,-0.028676014446306942,-0.01741918453756638
2149,0.0,20000.0,0.12521023796206382,0.014721431211143407,0.020190161584862556,-0.013708882757473036,-0.014016161636956093,-0.016306094003538378
2150,0.0,20000.0,0.20972171044023322,0.015971922377829573,-0.16170703325736296,-0.015971922377829573,-0.05832342312307815,-0.016205842515825734
2151,0.0,20000.0,0.1215438544126577,0.01964248932005159,-0.08750490110291886,-0.01964248932005159,-0.06707786651703036,-0.017236836557093488
2152,0.0,19997.347105778812,0.06278680200872981,0.004134098703711778,0.24804709797738317,0.0012187185412768774,0.02745962283129369,-0.011700170027582377
2153,0.0,19999.23982879708,0.0,0.006849255733468103,0.4831340248210287,-0.006835668658196507,0.16416194342821416,-0.010240819616766615
2154,0.0,19999.78700801984,0.003750735110473671,0.009227246999574916,0.15419661833031287,-0.009226953046541557,0.16117234589884377,-0.009936659645699097
2155,0.0,20000.0,0.0907397840248854,0.01656278815271522,-0.030178700962969117,-0.01656278815271522,0.1037670318402999,-0.011924498197803933
2156,0.0,20000.0,0.10788532775907966,0.029213238757329126,-0.025656242180925205,-0.029213238757329126,0.06494004963393236,-0.01711112036566149
2157,0.06439977097135952,20000.0,0.2188142075228119,0.025934821292743084,-0.21737293496840498,-0.025934821292743084,-0.019753845746768847,-0.019758230643785967
2158,0.0,20000.0,0.010735720129871552,0.020678156149155746,0.3434809055181758,-0.019979497317076003,0.08921657963271454,-0.019824610645772976
2159,0.0,20000.0,0.011489957690446915,0.01749450938707324,0.12251242411450249,-0.01749450938707324,0.09920533297725093,-0.019125580268163054
2160,0.0,20000.0,0.032308653846112034,0.01654859901690777,0.12271733785275146,-0.01654859901690777,0.10625893443990109,-0.018352485892786468
2161,0.0,20000.0,0.0014971860632450118,0.030034305139271387,0.23193977257129644,-0.030034305139271387,0.14396318587931967,-0.02185703166673194
2162,0.0,19999.715502123538,0.00948436699831784,0.013992458978160897,0.3021328887036968,-0.013992458978160897,0.1914140967266328,-0.019497659860160624
2163,0.0,19999.9759178424,0.009456372699832585,0.014390725162992918,0.18216302057930067,-0.014390603280027866,0.18863877388243314,-0.017965542886120796
2164,0.0,20000.0,0.05260331042588784,0.01394661741049617,0.0655034500717972,-0.013919743453603955,0.15169817673924235,-0.01675180305636574
2165,0.0,19999.072346873425,0.0008588493164684253,0.0105200558560939,0.23117664827613857,-0.008150383761818411,0.17554171820031123,-0.01417137726800154
2166,0.0,19999.78645690948,0.0,0.012566593937729263,0.448226474878903,-0.010970805833967,0.25734714520388874,-0.013211205837791177
2167,0.0,20000.0,0.16285008111924026,0.021312289527754893,-0.11779209541163557,-0.021312289527754893,0.1448053730192314,-0.01564153094478029
2168,0.0,19997.535838239717,0.0019431960076118954,0.006229489190893305,0.4104389219489483,0.0008792295861436468,0.22449543769814648,-0.010685302785503108
2169,0.0,20000.0,0.0009745752572769129,0.016968160442768308,0.3907907409009557,-0.015687613563589123,0.27438402865898925,-0.012185996018928912
2170,0.0,20000.0,0.0774352477069445,0.018785620057174574,0.007072995574077507,-0.018024811559708157,0.19419071873351573,-0.013937640681162683
2171,0.0,20000.0,0.04432340192748886,0.02339142338969353,-0.005442435794105346,-0.02339142338969353,0.1343007723752294,-0.016773775493721936
2172,0.0,20000.0,0.15433984640312162,0.022659306993546374,-0.12232842197627615,-0.022659306993546374,0.05731201406977773,-0.018539434943669268
2173,0.0,20000.0,0.14266081976233963,0.020921230331318576,0.05039538909501013,-0.020921230331318576,0.05523702657734744,-0.01925397355996406
2174,0.0,20000.0,0.0260847209641497,0.018550571864151443,0.14597246622321472,-0.01854999807273977,0.08245765847110761,-0.01904278091379677
2175,0.0,19998.942316474986,0.14217798405495177,0.008734250449183812,-0.07926915877979042,-0.0084462050404392,0.033939613295838195,-0.015863808151789498
2176,0.7558469858353654,20000.0,0.28400754788819593,0.019197579171638366,-0.2752946687111868,-0.01869064165396919,-0.0588306713062693,-0.016711858202443405
2177,0.0,19996.44704566775,0.004715123762697632,0.0044112632096671815,0.5498620906882389,0.00645237620479968,0.12377715729208316,-0.009762587880270478
2178,0.0,20000.0,0.24181324956095493,0.027177626456898068,-0.14495067827611977,-0.027177626456898068,0.04315880662162228,-0.014987099453258754
2179,0.0,20000.0,0.18004535256968784,0.02775955121976831,-0.09325884814719346,-0.02775955121976831,0.0022335101909775577,-0.01881883498321162
2180,0.0,19999.993538915616,0.10605218678798563,0.014337002815641629,0.09632304978313791,-0.014186798185922965,0.03046037206862566,-0.017429223944025022
2181,0.29932001402392605,20000.0,0.21136978009509538,0.029946659476579533,-0.20396698226078872,-0.029946659476579533,-0.03986783423019866,-0.021184454603791376
2182,0.0,20000.0,0.002098645849303127,0.017492753300873173,0.42248967490252975,-0.015951757230486845,0.09883941850961987,-0.019614645391800016
2183,0.0,19998.925900758353,0.0,0.008609168604928233,0.4441261578152273,-0.008609168604928233,0.20242544030130208,-0.01631300235573848
2184,0.0,20000.0,0.10059633607682146,0.018465927862283384,-0.013853022979703861,-0.018465927862283384,0.13754190131700028,-0.01695888000770195
2185,0.0,19998.794059211657,0.022564106486446994,0.007303567936788856,0.13779162713322088,-0.006696375397022085,0.13761681906186646,-0.013880128624497988
2186,0.0,19996.48591940399,0.0,0.0035389930142629197,0.5453457196642657,0.007494957482550132,0.25993548924258625,-0.007467602792383552
2187,1.8489987158825687,20000.0,0.32164336055799536,0.02891154081957552,-0.32164336055799536,-0.02891154081957552,0.08546183430241176,-0.013900784200541142
2188,0.0,20000.0,0.17363890942430923,0.022125016989806595,-0.17245560154983186,-0.022125016989806595,0.008086603546738673,-0.01636805403732078
2189,0.0,19998.211838191,0.0288066252572873,0.00799398440134551,0.2283613958334698,-0.0031992248509948133,0.074169041232758,-0.012417405281422987
2190,0.0,19999.22175926334,0.03328371981494233,0.007710041879937184,0.09996626969239443,-0.00705405358357904,0.08190820977064892,-0.010808399772069802
2191,0.0,20000.0,0.14834762063338924,0.011694510435625105,0.011175914660675149,-0.011694510435625105,0.06068852123765678,-0.011074232971136393
2192,0.0,20000.0,0.20358420445359424,0.030656027887054668,-0.12240431285750752,-0.030656027887054668,0.0057606710091074875,-0.016948771445911875
2193,0.0,20000.0,0.1647776601410766,0.023848977437910587,-0.15561091467415566,-0.023848977437910587,-0.04265080469587146,-0.019018833243511488
2194,0.0,20000.0,0.13122934643640688,0.019437465669395474,0.002337856783119711,-0.019437465669395474,-0.029154206252174103,-0.019144422971276682
2195,0.0,19999.23134698347,0.1150885349472439,0.010106415224270549,-0.06903513215170028,-0.010097104335351931,-0.041118484022031956,-0.016430227380499256
2196,0.0,19999.17871918403,0.0,0.009784388549191265,0.43286297809745156,-0.008598418520346741,0.1010759546138131,-0.0140806847224535
2197,0.0,20000.0,0.025759544010122034,0.01363339965441869,0.07997065494239598,-0.013631858221313395,0.09474436471238795,-0.013946036772111467
2198,0.0,19998.008995402764,0.03898440291868154,0.006774317236863764,0.1368600542052027,-0.0009958683540390184,0.10737907156023238,-0.01006098624668973
2199,0.0,19998.636521283966,0.058653615836384114,0.008915641577954181,0.08059277329672272,-0.0027554341271834827,0.09934318208117948,-0.007869320610837855
2200,0.0,19999.71784146341,0.013402358218880637,0.007894153606533064,0.18115690858725925,-0.007788694841506348,0.12388730003300341,-0.007845132880038403
2201,0.0,20000.0,0.0975339229313062,0.019895049596538497,0.12492953004380242,-0.019895049596538497,0.12419996903624311,-0.011460107894988431
2202,0.0,19997.083305630156,0.000691413120854776,0.003201454736280923,0.27167895717612744,0.005251709883626302,0.1684436654782084,-0.006446562561404011
2203,0.0,20000.0,0.03346449236488481,0.01615076941996233,0.09975393439439176,-0.01578659147777377,0.14783674615306341,-0.009248571236314939
2204,0.0,20000.0,0.0,0.010864024679927049,0.2706985886301759,-0.010840134971596882,0.18469529889619712,-0.009726040356899522
2205,0.0,19998.974920802128,0.003514754338060401,0.005626064336748565,0.3390269727212593,-0.004486566610391243,0.23099480104371578,-0.008154198232947038
2206,0.0,19998.166541800274,0.00043670611290845036,0.004350763388454964,0.26281256913246065,0.000703024343883342,0.24054013147033923,-0.005497031459897924
2207,0.0,20000.0,0.0,0.011921981542511386,0.27066826044366155,-0.011905008587924194,0.24957857016233592,-0.007419424598305804
2208,0.0,20000.0,0.022490104146037946,0.014865870922665456,0.11041709785413947,-0.014865870922665456,0.20783012846987697,-0.0096533584956137
2209,0.0,20000.0,0.009314650886152818,0.012067495032985048,0.09186355218330501,-0.011193261642293268,0.17304015558390537,-0.01011532943961757
2210,0.0,19999.99918547159,0.0,0.01046940131680813,0.562989820961876,-0.010349943255305928,0.29002505519729654,-0.010185713584324078
2211,0.0,20000.0,0.16032281369920565,0.021683286101904124,-0.03185067018337114,-0.021683286101904124,0.19346233758309622,-0.013634985339598091
2212,0.0,19998.83140699025,0.008602303341755406,0.0059501680761584585,0.17527813412982615,-0.005426576536726326,0.18800707654711518,-0.011172462698736561
2213,0.15026564706695167,20000.0,0.16597074385050817,0.031283577392306916,-0.15020744000502284,-0.031283577392306916,0.08654272158147375,-0.01720579710680767
2214,0.0,20000.0,0.11933080438945515,0.025003984939921307,-0.02673337213118686,-0.025003984939921307,0.05255989346767556,-0.01954525345674176
2215,0.0,19998.712375771436,0.01093419518505425,0.008335834571627464,0.22856071265512692,-0.007392077817596536,0.10536013922391096,-0.01589930076499819
2216,0.0,20000.0,0.146082673331218,0.019635348227494697,-0.05271980561304292,-0.019450943914903644,0.05793615577282479,-0.016964793709969825
2217,0.0,19998.29887192222,0.022981501261377376,0.005570913517643888,0.24611995539544798,-0.003947963212262481,0.11439129565961173,-0.013059744560657621
2218,0.0,20000.0,0.060400994946980986,0.013506983042971897,0.0810153426829674,-0.013506983042971897,0.10437850976661843,-0.013193916105351903
2219,0.0,20000.0,0.07559123518610782,0.01293942813597801,-0.02977275049240955,-0.01293942813597801,0.06413313168891004,-0.013117569714539734
2220,0.0,19997.426056641685,0.0,0.002947654213320469,0.4568495208993387,0.00261088789977378,0.18194804845203863,-0.008399032430245678
2221,0.0,20000.0,0.024723351529571263,0.014666686927566284,0.25301019484182224,-0.014666686927566284,0.2032666923689737,-0.010279328779441859
2222,0.0,19997.293166470994,0.015410424858749109,0.003818671744532804,0.3680806750505014,0.0046106070414327245,0.25271088717343204,-0.005812348033179484
2223,0.7884063582623226,20000.0,0.2519512259878227,0.020685893196172978,-0.24911243179450684,-0.020685893196172978,0.10216389148305036,-0.010274411582077531
2224,0.0,20000.0,0.03293657133233109,0.01466535950767588,0.14348136021334737,-0.01466535950767588,0.11455913210213946,-0.011591695959757035
2225,0.0,19999.728743467524,0.036023392882098604,0.009914083008271303,0.27536058494977994,-0.009503650574981776,0.16279956795643158,-0.010965282344324456
2226,0.0,20000.0,0.007565814936470434,0.019867674098914663,0.17657380254959273,-0.019867674098914663,0.1669318383343799,-0.013635999870701517
2227,0.0,20000.0,0.18524026276571967,0.025566761785326172,-0.06813394462133705,-0.02541101283500606,0.09641210344766481,-0.01716850375999288
2228,0.0,19997.69564158471,0.0035290306765924572,0.0058585342307824985,0.27730046301351996,-0.000687221359442696,0.15067861131742133,-0.012224119039827824
2229,0.0,19999.231286807728,0.029611761874529845,0.008961883107679735,0.22004603266794107,-0.007021079389474401,0.17148883772257725,-0.010663207144721796
2230,0.0,20000.0,0.030947307873703696,0.018986768377139866,0.0646348993304035,-0.018986768377139866,0.13943265620492512,-0.013160275514447217
2231,0.0,19999.204113051426,0.05061565036163967,0.00918471490944778,0.35333626727434786,-0.0072861836209708545,0.20360373952575195,-0.011398047946404307
2232,0.0,20000.0,0.05886745852398022,0.021977572497291705,0.01674424791874013,-0.02197051254852595,0.14754589204364837,-0.014569787327040798
2233,0.0,20000.0,0.0,0.012431710556053157,0.3448410408027128,-0.012399865023891897,0.2067344366713677,-0.013918810636096126
2234,0.0,20000.0,0.04236672597317038,0.027134302761444226,0.09389594892450764,-0.027134302761444226,0.17288289034730966,-0.017883458273700553
2235,0.0,19998.111851998354,0.0040217549128326955,0.0057361894869710625,0.23167654145185004,-0.003317258996901344,0.19052098567867176,-0.01351359849066079
2236,0.0,20000.0,0.21287292460185378,0.030572710881328558,-0.09662770853425232,-0.030572710881328558,0.10437637741479454,-0.018631332207861118
2237,0.0,19998.82022016262,0.00022440570168209804,0.008721278918501689,0.30687566415201295,-0.007585026102439176,0.16512616343596004,-0.015317440376234535
2238,0.0,20000.0,0.03338890178434281,0.013894503355651443,0.060846794593112895,-0.01389094627188382,0.13384235278310588,-0.01488949214492932
2239,1.9674864367442337,20000.0,0.41571565113663317,0.04651873167900353,-0.41571565113663317,-0.04651873167900353,-0.031025048392815835,-0.02437826400515158
2240,0.0,19998.913377946894,0.0,0.010815662354093519,0.3849570372056809,-0.010656761258324245,0.09376957728673319,-0.02026181318110338
2241,0.0,20000.0,0.006832246904858143,0.024023776129822833,0.1994683940411937,-0.024023776129822833,0.12547922231307135,-0.021390402065719214
2242,0.0,19997.361974155945,0.02889733593899163,0.004175902676515036,0.38028570997260175,-0.0007099126688614864,0.20192116861093046,-0.015186255246661895
2243,0.0,20000.0,0.014705319742128457,0.018117901143641403,0.18460260341453472,-0.018117901143641403,0.19672559905201173,-0.016065749015755748
2244,0.0,20000.0,0.0013349788435077113,0.01624685054931273,0.18055192065007078,-0.01624685054931273,0.19187349553142943,-0.016120079475822842
2245,0.0,20000.0,0.05336340267039165,0.026441850781549096,0.12808547863051162,-0.026441850781549096,0.17273709046115407,-0.019216610867540715
2246,0.07041830955237183,20000.0,0.2268700833143567,0.02944462966491013,-0.21841653323235077,-0.02944462966491013,0.05539100335310261,-0.022285016506751538
2247,0.0,20000.0,0.10454781311308717,0.01877151014905161,0.19339370042957174,-0.01877151014905161,0.09679181247604335,-0.021230964599441557
2248,0.0,19998.54475434919,0.00390022508753132,0.007969156597852734,0.25732532940586866,-0.007210052646315202,0.14495186755499095,-0.01702469101350365
2249,0.0,20000.0,0.16481939087307884,0.02311109388242918,-0.06040348482517352,-0.02311109388242918,0.08334526184094161,-0.018850611874181307
2250,0.0,19999.509177952023,0.004162224738138807,0.01151002700637639,0.20632838292480826,-0.01151002700637639,0.1202401981661016,-0.01664843641383983
2251,0.0,19997.549045781372,0.0,0.005371204699326614,0.3649933402287453,0.00035834081293797764,0.1936661407848947,-0.011546403245806486
2252,0.0,20000.0,0.1283766023982176,0.012640775029757117,-0.1080196811880541,-0.012640775029757117,0.10316039419301005,-0.011874714780991674
2253,0.0,19999.623776042477,0.012940096817345061,0.009594894967201036,0.10459852863735056,-0.009046284356393004,0.10359183452631221,-0.011026185653612072
2254,0.0,20000.0,0.1039639600241822,0.011305451612208308,0.011424256354859252,-0.011149879374839654,0.07594156107487632,-0.011063293769980345
2255,0.0,20000.0,0.01696424768214519,0.018183450824522683,0.2661979725497414,-0.018183450824522683,0.13301848451733583,-0.013199340886343046
2256,0.0,20000.0,0.16208450370932334,0.017767121223496093,-0.13830919741953682,-0.017767121223496093,0.05162017993627403,-0.01456967498748896
2257,0.0,19999.73974165875,0.12361861938076493,0.010898217520009615,-0.10975909715379292,-0.010888297871903417,0.003206396809253942,-0.013465261852813297
2258,0.0,20000.0,0.12302480383016992,0.01771379117303624,-0.0842737036075627,-0.01771379117303624,-0.02303763331579105,-0.01473982064888018
2259,0.0,19996.99873155189,0.01988225750908774,0.0011728008029517549,0.27166915893630134,0.004263915761156236,0.06537440435983666,-0.009038699725869254
2260,0.0,19997.984789782506,0.0001283405759729095,0.005040016092662366,0.3489325371376749,0.001319646001308862,0.15044184419318812,-0.005931196007715819
2261,0.0,20000.0,0.06240973009226638,0.008508960510377214,-0.037619683495016126,-0.008508960510377214,0.09402338588672685,-0.006704525358514237
2262,0.0,20000.0,0.09483383133228164,0.025442133517267235,-0.07115000527645414,-0.025442133517267235,0.044471368537772546,-0.012325807806140135
2263,0.0,20000.0,0.0,0.02086001708489643,0.4884558360353117,-0.02086001708489643,0.17766670878703428,-0.014886070589767023
2264,0.0,20000.0,0.10797226089552722,0.019230310774941858,0.1373779969843513,-0.019230310774941858,0.16558009524622935,-0.016189342645319474
2265,0.0,20000.0,0.10498784088229053,0.0332279292229999,0.0026255179958478056,-0.0332279292229999,0.11669372207111489,-0.0213009186186236
2266,0.0,20000.0,0.251552382810981,0.032866994097442745,-0.15664052267051792,-0.032866994097442745,0.03469344864862504,-0.02477074126226934
2267,0.0,19999.49864638154,0.03976578208451623,0.01408268689842603,0.040633047595633,-0.01408268689842603,0.03647532833272742,-0.021564324953116346
2268,0.0,19999.72884226838,0.12861939639565534,0.01446167276047795,-0.06757990785319463,-0.013936479021226664,0.0052587574769508046,-0.01927597117354944
2269,1.4568519099780883,20000.0,0.373839353908958,0.04302015292562244,-0.373839353908958,-0.04302015292562244,-0.10847067593882184,-0.02639922569917134
2270,0.7937548611558021,19999.893009956766,0.28159811027837695,0.01699736651051028,-0.2644502384986238,-0.01699736651051028,-0.15526454470676243,-0.02357866794257302
2271,0.0,20000.0,0.09130928462271197,0.03235252219079497,-0.06426040925164574,-0.03235252219079497,-0.12796330407022743,-0.026210824217039602
2272,0.0,19999.68055504158,0.13192676110857532,0.015733327434091275,0.17404155565996357,-0.015733327434091275,-0.037361846151170136,-0.023067575182155103
2273,0.0,20000.0,0.17209258421382467,0.0307433513104009,-0.012504835732574174,-0.0307433513104009,-0.029904743025591346,-0.02537030802062884
2274,0.0,20000.0,0.00016685574551372482,0.023043800335438278,0.1658899224906471,-0.023043800335438278,0.02883365662928019,-0.024672355715071672
2275,0.0,19998.325877130585,0.001488886008263121,0.007539259799987757,0.34411054181950024,-0.007523575261019824,0.1234167221863462,-0.019527721578856117
2276,0.08160006736942038,20000.0,0.061256221038555714,0.03848050695659436,-0.018681602058840674,-0.03848050695659436,0.08078722491279013,-0.025213557192177587
2277,0.0,19999.39360829555,0.02884200797826552,0.01369594905621107,0.2084269998380322,-0.01369594905621107,0.11907915739036275,-0.02175827475138763
2278,0.0,19999.608331057716,0.03220792101008248,0.013363545798378404,0.04109776401783357,-0.013353172205646661,0.09568473937860399,-0.01923674398766534
2279,0.0,19998.071526908177,0.0,0.006581083793538171,0.23943018679972788,-0.0036946910354614037,0.13880837360494114,-0.014574128102004159
2280,0.0,19996.869218530985,0.0,0.0040575147015669,0.6749320283439106,0.005057073675912986,0.299645470026632,-0.008684767568629015
2281,0.0,20000.0,0.0003083463808617109,0.011395191713161173,0.36273812143828166,-0.011219766603376743,0.3185732654501269,-0.009445267279053333
2282,1.0584556651089065,19999.820792238363,0.14849811524048173,0.009507004665659968,-0.1408924068847022,-0.009061064332650947,0.18073356374967814,-0.009330006395132616
2283,0.0,20000.0,0.09898245178367396,0.011844563558114614,-0.03995719638522468,-0.010582792863480033,0.11452633570920728,-0.00970584233563684
2284,0.0,20000.0,0.03494720155575781,0.03539858001026173,0.007719443414730241,-0.03539858001026173,0.08248426802086416,-0.017413663638024306
2285,0.0,19998.436499649433,0.0012123756998358238,0.006240845256901248,0.12014420235728994,-0.0049120594425954385,0.09378224832179188,-0.013663182379395645
2286,0.0,19997.525478413638,0.048233069953919266,0.005762594295257346,0.32041098696864645,0.0018160502045396598,0.16177086991584824,-0.009019412604215054
2287,0.0,20000.0,0.03023867137875914,0.01055299353121532,0.13870304036653025,-0.01044469648621437,0.15485052105105285,-0.009446997768814849
2288,0.0,19999.230994479003,0.008352271484356431,0.0072435665964886336,0.23958048057623288,-0.005785179220555376,0.18026950890860685,-0.008348452204337007
2289,0.0,20000.0,0.1111815431305777,0.01699985919490366,-0.06798383763500622,-0.01699985919490366,0.10579350494552292,-0.010943874301507003
2290,0.11584334818932285,20000.0,0.18945538103033366,0.03171120075995835,-0.14731577660671263,-0.03171120075995835,0.02986072047985225,-0.017174072239042406
2291,0.0,19996.696899785078,0.0,0.0005024499799570386,0.4607306360664121,0.0048588693144909776,0.1591216951558202,-0.010564189772982392
2292,0.0,20000.0,0.059970447664642886,0.035439123522634154,-0.005021737354650577,-0.035439123522634154,0.10987866540267896,-0.01802666989787792
2293,0.39731511126049046,20000.0,0.1888805829022463,0.028154603768094977,-0.18814747043926985,-0.028154603768094977,0.02047082465009431,-0.021065050058943033
2294,0.0,20000.0,0.07459780344127163,0.0232624728316697,-0.03628750063363793,-0.0232624728316697,0.003443327064974638,-0.02172427689076103
2295,0.0,20000.0,0.12647602779642422,0.023583785251100636,0.006925153901680852,-0.02358355133953792,0.004487875115986502,-0.0222820592253941
2296,0.0,19997.61428320704,0.0,0.00662167116342668,0.5749486879849575,-0.0025079216903519217,0.1756261189766778,-0.016349817964881445
2297,0.0,19995.012084756876,0.0,0.001088226872688852,0.35720392038319726,0.014585288037449037,0.23009945939863363,-0.0070692861641823
2298,0.0,19999.54894770796,0.0,0.007073641448663206,0.3604279146740319,-0.0064948253349206035,0.2691979959812531,-0.006896947915403791
2299,0.0,20000.0,0.0848943899035922,0.017186312534314928,0.02621435093259342,-0.01693794946271597,0.1963029024666552,-0.009909248379597443
2300,1.0418156495573996,20000.0,0.25558683141693567,0.014863905460165937,-0.25516104596454525,-0.014856845511400181,0.060863717937295045,-0.011393527519138264
2301,0.0,20000.0,0.04748184667627473,0.014577133314370277,0.1619378891660042,-0.014577133314370277,0.09118596930590779,-0.012348609257707867
2302,0.0,19997.54170440789,0.002098645849303127,0.005032432547364033,0.36073929327171594,0.0023101605127848136,0.17205196649565024,-0.007950978326560063
2303,0.0,20000.0,0.009829512405920181,0.013238833097605578,0.2023594044269227,-0.013194178471733152,0.18114419787503197,-0.009523938370111989
2304,0.3708327354080372,20000.0,0.2209624771867286,0.013289699202966028,-0.2209624771867286,-0.013289699202966028,0.06051219535650379,-0.010653666619968201
2305,0.0,19999.756130944712,0.006981405135188086,0.009653650424800169,0.38185660003555316,-0.00923890129722091,0.1569155167602186,-0.010229237023144013
2306,0.0,19999.845461916047,0.09605478543157593,0.010814391984990672,0.10851305796112931,-0.009546549094945029,0.1423947791204918,-0.010024430644684317
2307,0.0,19999.341223389772,0.015247806188529675,0.007337658869634579,0.05760093398135372,-0.006654198891889494,0.11695662557875038,-0.00901336111884587
2308,0.0,19998.275703400242,0.01571649194230832,0.003263479430807932,0.26081188498184965,-0.00028527916078332496,0.16011320339968016,-0.006394936531427106
2309,0.0,19998.55692904277,0.01598859954472431,0.003441178229392966,0.28966800174873986,-0.000683899580422232,0.19897964290439807,-0.004681625446125643
2310,0.0,20000.0,0.15059118076959072,0.020525555402952367,-0.09288111953701665,-0.020525555402952367,0.11142141417197364,-0.00943480443317366
2311,0.0,20000.0,0.03501867252642569,0.015223009029785682,0.11497631748819592,-0.015160889581622167,0.11248788516684033,-0.011152629977708212
2312,1.8470028641826577,20000.0,0.39363478784494144,0.022788877462031853,-0.39363478784494144,-0.022788877462031853,-0.0393489167366942,-0.014643504223005303
2313,0.0,20000.0,0.23757771086567017,0.02562998265842567,-0.1940446681165257,-0.02562998265842567,-0.08575764215064365,-0.01793944775363141
2314,0.0,20000.0,0.19964874402998276,0.026588641317885454,-0.1267807868520175,-0.026588641317885454,-0.0980645855610558,-0.020534205822907624
2315,0.01763985751367017,20000.0,0.12540019625550003,0.03063157736766189,-0.12316407417379796,-0.03063157736766189,-0.10559443214487843,-0.023563417286333904
2316,0.0,20000.0,0.11752508251462529,0.01836082606323875,0.1534602634509447,-0.01836082606323875,-0.027878023466131482,-0.022002639919405355
2317,0.0,20000.0,0.03754033008940845,0.021916711199849025,0.035939620293915606,-0.021916711199849025,-0.008732730338117353,-0.021976861303538455
2318,0.0,20000.0,0.07212564173683865,0.019250644636277344,0.17797963617535492,-0.019250644636277344,0.04728097961592433,-0.02115899630336012
2319,0.0,19999.61082457709,0.0757504800612752,0.013110404653172886,0.1290070516637137,-0.013100679114157623,0.07179880123026114,-0.018741501146599372
2320,0.0,20000.0,0.05658424141797254,0.01773417110558109,0.07621257374022351,-0.01773417110558109,0.07312293298324984,-0.018439302134293886
2321,0.0,19999.86581382199,0.0,0.013308533066267836,0.27556742297481235,-0.013308533066267836,0.13385627998071858,-0.01690007141388607
2322,0.0,19998.27570555489,0.07393984733015123,0.007062831125638022,0.0415505229787622,-0.003790495706645485,0.10616455288013167,-0.012967198701713895
2323,0.0,20000.0,0.030378660765790544,0.030116884794099682,0.24352802896421258,-0.030116884794099682,0.14737359570535594,-0.01811210452942963
2324,1.830660316414555,20000.0,0.2626864203945029,0.03562054987343074,-0.21642840165208765,-0.03562054987343074,0.038232996498122854,-0.023364638132629963
2325,0.0,19997.993513884358,4.978344202718175e-06,0.0074472506241609815,0.3953073419459028,-0.005095904967552347,0.14535530013245682,-0.017884018183106677
2326,0.0,20000.0,0.03137946852267935,0.02851642307723788,0.11100234253624783,-0.02851642307723788,0.13504941285359412,-0.021073739651346037
2327,0.9037726701464566,20000.0,0.20697173476044242,0.024429956998984845,-0.14694644238050644,-0.024429956998984845,0.05045065628336395,-0.02208060485563768
2328,0.0,20000.0,0.060837955014801284,0.02203622557767177,-9.523751138352566e-05,-0.02203622557767177,0.0352868881449397,-0.022067291072247905
2329,0.0,20000.0,0.005403043364051429,0.017301142792463742,0.14258475672728965,-0.017301142792463742,0.06747624871964468,-0.020637446588312656
2330,0.0,19996.0245383688,0.000691413120854776,0.004730420008595415,0.41812971706626506,0.007054933027449919,0.1726722892236308,-0.012329732703583882
2331,0.0,20000.0,0.05044292243340866,0.017528021556517656,0.008810548507339092,-0.01751146768405215,0.12351376700874328,-0.01388425319772436
2332,0.0,19995.934411040733,0.0013040290419116614,0.0030187039288414007,0.38500508293140856,0.010557059690319594,0.20196116178554285,-0.006551859331311173
2333,0.0,19999.72518348654,0.008669804378819082,0.008152222508000375,0.3176862026042284,-0.007243945512416127,0.2366786740311485,-0.006759485185642658
2334,0.0,19999.30676270096,0.01615763708466731,0.008051538123295643,0.32139037538132803,-0.005011663749997522,0.26209218443620236,-0.006235138754949117
2335,1.8844579865532292,20000.0,0.2605340009549151,0.010406016539691679,-0.25831951019310523,-0.010404185473010483,0.10596867604741007,-0.007485852770367526
2336,0.0,19998.17632452669,0.0,0.003403215073396693,0.2469298511268096,0.0009457182916095828,0.1482570285712299,-0.004956381451774393
2337,0.049983549358655344,20000.0,0.15603332772956804,0.02037915335765741,-0.1050824197781404,-0.02037915335765741,0.07225519406641881,-0.009583213023539299
2338,0.0,19999.179660746104,0.10052800773460807,0.010947534715905307,0.16005349981222072,-0.005560531928773974,0.09859468579015937,-0.0083764086951097
2339,0.0,20000.0,0.03264672061467193,0.01669268848679442,0.09991503969813974,-0.01669268848679442,0.09899079196255348,-0.010871292632615118
2340,0.8745757796540183,20000.0,0.22749014800773407,0.02464673435178917,-0.22036825967640664,-0.02464673435178917,0.003183076470865437,-0.015003925148367334
2341,0.0,20000.0,0.015985486096506976,0.02463648792500669,0.06187742063360744,-0.02463648792500669,0.020791379719688037,-0.01789369398135914
2342,0.45728314754109634,20000.0,0.2317708329993301,0.02277434109402665,-0.1858656364728674,-0.02277434109402665,-0.041205725138078596,-0.019357888115159393
2343,0.393551548463994,20000.0,0.1722150588118961,0.02416119295132077,-0.16312642958347578,-0.02416119295132077,-0.07778193647169775,-0.020798879566007802
2344,0.0,19998.31087083855,0.09460574148863678,0.006347704547087568,-0.034650018933947306,-0.005718662016800549,-0.06484236121037261,-0.016274814301245624
2345,0.03407988016430856,20000.0,0.1787586630975039,0.03327682147071843,-0.06210025447167667,-0.03327682147071843,-0.06401972918876384,-0.021375416452087466
2346,0.0,19994.995796813793,0.0,0.0027273171206890156,0.6229151740345528,0.012442177282474,0.14206074177823114,-0.011230138331719026
2347,0.0,19999.18191193775,8.189037240070105e-05,0.006819604348927764,0.3947250121582078,-0.00630500535266657,0.21786002289222411,-0.00975259843800329
2348,0.0,19997.310195798244,0.0,0.0008370935328924926,0.6166265580336923,0.004750102041801383,0.3374899834346645,-0.005401788294061887
2349,1.354965787094288,20000.0,0.17306456886961802,0.02607408518933522,-0.1382546438682139,-0.02607408518933522,0.19476659524380097,-0.011603477362643886
2350,0.0,20000.0,0.0016789762830520377,0.011583246699147941,0.3043908795209473,-0.01126977908906932,0.22765388052694485,-0.011503367880571515
2351,2.970198216515637,20000.0,0.39386123055761596,0.03468584406817906,-0.390062592162901,-0.03468584406817906,0.0423389387199911,-0.01845811073685378
2352,0.0,20000.0,0.05808593152779111,0.01706643385750761,0.13663483575953592,-0.01706643385750761,0.07062770783185454,-0.01804060767304993
2353,0.0,19999.079166917465,0.0,0.008950369348506931,0.25041143782918995,-0.00876107494723314,0.12456282683105516,-0.01525674785530489
2354,0.0,19999.80149094282,0.0,0.011680351481972544,0.3617340029972426,-0.011536715169100356,0.1957141796809114,-0.01414073804944353
2355,0.0,19996.933182500437,0.0,0.0018068122025354937,0.4295619956859914,0.004894336091182944,0.26586852448243536,-0.008430215807255588
2356,0.0,20000.0,0.036921006154235575,0.02197026992414709,0.1470332920760187,-0.02197026992414709,0.23021795476051035,-0.012492232042323038
2357,0.0,19996.643474670935,0.0,0.0016001187915227679,0.5547771253206911,0.00723649336938487,0.3275857059285646,-0.006573614418810665
2358,0.0,19998.4694010699,0.1130868393805919,0.004639614404404532,0.09276381686643256,-0.00027704545885008007,0.257139139209925,-0.00468464373082249
2359,0.0,19999.354032973857,0.0,0.005325979803446332,0.3267918768471469,-0.004352124619532844,0.27803496050109155,-0.004584887997435596
2360,0.0,20000.0,0.02376844945007227,0.021523556396716322,0.1277211747595836,-0.021523556396716322,0.23294082477863914,-0.009666488517219813
2361,0.0,19999.794208889893,0.04256409958973924,0.010103213166697501,0.0393049351681199,-0.009011699613676049,0.17485005789548336,-0.009470051846156683
2362,0.28338936355660094,20000.0,0.21152851741995304,0.024390336436623715,-0.15685190187305817,-0.024390336436623715,0.0753394699649209,-0.013946137223296792
2363,0.0,20000.0,0.060854068999495865,0.018755487702710284,0.2048167153373168,-0.018755487702710284,0.11418264357663967,-0.01538894236712084
2364,0.0,20000.0,0.18187251379663488,0.020392794156222714,0.04066298911853054,-0.019977919016625982,0.09212674723920691,-0.016765635361972384
2365,0.0,20000.0,0.06066210080888582,0.024549278859351136,0.05737074860898476,-0.024549278859351136,0.08169994765014027,-0.01910072841118601
2366,0.0,20000.0,0.14081761981809074,0.01961437751134933,0.014145836028354725,-0.019606297297913664,0.0614337141636046,-0.019252399077204305
2367,0.0,19999.004715244602,0.0,0.009911981101466688,0.5546667581610669,-0.008886028499836088,0.2094036273628433,-0.01614248790399384
2368,0.0,19999.672705902012,0.0,0.011626562943360865,0.38827494926644185,-0.01121490496400904,0.26306502393392284,-0.014664213021998398
2369,0.0,20000.0,0.022038300564281615,0.020597170168062565,0.12278123336069742,-0.020597170168062565,0.22097988676195518,-0.016444100165817647
2370,0.4088355060464899,20000.0,0.27393970707064746,0.030861916496155134,-0.15028821598683612,-0.030861916496155134,0.10959945593731779,-0.020769445064918894
2371,0.0,20000.0,0.15620790351840919,0.03132579594582368,-0.1457722782619526,-0.03132579594582368,0.03298793567753667,-0.02393635032919033
2372,0.0,20000.0,0.06411682866693239,0.025920879136678024,-0.003523655616254161,-0.025920879136678024,0.022034458289399417,-0.024531708971436635
2373,0.0,19998.20570145601,0.0,0.009455427431824611,0.33054551758619394,-0.0067934229606441505,0.11458777607843776,-0.01921022316819889
2374,0.0,19999.27524462433,0.00034008634121484975,0.010489523469811541,0.33504414302156754,-0.010370224649873049,0.18072468616137669,-0.016558223612701137
2375,0.0,20000.0,0.10949070039653923,0.02843326558002186,0.06084569069309787,-0.02843326558002186,0.14476098752089306,-0.020120736202897352
2376,0.0,20000.0,0.09844533551806015,0.026742350780767674,-0.047250330905983295,-0.026742350780767674,0.08715759199283014,-0.022107220576258448
2377,0.0,19998.096079648945,0.0,0.008699563628307663,0.3750347592200471,-0.005106862523544183,0.17352074216099522,-0.017007113160444166
2378,0.22316062030881723,20000.0,0.22444482484513792,0.02186336576008531,-0.15075062628307684,-0.02186336576008531,0.07623933162777359,-0.018463988940336507
2379,0.0,20000.0,0.1508286509582667,0.017235650344132283,-0.052766707046703026,-0.016613190792178656,0.03753752002543061,-0.01790874949588915
2380,0.0,19998.216577847692,0.0,0.008546661493116043,0.38491526872013304,-0.003910309814199078,0.14175084463384133,-0.013709217591382128
2381,0.0,19998.129129615,0.0009569954722961431,0.002378641668367974,0.26506684636905864,-0.0015580276750227957,0.1787456451544065,-0.010063860616474327
2382,0.0,20000.0,0.13251818896136525,0.030957005224738727,-0.018286257016080543,-0.030957005224738727,0.11963607450326037,-0.016331803998953648
2383,0.0,19998.33426166185,0.02923123771308091,0.005999393357737424,0.2058647843448292,-0.003863244116428562,0.14550468745573103,-0.012591236034196122
2384,0.0,20000.0,0.023448573588662352,0.015554624987741928,0.0830026946487025,-0.015554624987741928,0.12675408961362247,-0.013480252720259862
2385,0.0,20000.0,0.08436238243621248,0.0178741434701811,0.033031457782082004,-0.0177288991266518,0.09863730006416033,-0.014754846642177442
2386,0.0,19999.382971361683,0.06972364415472392,0.012569015537431713,0.14149938542788942,-0.008988539179176174,0.11149592567327904,-0.013024954403277061
2387,0.0,19998.88997959842,0.00717404468930108,0.0056551039630622375,0.36648129701661025,-0.005480855054868606,0.1879915370762784,-0.010761724598754524
2388,0.0,19999.47400782922,0.05214683347020622,0.007771574809227923,0.04834887032432005,-0.007719576423972922,0.14609873705069087,-0.009849080146320043
2389,0.0,20000.0,0.043833300995143404,0.01745082183291209,0.3373370562828931,-0.016452519606311215,0.20347023282035154,-0.011830111984317394
2390,0.0,20000.0,0.0718088506779297,0.014969265036702307,0.06126015807689119,-0.01292050923223025,0.16080721039731344,-0.012157231158691249
2391,0.0,20000.0,0.0023416128222640874,0.01963090203735544,0.24934711428586506,-0.01963090203735544,0.18736918156387894,-0.014399332422290505
2392,1.190219371410627,20000.0,0.27960609018397126,0.024882115430807587,-0.2784964538582422,-0.024882115430807587,0.04760949093724261,-0.01754416732484563
2393,0.0,20000.0,0.16249926508293414,0.02278217142439754,-0.156460842147647,-0.02278217142439754,-0.013611608988224277,-0.0191155685547112
2394,0.6720047838851215,20000.0,0.25490266504830295,0.022771462541283934,-0.25490266504830295,-0.022771462541283934,-0.08599892580624788,-0.02021233675068302
2395,0.0,19996.599845038425,0.05132130697005833,0.0019677760464140736,0.24559681876026002,0.004047722568487108,0.013479797563704495,-0.012934318954931981
2396,0.0,19998.98039035362,0.019712250162332634,0.006819446625258666,0.3632844349933929,-0.005942854606700114,0.11842118879261102,-0.01083687965046242
2397,0.0,20000.0,0.10135204391238699,0.029161793352796714,-0.04059239708517458,-0.029161793352796714,0.07071711302927533,-0.01633435376116271
2398,0.0,19998.89047779115,0.021940292838957296,0.0087572108145019,0.10030549842476241,-0.0069544669512903,0.07959362864792145,-0.013520387718200987
2399,0.0,20000.0,0.0025622923163736372,0.01631989392734357,0.41348839637724905,-0.01613676564885953,0.1797620589667197,-0.014305301097398547
2400,0.0,19999.326396664685,0.01234034425661366,0.008529223698032832,0.07086997495731155,-0.008474437287030116,0.14709443376389725,-0.012556041954288017
2401,0.0,19999.82983788573,0.08491639828899072,0.010824652926429009,0.026932090900939547,-0.010493884451451512,0.11104573090500992,-0.011937394703437064
2402,0.0,20000.0,0.10952608297000692,0.016795067547285557,-0.07845343239052725,-0.016795067547285557,0.054195981916348765,-0.01339469655659161
2403,0.0,20000.0,0.18045265065130764,0.029154277682502623,-0.07176606584747103,-0.02915207619203166,0.016407367587202827,-0.018121910447223624
2404,0.0,19998.229980534656,0.0,0.0049265728494881575,0.630126695176389,-0.004079507386806877,0.20052316586395866,-0.0139091895290986
2405,0.0,19999.31202928518,0.07108917164479044,0.012092972788909315,0.27518628012097224,-0.008218568926127812,0.22292210014106273,-0.012202003348207363
2406,0.0,19999.909545870418,0.006197718915206208,0.012049857238811577,0.4382816414416106,-0.010779356097053643,0.2875299625312271,-0.011775209172861246
2407,0.0,20000.0,0.1209151815246683,0.02190216579634427,-0.021410921662901324,-0.02189871342957131,0.19484769727298856,-0.014812260449874265
2408,0.0,19999.48842577076,0.015974566750861417,0.010945371789375201,0.2056769182806408,-0.009599914255233889,0.1980964635752842,-0.013248556591482151
2409,0.0,20000.0,0.03785438376892117,0.013483697683396334,0.1977755864774098,-0.012291797742838825,0.19800020044592187,-0.012961528936889153
2410,0.0,20000.0,0.021732121696059092,0.018165950148937404,0.33729124172657093,-0.017712370968737984,0.23978751283011657,-0.014386781546443801
2411,0.0,19999.94661764316,0.10921782399844697,0.011956322922596352,0.04840981402882318,-0.011956322922596352,0.18237420318972852,-0.013657643959289565
2412,0.0,19998.089666615884,0.0010208020127671382,0.007831789901050447,0.47901031061749927,-0.0013158671767702667,0.27136503541805973,-0.009955110924533776
2413,0.0,19999.952201732325,0.10492606521349368,0.011633005946741182,0.06747851024499463,-0.010017714252668631,0.2101990778661402,-0.00997389192297423
2414,0.0,19997.453181114848,0.0025622923163736372,0.005287524069064181,0.5208810178159748,0.0038573865117913103,0.3034036598510906,-0.005824508392544568
2415,2.3888851835331213,20000.0,0.36236724944802706,0.028017762417885467,-0.36236724944802706,-0.028017762417885467,0.10367238706135529,-0.012482484600146837
2416,0.0,19998.989310045115,0.06079548259763009,0.007521592635185881,-0.011793901240770496,-0.005791593179551268,0.06903250057071755,-0.010475217173968165
2417,0.0,20000.0,0.11437162251814216,0.014474589740747968,-0.014392922229851836,-0.014225851146244585,0.044004873730546734,-0.01160040736565109
2418,0.0,20000.0,0.015972111473859154,0.01229871296999775,0.19987116137731747,-0.012287251074254948,0.09076476002457795,-0.011806460478232247
2419,0.0,19999.175040670278,0.0,0.007805103291500911,0.1480855561669936,-0.006522974820705301,0.10796099886730263,-0.010221414780974162
2420,0.0,19999.035757664264,0.0032328949001008546,0.007227444502304607,0.47700223767891625,-0.005044715588527346,0.21867337051078672,-0.008668405023240117
2421,0.0,19999.0758230191,0.027965791819870904,0.008196762807315275,0.1777484953187012,-0.004577074334180865,0.20639590795316107,-0.007441005816522342
2422,0.0,20000.0,0.1380987435391817,0.02619661352473839,-0.031606317881210155,-0.02619661352473839,0.13499524020284967,-0.013067688128987155
2423,0.0,20000.0,0.07542448422754837,0.023652870234059303,0.10225965532547578,-0.02348610984433726,0.1251745647396375,-0.016193214643592184
2424,0.0,20000.0,0.0036597417745960915,0.020258972474598524,0.24607859923509207,-0.020258972474598524,0.16144577508827385,-0.017412941992894084
2425,0.0,19999.207072512865,0.015049006009764148,0.009527525691194144,0.30330757688741594,-0.009192699063817525,0.20400431562801646,-0.014946869114171115
2426,0.0,19998.629211686777,0.0,0.006414815740940437,0.222194201040702,-0.004886328750566105,0.20946128125182212,-0.011928707005089611
2427,0.0,20000.0,0.057334425961112705,0.024100045639432577,-0.03317851799531207,-0.024100045639432577,0.13666934147768184,-0.0155801085953925
2428,0.0,19996.821513949697,0.006273592647134691,0.0010122966811940274,0.4222648568793776,0.004874996685998346,0.22234799609819056,-0.009443577010975245
2429,0.0,19999.486158243566,0.0020637286264988237,0.00827811747090284,0.2778143222580711,-0.0072012353535224494,0.23898789394615472,-0.008770874513739407
2430,0.0,19999.70833918638,1.1674877997524945e-05,0.010961551588704403,0.2993792754143247,-0.008136595037072201,0.2571053083866057,-0.008580590670739244
2431,0.0,20000.0,0.00011031105740924725,0.013943672948602699,0.310316827697719,-0.013939986670267017,0.2730687641799397,-0.010188409470597575
2432,0.0,19999.41564131546,0.006942297417809593,0.0077807480830450765,0.30168155712469225,-0.00714051129056706,0.28165260206336545,-0.00927404001658842
2433,0.0,19998.988425781394,0.032517476221002935,0.006986621562867347,0.251645110508457,-0.004360705232853474,0.2726503545968929,-0.007800039581467936
2434,0.0,20000.0,0.18004680130568387,0.015983127624736474,-0.03434411683076717,-0.01517091190535812,0.18055201316859487,-0.01001130127863499
2435,0.0,20000.0,0.13235329762226422,0.023164969187932625,0.013741690517434197,-0.023164969187932625,0.1305089163732467,-0.01395740165142428
2436,0.0,19999.674530673474,0.015957589689581154,0.011713037920680389,0.3384591337754057,-0.01025389313765017,0.19289398159389437,-0.012846349097292048
2437,0.0,19999.147447624608,0.01238367862478613,0.007252352464727381,0.07432186716573784,-0.0068318528421471535,0.1573223472654474,-0.011042000220748579
2438,0.0,20000.0,0.22163465243893166,0.02296510512185915,-0.01575152855840749,-0.02296510512185915,0.1054001845182909,-0.014618931691081749
2439,0.0,19999.903511533754,0.08390247931905491,0.011820022379060317,-0.057020652416419376,-0.011820022379060317,0.05667393343787782,-0.013779258897475319
2440,0.0,19996.362056850696,0.006407469205674693,0.0012043276761166323,0.4630361107108665,0.008227913768404193,0.1785825866197744,-0.007177107097711464
2441,0.0,19998.189235390742,0.0,0.0032454640233920188,0.5341730552975422,0.0010112115680534753,0.2852597272231048,-0.004720611497981982
2442,0.0,20000.0,0.021815271155667212,0.029172888615559212,0.295426829495786,-0.029172888615559212,0.28830985790490915,-0.01205629463325515
2443,0.0,20000.0,0.010425363100403866,0.020970549541667247,0.19815652847300377,-0.020970549541667247,0.26126385907533756,-0.014730571105778778
2444,0.0,20000.0,0.07804202688126097,0.019682673100858156,-0.009172180451902667,-0.019682673100858156,0.18013304721716547,-0.01621620170430259
2445,0.0,19999.848175262086,0.0,0.01237867945145241,0.5049125952749357,-0.01222249643123916,0.27756691163449654,-0.015018090122383563
2446,0.0,19998.813607724875,0.003191927048658179,0.008645170489994889,0.22853431759191215,-0.0059424049658650295,0.2628571334217212,-0.012295384575428002
2447,0.0,20000.0,0.0362825100190589,0.01269025443991895,0.1935585415513963,-0.01269025443991895,0.2420675558606237,-0.012413845534775285
2448,0.0,20000.0,0.01885843820561342,0.013304511700057744,0.07964890231562094,-0.013249024428859791,0.19334195979712288,-0.012664399203000635
2449,0.0,19997.654581732706,0.005349315918392782,0.0046816737770924025,0.40193794017220413,0.001542713177014071,0.25592075390964725,-0.008402265488996223
2450,0.0,20000.0,0.018169861112481686,0.012525553802251373,0.18065827829506464,-0.012525553802251373,0.23334201122527246,-0.009639251982972767
2451,0.0,20000.0,0.03647418743877333,0.02029341226439582,0.11809265242109494,-0.02029341226439582,0.1987672035840192,-0.012835500067399683
2452,0.0,19999.770114486088,0.11589321792125708,0.012350520785126606,-0.001364721282190749,-0.010286291392620026,0.1387276261241562,-0.012070737464965784
2453,0.1328803701115744,20000.0,0.22932445235194673,0.018737696880709916,-0.18488939627982595,-0.01858706988412394,0.04164251940296155,-0.01402563719071323
2454,0.0,20000.0,0.06680610796633622,0.01503535857614907,0.15283356541332446,-0.014586587221486244,0.07499983320607043,-0.014193922199945133
2455,0.0,20000.0,0.14269095467985723,0.020989958608274933,-0.0917435042674018,-0.020989958608274933,0.02497683196402876,-0.01623273312244407
2456,0.0,19998.63192381927,0.010136074863321253,0.010166256053265307,0.31759689485897835,-0.005472891268078243,0.11276285083251364,-0.013004780566134322
2457,0.0,20000.0,0.00025110459790396434,0.01743669100575848,0.2246245519308336,-0.01743669100575848,0.1463213611620096,-0.014334353698021569
2458,0.0,20000.0,0.07753948934479156,0.015336026016631215,6.27442555716412e-05,-0.015107420595812106,0.10244377609007821,-0.014566273767358728
2459,0.0,19998.01184160705,0.0,0.0033984620256763,0.40938008006220783,-0.0012873414868473324,0.19452466728171708,-0.010582594083205308
2460,0.0,20000.0,0.08567733090727568,0.013639121012717916,0.17472614657093974,-0.013639121012717916,0.18858511106848386,-0.011499552162059088
2461,0.0,19998.39924713841,0.0030691947026178696,0.009240503493111094,0.5042085664843896,-0.00207660705871432,0.2832721476932556,-0.008672668631055657
2462,0.0,20000.0,0.08231354908984675,0.012002728228545444,-0.007131321949377103,-0.0114146358717603,0.19615110680046577,-0.00949525880326705
2463,0.0,19997.878100483606,0.0016779860955356614,0.000934055609981523,0.3552077660079046,0.01448829586504959,0.2438681045626974,-0.0023001924027720583
2464,0.0,20000.0,0.062276396819788755,0.018287334011710392,0.006350251389642014,-0.018287334011710392,0.17261274861078077,-0.007096334885453558
2465,0.0,19999.610724934962,0.0,0.0026023774029073055,0.49107535960984156,0.005928792876564714,0.268151531910499,-0.003188796556848076
2466,0.0,20000.0,0.146419845075208,0.01117431761674732,-0.093619413958608,-0.011168751169009289,0.15962024814976689,-0.005582782940496439
2467,0.0,20000.0,0.13555668380582164,0.028983170237804716,-0.05079465821865943,-0.02896592492758607,0.09649577623923898,-0.012597725536623328
2468,0.0,19999.49635258792,0.0,0.0050120027602751195,0.4272034838265401,0.004119132292919357,0.1957080885154293,-0.007582668187760522
2469,0.0,20000.0,0.05480826846871985,0.007615974932958351,0.017148629606719038,-0.004431754612917951,0.14214025084281623,-0.006637394115307751
2470,0.0,20000.0,0.00526820870353108,0.008076826771158483,0.17476566110757463,-0.008070906645073992,0.15192787392224374,-0.0070674478742376225
2471,0.0,20000.0,0.014259839651493031,0.009176996368514902,0.20452936924940515,-0.009171675873358107,0.16770832252039214,-0.007698716273973767
2472,0.0,20000.0,0.14725306153969817,0.03414954269457848,-0.1225188901565478,-0.03414954269457848,0.08064015871731015,-0.01563396420015518
2473,0.0,20000.0,0.0385719551791245,0.016578469666651677,0.04386978993807112,-0.016578469666651677,0.06960904808353843,-0.01591731584010413
2474,0.0,19999.44620908777,0.0,0.006946556947653047,0.6427433558950582,0.0029223338255481963,0.24154934042699433,-0.010265420940408432
2475,0.0,20000.0,0.014820502460768189,0.00856398782726956,0.351682197045038,-0.0033350893923927913,0.2745891974124074,-0.00818632147600374
2476,0.0,20000.0,0.0,0.0017638069003719323,0.5090201232612099,0.002839175657383809,0.3449184751670481,-0.0048786723359874745
2477,0.0,20000.0,0.0,0.004942374568785937,0.5798826928914624,0.0035285456118858065,0.41540774048437235,-0.00235650695162549
2478,0.0,20000.0,0.0,0.008531657255046428,0.18423935603094227,-0.00851887906336373,0.3460572251483433,-0.004205218585146962
2479,0.0,20000.0,0.1313556625962988,0.029286899299833698,-0.055203669722882334,-0.029286899299833698,0.2256789566869756,-0.011729722799552983
2480,0.0,19999.861814147585,0.001629846331610464,0.0042115201492948975,0.45589108563408304,0.0024745692890381643,0.2947425953711078,-0.007468435172975637
2481,0.0,20000.0,0.0002161528186123186,0.0047278444244500265,0.2348461029638201,-0.001527535932657887,0.2767736476489215,-0.0056861654008803116
2482,0.0,20000.0,0.123202790008339,0.0401332329337277,-0.10273576043471402,-0.0401332329337277,0.16292082522383083,-0.01602028566073453
2483,0.0725676739392287,20000.0,0.19889165493369756,0.032883690047875086,-0.19782304402198073,-0.032883690047875086,0.05469766445008736,-0.021079306976876693
2484,0.0,20000.0,0.03774757812389811,0.02688017905751934,0.07748009713970336,-0.02688017905751934,0.061532394256972156,-0.022819568601069484
2485,0.0,19999.475274251363,0.0005481931272982104,0.004502560126381025,0.5061923212040709,-0.000306807199286535,0.19493037234110178,-0.016065740180534596
2486,0.0,20000.0,0.007321645399253779,0.009790473174250407,0.2738913985319928,-0.008206576499549378,0.21861868019836905,-0.01370799107623903
2487,1.4996275192383446,20000.0,0.357127733551722,0.03975253901976291,-0.357127733551722,-0.03975253901976291,0.04589475607334173,-0.021521355459296194
2488,0.0,20000.0,0.06646232311882934,0.012328276433498037,-0.03276407840873567,-0.012328276433498037,0.022297105728718507,-0.018763431751556744
2489,0.0,20000.0,0.017503671126196444,0.011986070448574734,0.3577642597840845,-0.008049762461081226,0.1229372519453283,-0.015549330964414087
2490,0.0,20000.0,0.10190620397966754,0.012559647567680878,0.006074615260127957,-0.012490152173602857,0.0878784609397682,-0.014631577327170717
2491,0.0,20000.0,0.24706561822663667,0.018907667383600946,-0.17043194393114333,-0.018907667383600946,0.010385339478494737,-0.015914404344099783
2492,0.0,20000.0,0.0,0.005826085147121692,0.4434166137962873,-0.001153801443916468,0.14029472177383248,-0.011486223474044788
2493,1.700849329246529,20000.0,0.40187607351240406,0.03325098774093042,-0.40187607351240406,-0.03325098774093042,-0.02235651681203847,-0.018015652754110476
2494,0.0,20000.0,0.09990278118324433,0.026889037821728783,-0.06844362687672378,-0.026889037821728783,-0.036182649831444064,-0.020677668274395967
2495,0.0,20000.0,0.15434153715352278,0.01604986152994033,-0.07357048995977566,-0.01604986152994033,-0.047399001869943544,-0.019289326251059277
2496,0.0,20000.0,0.010044742259100698,0.02029908054174743,0.09130335119605763,-0.02029908054174743,-0.005788295950143189,-0.01959225253826572
2497,0.0,20000.0,0.0,0.0043919266870408175,0.4418491811023404,-0.003241203116469957,0.12850294716560187,-0.014686937711726992
2498,0.0,20000.0,0.145366448001777,0.012387924495335687,-0.13723039528019412,-0.012381873663382488,0.04878294443186307,-0.01399541849722364
2499,0.0,20000.0,0.1136549946197991,0.030541045045427245,-0.02645514271248632,-0.030541045045427245,0.02621151828855825,-0.01895910646168472
2500,0.0,20000.0,0.007112673445048888,0.011491684184564008,0.1756812271791568,-0.011491684184564008,0.07105243095573781,-0.016718879778548506
2501,0.0,20000.0,0.0017225085118301158,0.009276064029422793,0.30398428207116646,-0.008313907271004051,0.1409319862903664,-0.014197388026285169
2502,0.0,20000.0,0.09293079238042205,0.02341969509969892,-0.061763922367829224,-0.02341969509969892,0.0801232136929077,-0.016964080148309295
2503,0.0,20000.0,0.1015641375232448,0.010386202149970462,-0.06951403586953242,-0.01035065110277097,0.035232038824175665,-0.014980051434647796
2504,0.0,20000.0,0.0008203678033206534,0.012197325774988355,0.31853487410409875,-0.010300285107898209,0.12022288940815258,-0.01357612153662292
2505,0.0,20000.0,0.005511571107102127,0.007168102037048282,0.16338643120222834,-0.004179980974658861,0.1331719519463753,-0.0107572793680337
2506,0.0,20000.0,0.11824055437029306,0.012949380432648067,-0.0939427016189309,-0.012672561491957333,0.06503755587678343,-0.01133186400521079
2507,0.0,20000.0,0.00026730066581259277,0.008670814789727728,0.28618422757136874,-0.008659592891965915,0.13138155738515903,-0.010530182671237327
2508,0.0,20000.0,0.09204036984813384,0.012164908912928271,0.17944842203581834,-0.01216478702996322,0.1458016167803568,-0.011020563978855095
2509,0.0,20000.0,0.055059447365380806,0.008828457768651132,0.10873201936654396,-0.005407833925426334,0.13468073755621296,-0.009336744962826467
2510,0.0,20000.0,0.019900744730356343,0.012874406075810724,0.19293642365901284,-0.009550016228674317,0.15215744338705292,-0.009400726342580823
2511,0.0,20000.0,0.10757527565710014,0.011234576999296367,0.015538295056767602,-0.00968324329619012,0.11117169888796732,-0.009485481428663612
2512,0.0,20000.0,0.07537596303439817,0.01373134077513971,-0.007906342958768957,-0.01373134077513971,0.07544828633394643,-0.010759239232606441
2513,0.0,20000.0,0.08420487870756285,0.006430731640630755,0.11120259199839996,-0.0059445477248813985,0.08617457803328249,-0.009314831780288928
2514,0.0,20000.0,0.02523266732621962,0.008450109972440637,0.189211953974342,-0.004494162428126954,0.11708579081560033,-0.007868630974640335
2515,0.0,20000.0,0.0017044094407060576,0.021024614630920715,0.13531114824817575,-0.021024614630920715,0.12255339804537296,-0.01181542607152445
2516,0.0,20000.0,0.0,0.005646560629603443,0.39319930516169305,-0.0014001362423420724,0.203747170180269,-0.008690839122769736
2517,0.0,20000.0,0.008113750984231134,0.012036273535515939,0.285524893225697,-0.010467263916175439,0.22828048709389742,-0.009223766560791446
2518,0.0,20000.0,0.0,0.0028932085882147,0.328506863205665,-0.0018459914270895419,0.2583483999274277,-0.007010434020680875
2519,0.0,20000.0,0.0,0.0029334889135453307,0.3957027221390502,0.002858949397318214,0.29955469659091444,-0.004049618995281148
2520,0.6193586028846756,20000.0,0.23991663972335597,0.02145228245506377,-0.23809007007542865,-0.02145228245506377,0.1382612665910115,-0.009270418033215934
2521,0.0,20000.0,0.06874037837896775,0.02087723429330746,-0.030496505072315088,-0.020877000381744743,0.08763393509201353,-0.012752392737774575
2522,0.06506800836495064,20000.0,0.284042893832988,0.015610590633755746,-0.2612306528549318,-0.015571341622127189,-0.017025441292070072,-0.013598077403080359
2523,1.0834452155350187,20000.0,0.35509538513128985,0.03724751137922516,-0.35509538513128985,-0.03724751137922516,-0.118446424443836,-0.0206929075959238
2524,0.0,20000.0,0.11032007117045038,0.012316433766361209,-0.01897605872910286,-0.012151417936803792,-0.08860531472941606,-0.018130460698187797
2525,0.0,20000.0,0.14134109980083004,0.013142384609265478,-0.0902367490175298,-0.011785213352209877,-0.08909474501585019,-0.01622688649439442
2526,0.0,20000.0,0.059968242900885094,0.015155252278101754,0.0494130027472076,-0.01088242637036106,-0.047542420686932846,-0.014623548457184412
2527,0.0,20000.0,0.04613560467084423,0.00603769187735029,0.22802682359067275,-0.004207580411312652,0.03512835259634884,-0.011498758043422883
2528,0.0,20000.0,0.0012266765854437652,0.010881759616393214,0.325777467286068,-0.009272388409288224,0.12232308700326458,-0.010830847153182485
2529,0.0,19998.255259484,0.0,0.001208562504025183,0.4683824829445278,0.01179937326290002,0.22614090578564353,-0.004041781028357734
2530,0.3130490198725935,20000.0,0.1542432791684909,0.011587126749185793,-0.03628716444970367,-0.011572700170869202,0.14741248471503934,-0.006301056771111174
2531,0.18990795837587426,20000.0,0.13692103988494142,0.020409970043875254,-0.05759523364811457,-0.018767792669584185,0.08591016920609316,-0.010041077540653077
2532,0.0,20000.0,0.15418924826646174,0.02453668375362094,-0.043306140573525435,-0.02453668375362094,0.04714527627220758,-0.014389759404543435
2533,0.0,20000.0,0.12399725543989154,0.03155854533378126,0.03206550869278085,-0.03155854533378126,0.04262134599837956,-0.019540395183314782
2534,0.7476725222826336,20000.0,0.16409705073567846,0.014677203799986167,-0.15661532691435792,-0.014241078296957924,-0.017149655875441688,-0.017950600117407723
2535,0.6975000237394322,20000.0,0.16520566085973257,0.024192725715424072,-0.14651672910640562,-0.024192725715424072,-0.055959777844730864,-0.019823237796812627
2536,0.012009723501210622,20000.0,0.12919703476537148,0.034176490415740904,-0.05643252639428834,-0.034176490415740904,-0.056101602409598106,-0.024129213582491107
2537,0.0,20000.0,0.0,0.01285040935008274,0.43604524002380735,-0.01218369134025748,0.09154245032042352,-0.020545556909821017
2538,0.009982103966999611,20000.0,0.12365789022423847,0.019444742352591388,0.009349310516248169,-0.019444742352591388,0.06688450837917091,-0.020215312542652127
2539,1.844678762932042,20000.0,0.23145260374778018,0.041053744658033825,-0.1984076582296112,-0.041053744658033825,-0.012703141603463725,-0.026466842177266636
2540,0.0,20000.0,0.012326431352231514,0.008151003478754784,0.1774266599521229,-0.005057641233203571,0.04433579886321226,-0.020044081894047716
2541,0.0,20000.0,0.010668650216563358,0.01795090426297533,0.1013464642677315,-0.01795090426297533,0.06143899848456803,-0.019416128604726
2542,0.5279627489830655,20000.0,0.13972086443766496,0.028524465638120958,-0.06721632803732606,-0.028523508802,0.022842400527999802,-0.0221483426639082
2543,0.0,19999.79004623973,0.03142564173800266,0.0025752876502363273,0.29602368446780075,-0.0017572178292454628,0.10479678570994008,-0.016031005213509378
2544,0.0,20000.0,0.047826323842195796,0.01791792061207708,0.036003197199070754,-0.01791792061207708,0.08415870915667928,-0.01659707983307969
2545,0.0,20000.0,0.020078159525593595,0.018356431433557245,0.23945685255481988,-0.018250516203438857,0.13074815217612146,-0.01709311074418744
2546,0.305177485347502,20000.0,0.10543265143395263,0.01973733142901558,-0.011658341548239696,-0.019420908889231585,0.0880262040588131,-0.01779145018770068
2547,0.0,20000.0,0.030351740274873196,0.016235914346476005,0.2619348958339528,-0.016228700488821766,0.140198811591355,-0.017322625278037008
2548,0.0,20000.0,0.0026613549857962228,0.0034769234876693227,0.1491844777945964,-0.0023353448623493664,0.1428945114523274,-0.012826441153330714
2549,0.0,20000.0,0.0,0.00811712139222562,0.5101050132134112,-0.00539558524188521,0.2530576619806525,-0.01059718437989706
2550,1.7216033348756143,20000.0,0.20051224935794487,0.01727919339702299,-0.18264901915965986,-0.01727919339702299,0.12234565763855876,-0.01260178708503484
2551,0.0,20000.0,0.01594497839743705,0.010180675091180707,0.31904365293141934,-0.00907775185826372,0.1813550562264169,-0.011544576517003503
2552,0.0,20000.0,0.007882926848609353,0.014271688579735275,0.09430963196121706,-0.014271688579735275,0.15524142894685694,-0.012362710135823034
2553,0.41055427537077605,20000.0,0.18195620749596067,0.03204183199024201,-0.0804507827852537,-0.03204183199024201,0.08453376542722374,-0.018266446692148726
2554,0.0,20000.0,0.09574469530329452,0.02763028521901185,0.09943669609560125,-0.02763028521901185,0.089004644627737,-0.02107559825020766
2555,0.0,20000.0,0.0,0.019908463436027847,0.20766130144690634,-0.019892270379622594,0.12460164167348779,-0.02072059988903214
2556,0.0,20000.0,0.12197109357345608,0.020988397662371133,0.17591774751374673,-0.020988397662371133,0.13999647342556548,-0.020800939221033835
2557,0.3417066861740432,20000.0,0.12442858731424118,0.022065539377304766,-0.11487399380430428,-0.022065539377304766,0.06353533325660454,-0.021180319267915113
2558,0.0,20000.0,0.0012342959745785924,0.010189822486364703,0.33618348519986063,-0.00999964822035464,0.14532977883958137,-0.01782611795364697
2559,0.0,20000.0,0.0,0.007684010820269936,0.5071286533954156,-0.0036191496928875385,0.2538694412063316,-0.01356402747541914
2560,0.0,20000.0,0.048823831483192505,0.016166314709084438,-0.02348010300243237,-0.016166314709084438,0.17066457794370238,-0.014344713645518727
2561,0.0,20000.0,0.0005016229321789352,0.003616600473536054,0.5209453084519605,-0.0010548140745952268,0.27574879709617983,-0.010357743774241677
2562,0.0,20000.0,0.01587034170631728,0.012933465686680932,0.06896402586206968,-0.012933465686680932,0.21371336572594676,-0.011130460347973454
2563,0.7571354920402205,20000.0,0.182881677707617,0.02710259991098537,-0.18118323437563855,-0.02710259991098537,0.09524438569547117,-0.015922102216877027
2564,0.0,20000.0,0.012553284647983847,0.010173216312677164,0.19390788914755983,-0.008208744603976208,0.12484343673109775,-0.01360809493300678
2565,0.0,20000.0,0.0031708154825844594,0.002616255868716167,0.23401275846988862,-0.0014075394610073438,0.15759423325273503,-0.009947928291406949
2566,0.0,20000.0,0.07190884967472917,0.010101930387353294,0.11747709107593737,-0.007545608712559232,0.1455590905996957,-0.009227232417752633
2567,0.0,20000.0,0.061053241168059415,0.026744500592836732,0.003987251788415369,-0.026744500592836732,0.1030875389563116,-0.014482412870277862
2568,0.0,20000.0,0.007706045668416061,0.012280205333349921,0.3583125115899975,-0.012280205333349921,0.17965503074641737,-0.01382175060919948
2569,0.0,20000.0,0.12694029349456012,0.016494236287879358,-0.0496618283630653,-0.016494236287879358,0.11085997301357256,-0.014623496312803443
2570,0.0,20000.0,0.036357617149275025,0.020899643073141384,0.005512788439177798,-0.02071315738243523,0.07925581764125413,-0.016450394633692977
2571,0.0,19998.580109827235,0.0,0.003274528623545,0.5729962465525822,0.007497072475828146,0.22737794631465255,-0.009266154500836638
2572,0.0,20000.0,0.0024082184407496557,0.01665206509272249,0.20932994717315725,-0.01665206509272249,0.22196354657220396,-0.011481927678402393
2573,1.6364291798877506,20000.0,0.3335150398954743,0.02827189386232508,-0.3098870939853297,-0.02827189386232508,0.062408354404943855,-0.0165189175335792
2574,0.0,20000.0,0.0,0.014600903389666443,0.2567432762761831,-0.014276958835810535,0.12070883096631563,-0.0158463299242486
2575,0.0,20000.0,0.0,0.012579835891574322,0.43337957923832193,-0.009581644501941593,0.2145100554479175,-0.013966924297556499
2576,0.0,20000.0,0.2410165211814104,0.02963866665936057,-0.12800472296666657,-0.02963866665936057,0.11175562192354228,-0.018668447006097717
2577,0.0,20000.0,0.05921317382118961,0.01036720197115329,-0.004257642176826006,-0.009525319791954869,0.0769516426934318,-0.01592550884185486
2578,0.0,20000.0,0.0021759646256559653,0.008055503909248085,0.3938823042848859,-0.006682455894858686,0.17203084117086803,-0.013152592957756008
2579,0.0,20000.0,0.00016095413701998538,0.0032863100121509796,0.3386529248377925,1.5968985195921873e-05,0.22201746627094537,-0.009202024374870428
2580,0.0,20000.0,0.0376873348059404,0.0251671837739953,0.16826172179655752,-0.0251671837739953,0.20589074292862902,-0.01399157219460789
2581,0.0,20000.0,0.11912638939594616,0.025301613301801057,-0.10982676845975732,-0.025301613301801057,0.11117548951211312,-0.01738458452676584
2582,0.0,20000.0,0.0,0.006303404818997025,0.5028391457238697,-0.0012732542047706628,0.2286745863756401,-0.012551185430167287
2583,1.1781146767404178,20000.0,0.29576487998219875,0.02936727625110706,-0.29563678436396484,-0.02936727625110706,0.07138117515375861,-0.017596012676449217
2584,0.0,20000.0,0.1022464886408724,0.014224512591060423,-0.053218565211067784,-0.014224512591060423,0.03400125304431069,-0.01658456265083258
2585,0.0,20000.0,0.16407145536553538,0.02742430380822962,-0.16217604755595602,-0.02742430380822962,-0.024851937135769324,-0.01983648499805169
2586,0.0,20000.0,0.0011922759119095028,0.012522566769118566,0.24188814694512764,-0.009714947288952442,0.05517008808849977,-0.016800023685321915
2587,0.0,20000.0,0.007848208199115244,0.008930200900401659,0.38951662725916203,-0.005197392762213126,0.15547404983969842,-0.013319234408389276
2588,0.0,20000.0,0.04441485433090668,0.016016676716833524,0.19013705531627118,-0.016006477226812216,0.16587295148267023,-0.014125407253916158
2589,0.0,20000.0,0.056674214647830505,0.029863038015974896,0.11514605027357369,-0.029863038015974896,0.15065488111994124,-0.01884669648253378
2590,0.0,20000.0,0.14172481528591796,0.02045327288136498,-0.08802670030861406,-0.02045327288136498,0.07905040669137466,-0.019328669402183137
2591,0.0,19999.999012127453,0.0,0.0034588529489407343,0.46968774471934566,-0.001664951311382822,0.19624160809976596,-0.014029553974943041
2592,0.0,20000.0,0.0016711059603112144,0.01907176417657071,0.27159394862441727,-0.01907176417657071,0.21884731025716136,-0.01554221703543134
2593,0.0,20000.0,0.1019681616178608,0.026998556117829954,-0.06738527075329166,-0.026998556117829954,0.13297753595402545,-0.018979118760150925
2594,0.0,20000.0,0.011999485848947245,0.0150821899310382,0.24528497485279752,-0.01480755433357384,0.16666976762365707,-0.0177276494321778
2595,0.0,19998.85424228143,0.0004553693345490983,0.0020040610254421286,0.42241806521406483,0.005406445597617805,0.2433942569007794,-0.010787420923239116
2596,1.646116569692909,20000.0,0.36280166675140935,0.04553911236784496,-0.36166423653347596,-0.04553911236784496,0.06187670887050277,-0.02121292835662087
2597,0.0,20000.0,0.1585236943412151,0.03593699277974274,-0.13713233394954613,-0.03593699277974274,0.0021739960244880965,-0.025630147683557432
2598,0.0,20000.0,0.01788637825442498,0.02475916765358948,0.08149692783455113,-0.02475916765358948,0.025970875567507008,-0.025368853674567045
2599,0.0,19999.115657501017,1.5894785520842915e-05,0.0021748073596608583,0.3210089666171048,0.0005580480477539808,0.11448230288238635,-0.017590783157870736
2600,0.0,20000.0,0.15045787841053657,0.013805061377328271,-0.036221873298072464,-0.01371058399949816,0.06927105002824871,-0.016426723410358963
2601,0.0,20000.0,0.03691691972473582,0.007882654329118315,0.17393672782114533,-0.004925277849917481,0.1006707533661177,-0.012976289742226518
2602,0.0,20000.0,0.19123547430116916,0.02170831797590921,-0.18975482738246746,-0.02170831797590921,0.013543079141542146,-0.015595898212331325
2603,0.0,20000.0,0.08691508463426349,0.006395469430831058,-0.026231008852585076,-0.00592870117552998,0.0016108527433039786,-0.012695739101290921
2604,0.0,20000.0,0.007016225134695727,0.00815606000533116,0.10457491630415004,-0.007312280962081864,0.0325000718115578,-0.011080701659528203
2605,0.0,20000.0,0.046857758043162945,0.009646600081889174,0.0017499403906511537,-0.009468228429595065,0.023275032385285804,-0.01059695969054826
2606,0.0,20000.0,0.03843016116978003,0.008783718106233084,0.05009042086020468,-0.008769050761787507,0.03131964892776147,-0.010048587011920034
2607,0.0,20000.0,0.007337993384223536,0.020100717779247525,0.1792870911292936,-0.020100717779247525,0.07570988158822112,-0.013064226242118282
2608,0.45762806587719496,20000.0,0.29343965875942035,0.03588505134606258,-0.2859249249328169,-0.03588505134606258,-0.032780560368090295,-0.019910473773301574
2609,0.0,20000.0,0.00026730066581259277,0.00973642108234871,0.2750884561434376,-0.008991276178488201,0.05958014458536806,-0.01663471449485756
2610,0.0,19999.797669853928,0.0,0.005335997934263035,0.4901086439220416,0.0006509301670201733,0.18873869438637014,-0.011449021096294238
2611,0.0,20000.0,0.00012809561823393342,0.009380062515558932,0.44591658468508044,-0.007818327698293848,0.2658920614759832,-0.010359813076894122
2612,0.0,20000.0,0.0,0.006140702994264058,0.5636506569328108,-0.004701415091136679,0.3552196401130315,-0.008662293681166888
2613,0.0,20000.0,0.15933262843693935,0.023910479957983923,0.05175764160915782,-0.023910479957983923,0.26418104056186936,-0.013236749564211999
2614,0.0,20000.0,0.1405876927377673,0.024248381821181414,-0.09264631111987816,-0.024248381821181414,0.1571328350573451,-0.016540239241302823
2615,0.0,20000.0,0.058100681031241684,0.023841453411420306,0.06000609846432891,-0.023841453411420306,0.12799481407944024,-0.018730603492338068
2616,0.0,20000.0,0.030801921284420122,0.010901497831995953,0.1368344017338655,-0.010048232968424173,0.13064669037576782,-0.0161258923351639
2617,0.0,20000.0,0.01777670056325801,0.007890554321405271,0.2539743053150726,-0.007463352767232268,0.16764497485755925,-0.013527130464784409
2618,0.0,20000.0,0.090404812940484,0.028353206000826862,0.01164572689960558,-0.028353206000826862,0.12084520047017314,-0.017974953125597146
2619,0.0,20000.0,0.01705338567010505,0.013128009125586582,0.2364483631379398,-0.012508769768451682,0.15552614927050312,-0.016335098118453503
2620,0.0,20000.0,0.004088563060278199,0.009308766707362644,0.25030540852753497,-0.00838584843105041,0.18395992704761266,-0.013950323212232574
2621,0.0,20000.0,0.059412031299950076,0.008972528489176256,0.17153621774523226,-0.005118759503725883,0.18023281425689852,-0.011300854099680565
2622,0.0,20000.0,0.05353084741296272,0.0138704731202382,0.17574456097166996,-0.013859983132310509,0.17888633827132994,-0.012068592809469546
2623,0.0,20000.0,0.1694049736929432,0.015139192913835111,-0.16060745642168897,-0.015134621692844625,0.07703819986342425,-0.012988401474482068
2624,0.0,20000.0,0.013659599206719804,0.00969637515751132,0.2149826753015072,-0.007478128641558047,0.11842154249484912,-0.01133531962460486
2625,0.0,20000.0,0.04197531310912687,0.00914681004767376,0.13732785509063047,-0.0061265819366592,0.12409343627358352,-0.009772698318221161
2626,0.0,20000.0,0.0,0.004855653888706694,0.4614210208594524,0.0010058057628596852,0.2252917116493442,-0.006539147093896906
2627,0.0,20000.0,0.0425093772536064,0.030022215868325805,0.09397237208852287,-0.030022215868325805,0.1858959097810978,-0.013584067726225574
2628,0.0018156505127056022,20000.0,0.2102457487561586,0.02652194571606831,-0.1863075329177062,-0.02652194571606831,0.07423487697145659,-0.017465431123178395
2629,0.0,20000.0,0.019698338186577766,0.006486582405228463,0.172895809146111,-0.004515035073210859,0.1038331566238529,-0.013580312308188132
2630,0.0,20000.0,0.12102094942504156,0.02094423478151867,-0.03133656901131731,-0.02094423478151867,0.06328223893330183,-0.015789489050187292
2631,0.0,20000.0,0.01843358665951643,0.01259574215915312,0.5179910326095759,-0.010823145369548906,0.19969487703618405,-0.014299585945995775
2632,0.0,20000.0,0.04507920952587383,0.013295112870805993,0.15322383574235263,-0.01078944316129786,0.1857535646480346,-0.0132465431105864
2633,0.0,20000.0,0.025261893394391506,0.016250974455393426,0.1743013661121882,-0.015369439479946269,0.18231790508728069,-0.01388341202139436
2634,0.0,20000.0,0.1444276730615832,0.011719255494474844,0.10074726808042674,-0.011718400688613281,0.1578467139852245,-0.013233908621560035
2635,0.0,20000.0,0.0,0.004453520231449106,0.24346736401280644,-0.0017155151848580877,0.18353290899349906,-0.009778390590549451
2636,0.199179497304387,20000.0,0.2646174831205136,0.042288546386644116,-0.24056655501701704,-0.042288546386644116,0.05630306979034423,-0.01953143732937785
2637,0.0,20000.0,0.16833081822267204,0.02642945282884582,-0.1659333172409644,-0.02642945282884582,-0.010367846319048364,-0.02160084197921824
2638,0.0,19999.51413542416,0.0,0.0075349331774241975,0.593967961249116,1.895367266327401e-05,0.17093289595140096,-0.015114903283653785
2639,0.0,20000.0,0.047818829869445335,0.0056302875176887715,0.15123445511517913,-0.003853491867809444,0.16502336370053441,-0.011736479858900483
2640,0.031546366972706075,20000.0,0.26844844378526533,0.0370339305265728,-0.24735681784285332,-0.0370339305265728,0.04130930923751809,-0.019325715059202178
2641,0.0,20000.0,0.22499177775692136,0.028859994186090983,-0.22499177775692136,-0.028859994186090983,-0.03858101686081375,-0.02218599879726882
2642,0.0,19999.527867860492,7.054872800643433e-06,0.001903127914091358,0.15990825915681608,-0.0003174073371948594,0.020965765944475197,-0.01562542135924663
2643,0.0,20000.0,0.09821998739659155,0.02092718127486163,0.024931382727013843,-0.02076934175067819,0.02215545097923679,-0.017168597476676095
2644,0.0,20000.0,0.0007006387237479252,0.01712901424905763,0.3143578890080322,-0.017050365785157166,0.1098161823878754,-0.017133127969220417
2645,0.0,20000.0,0.0055573378084867045,0.018533033988618722,0.16645822952135197,-0.018533033988618722,0.12680879652791838,-0.017553099775039906
2646,0.0,20000.0,0.12356215419211261,0.009977916529184006,-0.08135991587938532,-0.00723580797313194,0.06435818280572726,-0.014457912234467515
2647,0.0,19999.869046622593,0.0,0.0033687436615730455,0.567616641865435,0.0012218602345969163,0.21533572052363958,-0.009753980493748184
2648,0.0,20000.0,0.03243973994858576,0.024765323151094643,0.0640679506596901,-0.024765323151094643,0.16995538956445472,-0.01425738329095212
2649,0.0,20000.0,0.017159239467863793,0.012588597392744994,0.1909311543880909,-0.010794689324731767,0.17624811901154558,-0.013218575101086014
2650,0.0,20000.0,0.019869627160988675,0.016410336292792226,0.2718218843088603,-0.016115409288093827,0.20492024860073998,-0.014087625357188358
2651,0.0,20000.0,0.004263135159825232,0.009501109310143469,0.15039054652184158,-0.009496508074595119,0.18856133797707045,-0.012710290172410385
2652,0.0,19999.521970838457,1.759696124320373e-05,0.003766496527045815,0.4565368583433732,0.003926779951820599,0.2689539940869613,-0.007719169135141089
2653,0.0,20000.0,0.09433160700943326,0.012108246122831292,0.16314266153978946,-0.009965747764529197,0.23721059432280972,-0.008393142723957522
2654,0.0,20000.0,0.025103137142041113,0.006317446069250967,0.3920658344365094,0.0001877522845682986,0.2836671663569196,-0.005818874221399775
2655,0.0,20000.0,0.08921952898037132,0.010509408198375871,0.034915107719058015,-0.00872627769513527,0.2090415487655611,-0.006691095263520424
2656,0.0,20000.0,0.025597662838634933,0.005900917387914388,0.26135517891950605,-0.0025771725724670026,0.22473563781174458,-0.005456918456204397
2657,0.0,20000.0,0.09597871432229808,0.019907399295571157,-0.016941646873434035,-0.019604169237211005,0.152232452406191,-0.009701093690506379
2658,0.0,20000.0,0.053743056286994224,0.01863804111720238,0.06036877793000958,-0.01860704707314055,0.12467335006333656,-0.01237287970529663
2659,0.0,20000.0,4.628986714808143e-06,0.012201300547713042,0.3978784058528921,-0.01200740597583863,0.2066348668002032,-0.012263237586459228
2660,0.0,20000.0,0.13669238975607423,0.019866330381101215,-0.045261282175032926,-0.019866330381101215,0.13106602210763235,-0.014544165424851823
2661,0.0,20000.0,0.14973040902046672,0.020747925619890542,-0.03598434664595046,-0.020747925619890542,0.0809509114815575,-0.016405293483363437
2662,0.0,20000.0,0.06700553744509966,0.011317836847821436,0.11924240402014295,-0.011317836847821436,0.09243835924313312,-0.014879056492700837
2663,0.0,20000.0,0.009921513289534554,0.02229678189301605,0.2220962001125328,-0.02229678189301605,0.131335711503953,-0.0171043741127954
2664,0.0,20000.0,0.09375682858251501,0.021516986527927523,0.01287188314284627,-0.021516986527927523,0.09579656299562098,-0.018428157837335035
2665,0.0,20000.0,0.00010894205261436085,0.0153221290877865,0.36671845500438394,-0.0153221290877865,0.17707313059824986,-0.017496349212470473
2666,0.0,20000.0,0.17882462694851395,0.015485773156699975,-0.06203196187932277,-0.01548001115895061,0.10534160285497807,-0.016891447796414515
2667,0.0,20000.0,0.06798633558457236,0.023537274840843312,0.10318794224732059,-0.023537274840843312,0.10469550467268082,-0.018885195909743153
2668,0.0,20000.0,0.06594487750294632,0.016091399799279888,0.13798390721536624,-0.016070497317234998,0.11468202543548645,-0.018040786331990705
2669,0.0,20000.0,0.042891651074616205,0.024144258822983388,0.03758440977109076,-0.024144258822983388,0.09155274073616773,-0.019871828079288507
2670,0.0,20000.0,0.03693327157534488,0.014270717581963977,0.0017230219396892163,-0.01362467777230002,0.06460382509722418,-0.01799768298719196
2671,0.0,20000.0,0.13668175596951315,0.021151323800020053,0.03171065573813464,-0.021151323800020053,0.05473587428949732,-0.018943775231040388
2672,0.0,20000.0,0.050748874474597847,0.03932758504159184,0.026079529079980245,-0.03932758504159184,0.04613897072664219,-0.025058918174205823
2673,0.0,19999.7709706487,3.867622823394803e-05,0.005220229029213802,0.2964564584317974,-0.002944831439218511,0.12123421703818876,-0.018424692153709628
2674,0.0,20000.0,0.09833879476601076,0.021043647728989902,0.10526518234969484,-0.021043647728989902,0.11644350663164058,-0.01921037882629371
2675,0.0,19998.069083611183,0.0,0.0002660100997428337,0.6866764901968889,0.009109447368301613,0.2875134017012151,-0.010714430967915113
2676,0.0,20000.0,0.12247834433637382,0.015039229919063106,0.11066076430311966,-0.015039229919063106,0.23445761048178643,-0.01201187065325951
2677,0.0,20000.0,0.0,0.008347212379125312,0.5094934658558631,-0.005324364539107277,0.31696836709400944,-0.010005618819013838
2678,0.0,20000.0,0.0015318237018964224,0.017226671658707934,0.4139854464498924,-0.017226671658707934,0.3460734909007743,-0.012171934670922067
2679,0.0,20000.0,0.2114181501221753,0.04346609980831346,-0.06924840212681438,-0.04346609980831346,0.22147692299249772,-0.021560184212139483
2680,0.0,20000.0,0.014116598067378083,0.010106401529393709,0.3930034703489834,-0.00977304344775973,0.27293488719944337,-0.018024041982825555
2681,0.0,20000.0,0.18858075582247083,0.019177711172036076,0.048491120338868134,-0.019177711172036076,0.2056017571412708,-0.01837014273958871
2682,1.0549786465682165,20000.0,0.346712569589108,0.026032817564465342,-0.34419344115320216,-0.026032817564465342,0.04066319765292889,-0.020668945187051698
2683,0.0,20000.0,0.07145937633011587,0.019210035918016594,0.14713710747839817,-0.019210035918016594,0.07260537060056967,-0.020231272406341167
2684,0.0,19999.625048155816,0.0,0.0034492984087527846,0.5490593611283703,1.1469418093811503e-05,0.21554156775890984,-0.014158449859010673
2685,0.0,20000.0,0.006533701096775885,0.0039128297769131385,0.189365661211684,-0.002137834309507326,0.20768879579474206,-0.01055226519415967
2686,0.5626215957291891,20000.0,0.3172720783621205,0.018702203145557993,-0.3165663381150005,-0.018689694024560284,0.05041225562181928,-0.012993493843279854
2687,0.0,20000.0,0.16579307722268982,0.02103475166397243,0.06398786242316905,-0.02103475166397243,0.0544849376622242,-0.015405871189487625
2688,0.0,20000.0,0.03470835472514764,0.005469740976847227,0.08928670016438094,-0.005120220491916021,0.06492546641287122,-0.012320175980216142
2689,0.0,20000.0,0.01778156612044781,0.005329611316069869,0.08133412042828086,-0.0038130930364390888,0.06984806261749411,-0.009768051097083025
2690,0.0,20000.0,0.00015522818667730503,0.011727655153056108,0.47625857689285256,-0.011507375381943248,0.19177121690010163,-0.010289848382541092
2691,0.0,20000.0,0.0,0.007485989660050366,0.22645267614976214,-0.005745113346908015,0.20217565467499976,-0.008926427871851168
2692,0.0,20000.0,0.05765127514175808,0.020943146285210053,0.1173469256982664,-0.020943146285210053,0.17672703598197975,-0.012531443395858832
2693,0.0,20000.0,0.029169190288851704,0.010485652218449196,0.27306791423547166,-0.007527465670671327,0.20562929945802733,-0.01103025007830258
2694,0.0,19999.034576632395,0.037859574943833164,0.005959639849762395,0.3720344158233369,0.007381210027321925,0.25555083436762016,-0.005506812046615228
2695,0.0,20000.0,0.019517697078889902,0.016191903514827504,0.2107676063794776,-0.01619132972341583,0.24211586597117737,-0.008712167349655409
2696,0.0,20000.0,0.01631545883154654,0.010218556350905142,0.16465519517627247,-0.010214457784860416,0.2188776647327059,-0.009162854480216911
2697,0.0,20000.0,0.008719679995234077,0.008512909809602098,0.3815750104422086,-0.0028912068999117327,0.26768686844555667,-0.007281360206125358
2698,0.0,20000.0,0.0258514383965015,0.016553142077707198,0.046717466891207225,-0.014701006146181068,0.2013960479792518,-0.00950725398814207
2699,0.0,20000.0,0.0097100956890571,0.01594230721933036,0.29082521489085117,-0.013672300805767694,0.2282247980527316,-0.010756768033429757
2700,0.0,20000.0,0.18350205732306524,0.013376394928026728,-0.17429568167159468,-0.013333380561386193,0.10746865413543372,-0.011529751791816686
2701,0.0,19999.276955280802,0.00683754001073489,0.0033479942990425975,0.3796879590575809,0.005812661219061016,0.18913444561207787,-0.006327027888553375
2702,0.0,20000.0,0.0,0.01034785284943814,0.5382850840755345,-0.0048632301736424655,0.29387963715111487,-0.005887888574080102
2703,0.0,20000.0,0.01599013168356624,0.015568402733001795,0.20933532140664254,-0.015568402733001795,0.26851634242777317,-0.008792042821756609
2704,0.0,20000.0,0.12408866623272574,0.01698454323530811,-0.01635508923319986,-0.01698454323530811,0.18305491292948126,-0.011249792945822058
2705,0.0,20000.0,0.05106288224780104,0.01275494113199767,-0.01375197304729441,-0.01275494113199767,0.12401284713644856,-0.011701337401674741
2706,0.0,20000.0,0.042889266915253,0.005527758462257847,0.2559218943937878,0.0016790668576998184,0.16358556131365032,-0.007687216123862372
2707,0.0,20000.0,0.0046883624254038785,0.00717310905908364,0.5633868257912382,-0.0013555228389978923,0.2835259406569267,-0.005787708138403028
2708,0.0,20000.0,0.10390617716414365,0.013277682001684965,-0.015890677607353236,-0.013068920528843007,0.19370095517764271,-0.007972071855535022
2709,0.0,19999.730491821407,0.0,0.002618004908162318,0.5004500262592044,0.004874204854040578,0.2857256765021112,-0.004118188842662342
2710,0.0,20000.0,0.06387843619672369,0.020790969949265794,0.013996405583862198,-0.020790969949265794,0.2042068952266365,-0.009120023174643378
2711,0.0,20000.0,0.05530278669483781,0.022798903452044696,0.08081100834939763,-0.022798903452044696,0.16718812916346482,-0.013223687257863773
2712,0.0,20000.0,0.017533121555368437,0.00810730464015647,0.252398717928752,-0.0008166336581513334,0.19275130579305097,-0.00950157117795004
2713,0.0,19999.85068745333,0.0,0.0021468049915386563,0.3938641994989413,0.00352667386672427,0.25308517390481805,-0.005593097664547747
2714,0.0,20000.0,0.028793729448563905,0.013669930887319735,0.09014258527824935,-0.013669930887319735,0.20420239731684744,-0.008016147631379342
2715,0.0,20000.0,0.0025622923163736372,0.009504976959264097,0.3425963553801147,-0.00834365070649521,0.24572058473582759,-0.008114398553914102
2716,0.0,19999.131824969398,0.0,0.0011137569964680266,0.48031998291268124,0.008136875499268031,0.31610040418888363,-0.003239016337959462
2717,0.0,20000.0,0.054686986803621856,0.018699529418265526,-0.005602359686184722,-0.018699529418265526,0.21958957502636312,-0.007877170262051281
2718,0.0,20000.0,0.21272966279554623,0.023866777870646783,-0.1908129513081187,-0.023866777870646783,0.09646881712601857,-0.01267405254462993
2719,0.0,20000.0,0.0,0.01354159274990112,0.29385982966137064,-0.013530333830427921,0.1556861208866242,-0.012930936930369325
2720,0.0,19999.89384865362,0.0003097742960081905,0.003190364395241538,0.4252986074358995,0.0017627268640462734,0.23656986685140677,-0.008522837792044645
2721,0.22019553781618129,20000.0,0.26568296676614866,0.035819450551392906,-0.26568296676614866,-0.035819450551392906,0.08589401676614014,-0.01671182161984912
2722,0.0,20000.0,0.0280706525107343,0.008134106306680572,0.25114315245516017,-0.002457357672562049,0.13546875747284615,-0.012435482435663
2723,0.0,20000.0,0.048212740517003846,0.014327812603891009,0.11699104881397888,-0.012492205106034106,0.12992544487518595,-0.012452499236774332
2724,0.0,20000.0,0.0001575456660053181,0.009207049297303977,0.4193387687376891,-0.006530842681150747,0.21674944203393687,-0.010676002270087255
2725,0.0,20000.0,0.001355406593127493,0.008816691470772827,0.28217901278009994,-0.008813005192437147,0.23637831325778577,-0.010117103146792223
2726,0.0,20000.0,0.02084652495171376,0.010417815100290773,0.0856411693217469,-0.010188796259495307,0.1911571700769741,-0.010138611080603148
2727,0.0,20000.0,0.0344611529614109,0.02543296638126807,0.0971734917090665,-0.02543296638126807,0.16296206656660184,-0.014726917670802624
2728,0.0,20000.0,0.0014588855620660548,0.00929905984478767,0.2956247333576451,-0.009209639325577376,0.2027608666039148,-0.013071734167235049
2729,0.0,20000.0,0.01629729959352552,0.015110196673076524,0.18376113897657126,-0.014876515368469696,0.19706094831571172,-0.01361316852760544
2730,0.0,20000.0,0.11954348191346031,0.020196610568303405,-0.038413305467852855,-0.02004607856452402,0.12641867218064234,-0.015543041538681013
2731,0.0,20000.0,0.03434940663986322,0.01242702982926152,0.21790753404486493,-0.012407465663993322,0.1538653307399091,-0.014602368776274705
2732,0.0,20000.0,0.09372113638086714,0.008724469575434345,-0.022496545755646493,-0.007901773993782219,0.10095676779124241,-0.012592190341526959
2733,0.0,20000.0,0.0567131449801354,0.02087541559235043,0.24419197893762554,-0.020864332749696665,0.14392733113515732,-0.01507383306397787
2734,0.0,20000.0,0.003230656211507793,0.0073341836373662095,0.3963192653411018,-0.003988860499557934,0.21964491139694065,-0.011748341294651889
2735,0.0,20000.0,0.10653145739782033,0.01866102612212385,0.04535424553518727,-0.01866102612212385,0.16735771163841462,-0.013822146742893476
2736,0.0,20000.0,0.016678722402214432,0.017956619090050748,0.18025945208860147,-0.017956619090050748,0.17122823377347066,-0.015062488447040657
2737,0.0,20000.0,0.05769056326657295,0.00835377443634756,0.14054456083013198,-0.004542881916476142,0.16202313189046905,-0.011906606487871303
2738,0.0,20000.0,0.0980373277609471,0.013146764933630515,-0.017750991012376434,-0.011814713870430378,0.10809089501961539,-0.011879038702639023
2739,0.0,20000.0,0.009524854712171817,0.01343340264214059,0.23787059113471162,-0.011666168298792974,0.14702480385414424,-0.011815177581485207
2740,0.0,20000.0,0.00666975499248304,0.004895083369140322,0.09870550719948196,-0.003868270538921947,0.13252901485774554,-0.009431105468716228
2741,0.0,20000.0,0.01822530940774528,0.018761258027571687,0.13922898004849515,-0.018761258027571687,0.1345390044149704,-0.012230151236372866
2742,0.0,20000.0,0.023608252222627683,0.008900112507905195,0.15725866388829768,-0.008723283131366999,0.1413549022569686,-0.011178090804871105
2743,0.0,20000.0,0.009469566813933314,0.00358485109956696,0.3889529427420055,0.001344722434936348,0.21563431440247965,-0.0074212468329288685
2744,0.0,20000.0,0.024038334313380424,0.014113693164113624,0.2991906365515386,-0.014104089557786463,0.24070121104719733,-0.009426099650386146
2745,0.0,19999.97645052737,0.0,0.0032813059631292933,0.38472622218672686,0.0028615330231939323,0.2839087143890562,-0.005739809848312123
2746,0.0,20000.0,0.23406628134679427,0.032101200610308495,-0.2139438951351399,-0.032101200610308495,0.13455293153179737,-0.013648227076911032
2747,0.0,20000.0,0.08592876610508612,0.018610119620695854,0.05095175954698757,-0.018422820525741845,0.10947257993635442,-0.015080605111560275
2748,0.0,20000.0,0.03556741260520407,0.008915184418307076,0.18959080361066666,-0.008438743295122165,0.1335080470386481,-0.013088046566628842
2749,0.0,20000.0,0.016737201567925058,0.006123816728014178,0.1516858606062449,-0.0021497769034686766,0.13896139110892713,-0.00980656566768079
2750,0.0,20000.0,0.2577823378904461,0.02295442370581287,-0.25622228303287964,-0.022874512400459523,0.02040628886638511,-0.013726949687514409
2751,0.0,20000.0,0.0,0.011772978401023327,0.2493345034505444,-0.008853671135302006,0.0890847532416329,-0.012264966121850688
2752,0.0,20000.0,0.07566270645597487,0.021726008699489433,0.07792837203357275,-0.021726008699489433,0.08573783887921485,-0.015103278895142312
2753,0.0,20000.0,0.033115081451423826,0.021649841799184586,0.06482872285826534,-0.021649034096210197,0.07946510407292999,-0.017067005455462678
2754,0.0,20000.0,0.03623933278301005,0.015255986717508921,0.301614062732367,-0.015255986717508921,0.1461097916707611,-0.01652369983407655
2755,0.0,20000.0,0.0,0.00870707387971472,0.6044600785697821,-0.0030423458175954776,0.2836148777404674,-0.012479293629132228
2756,0.0,20000.0,0.05977729866196282,0.007577142642746385,0.166358868819882,-0.0072675226643106995,0.24843807506429177,-0.010915762339685768
2757,0.0,20000.0,0.006664544219896611,0.007887239093943194,0.34351065619809706,-0.0074069107733064805,0.27695984940443336,-0.009863106869771982
2758,0.0,20000.0,0.08446891804285396,0.014994193033259254,0.22265450565508352,-0.01482554289597579,0.26066824627962837,-0.011351837677633123
2759,0.0,20000.0,0.1780800148390378,0.0331115402748011,-0.14262362482505744,-0.0331115402748011,0.1396806849482226,-0.017879748456783515
2760,1.1443473889020517,20000.0,0.39921311208692606,0.02631293832608603,-0.39921311208692606,-0.02631293832608603,-0.021987454162321993,-0.020409705417574267
2761,0.0,19999.1208069032,0.00040990228974341347,0.0019944670244646952,0.28850851299097563,0.0027335061498318628,0.07116133598366729,-0.013466741947352426
2762,0.0,20000.0,0.07614115645361569,0.011400471924252321,0.1178859735025083,-0.011400471924252321,0.0851787272393196,-0.012846860940422394
2763,0.0,20000.0,0.06936111538673678,0.016368847942674947,-0.022733464708665187,-0.016368847942674947,0.05280506965492416,-0.01390345704109816
2764,0.0,19999.31664597144,0.0,0.002321260993321216,0.6755660908607555,0.00453717727137068,0.23963337601667353,-0.008371266747357508
2765,0.0,20000.0,0.018891930968096746,0.014569129621937718,0.2567070965530387,-0.014569129621937718,0.24475549217758308,-0.010230625609731571
2766,0.0,20000.0,0.09203920428643134,0.025457463918464728,0.04161598996129286,-0.025457463918464728,0.183813641512696,-0.014798677102351516
2767,0.0,20000.0,0.28598824394185407,0.0212195362806384,-0.22516548319909352,-0.0212195362806384,0.06111990409915914,-0.016724934855837578
2768,0.0,20000.0,0.06112776150026802,0.009389158919289214,-0.02282529315845296,-0.008528263606099148,0.03593634492187551,-0.014265933480916048
2769,0.0,19998.374206781533,0.0,0.0032035394661613335,0.4618074270875053,0.00961184990872599,0.16369766957156442,-0.007102598464023436
2770,0.0,20000.0,0.11545821593072393,0.02115935169478866,-0.09202134108794584,-0.02115935169478866,0.08698196637371133,-0.011319624433253003
2771,0.0,20000.0,0.0963418133746317,0.02220373341719911,0.012511598056779708,-0.02220373341719911,0.06464085587863184,-0.014584857128436834
2772,0.0,20000.0,0.05231350887804447,0.015148826292204777,0.09768838889555648,-0.015085261693201953,0.07455511578370923,-0.014734978497866369
2773,0.0,20000.0,0.0,0.004494834817853087,0.33506963068798423,2.9505662505774144e-05,0.1527094702549917,-0.010305633249754725
2774,0.0,20000.0,0.08228758352521211,0.026720570972400028,0.029800277513907958,-0.02670888544013471,0.11583671243266658,-0.015226608906868722
2775,0.0,19999.560587293974,0.0,0.004385256871590144,0.5219485576228651,0.0025938802058534274,0.23767026598972613,-0.009880462173052076
2776,0.0,20000.0,0.03296716682386005,0.007037650814066285,0.3634254551559342,-0.005935385786626389,0.27539682273958854,-0.00869693925712437
2777,0.0,19999.34416618885,0.0,0.0020186469172138134,0.4008260157779803,0.006698295078660561,0.3130255806511061,-0.004078368956388891
2778,0.0,20000.0,0.02310276658902724,0.015631726475256548,0.19006098597291327,-0.015631726475256548,0.27613620224764823,-0.0075443762120491874
2779,0.0,19998.44772453128,0.0,0.0008221246273789392,0.6618759516971264,0.01219077675185143,0.3918581270824917,-0.0016238303228790015
2780,0.0,20000.0,0.01716741986121875,0.011533129253246292,0.16491233194533955,-0.011148713342874773,0.32377438854134605,-0.0044812952288777325
2781,0.0,20000.0,0.2302791222247203,0.023241587312606542,-0.17677895023046597,-0.023241587312606542,0.1736083869098024,-0.010109382853996375
2782,0.0,20000.0,0.06177733749181757,0.017039826230228795,0.3335254475733532,-0.017039826230228795,0.22158350510886762,-0.0121885158668661
2783,0.0,20000.0,0.08555759008790934,0.02546115235416854,-0.04032848598206169,-0.02546115235416854,0.14300990778158884,-0.016170306813056833
2784,0.0,20000.0,0.019552930471318366,0.013957832594099818,0.19566275660198448,-0.013957832594099818,0.15880576242770753,-0.015506564547369726
2785,0.0,20000.0,0.10176784432659056,0.020106851253089714,0.011965868125236137,-0.020083987371301352,0.1147537941369661,-0.01687979139454921
2786,0.0,20000.0,0.0031521311040067436,0.015162323532276653,0.2324031646083354,-0.015162323532276653,0.15004860527837688,-0.016364551035867442
2787,0.0,20000.0,0.004459503139367073,0.007626986628856521,0.41240051117799126,-0.004096040475051583,0.22875417704826118,-0.012683997867622683
2788,0.0,20000.0,0.09717289923216052,0.021727787413627797,0.005648623604659907,-0.021727787413627797,0.16182251101518078,-0.015397134731424216
2789,0.0,20000.0,0.011160050662641433,0.007864715164272713,0.36274381766848496,-0.0025749712586426964,0.22209890301117202,-0.01155048568958976
2790,0.0,20000.0,0.05014221266581535,0.012217794178731305,0.23527159430205527,-0.012165141970837304,0.226050710398437,-0.011734882573964022
2791,0.0,20000.0,0.05272601134638997,0.014144223199253127,0.09090197665668726,-0.014144223199253127,0.18550609027591206,-0.012457684761550753
2792,0.0,20000.0,0.0,0.00431418831276366,0.5801416200324842,-0.0013720872133219752,0.3038967492028837,-0.009132005497082119
2793,0.0,20000.0,0.11913306869179978,0.016055362082716674,-0.08475857539475296,-0.016017705671919468,0.1873001518235927,-0.011197715549533322
2794,0.0,20000.0,0.05729635461727228,0.02340714607242577,0.06517454863853486,-0.02340714607242577,0.15066247086807533,-0.014860544706401056
2795,0.0,20000.0,0.0,0.012808407424258879,0.28579480613226493,-0.010347070668252877,0.1912021714473322,-0.013506502494956602
2796,0.0,20000.0,0.20721775979524318,0.014206339553234554,-0.2035604282808399,-0.014206339553234554,0.07277339152888057,-0.013716453612439988
2797,0.0,20000.0,0.0450365687991169,0.012069055650244857,0.141610564961647,-0.010925371094647278,0.0934245435587105,-0.012879128857102174
2798,0.0,20000.0,0.045147231266435314,0.008857653756603386,0.08798472783542252,-0.008856328209680834,0.0917925988417241,-0.011672288662875771
2799,0.0,20000.0,0.0,0.005232690790340137,0.5830429901195291,-0.0026241069268124646,0.23916771622506558,-0.008957834142056777
2800,0.0,20000.0,2.8749258447417532e-05,0.006490621440973008,0.24505670298443796,-0.006105895940811798,0.2409344122528773,-0.008102252681683283
2801,0.0,20000.0,0.0814960679204261,0.017377860855123852,-0.053133453444224814,-0.017377860855123852,0.15271405254374665,-0.010884935133715454
2802,0.0,20000.0,0.02936562934201333,0.0030715578596380386,0.12693186126171901,-0.0003770878065788284,0.14497939515913835,-0.007732580935574466
2803,0.0,20000.0,0.0025622923163736372,0.013399276234541884,0.20696959503086182,-0.013399276234541884,0.16357645512065538,-0.009432589525264691
2804,0.0,20000.0,0.017686632431523706,0.008443665564696329,0.12991248985245774,-0.003491911933406426,0.15347726554019608,-0.007650386247707211
2805,0.0,19999.004636712587,0.0,0.0026659300065516194,0.3645495498056435,0.009049704617629219,0.2167989508198303,-0.0026403589881062815
2806,0.0,20000.0,0.0,0.008760655861735321,0.34799340580135374,-0.0019813547715088835,0.25615728731428733,-0.0024426577231270617
2807,0.0,20000.0,0.17608974486475504,0.007442777650103373,-0.0928708366659572,-0.007087682426003884,0.15144885012021397,-0.003836165133990108
2808,0.0,20000.0,0.12389151372246754,0.022101509924937,0.12214150382829483,-0.022101509924937,0.14265664623263824,-0.009315768571274176
2809,0.0,20000.0,0.004842569879360137,0.012487632503066422,0.41854513763412876,-0.007643890739885383,0.22542319365308539,-0.008814205221857538
2810,0.0,20000.0,0.17539566104008447,0.026590441417440647,-0.14844512850098068,-0.026590441417440647,0.11326269700686556,-0.014147076080532471
2811,0.45397096169071505,20000.0,0.32425075932004344,0.03202804737247816,-0.32425075932004344,-0.03202804737247816,-0.017991339891207145,-0.01951136746811618
2812,0.0,20000.0,0.0930739050090467,0.014408840850073004,0.12961534939700695,-0.01424704355890354,0.02629066689525708,-0.017932070295352386
2813,0.0,20000.0,0.10652454068833551,0.016571390084263084,-0.06162222031086399,-0.016571390084263084,-8.319926657924387e-05,-0.017523866232025596
2814,0.0,20000.0,0.0,0.007315225616721294,0.29680775767819667,-0.007304998783466356,0.08898408781685353,-0.014458205997457823
2815,0.0,20000.0,0.009100896375942795,0.013689387411044874,0.14663409391831467,-0.013597317965810261,0.10627908964729187,-0.014199939587963555
2816,0.0,20000.0,0.018934924162653487,0.014740396499718393,0.04366179218982253,-0.014668551109068891,0.08749390041005106,-0.014340523044295155
2817,0.0,20000.0,0.10399460650175579,0.013247255686427508,0.2905976645802737,-0.013179633165721408,0.14842502966111784,-0.01399225608072303
2818,0.0,20000.0,0.14229562570561272,0.03230947989853749,-0.05610967561839769,-0.03230947989853749,0.08706461807726318,-0.01948742322606737
2819,0.0,20000.0,0.017002399940121118,0.007561603878040854,0.22107513480097254,-0.006585291643041109,0.12726777309437598,-0.015616783751159491
2820,0.0,20000.0,0.0055517967399238335,0.007578583266422447,0.47039577296408086,-0.003429481683331082,0.23020617305528743,-0.011960593130810968
2821,0.0,20000.0,0.02072433652870813,0.010276119161639743,0.30456542108166634,-0.0058076348067567,0.2525139474632011,-0.010114705633594689
2822,0.0,20000.0,0.008280893871808899,0.015242498934579617,0.07624317227873417,-0.015242498934579617,0.199632714907861,-0.011653043623890167
2823,0.0,20000.0,0.008375198600933402,0.009168060800528866,0.2993487743023244,-0.007102731859148248,0.22954753272620002,-0.01028795009446759
2824,0.0,20000.0,0.13613472735606086,0.00931877354675991,-0.012687161320577671,-0.007609461713376729,0.1568771245121667,-0.00948440358014033
2825,0.0,20000.0,0.01571525580303573,0.018609304620742742,0.19814944928422829,-0.018371727581779632,0.16925882194378516,-0.01215060078063212
2826,0.0,20000.0,0.026029759416878826,0.008009807149361867,0.15040057935437484,-0.00431363145678974,0.16360134916696206,-0.009799509983479407
2827,0.0,20000.0,0.1668126646309757,0.020317556442735737,-0.1503233544863459,-0.020317556442735737,0.06942393807096967,-0.012954923921256306
2828,0.0,20000.0,0.01070595859672658,0.015599822007472895,0.27617347734270203,-0.01465731940299255,0.13144879985248936,-0.013465642565777178
2829,0.0,20000.0,0.027681902584405824,0.01972649790892458,0.14906366381617975,-0.01972649790892458,0.13673325904159647,-0.015343899168721397
2830,0.0,20000.0,0.039232369447722445,0.020744039707294326,-0.003382590735940905,-0.020744039707294326,0.09469850410833525,-0.016963941330293275
2831,0.0,19999.920572288698,0.0,0.004395491474208384,0.3886380692858393,-0.00017818417522893188,0.18288037366158647,-0.011928214183773973
2832,0.0,20000.0,0.20361330871688274,0.018326137975551486,-0.15705264581955536,-0.018326137975551486,0.08090046781724392,-0.013847591321307227
2833,0.0,20000.0,0.06380745419239386,0.005791469672632421,0.003406175216601111,-0.0040328889434888765,0.05765218003705107,-0.010903180607961721
2834,0.0,20000.0,0.1423764289415912,0.026110741114764177,-0.12861894569076843,-0.026110741114764177,0.0017708423187052166,-0.015465448760002456
2835,0.0,20000.0,0.0,0.0071412459352716,0.2380597953258259,-0.005414624664557459,0.07265752822084141,-0.012450201531368957
2836,0.0,20000.0,0.002098645849303127,0.007149827039536276,0.34514699493584067,-0.0029790177209476566,0.1544043682353412,-0.009608846388242566
2837,0.32617864813217556,20000.0,0.30151401218083307,0.01877111154452746,-0.30151401218083307,-0.01877111154452746,0.017628854110488923,-0.012357525935128035
2838,0.0,20000.0,0.0736545354796158,0.01818531167103592,-0.054328858859185494,-0.01818531167103592,-0.0039584597804134015,-0.014105861655900399
2839,0.0,20000.0,0.11190710784354037,0.009696434898827853,0.122842677148755,-0.008329868299442416,0.03408188129833712,-0.012373063648963003
2840,0.0,20000.0,0.04517979424261439,0.021042599269065168,0.07786519289779675,-0.021042599269065168,0.047216874778175,-0.01497392433499365
2841,0.0,20000.0,0.0,0.007753539156495282,0.5730575008239913,-0.0026766168176934405,0.20496906259191988,-0.011284732079803588
2842,0.2518960651270219,20000.0,0.2857213180821618,0.03117319698344853,-0.26858805003266245,-0.03117319698344853,0.06290192880454518,-0.01725127155089707
2843,0.0,20000.0,0.013479502949202311,0.016167660409245662,0.22311257047640662,-0.01566078617331485,0.1109651213061036,-0.016774125937622404
2844,0.0,20000.0,0.0,0.006203839670417712,0.5616434929858443,-0.0026768256867437798,0.2461686328100258,-0.012544935862358816
2845,0.0,19999.677297750466,0.0,0.005932134334927781,0.6222976512025671,0.0031373434673544714,0.3590073383277882,-0.00784025206344483
2846,0.0,20000.0,0.015642294922592333,0.006013152674684548,0.11673644750890973,-0.0006661396596247094,0.2863260710821246,-0.005688018342298794
2847,0.0,20000.0,0.1759080247242775,0.02009440988895085,-0.1684333915612883,-0.02009440988895085,0.1498982322891007,-0.01000993580629441
2848,0.0,20000.0,0.0,0.007485726149148784,0.5897942445157607,-0.001965773246124307,0.2818670359570987,-0.0075966870382433785
2849,0.0,20000.0,0.014042841449342333,0.007154550102804147,0.27288107962859337,-0.006038144516103558,0.27917124905854707,-0.007129124281601432
2850,1.1756573217978108,20000.0,0.383023415012181,0.04436577994772505,-0.3829851745526816,-0.04436577994772505,0.08052432197517845,-0.018300120981438517
2851,0.0,20000.0,0.04431624234917214,0.019857534888064035,0.21774163170246527,-0.0179505295570657,0.12168951489336449,-0.01819524355412667
2852,0.0,20000.0,0.00016202267737285995,0.00609631167166529,0.49478374068144954,-0.0017135467706741675,0.23361778262979,-0.01325073451909092
2853,0.0,20000.0,0.0965702507301617,0.017389559008698013,0.08056403562230252,-0.017310115048794393,0.18770165852754375,-0.014468548678001961
2854,0.0,20000.0,0.0008269263810642196,0.01798783976089944,0.39212334524193726,-0.016899721303489865,0.24902816454186177,-0.015197900465648331
2855,0.0,20000.0,0.000191654135761557,0.007701383953007607,0.2361244630321785,-0.007324677733839953,0.24515705408895677,-0.012835933646105817
2856,0.0,20000.0,0.051353094785238,0.015202715520028443,0.015338861588375977,-0.015202715520028443,0.1762115963387825,-0.013545968208282605
2857,0.0,20000.0,0.01647963033898371,0.006894701534757083,0.17132664913268625,-0.006232318887203397,0.17474611217695363,-0.011351873411958842
2858,0.0,19999.94375897467,0.0,0.0029981865513106177,0.4017629606157458,0.00218725331084287,0.24285116670859125,-0.0072901353951183275
2859,0.0,20000.0,0.0410032335836568,0.01374812078793269,0.06208421220086027,-0.01374812078793269,0.18862108035627193,-0.009227531012962635
2860,0.0,20000.0,0.25743436535949477,0.017443648301533592,-0.1562487787967768,-0.017255283692365918,0.08516012261035731,-0.01163585681678362
2861,0.0,20000.0,0.16400770578794632,0.012903396194496979,0.12677595419059107,-0.011996858024375353,0.09764487208442743,-0.011744157179061139
2862,0.0,20000.0,0.007927461662258656,0.005182744508506762,0.1484826343255549,-0.002809880185612654,0.11289620075676565,-0.009063874081026593
2863,0.0,20000.0,0.2607417266820194,0.019801570344104225,-0.2607417266820194,-0.019801570344104225,0.0008048225251301305,-0.012285182959949882
2864,0.0,20000.0,0.1998823088274169,0.01912386046902113,-0.045813560440091605,-0.01912386046902113,-0.01318069236443639,-0.014336786212671256
2865,0.0,20000.0,0.0022679384222800475,0.006617270201133921,0.16858309547083036,-0.006474637969131884,0.04134844398614364,-0.011978141739609444
2866,0.0,20000.0,0.05672433346407218,0.0056769825716852605,-0.006596619847529555,-0.0038413666040921627,0.026964924836041678,-0.009537109198954258
2867,0.0,20000.0,0.06010466290916093,0.008413752592000799,0.19351620873683453,-0.00399965651227603,0.07693031000627953,-0.007875873392950788
2868,0.0,20000.0,0.03642405876655466,0.017367745983206184,0.1375070931725728,-0.016262122770469536,0.09510334495616751,-0.010391748206206412
2869,0.0,19999.803115906892,0.0,0.005282676482988357,0.7406621750893447,0.00339532600104234,0.28877099399612066,-0.006255625944031786
2870,0.0,20000.0,0.002893229347768707,0.007236374688640056,0.4853686669547461,-0.0020343311662914696,0.34775029588370826,-0.00498923751070969
2871,0.0,20000.0,0.04050541578269477,0.020441038101600646,0.09969004912801999,-0.020441038101600646,0.2733322218570018,-0.009624777687976977
2872,0.0,20000.0,0.012628196831894697,0.004300746098948187,0.20359586594052717,-0.002739109330540049,0.2524113150820594,-0.007559077180745898
2873,0.0,20000.0,0.07499940137618688,0.02508170987383331,0.10425153189621804,-0.02508170987383331,0.20796338012630697,-0.01281586698867212
2874,0.0,20000.0,0.003373452535091183,0.012380454125136931,0.45783309572712105,-0.011686344269144965,0.2829242948065512,-0.012477010172813972
2875,0.0,20000.0,0.05684969030011504,0.029387670841786825,-0.03034969425160109,-0.029387670841786825,0.18894209808910548,-0.017550208373505828
2876,0.0,20000.0,0.06611884321316655,0.012807920662978874,0.20989269549587553,-0.010388476959608149,0.19522727731113648,-0.015401688949336523
2877,0.0,20000.0,0.0,0.006195457013137927,0.43110142251182315,-0.005141598291056129,0.2659895208713425,-0.012323661751852405
2878,0.0,20000.0,0.0,0.0035745156711361457,0.33335585704342047,-0.0016545119995436677,0.28619942172296586,-0.009122916826159783
2879,0.0,20000.0,0.006223829921776839,0.006175591263835266,0.1500146147542408,-0.004725908784800555,0.24534397963234833,-0.0078038144137520145
2880,0.0,20000.0,0.1412122775359538,0.010272882444141335,-0.027265639979289595,-0.009528423684139543,0.16356109374885694,-0.008321197194868273
2881,0.0,20000.0,0.017059746930619252,0.01361713354616512,0.27217069008623374,-0.012470545369146479,0.19614397265006997,-0.009566001647151734
2882,0.0,20000.0,0.0864713018558997,0.008639700242750126,0.19577220130985798,-0.008621990996549776,0.19603244124800634,-0.009282798451971146
2883,0.0,20000.0,0.282101387170859,0.030551861475517608,-0.26839598095063344,-0.030551861475517608,0.05670391458841441,-0.01566351735903508
2884,0.7626701394859041,20000.0,0.3878924101909343,0.027851176129325198,-0.3863151395980978,-0.027851176129325198,-0.07620180166753926,-0.019319814990122114
2885,0.0,20000.0,0.0003259920627402672,0.009675781625663989,0.2318937376732211,-0.003633301464434937,0.016226860134688846,-0.01461386093241596
2886,0.0,20000.0,0.2903668724806619,0.021181817147130893,-0.26183773989103537,-0.021181817147130893,-0.06719251987302842,-0.01658424779683044
2887,0.0,20000.0,0.13262833211127634,0.025764233298544593,-0.0794021861680942,-0.025764233298544593,-0.07085541976154815,-0.019338243447344684
2888,0.0,20000.0,0.004279728596484623,0.009860972923704584,0.49726941364292226,-0.004649520793087185,0.09958203025979297,-0.014931626651067434
2889,0.0,19999.278630807046,0.0020870942728181455,0.005485816260560942,0.3755855401997039,0.004291408358030489,0.18238308324176625,-0.009164716148338057
2890,0.0,20000.0,0.01854365544433458,0.028734882476740917,0.07187652119287725,-0.028734882476740917,0.14923111462709954,-0.015035766046858915
2891,0.0,20000.0,0.011333444112019189,0.009989034727475084,0.2459344421650108,-0.009750587064329453,0.17824211288847291,-0.013450212352100076
2892,0.6676008878431468,20000.0,0.2694497055692058,0.01451421553532546,-0.2694497055692058,-0.01449801386684951,0.043934567351169296,-0.013764552806524905
2893,0.0,20000.0,0.013271766040383222,0.008678716211698226,0.10230964331168134,-0.008256167870304854,0.0614470901393229,-0.01211203732565889
2894,0.0,19999.897134288094,0.0,0.0026173123092618792,0.46429714950579687,0.0021084287190495693,0.18230210794926507,-0.007845897512246352
2895,0.0,20000.0,0.13428202026046832,0.021967057834869047,0.10378438370035101,-0.021760777914016382,0.15874679067459085,-0.01202036163277736
2896,0.0,20000.0,0.008748690511016625,0.011837887056861292,0.2553871197420741,-0.011604291159024097,0.18773888939483582,-0.01189554049065138
2897,0.0,20000.0,0.079627355209819,0.018896799358389556,0.03189086871450112,-0.018896799358389556,0.14098448319073542,-0.013995918150972833
2898,0.0,20000.0,0.011166113911784582,0.008233629064888545,0.29302032498133607,-0.005438894615623007,0.1865952357279156,-0.011428811090367884
2899,0.0,20000.0,0.0,0.008939299881268386,0.4719421468239004,0.0001962677469263039,0.272199309056711,-0.007941287439179627
2900,0.0,20000.0,0.04182715657562444,0.014273323468618348,0.20837558694750266,-0.014066810547201833,0.2530521924239485,-0.009778944371586287
2901,0.0,20000.0,3.867622823394803e-05,0.006662994190783629,0.13428045568892286,-0.0063500633702226455,0.2174206714034408,-0.008750280071177194
2902,0.0,20000.0,0.08657998273742847,0.0239546671993274,-0.04462309209568628,-0.0239546671993274,0.13880754235370266,-0.013311596209622256
2903,0.0,20000.0,0.07497057774930922,0.012815640209349341,0.14658270973128132,-0.012050097328503408,0.14114009256697624,-0.0129331465452866
2904,0.0,19999.83764203134,0.0,0.002599643991561282,0.34129805946686925,0.002074003825648734,0.20118748263694414,-0.008431001434006
2905,0.03131244424351953,20000.0,0.21985196887827876,0.017848442229116284,-0.18855304750325994,-0.017848442229116284,0.0842653235948829,-0.011256233672539084
2906,0.0,20000.0,0.0405314582877614,0.0016053014900138931,0.17572225094630523,0.0010922253052474675,0.11170240180030959,-0.007551695979203118
2907,0.0,20000.0,0.025288594048611213,0.010621393159421396,0.19686723115549926,-0.007509357591600447,0.13725185060686648,-0.007538994462922315
2908,0.06681569920008146,20000.0,0.24503468338769155,0.026377753324745987,-0.2351052083552614,-0.026377753324745987,0.025544732918228105,-0.013190622121469415
2909,0.0,20000.0,0.058850922393389585,0.010836896650108448,0.35911091978369636,-0.007684184848370006,0.1256145889778686,-0.011538690939539593
2910,0.0,19998.117299667752,0.0,0.0011856447988594196,0.6255150379722006,0.012251219448122515,0.2755847236761682,-0.004401717823240961
2911,0.0,20000.0,0.07372676732311981,0.02251468524695086,0.0804535149624459,-0.02251468524695086,0.2170453610620515,-0.00983560805035393
2912,0.0,20000.0,0.0,0.004680060783560137,0.6257905218922625,0.0013602749942319798,0.33966890931111476,-0.006476843136978157
2913,0.0,20000.0,0.03661334229108713,0.022540167935373775,0.05121795791846939,-0.022540167935373775,0.2531336238933211,-0.011295840576496841
2914,0.0,20000.0,0.13102936178887453,0.015208295742140571,-0.08256814010980623,-0.015208295742140571,0.15242309469238288,-0.01246957712618996
2915,0.0,20000.0,0.12147907373657857,0.03308948583980458,0.0049986860518007725,-0.03308948583980458,0.10819577210020824,-0.018655549740274346
2916,0.0,20000.0,0.09522777707792755,0.018041330100116774,0.0987298526650337,-0.017954491714709652,0.10535599626965587,-0.018445232332604936
2917,0.0,20000.0,0.062411387289740675,0.013188105419832598,-0.00709051519801777,-0.013053274521119878,0.07162204282935378,-0.016827644989159417
2918,0.0,20000.0,0.017703903200464045,0.011199592105638432,0.5639393576963838,-0.008676684226318596,0.21931723728946279,-0.01438235676030717
2919,0.0,20000.0,0.020241631691110044,0.023991383706045165,0.09741864750470781,-0.023991383706045165,0.18274766035403628,-0.01726506484402857
2920,0.0,20000.0,0.1518189872322236,0.02435689362391557,-0.07504442843108335,-0.02435689362391557,0.10541003371850038,-0.019392613477994668
2921,0.0,20000.0,0.07612103318939814,0.01945101901248366,-0.04737085809239258,-0.01945101901248366,0.05957576617523249,-0.019410135138341365
2922,0.0,20000.0,0.12554452791361087,0.0255985976453936,-0.08527115155477595,-0.0255985976453936,0.01612169085622996,-0.021266673890457034
2923,0.0,20000.0,0.12073815068758165,0.02223806996855705,0.06027715128103548,-0.022149019496387985,0.029368328983671615,-0.021531377572236318
2924,0.0,19999.832071092715,0.033760163593370765,0.005938146324981937,0.21114109238435258,-0.0017164825272948504,0.0839001580038759,-0.015586909058753876
2925,0.0,19999.872073384307,0.010663840272746257,0.003674809499574074,0.2454579989037726,0.0007032685253940702,0.1323675102738449,-0.010699855783509491
2926,0.0,20000.0,0.016934494341326434,0.012174924998343906,0.35210223629432064,-0.008981740589289158,0.19828792807998763,-0.01018442122524339
2927,0.0,20000.0,0.19282645139739268,0.023171618583437338,-0.0192463760067782,-0.023171618583437338,0.13302763685395788,-0.014080580432701575
2928,0.0,20000.0,0.17096532973248288,0.013762112413431534,-0.15663911602208327,-0.013762112413431534,0.046127610991145526,-0.01398504002692056
2929,0.0,20000.0,0.09046439880651404,0.016975972414011102,-0.05665972842258486,-0.016975972414011102,0.015291409167026412,-0.014882319743047722
2930,0.0,20000.0,0.022935665851217077,0.011483394632728284,0.12801666150754473,-0.00888486592575336,0.0491089848691819,-0.013083083597859414
2931,0.0,20000.0,0.11484083777884083,0.004985447259250516,0.19614041270315286,0.0009199575370476094,0.09321841321937319,-0.008882171257387305
2932,0.0,20000.0,0.004144377442971328,0.0037664691390779806,0.22830534065892585,-0.001001246059574861,0.13374449145123896,-0.006517893698043572
2933,0.0,20000.0,0.10404730827742788,0.023874928875146563,-0.02027191160911511,-0.023874928875146563,0.08753957053313274,-0.011725004251174467
2934,0.0,20000.0,0.0,0.008882022214123363,0.39247060082663415,-0.007904056154375306,0.17901887962118315,-0.010578719822134718
2935,0.0,20000.0,0.010684514720377946,0.007610422583143777,0.1780039462267879,-0.007579093659942993,0.17871439960286456,-0.0096788319734772
2936,0.0,20000.0,0.0,0.00594360954292578,0.4358369252544925,-0.0014699084340521406,0.25585115729835295,-0.007216154911649682
2937,0.0,20000.0,0.0,0.0035811852382744767,0.5924691948616465,0.0021790913814567037,0.35683656856734103,-0.004397581023717766
2938,0.0,20000.0,0.10686671516115359,0.020251087064593606,-0.05894225897043601,-0.020243169862315065,0.2321029203060079,-0.009151257675296955
2939,0.0,20000.0,0.029418881949508795,0.007036825936206134,0.18713122301975432,-0.006322476580993159,0.21861141112013183,-0.008302623347005815
2940,0.0,20000.0,0.1546486858108969,0.027646695836705846,-0.07382659554247253,-0.027646695836705846,0.1308800091213505,-0.014105845093915824
2941,0.0,19998.679374073377,0.005642095841721404,0.0006372134956766742,0.2819444860160419,0.007987626459373178,0.1761993521897579,-0.007477803627929122
2942,0.0,20000.0,0.07214703066410029,0.023379144960357454,0.32001870878697797,-0.022426722860464307,0.21934515916892391,-0.011962479397689678
2943,0.0,20000.0,0.06437979611294534,0.010702396707087032,0.06937753405402228,-0.008674278332999153,0.17435487163445343,-0.01097601907828252
2944,0.0,20000.0,0.000131791155246527,0.01325983409193839,0.296334554270442,-0.01325983409193839,0.21094877642524998,-0.011661163582379279
2945,0.0,20000.0,0.013254761753043057,0.015749049768926028,0.1911203497492085,-0.015296569512331031,0.20500024842243753,-0.012751785361364804
2946,1.534342862591683,20000.0,0.38400447132679383,0.03311789201834905,-0.3838077444576383,-0.03311789201834905,0.028357850558414777,-0.018861617358460078
2947,0.0,19999.915491004343,0.015044035632303256,0.004636124029695817,0.344419359429369,-0.0009933663857697827,0.12317630321970105,-0.01350114206665299
2948,0.0,20000.0,0.03797151205845891,0.01602756167470421,0.244320627590859,-0.015651204440916864,0.1595196005310484,-0.014146160778932153
2949,0.0,20000.0,0.14916062926847323,0.012841125167595975,-0.12487572353567757,-0.012669653830823803,0.0742010033110306,-0.013703208694499647
2950,0.0,20000.0,0.0,0.003355158223490929,0.426164369777175,-0.0005158558894566607,0.1797900132508739,-0.00974700285298675
2951,0.0,20000.0,0.025848383446227783,0.020852084224172885,0.15784338347906043,-0.020852084224172885,0.17320602431932985,-0.013078527264342589
2952,0.0,19999.456715355358,0.0,0.004308708131680691,0.6608384990389481,0.004125649483724797,0.3194957667352153,-0.007917274239922372
2953,0.0,20000.0,0.11433707788841112,0.028002701646589596,-0.08301738906422174,-0.028002701646589596,0.19874181999538418,-0.013942902461922538
2954,0.0,20000.0,0.05568640019490834,0.018531869714103363,0.041194080240010374,-0.01830805719253973,0.151477498068772,-0.015252448881107696
2955,0.0,20000.0,0.09348014663130504,0.015847978128133135,-0.06260227256961659,-0.015845776637662172,0.08725356687725543,-0.015430447208074037
2956,0.0,20000.0,0.06908737167063704,0.01779126458328399,-0.0009415168403751685,-0.017470993223984925,0.06079504176196624,-0.016042611012847305
2957,0.0,20000.0,0.17543185546998996,0.02596585626741168,-0.17506192411795846,-0.02596585626741168,-0.009962048002011163,-0.019019584589216616
2958,0.0,20000.0,0.004505191446086298,0.010548711144237492,0.12656472821078005,-0.009667727905157367,0.030995984861826198,-0.01621402758399884
2959,0.0,20000.0,0.23960046133582316,0.018937896770878048,-0.1402785628028921,-0.018937896770878048,-0.020386379437589298,-0.017031188340062602
2960,1.3320407710716937,20000.0,0.3748907738890936,0.030512569284925975,-0.3743256814104093,-0.030512569284925975,-0.1265681700294353,-0.021075602623521615
2961,0.0,20000.0,0.11914076489009243,0.025560626472192993,-0.09297465867108319,-0.025560626472192993,-0.11649011662192967,-0.022421109778123026
2962,0.8100197123592434,20000.0,0.21413513040011123,0.025974624494674407,-0.21344371727925643,-0.025974624494674407,-0.1455761968191277,-0.02348716419308844
2963,0.12315620768540919,20000.0,0.1791528805523744,0.019567440704469342,-0.08009119835822084,-0.019567440704469342,-0.12593069728085565,-0.02231124714650271
2964,0.0,20000.0,0.06639392712131399,0.014700760088279667,0.04493826408207382,-0.014700760088279667,-0.0746700088719768,-0.020028101029035794
2965,0.0,19999.33298783079,4.7076160978487106e-05,0.003598448895281034,0.25755109221627864,0.0017243251692668088,0.02499632145449983,-0.013502373169545012
2966,0.0,20000.0,0.14640438726493815,0.015623406466724322,0.22024299940064784,-0.014867897232785823,0.08357032483834423,-0.013912030388517254
2967,0.23908828404452842,20000.0,0.06245606735908493,0.008599055711704367,0.01530353642594857,-0.007048923388534715,0.06309028831462553,-0.011853098288522492
2968,0.0,20000.0,0.03742740887652285,0.011864284873158455,0.05344568841811974,-0.011757966806398977,0.06019690834567379,-0.011824558843885438
2969,0.5849367155344898,20000.0,0.10791371132569728,0.018192710205483676,-0.04879042369875851,-0.018192710205483676,0.0275007087323441,-0.013735004252364909
2970,0.0,20000.0,0.0013040290419116614,0.005375037277237665,0.4639096779904558,-0.0025190632631403704,0.1584233995097776,-0.010370221955597546
2971,0.0,19999.642628327543,0.0007326033907754408,0.005506254400421775,0.31856335067676517,0.004296490886594399,0.20646538485987387,-0.005970208102939962
2972,0.0,20000.0,0.05131422807253507,0.014787107169173183,0.09114964132587446,-0.014787107169173183,0.17187066179967403,-0.008615277822809929
2973,1.6603682342844626,20000.0,0.15956864278826738,0.03203760074108319,-0.15899025090682453,-0.03203760074108319,0.07261238798772446,-0.015641974698291906
2974,0.0,20000.0,0.005339254664272364,0.007500637722440718,0.25329818313984337,-0.005643132738888147,0.12681812653336014,-0.012642322110470778
2975,0.0,20000.0,0.0026581986904755752,0.004852185439580775,0.185196248901037,-0.0023792338261547606,0.1443315632436632,-0.009563395625175972
2976,0.0,20000.0,0.01182397501454822,0.023404209469599955,0.2178813081120569,-0.023404209469599955,0.16639648670418128,-0.013715639778503166
2977,0.8015199816079068,20000.0,0.12548204532875587,0.0064323029565173705,-0.11203318184109244,-0.0038006144354187066,0.08286758614059916,-0.010741132175577829
2978,0.0,20000.0,0.06922419349920257,0.020204708535091057,0.21099305016219796,-0.020204708535091057,0.1213052253470788,-0.013580205083431798
2979,0.0,20000.0,0.0,0.009536143608231244,0.6154222809441369,-0.005227649780597173,0.2695403420261962,-0.01107443849258141
2980,0.0,20000.0,0.0,0.002480597064055854,0.46728812405262404,0.0016220878607299024,0.32886467663412455,-0.007265480586588016
2981,0.3804403610680187,20000.0,0.15568131450193273,0.0203736181379737,-0.10365453566948633,-0.0203736181379737,0.19910891294304128,-0.01119792185200372
2982,0.0,19999.655837189475,0.006193725543207808,0.005454012431432143,0.3572777253759623,0.003855241699688384,0.24655955667291757,-0.006681972786496089
2983,0.0,20000.0,0.057330462905003814,0.015459583053953814,0.11933735721273504,-0.014608041881322063,0.2083928968348628,-0.009059793514943881
2984,0.0,20000.0,0.0060113667391649625,0.011687981726681345,0.15742252685231384,-0.011300867178839076,0.1931017858400981,-0.00973211561411244
2985,0.0,20000.0,0.12307888062086246,0.0205742140038125,-0.05125364547110186,-0.0205742140038125,0.1197951564467381,-0.012984745131022456
2986,0.0,20000.0,0.2464697952624232,0.009084511440917988,-0.035129213829351746,-0.0072964450839053925,0.07331784536391114,-0.011278255116887338
2987,0.0,20000.0,0.03309206915116669,0.012449123788103625,0.2133397626569581,-0.012440882541360117,0.11532442055182522,-0.011627043344229171
2988,0.0,20000.0,0.12234628765976198,0.025984185050110624,0.034215565040896886,-0.025380061333396195,0.09099176389854671,-0.015752948740979277
2989,0.0,20000.0,0.09718440378788876,0.006370178129245325,0.21063338805550433,-0.005200231897671959,0.126884251145634,-0.01258713368798708
2990,0.0,20000.0,0.0,0.013420994900992092,0.4399669133899725,-0.011882218364776487,0.22080904981893557,-0.012375659091023901
2991,0.0,20000.0,0.14959206368068292,0.019813706044882227,-0.09395557391223516,-0.019813706044882227,0.12637966269958434,-0.0146070731771814
2992,0.0,19999.913165358073,0.0011951457764115068,0.005500768513194686,0.36674894974050976,0.0009104623962785937,0.19849044881186195,-0.0099518125051434
2993,0.0,20000.0,0.0017106027131116779,0.006869820883005441,0.26986186102502246,-0.005865858443480053,0.2199018724758101,-0.008726026286644395
2994,0.0,20000.0,0.05483478148435677,0.01113283285634075,0.23390478875335924,-0.007640055379993472,0.22410274735907482,-0.008400235014649118
2995,0.0,20000.0,0.07829881491588583,0.02353295270930106,-0.057425875113609116,-0.02353295270930106,0.13964416061726964,-0.0129400503230447
2996,0.0,19999.87809801367,0.003356962661832716,0.006175789794989542,0.31502850799163995,0.001846180022599484,0.19225946482958073,-0.008504181219351445
2997,0.0,20000.0,0.10961310911215845,0.020676326720823486,-0.023878742614067153,-0.020676326720823486,0.12741800259648636,-0.012155824869793056
2998,0.0,20000.0,0.013021458072416673,0.01745233641744,0.26486001737001025,-0.01745233641744,0.1686506070285435,-0.013744778334087139
2999,0.0,20000.0,0.0,0.009659513856465497,0.5376392958913249,-0.00497234470863866,0.2793472136873779,-0.011113048246452595
3000,0.0,20000.0,0.002422332801878851,0.005809857605690619,0.2536655440140362,-0.0022705069578698263,0.2716427127853754,-0.008460285859877764
3001,1.639744755389191,20000.0,0.3297292143408373,0.04320883030933386,-0.32112691099908186,-0.04320883030933386,0.09381182565003819,-0.018884849194714594
3002,0.0,20000.0,0.0,0.004762589917495458,0.25045184224684847,-0.0028364608629095544,0.14080383062908128,-0.014070332695173082
3003,0.0,20000.0,0.04893961369374297,0.010082860322606966,0.1528492635437118,-0.005797739824835125,0.14441746050347043,-0.011588554834071695
3004,0.0,20000.0,0.0,0.00736258322395599,0.4063565777466591,-0.005608206364677901,0.222999195676427,-0.009794450293253557
3005,0.0,20000.0,0.019338209162354517,0.01282904264923974,0.06200154836344827,-0.01282904264923974,0.1746999014825334,-0.010704828000049411
3006,0.0,20000.0,0.0297009005672669,0.0074133118787345935,0.3138680225013273,-9.309714740078572e-05,0.21645033778817155,-0.0075213087442548236
3007,0.0,20000.0,0.06054288653005283,0.01990803577335542,0.12291173322055374,-0.019860319094499715,0.1883887564178862,-0.01122301184932829
3008,0.0,19999.113340033327,0.0010926634751675845,0.0026567568350604554,0.5049603294705303,0.006857963679454253,0.2833602283336794,-0.005798719190693526
3009,0.0,20000.0,0.144645277529016,0.022768248793092343,-0.10325532992665837,-0.022768248793092343,0.16737556085557806,-0.010889578071413171
3010,0.0,20000.0,0.10101822239402038,0.020536917799350254,-0.03649433172386807,-0.020512511945680423,0.10621459308174422,-0.013776458233693346
3011,0.0,20000.0,0.1775161224957552,0.02591951784775186,-0.16942028050392535,-0.02591951784775186,0.023524131006043336,-0.0174193761179109
3012,0.0,19999.363926648377,0.0030691947026178696,0.005541300420998996,0.4216284146780675,0.0027118761431723618,0.14295541610765056,-0.011380000439585921
3013,0.0,20000.0,0.028426174993380637,0.024517404164012126,0.05869479706607959,-0.024517404164012126,0.11767723039517926,-0.015321221556913782
3014,0.0,20000.0,0.015753655949542446,0.010385394644558146,0.29136670464774933,-0.006085910019606479,0.16978407267095025,-0.01255062809572159
3015,0.0,20000.0,0.11439223740674345,0.02082574237258039,-0.10797492000588715,-0.02082574237258039,0.08645637486789902,-0.01503316237877923
3016,0.0,20000.0,0.08383117599263673,0.024990023300877323,0.01763110801191186,-0.0249714114740426,0.06580879481110287,-0.01801463710735824
3017,0.0,19997.657997633418,0.0,0.0014744773032974788,0.6576689338837362,0.011924699119852266,0.24336683653289284,-0.00903283623919509
3018,0.0,20000.0,0.00121512217354797,0.004764187559421598,0.2912140783749334,0.0009433212259005825,0.257721009085505,-0.0060399889996663875
3019,0.43929767084209415,20000.0,0.1968271117554953,0.026563645687368655,-0.19393132547156905,-0.026563645687368655,0.12222530871838277,-0.012197086005977069
3020,0.0,20000.0,0.012332499878864532,0.008352255532784326,0.37012332209648335,-0.002514833028940779,0.19659471273181295,-0.009292410112866183
3021,0.0,20000.0,0.0,0.004532702480021245,0.3622151443082713,-0.001043011981725729,0.24628084220475044,-0.0068175906735240465
3022,0.0,19999.356130910597,0.0032293882375164897,0.0032671183869292563,0.3228455537849624,0.00746709043944317,0.269250255678814,-0.002532186339633881
3023,0.0,20000.0,0.0,0.004648603502763544,0.6975690731881696,0.0002579093679982571,0.39774590093162066,-0.0016951576273442394
3024,0.0,20000.0,0.0,0.0015623228940193994,0.41041813020803825,0.004444623227241292,0.4015475697145459,0.00014677662903142
3025,0.0,20000.0,0.09127810060732046,0.015706634980614285,0.12421876799193783,-0.015455873220064135,0.3183489291977635,-0.004534018325697247
3026,0.0,20000.0,0.019692592247593656,0.019799422116581752,0.07199971468563957,-0.019799422116581752,0.2444441648441263,-0.009113639462962599
3027,0.0,20000.0,0.01760451267835199,0.006370460526276972,0.33217407519601083,-0.0024156162006753897,0.27076313794969165,-0.007104232484276436
3028,0.0,20000.0,0.171648218259306,0.019560231507797454,0.12601455027977135,-0.019560231507797454,0.22733856164871555,-0.010841032191332742
3029,0.0,20000.0,0.09084244194454842,0.00874641149777581,0.1593451768975182,-0.001344366476538284,0.20694054622335634,-0.007992032476894404
3030,0.0,20000.0,0.03188049416922178,0.00948389055583387,0.19229545758155492,-0.007833559407562,0.2025470196308159,-0.007944490556094683
3031,0.0,20000.0,0.004419391257461183,0.016620788618186024,0.24819550941760551,-0.01628665734209339,0.21624156656685278,-0.010447140591894295
3032,0.0,20000.0,0.13406942958730642,0.020061685817233197,-0.036052719020928686,-0.020005031312154944,0.14055328089051833,-0.013314507807972489
3033,0.0,20000.0,0.036396339203788465,0.016977415755866126,0.16057270580299007,-0.016779760262622526,0.14655910836425984,-0.014354083544367499
3034,0.0,20000.0,0.014481359978990483,0.016058638037367578,0.30512742943813387,-0.015274503890377353,0.19412960468642204,-0.014630209648170456
3035,0.0,20000.0,0.03290519753034355,0.010496403379798206,0.19668549708429547,-0.007514897069277135,0.19489637240578406,-0.01249561587450246
3036,0.0,20000.0,0.0949580936051838,0.009098834093300433,0.017698803504746452,-0.007203081670164276,0.14173710173547274,-0.010907855613201005
3037,0.0,20000.0,0.053721434936858596,0.0071795954945756075,0.011649591497363481,-0.006565702002112144,0.10271084866403996,-0.009605209529874346
3038,0.0,20000.0,0.13808556717531964,0.02299736642633442,-0.016924052676428776,-0.02273905098792857,0.06682037826189932,-0.013545361967290613
3039,0.0,20000.0,0.0029080885996949787,0.008633753705911795,0.2903873881705203,-0.008313029508604916,0.1338904812344856,-0.011975662229684905
3040,0.0,20000.0,0.18391127051703246,0.022990578311181408,-0.11846471966096504,-0.022961684980118177,0.05818392096585041,-0.015271469054814885
3041,0.0,20000.0,0.09098939993023616,0.01034303786725847,0.13418215614184534,-0.00830471100585473,0.08098339151864889,-0.013181441640126837
3042,0.0,20000.0,0.07436000661819679,0.014702231047514225,0.19332002074920515,-0.012456855127931979,0.11468438028781577,-0.012964065686468379
3043,0.0,19999.639994547324,0.0,0.0024258325047202996,0.4600807578791179,0.0023428778461494627,0.2183032935652064,-0.008371982626683027
3044,0.0,20000.0,0.012770559797381802,0.008252380132755897,0.2963979112269064,-0.0062788751688346274,0.24173167886371638,-0.007744050389328506
3045,0.0,20000.0,0.033884260287380306,0.01608415638571721,0.34857162801206776,-0.01608310460111216,0.2737836636082218,-0.010245766652863603
3046,0.0,20000.0,0.0015595302950013623,0.009439842557080243,0.26666929792810806,-0.006841215846943313,0.27164935390418765,-0.009224401411087515
3047,1.9730726150562639,20000.0,0.3975444031284016,0.023900320247120577,-0.3975444031284016,-0.023900320247120577,0.07089122679441086,-0.013627177061897432
3048,0.0,20000.0,0.062368733944383324,0.02500184507281723,0.06367555787032131,-0.02500184507281723,0.068726526117184,-0.017039577465173372
3049,0.0,20000.0,0.02826924259189281,0.006728778859094841,0.10477347411696276,-0.005281163982310288,0.07954061051711762,-0.013512053420314446
3050,0.0,20000.0,0.0758662685812996,0.011875752657524474,0.0927639993839508,-0.011830809897184503,0.08350762717716757,-0.013007680363375462
3051,0.0,20000.0,0.006789081879438589,0.01213787642813421,0.09258936821942051,-0.012051859977558293,0.08623214948984345,-0.01272093424763031
3052,2.4077559099048567,20000.0,0.48152992989295595,0.029088515776105932,-0.48152992989295595,-0.029088515776105932,-0.08409647432499637,-0.017631208706172997
3053,0.0,20000.0,0.1767715315012924,0.021363420381077733,-0.005637514436556138,-0.021363420381077733,-0.060558786358464296,-0.018750872208644416
3054,0.0,20000.0,0.041323299274903906,0.022130674729633832,0.03288668040898444,-0.022130674729633832,-0.03252514632822968,-0.01976481296494124
3055,0.0,19998.337201796272,0.0,0.0030405186119296162,0.5713269914263418,0.006558061006004869,0.14863049499814177,-0.011867950773657408
3056,0.0,20000.0,0.016434336964658087,0.009467699668096748,0.0876012508841361,-0.008248401416124212,0.13032172176394005,-0.010782085966397448
3057,0.0,20000.0,0.024148354991081866,0.003459402846155736,0.4437904015234377,0.001096162886890756,0.22436232569178932,-0.007218611310410987
3058,0.0,20000.0,0.0034381951889940958,0.004344121935203371,0.49007941567420327,0.0015876137389611257,0.3040774526865135,-0.004576743795599352
3059,0.0,20000.0,0.04618999805224137,0.008127795877715473,0.47103807991919855,-0.003825368866586276,0.35416564085631896,-0.004351331316895429
3060,0.0,20000.0,0.02217853022326635,0.009778684450867004,0.06680942581576399,-0.009778684450867004,0.26795877634415244,-0.005979537257086901
3061,0.0,20000.0,0.0037835519111649456,0.01064522489294982,0.36117127536908583,-0.005290119063004177,0.29592252605163244,-0.005772711798862084
3062,0.0,20000.0,0.010190751089410208,0.0076072055610526546,0.31067746141371616,-0.007493702962138864,0.30034900666025754,-0.006289009147845118
3063,0.0,20000.0,0.0,0.004407933145179814,0.3728985110483763,-0.003448685797897382,0.3221138579766932,-0.0054369121428607965
3064,0.0,20000.0,0.03181098520313489,0.006719698194761414,0.35229567486706903,-0.0022659090594929383,0.3311684030438059,-0.004485611217850439
3065,0.0,20000.0,0.03019286979337525,0.004127908665105695,0.3193764458390359,0.0037008397801882946,0.32763081588237486,-0.0020296759184388184
3066,0.3483711597672614,20000.0,0.21287510135376117,0.025830342324249324,-0.09370780998837903,-0.025830342324249324,0.20122922812114866,-0.00916987584018197
3067,0.0,20000.0,0.035661165667809025,0.008866979580102763,0.1606136044293727,-0.008721804297143844,0.18904454101361584,-0.009035454377270533
3068,0.0,20000.0,0.0035946205649291883,0.013829436656092396,0.2559260603415449,-0.013791265076417225,0.20910899681199452,-0.01046219758701454
3069,0.0,20000.0,0.0874907535848458,0.01785726189599305,0.0402220462964358,-0.017847035060101154,0.15844291165732688,-0.012677648828940524
3070,0.0,20000.0,0.040481925688519674,0.01184477546917718,0.07188157023119206,-0.011837622141365628,0.13247450922948642,-0.012425640822668055
3071,0.0,19998.414957160338,0.0,0.0028909103393336168,0.44184141500719165,0.009387941046651522,0.22528458096279796,-0.005881566261872182
3072,0.0,20000.0,0.006069094942752162,0.021546494008485132,0.24679572790424292,-0.021546494008485132,0.23173792504523144,-0.010581044585856066
3073,0.0,20000.0,0.009930925133113862,0.015226740230343278,0.1440907736892704,-0.015226740230343278,0.20544377963844312,-0.011974753279202228
3074,0.0,20000.0,0.00029323435648991416,0.0054325603136170285,0.41485168663371214,-0.003534908191595834,0.26826615173702384,-0.00944279975292031
3075,0.0,20000.0,0.01897279536141795,0.005537164248798379,0.31031823488386806,-0.005257107013008606,0.2808817766810771,-0.008187091930946798
3076,0.0,20000.0,0.05029557440097873,0.011886496903101678,0.051340537311634085,-0.011587215538834301,0.21201940487024418,-0.009207129013313048
3077,0.0,20000.0,0.12469310482624285,0.012031993907621273,0.07719605479010833,-0.009636762467504154,0.1715723998462034,-0.00933601904957038
3078,0.0,19999.943559553398,0.0,0.004280983987931485,0.5548999740341424,0.0022688707621386665,0.2865706721025851,-0.005854552106057665
3079,0.0,20000.0,0.0031470180370360683,0.013796449055173025,0.16008643847446474,-0.013745991376363677,0.24862540201414896,-0.008221983887149467
3080,0.0,20000.0,0.00028899644884331285,0.006184814606123024,0.19726312893860262,-0.003828459296251253,0.23321672009148503,-0.006903926509880002
3081,0.0,20000.0,0.054891285899839784,0.013744800057362993,0.06599210575631817,-0.013472816995900009,0.18304933579093496,-0.008874593655686004
3082,0.0,20000.0,0.06289808949840289,0.024220321415193792,0.09611211260071115,-0.0241874016715605,0.1569681688338678,-0.013468436060448351
3083,0.0,20000.0,0.11794368437069518,0.014055231000309485,-0.11790475479328377,-0.013905852894148793,0.07450629174572232,-0.013599661110558482
3084,0.0,19998.443652523903,0.0,0.003890376265806406,0.7006280623114578,0.008706735565564075,0.262342822915443,-0.006907742107721713
3085,0.0,20000.0,0.005765519543549904,0.012578432149024056,0.09515110304384389,-0.012192106621387875,0.21218530695396323,-0.008493051461821562
3086,0.0,20000.0,0.09900854598070762,0.018919179016894855,-0.07169987377442588,-0.018919179016894855,0.1270197527354465,-0.01162088972834355
3087,0.0,20000.0,0.021354687544668283,0.0031729887349937974,0.14007048524679958,-0.0011421775827477536,0.1309349724888524,-0.00847727608466481
3088,0.0,20000.0,0.08296918622982734,0.01631804387769999,-0.0469485094219162,-0.01631804387769999,0.07756992791562183,-0.010829506422575363
3089,0.0,20000.0,0.04089150453735333,0.016515620369176566,0.15196464046908675,-0.016515620369176566,0.0998883416816613,-0.012535340606555723
3090,0.0,20000.0,0.015175133226858617,0.0053191350886387925,0.2682874370151653,-0.0015208702203650952,0.1504080702817125,-0.009230999490698534
3091,0.0,20000.0,0.025243525466756435,0.012715476443510532,0.41839823979442553,-0.011527636799814832,0.2308051211355264,-0.009919990683433423
3092,0.0,19998.623358842997,0.006678924408976508,0.0028450217077105222,0.39541252295337115,0.009343776204878381,0.2801873416808798,-0.004140860616939881
3093,0.0,20000.0,0.0,0.011929249300985167,0.27266048266980897,-0.011925796934212203,0.27792928397755856,-0.006476341512121577
3094,0.0,20000.0,0.1685247293565099,0.027477936262954084,-0.06353429113496169,-0.027477936262954084,0.17549021144380247,-0.012776819937371328
3095,0.0,19999.12198661898,0.0,0.002571233946981344,0.34708449426817617,0.005303920003215015,0.22696849629111457,-0.007352597955195425
3096,1.0236701590003694,20000.0,0.25879118674891294,0.03849082355758984,-0.25863888614404407,-0.03849082355758984,0.08128628156056698,-0.01669406563591375
3097,0.0,19998.1788383555,0.0,0.0013675647920305062,0.45390510065623313,0.00880263448985554,0.1930719272892668,-0.009045055598182963
3098,0.0,20000.0,0.0,0.0031957419306291542,0.3409954862142325,-8.266929351130237e-06,0.23744899496675648,-0.006334018997533413
3099,0.0,20000.0,0.13412747660984697,0.016284546712281047,-0.06101566188287693,-0.015257909697416111,0.14790959791186645,-0.009011186207498221
3100,0.0,20000.0,0.06738592315954109,0.016856665203088265,0.00867531986589819,-0.016856665203088265,0.10613931449807597,-0.011364829906175234
3101,0.0,20000.0,0.0,0.004753605246162656,0.5024090405193936,0.0007566507340834866,0.22502023230447127,-0.007728385714097616
3102,0.0,20000.0,0.0,0.007243016905740363,0.35119872916140343,-0.0063022038844025375,0.2628737813615509,-0.007300531165189092
3103,0.0,19999.96539888534,0.0068347057875535995,0.002302400606194836,0.26059431876795097,0.003052202422185908,0.2621899425834709,-0.004194711088976592
3104,0.0,20000.0,0.0838220491113071,0.0075881866185427815,0.1205724172048511,-0.002993698356938428,0.21970468496988496,-0.003834407269365143
3105,0.0,20000.0,0.0008448013784076746,0.01183789400507725,0.30835584960707263,-0.011727563900666631,0.24630003436104125,-0.006202354258755588
3106,0.0,20000.0,0.0,0.007318979184538369,0.4916735566235333,-0.005272338523054723,0.31991209103978885,-0.005923349538045328
3107,0.0,20000.0,0.0,0.008643511883634264,0.7019757810088719,-0.003569993278958927,0.43453119803051377,-0.0052173426603194075
3108,0.0,20000.0,0.00795418139062934,0.0061053425925878075,0.26360917484074936,-0.003347055540396253,0.3832545910735844,-0.004656256524342461
3109,0.0,20000.0,0.0,0.007476705264428584,0.297542359172386,-0.006558160698076637,0.35754092150322486,-0.005226827776462713
3110,0.0,20000.0,0.0016789762830520377,0.010797586238484687,0.3865796662893515,-0.00405759143907627,0.36625254493906284,-0.00487605687524678
3111,0.0,20000.0,0.0,0.013003770610123701,0.3786597489796434,-0.01288069133653039,0.369974706151237,-0.0072774472136318625
3112,0.0,20000.0,0.09423062470010299,0.033707729420176316,0.016997787612694264,-0.033707729420176316,0.26408163058967415,-0.0152065318755952
3113,0.0,20000.0,0.06693650924119841,0.01497362875939558,0.02761619521463249,-0.013944467638197724,0.19314199997716164,-0.014827912604375956
3114,0.0,19999.501138602605,0.0,0.0036342348175509823,0.5695096602364061,0.0022859233532967777,0.30605229805493495,-0.009693761817074136
3115,0.0,20000.0,0.0896123333140362,0.012903117385192259,0.10841560154418105,-0.012579084781877277,0.24676128910170875,-0.010559358706515079
3116,0.0,20000.0,0.03020152758490444,0.013315300207369495,0.32431485837345114,-0.012390067647942857,0.27002735988323145,-0.011108571388943412
3117,0.0,20000.0,0.019461865603593434,0.01727792706376804,0.1103855561782821,-0.01709960799645489,0.22213481877174665,-0.012905882371196855
3118,0.0,19998.2012600735,0.003350439545477897,0.003334837598842669,0.49842252352813127,0.010361706396402047,0.30502113019866206,-0.005925605740917184
3119,0.0,20000.0,0.07736687505250153,0.011944164563579376,0.09647533420001096,-0.011621122787253187,0.24245739139906672,-0.007634260854817985
3120,0.0,20000.0,0.07045775986317789,0.013167680553991713,-0.01652793077377256,-0.010440825465692234,0.16476179474721492,-0.008476230238080258
3121,0.0,20000.0,0.015612326181495434,0.01230336976123168,0.4080720414425747,-0.011438054126325764,0.23775486875582283,-0.009364777404553909
3122,0.0,20000.0,0.032984222161104776,0.011790390417015054,0.2042225161952248,-0.008615552924180904,0.22769516298764342,-0.009140010060442008
3123,0.0,20000.0,0.053897004118575696,0.019299530240906283,0.04006948084214133,-0.019267732376667155,0.1714074583439928,-0.01217832675530955
3124,0.0,19998.68718079992,0.0,0.0016776180594429478,0.6153623858026392,0.00798550485669201,0.30459393658158673,-0.006129177271709082
3125,0.0,20000.0,0.08369546358046377,0.02206683389361928,-0.044349986134106116,-0.02206683389361928,0.19991075976687886,-0.01091047425828214
3126,0.0,20000.0,0.0518391985780017,0.020512825634794448,-0.011772384567590425,-0.020512825634794448,0.13640581646653807,-0.013791179671235831
3127,0.0,20000.0,0.0336706702658059,0.006180403142764138,0.20511310138451203,-0.0009830260219113038,0.15701800194193025,-0.009948733576438473
3128,0.0,20000.0,0.15930748978205012,0.008813417542955048,-0.1088446852597784,-0.008576066160838558,0.07725919578141764,-0.009536933351758498
3129,0.0,20000.0,0.0,0.009615000575016049,0.47066545598122667,-0.007075913071275333,0.19528107384136034,-0.00879862726761355
3130,0.0,20000.0,0.008287037551463865,0.011673867689871177,0.22262982121519317,-0.009607099916019298,0.2034856980535102,-0.009041169062135273
3131,0.0,20000.0,0.07130072194950512,0.0027969502546462003,0.16489544855620814,-0.0015357833243319215,0.19190862320431956,-0.006789553340794266
3132,0.0,20000.0,0.0032602148122077247,0.009879833376969394,0.09422320626301742,-0.009879833376969394,0.1626029981219289,-0.007716637351646805
3133,0.0,20000.0,0.09052535847533531,0.02885635504974683,-0.053405394159912224,-0.02885635504974683,0.09780048043737656,-0.014058552661076812
3134,0.0,19998.6133817569,0.0,0.0014099386839970967,0.6163185085016882,0.0075598435820012555,0.25335588885667004,-0.0075730337881533905
3135,0.0,19998.97966242826,0.0,0.001911817842729177,0.38509052473575284,0.008407403795744737,0.29287627962039486,-0.0027789025129839524
3136,0.0,20000.0,0.007204964992547806,0.010912572419356795,0.22462466541982806,-0.010860921822713773,0.2724007953602248,-0.005203508305902898
3137,0.0,20000.0,0.12544837684536655,0.01511135713665825,-0.018828987470071116,-0.015063783297316478,0.18503186051113604,-0.00816159080332697
3138,0.0,20000.0,0.0331886250018042,0.0019274482667367618,0.26633222557816905,0.0011145990348164054,0.2094219700312459,-0.005378733851883958
3139,0.39435311010275775,20000.0,0.2382472310997733,0.02216456566500335,-0.2382472310997733,-0.02216456566500335,0.07512120969194012,-0.010414483395819775
3140,0.0,20000.0,0.026532451779116825,0.006758770645941841,0.4585670137236689,-0.00421059084455086,0.19015495090145873,-0.008553315630439099
3141,0.0,20000.0,0.041137112623430415,0.01184050655456434,0.23146250047267178,-0.009797881531123879,0.20254721577282264,-0.008926685400644532
3142,0.0,20000.0,0.13440425970035488,0.017666735703411266,-0.1296202331070824,-0.017666735703411266,0.10289698110885111,-0.01154870049147455
3143,0.0,20000.0,0.035375517053672006,0.008313410741317048,0.23965052185756783,-0.002590328785912396,0.14392304333346612,-0.008861188979805904
3144,0.0,20000.0,0.0427137193981037,0.012503231382225057,0.29141615943649446,-0.006742413304509975,0.1881709781643746,-0.008225556277217124
3145,0.0,20000.0,0.08875838313615013,0.00686717656676077,0.057997941658828996,-0.00026069645638162773,0.1491190672127109,-0.005836098330966475
3146,0.0,20000.0,0.001463403338265077,0.007869035892312753,0.5257968602889543,-0.0007379609498262155,0.26212240513558394,-0.004306657116624397
3147,0.0,20000.0,0.07736133261924953,0.011435178246476328,0.06817117912004692,-0.010840014560778367,0.20393703733092283,-0.006266664349870587
3148,0.0,20000.0,0.0,0.0028042170799403407,0.40368690927861894,-0.002027616992139443,0.26386199891523165,-0.004994950142551244
3149,0.0,20000.0,0.043077379377456794,0.017770727739672403,0.006615282392416926,-0.017770727739672403,0.18668798395838723,-0.00882768342168759
3150,0.0,20000.0,0.1126522728483704,0.005852144361192268,0.13606526616521813,-0.002532537688180602,0.1715011686204365,-0.006939139701635494
3151,0.0,20000.0,0.000207570435253095,0.0012785592868347069,0.2805571653369622,0.0022590662420516714,0.20421796763539418,-0.004179677918529344
3152,0.0,20000.0,0.05637662901765229,0.007828542540144624,-0.026189964234867306,-0.0071616328898741624,0.13509558807431574,-0.005074264409932789
3153,0.0,20000.0,0.0,0.006019952028999762,0.2555314078090872,-0.005206459456793194,0.17122633399474715,-0.005113922923990911
3154,0.0,20000.0,0.011335982635877475,0.007621228918538877,0.3317296296784987,-0.0015308740098396386,0.2193773226998726,-0.004039008249745528
3155,0.0,20000.0,0.0711367897528863,0.01183353195430907,0.041727974343307675,-0.011789433441676026,0.16608251819290312,-0.0063641358073246775
3156,0.0,19996.46467226847,0.0,0.0010736277061676109,0.6374920577695143,0.017874853638793747,0.30750538006588646,0.0009075610265108502
3157,0.0,20000.0,0.06830124394334137,0.01533598430601951,0.00027140832348848063,-0.01533598430601951,0.21533518854316705,-0.003965502573248258
3158,0.0,20000.0,0.028600742072986487,0.018439752355647925,0.2603842699025484,-0.01817101322820944,0.22884991295098145,-0.008227155769736613
3159,0.0,20000.0,0.06839395063152613,0.020974182638199508,0.09532621710173614,-0.020974182638199508,0.18879280419620784,-0.01205126383027548
3160,0.0,20000.0,0.004644623318376565,0.013272837550957536,0.20796804456095314,-0.013235379334561462,0.1945453763056314,-0.012406498481561275
3161,0.0,20000.0,0.0,0.010368674420771423,0.4506211996144824,-0.009718182235233649,0.2713681232982867,-0.011600003607662987
3162,0.0,20000.0,0.04515235067053593,0.02181686419564761,0.08333263482419058,-0.02181235748123375,0.21495747675605784,-0.014663709769734214
3163,0.0,20000.0,0.0798269031319362,0.015321931259746496,0.07165063425603298,-0.014850752844645662,0.17196542400605036,-0.01471982269220765
3164,0.0,20000.0,0.006231580069045804,0.010683730134465493,0.20221076316029518,-0.009423642415979382,0.18103902575232378,-0.01313096860933917
3165,0.0,20000.0,0.022568222456346616,0.011283964210794832,0.4131751385476646,-0.008604623859753541,0.25067985959092604,-0.01177306518446348
3166,0.0,20000.0,0.015804825296697328,0.01464381142705067,0.20463339160573302,-0.013703904791779383,0.23686591919536812,-0.01235231706665825
3167,0.0,19999.53374322747,0.06363107357484034,0.006493601093137711,0.07314406842528044,-0.0018369544708927803,0.1877493639643418,-0.009197708287928609
3168,0.0,20000.0,0.023410257151153736,0.01908335387066062,0.23900504758473765,-0.018532705141834426,0.20312606905046054,-0.011998207344100353
3169,0.0,20000.0,0.059186964350652634,0.021604125686612675,0.07625994380745195,-0.021604125686612675,0.16506623147755795,-0.014879982846854049
3170,0.0,19999.501726720722,0.0,0.0061925220123980685,0.33233336041666317,-0.0027824920023848537,0.2152463701592895,-0.01125073559351329
3171,0.0,20000.0,0.03551773236146957,0.012107870954911545,0.28603831435498733,-0.011190941127968352,0.23648395341799883,-0.011232797253849808
3172,0.0,19998.349484476665,0.008867776556341052,0.007355525757763208,0.3613626720223045,0.005239825172596117,0.2739475689992905,-0.006291010525916031
3173,0.0,20000.0,0.04895052716250764,0.014459522823415715,0.2519520173246836,-0.01444346149992731,0.26734890349690843,-0.008736745818119413
3174,0.0,19999.89074558119,0.03149334875815212,0.005681159409230166,0.3134621157284172,-0.002213380325544229,0.28118286716636104,-0.006779736170346858
3175,0.0,19999.36982288459,0.0,0.001986536991999447,0.8093720722368348,0.010468521518874882,0.43963962868750317,-0.0016052588635803357
3176,0.0,20000.0,0.025685932476121033,0.016028604166711383,0.05007390406489935,-0.01602790849233466,0.322769911300722,-0.005932053752206633
3177,0.20391373406178204,20000.0,0.17992121657369403,0.0265124370568174,-0.16671043764211996,-0.0265124370568174,0.1759258066178694,-0.012106168743589862
3178,0.0,20000.0,0.0006600539901128375,0.007325742778444877,0.3838996272117521,-0.004294006711911694,0.23831795279603418,-0.009762520134086412
3179,0.0,20000.0,0.010004548675552791,0.010225935003819811,0.37124096920963034,-0.008072574624766465,0.278194857720113,-0.009255536481290428
3180,0.0,19999.70554398675,0.0,0.0019336497921885877,0.2585898365504163,0.007503048590911848,0.272313351369204,-0.004227960959629745
3181,0.0,20000.0,0.07845443554461477,0.019873879932167975,0.10104639360805989,-0.019873879932167975,0.22093326404086072,-0.008921736651391213
3182,0.0,20000.0,0.09411716615625788,0.01520624648951244,0.06524297068331647,-0.0134710222939206,0.17422617603359744,-0.010286522344150029
3183,0.0,20000.0,0.0,0.008232203081150396,0.3732715120489004,-0.006082838109338027,0.2339397768381883,-0.009025417073706427
3184,0.0,20000.0,0.08652655176486904,0.01857378264248768,0.1362660581235188,-0.017360493986832943,0.20463766122378746,-0.011525940147644381
3185,0.0,20000.0,0.1569745075919147,0.027160664109824633,0.07786863814362154,-0.027160664109824633,0.16660695429973768,-0.016216357336298455
3186,0.0,20000.0,0.05974579977530654,0.009924270562460666,0.04106000313395915,-0.008028591680084466,0.12894286895000412,-0.013760027639434257
3187,0.3965460998669301,20000.0,0.2780604300297252,0.015613351313534468,-0.2780604300297252,-0.01451796562925319,0.006841879256085329,-0.013987409036379937
3188,0.0,20000.0,0.029885546631025914,0.015688175078207103,0.0263721351386802,-0.015688175078207103,0.01270095602086379,-0.014497638848928084
3189,0.0,20000.0,0.07470860446913095,0.020557692362256474,-0.023527405614869976,-0.020557692362256474,0.00183244753014366,-0.0163156549029266
3190,0.0,20000.0,0.044067512764411204,0.010573142230476616,0.010026557798662638,-0.010573142230476616,0.004290680610699353,-0.014592901101191604
3191,0.0,20000.0,0.09982149600825731,0.016839399838430403,0.05209682847703786,-0.016425435334539506,0.018632524970600903,-0.015142661371195975
3192,0.0,20000.0,0.012955533489346895,0.00738683303237667,0.3941092541927659,-0.002174842201100938,0.1312755437372504,-0.011252315620167463
3193,0.0,20000.0,0.0072024343513857865,0.007525733443328663,0.45666154856873875,-0.0015656315672750976,0.2288913451866969,-0.008346310404299753
3194,0.0,20000.0,0.011538748905428203,0.008338994869358157,0.1788543162389533,-0.005490520983095845,0.2138802365023738,-0.00748957357793858
3195,0.0,20000.0,0.03980477912710329,0.012367987808326103,0.11071956215095571,-0.011765285336098635,0.18293203419694837,-0.008772287105386595
3196,0.0,20000.0,0.0,0.003920386820166403,0.40675438970149497,0.0046520546504806,0.25007874084831233,-0.0047449845786264365
3197,0.0,20000.0,0.10324684001963541,0.014769352887098729,-0.030942782817209108,-0.013978928228347518,0.16577228374865588,-0.007515167673542761
3198,0.0,20000.0,0.0,0.01229830439653409,0.5629179229237194,-0.010638107238335647,0.2849159755011749,-0.008452049542980625
3199,0.0,20000.0,0.024349859567941026,0.008666882010366526,0.11070132375178741,-0.007644021671920188,0.23265157997635866,-0.008209641181662494
3200,0.0,20000.0,0.06031885298665775,0.013289882369531493,0.11644853480500778,-0.013192689941230384,0.19779066642495338,-0.009704555809532861
3201,0.0,20000.0,0.05617334242959296,0.009636561377454125,0.2176951347393159,-0.007063034394630279,0.20376200691926213,-0.008912099385062086
3202,0.0,20000.0,4.9785657578673796e-05,0.0053713975584809585,0.37324360300194453,-0.0006099810118722018,0.25460648574406686,-0.006421463873105121
3203,0.0,20000.0,0.0003418153753818664,0.01617709431151955,0.18789475636467973,-0.014941607516792892,0.2345929669302507,-0.008977506966211453
3204,0.0,20000.0,0.18345966981176068,0.014042449141822394,-0.00455212758089286,-0.013521581703158723,0.16284943857690762,-0.010340729387295633
3205,0.0,20000.0,0.05533374916004267,0.010134469522365703,-1.1581518016855178e-05,-0.009899067862999713,0.11399113254843027,-0.010208230930006855
3206,0.0,20000.0,0.044692213715667,0.011318458023058446,0.2528017499703411,-0.01025634502151724,0.15563431777500353,-0.010222665157459971
3207,0.0,20000.0,0.03678829245422545,0.0065374110585748844,0.36914640832242357,-0.0003034368099789993,0.21968794493922955,-0.007246896653215679
3208,0.0,20000.0,0.00012610641564061713,0.0015556790997743918,0.3006528466482646,0.0026046551540287737,0.24397741545194002,-0.004291431111042342
3209,0.0,20000.0,0.07978877323373994,0.013380446786692613,-0.000814176113840452,-0.013380446786692613,0.17053993798220587,-0.007018135813737423
3210,0.0,20000.0,0.0,0.0021462053812701704,0.37843917027288126,0.005131666852833762,0.2329097076694085,-0.003373195013766067
3211,0.0,20000.0,0.004145762715678925,0.006263130508106466,0.34305378549949683,0.0007292601751929243,0.265952931018435,-0.00214245845707837
3212,0.0,20000.0,0.09212476410336135,0.014685684394968373,0.03917728447045242,-0.012774280316127661,0.19792023705404022,-0.005332005014793157
3213,0.0,20000.0,0.16551476314783278,0.023813907791553575,0.05731859603797569,-0.023805252677107456,0.15573974474922087,-0.010873979313487447
3214,0.0,20000.0,0.008179232892472434,0.0037674582294990777,0.4068463148050067,0.0030343870194799835,0.23107171576595661,-0.006701469413597217
3215,0.21965100566800144,20000.0,0.2907394384776782,0.035025734061878,-0.25960803752244155,-0.035025734061878,0.08386778977943717,-0.01519874880808145
3216,0.0,20000.0,0.07171167544674241,0.012397918287967881,0.019063349117103303,-0.011874585423874444,0.064426457580737,-0.014201499792819348
3217,0.0,20000.0,0.06451131743506502,0.0291839381537565,0.0939172030045848,-0.0291839381537565,0.07327368120789134,-0.018696231301100492
3218,0.0,20000.0,0.2474740673912429,0.021993146794598337,-0.1345570841270172,-0.021650463684706717,0.010924451607418777,-0.019582501016182356
3219,0.0,20000.0,0.0029682414421363813,0.02027979433745297,0.22203387897152532,-0.02027979433745297,0.07425727981665074,-0.019791689012563538
3220,0.0,20000.0,0.0435564432719695,0.020554073611645563,0.05921599908294084,-0.02029203974366256,0.06974489559653776,-0.019941794231893243
3221,0.0,20000.0,0.11079732249357353,0.008786525180885425,-0.014129841155645749,-0.007302384934121776,0.044582474570882706,-0.016149971442561802
3222,0.0,20000.0,0.0024704465943502195,0.02148883688242042,0.1352810221372848,-0.02148883688242042,0.07179203884080333,-0.017751631074519388
3223,0.0,20000.0,0.15795413691167778,0.018124984600406704,-0.09896832778594016,-0.018123260825370798,0.020563928852780286,-0.01786311999977481
3224,0.0,20000.0,0.0029300056765131344,0.01519311698752071,0.21961340491969858,-0.01519311698752071,0.08027877167285577,-0.017062119096098578
3225,0.0,20000.0,0.0023427140350021753,0.007185871061646828,0.4187228392528943,-0.0006443302212922354,0.1818119919468673,-0.012136782433656674
3226,0.0,20000.0,0.007269621632194599,0.011914222723773153,0.3093900657041113,-0.009886304595949422,0.22008541407404053,-0.011461639082344497
3227,0.0,20000.0,0.03636601487426858,0.008525404915687517,0.055419362659078826,-0.008059400390537019,0.17068559864955202,-0.010440967474802252
3228,0.0,20000.0,0.07298787188149815,0.01447298757999398,0.03344767757965218,-0.012141818015364342,0.12951422232858206,-0.010951222636970879
3229,0.0,20000.0,0.0502305218969319,0.012873122352476321,0.053096246456131826,-0.012873122352476321,0.10658882956684698,-0.01152779255162251
3230,0.0,20000.0,0.0,0.006349089748868117,0.5660781625567401,-0.0009835240706148728,0.24443562946381492,-0.008364512007320218
3231,0.0,20000.0,0.07148724676849036,0.018406037782214554,0.2793317684411525,-0.018406037782214554,0.2549044711570162,-0.01137696973978852
3232,0.0,20000.0,0.04798266000502017,0.005537348079344234,0.21829993779528908,-0.0014595279989539675,0.24392311114849805,-0.008401737217538154
3233,0.0,19999.71302524346,0.0,0.0012873720994645986,0.5263631989084836,0.007840952393065176,0.32865513747649366,-0.0035289303343571544
3234,0.0,20000.0,0.05449464661750381,0.021485433287508793,0.0957618347235801,-0.021485433287508793,0.2587871466506196,-0.008915881220302645
3235,0.0,20000.0,0.12432620408658146,0.01474674459362576,-0.023039567856279256,-0.013332618270128504,0.1742391322985499,-0.010240902335250402
3236,0.0,20000.0,0.0075741964916512606,0.01693942840712205,0.24080567646119586,-0.01693942840712205,0.19420909554734367,-0.012250460156811896
3237,0.0,20000.0,0.004646733520744385,0.010883953112566642,0.21523301094885178,-0.008131962055124183,0.20051627016779608,-0.011014910726305581
3238,0.0,20000.0,0.15113845206745818,0.016713234343760777,-0.060548869571716256,-0.014544839621687636,0.12219672824594237,-0.012073889394920196
3239,0.0,20000.0,0.18957589661577987,0.02653823905761077,-0.16016764516922466,-0.02653823905761077,0.03748741622139226,-0.016413194293727368
3240,0.0,20000.0,0.15544554124034066,0.02085855389472712,-0.06940408863969215,-0.02083926633906967,0.005419964763066939,-0.017741015907330057
3241,0.0,20000.0,0.03988740051032207,0.012277776829087938,0.09417924517993959,-0.01218852523808784,0.03204774888812873,-0.016075268706557393
3242,0.0,20000.0,0.15551437421124478,0.017332159558350553,-0.13076490973320568,-0.017332159558350553,-0.016796048698271587,-0.01645233596209534
3243,0.0,20000.0,0.006958838399292668,0.013569839375339414,0.2694796482995517,-0.008743753676726893,0.06908666040107539,-0.014139761276484804
3244,0.0,20000.0,0.048877074462480845,0.023374285987900475,0.035945823927894055,-0.023374285987900475,0.059144409459120986,-0.016910118689909506
3245,0.0,20000.0,0.02028428031060493,0.005013638014521532,0.17366633428313633,-0.0018165050188924134,0.09350098690632558,-0.012382034588604377
3246,0.0,20000.0,0.0,0.00566683971722933,0.5252886165567817,0.0026588744006014373,0.22303727580146243,-0.007869761891842632
3247,0.0,20000.0,0.0016789762830520377,0.0053938135693692504,0.48993094019261774,-0.002332589246622518,0.303105375118809,-0.006208610098276597
3248,0.0,20000.0,0.022547236835150402,0.023942906082650407,0.10185806307192236,-0.023942906082650407,0.242731181504743,-0.011528898893588739
3249,0.0,20000.0,0.23389343551885552,0.016326532135143953,-0.08314034170301256,-0.016326532135143953,0.14496972454241633,-0.012968188866055302
3250,0.0,20000.0,0.05326133869122422,0.015264343072150957,0.057200764219306345,-0.014987735101987924,0.11863903644548332,-0.013574052736835089
3251,0.0,20000.0,0.017616464539054962,0.02048433135222716,0.1635135020537615,-0.02048433135222716,0.13210137612796677,-0.01564713632145271
3252,0.26177835830661333,20000.0,0.3019461610766466,0.02843354537976477,-0.3002719639856257,-0.02843354537976477,0.0023893740938890073,-0.01948305903894633
3253,0.0,20000.0,0.06628099013389026,0.023330107168983216,0.05869618158534191,-0.023330107168983216,0.019281416341324877,-0.020637173477957394
3254,0.0,20000.0,0.023235122490851273,0.015364981918926659,0.06980904646846359,-0.015364981918926659,0.03443970537946649,-0.019055516010248172
3255,0.0,20000.0,0.01699873489838046,0.016779873454863134,0.3071358277640305,-0.016779873454863134,0.11624854209483568,-0.01837282324363266
3256,0.0,20000.0,0.06642678672644134,0.013991429226528141,0.03626862206562065,-0.012026783453224364,0.09225456608607116,-0.01646901130651017
3257,0.0,20000.0,0.0,0.008325698716763152,0.2997786287023898,-0.008201070342256195,0.15451178487096676,-0.013988629017233977
3258,0.0,20000.0,0.03592198037882083,0.011783131940359912,0.12797400750540572,-0.011783131940359912,0.14655045166129843,-0.013326979894171757
3259,0.0,20000.0,0.06540243153772347,0.02741994081092656,-0.017896968537288817,-0.02741994081092656,0.09721622560172224,-0.0175548681691982
3260,0.0,20000.0,0.03908671485143635,0.011077415019046443,0.39266354897230893,-0.007953410372693067,0.18585042261289825,-0.014674430830246658
3261,0.0,20000.0,0.2314754893350082,0.030077757067162293,-0.06054289330562884,-0.030077757067162293,0.11193242783734011,-0.019295428701321348
3262,0.0,20000.0,0.16142696995262523,0.02376152237650968,0.08255423447778122,-0.023749032403153625,0.10311896982947244,-0.020631509811871028
3263,0.0,20000.0,0.026198161529547712,0.01858588945005208,0.3934221804127502,-0.01858588945005208,0.19020993300445574,-0.020017823703325343
3264,0.0,20000.0,0.09574479580334418,0.023722690101581092,-0.022075045900489792,-0.023673331659407194,0.12652443933297206,-0.021114476090149895
3265,0.0,20000.0,0.03389077508306905,0.010978444254993612,0.21954706243712843,-0.007944166885998553,0.15443122626421896,-0.01716338332890449
3266,0.0,20000.0,0.12402931719018255,0.01633966853720403,-0.05425148829404254,-0.016337701606717072,0.0918264118967405,-0.016915678812248265
3267,0.0,20000.0,0.0,0.01406444586809867,0.24886385515097081,-0.01406444586809867,0.13893764487300958,-0.016060308929003387
3268,0.0,19999.643588926505,0.0,0.0027841468707594523,0.2812758471048947,0.004822900059957445,0.18163910554257512,-0.009795346232315136
3269,0.0,20000.0,0.14001107714338407,0.019085764430957077,0.026747336955626776,-0.019012719540406384,0.1351715749664906,-0.012560558224742509
3270,0.0,20000.0,0.28722536442803526,0.026480356277731397,-0.253451556889546,-0.026480356277731397,0.018584635409679612,-0.016736497640639177
3271,0.0,20000.0,0.07726282846260021,0.01685119312227558,0.07046875746412094,-0.0168475068439399,0.03414987202601201,-0.01676980040162939
3272,0.0,20000.0,0.17127212010594442,0.02285458682208725,-0.07710822160525739,-0.022854352910524536,0.0007724439366311904,-0.018595166154297932
3273,0.0,20000.0,0.24096231991522368,0.016651895496279052,-0.23066269132043218,-0.016484040769637432,-0.06865809664048783,-0.01796182853889978
3274,0.0,20000.0,0.09332578198936442,0.029145380466221033,0.05934051659482395,-0.029145146554658316,-0.030258512669894294,-0.02131682394362734
3275,0.0,20000.0,0.03688015061025718,0.013314155528165943,0.10336130168171831,-0.012294187497974196,0.009827431635589488,-0.018610033009931398
3276,0.0,20000.0,0.005515735115298068,0.008584851405540486,0.4882050837373644,-0.006445745852084825,0.15334072726612194,-0.014960746862577425
3277,0.0,20000.0,0.021637571266249458,0.008704917129685488,0.15956278115159572,0.0004193741537575302,0.15520734343176407,-0.010346710557676938
3278,0.0,20000.0,0.07798364266264475,0.012196551396727592,-0.034695668118584336,-0.011065944590502069,0.09823643996665954,-0.010562480767524477
3279,0.0,20000.0,0.21479500979664098,0.015819045526780602,-0.08709075047060214,-0.015197616596994833,0.04263828283548103,-0.011953021516365583
3280,0.0,20000.0,0.041418696099299525,0.018495235688015598,0.03793066149627909,-0.018495235688015598,0.04122599643372045,-0.013915685767860588
3281,0.0,20000.0,0.007904375152045647,0.009550599113880162,0.19847756599332672,-0.006745100014678681,0.08840146730160232,-0.011764510041906016
3282,0.0,20000.0,0.012347428472351468,0.013417597010050523,0.2773774868710122,-0.013417597010050523,0.1450942731724253,-0.012260436132349367
3283,0.0,20000.0,0.06378049268613656,0.02195020916547498,0.17053683165995487,-0.021878255437377574,0.15272704071868415,-0.015145781923857828
3284,0.0,20000.0,0.17413961740774464,0.012288260037171532,0.045727129873058776,-0.011833604310713917,0.12062706746499653,-0.014152128639914654
3285,0.0,20000.0,0.018288714328520937,0.010753083457160017,0.3321384303455854,-0.009196597277574893,0.18408047632917318,-0.012665469231212726
3286,0.0,20000.0,5.791934855442405e-05,0.014237495109259151,0.4579820281151508,-0.014237495109259151,0.26625094186496645,-0.013137076994626653
3287,0.0,20000.0,0.0009347600656736401,0.006245854422042152,0.3177005515204868,-0.0035861529912281547,0.2816858247616225,-0.010271799793607102
3288,0.0,20000.0,0.2023855488786021,0.0172314888274866,-0.005187728224638845,-0.017230654518457685,0.1956237588657441,-0.012359456211062277
3289,0.15616004582742393,20000.0,0.21720991358137073,0.01648722916531594,-0.20535075398760258,-0.01648722916531594,0.0753314050097401,-0.013597788097338376
3290,0.0,20000.0,0.12501020138352303,0.014441524614505218,0.2543000578931736,-0.014441524614505218,0.12902200087477017,-0.013850909052488428
3291,0.0,20000.0,0.11794936902026275,0.01630471390229065,-0.07735247717775204,-0.015934968754455547,0.06710965745901351,-0.014476126963078564
3292,0.0,20000.0,0.058102944284259744,0.010928236567923287,0.18079979338373187,-0.005060105049835034,0.10121669823642901,-0.011651320389105504
3293,0.0,20000.0,0.08326943528194865,0.017092960973270233,0.08257340909710657,-0.017092960973270233,0.09562371149463227,-0.013283812564354923
3294,0.0,20000.0,0.020137121602362553,0.010977805751591756,0.1086513642303363,-0.009774586523154993,0.09953200731534348,-0.012231044751994942
3295,0.0,20000.0,0.03593662241841116,0.006072022494927426,0.24574182927944163,-0.004583593145545667,0.1433949539045729,-0.009936809270060158
3296,0.0,20000.0,0.03986468927112827,0.0053510136728251055,0.4059327467563737,-0.0007042615111148209,0.22215629176011314,-0.007167044942376556
3297,0.0,20000.0,0.1469021743924379,0.02030641285637659,0.0211321428820055,-0.02030641285637659,0.16184904709668083,-0.011108855316576566
3298,0.0,20000.0,0.00034888671569005813,0.014051189919893419,0.2003270228973406,-0.014051189919893419,0.17339243983687874,-0.011991555697571621
3299,0.20946659801923895,20000.0,0.2481455684652455,0.0358737849936145,-0.2211542904661888,-0.0358737849936145,0.05502842074595847,-0.019156224486384484
3300,0.0,20000.0,0.11027565918262494,0.01590953220633264,0.062125516736097376,-0.015867741747094603,0.05715754954300013,-0.018169679664597517
3301,0.0,20000.0,0.0033181823463908295,0.006695716250913251,0.14988012410161944,-0.005715116689030897,0.08497432191058592,-0.01443331077192753
3302,0.0,20000.0,0.009660288403477876,0.014961567014696874,0.35247241090309794,-0.014961567014696874,0.16522374860833952,-0.014591787644758332
3303,0.0,20000.0,0.05493457605369322,0.009447406310332676,0.06848240319137801,-0.005589744018834262,0.13620134498325104,-0.01189117455698111
3304,0.0,20000.0,0.054328410570617984,0.016697273113070447,0.23886825805568185,-0.016697273113070447,0.16700141890498027,-0.01333300412380791
3305,0.0,20000.0,0.10056332984776638,0.019888568579245865,-0.09768011138184718,-0.019888568579245865,0.08759695981893204,-0.015299673460439298
3306,0.0,20000.0,0.0013010630827726118,0.021236861076851687,0.4026225693397766,-0.021236861076851687,0.1821046426751854,-0.017080829745363013
3307,0.2250133067858906,20000.0,0.25508910449841765,0.01387953102186369,-0.24842407247354986,-0.01387953102186369,0.0529460281305648,-0.016120440128313214
3308,0.0,20000.0,0.12950506387205488,0.019702504760240845,-0.06859329120002335,-0.019702504760240845,0.016484232331388356,-0.017195059517891503
3309,0.0,20000.0,0.10365136672666843,0.02073284946719462,0.10208688081207207,-0.01927297812382705,0.04216502687559347,-0.017818435099672167
3310,0.0,20000.0,0.00029006801164315165,0.011316366598157561,0.2938397255617439,-0.011305247668961864,0.1176674364814386,-0.015864478870459074
3311,0.0,20000.0,0.1410864046475377,0.007745982285978754,-0.12459504893547219,-0.003928256891724637,0.04498869085636535,-0.012283612276838742
3312,0.0,20000.0,0.04584189011698244,0.015154793069345866,0.052322156425313224,-0.014806927992159739,0.04718873052704971,-0.013040606991435041
3313,0.0,20000.0,0.2153801089207037,0.01592031509710577,-0.21306265438134028,-0.01577065810796886,-0.030886684945467292,-0.013859622326395185
3314,0.0,20000.0,0.21259503273316036,0.011688348440251092,0.056998192595643905,-0.011686827253418219,-0.004521221683133934,-0.013207783804502096
3315,0.0,20000.0,0.028471031923898087,0.009154628982999412,0.21352431783171297,-0.006695184101713413,0.06089244017132014,-0.011254003893665489
3316,0.0,20000.0,0.1834219663115941,0.03960868108721546,-0.1647831086836287,-0.03960868108721546,-0.006810224485164509,-0.019760407051730478
3317,0.0,20000.0,0.06532220483674984,0.010301910723897313,0.20232481444698946,-0.010301910723897313,0.05593028719448168,-0.01692285815338053
3318,0.18950271630044035,20000.0,0.2610588823358508,0.018698500345282355,-0.2561589365058257,-0.018698500345282355,-0.03769647991561054,-0.017455550810951077
3319,0.0,20000.0,0.10239890822738056,0.037591324943881683,-0.07672034573251489,-0.037591324943881683,-0.04940363966068184,-0.023496283050830256
3320,0.0,20000.0,0.0319067677359015,0.013798012721594945,0.2659454912682008,-0.008839474736050729,0.045201099617982944,-0.019099240556396394
3321,0.0,20000.0,0.10939516382569674,0.020760716636474986,-0.09431195548562517,-0.02076048272491227,0.003347183086900511,-0.019597613206951157
3322,0.0,20000.0,0.04892704191845654,0.021930092419719084,0.2849153739518297,-0.021930092419719084,0.08781764034637926,-0.020297356970781534
3323,0.0,20000.0,0.041033902244801954,0.0064315614176188125,0.2089118653995313,-0.005729336918083537,0.12414590786232488,-0.01592695095497213
3324,0.0,20000.0,0.10720239137607894,0.018982763014417623,-0.0220171826322935,-0.018982763014417623,0.08029698071393936,-0.016843694572805778
3325,0.0,20000.0,0.004180907279988164,0.00879048001013937,0.45979157834622647,-0.005932705891043867,0.19414536000362548,-0.013570397968277205
3326,0.0,20000.0,0.05994774288916724,0.027446232926955257,0.11985321465022367,-0.027446232926955257,0.17185771639760491,-0.017733148455880622
3327,0.0,20000.0,0.06273482959268896,0.019291598521069268,0.2417936061145394,-0.01929054417342837,0.19283848331268527,-0.018200367171144947
3328,0.0,20000.0,0.03694561329080743,0.01414437377277063,0.04668464573613022,-0.013998867503999682,0.14899233203971873,-0.016939917271001366
3329,0.0,20000.0,0.13763628258344238,0.011534460141598552,0.2106591210113581,-0.011534460141598552,0.16749236873121054,-0.01531828013218052
3330,0.0,20000.0,0.054747079307396446,0.021551821285918447,0.03259706952903433,-0.02155134329272507,0.12702377897055767,-0.017188199080343886
3331,0.0,20000.0,0.047544908537742424,0.010688650484940821,0.2586974262156697,-0.00829785070075179,0.16652587314409129,-0.014521094566466256
3332,0.0,20000.0,0.0,0.014853217514442782,0.28832587048903857,-0.014851259827844156,0.20306587234757545,-0.014620144144879626
3333,0.0,19999.085391903704,0.0,0.0009185532791757196,0.3824167760244768,0.008564067868458774,0.2568711434506458,-0.007664880540878105
3334,0.0,20000.0,0.15126292885646522,0.024627350571480213,-0.01842173405419328,-0.024627350571480213,0.17428328019919406,-0.012753621550058738
3335,0.0,20000.0,0.03778073096371055,0.010594734326172868,0.2680625410768,-0.010212746526029774,0.20241705846247582,-0.011991359042850046
3336,0.0,20000.0,0.0,0.006391742286033195,0.26326785959267146,-0.0031870966426313352,0.2206722988015345,-0.009350080322784431
3337,0.0,20000.0,2.6339327750745448e-05,0.009587635915312344,0.2864711704586763,-0.009295220319623758,0.240411960298677,-0.00933362232183623
3338,0.0,20000.0,0.10673544370382013,0.03230285286053749,0.023903585735142747,-0.03230024269191422,0.1754594479296167,-0.016223608432859624
3339,0.0,20000.0,0.00019636630940804976,0.011185138867901913,0.5224211028665037,-0.011098256079473323,0.2795479444106828,-0.014686002726843731
3340,0.0,20000.0,0.0682354418380823,0.016862243532229097,0.029036190492772687,-0.01372034317097965,0.20439441823530977,-0.014396304860084506
3341,0.0,20000.0,0.0,0.00961011236509516,0.4503888576344056,-0.0080197560868988,0.2781927500550385,-0.012483340228128793
3342,0.0,20000.0,0.0782657774909434,0.013478198725427678,0.051317257584656585,-0.011923263970823375,0.21013010231392393,-0.012315317350937166
3343,0.0,20000.0,0.013842788026137729,0.0032003827618789253,0.11439169453688416,-8.783743124223294e-05,0.181408579980812,-0.008647073375028685
