episode,lam_util,lam_tp,mean_util_gap,mean_tp_gap,mean_util_slack,mean_tp_slack,util_slack_ema,tp_slack_ema
1,0.0,0.9004030945459348,0.0001384616828508067,0.009019118632661395,0.4701129744478514,-0.001459173113637364,0.1410338923343554,-0.0004377519340912092
2,0.0,0.0,0.03527408947829175,0.005186231727307897,0.2779928593189528,0.0072720363762367925,0.18212158242973459,0.001875184559007191
3,1.1197949147217565,10.575316341590177,0.08529355162928433,0.023125946362418808,-0.002736583191132283,-0.023125372571007136,0.12666413274347452,-0.005624982579997107
4,0.17832196625367147,14.432509273974526,0.11120277402803155,0.012867520914716936,0.02397042251435177,-0.009754761583933343,0.09585601967473768,-0.006863916281177978
5,0.0,26.94742339343868,0.017475000706995886,0.01992738438300425,0.07791696832659964,-0.01992738438300425,0.09047430427029626,-0.010782956711725859
6,0.0,35.82008933125089,0.045228638685216226,0.011213742842468608,0.13542543237374877,-0.010885518047893143,0.10395964270133201,-0.010813725112576044
7,0.0,51.03325619831802,0.02254416853341889,0.020256613426945107,0.12894890028779785,-0.020011279185318077,0.11145641997727176,-0.013572991334398654
8,0.0,51.90646962943054,0.0,0.001044082115077798,0.4390987955864459,0.010010643649715566,0.20974913266002398,-0.006497900839164388
9,2.323674189272989,69.17678254755789,0.22544811199271683,0.02179580305715541,-0.22203813190800364,-0.021570540071134896,0.0802129532896157,-0.01101969260875554
10,0.0,81.71218402997988,0.09179133109697762,0.01888761918888477,0.053262540485438756,-0.01888761918888477,0.0721278294483626,-0.013380070582794308
11,0.0,88.14198422514482,0.0,0.008094118675221505,0.4266272943872689,-0.0013590676648568294,0.17847766893003447,-0.009773769707413064
12,0.0,95.95307034700524,0.002796454727301496,0.009072859361624944,0.39770488169521545,-0.0019282821589895998,0.24424583275958875,-0.0074201234428860246
13,0.0,101.87072893596734,0.04639676832004746,0.004288492451630902,0.0831849250666075,-0.0018382734716621608,0.19592756045169438,-0.005745568451518865
14,0.0,111.96606084350233,0.1738908545508252,0.01343807931627957,0.06070237535801884,-0.013063247535545042,0.1553600049235917,-0.007940872176726718
15,0.0,104.39206997942283,0.0,0.0014238071515823097,0.6107892602341539,0.02209498444452809,0.29198878151676033,0.0010698848096497241
16,0.0,103.52398439865377,0.0,0.004004476348158986,0.6072095516435159,0.010035674943623797,0.38655501255478697,0.003759621849841946
17,0.6149512821123246,106.79202318319085,0.03890869400313378,0.009689484920990497,0.04640035995196499,-0.008079528388247475,0.28450861677394035,0.00020787677841511976
18,0.0,104.61919246221412,0.0014321246601455946,0.007843400437535893,0.23982294704614554,0.0006017963760155397,0.27110291585560187,0.0003260526576952457
19,0.0,113.80783270254739,0.028615058299680134,0.019965903895456483,0.2519189923095984,-0.019373124338947344,0.2653477387918008,-0.005583700441297531
20,0.0,122.12199507194579,0.004112243602790302,0.017428155602958503,0.38888944967236544,-0.017428155602958503,0.30241025205597016,-0.009137036989795823
21,0.0,132.13514469110834,0.00026730066581259277,0.014663663872328895,0.18486499568964157,-0.014663663872328895,0.2671466751460716,-0.010795025054555745
22,0.0,140.95849064643002,0.0014461014564010506,0.01100580054280893,0.3490827778394634,-0.008414431165276386,0.29172750595408914,-0.010080846887771937
23,0.0,155.50989453447545,0.1548201970263576,0.018662639851129616,0.0975213974968798,-0.018650571714608533,0.23346567341692634,-0.012651764335822914
24,0.0,164.44669472518123,0.002158662719234555,0.011799922171421095,0.3926493020437929,-0.007590294708548674,0.28122076200498625,-0.011133323447640642
25,0.0,173.4670610412928,0.0016112094158072972,0.008044563449493874,0.23660930746818426,-0.005149620165098497,0.26783732564394563,-0.009338212462877998
26,0.0,188.9064796986614,0.0032831964012673296,0.020179151425605675,0.10011560661841214,-0.020179151425605675,0.2175208099362856,-0.012590494151696302
27,0.0,195.56487772311462,5.791934855442405e-05,0.004953891113838382,0.3087163762708645,-0.003619753979125619,0.24487947983665925,-0.009899272099925097
28,0.0,207.23778252631448,0.0,0.0125903089706964,0.38342608778292153,-0.010790983927819178,0.28644346222053796,-0.01016678564829332
29,1.3873987579628753,226.95507204305656,0.1686924448933872,0.030342328653778478,-0.16741357670397575,-0.030342328653778478,0.15028635054318384,-0.016219448549938866
30,0.0,231.5120732012276,0.0,0.0035576408292919345,0.728899411671296,0.0017724596603633236,0.3238702688816175,-0.010821876086848209
31,0.0,246.47025754734088,0.0010762056125974543,0.01403458152434812,0.10322544664502517,-0.013816713644597642,0.2576768222106398,-0.011720327354173037
32,0.0,263.4295185780851,0.21860022184080286,0.023570659250492967,0.027411766994556705,-0.023570659250492967,0.18859730564581487,-0.015275426923069015
33,0.0,279.21836029238625,0.002214998209815877,0.020048843580481115,0.11896881254319383,-0.020048269789069442,0.16770875771502852,-0.016707279782869143
34,0.0,294.2973458797476,0.08450763409997514,0.015457294917735972,0.023292344496127177,-0.01480651360451953,0.1243838337493581,-0.01613704992936426
35,0.0,303.8633488919992,0.002651002244579247,0.0045163689558912765,0.1492441476027204,-0.0018533794213118984,0.13184192790536678,-0.01185194877694855
36,0.0,312.4101023989231,0.00012809561823393342,0.005953843009477122,0.4602588100829961,-0.0005024782639640946,0.23036699255865556,-0.008447107623053212
37,0.0,319.0885208251021,0.0,0.0072248288235477656,0.5654385861668844,-0.001215628927590957,0.33088847064112414,-0.006277664014414535
38,0.6286672412267116,327.78053553684936,0.11680385722664782,0.01077321154285409,-0.06335673776858579,-0.00904772420819248,0.21261490811821113,-0.007108682072547919
39,1.221648013906643,343.8089708918914,0.24117325068742484,0.026557145221633015,-0.22670836581929488,-0.026557145221633015,0.08081792593695933,-0.012943221017273448
40,0.0,352.7060478082331,0.04278641658256768,0.013238909635772431,0.15313739382799185,-0.010591398874421388,0.10251376630426909,-0.012237674374417829
41,0.0,357.284326775343,0.0,0.0027806093116180294,0.32954142734646497,0.004454343810448399,0.17062206461692786,-0.00723006891895796
42,0.0,367.24832376521016,0.1320422470531714,0.008851183414009802,-0.03587272445454768,-0.007709496717248197,0.1086736278954852,-0.00737389725844503
43,0.9315514987130813,379.467500257485,0.2725676126008704,0.017618050182556157,-0.24251443768620898,-0.017618050182556157,0.003317208220976947,-0.010447143135678367
44,0.0,387.0793674927548,0.02361524172455177,0.007751126052252851,0.2233631442587244,-0.007741616131945169,0.06933098903230119,-0.009635485034558407
45,0.0,399.6893206263484,0.1304872491184842,0.015827908843035747,-0.09492898199660134,-0.014986816385548331,0.02005299772363043,-0.011240884439855384
46,0.0,404.30923579215977,0.0,0.001741685165982793,0.346610853464236,0.0008805105005517977,0.11802035444581209,-0.007604465957733229
47,0.8010345486999004,426.88205345104,0.26097585191845435,0.03500059608291225,-0.23121879271635565,-0.03500059608291225,0.013248610297161761,-0.015823304995286933
48,0.0,430.850571716223,0.0,0.004585279445654298,0.5461155358021762,0.0003128766949778468,0.1731086879486661,-0.010982450488207498
49,0.0,438.6215722821385,0.0,0.0037016936834585283,0.3139256981038263,0.0007506269614419444,0.21535379099521415,-0.007462527253312664
50,0.0,450.322975944823,0.06601136819180446,0.012626933069821827,0.20875102105690077,-0.012626933069821827,0.2133729600137201,-0.009011848998265412
51,0.0,461.47334882668287,0.006660433177638149,0.015211684953422571,0.21646366492774027,-0.015080983906746288,0.21430017148792616,-0.010832589470809676
52,0.0,471.2172561626561,0.04131186991143589,0.010487516405495877,-0.004490619263898355,-0.010461106348800774,0.14866293426237878,-0.010721144534207005
53,0.0,482.182667377894,0.03294129740652248,0.011821658724503966,0.3379581710789586,-0.011113944977393661,0.20545150530735273,-0.010838984667163001
54,0.0,491.5944787759112,0.0,0.00876538479989269,0.2507625647549313,-0.007988457161605147,0.21904482314162632,-0.009983826415495644
55,0.0,508.78362200531694,0.04638630146865943,0.024104113265654783,-0.011548831585663971,-0.024104113265654783,0.14986672672343923,-0.014219912470543385
56,0.0,515.6109204003608,0.0,0.008065866083193624,0.3376655925828419,-0.003231222787260679,0.20620638648126002,-0.010923305565558573
57,0.0,518.7473487811739,0.0,0.0033589632194571542,0.4758670748198748,0.008733320762020486,0.2871045929828444,-0.005026317667284856
58,0.0,530.3128280439784,0.1262530009777314,0.012694075839082669,0.007872997451173435,-0.012506875263915862,0.2033351143233431,-0.007270484946274157
59,0.3870984059725564,549.3559172126834,0.19404255736585083,0.034134417991952284,-0.19404255736585083,-0.034134417991952284,0.08412181281658493,-0.015329664859977594
60,0.0,559.7097020198786,0.07617049506395732,0.014616078490988121,0.12417891100321413,-0.013358227160122228,0.09613894227257368,-0.014738233550020984
61,0.0,577.5128222977082,0.11351990808941231,0.020507339951751028,-0.06345203450596056,-0.020507339951751028,0.04826164923901341,-0.016468965470539998
62,0.0,586.9464937563235,0.0009708457092554582,0.004844166529918735,0.23509960707148062,-0.0036149486962374308,0.10431303658875356,-0.012612760438249227
63,0.0,600.2874923598657,0.04917270157121827,0.011584583532222687,0.042334374277203865,-0.010113043040640141,0.08571943789528866,-0.011862845218966502
64,0.0,613.6698344973435,0.15209506970099868,0.01425004454912609,0.06580083921706563,-0.014247302112445162,0.07974385829182175,-0.0125781822870101
65,0.0,622.4027242455498,0.009946391738746571,0.0066223179934444655,0.23396232123777255,-0.005312298943714461,0.126009397175607,-0.010398417284021407
66,0.0,630.721774710481,0.04402592832677975,0.006121911014590393,0.11736995771474606,-0.003795814532803541,0.12341756533734871,-0.008417636458656046
67,0.0,647.9257532125255,0.10085018554590627,0.024659202355959618,-0.062001027131577735,-0.024659202355959618,0.06779198759667078,-0.013290106227847117
68,0.0,656.6726493502574,0.016352404620549345,0.011965827583505683,0.29850555519319916,-0.008900574549681193,0.1370060578756293,-0.01197324672439734
69,0.0,669.1547663309605,0.008225602722779748,0.01166166444227429,0.28104021696685816,-0.01166166444227429,0.18021630560299795,-0.011879772039760424
70,0.0,674.4698432357059,0.004260643203150274,0.0031777219586070216,0.2540798589553065,0.00189404562135093,0.2023753716086905,-0.007747626741427018
71,0.0,688.0312400940742,0.007989184661339273,0.0160019602692135,0.23141081737972052,-0.015555329799290887,0.2110860053399995,-0.010089937658786179
72,0.0,692.5280544650778,0.002098645849303127,0.006019413521906601,0.48713107767879965,-0.0008775046814882395,0.2938995270416395,-0.007326207765596796
73,0.0,702.0466448973237,0.0,0.010344146927439284,0.36584292965360515,-0.009014786349043482,0.3154825478252292,-0.007832781340630802
74,0.0,716.4949042227502,0.06852304093522321,0.0221629194686233,0.05283746246733363,-0.0221427079496154,0.23668902221786053,-0.012125759323326182
75,0.0,724.251872059342,0.013441774029785972,0.009867518356946173,0.35550474294983947,-0.007495962457937154,0.27233373843745423,-0.010736820263709472
76,0.0,732.6352886176489,0.0,0.004612943412654852,0.4384790509687044,-0.004387084357020416,0.32217733219682926,-0.008831899491702756
77,0.0,744.8176233964166,0.0704899938881122,0.014153316510592984,0.22364210069794613,-0.01382768053558096,0.2926167627471643,-0.010330633804866216
78,0.0,757.2877499513129,0.07471361209821745,0.016352544310413643,0.15324545835159945,-0.01634909194364068,0.25080537142849485,-0.012136171246498554
79,0.0,766.0659575959705,0.08016467425763395,0.007088764862411622,-0.0546096440788395,-0.007021181911030708,0.15918086677629453,-0.0106016744458582
80,0.0,779.6552369802822,0.034922563728919984,0.015227417233635975,0.005739954098921481,-0.015227417233635975,0.1131485929730826,-0.011989397282191533
81,0.0,786.6069429387101,0.050325870269651456,0.006438007789705601,0.18522464281584503,-0.002939751645530969,0.13477140792591133,-0.009274503591193363
82,0.0,796.8839281909438,0.04570550866812837,0.012086875397434582,0.17521368014311461,-0.008534992790237705,0.14690408959107232,-0.009052650350906665
83,0.0,799.9161353991383,0.0,0.005934844670895083,0.49190996117040775,0.003721036655042377,0.2504058510648729,-0.005220544249121952
84,0.09216079761309759,810.3445658207717,0.1538418202480937,0.012078529919161644,-0.14035138455189763,-0.012078529919161644,0.1331786803798417,-0.007277939950133859
85,0.0,825.9114901130491,0.19681694542268083,0.02668977785148723,-0.16496509529756526,-0.02668977785148723,0.043735547676619614,-0.013101491320539869
86,0.0,838.6887838547299,0.032539963841637765,0.01849227904208971,0.08616267338868333,-0.01849227904208971,0.05646368539023873,-0.014718727637004821
87,0.0,845.1426844182695,0.0,0.004612723353046528,0.4304100825908924,0.0008150409363967642,0.16864760455043484,-0.010058597064984345
88,0.0,854.368568631443,5.250872132579072e-05,0.004062416261405022,0.4379621924882862,-0.0034694759445237583,0.24944198093179026,-0.008081860728846169
89,0.0,869.5823276189252,0.08448305693011282,0.020909774029036828,0.024019499941368993,-0.020880881750860576,0.18181523663466387,-0.01192156703545049
90,0.0,875.5831296640024,0.0036710920033474898,0.007474182077004464,0.36817656356199696,-0.0035863340415522855,0.23772363471286379,-0.009420997137281027
91,0.0,885.9295879231271,0.024064741584167437,0.010276586778573888,0.15328872693347068,-0.00874428083052874,0.21239316237904585,-0.00921798224525534
92,0.0,891.6871590320229,0.0009745752572769129,0.005456270123758936,0.3271774715459151,-0.001797318531979584,0.24682845512910662,-0.006991783131272612
93,0.0,902.689858322751,0.012111703549298566,0.01359463821632535,0.12156007717286406,-0.013028901053072669,0.20924794174223382,-0.008802918507812629
94,0.0,914.6510899520903,0.168835734822919,0.017269336861556028,-0.038913532826837814,-0.017269336861556028,0.13479949937151234,-0.011342844013935649
95,0.0,917.7771446062916,0.0,0.005227719410909509,0.4965822139766314,0.0031297114166329632,0.24333431375304804,-0.007001077384765064
96,0.5476338091429991,933.3243756519407,0.22429182729587194,0.020316371067694655,-0.1941024024160311,-0.020282890606220808,0.11210329890232429,-0.010985621351201787
97,0.0,938.9840343996045,0.0,0.008040864222217486,0.7251894552752667,-0.004040432558869626,0.296029145814207,-0.008902064713502139
98,0.0,953.0372194249843,0.11726948082747224,0.017463193865643323,-0.004556503266284144,-0.017463193865643323,0.20585345109005965,-0.011470403459144494
99,0.0,964.297372473054,0.005823857677753725,0.01370773462944953,0.19117727024421488,-0.01370773462944953,0.2014505968363062,-0.012141602810236005
100,0.0,975.8765408114945,0.07036061836444563,0.012880142369000695,0.2472923693956143,-0.011669030318049016,0.21520312860409863,-0.011999831062579907
101,0.0,994.7525468031743,0.14471767241230032,0.026177516594396356,-0.040724082393241275,-0.026177516594396356,0.13842496530489665,-0.01625313672212484
102,0.0,1004.8655408175722,0.025783527641443777,0.010322241539654452,0.3083560989856604,-0.007891699476386299,0.18940430540912578,-0.013744705548403277
103,0.0,1016.5695583686668,0.0,0.007438579483529457,0.40951512582185806,-0.006880323081383213,0.25543755153294545,-0.011685390808297258
104,0.0,1026.7326393052238,0.08745339454259086,0.00735985678675592,0.1443654475396567,-0.006368792387894985,0.2221159203349588,-0.010090411282176576
105,0.0,1031.1996372024716,0.0,0.001303162841659793,0.6491927434050179,0.0032864702761340996,0.3502389672559765,-0.006077346814683373
106,0.0,1036.6447892842439,0.02135525040856529,0.0075337158103866994,0.30727409927854427,-0.0005799989674798066,0.3373495068627468,-0.004428142460522303
107,0.0,1042.0943258476227,0.017549695746507783,0.009349535072803278,0.212772822137633,-0.004838125639222173,0.29997650144521265,-0.0045511374141322634
108,0.0,1040.0853360446392,0.00019548801746353857,0.0032223069855179536,0.4295563763646741,0.00898767454484867,0.33885046392105106,-0.0004894938264379829
109,0.0,1048.9717566166619,0.08627139863774656,0.01391920928439099,-0.0397056853836389,-0.013752212475891132,0.22528361912964406,-0.004468309421273927
110,0.0,1054.6603622579314,0.03465904474869272,0.012140143150825601,0.09029714467330564,-0.011155192790885803,0.18478767679274252,-0.00647437443215749
111,0.0,1060.6591567258074,0.03374982362068151,0.010320734122811872,0.06796902163771822,-0.007573233892907706,0.14974208024623523,-0.006804032270382554
112,0.0,1063.357292622031,0.0,0.0035206140625370554,0.5494872638747703,0.0014065249276305736,0.2696656353347957,-0.004340865110978615
113,0.48435952269032967,1079.0073868513598,0.19353642275627686,0.0253359599831622,-0.17536911655162454,-0.0253359599831622,0.13615520976886963,-0.010639393572633691
114,1.1375743491180024,1090.9332685645693,0.3091419676623407,0.019880544346390194,-0.3087735058901944,-0.019880544346390194,0.002676595071150409,-0.013411738804760641
115,0.0,1100.3845398122235,0.027976531086036757,0.012729131109576668,0.34004713779243306,-0.008048624344254686,0.1038877578875352,-0.011802804466608856
116,0.0,1122.247517859107,0.16520485730299753,0.031085526156606008,-0.16348950066284001,-0.031085526156606008,0.023674580322422638,-0.017587620973607998
117,0.0,1127.9053939335472,0.0004756416920774188,0.0020102135781836124,0.3196725828960008,0.001240163704867096,0.11247398109449608,-0.01193928557006547
118,0.0,1139.17880568325,0.030392828431135388,0.006262571190361096,0.14829622560137376,-0.004668365732286106,0.12322065444655939,-0.00975800961873166
119,0.0,1153.6109349127573,0.09232465498147888,0.017228571657344052,-0.035516982855618925,-0.017223596358541725,0.07559936325590588,-0.01199768564067468
120,1.3222754267024408,1174.6839217009388,0.3305222655279727,0.03323755888750426,-0.3305222655279727,-0.03323755888750426,-0.0462371253792577,-0.018369647614723553
121,0.0,1184.089144026782,0.03563358603189426,0.010202073826001525,0.3429166142856345,-0.0063312219858570615,0.07050899652020996,-0.014758119926063604
122,0.0,1198.6354548176644,0.039746887477758105,0.01155984818294599,0.0812287130218116,-0.010554842885415716,0.07372491147069045,-0.013497136813869237
123,0.0,1205.8915758863714,0.007058939028790803,0.0024314007762237283,0.12574959994671378,0.0008185033970880201,0.08933231801349745,-0.00920244475058206
124,0.0,1214.5259652082993,0.0030691947026178696,0.005533933509669006,0.41376902686197636,-0.0035453583749618226,0.1866633306680411,-0.007505318837895989
125,0.0,1226.8509582038014,0.17244774839178995,0.016635728642322847,-0.12223585080231605,-0.01577846717386084,0.09399357622693394,-0.009987263338685444
126,0.0,1225.6583101486844,0.0,0.0016294238596869786,0.5642062977540905,0.010718859876747415,0.23505739268508088,-0.0037754263740555857
127,0.0,1231.8992550442724,0.020404298344571623,0.00679021251988394,0.4628358942826065,-0.0024412597890920438,0.30339094316433857,-0.0033751763985665232
128,0.0,1234.6889130850145,0.0,0.003975018777988157,0.5937862342018752,-0.0017384194286313114,0.39050953047559955,-0.0028841493075859597
129,0.9296296928074987,1244.251470141586,0.21671893618330854,0.01628601223153445,-0.14693488744200414,-0.01628601223153445,0.22927620510031843,-0.006904708184770506
130,0.0,1252.7931652410848,0.030999895314023827,0.014503179754188753,0.08242544413064917,-0.014503179754188753,0.18522097680941763,-0.009184249655595979
131,0.0,1258.1630244003356,0.0,0.003803517996542744,0.2843871175872809,-0.0036121251536530407,0.2149708190427766,-0.0075126123050130965
132,0.0,1259.2878869887718,0.0023698638090017487,0.0014870793207236806,0.21082942621031478,0.007536488511378822,0.21372840119303804,-0.0029978820600955205
133,0.31474397262927445,1272.563419376755,0.17551506176365242,0.01970680957140508,-0.15718364265889542,-0.01970680957140508,0.10245478803745797,-0.008010560313488388
134,0.0,1273.9046282748577,0.005856894994374935,0.003426555286023197,0.19188705160323596,0.0006623819546141872,0.12928446710719135,-0.005408677633057615
135,0.0,1288.8753417019286,0.04312486386098332,0.02261929107847028,0.034383000427311614,-0.02261929107847028,0.10081402710322743,-0.010571861666681413
136,0.0,1295.4486964820287,0.024319873769745204,0.008266832449430703,0.24178775841775832,-0.007619955687995226,0.14310614649758668,-0.009686289873075557
137,0.0,1312.8982354732198,0.1303316924048062,0.024937254917476507,-0.050833563523753296,-0.024937254917476507,0.08492423349118468,-0.014261579386395842
138,0.0,1329.2889331654228,0.17553331366480557,0.023463169099869258,-0.09608046463747844,-0.023463169099869258,0.03062282405258574,-0.017022056300437866
139,0.0,1339.8835168894084,0.0045138097135574914,0.0072423126511886645,0.21458395876049738,-0.006506985218289965,0.08581116446495923,-0.013867534975793495
140,0.0,1360.0101776920546,0.14642923442049516,0.02362142073523207,-0.12955843893954577,-0.02362142073523207,0.021200283443607727,-0.016793700703625066
141,0.0,1364.666123037524,2.5316466731185157e-05,0.0009089044725024074,0.1895760636203924,0.00544520032604213,0.07171301749664312,-0.010122030394724906
142,0.0,1374.4244004232346,0.0,0.0034497498992574083,0.1757157390727728,-0.002414555054174422,0.10291383396948202,-0.00780978779255976
143,0.0,1383.8181468396115,0.021886830914006235,0.011136314072274106,0.25687255563446376,-0.00870111554825658,0.14910145046897655,-0.008077186119268805
144,0.0,1387.3098475557733,0.03514400354731568,0.00408629333415831,0.28508738411198215,0.0011973685468821159,0.18989723056187824,-0.005294819719423529
145,0.0,1399.4742230844925,0.04803785482572594,0.016733979266271203,0.07042353994405559,-0.01670809598895106,0.15405512337653143,-0.008718802600281787
146,0.0,1402.6537087862912,0.0016160520328349654,0.005991658208895833,0.3843649488802264,-0.0007452078960023973,0.2231480710276399,-0.00632672418899797
147,0.0,1404.451557636373,0.0,0.005035826853652338,0.4803508036092561,0.005600181112164782,0.30030889080212475,-0.002748652598649144
148,0.0,1405.0143766256651,0.0013040290419116614,0.003705968498499175,0.3895075139438116,0.005532325327457686,0.32706847774463077,-0.0002643592208170949
149,1.484403634278305,1418.2684927006826,0.3119706487122787,0.0247385470651589,-0.3119706487122787,-0.0247385470651589,0.1353567398075579,-0.007606615574119635
150,0.0,1426.9462815966688,0.1738414758352619,0.01748641036269882,-0.07903670122614723,-0.01748641036269882,0.07103870749744637,-0.01057055401069339
151,0.0,1443.8733668335096,0.17127242897458222,0.0269007632699319,-0.15614350682456335,-0.0269007632699319,0.0028840432008434558,-0.015469616788464943
152,0.0,1461.1467051390587,0.09913028206443775,0.02433056034256868,0.05630334800232564,-0.02433056034256868,0.01890983464128811,-0.018127899854696063
153,0.0,1475.0246462021216,0.03200718507677496,0.012947048367573877,0.20408723111577276,-0.012042863899450916,0.0744630535836335,-0.01630238906812252
154,0.0,1492.110025626427,0.009046869789137988,0.016117487610183934,0.19552582901426044,-0.016032045240822468,0.11078188621282159,-0.0162212859199325
155,0.0,1504.8581828529348,0.0064903871197617745,0.010487925718372853,0.2739710175581975,-0.008901118695933309,0.15973862561643437,-0.014025235752732743
156,0.0,1521.147710179776,8.181772196207955e-05,0.01645519151952159,0.3116575038639016,-0.016454957607958873,0.20531428909067453,-0.014754152309300581
157,0.0,1532.5076617871566,0.11733579509007969,0.010681917237430292,0.034748588148526306,-0.008442188926725684,0.15414457880803004,-0.012860563294528112
158,0.0,1542.3356766550116,0.022792690289185475,0.007975200742774413,0.1515989326284258,-0.004570265515237666,0.15338088495414876,-0.010373473960740977
159,0.0,1553.2808500287638,0.05355323792972717,0.010413595323869151,0.32440242378325207,-0.008973796348486154,0.20468734660287974,-0.00995357067706453
160,0.0,1566.9477319936893,0.021053785346855317,0.017252236606278715,0.06680770662248593,-0.017252236606278715,0.16332345460876158,-0.012143170455828784
161,0.0,1577.706107008957,0.2202808402814367,0.01155899221859041,-0.13235242985971835,-0.011539013057539235,0.0746206892682176,-0.01196192323634192
162,0.0,1587.9828410565497,0.03922122339433953,0.009719978284582367,0.14531446103634021,-0.008262313239481896,0.09582882079865439,-0.010852040237283912
163,0.0,1596.33072306763,0.0036582241925793286,0.006658097614382936,0.484794652269935,-0.004478915808674688,0.21251857024003856,-0.008940102908701144
164,0.0,1610.4332993265944,0.06807774614746137,0.017703888249372076,0.1427002894897576,-0.01770365433780936,0.19157308601495426,-0.011569168337433608
165,0.0,1615.7609615558479,0.0,0.008408256567598003,0.5184640931915919,-0.0013046404336546518,0.2896403881679456,-0.008489809966299921
166,0.0,1628.5000382788496,0.03650981333577607,0.014258176437024345,0.04732306388898236,-0.014134784072831304,0.2169451908842566,-0.010183302198259336
167,0.0,1638.1474841296797,0.0,0.010882090339552055,0.2851621045802019,-0.010830989216071923,0.2374102649930402,-0.010377608303603111
168,0.0,1643.908823415381,0.05587561402266877,0.003557458755289797,0.004588940220804869,-0.0009627833760411515,0.16756386756136957,-0.007553160825334523
169,0.0,1655.1061412809177,0.04905819880408317,0.01220446085397011,0.06424964931668639,-0.01220302186922565,0.1365696020879646,-0.00894811913850186
170,0.0,1664.809684523563,0.0,0.012534602383335354,0.26502673256851084,-0.011975000931683587,0.17510674123212844,-0.009856183676456378
171,0.0,1666.5401156950322,0.011237714748839275,0.004891980838688604,0.4256434119288106,0.006126566815231178,0.2502677424411331,-0.005061358528950111
172,0.0,1679.4024534843838,0.08732035294028376,0.016655821463246876,0.012201195306998553,-0.016318789126134742,0.1788477783008927,-0.0084385877081055
173,0.0,1681.71229674983,0.0,0.003415992229194418,0.35915366704999924,0.0008116828191477855,0.23293954492562466,-0.005663506549929514
174,0.0,1693.0601949707327,0.13721193672658305,0.014647369092872224,-0.018535256110673907,-0.014615279658022918,0.15749710461473507,-0.008349038482357535
175,0.0,1705.3581504494648,0.10181900724297284,0.01937337798775127,0.008375331396020032,-0.01937337798775127,0.11276057264912055,-0.011656340333975656
176,0.0,1709.6591541644184,0.030623257513028832,0.004637346498788873,0.22189455653247483,0.0002221715268851654,0.14550076781412682,-0.008092786775717408
177,0.0,1721.3388671595926,0.10691864260508542,0.012857360629671603,-0.04014210319789843,-0.011853514776399721,0.08980790651051924,-0.0092210051759221
178,0.0,1734.3144696041998,0.11304758629049438,0.01821831031922963,-0.039683486845177876,-0.01821831031922963,0.0509604885038101,-0.01192019671891436
179,0.0,1743.5797888058028,0.02281012604857281,0.010775095041135574,0.4209688692887926,-0.009200859748465483,0.16196300273930486,-0.011104395627779696
180,0.0,1761.157041180962,0.24664740598086682,0.023806149973576808,-0.15588150290834255,-0.02373972104822209,0.06660965104501063,-0.014894993253912414
181,0.0,1772.3230344400088,0.0044403730245789,0.011290775179781063,0.22649616833173014,-0.011074782458497415,0.11457560623102647,-0.013748930015287913
182,0.0,1785.2990279967396,0.14557940971973649,0.010944829853060048,-0.07963355901337944,-0.010944829853060048,0.05631285665770469,-0.012907699966619553
183,0.0,1804.6543651374252,0.11366811538740337,0.025463996111894656,-0.03135290461573246,-0.025463996111894656,0.03001312827567354,-0.016674588810202083
184,0.0,1808.7665353300983,0.0030691947026178696,0.006217925849440671,0.5311043072818399,0.005573274097585447,0.18034048197752345,-0.010000229937865824
185,0.0,1828.7174269556454,0.14357106730579697,0.02406508760699621,-0.018891474296419186,-0.02377831796185203,0.12057089509534065,-0.014133656345061685
186,0.0,1839.0298947818148,0.14723362182321365,0.013432337839165254,-0.07223214841151922,-0.010478499438198589,0.06272998204328269,-0.013037109273002756
187,0.0,1849.1005542633131,0.015445246652739105,0.007191581799188019,0.33876735446204576,-0.005714769007307626,0.14554119376891161,-0.010840407193294217
188,0.0,1860.0621412290418,0.0,0.00943714639075913,0.27421229426903293,-0.008804633719502674,0.184142523918948,-0.010229675151156754
189,0.0,1870.3810063643095,0.0,0.010033459515132077,0.28876899285027374,-0.009779308407494223,0.2155304645983457,-0.010094565128057995
190,0.0,1876.4024354690403,0.0,0.005565270102281406,0.6173359352551953,-0.0014681254720648525,0.3360721057954006,-0.0075066332312600514
191,0.0,1880.1695338697325,0.0006071361044764644,0.002238399335071743,0.23457069166455966,0.002979826724920931,0.30562168155614833,-0.004360695244405756
192,0.0,1878.9109337299565,0.0,0.0026743364340405013,0.670182894110281,0.010623188875612729,0.41499004532238815,0.00013446999159978917
193,0.0,1887.631305201331,0.04950424323417174,0.013645110288140477,0.09275571774556055,-0.013630652602091611,0.31831974704933985,-0.003995066786507631
194,0.0,1891.328693859162,0.001497180549144582,0.007733060220273606,0.27642853829721714,-0.00767650482895946,0.305752384423703,-0.005099498199243179
195,0.0,1899.5663620254204,0.18606767303119542,0.012793797594769628,-0.12426971912477047,-0.012787801685457546,0.17674575335916096,-0.007405989245107489
196,0.0,1905.4215446053206,0.010702885967729902,0.007085013121371049,0.39056403906543186,-0.0065777368653674685,0.2408912390710422,-0.007157513531185483
197,0.0,1904.566455570235,0.0,0.0023936395972726397,0.5947989292364383,0.009794237350548192,0.34706354612066104,-0.00207198826666538
198,0.0,1904.1455327883489,0.0,0.0038923301131432724,0.6154722626140783,0.008418998568358513,0.4275861610686862,0.001075307783841788
199,0.0,1911.7258569938438,0.02022568092734566,0.014560992122625977,0.22161951005499683,-0.013678825474664891,0.36579616576457935,-0.0033509321937102154
200,0.0,1914.571431693982,0.008170163791161287,0.008130459048953355,0.09198043562491068,-0.006908770725385182,0.2836514467226787,-0.004418283753212705
201,0.0,1925.5406551375634,0.0013040290419116614,0.019177899315962508,0.3937124829490158,-0.019177899315962508,0.3166697575905798,-0.008846168422037646
202,0.0,1933.912556809325,0.007404419881989502,0.013467186124331018,0.20952927239640545,-0.012470492555655042,0.28452761203232746,-0.009933465662122864
203,0.0,1942.8451439652194,0.029050100894339882,0.008984741447663692,0.2483387251506274,-0.008980903399236212,0.27367094596781744,-0.009647696983256869
204,0.0,1953.3507841394337,0.012782648816878347,0.012374451774994145,0.13974426250096325,-0.011137402923932197,0.23349294092776118,-0.010094608765459466
205,0.0,1954.7358239709645,0.0,0.0008723536174673484,0.4877387294924832,0.007584793407097109,0.3097666774971778,-0.004790788113692494
206,0.0,1971.7724366221182,0.01894393636810244,0.02477810938781239,0.06138299023233114,-0.02477810938781239,0.23525157131772378,-0.010786984495928463
207,0.0,1976.4179151997944,0.0223627343925751,0.005528811665933066,0.03598202280014168,-0.004238218397731854,0.17547070676244914,-0.00882235466646948
208,0.0,1981.5396118212914,0.003829886266117621,0.004020609402051574,0.2607781691920535,0.000933838999575968,0.20106294549133044,-0.005895496566655846
209,0.0,2000.873786939526,0.18481378939207996,0.03084393302847297,-0.16075709946522185,-0.03084393302847297,0.09251693200436473,-0.013380027505200983
210,0.0,2003.7462758682452,0.0,0.007491605615670916,0.35534006598299567,0.0007142914681517918,0.17136387219795401,-0.00915173181319515
211,0.0,2013.8621583721012,0.0,0.009575543100719789,0.4690167679511646,-0.006755904406232715,0.2606597409239172,-0.008432983591106419
212,0.0,2022.286270354508,0.006839204816335798,0.010412379618513335,0.23748577412938948,-0.007665805008306155,0.25370755088555885,-0.008202830016266338
213,0.0,2030.6931391938476,0.0,0.010086402378285023,0.39960070969439826,-0.008388167590544037,0.29747549852821065,-0.008258431288549648
214,0.0,2034.037649761537,0.0,0.004044273792439035,0.36458304657448926,0.0019209855546141622,0.31760776294209425,-0.005204606235600505
215,0.0,2041.4431255638071,0.010190815838497305,0.006785854595977099,0.13737105355408236,-0.006608683402673774,0.26353675012569067,-0.005625829385722486
216,0.0,2047.2629807742162,0.041006794860623585,0.00978775566984647,0.3483119262487592,-0.006468823968529749,0.2889693029626112,-0.0058787277605646645
217,0.0,2058.0080589187646,0.028465533943558018,0.01689726483131162,0.1831979566073138,-0.016280393534324585,0.25723789905602196,-0.00899922749269264
218,0.0,2059.3922920088903,0.01634473574865607,0.004142243565935958,0.39157077649151917,0.003614823625021841,0.2975377622866711,-0.005215012157378296
219,0.0,2058.3953290029913,0.0010650649630796216,0.0028206133686159694,0.6238384039622195,0.011668493740400987,0.39542795478933557,-0.00014996038804451078
220,0.0,2068.4887032883366,0.0028186986275918935,0.015589310414364144,0.22818139855122277,-0.015589310414364144,0.34525398791790174,-0.004781765395940401
221,0.0,2075.390665815211,0.14532308298032318,0.015198914456189684,-0.08981056158702957,-0.01402363963527786,0.21473462306642233,-0.0075543276677416385
222,0.0,2083.7745720367634,0.10531880337350125,0.012734452964374216,-0.017848155778439956,-0.012170702021306686,0.1449597894129636,-0.008939239973811151
223,0.0,2093.292154841836,0.0,0.011589667059310402,0.19766927314515748,-0.011586737857761292,0.16077263453262175,-0.009733489338996194
224,0.0,2094.4113770924405,0.015074568683460595,0.00403466793435693,0.3897245566384017,0.007385557339751224,0.22945821116435572,-0.004597775335371968
225,0.0,2097.0115861834624,0.0,0.0022601705496259564,0.549163284517462,0.004913523094132739,0.3253697331702876,-0.001744385806520556
226,0.0,2112.9905272881174,0.08560719561771389,0.02842837631674476,0.08029693082232614,-0.028427428585079767,0.2518478924658991,-0.00974929864008832
227,0.0,2111.538916610153,0.0006348094164042267,0.0023765755650313166,0.2031266303729298,0.005247478237555457,0.23723151383800828,-0.005250265576795186
228,0.0,2113.205873690449,0.00026730066581259277,0.0053178344866341735,0.4527944292626096,0.006901453231841112,0.3019003884653887,-0.0016047499342042963
229,0.0,2117.082333069702,0.002098645849303127,0.007893789319113257,0.4118915820840289,-0.0025400658170238767,0.33489774655098076,-0.0018853446990501703
230,0.0,2124.1486941275534,0.00015297790752760897,0.014901942262119446,0.4781000349878709,-0.012971414993267179,0.3778584330820478,-0.005211165787315273
231,0.0,2123.05512605004,0.006459127300444431,0.004527618040835984,0.4897196506720453,0.004459299464135528,0.41141679835904704,-0.0023100262118800324
232,0.0,2129.6716257382363,0.00012809561823393342,0.009873881400138064,0.3075415280718712,-0.008259825563126426,0.38025421727289427,-0.00409496601725395
233,0.0,2131.8461954889317,3.867622823394803e-05,0.00929992329288482,0.5438924803170041,-0.0019534527591880957,0.42934569618612717,-0.0034525120398341937
234,0.0,2134.7128694654825,0.006504767522696038,0.007506324987825603,0.39594844388084915,-0.0015627931815143331,0.4193265204945437,-0.0028855963823382355
235,0.0,2141.9367103049212,0.0066290248959262905,0.011334122872380387,0.22989174677589685,-0.011333068524739486,0.36249608837894964,-0.005419838025058611
236,0.0,2145.6485248801555,0.030505059172082558,0.0058641751089711916,0.11886894756104063,-0.004501290882425088,0.28940794613357695,-0.005144273882268554
237,0.0,2150.7104918882205,0.007235748427586165,0.007762736730723706,0.35665253719554685,-0.004685755245605436,0.30958132345216793,-0.005006718291269618
238,0.0,2158.6642405628286,0.016618243861377963,0.012124070569167117,0.16923041209673018,-0.011003077849267717,0.2674760500455366,-0.006805626158669047
239,0.0,2162.355564339388,1.0070696287941365e-05,0.007701321538572059,0.3812266130813889,-0.002191358557815422,0.30160121895629227,-0.005421345878412959
240,0.0,2171.5047044661696,0.06025080919526326,0.011745625270580219,-0.003325647291640217,-0.011745625270580219,0.2101231590819125,-0.007318629696063136
241,0.0,2174.0029318309953,0.0010275660831883496,0.00204673481796374,0.29791586127268765,0.0007475378506290133,0.23646096973914504,-0.004898779432055491
242,0.0,2186.3882831292526,0.052475743584149276,0.018012512112357177,0.14476649407633807,-0.017975126794968467,0.20895262704030293,-0.008821683640929383
243,0.0,2197.4273423582545,0.12347326297815876,0.017527729509856142,-0.07044845070339661,-0.017527574666990686,0.12513230371719306,-0.011433450948747773
244,0.0,2202.8971104095917,0.025001417367975707,0.008467205960613221,0.22059131019573927,-0.0017297025247873445,0.1537700056607569,-0.008522326421559643
245,0.0,2211.4424189834062,0.015268667978207308,0.010464723096248208,0.28547659851710355,-0.005537784522935881,0.1932819835176609,-0.007626963851972515
246,0.0,2220.759506865408,0.1251289315068332,0.010215386237881104,-0.09793774565826055,-0.010215386237881104,0.10591606476488445,-0.00840349056774509
247,0.0,2231.273406664593,0.07438702296109144,0.013617713576620805,0.018964835454664666,-0.013609058462174684,0.07983069597181852,-0.009965160936073969
248,0.0,2251.0833443991914,0.04905920608881918,0.03210185256667549,-0.0013363231500600388,-0.03210185256667549,0.05548059023525495,-0.016606168425254426
249,0.0,2252.971532854037,3.867622823394803e-05,0.00485478406459176,0.36567491437621513,0.007138573711867603,0.148538887477543,-0.009482745784117817
250,0.0,2265.2995618338546,0.043828341020971114,0.010352322137755431,0.15594881530736168,-0.00799018719064079,0.1507618658264886,-0.009034978206074708
251,0.0,2277.681941709384,0.08769126541055922,0.016292185459007433,0.00022038076214252802,-0.015542307123644336,0.10559942030718478,-0.010987176881345595
252,0.0,2282.3628458442186,0.000323938957632715,0.003787041774479254,0.2076796290987967,0.00011735105381199817,0.13622348294466835,-0.007655818500798317
253,0.0,2292.8438126698097,0.02097218366857223,0.010386677754828776,0.26735428527622773,-0.010071379197712968,0.17556272364413616,-0.008380486709872712
254,0.0,2307.072832700671,0.09510856054498987,0.021319793846384685,-0.022179447969999034,-0.021319793846384685,0.1162400721598956,-0.012262278850826303
255,0.0,2319.8444498237386,0.05814336978813738,0.01743011606843096,0.045082180856493306,-0.01736693373148875,0.0948927047688749,-0.013793675315025036
256,0.0,2331.292621110304,0.08176058454644015,0.012645581833397814,0.16088176390927933,-0.010502413239274082,0.11468942251099623,-0.012806296692299747
257,0.0,2353.430102100015,0.17837333328891372,0.031217744579902413,-0.16246048183195128,-0.031217744579902413,0.03154445120811198,-0.018329731058580545
258,2.441925975561988,2380.0290229870247,0.48169141572082463,0.041310787332683,-0.48169141572082463,-0.041310787332683,-0.122426308870569,-0.025224047940811282
259,0.0,2392.1731542851685,0.01219953941316877,0.01116234988018325,0.3103876269166483,-0.00515580168757717,0.0074178718655961845,-0.019203574064841047
260,0.0,2411.9817466630107,0.031211307704559304,0.014192701929457222,0.13514125258897797,-0.014192701929457222,0.04573488608261072,-0.0177003124242259
261,0.0,2424.05272716904,0.0,0.006692149122380058,0.412850422990917,-0.004406640052342136,0.1558695471551026,-0.01371221071266077
262,0.0,2439.6666536508515,0.13972647085305187,0.01464331750038457,-0.0443164574813141,-0.01351984594884395,0.09581374576417757,-0.013654501283515724
263,0.0,2445.6204180552063,0.0021500082171076558,0.0026823154171126116,0.16333555141708683,0.0024488145367619727,0.11607028746005035,-0.008823506537432415
264,0.0,2455.2798777670387,0.07226802036819133,0.005635855875346793,0.007524886084744648,-0.0055327894569286344,0.08350666704745864,-0.007836291413281281
265,0.0,2464.2501620846324,0.052921654179165105,0.009938062948704154,0.16252988907019073,-0.009170427542941628,0.10721363365427826,-0.008236532252179385
266,0.0,2465.2825587662596,0.008480255446180824,0.005519951220541113,0.360411028875887,0.006355165979286266,0.18317285222076085,-0.003859022782739689
267,0.23948285606766673,2481.349777257495,0.1700607547968002,0.02473285814477378,-0.16958511310472274,-0.02473285814477378,0.07734546262311577,-0.010121173391349915
268,0.0,2478.8301128319035,0.0,0.002882308620479072,0.4267882677566239,0.009690831843309365,0.18217830416316821,-0.004177571820952131
269,0.0,2486.5704769405647,0.01894929983368284,0.010316334161877484,0.22965645607661422,-0.0054088041178477755,0.196421749737202,-0.004546941510020824
270,0.0,2493.733552435311,0.08174042819685977,0.01104737044668388,-0.003668111600576506,-0.010381980737645692,0.13639479133586846,-0.006297453278308284
271,0.0,2502.9461018764587,0.013438926727694023,0.014194020042856123,0.07889691104257743,-0.014194020042856123,0.11914542724788114,-0.008666423307672635
272,0.0,2508.6858335774796,0.03392507500906384,0.006615128712946096,0.17075736208955933,-0.005036826241069364,0.1346290077003846,-0.007577544187691653
273,0.0,2516.722470433611,0.020226839682653767,0.008536409653316975,0.2539960674229545,-0.007399738163627125,0.17043912561715557,-0.007524202380472295
274,0.0,2523.3595287421217,0.0,0.006714452060563021,0.19685624036870808,-0.005620421181366513,0.1783642600426213,-0.00695306802074056
275,0.24992153686116803,2536.9447661471177,0.1775688527526616,0.020175155946551174,-0.17288211860539607,-0.020175155946551174,0.07299034644821609,-0.010919694398483743
276,0.2464044719165015,2552.0943847343956,0.21828476248388673,0.023868856153711756,-0.21232227328097858,-0.023863938935288147,-0.012603439470542308,-0.014802967759525065
277,2.111526509445,2568.8325168477877,0.3880272002462325,0.022879636581165465,-0.3880272002462325,-0.022879636581165465,-0.12523056770324936,-0.017225968406017183
278,0.0,2577.47265727016,0.00034950766582696365,0.005247574379945604,0.2090259190392156,-0.0018627857801869394,-0.024953621680509866,-0.01261701361826811
279,0.0,2585.9610352034933,0.0,0.003103256773931839,0.5387470751320999,0.0007853052959180454,0.14415658736327305,-0.008596317944012262
280,0.2404510124304584,2602.738563896779,0.15416602023864553,0.021452282344314722,-0.1308484900223996,-0.021452282344314722,0.061655064147571256,-0.012453107264102998
281,0.0,2619.294026332758,0.10125376374196299,0.025144687292676327,-0.048684310710863966,-0.025017169413941172,0.02855325169004069,-0.01622232590905445
282,0.0,2631.0333188673126,0.04828787750560421,0.0147206929489862,0.12363943217471393,-0.010808942467336054,0.057079105835442664,-0.01459831087653893
283,0.0,2636.5448024208363,0.03481163039113266,0.0036418131817938008,0.1534285301277424,0.006024261705279939,0.08598393312313259,-0.008411539101993267
284,0.0,2645.5472916793183,0.013049382357880007,0.005015173211357147,0.3731080655354354,-0.0031981313295268753,0.17212117284682343,-0.006847516770253349
285,0.0,2657.604789609733,0.08039950284892977,0.017270404519589163,0.0031550685689176405,-0.01607245425836039,0.12143134156345169,-0.00961499801668546
286,0.0,2660.3554872673335,0.0,0.004673986576113327,0.5353032157609612,0.0018028347663735919,0.24559290382270454,-0.006189648181767744
287,0.0,2673.1766355553345,0.0899434107718976,0.016444124893960313,0.06816507193476884,-0.01643720065838024,0.19236455425632382,-0.009263913924751493
288,0.0,2678.3521428682025,0.006274607479448894,0.006333826100043798,0.2800329397953471,-0.0039487602989349245,0.2186650699180308,-0.007669367837006522
289,0.0,2682.2080657035913,0.0,0.004818263277495412,0.5785297066999816,0.0019362947577634378,0.32662446095261605,-0.004787669058575534
290,0.0,2681.935187793765,0.0,0.002843764159176881,0.25276687790866426,0.008756906686460831,0.3044671860394305,-0.0007242963350646242
291,0.1444632679302167,2691.7384909007087,0.12327565769671522,0.015648070644727823,-0.048934030110747116,-0.015406213856156054,0.1984468211943772,-0.005128871591392053
292,0.0,2692.4294408057544,0.0,0.007807695530645555,0.477198627436392,-0.0004713006368444273,0.28207236306698164,-0.0037316003050277646
293,0.7896527487407599,2705.435278203635,0.2277371863829618,0.02168206870343917,-0.20594555375538087,-0.02159743665850759,0.13566698802027288,-0.009091351211071711
294,0.0,2707.682504781477,0.0,0.0018388376704419906,0.3091929251970561,-0.00041583208563947515,0.18772476917330783,-0.00648869547344204
295,0.0,2709.6746544164203,0.0,0.004073749012028269,0.45953352416120063,0.0055902080834606,0.2692673956696756,-0.0028650244063712473
296,0.0,2717.947173749479,0.04231692472701251,0.015124730134701066,0.15306490426662842,-0.01035598147543714,0.23440664824876145,-0.0051123115270910145
297,1.4160659776811721,2736.2622347338165,0.33954461155057664,0.03495896364710512,-0.3324770800840368,-0.03495896364710512,0.06434152974892196,-0.014066307163095246
298,0.0,2746.2991222655064,2.7542107951378574e-05,0.015002214085277679,0.4826180775171612,-0.014998761718504715,0.18982449407939372,-0.014346043529718086
299,0.0,2758.670955978344,0.012303614971775805,0.012791326557679233,0.2779776308737492,-0.010524498459783085,0.21627043511770033,-0.013199580008737586
300,0.0,2764.012867430185,0.011607987689861012,0.0035007791612848304,0.25889692588240804,0.004364795652485941,0.22905838234711262,-0.007930267310370527
301,0.0,2774.2659443570296,0.05474322945093757,0.011053242359807041,0.11130697198814982,-0.0072805866172255705,0.19373295923942377,-0.007735363102427039
302,0.0,2777.9267943056166,0.010586681529252514,0.006207292679189255,0.3082332693353342,0.0009562311846795662,0.22808305226819686,-0.005127884816295058
303,0.0,2789.612740359105,0.09920561954410331,0.017212348061337552,0.00857516241830292,-0.01607438917905916,0.16223068531322865,-0.008411836125124288
304,0.0,2793.9072657075753,0.0004553693345490983,0.009574526541086469,0.3617452929162842,-0.003254887953791823,0.2220850675941453,-0.006864751673724548
305,0.0,2798.784084286259,0.0,0.0057774064942724915,0.33387449638805833,-0.0011116780888477007,0.2556218962323192,-0.005138829598261494
306,0.0,2803.328169267256,2.4533534447772456e-05,0.0063346609169871075,0.45830922620507064,-0.0021019428170194715,0.3164280952241446,-0.004227763563888888
307,0.0,2811.106078760506,0.08325008978017008,0.013092096384530448,0.32433975183886954,-0.010674873797587473,0.3188015922085621,-0.006161896633998463
308,0.0,2816.3326086788934,0.002817726359558749,0.010696637403426097,0.3599061987567891,-0.006227937924506562,0.33113297417303017,-0.006181709021150892
309,0.0,2816.4509943814196,0.0,0.003568651784141309,0.37735932591647553,0.006429576656033308,0.34500087969606374,-0.0023983233179956324
310,0.0,2823.6851280669607,0.0043762756350336895,0.00889551420074761,0.3339517890759556,-0.008531901476262435,0.34168615251003126,-0.004238396765475673
311,0.0,2827.613773372816,0.02339427800454352,0.007396477945654803,0.32012210162856775,-0.005509824399057142,0.3352169372455922,-0.004619825055550113
312,0.0,2834.482788869255,0.03134229422977473,0.009836702280347215,0.12351589773062165,-0.009702959609562882,0.271706625391101,-0.006144765421753943
313,0.0,2835.588947203617,0.0009971709563699558,0.0035154636465495907,0.3477649050433657,0.0027638531288501915,0.2945241092867804,-0.0034721798565727027
314,0.0,2833.16930469597,0.0008425728289792049,0.0012615112004403406,0.3915176232524385,0.01158639336594914,0.3236221634764778,0.00104539211018385
315,0.0,2841.539526290673,0.18390316356796338,0.014566749860482502,-0.0057484319959171335,-0.013864665642959217,0.2248109848347593,-0.00342762521575907
316,0.0,2856.5393193758123,0.1089625852539123,0.03219570132482411,-0.07712153515634963,-0.03219570132482411,0.13423122883742664,-0.012058048048478582
317,0.0,2865.7241599616495,0.000978747562978445,0.015238634941699651,0.34322816054413047,-0.015062222952059726,0.19693030834943775,-0.012959300519552925
318,0.0,2876.2347416927087,0.021262458975260922,0.012242480455903374,0.3864308935440137,-0.008796607700892203,0.2537804839078105,-0.011710492673954707
319,0.0,2884.3500215792888,0.02704219687944541,0.0058178870542958255,0.11242207119689576,-0.002919624527759508,0.21137296009453607,-0.009073232230096148
320,0.0,2890.4001709771023,0.0,0.0017172962436196421,0.29637709376826477,-2.7996700489259833e-05,0.23687420019665467,-0.00635966157121408
321,0.0,2908.376836877083,0.10634571209972128,0.027735117819807902,0.07615913979821193,-0.027735117819807902,0.18865968207712183,-0.012772298445792227
322,0.0,2920.7208858683957,0.0168974111902342,0.018559942159978887,0.058847050361110084,-0.018559942159978887,0.14971589256231832,-0.014508591560048224
323,0.0,2929.1703585704076,0.03192018793340389,0.007831207034423988,0.3303980568535873,-0.0036940659331561256,0.203920541849699,-0.011264233871980594
324,0.0,2951.469777165698,0.0943377248343433,0.030874662787138175,0.014301321218137623,-0.030874662787138175,0.14703477566023057,-0.017147362546527867
325,0.0,2957.2102957654442,0.0,0.0049432224562918825,0.4982221687031401,0.0004886366399465603,0.2523909935731034,-0.011856562790585539
326,0.0,2967.426797096504,0.04599486821435639,0.005478309147607524,0.09092962114195778,-0.0029285183374664525,0.2039525818437597,-0.009178149454649813
327,0.0,2978.719605620385,0.02682811012160116,0.014538693677025556,0.3107892749955845,-0.010793675290615564,0.23600358978930713,-0.009662807205439538
328,0.0,2993.4420404096672,0.00807921019422519,0.02136223630638276,0.26797481757840924,-0.02070854982885136,0.24559495812603774,-0.012976529992463083
329,0.0,2998.1313558609495,0.0,0.004373158866228818,0.35201127537380716,0.0008367057318483302,0.27751985330036855,-0.00883255927516966
330,0.0,3009.7734942292195,0.0,0.010917827699291244,0.3678020345564989,-0.01036921288861505,0.30460450767720765,-0.009293555359203277
331,0.0,3014.035631353957,0.013623703623492456,0.004691227570428392,0.30013702712053275,0.000708361708398902,0.3032642635102052,-0.006292980238922622
332,0.0,3022.3212110677773,0.0,0.010982910580822696,0.3102100906014769,-0.007318630061334411,0.3053480116375867,-0.0066006751856461585
333,0.0,3024.403552697189,0.029126171575268527,0.008263230529625458,0.1995868223304528,0.00249200415367233,0.2736196548454465,-0.0038728713838506114
334,0.0,3031.0765949281235,0.0,0.01247915377365175,0.679290648148572,-0.00686509835507208,0.39532095283638413,-0.004770539475217052
335,0.0,3041.3096170791137,0.12188208600609388,0.017085782644917627,-0.08719862940104303,-0.017085782644917627,0.250565078165156,-0.008465112426127224
336,0.0,3049.096411367987,0.0046524003620021,0.011127292624058451,0.30576219043931024,-0.010900463130712914,0.26712421184740226,-0.009195717637502931
337,0.0,3052.100862557434,0.007772734008722076,0.0062837098079099925,0.5687516151220754,0.002941707034097652,0.35761243282980415,-0.0055544902360227565
338,0.0,3059.29988457307,0.013279293262071295,0.011214776120255532,0.3897598588784007,-0.005187652900341034,0.3672566606443831,-0.005444439035318239
339,0.0,3064.191992155229,0.0,0.007093938708814135,0.3170381979384089,-0.004179111840502853,0.3521911218325908,-0.005064840876873623
340,0.0,3071.092697635292,0.015410124021621596,0.008602471758578896,0.21064512820037204,-0.008494144051806155,0.30972732374292516,-0.006093631829353382
341,0.0,3075.5110899153074,0.0,0.005880046150632247,0.46426991787777183,-0.003675206677065707,0.35609010198337915,-0.00536810428366708
342,0.1668005654062199,3087.612952881292,0.16529196964534398,0.018641010345072016,-0.13958827706032312,-0.018641010345072016,0.20738658827026846,-0.00934997610208856
343,0.0,3108.6556688884516,0.1838851355736796,0.037857634048509003,-0.15179459019516303,-0.037857634048509003,0.09963223473063901,-0.01790227348601469
344,0.0,3111.024784958757,0.008854293493855463,0.00414868854683586,0.33658360030108125,0.005549828021788899,0.17071764440177167,-0.010866643033673613
345,0.0,3122.0646636073047,0.0,0.007070840787122853,0.5959538376458167,-0.003898768843470954,0.29828850237498516,-0.008776280776612815
346,0.0,3120.7602736071626,0.0,0.0018286330876667017,0.68672603284379,0.014402577359397352,0.4148197615156266,-0.0018226233358097643
347,0.0,3126.182063607279,0.000138007700057342,0.004025750954210852,0.3303505416479102,-0.0020774940522787066,0.3894789955553117,-0.001899084550750447
348,0.0,3128.337160647852,0.0,0.007427906709497685,0.40410110464535826,-0.002512091003444789,0.39386562828232563,-0.0020829864865587492
349,0.0,3140.05760325237,0.09961981467441736,0.022352584582107243,-0.051095567943712804,-0.022352584582107243,0.26037726941451406,-0.008163865915223296
350,0.0,3153.1295522580676,0.1404550111373352,0.024723288425236606,-0.004176277654822646,-0.024723288425236606,0.18101120529371303,-0.013131692668227288
351,0.0,3168.6120690917096,0.003618655286169327,0.023204062547220967,0.24905190686449932,-0.023204062547220967,0.20142341576494893,-0.01615340363192539
352,0.0,3181.241519026012,0.0019946354041451603,0.012224219778089993,0.18842203757767237,-0.011959449015729167,0.19752300230876596,-0.014895217247066522
353,0.09567959124513825,3197.8552115261723,0.21694714257546888,0.017164763206782688,-0.202160213120031,-0.017164763206782688,0.07761803768012687,-0.01557608103498137
354,0.0,3211.875484143831,0.002098645849303127,0.013044046611303381,0.2397966337303457,-0.013044046611303381,0.12627161649519253,-0.014816470707877973
355,0.0,3223.4461100309977,0.00026730066581259277,0.008829380038552902,0.29182907879327075,-0.007263033240663164,0.175938855184616,-0.01255043946771353
356,0.0,3233.1627822178357,0.0,0.009065019401507477,0.4258552915883418,-0.0042863084240516115,0.2509137861057337,-0.010071200154614953
357,0.0,3253.074981424116,0.10087254727674806,0.027990740561106838,-0.029397140200373692,-0.027990740561106838,0.16682050821390149,-0.015447062276562517
358,0.0,3267.026987234302,0.11080190234339443,0.018428631797219576,0.050650724809066905,-0.01793221768197399,0.13196957319245112,-0.01619260889818596
359,0.0,3279.8539558943503,0.05658909942114063,0.013274188280431152,0.12725775504801182,-0.009957469466256898,0.13055602774911934,-0.01432206706860724
360,0.0,3295.5522675047214,0.05809497363091998,0.015240762124803717,-0.03635267765480069,-0.015240762124803717,0.08048341612794332,-0.014597675585466183
361,0.0,3305.095542639861,0.0,0.005815338723147323,0.6160526880593156,-0.004354766852346699,0.24115419770735497,-0.011524802965530337
362,0.0,3318.2565605087198,0.05930362808264235,0.011732675035032164,0.1585074321353389,-0.011732675035032164,0.21636016803575014,-0.011587164586380885
363,0.0,3334.2664725437517,0.0229696173581155,0.020866181792789356,0.05163156203263034,-0.020866181792789356,0.1669415862348142,-0.014370869748303426
364,0.0,3342.205707391512,0.0,0.00875765558882867,0.6203591968056612,-0.003871323249174507,0.30296686940606826,-0.01122100579856475
365,0.0,3359.1768667514916,0.008607148899424735,0.019919384103868273,0.12439076985467382,-0.019919384103868273,0.24939403954064993,-0.013830519290155807
366,0.0,3369.6149400289573,0.0,0.010676726769924247,0.5972744486294765,-0.009481166650792341,0.3537581622672979,-0.012525713498346767
367,0.0,3371.279529210594,0.0,0.001357179344872397,0.5829589790285622,0.011460801527933585,0.42251840729567713,-0.00532975899046266
368,0.0,3378.2090150898885,0.0,0.00777475089789312,0.542819552773713,-0.0011667373964824685,0.4586087509390878,-0.004080852512268602
369,0.0,3385.152624818921,0.054990987902997085,0.00948835007521015,0.002723452976805391,-0.00874398579907559,0.32184316155040305,-0.005479792498310698
370,0.0,3391.2410566495687,0.003130985329228757,0.009281354651651174,0.18495329254745232,-0.00820502025947217,0.2807762008495178,-0.006297360826659139
371,0.0,3393.218719646209,0.0,0.0011645654732936844,0.2979207664293499,0.0018503759771841936,0.28591957052346745,-0.003853039785506139
372,0.0,3393.499390068908,0.0033811279555619332,0.004533730896749837,0.31223020206702945,0.0061355641382098815,0.29381275998653605,-0.0008564586083913326
373,0.0,3396.7656243624415,0.006228879111038447,0.005413587541372991,0.2494550492025155,-0.002755385892942873,0.2805054467513299,-0.0014261367937567946
374,0.0,3397.217638950833,0.0009634045934383617,0.0036307251603254174,0.3337187451123163,9.86969099725151e-06,0.2964694362596258,-0.0009953348483305808
375,0.0,3407.5651077261473,0.00012809561823393342,0.02003019516972697,0.22536933437244594,-0.02003019516972697,0.27513940569347184,-0.006705792944749498
376,0.0,3411.2902878154055,0.012579318567716775,0.009946098530655497,0.30214413850650906,-0.006444576679579464,0.283240825537383,-0.0066274280651984875
377,0.0,3421.2483909567345,0.01607297613850791,0.014100928079746996,0.3304042895443605,-0.013484704390938006,0.29738986473947626,-0.008684610962920343
378,0.0,3436.106643607597,0.09810861572558652,0.024046751363554067,0.038118620931503526,-0.023689263331259657,0.21960849159708445,-0.013186006673422138
379,0.0,3451.7613057389376,0.018018163040774495,0.02301799274252499,0.059539904868154254,-0.02301799274252499,0.1715879155784054,-0.01613560249415299
380,0.0,3465.465435716146,0.0015508737210214501,0.014142530397113915,0.3955333743142258,-0.014142530397113915,0.2387715531991515,-0.01553768086504127
381,0.0,3482.0178415667374,0.08403616770261757,0.017028856221278834,-0.022921787655084427,-0.017028856221278834,0.16026355094288072,-0.01598503347191254
382,0.0,3501.656009376638,0.00026730066581259277,0.024061722308211554,0.32816934694110383,-0.024061722308211554,0.21063528974234763,-0.01840804012280224
383,0.0,3511.4166929798243,0.056421562889042196,0.004839306539162854,0.12670022537764267,-0.0029166793016128785,0.18545477043293612,-0.01376063187644543
384,0.0,3528.230117742565,0.03487737104307168,0.016939305366388147,0.18792166861328358,-0.015279566799606634,0.18619483988704036,-0.014216312353393792
385,0.0,3537.4028102617212,0.06218758318480172,0.008785813858170882,0.06205771421424852,-0.004183438195551515,0.14895370218520282,-0.011206450106041108
386,0.0,3551.9287844765154,0.061989340573811995,0.015071981533355639,0.059814464862539246,-0.014986852158285793,0.12221193098840373,-0.012340570721714513
387,0.0,3556.1826585688236,0.002856461555340262,0.0021976206751347506,0.42842837784544896,0.003325338281556141,0.2140768650455173,-0.007640798020733317
388,0.0,3566.19420704865,6.785067376647787e-05,0.009061559074479506,0.3387438334995333,-0.00768426491365557,0.25147695558172206,-0.007653838088609992
389,0.0,3567.0929276622946,0.0005372056668985168,0.003609846695031958,0.4791195870502172,0.006405739913529385,0.31976974502227057,-0.003435964687968179
390,0.0,3567.2913754335846,0.0,0.0025178136959996865,0.4748670427384115,0.007702480347447166,0.3662989343371128,-9.443117734357588e-05
391,0.0,3568.8364861289215,0.01082936282991734,0.005972704334295996,0.21632320578095307,0.000364083900403915,0.32130621577026486,4.3123345980671386e-05
392,0.0,3577.866625634109,0.09545405125942628,0.018716221632156554,-0.00829871724614355,-0.018716221632156554,0.22242473586534234,-0.005584680147460496
393,0.0,3582.8912549744464,0.0,0.010416993373019596,0.4611025650481517,-0.01028020293828822,0.29402808462018515,-0.006993336984708813
394,0.0,3593.2854105264278,0.034428237675719474,0.01554572653866167,0.03758205170204713,-0.01554572653866167,0.21709427474474374,-0.009559053850894669
395,0.0,3593.7842847647735,0.0,0.0036314914770103988,0.3890293732597279,0.006643698606305918,0.26867480429923896,-0.004698228113734493
396,0.0,3599.4613288005075,0.0,0.004416486183208775,0.32035171771365856,-0.001674067808358716,0.28417787832356484,-0.0037909800221217595
397,0.0,3600.8067676240366,8.511362669163354e-06,0.004981685318065699,0.23324127769824657,0.0022489475703755036,0.26889689813596934,-0.0019790017443725803
398,0.0,3607.869018806065,0.060351936654635785,0.010907851461954816,0.015332311796778547,-0.010681627366832624,0.1928275222342121,-0.004589789431110594
399,0.0,3626.7506219678057,0.13436884241106334,0.037083971876942956,-0.11408223526240896,-0.037083971876942956,0.10075459498522576,-0.014338044164860304
400,0.0,3643.011461230931,0.22129981147447092,0.02849829930056837,-0.11035432310141541,-0.02849829930056837,0.03742191955923341,-0.018586120705572723
401,0.0,3657.891924602768,0.0,0.015291080990197947,0.35360813576722877,-0.015291080990197947,0.13227778442163202,-0.017597608790960288
402,0.0,3681.1217128708963,0.18255376949844138,0.028301616124005963,-0.15403125936236484,-0.028301616124005963,0.046385071286432954,-0.02080881099087399
403,0.0,3692.7904826045024,0.0025511969789638557,0.008508585243255052,0.24041835362739214,-0.005112060663142265,0.10459505598872071,-0.016099785892554473
404,0.0,3718.0991571404606,0.028704022220994142,0.030379736088896735,0.07370209687899987,-0.030379736088896735,0.09532716825580445,-0.02038377095145715
405,0.0,3729.1248378113796,3.867622823394803e-05,0.009880870197677045,0.4819262060079768,-0.005350233970025812,0.21130687958145616,-0.015873709857027747
406,0.0,3751.2312497378,0.14684856625967,0.024160525528232415,-0.1430249108115111,-0.024160525528232415,0.10500734246356597,-0.018359754558389146
407,0.0,3763.606742613216,0.0016507556194981334,0.008501753485784054,0.15326725368813496,-0.008482172616111072,0.11948531583093666,-0.015396479975705724
408,0.0,3769.8530802288224,0.0,0.0026190952025737175,0.5504007181613579,0.006753060964795612,0.24875993653006304,-0.008751617693555324
409,0.0,3785.4966098089703,0.022420679008996393,0.01618803591338318,0.08057006059455707,-0.01618803591338318,0.19830297374941122,-0.01098254315950368
410,0.35564164318183655,3807.3424169339796,0.2802230666028872,0.03593822378133662,-0.2638423326073654,-0.03593822378133662,0.05965938184237825,-0.018469247346053562
411,0.0,3814.7087868979097,3.867622823394803e-05,0.00593288964148869,0.3006928299063584,-0.0031369029942853047,0.1319694162615723,-0.013869544040523082
412,0.0,3829.5859277421814,0.05597965509584335,0.012054548030335809,0.18882620150715204,-0.011177346438405495,0.1490264518352462,-0.013061884759887806
413,0.0,3846.4446200444136,0.0,0.020130588722442926,0.41645061255716137,-0.020130588722442926,0.22925370005182075,-0.015182495948654343
414,0.0,3866.2125913568048,0.0836449744669939,0.02694453961140392,0.017391500158475324,-0.02694453961140392,0.1656950400838171,-0.018711109047479215
415,0.0,3880.6977384222596,0.002132915788282907,0.013582660229538648,0.40483809567852663,-0.013582660229538648,0.23743795676222995,-0.017172574402097046
416,0.0,3900.640113193013,0.011191403632377271,0.02134035158119165,0.19593570457085932,-0.02134035158119165,0.22498728110481875,-0.018422907555825426
417,0.0,3916.307169974049,0.005515735115298068,0.01421932244820944,0.45881560811830435,-0.013983982143481304,0.2951357792088644,-0.01709122993212219
418,0.0,3943.4271022836056,0.13120321993305703,0.03659719569375194,-0.0879458698144391,-0.03659719569375194,0.18021128450187335,-0.022943019660611113
419,0.0,3959.978729568393,0.01692210879143161,0.015723806969565726,0.03957658907064131,-0.015723233178154054,0.13802087587250372,-0.020777083715873994
420,0.0,3981.179756221606,0.041217665362163196,0.019404114892896073,0.03761358972243169,-0.019404114892896073,0.1078986900274821,-0.020365193068980617
421,0.0,3991.5091081795717,0.00133401520336881,0.004748230343517464,0.5230658818397326,0.0009718620028143499,0.23244884757115725,-0.013964076547442125
422,0.0,4005.9857866935813,0.001074336725265044,0.00843411027134735,0.2834873729629248,-0.008364167601187281,0.24776040518868753,-0.012284103863565671
423,0.0,4017.6410038006884,0.008479494049636794,0.009760072666869653,0.20024694875344626,-0.009223951575238672,0.23350636825811516,-0.01136605817706757
424,0.0,4034.5471155076903,0.02110235351274287,0.021951538774328885,0.08502459072478626,-0.021951538774328885,0.18896183499811647,-0.014541702356245965
425,0.0,4056.4178629142566,0.03269348180212034,0.03311850889772507,0.09288173622187806,-0.03311850889772507,0.16013780536524494,-0.020114744318689697
426,0.0,4064.796524899238,0.0,0.003502006818905482,0.6114130733887229,-0.001469824834342876,0.29552038577228834,-0.01452126847338565
427,0.0,4082.323638885892,0.038012371830746836,0.015198320512643443,0.1197687119648051,-0.014956909287168968,0.24279488363004334,-0.014651960717520646
428,0.0,4100.6060323939355,0.07946526105871556,0.022351500118751314,0.1243412362532339,-0.022351500118751314,0.2072587894170005,-0.016961822537889845
429,0.0,4106.844616600296,0.0,0.004455057905297706,0.5167497539651322,0.0029721512565790862,0.30010607878144,-0.010981630399549164
430,0.0,4118.466941310795,0.004409825356713782,0.007407687247778625,0.288255718610731,-0.00608704340325625,0.2965509707302273,-0.00951325430066129
431,0.0,4135.681427614633,0.035492739298522265,0.0240279292042732,0.0802953359617383,-0.0240279292042732,0.23167428029968057,-0.013867656771744861
432,0.0,4152.080701235791,0.059489136035798335,0.023677694448732307,-0.039767804889941756,-0.023677694448732307,0.15024165474279386,-0.016810668074841092
433,0.0,4160.5394700551615,0.011688611874735284,0.006301353947540161,0.3335714993927728,-0.0024765147333350506,0.20524060813778755,-0.01251042207238928
434,0.0,4180.553180385867,0.04430909119272598,0.023662849691327804,-0.004524775444513224,-0.023662849691327804,0.1423109930630973,-0.015856150358070836
435,0.0,4198.880224258213,0.12328072422729326,0.024488978810395988,-0.0858550856845593,-0.024488978810395988,0.0738611694388003,-0.01844599889376838
436,0.0,4203.189164823557,0.0,0.0027264580863703715,0.5704555652672276,0.008308447065764462,0.22283948818732852,-0.010419665105908527
437,0.0,4211.572840982745,0.0,0.0035728340199238716,0.36263446004509914,0.0021827428954454965,0.26477797974465966,-0.006638942705502319
438,0.0,4230.227717615397,0.03770074408410959,0.027733885886640386,0.07947237709257447,-0.027733885886640386,0.2091862989490341,-0.01296742565984374
439,0.0,4242.848566640033,0.21585668863462237,0.018837560747266717,-0.21585668863462237,-0.018837560747266717,0.08167340267393715,-0.014728466186070634
440,0.0,4259.123226476148,0.03885697193907143,0.01978412017181823,0.17160558061395592,-0.01978412017181823,0.10865305605594278,-0.016245162381794912
441,0.0,4270.792378877797,0.0,0.008622255232992497,0.4280076359733245,-0.008291700127035331,0.20445943003115727,-0.013859123705367038
442,0.0,4276.264742101385,0.0,0.0030788551540177384,0.5477679691018993,0.006098750919616816,0.30745199175237986,-0.007871761317871881
443,0.0,4283.050066433044,0.0,0.002709938263544099,0.5119426507418329,0.0006284848903810868,0.36879918944921575,-0.00532168745539599
444,0.0,4294.788686292838,0.108614796158796,0.016291767827683216,0.07965867806013317,-0.016033969691145962,0.28205703603249094,-0.008535372126120981
445,0.0,4297.634568010767,0.020323150652214256,0.0066055615446617465,0.3655432296795153,-2.985530772782888e-05,0.30710289412659825,-0.005983717080603035
446,0.0,4304.882732288604,0.006725213898720219,0.0073561259337281545,0.24685715361232316,-0.0059600080690926085,0.2890291719723157,-0.005976604377149907
447,0.0,4310.418255769589,0.0,0.005751127749770088,0.5850887363316067,-0.005050276777375616,0.377847041280103,-0.005698706097217619
448,0.0,4321.956271699789,0.00040265525736856876,0.017711809732431163,0.3842180024622825,-0.017574457541002186,0.3797583296347568,-0.009261431530352988
449,0.0,4319.894025251039,0.0,7.114748042411134e-05,0.4050836394169009,0.010618391933262295,0.3873559225694,-0.003297484491268403
450,0.0,4339.41737247468,0.145410656600083,0.030888920351330246,-0.09534511996102385,-0.030888920351330246,0.24254560981027282,-0.011574915249286954
451,0.0,4342.251993279625,0.0009943043612438422,0.006121596103159831,0.3946344412048259,-0.001988292196510442,0.2881722592286387,-0.008698928333454
452,0.0,4342.229340946581,0.006337342087682787,0.0016826240201734109,0.5210780253062048,0.012466851092408419,0.35804398905190854,-0.0023491945056952745
453,0.0,4352.780547837254,0.0018772948298635616,0.01461461328956837,0.5883733984561683,-0.012822414237148704,0.4271428118731865,-0.0054911604251313036
454,0.13646166332473442,4363.419974509325,0.16589798203782127,0.019593415127162485,-0.1377824067904538,-0.01948959627233489,0.2576652462740944,-0.009690691179292379
455,0.0,4364.269762307307,0.0,0.0028706493779633714,0.41201874275554323,0.004353346329516289,0.303971295218529,-0.005477479926649778
456,0.0,4371.412697872254,3.0523021966849894e-05,0.005313264578086851,0.2345903989462434,-0.004558417451598285,0.2831570263368433,-0.00520176118413433
457,0.0,4379.588320033493,0.0,0.01117923109191622,0.3374689589952643,-0.011110097862980312,0.2994506061343696,-0.006974262187788124
458,0.0,4382.872892736556,0.0,0.006233343377531757,0.37607995732886224,-0.001133764306751212,0.3224394114927174,-0.00522211282347705
459,0.0,4398.661982519143,0.007944336293211725,0.025411492567131683,0.12878120318663167,-0.025411492567131683,0.26434194900089164,-0.011278926746573438
460,0.0,4411.054278269642,0.0,0.019907626674644442,0.29840883563825765,-0.019907626674644442,0.2745620149921014,-0.013867536724994738
461,0.0,4423.774104211423,0.00026730066581259277,0.015038235276963048,0.511609300659314,-0.014172941320822273,0.3456762006922651,-0.013959158103742998
462,0.0,4435.749780876064,0.004453390675748717,0.012241963524559014,0.5100001347955531,-0.009922344041808345,0.3949733809232515,-0.012748113885162601
463,0.0,4447.024771748857,0.018075298297957943,0.009522058425783603,0.4410236369733956,-0.008417603215038425,0.4087884577382947,-0.011448960684125348
464,0.0,4467.060808068288,0.09425647641282817,0.02798541700659906,-0.04915254445686669,-0.02798541700659906,0.27140615707974625,-0.01640989758086746
465,0.0,4481.922660712335,0.023649984870057355,0.01857956326289006,0.1964899704278104,-0.018352446563264044,0.24893130108416547,-0.016992662275586434
466,0.3474150233831663,4505.632465348614,0.24078803323259823,0.03159375541736258,-0.2404267849254,-0.03159375541736258,0.10212387528129582,-0.02137299021811928
467,0.0,4517.952416429006,0.0,0.008073468250869438,0.3177798918871657,-0.00707533362132431,0.1668206802630568,-0.01708369323908079
468,0.0,4535.353987333445,0.04419704225976879,0.013278257923205819,0.31194991642739084,-0.013277920688744236,0.210359451112357,-0.015941961473979825
469,0.0,4552.106697934639,0.055393597589816074,0.016441718233694527,-0.03495665291106317,-0.016441718233694527,0.13676461990533093,-0.016091888501894233
470,0.0,4570.909518535412,0.07184156172477504,0.021895837695303132,0.003930909577117754,-0.021895837695303132,0.09691450680686696,-0.017833073259916902
471,0.0,4591.038006099999,0.20215032877667288,0.02442892051758673,-0.20069417963853378,-0.02442892051758673,0.007631900873246736,-0.01981182743721785
472,0.0,4610.052628041039,0.00012809561823393342,0.02021218492153443,0.3339794430697028,-0.02021218492153443,0.10553616353218355,-0.019931934682512822
473,0.0,4624.159278168336,3.867622823394803e-05,0.00821598967358673,0.3740445342915921,-0.00792103690632858,0.18608867476000612,-0.01632866534965755
474,0.0,4649.793781413444,0.022493804083658427,0.03196242207678966,0.09951733703788374,-0.03196242207678966,0.1601172734433694,-0.021018792367797183
475,0.0,4668.623721169668,0.07675119970762138,0.02134595551261618,0.09186490684162708,-0.021344231737580273,0.1396415634628467,-0.021116424178732107
476,0.0,4685.815829137776,0.12341873945667896,0.013246864017519695,0.01772391270618373,-0.01304246520965645,0.1030662682358478,-0.01869423648800941
477,0.0,4706.924947913871,0.04367228730620165,0.021202129077018326,0.038116983807843834,-0.021202129077018326,0.0835814829074466,-0.019446604264712085
478,0.0,4726.226068747581,0.004123125349158444,0.01992723021752355,0.15482728509394036,-0.01992723021752355,0.10495522356339472,-0.019590792050555524
479,0.0,4750.289312359602,0.17965549681345463,0.02905859508053025,-0.06349830262189363,-0.02905859508053025,0.054419165707808206,-0.02243113295954794
480,0.0,4760.850967732913,0.0,0.002323382156503948,0.5802251656322533,-0.0006617431017556213,0.21216096568514176,-0.015900316002210244
481,0.0,4780.254605661806,0.0,0.0163959690189037,0.2853261726507573,-0.0163959690189037,0.2341105277748264,-0.01604901190721828
482,0.0,4798.181069410905,0.03373262903629823,0.020115261478853678,0.16635606265636613,-0.020115261478853678,0.21378418823928833,-0.0172688867787089
483,0.0,4812.0964229870915,0.04037228285607835,0.011553062264590127,0.02569004357248338,-0.011553062264590127,0.15735594483924684,-0.015554139424473267
484,0.0,4828.667934914224,0.1167592806574004,0.016024030146720252,0.011191729512938352,-0.015887470311019898,0.11350668024135428,-0.015654138690437254
485,0.0,4841.1755482431045,0.039335305357623904,0.00931309751545972,0.2199785065578981,-0.009203043422572086,0.14544822813631741,-0.013718810110077702
486,0.0,4853.737081391825,0.0010387628948668088,0.009308558292128058,0.22621697245589853,-0.009291849169377189,0.16967885143219175,-0.012390721827867546
487,0.0,4865.744407958858,0.0,0.01020855640715649,0.25732752317673224,-0.01020855640715649,0.19597345295555388,-0.011736072201654228
488,0.0,4881.718953701973,0.18031672688935935,0.01988429871905971,-0.18028825340742485,-0.01988429871905971,0.08309494104666024,-0.014180540156875872
489,0.0,4895.45280241784,0.0,0.01579625377479662,0.3854923919956191,-0.01579625377479662,0.17381417633134788,-0.014665254242252096
490,0.0,4913.582521331074,0.12190470720333912,0.022387799479064906,0.034711657020938216,-0.022387799479064906,0.13208342053822497,-0.01698201781329594
491,0.0,4928.088872216698,0.056011636463104086,0.0143444146540672,0.02538530392762244,-0.014237673767151042,0.10007398555504421,-0.01615871459945247
492,0.0,4941.063985801229,0.06548354436095917,0.010944050160282484,0.42622712415324354,-0.008668604970614316,0.19791992713450401,-0.013911681710801024
493,0.0,4961.548345207866,0.15659103756091555,0.02526410098478011,-0.07963545908676399,-0.02526410098478011,0.11465331126812359,-0.01731740749299475
494,0.0,4973.401720934535,0.0,0.010523464747286498,0.49119555311347285,-0.009481639002933214,0.22761598382172835,-0.014966676945976289
495,0.0,4988.346530014154,0.0014352940072094092,0.012472441237921935,0.12386162921039903,-0.012472441237921935,0.19648967743832957,-0.014218406233559982
496,0.0,5007.301843236174,0.14898062933506173,0.023307513800750367,-0.1388129849029641,-0.023307513800750367,0.09589887873594147,-0.016945138503717098
497,0.0,5019.254159873309,0.0,0.011127457173037834,0.4143416482478563,-0.009383772396415073,0.1914317095895159,-0.01467672867152649
498,0.0,5038.090096106232,0.06067185362614519,0.020978817515904837,0.1383736464439397,-0.020978817515904837,0.17551429064584306,-0.016567355324839994
499,0.0,5054.839534920509,0.0,0.018916098691704096,0.3529226117016621,-0.018916098691704096,0.22873678696258876,-0.017271978334899223
500,0.0,5065.947124224122,0.027081280158648795,0.006247011191027246,0.10156051444846383,-0.005163483488529411,0.19058390520835125,-0.013639429880988279
501,0.0,5082.555305492845,0.007682484830586942,0.01632434372056172,0.1915322367756283,-0.016040423965945596,0.19086840467853436,-0.014359728106475473
502,0.0,5093.426390432864,0.0034134552958400275,0.008268325551784328,0.4921934029734728,-0.007842032161240107,0.2812659041670159,-0.012404419322904862
503,0.0,5104.419991637923,0.07354002001202026,0.007430350975666109,0.0008536051349748563,-0.007428434927841365,0.19714221445740357,-0.010911624004385813
504,0.0,5114.892109632186,0.0,0.008734873577486394,0.30001860448888373,-0.00844099135983692,0.22800513146684762,-0.010170434211021144
505,0.0,5121.903533779872,0.0,0.0035699529898410623,0.32900581865292705,-0.002817090544319138,0.25830533762267144,-0.007964431111010542
506,0.0,5142.4230331125655,0.17603481396378595,0.03182290334367217,-0.17596497295174712,-0.03182290334367217,0.12802424445034588,-0.01512197278080903
507,0.0,5147.724584945798,0.002098645849303127,0.008623076087234975,0.4562122168861604,-0.002118535046062004,0.22648063618109024,-0.011220941460384921
508,0.0,5157.054337963985,0.0,0.005253616285428443,0.39822183803178424,-0.0032173912470316803,0.27800299673629847,-0.00881987639637895
509,0.0,5178.324690817169,0.0645920600280868,0.03225725957304917,0.06644705242867358,-0.03225725957304917,0.214536213444011,-0.015851091349380012
510,0.0,5187.54497847191,0.0025212330135420246,0.009397218382370995,0.18761756308362146,-0.009361099228260311,0.20646061833589413,-0.013904093713044102
511,0.0,5208.546190658668,0.18587384688330144,0.026661634662098865,-0.17591462176539308,-0.026661634662098865,0.09174804630550798,-0.01773135599776053
512,0.0,5221.243455157129,0.07509565217737331,0.012270176545067664,-0.02486073437329295,-0.011230396920797787,0.056765412101867696,-0.015781068274671708
513,0.0,5234.654570321708,0.03875106478112044,0.011156289910196354,0.1934071775129898,-0.008812116250428695,0.09775794172520433,-0.013690382667398804
514,0.0,5247.627551483935,0.0009942262538553599,0.010030969250595092,0.22618461814527116,-0.01001799869071675,0.13628594465122437,-0.012588667474394187
515,0.0,5264.854444081491,0.2292547898721696,0.02110401648826667,-0.2284034433495337,-0.02110401648826667,0.026879128250996948,-0.01514327217855593
516,0.0,5280.190701933348,0.0,0.018206372231435668,0.33310038012796317,-0.018206372231435668,0.1187455038140868,-0.01606220219441985
517,0.0,5291.369342166331,0.004056414989788578,0.007230858385415717,0.33437397552053,-0.006845333541286128,0.18343404532601976,-0.013297141598479733
518,0.0,5302.427526375094,0.0,0.007937023109928413,0.5019426898402102,-0.00575237558246456,0.27898663868027684,-0.01103371179367518
519,0.0,5318.40584515706,0.0,0.018978044675582825,0.5738555065876255,-0.018977236972608433,0.3674472990524814,-0.013416769347355154
520,0.0,5336.025172130562,0.11407936662307425,0.024654449353579133,-0.0411214936690163,-0.024654449353579133,0.24487666123603208,-0.016788073349222346
521,0.0,5354.886746948601,0.2067763202131867,0.024619643077869208,-0.19811934667386505,-0.024619643077869208,0.11197785886306294,-0.019137544267816404
522,0.0,5366.70288232805,0.021776360456659268,0.008408818215497287,0.2764050525366865,-0.00633197462391817,0.16130601696515,-0.015295873374646933
523,0.0,5389.708257304681,0.13181000891155992,0.027355594531729224,-0.04069627350404756,-0.027355594531729224,0.10070532982439073,-0.018913789721771622
524,0.0,5404.377303246763,0.06720018019834817,0.014361281938008586,0.25663878399681817,-0.01383923637567432,0.14748536607611895,-0.01739142371794243
525,0.0,5418.704960314513,0.0009487073903412203,0.009615476703489884,0.38973476941476176,-0.009422778609386258,0.2201601870777118,-0.01500083018537558
526,0.0,5442.15875196558,0.20037448408984607,0.030120964975806838,-0.18425351713970017,-0.030120964975806838,0.09883607581248818,-0.019536870622504955
527,0.0,5459.159047784676,0.018058274754503858,0.018977381904079365,0.22840796776281502,-0.018977381904079365,0.13770764339758623,-0.019369024006977275
528,0.0,5478.405847634822,0.0,0.0189395501224021,0.4576975382308108,-0.0189395501224021,0.2337046118475536,-0.019240181841604722
529,0.0,5492.048406358262,0.0,0.010755810411845385,0.5070304877235197,-0.007444256423167181,0.3157023746103434,-0.01570140421607346
530,0.0,5509.049250712145,0.004194184525032281,0.014722344476580787,0.2097014246290997,-0.014722344476580787,0.2839020896159703,-0.015407686294225658
531,0.0,5524.3427783816705,0.007899095027960075,0.015854641544560205,0.31659714305313463,-0.014863899657508173,0.2937106056471196,-0.015244550303210412
532,0.0,5541.615645297604,0.022381329612884887,0.01930027658907535,0.11622702550462381,-0.01930027658907535,0.24046553160437084,-0.016461268188969893
533,0.30473366556184667,5563.919570979288,0.26358990422548395,0.029900885763124427,-0.2394469760473843,-0.029900885763124427,0.0964917793088443,-0.020493153461216253
534,0.0,5577.581009161671,0.0011372248048245306,0.0104602937889051,0.21777712041703517,-0.0104602937889051,0.13287738164130156,-0.017483295559522907
535,0.0,5600.962185086915,0.1720547358624122,0.026635277673843636,-0.09818033332561002,-0.026635277673843636,0.06356006715122808,-0.020228890193819123
536,0.0,5617.780076850198,0.06022241686497614,0.01616328028210375,0.08330488223516976,-0.01598263787426101,0.06948351167641058,-0.01895501449795169
537,0.0,5637.849224399022,0.07786371738779267,0.02012486464224669,0.16427999460131107,-0.019949171170738772,0.09792245655388071,-0.019253261499787816
538,0.6188635538179286,5659.133862375929,0.326830791937407,0.02379596978736568,-0.32210034007838895,-0.02379596978736568,-0.028084382435800193,-0.020616073986061172
539,0.0,5668.291789471377,0.0,0.003036896625026783,0.5636171885017275,0.001835469029515524,0.1494260888454581,-0.013880611081388163
540,0.0,5683.450045946776,0.012960854230638263,0.009612970655229687,0.1556267757394238,-0.009526265126542888,0.1512862949136478,-0.01257430729493458
541,0.0,5691.239254858407,0.0,0.006809371520404731,0.5544363677532587,-0.0012446192188283534,0.2722313167655311,-0.009175400872102711
542,0.0,5703.974243145826,0.010491603389695224,0.013293984643211238,0.3256285567557429,-0.013050680463562583,0.2882504887625946,-0.010337984749540672
543,0.0,5713.284783086003,0.00035723532698358974,0.010230211717775073,0.3037341620647563,-0.009408499602362046,0.2928955907532431,-0.010059139205387084
544,0.0,5728.788305412264,0.039142042314590585,0.021111139932046736,0.1030622742552994,-0.021111139932046736,0.23594559580386,-0.013374739423384978
545,0.0,5737.324752484399,0.004462686127601051,0.007948515874928456,0.34293079540618066,-0.006748713918697909,0.26804115568455616,-0.011386931771978855
546,0.0,5753.6136860743345,0.16266909864742682,0.01954202750670361,-0.13076901951053352,-0.019528802589173427,0.14839810312602925,-0.013829493017137227
547,0.0,5765.576221299179,0.19968511125610797,0.012487784613673825,0.08183104955636562,-0.012484332246900862,0.12842798705513014,-0.013425944786066317
548,0.0,5782.699865397428,0.025018188543990925,0.020709122279080113,0.1377142258011209,-0.020709122279080113,0.13121385867892738,-0.015610898033970455
549,0.0,5798.59257928668,0.03599942245378064,0.018474007365709078,0.19613324571909868,-0.018474007365709078,0.15068967479097878,-0.01646983083349204
550,0.0,5814.874325469978,0.02639803419199754,0.01697270947842381,0.20418879310578852,-0.01697270947842381,0.1667394102854217,-0.01662069442697157
551,0.0,5825.566337987872,0.06165974898709561,0.0046935766145021545,0.17760540497960162,-0.004426423359600932,0.16999920869367566,-0.012962413106760379
552,0.0,5839.97706575675,0.07560964384750313,0.01254536496240233,-0.014152483935685405,-0.012169025610949196,0.11475370090486732,-0.012724396858017023
553,0.0,5861.146263655293,0.005515735115298068,0.030069798766675346,0.3362027424445808,-0.030069798766675346,0.18118841336678138,-0.01792801743061452
554,1.8135774544167576,5895.781500146515,0.41854405531775835,0.058155161903335556,-0.41854405531775835,-0.058155161903335556,0.0012686727614194815,-0.02999616077243083
555,0.0,5912.746528330641,0.0054933489952000885,0.01541895052785556,0.19619033408525985,-0.01541895052785556,0.05974517115857159,-0.025622997699058247
556,0.0,5931.009805090669,0.02239873366392465,0.00815325500758973,0.1025966669780622,-0.0057348675413160235,0.07260061990441877,-0.01965655865173558
557,0.0,5953.104092026219,0.00016755162339511862,0.018839267628562337,0.3676733151486989,-0.01852011856872123,0.1611224284777028,-0.019315626626831273
558,0.0,5966.596273736001,0.0,0.008572416423500049,0.43197315910727596,-0.006828312190368908,0.2423776476665747,-0.015569432295892562
559,0.0,5991.639673110722,0.06581326687569926,0.031404577948721514,0.03755852931402634,-0.031404577948721514,0.1809319121608102,-0.020319975991741245
560,0.0,6012.944999783377,0.27500150632010084,0.027321272926822272,-0.1343730027286775,-0.027321272926822272,0.08634043769396388,-0.022420365072265552
561,0.0,6024.9297015634365,0.0030829734567344932,0.006604951307560238,0.20741866083322058,-0.002867305172382772,0.12266390463574088,-0.016554447102300716
562,0.0,6037.648897879691,0.0,0.005594490248454729,0.48526520663984757,-0.00245401007932127,0.23144429523697288,-0.012324315995406883
563,0.0,6053.424522181491,0.1019434530131869,0.015108155064048475,-0.04169791110729198,-0.015108155064048475,0.1495016333336934,-0.01315946771599936
564,0.0,6069.080222351901,0.07768045463609054,0.019229901704972862,0.0753787422137004,-0.019229901704972862,0.12726476599769548,-0.01498059791269141
565,0.0,6084.326494896337,0.25200140374522323,0.017431097350378538,-0.23633823424652112,-0.017431097350378538,0.018183865924430498,-0.015715747743997546
566,0.0,6100.964357235318,0.0,0.01841880255963326,0.27726726578942085,-0.01840260089115731,0.0959088858839276,-0.016521803688145473
567,0.0,6115.359351053773,0.0,0.012930591401442032,0.30797956796261877,-0.012930591401442032,0.15953009050753494,-0.01544444000213444
568,0.0,6127.836203517182,0.02966291987618378,0.01040962378581977,0.03857271224181488,-0.008139712123530252,0.12324287702781891,-0.013253021638553185
569,0.0,6132.5090789764145,0.0,0.00344518324579931,0.6143166882293198,0.006905010363763368,0.2705650203882692,-0.007205612037858218
570,0.0,6146.305327056191,0.09870065688065473,0.01567577525978446,0.1478671779238698,-0.014636718791131993,0.23375566764894934,-0.00943494406384035
571,0.6836537046402769,6165.180574912002,0.30957245088786417,0.03142446449084408,-0.30903319692628517,-0.03142446449084408,0.07091900827637897,-0.01603180019194147
572,0.0,6182.5831187652275,0.0012495692092986477,0.025759241286386795,0.19140574459338966,-0.025759241286386795,0.10706502917148217,-0.018950032520275065
573,0.0,6200.8766752190695,0.06220208354469414,0.02062796138830333,0.06758404813825421,-0.020622199390553965,0.09522073486151376,-0.019451682581358733
574,0.0,6216.0021434167975,0.007190693041715407,0.0109612880957574,0.12726864936429202,-0.0109612880957574,0.10483510921234723,-0.01690456423567833
575,0.0,6228.237988006789,0.014849870626561847,0.0068768781499024,0.4104979907113378,-0.00452481669707875,0.1965339736620444,-0.013190639974098455
576,0.0,6246.587412777428,0.1220476796093614,0.02185246203161548,-0.006510772395777846,-0.02006943719441277,0.1356205498446977,-0.015254279140192749
577,0.0,6251.47514093873,0.0,0.002051663752545683,0.34151892848050647,0.004193077934482723,0.19739006343544033,-0.009420072017790106
578,0.0,6267.680897556263,0.0474501529190446,0.017479615848084117,0.10850821208073445,-0.017479615848084117,0.17072550802902853,-0.011837935166878309
579,0.0,6274.35168174388,0.001148612077825956,0.005275527125026956,0.3191574792378319,-0.003591644740384037,0.21525509939166954,-0.009364048038930027
580,0.0,6289.437960344608,0.18031275504563068,0.018708395951063533,-0.1610632006877236,-0.018708395951063533,0.1023596093678516,-0.012167352412570078
581,0.0,6305.067584897262,0.14844381547853686,0.02230052809362229,-0.05975075001423849,-0.02230052809362229,0.05372650155322457,-0.015207305116885741
582,0.0,6310.135709901609,0.0,0.002201342310734753,0.49718052479171726,0.002749369383910987,0.18676270852477236,-0.009820302766646723
583,0.0,6327.1867630625875,0.04768456187879979,0.01949940217457335,0.08520504322437283,-0.019272905306673412,0.1562954089346525,-0.01265608352865473
584,0.0,6338.404586116878,0.04021986680747317,0.012613645834154934,0.2950275469043674,-0.012613645834154934,0.19791505032556694,-0.01264335222030479
585,0.0,6354.939174093521,0.052297416985673806,0.020736831599811375,0.16736226405266988,-0.020736831599811375,0.18874921444369783,-0.015071396034156765
586,0.0,6365.8722572818815,0.017313957549045016,0.008979123244844093,0.07389891727356261,-0.008979123244844093,0.15429412529265724,-0.013243714197362963
587,0.0,6382.61877262647,0.02184283495971186,0.0193369614956035,0.20408865399316992,-0.018637381340754676,0.16923248390281104,-0.014861814340380475
588,0.0,6399.531422449394,0.021599243609629667,0.020843233136124576,0.19245941650128695,-0.02081990924465851,0.17620056368235382,-0.016649242811663884
589,0.0,6415.474504307026,0.03944063006277108,0.01707604243374422,0.14471194364138978,-0.017039978815018342,0.16675397767006458,-0.01676646361267022
590,0.0,6433.87294595993,0.06816384444893948,0.02028852286420388,0.03626384418019929,-0.02028852286420388,0.127606937623105,-0.017823081388130317
591,0.0,6449.24437625948,0.0002275021232850495,0.013817842244731421,0.4711287567705903,-0.013816118469695514,0.23066348336735057,-0.016620992512599873
592,0.0,6457.927047697017,0.010183686935745222,0.0028848756343286632,0.35127089307112164,0.0011693523057945826,0.26684570627848186,-0.011283889067081537
593,0.0,6470.725520713402,0.02194318744672871,0.008918943384721295,0.11020426226174676,-0.008879789539050364,0.2198532730734613,-0.010562659208672184
594,0.0,6471.644020052099,0.0,0.0009528182899517588,0.552295414272955,0.010280621622952872,0.3195859154333094,-0.004309674959184667
595,0.0,6488.656033036901,0.04451025503710213,0.02425935391933767,0.05001198596980561,-0.02425935391933767,0.23871373659425824,-0.010294578647230566
596,0.12533669265362946,6501.8452384847305,0.25166803343140126,0.022565565814468634,-0.24479438717429816,-0.022559325823525895,0.0936612994636913,-0.013974002800119165
597,0.0,6511.907617106425,0.0,0.009732531862322773,0.45581964506724265,-0.009657519254326915,0.2023088031447567,-0.01267905773638149
598,0.0,6527.409378632266,0.1306512945292053,0.017694656303599635,-0.07593058990031233,-0.017210789523028288,0.11883698523123597,-0.014038577272375528
599,0.0,6551.669129887597,0.052245644948282065,0.03674885592019261,0.01870882971935296,-0.03674885592019261,0.08879853857767106,-0.02085166086672065
600,0.1505645661191859,6574.207809335436,0.30576367721670206,0.03146324498816034,-0.2989364795354703,-0.03146324498816034,-0.027521966856271347,-0.024035136103152555
601,0.0,6596.992118073535,0.10804636452306664,0.024745365797237795,-0.06961042684984689,-0.024745365797237795,-0.04014850485434401,-0.024248205011378123
602,0.0,6617.256133841146,3.867622823394803e-05,0.016169757532932733,0.2519280080486848,-0.016169757532932733,0.047474449016564634,-0.021824670767844504
603,0.0,6627.988431480967,0.004842569879360137,0.004479585657279382,0.4673815555801436,0.003808954752551919,0.1734465809856383,-0.014134583111725576
604,0.0,6650.089212147043,0.23086167095114188,0.02272032004149747,-0.07877344786401214,-0.02272032004149747,0.09778057233074318,-0.016710304190657145
605,0.0,6665.86982321488,0.004041727731408298,0.01745648630866787,0.1580430940811917,-0.01745648630866787,0.11585932885587771,-0.01693415882606036
606,0.0,6678.046565655745,0.0,0.008220136572191117,0.5161319036945448,-0.007256056602116279,0.2359411013074778,-0.014030728158877135
607,0.0,6684.297807931066,0.0,0.004150180388842894,0.8311202860888873,0.005200941043515008,0.4144948567419007,-0.008261227398159491
608,0.0,6701.137352978225,0.0020276909847484507,0.020162641326900328,0.4207890717401815,-0.020122825874493926,0.4163831212413849,-0.01181970694105982
609,0.0,6716.772191001052,0.1213765229103149,0.02347464621859817,-0.09986761551573026,-0.02347464621859817,0.26150790021425036,-0.015316188724321323
610,0.0,6731.190340560116,0.14370036754134272,0.01745460147569751,-0.09833395477979584,-0.017087442320928882,0.1535553437160365,-0.015847564803303592
611,0.0,6734.835131425597,0.0,0.0018484076338033594,0.8984528848963752,0.009021364151553251,0.3770246060701381,-0.008386886116846537
612,0.0,6741.863741080242,0.0,0.003410772909637361,0.4054326788434022,0.002214396811132026,0.3855470279021173,-0.005206501238452968
613,0.0,6746.128774808743,0.0,0.003634474088908859,0.4595343065996758,6.779032227086932e-05,0.4077432115113848,-0.003624213770235817
614,0.0,6754.388554945451,0.0,0.011633427587657647,0.37930070127683113,-0.011633427587657647,0.39921045844101866,-0.006026977915462365
615,0.0,6760.6496877120835,0.0,0.010569297370898024,0.39612639676454753,-0.00901767984001175,0.3982852399380773,-0.00692418849282718
616,0.0,6773.61049680944,0.05648513136075476,0.0204350757703522,0.08479113483146211,-0.0204350757703522,0.3042370084060927,-0.010977454676084686
617,0.0,6781.032694788631,0.06756575484256214,0.009975326656398774,0.08868180106707733,-0.0077928221651151885,0.23957044620438805,-0.010022064922793835
618,0.0,6805.320636158409,0.18910437344175143,0.03874744319433443,-0.18087642053907005,-0.03874744319433443,0.1134363861813506,-0.01863967840425601
619,0.0,6820.982019227877,0.11152028563985186,0.021411577166635786,-0.05178926700422178,-0.021411577166635786,0.06386869022567888,-0.019471248032969943
620,0.0,6836.416129743598,0.0016491511515844273,0.011926763235277789,0.3016996509565422,-0.011926763235277789,0.13521797844493788,-0.017207902593662297
621,0.0,6847.783569600049,0.0,0.00662903651179001,0.39697741735739034,-0.002682620391860056,0.2137458101186736,-0.012850317933121625
622,0.0,6862.4914379611955,0.16880278954843608,0.012181063970110803,-0.14287943858860297,-0.012181063970110803,0.10675823550649063,-0.012649541744218378
623,0.0,6875.29271397795,0.0,0.012756512948562657,0.3691357808895511,-0.012756512948562657,0.18547149912140876,-0.012681633105521662
624,0.0,6878.559591539714,0.006892059533643215,0.003856032153471609,0.45071078148911714,0.006899012442616058,0.26504328383172127,-0.006807439441080345
625,0.0,6893.3885347322575,0.030177073765117794,0.017399953856167206,0.0822222697078147,-0.017399953856167206,0.2101969795945493,-0.009985193765606403
626,0.0,6901.711824645536,0.011621431112019413,0.009833054827970375,0.19586792872535155,-0.009833054827970375,0.20589826433378997,-0.009939552084315594
627,0.0,6912.000526576001,0.004767536313767971,0.010619404179116304,0.16943255817695482,-0.010619404179116304,0.19495855248673943,-0.010143507712755807
628,0.0,6930.427736194439,0.06166215238068577,0.027613673795883444,-0.020281078777677524,-0.027613673795883444,0.13038666310741434,-0.015384557537694098
629,0.0,6940.796452023923,0.09133798857925535,0.010395870034217288,0.1349416685358877,-0.010394314213234924,0.13175316473595633,-0.013887484540356345
630,0.0,6956.5830164235895,0.13257196840611282,0.016284449875026273,-0.023416593403644437,-0.016284449875026273,0.08520223729407608,-0.014606574140757323
631,0.0,6968.295179597694,0.0,0.009336130427430514,0.39729950628110844,-0.009325602960647899,0.1788314179901858,-0.013022282786724494
632,0.0,6984.299038066365,0.007886341230351486,0.01758359529699555,0.1560805441027147,-0.01758359529699555,0.17200615582394446,-0.01439067653980581
633,0.0,7006.2809170747805,0.20163136700798007,0.03163109184220171,-0.1368994418884241,-0.03163109184220171,0.07933447651023388,-0.01956280113052458
634,0.05259475885607667,7029.321310159809,0.25880723243251225,0.03219541415107511,-0.2578326571752353,-0.03219541415107511,-0.02181566359540686,-0.023352585036689737
635,0.0,7046.276265268932,0.14177413376293455,0.01403147100943359,0.11580499298176833,-0.013971880923179735,0.019470533377745694,-0.020538373802636734
636,0.0,7066.8346494704765,3.867622823394803e-05,0.017648592098222327,0.2560544204095142,-0.017648592098222327,0.09044569948727624,-0.01967143929131241
637,2.3139450774228383,7098.026774044032,0.46228183708963577,0.042769810180022995,-0.46228183708963577,-0.042769810180022995,-0.07537256148579738,-0.026600950557925586
638,0.8325839783841982,7126.63779410694,0.2988224164312712,0.038006836262693626,-0.2932042393771511,-0.038006836262693626,-0.1407220648532035,-0.030022716269355994
639,0.0,7149.590514192535,0.0037606078234726464,0.01889051137477997,0.3418005376315578,-0.018857896835925415,0.004034715892224913,-0.026673270439326817
640,0.0,7172.652004078483,0.0,0.01568967150802654,0.4635807041639418,-0.01565972154684069,0.14189851237374,-0.023369205771580977
641,0.4309577178817361,7197.8259772732845,0.17883997810400667,0.023687403874388883,-0.17759737064398462,-0.023687403874388883,0.04604974746842261,-0.023464665202423345
642,0.0,7220.931349821584,0.0662289612267139,0.022815575746794978,0.140600830125747,-0.022815575746794978,0.07441507226561991,-0.023269938365734832
643,0.0,7235.644248760241,0.01872259772491883,0.0071006026922384455,0.267015504068061,-0.005239932437771182,0.13219520180635225,-0.017860936587345735
644,0.0,7252.466029662376,0.020966210975734034,0.01057374805684897,0.3959901907400921,-0.010061652057335562,0.2113336984864742,-0.015521151228342682
645,0.0,7256.801596661334,0.0,0.0010738501349812342,0.49576641413936495,0.010219425665171507,0.2966635131823414,-0.007798978160288425
646,0.0,7261.778204296323,0.003769027698035662,0.0020054412502547724,0.22617104903271887,0.006124890713308032,0.27551577393745463,-0.003621817498209488
647,0.0,7277.101348463622,0.07195146390995884,0.023648372369148015,0.11904271053908014,-0.023648372369148015,0.22857385491794227,-0.009629783959491045
648,0.0,7290.129886588056,0.06045793442214722,0.02296882020029003,-0.02418855497500404,-0.02296882020029003,0.15274513195005837,-0.01363149483173074
649,0.0,7301.620286844145,0.11346393291833,0.013339329957727847,-0.04154888099055745,-0.013339329957727847,0.09445692806787362,-0.01354384536952987
650,0.006576196502042775,7325.140925656989,0.17569790885842704,0.034237530186641794,-0.16136765713116102,-0.034237530186641794,0.017709552508163216,-0.019751950814663445
651,0.0,7340.603488833406,0.0,0.01728250307366441,0.40924899334699666,-0.01728250307366441,0.13517138475981325,-0.019011116492363735
652,0.0,7363.5561534762,0.02545968689088951,0.026450972720032037,0.09022618747170577,-0.026450972720032037,0.121687825573381,-0.021243073360664225
653,0.0,7386.9116237706685,0.15797871733322263,0.027968855377234265,-0.0797515335943475,-0.027968855377234265,0.06125601782306245,-0.023260807965635236
654,0.0,7400.924605270124,2.29654383232292e-05,0.008452913201978916,0.30794542667791786,-0.006096309707937197,0.13526284047951906,-0.018111458488325825
655,2.2192766456324464,7432.048996567683,0.3785910147945322,0.03985782946869983,-0.3785910147945322,-0.03985782946869983,-0.018893316102696317,-0.02463536978243803
656,0.0,7446.657544230695,0.0,0.011484709893490276,0.4058941481927648,-0.010541897964998,0.10854292318594203,-0.020407328237206018
657,0.0,7469.820434402537,0.06348551794686774,0.021743872324747043,0.02481140083127087,-0.021743872324747043,0.08342346647954067,-0.020808291463468326
658,0.0,7482.387811937856,0.037113813763450874,0.005539673500496261,0.10067449401951237,-0.004057390807181405,0.08859877474153217,-0.01578302126658225
659,0.0,7489.304009569839,0.0,0.0014485472265002423,0.588928861240138,0.007924184427256831,0.2386978006911139,-0.008670859558430525
660,0.5919269643161851,7507.786484687648,0.1689708789948011,0.021703223527811767,-0.15180329010979432,-0.021703223527811767,0.12154747345084144,-0.012580568749244897
661,0.0,7523.4576399563,0.08069572600699262,0.023091904405109494,-0.05330304392335107,-0.023091904405109494,0.06909231823858368,-0.015733969446004276
662,0.0,7533.953931077449,0.0,0.008154552242197625,0.28583972111575034,-0.00810693199501246,0.13411653910173368,-0.01344585821070673
663,0.8898833331818612,7557.8491171854375,0.2830477728359355,0.03283184212661009,-0.2430398964826108,-0.03283184212661009,0.020969608426430336,-0.019261653385477737
664,0.0,7575.716310982626,0.004833663537870864,0.02241464921692688,0.23173382414510757,-0.02241464921692688,0.0841988731420335,-0.02020755213491248
665,0.0,7592.964258532875,0.04238909799124436,0.015027020447525474,0.03302160982209848,-0.015027020447525474,0.06884569414605299,-0.018653392628696377
666,0.0,7615.791710073471,0.11217277877311754,0.02573043254284572,0.017192836329426888,-0.02573043254284572,0.053349836801065156,-0.020776504602941177
667,0.0,7626.749161417074,0.0027872334510534507,0.007359215482809533,0.3353703738651588,-0.0025317186191581194,0.13795599792029323,-0.015303068807806259
668,0.0,7650.4836796766185,0.16280249751615095,0.02716709287899488,-0.05065740224155464,-0.02716709287899488,0.08137197787173886,-0.018862276029162843
669,0.0,7665.0668600105855,0.04772544583059225,0.013655000853084388,0.04825912580966044,-0.013655000853084388,0.07143812225311533,-0.017300093476339304
670,0.0,7682.3170659617235,0.00012809561823393342,0.015591273528242073,0.34282717658264916,-0.015568887639647089,0.15285483855197546,-0.01678073172533164
671,0.0,7698.560640376812,0.05986209966377621,0.015227200712178268,0.0822398956149018,-0.015120652171691628,0.13167035567085336,-0.016282707859239635
672,0.0,7714.290534631097,0.01920493801780459,0.014612237988404927,0.14736409533439435,-0.014612237988404927,0.13637847756991564,-0.01578156689798922
673,0.0,7732.667580825703,0.012436581663957719,0.020666793597969572,0.1300726827591577,-0.020666793597969572,0.13448673912668824,-0.017247134907983325
674,0.0,7745.983759620083,0.0025622923163736372,0.010630734615085905,0.263169876434851,-0.010584276348386951,0.17309168031913708,-0.015248277340104411
675,0.0,7761.262278651994,0.03648665855376822,0.01326578939696219,0.10247970241880125,-0.01322913756482887,0.15190808694903632,-0.014642535407521747
676,0.0,7772.778072079574,0.08416096311421832,0.010161406684001903,0.24580984692592028,-0.00749750843620165,0.18007861494210148,-0.012499027316125717
677,0.0,7789.885489593042,0.04212800383616787,0.01986701929871859,0.1878209054118377,-0.01986701929871859,0.18240130208302235,-0.014709424910903577
678,0.0,7800.961818371856,0.0,0.009516823441783102,0.2848240068469467,-0.00944297213027857,0.21312811351219962,-0.013129489076716074
679,0.0,7819.145274793975,0.020073517362922705,0.022012821219025987,0.11152862034415958,-0.022012821219025987,0.1826482655617876,-0.01579448871940905
680,0.0,7830.516105258125,0.00026730066581259277,0.010192447187251664,0.3975033116970863,-0.009354575315426066,0.24710477940237718,-0.013862514698214153
681,0.0,7850.550496358387,0.001648218256763461,0.02470811759706916,0.31396015913713554,-0.02470811759706916,0.2671613933228047,-0.017116195567870654
682,0.0,7870.788225596134,0.09100725865160521,0.027008641619338893,0.14593248520292923,-0.027008641619338893,0.23079272088684205,-0.020083929383311126
683,0.0,7886.707134389004,0.02455610090953534,0.014520286116958813,0.3380440456578039,-0.014498192544306152,0.2629681183181306,-0.01840820833160963
684,0.0,7904.725444393814,0.07501697187116568,0.015884775587148105,0.10151324819297936,-0.015850377388588008,0.2145316572805852,-0.017640859048703144
685,0.0,7922.275917659504,0.0035487886076904737,0.017174155041111756,0.3319269224690674,-0.01665323316439762,0.24975023683712985,-0.017344571283411485
686,0.0,7944.245729732846,0.03153780079379922,0.02667185650691968,0.07043484626193688,-0.02667185650691968,0.19595561966457195,-0.020142756850463944
687,0.0,7958.989799378773,0.035465986816633266,0.01217766493013271,0.17230802331477393,-0.011810268473358332,0.18886134075963254,-0.01764301033733226
688,0.0,7973.288359707094,0.0,0.008071503534048365,0.35439177777415143,-0.008071503534048365,0.23852047186398823,-0.01477155829634709
689,0.0,7987.892912724191,0.014892081582612602,0.011432534755215489,0.08486383728506773,-0.011432534755215489,0.19242348149031205,-0.01376985123400761
690,0.0,8005.840463556397,0.11557779769585912,0.021429947206984292,0.016502140210116825,-0.021429947206984292,0.13964707910625349,-0.016067880025900615
691,0.0,8019.180660836696,0.0057262264216054815,0.012786502280580116,0.16670554131090917,-0.012778987630787015,0.14776461776765018,-0.015081212307366535
692,0.0,8037.389029920863,0.03575196211664114,0.02056834338556287,0.08708259157241358,-0.02056834338556287,0.1295600099090792,-0.016727351630825435
693,0.0,8050.153823476306,0.0,0.010200213705033783,0.23406150358223077,-0.010186750769046838,0.16091045801102466,-0.014765171372291854
694,0.19497568965750922,8075.801172781223,0.16059137891769237,0.03539243762928936,-0.15391952768688685,-0.03539243762928936,0.0664614623016512,-0.020953351249391107
695,0.0,8092.2714199220945,0.061806768746436286,0.01805957172862135,0.010403845275866234,-0.01805957172862135,0.04964417719391571,-0.02008521739316018
696,0.0,8105.777972872034,0.010657428193950765,0.007738059269390617,0.23407283507645837,-0.0054753603695440545,0.10497277455867851,-0.01570226028607534
697,0.0,8129.153001417696,0.06288082274024419,0.02712161384033451,0.050337100662365436,-0.02712161384033451,0.08858207238978458,-0.01912806635235309
698,0.0,8147.532355183832,0.0874907888768143,0.021136796450104675,-0.06315602579516419,-0.021136796450104675,0.04306064293429994,-0.019730685381678565
699,0.0,8159.11151019769,0.029171420096247,0.005518978212853145,0.08138569298041286,-0.0033760586042666245,0.05455815794813381,-0.014824297348454982
700,0.0,8174.035668993314,0.13552032995410154,0.010004452626019926,-0.11700057976580958,-0.00992152116211639,0.0030905366339507925,-0.013353464492553403
701,0.11780652825647708,8199.77777085758,0.22542430753556786,0.037631008125389304,-0.18573363347695931,-0.037631008125389304,-0.05355671439932223,-0.020636727582404174
702,0.0,8212.1798429471,0.006981405135188086,0.012916605380284489,0.44927030777618615,-0.011067927690830098,0.09729139225333028,-0.01776608761493195
703,0.0,8238.30454577567,0.11089267764558207,0.03218961934389598,-0.025954103044039993,-0.03218961934389598,0.0603177436641192,-0.022093147133621156
704,0.0,8250.986003200509,0.033482169111095736,0.009492894127106008,0.07619044102147378,-0.006992813905625591,0.06507955287132557,-0.017563047165222487
705,0.0,8263.834888337073,0.0,0.004402991648201102,0.2944080392628853,-0.0030230221384312246,0.13387809878879348,-0.013201039657185106
706,0.0,8277.90497059712,0.049353442100121006,0.011598826776522258,0.16899464693122856,-0.01046778725894279,0.144413063231524,-0.012381063937712409
707,0.0,8289.376075439824,0.0,0.00963117444866523,0.328639587776628,-0.00963117444866523,0.1996810205950552,-0.011556097090998254
708,0.0,8304.38450484485,0.0026535515403289514,0.017889115613223625,0.18698553182897557,-0.017889115613223625,0.1958723739652313,-0.013456002647665865
709,0.0,8312.72918256741,0.0,0.006800048436385319,0.3832340189815799,-0.004786477341891733,0.25208086747013586,-0.010855145055933626
710,0.0,8324.756253304007,0.06902020862439345,0.011483033617134352,0.0661146852490635,-0.010587430232598095,0.19629101280381414,-0.010774830608932966
711,2.2309742503331496,8347.755605407618,0.3522844822384002,0.03615892284055409,-0.3522844822384002,-0.03615892284055409,0.03171836429114984,-0.018390058278419302
712,0.0,8360.142913035643,4.9268147334026533e-05,0.013837558427173165,0.21895874551998606,-0.013816856579145156,0.08789047865980071,-0.01701809776863706
713,0.0,8369.03048250829,0.020174784405036533,0.0006440315282095132,0.06478122681379007,0.0013496283790347503,0.08095770310599751,-0.011507779924335515
714,0.0,8386.157122646,0.026199824282247576,0.017491847271090374,0.16774755720493245,-0.017473824281055695,0.10699465933567798,-0.013297593231351568
715,0.0,8400.475453458768,0.026311217738021253,0.017533561127999336,0.236062676180691,-0.01728851872077758,0.14571506438918186,-0.014494870878179371
716,0.0,8414.17438244529,0.006228879111038447,0.014083822819337975,0.2774366762657382,-0.014083822819337975,0.18523154795214875,-0.01437155646052695
717,0.0,8432.563224501515,0.0004744984301970505,0.02261244893317795,0.23450405016127224,-0.02261244893317795,0.20001329861488576,-0.01684382420232225
718,0.0,8446.078426500351,0.00016378171884803434,0.01254008035221438,0.38491604529816253,-0.01248447350942666,0.25548412261986875,-0.015536018994453572
719,0.0,8465.489361388141,0.024918273838336273,0.02224646334737829,0.15220900594135822,-0.02224646334737829,0.22450158761631558,-0.017549152300330988
720,0.0,8479.90952489917,0.10726596286924585,0.013127439516242992,0.18951275020886674,-0.013127439516242992,0.2140049363940809,-0.016222638465104588
721,0.0,8498.636358195454,0.07934015527562147,0.020057925785031464,0.044772274482653744,-0.020057925785031464,0.16323513782065274,-0.01737322466108265
722,0.0,8510.477469806898,0.004742537891342325,0.009056631729534493,0.18473580486844057,-0.00704651642848003,0.16968533793498908,-0.014275212191301862
723,0.0,8527.325843593737,0.09831574095393912,0.016408869192648494,-0.04847654061034672,-0.016408869192648494,0.10423677437138834,-0.01491530929170585
724,0.0,8539.800412607528,0.010373993495368241,0.011755396125843158,0.2218614706563733,-0.010497201525635182,0.13952418325688382,-0.013589876961884649
725,0.0,8567.020321009366,0.13124375111021255,0.04060511711822257,-0.09439260693975877,-0.04060511711822257,0.06934914619789104,-0.021694449008786025
726,0.0833155953424316,8584.606834217724,0.17668655880731707,0.021578511973417383,-0.16889439650201857,-0.021578511973417383,-0.002123916612081847,-0.02165966789817543
727,0.0,8599.001128451135,0.04747415108567547,0.006533406137100701,0.10004474918504827,-0.006487242439698289,0.02852668312705719,-0.017107940260632285
728,0.0,8617.823379368832,0.0,0.015938037840411194,0.391436522104837,-0.015938037840411194,0.1373996348203911,-0.016756969534565958
729,0.07812701094296326,8643.897044067475,0.17531216993019708,0.03580115662006975,-0.16414835728572072,-0.03580115662006975,0.04693523718855756,-0.022470225660217096
730,0.0,8655.606132062136,0.0,0.006183405088511466,0.4583284475666954,-0.0060024973211941874,0.1703532003019989,-0.017529907158510223
731,0.17934137274738893,8684.981341580326,0.19511238764281763,0.03706145530189949,-0.16074836838327564,-0.03706145530189949,0.07102272969641654,-0.023389371601527
732,0.0,8702.906811337234,0.007900829626956011,0.018109851553381733,0.2841848543686595,-0.018109851553381733,0.13497136709808943,-0.021805515587083418
733,0.0,8714.481475080413,0.0,0.0019918650039908695,0.4092609641471633,0.0011586091027693361,0.2172582462128116,-0.01491627818012759
734,0.0,8730.876354687802,0.04169024950556012,0.011895919568497554,0.25129701063151955,-0.010820408854678717,0.22746987553842396,-0.013687517382492926
735,0.0,8738.988744504584,0.0,0.0029382943200399352,0.4340397206477701,-0.0007927091230605176,0.28944082907122776,-0.009819074904663203
736,0.0,8765.044978659136,0.23631812191716764,0.03961686242752448,-0.08256139131950167,-0.03961686242752448,0.17784016295400892,-0.018758411161521583
737,0.0,8788.682772324853,0.05304863803184186,0.03823559997949423,0.05882446456657691,-0.03823559997949423,0.1421354534377793,-0.024601567806913374
738,0.41167881117501226,8817.00440559166,0.22324625742540397,0.03843832568731007,-0.21803979317773436,-0.03843832568731007,0.034082879453125214,-0.02875259517103238
739,0.0,8838.140294925399,0.01379961622930592,0.0172084448476236,0.16581842711588737,-0.0172084448476236,0.07360354375195385,-0.025289350074009745
740,0.0,8865.731107771006,0.1017136451107876,0.02647651720544067,-0.09274410600406936,-0.02647651720544067,0.023699248825146887,-0.025645500213439018
741,0.0,8883.089231283677,0.033755908623969974,0.009264436000895162,0.18137979869543855,-0.00875112181541068,0.07100341378623438,-0.020577186694030514
742,0.0,8913.539146227653,0.11903360845769252,0.035865877298698993,-0.09196157681521698,-0.035865877298698993,0.022113916605798974,-0.025163793875431058
743,0.0,8928.063140064189,0.000934227522411518,0.008465512564994013,0.278758194891768,-0.007775259608360941,0.09910720009158969,-0.01994723359531002
744,0.0,8950.178447423388,0.10463341101723957,0.019145070633148114,0.00551692794678799,-0.019030136978284626,0.07103011844814916,-0.0196721046102024
745,0.0,8974.152234631789,0.23753106860526918,0.02834735066362585,-0.18838061236741735,-0.02834735066362585,-0.00679310079652079,-0.022274678426229433
746,0.0,8991.263772882901,0.05157152767895747,0.014229150786433895,0.08074737987474674,-0.014229150786433895,0.019469043404859467,-0.019861020134290773
747,0.0,9008.356094908388,0.0074595983779033054,0.01158176884244794,0.14436125820509932,-0.011578671686845288,0.05693670784493142,-0.017376315600057125
748,0.0,9025.691301766281,0.0,0.014702438497389354,0.4043468828997075,-0.014702438497389354,0.16115976036136423,-0.01657415246925679
749,0.0,9046.981487018711,0.0378948601426504,0.025563634172950475,0.06575741698720594,-0.025563634172950475,0.13253905734911672,-0.019270996980364895
750,0.0,9069.364663934439,0.004300213610512962,0.028563918211441164,0.1684322388558847,-0.028563918211441164,0.1433070118011471,-0.022058873349687775
751,0.0,9088.797098856989,0.05971455222514868,0.019491164511196347,0.13353661709799736,-0.019491164511196347,0.14037589339020218,-0.021288560698140346
752,0.0,9111.519894714022,0.12953904538284852,0.023474141600473078,-0.1077845215501901,-0.023474141600473078,0.0659277689080845,-0.021944234968840164
753,0.0,9120.479203519388,0.0,0.0037697880082149756,0.6205334033880625,0.004424700506421771,0.23230945925207788,-0.014033554326261582
754,0.0,9141.161151440463,0.006051682081237435,0.019932939762122327,0.29793700867458867,-0.01964408197944415,0.2519977240788311,-0.015716712622216352
755,0.0,9160.87080239683,0.025436567505277292,0.02578862404331716,0.16254308750707863,-0.02578862404331716,0.22516133310730532,-0.018738286048546594
756,0.0,9175.998133421876,0.15744711934438477,0.014362935402010935,-0.0005274602391954257,-0.014362935402010935,0.15745469510335508,-0.017425680854585894
757,0.8425359507711474,9202.834683614183,0.2846709625768711,0.03566436156446256,-0.2713394514678647,-0.03566436156446256,0.028816451131989135,-0.022897285067548893
758,0.0,9226.015439611461,0.1518554802985521,0.029187437226324706,-0.12990596604025542,-0.029187437226324706,-0.018800274019684236,-0.024784330715181636
759,0.1331619540622302,9255.605253550038,0.23828284423024176,0.03676142664687075,-0.21694272512635301,-0.03676142664687075,-0.07824300935168486,-0.028377459494688367
760,0.0,9284.196653308463,0.06072843815117044,0.03256601085612925,0.12405566371983343,-0.03256601085612925,-0.017553407430229373,-0.02963402490312063
761,0.0,9304.655199685443,0.013063753927003286,0.011827366940777378,0.3665397957594709,-0.011827366940777378,0.0976745535266807,-0.02429202751441765
762,0.0,9328.450083732152,0.0,0.017691731343458188,0.3666318059331149,-0.017691731343458188,0.17836172924861093,-0.02231193866312981
763,0.0,9353.613872020826,0.02240749020341573,0.02619069949625293,0.10912318873057703,-0.02619069949625293,0.15759016709320076,-0.023475566913066744
764,0.0,9376.520128355374,0.046157053907459715,0.023501615968178603,0.04828190116739411,-0.023501615968178603,0.12479768731545875,-0.0234833816296003
765,0.23845827330791103,9400.788819603922,0.18267144289313575,0.025127583665463485,-0.17451560652335663,-0.025127583665463485,0.03500369916381413,-0.023976642240359253
766,0.0,9425.837880822075,0.04483036937312471,0.026724661580303774,0.019425009962032717,-0.026724661580303774,0.0303300924032797,-0.024801048042342608
767,0.0,9448.364399555552,0.0727374313009658,0.020921201359273122,-0.04228897152126903,-0.020921201359273122,0.008544373225915081,-0.023637094037421758
768,0.0,9461.736959038688,3.1041977390555226e-05,0.0027412887122021832,0.3468682136649363,-0.0010401949608663367,0.11004152535762145,-0.01685802431445513
769,1.6427292146550536,9482.29987799454,0.3258940993934675,0.017515023855941954,-0.32562679872765493,-0.017515023855941954,-0.020658971867961465,-0.01705512417690118
770,0.0,9490.145077712545,0.04698548953866858,0.0034867377542006123,0.20887427439313658,0.0019269060890879338,0.04820100201036794,-0.011360515097104446
771,0.0,9511.300008017539,0.2206945689208899,0.0258336623220904,-0.1436460819092754,-0.0258336623220904,-0.009353123165525064,-0.015702459264600233
772,0.0,9525.370658667083,0.015982488673392938,0.016825716491044262,0.16638395280450044,-0.016825716491044262,0.04336799962548259,-0.01603943643253344
773,0.0,9545.159925318514,0.0,0.02420260060516344,0.2896763818928836,-0.02420260060516344,0.11726051430570288,-0.018488385684322442
774,0.0,9554.748614260845,0.023281750652092092,0.006737877312671016,0.16159596201108606,-0.0024983396091170238,0.13056114861731782,-0.013691371861760816
775,0.0,9569.530473376035,0.033087288322397275,0.011499542066092234,0.20191094352902147,-0.010966330907906538,0.1519660870908289,-0.01287385957560453
776,0.0,9589.31026939712,0.04621436920142144,0.026409651872275848,0.04677812892647382,-0.026409651872275848,0.12040969964152237,-0.016934597264605923
777,1.0445130676321819,9606.481341547687,0.2539504536560689,0.021657188369736437,-0.25386863593410686,-0.021657188369736437,0.008126198968833598,-0.018351374596145074
778,0.0,9623.822334105695,0.1792732758233015,0.017722221737046264,-0.16226201952591368,-0.017722221737046264,-0.04299026657959058,-0.01816262873841543
779,0.0,9645.730344183556,0.13463800769021744,0.02576889626045795,-0.04281606164150035,-0.02576889626045795,-0.04293800509816351,-0.020444508995028185
780,0.725737600874709,9669.332046352076,0.1974374158240973,0.029398953373774482,-0.19423892375008475,-0.029398953373774482,-0.08832828069373988,-0.023130842308652075
781,0.9060153135979417,9695.230889491935,0.18226552493715056,0.03169577457535778,-0.17150858537411534,-0.03169577457535778,-0.11328237209785252,-0.025700321988663784
782,0.5261140778998574,9723.050506977872,0.12987488873292413,0.032792062274662186,-0.08257181866123058,-0.032792062274662186,-0.10406920606686593,-0.0278278440744633
783,0.739081591266552,9747.619540032803,0.09408460698106713,0.02325482328981098,-0.05285895199617073,-0.02325482328981098,-0.08870612984565736,-0.026455937839067606
784,0.0,9769.4446028246,0.018888172496276875,0.015379212495383314,0.39435193836348487,-0.015379212495383314,0.056211290617085304,-0.023132920235962317
785,2.666490562523913,9798.518635143082,0.2512460864767689,0.032048760404643384,-0.1865482923473229,-0.032048760404643384,-0.01661658427223716,-0.025807672286566635
786,0.0,9811.667508840575,0.0,0.004430856787543374,0.30246079712538027,-0.0022213752787113416,0.07910663014704807,-0.018731783184210045
787,3.3960449116161833,9838.7910513434,0.27343449668050646,0.028843897283036005,-0.24702674548695178,-0.028843897283036005,-0.018733382543151884,-0.021765417413857832
788,6.554491674175685,9866.568538248397,0.5435695889335082,0.03745059784295087,-0.5435695889335082,-0.03745059784295087,-0.17618424446025877,-0.026470971542585743
789,0.35654102442409874,9879.158254393655,0.01835470800277589,0.004799200504219887,0.12311102450404668,-0.0024533083489117215,-0.08639566377096712,-0.019265672584483536
790,0.0,9895.292314279108,0.026648663933074093,0.0056459202877554,0.20430327600412154,-0.005235959713475536,0.0008140181615594808,-0.015056758723181136
791,1.2063293065985605,9914.939123113862,0.060300772764992405,0.020235077850100567,0.09174808812226415,-0.020235077850100567,0.02809423914977088,-0.016610254461256965
792,3.889140558122075,9932.925795934076,0.21138761290720234,0.021096017436250926,-0.17583689633280852,-0.021096017436250926,-0.03308510149500293,-0.017955983353755152
793,3.84185435368382,9953.987747340094,0.1652661523917477,0.025828551058986182,-0.15849193999081967,-0.025828551058986182,-0.07070715304374796,-0.02031775366532446
794,0.0,9967.165484280438,0.0057998323819907814,0.008446603829306756,0.31816257844744994,-0.007902896229504023,0.04595376640361141,-0.01659329643457833
795,0.0,9980.047292316502,0.0013040290419116614,0.007188308312648633,0.32789538963511333,-0.004981385988980815,0.130536253373062,-0.013109723300899073
796,3.5702472023930802,9999.884170488212,0.12022777208108881,0.023497958911709235,-0.09116302628191376,-0.023495907267508498,0.06402646947656926,-0.016225578490881902
797,0.7826663678771877,10014.283242353788,0.00903473672492743,0.015666038844394995,0.14066493516425765,-0.015666038844394995,0.08701800918287578,-0.016057716596935827
798,3.747500654995343,10036.94534931707,0.2060019251895558,0.029642007053957434,-0.18204254704330242,-0.029642007053957434,0.006299842315022321,-0.02013300373404231
799,1.7524092919397332,10056.513344612315,0.15871982967233156,0.02320099358770121,0.0011225070563710483,-0.02320099358770121,0.004746641737426938,-0.02105340069013998
800,3.169090913278381,10076.156882657677,0.15053556757040526,0.019074933676121585,-0.1361338196402557,-0.019074933676121585,-0.03751749667587785,-0.02045986058593446
801,0.33434556338676713,10095.3068567766,0.0210612488909427,0.017112659504450397,0.1496948245563492,-0.017112659504450397,0.01864619969379026,-0.01945570026148924
802,0.10300502556249258,10112.310966336261,0.014197385869951274,0.013302219294716441,0.20036097159000998,-0.013302219294716441,0.07316063126265618,-0.0176096559714574
803,0.47673389507317976,10133.029084759106,0.006101242524983102,0.02216265660973457,0.18306417789720736,-0.02216265660973457,0.10613169525302153,-0.01897555616294055
804,2.729958930733095,10154.619640173565,0.10837363505834319,0.025846283969728583,-0.08049753447706313,-0.025846283969728583,0.05014292633399613,-0.021036774504976957
805,0.0,10168.245014287177,0.011157388686700496,0.007959112178901858,0.3776839044304109,-0.007743459462588186,0.14840521976292054,-0.017048779992260326
806,0.0,10178.407870513616,1.8320458192149706e-05,0.0029946271240749137,0.4408041715113097,0.0014510554706166435,0.2361249052874373,-0.011498829353397234
807,0.0,10195.276391008892,0.0,0.01690448731683296,0.4034089876003207,-0.01690448731683296,0.2863101299813023,-0.01312052674242795
808,2.1236902951165897,10213.2886749557,0.11068025921786981,0.025000955698459847,-0.03805532292366646,-0.025000955698459847,0.18900049410981165,-0.016684655429237517
809,0.2125341822314386,10228.976303853984,0.039624550336094425,0.018320150871839358,0.0493255174954143,-0.018320150871839358,0.14709800112549243,-0.017175304062018067
810,0.0,10241.573199175788,0.0,0.008248518164152232,0.5344415560052284,-0.00814804484571998,0.2633010675894132,-0.014467126297128641
811,0.02922617023846663,10260.11560966035,0.049632641768741666,0.020136283182523432,0.00027487874353901627,-0.020136283182523432,0.18439321093565095,-0.016167873362747078
812,0.0,10277.86561224255,0.03890880648931539,0.021235587429956456,0.03234507390500459,-0.021235587429956456,0.13877876982645704,-0.01768818758290989
813,0.17421106654671803,10298.890403859423,0.12721270677017318,0.026223106633010106,-0.10726913076769752,-0.026223106633010106,0.06496439964821066,-0.020248663297939958
814,0.4716838863588395,10322.44063698444,0.1715688992819987,0.029794095974172596,-0.17005027392410688,-0.029794095974172596,-0.005540002423484604,-0.02311229310080975
815,0.0,10332.954458466747,0.000946655044473421,0.005378951159042925,0.30675130297158937,0.00015157505974859,0.08814738919503759,-0.016133132652642247
816,0.0,10352.207516043127,0.0056070637193264454,0.015363017443585782,0.08087528453776753,-0.015363017443585782,0.08596575779785656,-0.015902098089925307
817,0.0,10365.04500189076,0.0,0.009465777438088156,0.6346513418425033,-0.009276828248990392,0.25057143301125057,-0.01391451713764483
818,0.0,10375.298711389283,0.0,0.005331164925427081,0.41175575020774224,-0.004217437730845013,0.29892672817019805,-0.011005393315604885
819,0.0,10386.858910087873,0.003618655286169327,0.00998622216704276,0.22869419679250044,-0.009130900548867683,0.27785696875688876,-0.010443045485583724
820,0.0,10404.86940349008,0.004888099206852752,0.02562278298894246,0.13439526158720166,-0.02562278298894246,0.2348184566059826,-0.014996966736591344
821,0.0,10420.51004788083,0.01945664007020775,0.02108162981922635,0.029398721687544063,-0.02108162981922635,0.17319253613045105,-0.016822365661381844
822,0.0,10434.512014551243,0.06152778582761251,0.012847991643514307,0.12509418030023933,-0.012847991643514307,0.15876302938138753,-0.015630053456021583
823,0.0,10458.971926602855,0.03617515238979106,0.03278360031625187,0.1547660056891733,-0.03278360031625187,0.15756392227372326,-0.02077611751409067
824,0.0,10472.249537355781,0.04633708708778399,0.010514711822154228,0.08363109299449224,-0.010514711822154228,0.13538407348995396,-0.017697695806509733
825,0.0,10494.767141423172,0.12951312131356613,0.024532482071284153,0.06813891834247356,-0.024532482071284153,0.11521052694570982,-0.01974813168594206
826,0.0,10512.001584647065,0.014097026196453085,0.016647151431080205,0.19778407744212126,-0.016647151431080205,0.13998259209463326,-0.018817837609483502
827,0.0,10521.156957948608,0.008377124094996437,0.004289962896662566,0.26564628548756686,0.002281352695033958,0.17768170011251333,-0.012488080518128265
828,0.0,10535.25787920643,0.08107899001052703,0.011911782341390651,0.28913787343307623,-0.00925466842233121,0.2111185521086822,-0.011518056889389148
829,0.0,10547.571024355631,0.009647738308183858,0.012189229839179578,0.30314124728445646,-0.012164049484061237,0.23872536066141445,-0.011711854667790773
830,0.33471106550180574,10570.23513943689,0.16857651778798347,0.03473093654835126,-0.14609281549733938,-0.03473093654835126,0.12327990781378831,-0.018617579231958916
831,0.0,10585.204224696323,0.13629569493735727,0.018210013210203282,-0.11888831574976358,-0.018210013210203282,0.05062944074472273,-0.018495309425432226
832,0.0,10603.88103585939,0.0011597337536885166,0.018746073663703924,0.1847514468368443,-0.018746073663703924,0.0908660425723592,-0.018570538696913736
833,0.0,10626.017900847339,0.04795341009355937,0.02607874896103064,0.06874357180322924,-0.02607874896103064,0.08422930134162021,-0.020823001776148806
834,0.0,10644.669110749244,0.10432024138780258,0.01864475107901365,0.030784633265075523,-0.01864475107901365,0.06819590091865681,-0.020169526567008256
835,0.0,10668.427306748226,0.10952090727601309,0.026965217874098193,0.026896092587856118,-0.026965217874098193,0.055805958419416594,-0.022208233959135237
836,0.0,10687.146105788897,0.0,0.017062231412464154,0.2951708829708326,-0.017062231412464154,0.12761543578484139,-0.020664433195133912
837,0.0,10703.707059286846,0.0006655452539190837,0.010640975173409676,0.3053715329346062,-0.010507391363498694,0.18094226492977084,-0.017617320645643347
838,0.0,10718.787099171754,0.09259496974596405,0.00969874896475905,0.07150595227491,-0.009157243488387718,0.14811137113331257,-0.015079297498466657
839,0.0,10739.975083498675,0.06011439361536171,0.02516195427944106,0.13601633070719177,-0.02516195427944106,0.14448285900547633,-0.018104094532758977
840,0.0,10761.723538626948,0.2096791047986585,0.028847342684135066,-0.09746993962727053,-0.028847342684135066,0.07189701941565227,-0.021327068978171805
841,0.7361954568167848,10784.318489768362,0.2584167154608505,0.027325755198901312,-0.2509783489265586,-0.027325755198901312,-0.024965591087010998,-0.023126674844390654
842,0.0,10805.522169398777,0.030674286596810298,0.02099502425925161,0.18438667625816862,-0.02099502425925161,0.037840089116542894,-0.022487179668848938
843,0.0,10829.57035712565,0.10399279364224764,0.025073138981874115,-0.015657959055991648,-0.025073138981874115,0.02179067466478253,-0.023262967462756492
844,0.0,10845.187773204048,0.02392049350648014,0.008163590585192473,0.03189421367938171,-0.008142847697332305,0.02482173636916228,-0.018726931533129234
845,0.0,10869.000943945097,0.04480518690916544,0.024598225789600435,-0.008183994802071468,-0.024598225789600435,0.014920017017792154,-0.020488319810070592
846,0.0,10887.741234184448,0.10992059234891309,0.01868137099288148,0.061346290833955514,-0.01868137099288148,0.02884789916264116,-0.019946235164913857
847,0.0,10906.280114192648,0.0006988307628302862,0.016449573749723348,0.2759089597794282,-0.016449573749723348,0.10296621734767727,-0.018897236740356704
848,0.0,10922.59680563812,0.09357575307690456,0.012755860054096733,0.17964363235434208,-0.012428394017100847,0.1259694418496767,-0.016956583923379946
849,0.0,10939.506603578553,0.01244706489970367,0.014837599774553198,0.15278169012895026,-0.014837599774553198,0.13401311633345875,-0.016320888678731924
850,0.0,10957.386431555242,0.12686794840601076,0.018906496336299074,-0.06922000320670674,-0.018906496336299074,0.0730431804714091,-0.01709657097600207
851,0.0,10973.948278532636,0.11772350595823577,0.016790565038562195,0.0015793110392964829,-0.016790565038562195,0.051604019641775314,-0.017004769194770106
852,0.0,10981.025557501629,0.01697113867163523,0.004249374655238232,0.2429943794118181,0.0037731289643845377,0.10902112757278815,-0.010771399747023713
853,0.0,10987.100658419555,0.0,0.002848638895782008,0.477597973070805,0.005505649321662038,0.21959418122219318,-0.005888285026417987
854,0.0,10993.378025920878,0.0,0.005844042313587809,0.5512434654518381,-0.001612295681834587,0.31908896649108665,-0.0046054882230429665
855,0.0,11003.077386950974,0.0,0.013881476567552675,0.4505371462114958,-0.013881476567552675,0.3585234204072094,-0.007388284726395879
856,0.5078725375282471,11018.969494356432,0.15933702592675378,0.028003328332104494,-0.09821962412047336,-0.028003328332104494,0.22150050704890456,-0.013572797808108463
857,0.0,11026.799874961944,0.0,0.008052262598875974,0.5324426926490535,-0.008051629762817137,0.31478316272894924,-0.011916447394521065
858,0.0,11038.534646236832,0.003218751001808509,0.009844031056345048,0.26867793814967916,-0.00981259046446813,0.3009515953551682,-0.011285290315505183
859,0.0,11049.012995864206,0.0,0.009012307017195431,0.48584553377932016,-0.008946708591255749,0.3564197768824138,-0.010583715798230352
860,0.037934505305946775,11068.856723403684,0.08585012933902454,0.029144600137002052,-0.046939239884571514,-0.029144600137002052,0.2354120718523182,-0.01615198109986186
861,0.0,11082.45356261171,0.00034745168499859455,0.016629045181072992,0.21181423322642132,-0.016629045181072992,0.22833272026454912,-0.0162951003242252
862,0.0,11090.855623748621,0.06540304236390027,0.003726335213656511,0.15601616386538122,-3.5120936284124877e-07,0.20663775334479872,-0.01140667558976649
863,0.0,11103.136537445134,0.015432837593819707,0.010581744357802668,0.30471185423166475,-0.008135895880428168,0.2360599836108585,-0.010425441676964993
864,0.27568080309835485,11120.633686940037,0.19270600456051432,0.024136047638497592,-0.18741414975978826,-0.024136047638497592,0.10901774359966446,-0.014538623465424772
865,0.0,11125.221379416898,0.007528444585110477,0.002186397133571152,0.22722190198943834,0.0019079183977653601,0.14447899111659662,-0.009604660906467732
866,0.0,11137.75575927299,0.05916556095764272,0.013368153408186789,0.12636247686971203,-0.010568697719269313,0.13904403684253125,-0.009893871950308206
867,0.0,11151.572418632633,0.006986482349553528,0.01836760722376243,0.11358915060899678,-0.01836760722376243,0.1314075709724709,-0.012435992532344472
868,0.0,11160.618889108044,0.037599508129174466,0.010701205145694621,0.2867304043906058,-0.008022530520016759,0.17800442099791136,-0.011111953928646157
869,0.0,11176.61968427257,0.005216186438609103,0.019917832957874828,0.17290170607226069,-0.019917832957874828,0.17647360652021615,-0.013753717637414759
870,0.0,11181.169379869385,0.009585993185232152,0.005292938993293257,0.4250767276274268,0.0026694910838710693,0.2510545428523793,-0.00882675502102901
871,0.0,11193.029416002611,0.0,0.010282899947940623,0.6756622892732458,-0.010013837946045932,0.37843686677863925,-0.009182879898534085
872,0.0,11198.344634531404,0.0,0.0022426326861365265,0.33381116131380023,-0.0014962154589697376,0.3650491551391875,-0.00687688056666478
873,0.0,11214.963322409367,0.061880291943842605,0.024770229827840762,-0.006352482626570599,-0.024770229827840762,0.2536286638094601,-0.012244885345017574
874,0.0,11217.786777383923,0.0009487073903412203,0.0013229959159419139,0.3536711760653295,0.0017914229493209768,0.2836414174862209,-0.008033992856716009
875,0.0,11232.265891862096,0.0009269909551315645,0.01707498322610249,0.12197671859368987,-0.01707498322610249,0.2351420078184616,-0.010746289967531953
876,0.0,11236.650174475637,0.0,0.006124009613718078,0.587142341345713,-0.0003174174704831815,0.34074210787663695,-0.007617628218417321
877,0.0,11246.479214492048,0.018258729292023657,0.009119800815933696,0.19217692170192796,-0.00896571347558125,0.2961725520242242,-0.0080220537955665
878,0.0,11247.621170534361,0.000691413120854776,0.004083389174979222,0.5192991197414003,0.005890206547519106,0.363110522339377,-0.0038483756926408178
879,0.0,11265.08954727741,0.0966797375995999,0.027875796523775608,-0.037304070120425,-0.027875796523775608,0.2429861446014364,-0.011056601941981254
880,0.0,11277.473680215913,0.059851521863358924,0.02133086052779791,0.07577356071779245,-0.02133086052779791,0.1928223694363432,-0.01413887951772625
881,0.0,11291.06242545105,0.02356105797259898,0.016203472237065822,0.075298474001467,-0.016203472237065822,0.15756520080588032,-0.014758257333528122
882,0.0,11312.026853819254,0.030911530186092242,0.028332965547230894,0.03149874741232996,-0.028332965547230894,0.1197452647878152,-0.018830669797638953
883,0.0,11335.848085287937,0.19207776840395907,0.033469769595761145,-0.0266339218706914,-0.033469769595761145,0.07583150879026322,-0.02322239973707561
884,0.0,11348.246692371742,0.0,0.0087044472062371,0.5722215763017438,-0.005247550396345774,0.22474852904370737,-0.017829944934856658
885,0.0,11362.983034776951,0.07391153868781819,0.007781057776543014,0.21548055370662025,-0.005767799245781629,0.22196813644258123,-0.014211301228134148
886,0.0,11379.290834366477,0.04262443511684809,0.014809585619861945,0.09653804845168489,-0.014809585619861945,0.1843391100453123,-0.014390786545652488
887,0.0,11397.043851416858,0.1171422569417304,0.021582397302918974,0.008325770193254325,-0.021582397302918974,0.1315351080896949,-0.016548269772832434
888,0.0,11414.816787310645,0.12437753237701366,0.021347035886462182,-0.011354987203453003,-0.021347035886462182,0.08866807950175053,-0.01798789960692136
889,0.0,11432.696933015575,0.0406268867451012,0.019263026721621043,0.06360708343279593,-0.019263026721621043,0.08114978068106414,-0.018370437741331264
890,0.0,11450.451488320545,0.0031282689106966227,0.01748582655558261,0.1555512182689147,-0.01748582655558261,0.10347021195741929,-0.018105054385606667
891,0.0,11463.775089452265,0.0,0.008088493455237171,0.46253489871147335,-0.007867252444467562,0.2111896179836355,-0.015033713803264934
892,0.0,11472.326722887014,0.0003780168780812022,0.0030137160385912643,0.44857492173992264,0.0016699334044182016,0.28240520911052164,-0.010022619640959993
893,0.0,11484.260567362446,0.044833919367562446,0.009284352468316274,0.058424364584115936,-0.008784448293710405,0.2152109557525999,-0.009651168236785117
894,0.0,11484.9961642122,0.0,0.003430447359160365,0.5676983205497276,0.009309867365546643,0.3209571651917382,-0.003962857556085589
895,1.040564522860239,11506.732382573662,0.3167910802249571,0.03506536894156114,-0.30813070661405173,-0.03506536894156114,0.13223080365000123,-0.013293610971728254
896,0.0,11509.65827882253,0.0891301653101997,0.0031819789403079632,0.29381498627547864,-0.0014137401070589504,0.18070605843764442,-0.00972964971232746
897,0.0,11518.870375058443,0.0,0.007282801410589267,0.5330503738677252,-0.004938953657921697,0.28640935306666865,-0.008292440896005731
898,0.0,11532.017739587534,0.0,0.01696124297967586,0.38846112137355016,-0.016909772614596662,0.3170248835587331,-0.01087764041158301
899,0.0,11543.464951730219,0.004443179129660499,0.014757164346769155,0.16168527299636967,-0.014757164346769155,0.27042300039002404,-0.012041497592138854
900,0.0,11553.206536069407,0.0,0.008810683697342777,0.4456718069668523,-0.008462362878240239,0.3229976423630725,-0.01096775717796927
901,0.0,11560.04678868466,0.0,0.004876169926414228,0.3068778346329917,-0.0012503097408849125,0.31816170004404826,-0.008052522946843962
902,0.27762787941173706,11579.565252261988,0.3332300981256231,0.02890319693626177,-0.2985702406497993,-0.02890319693626177,0.13314211783589397,-0.014307725143669302
903,0.8452457652946488,11601.306077967054,0.4248405517132716,0.03630918693493685,-0.4248405517132716,-0.03630918693493685,-0.0342526830288557,-0.020908163681049564
904,0.0,11611.497299426133,0.0,0.008837172847465291,0.4888479973376731,-0.005456657528386258,0.12267752108110291,-0.016272711835250572
905,0.0,11623.484757141947,0.011955846822706286,0.007005386415128127,0.34868560927991343,-0.002516503413713237,0.19047994754074607,-0.012145849308789371
906,0.0,11637.553341049002,0.0,0.011855195071526076,0.41057029506261983,-0.011852731256776498,0.25650705179730815,-0.012057913893185508
907,0.0,11648.49828272268,0.005515735115298068,0.010104562858968602,0.4897691936697954,-0.009647622377957736,0.3264856943590543,-0.011334826438617177
908,0.0,11649.272650267958,0.0,0.0017708159450869295,0.5318419364486854,0.011419345687679437,0.38809256698594363,-0.004508574800728192
909,0.0,11662.07055203795,0.096181820894085,0.014690602286158679,0.04119879493790534,-0.014667327197226595,0.28402443537153216,-0.007556200519677712
910,0.0,11671.42684158004,0.054770614887778894,0.015081550523062861,-0.013923751554690611,-0.014480996106946482,0.1946399792936653,-0.009633639195858343
911,0.0,11685.250202746287,0.0005192882170825207,0.020526225255188935,0.22590319476537024,-0.020526225255188935,0.20401894393517678,-0.012901415013657519
912,0.0,11693.925771850507,0.018888172496276875,0.008970397963295905,0.40165001622017504,-0.00750150251253625,0.2633082656206762,-0.011281441263321137
913,0.0,11712.520273087994,0.04079196448385249,0.024829510219566937,0.22964901019383438,-0.024829510219566937,0.25321048899262366,-0.015345861950194876
914,0.0,11722.690434900347,1.0070696287941365e-05,0.008804261781040747,0.35943138898148197,-0.008796924878517695,0.28507675898928114,-0.013381180828691722
915,0.0,11740.07030965636,0.005057034731210513,0.0210207147769505,0.28455957218404637,-0.01966525034237643,0.2849216029477107,-0.015266401682797134
916,0.0,11751.544502617664,0.03036789093867293,0.011043750278552027,0.34448830068755826,-0.009329738569384348,0.30279161226966494,-0.013485402748773297
917,0.0,11766.228659337874,0.03426707448785,0.01412759963299047,0.0894826409477368,-0.01412759963299047,0.2387989208730865,-0.01367806181403845
918,0.0,11787.783624478458,0.06976041861645596,0.030288963603993316,0.017387349818233894,-0.030288963603993316,0.1723754495566307,-0.018661332351024906
919,0.0,11804.865177100286,0.07232201043352063,0.02056103139122875,-0.06016422809551354,-0.02056103139122875,0.10261354626098741,-0.01923124206308606
920,0.0,11824.883860514637,0.06914570566785536,0.0214654008282867,0.16075064032617684,-0.0214654008282867,0.12005467448054424,-0.01990148969264625
921,0.0,11848.416263304338,0.044959320873851696,0.028164066592301244,0.047248024015873726,-0.028164066592301244,0.09821267934114308,-0.02238026276254275
922,0.0,11865.38036776404,0.0,0.013682963091713508,0.35545740864483555,-0.01367865491276618,0.1753860981322508,-0.01976978040760978
923,0.0,11886.93567526326,0.01962426765866533,0.020770376062071886,0.1410249699645329,-0.020770376062071886,0.16507775968193542,-0.02006995910394841
924,0.0,11905.259008997027,0.013302675030948435,0.01674384239142549,0.05257823780982396,-0.01674384239142549,0.13132790312030196,-0.019072124090191534
925,0.0,11923.094036703162,0.0,0.015494293224097275,0.6637598250286844,-0.015455428484075643,0.29105747969281665,-0.017987115408356767
926,0.0,11939.953613516578,0.01739681288989614,0.014507859291986967,0.276978332979565,-0.014507859291986967,0.28683373567884113,-0.016943338573445828
927,0.0,11954.709932580536,0.0035537548284489567,0.01129978039230642,0.21034576966141472,-0.01129978039230642,0.2638873458736132,-0.015250271119104005
928,0.0,11970.289356900368,0.0065264878933865575,0.014264601002799054,0.2546284758486502,-0.014172395022354217,0.2611096848661243,-0.014926908290079068
929,0.0,11994.07990626646,0.0913750569766998,0.03305599091820347,-0.076433596942235,-0.03305599091820347,0.1598467003236165,-0.02036563307851639
930,0.0,12011.324355129309,0.04181788938267802,0.019528504283831054,0.11648975850384906,-0.019528504283831054,0.14683961777768625,-0.020114494440110788
931,0.0,12025.999868441419,0.035264125625008864,0.008754597889017586,0.1624459948856727,-0.008521681008438172,0.1515215309100822,-0.016636650410609
932,1.4959762189769799,12061.032347700675,0.46962886904669615,0.05133853964789586,-0.46962886904669615,-0.05133853964789586,-0.03482358907695132,-0.027047217181795057
933,0.0,12081.105618993144,0.014027958390505055,0.023362503632350057,0.06459696970935684,-0.023362503632350057,-0.004997421441058875,-0.025941803116961558
934,0.0,12108.885302330385,0.10418879133451912,0.02861924725834085,-0.08175862759985152,-0.02861924725834085,-0.028025783288696666,-0.026745036359375342
935,0.0,12139.548334079767,0.18504836723906556,0.03574422804940251,-0.17327764078750033,-0.03574422804940251,-0.07160134053833776,-0.02944479386638349
936,0.0,12159.088896102745,0.003767680490652075,0.011823780327223622,0.2561034548061641,-0.011623224929090473,0.026710098065012795,-0.024098323185195582
937,0.0,12173.99930057351,0.0,0.0017835859684007277,0.5428836789617668,0.0006124144294358221,0.181562172334039,-0.01668510190080616
938,0.0,12191.04221780468,0.0,0.010210996923508832,0.4322197622444166,-0.009708445001153192,0.2567594493071523,-0.01459210483091027
939,0.0918910498049561,12213.360464840704,0.2666148833523957,0.02850802914375542,-0.26449126903757414,-0.02850802914375542,0.10038423380373433,-0.018766882124763812
940,0.0,12228.407953947843,0.02392048406118257,0.015366873019147144,0.1212629286087929,-0.015366873019147144,0.1066478422452519,-0.017746879393078813
941,0.0,12240.578329875349,0.0003555977415189829,0.005414249384836006,0.3049268649748865,-0.0050666609942964895,0.1661315490641423,-0.013942813873444116
942,0.0,12258.21552351204,0.07916435736320171,0.017676870130589138,0.07522481095350032,-0.017676870130589138,0.1388595276309497,-0.015063030750587621
943,0.0,12268.564206957286,0.004979308019885063,0.009301452756517978,0.4203601682818251,-0.006408366444814949,0.22330971982621228,-0.012466631458855819
944,0.0,12281.596618244545,0.002897562998002989,0.010950762346930798,0.2448897325332384,-0.010940756839143119,0.22978372363832011,-0.012008869072942007
945,0.0,12292.52548674365,0.022827115804870138,0.00975852624287047,0.3007875639220159,-0.009282032058787519,0.25108487572342886,-0.011190817968695659
946,0.0,12306.354679662601,0.007696770369829997,0.015835295881471027,0.25454964864891516,-0.015835295881471027,0.25212430760107474,-0.01258416134252827
947,0.0,12322.799373740872,0.05148761839630702,0.02207833722306973,0.1575630137554189,-0.02207833722306973,0.223755919447378,-0.015432414106690707
948,0.0,12334.341238468172,0.07994747249283585,0.011985798552226415,0.07549696233572509,-0.010294032862292293,0.1792782323138821,-0.013890899733371183
949,0.0,12343.755909622278,0.0,0.0066723954361164635,0.2691734273200934,-0.0029596793876942064,0.20624679081574548,-0.01061153362966809
950,0.0,12364.38101313936,0.08111629028464463,0.02805713120375729,0.05313117902498138,-0.02805713120375729,0.16031210727851625,-0.015845212901894848
951,0.0,12382.455843682275,0.05479692850164999,0.025941998895923732,0.16423841249251564,-0.025941998895923732,0.16148999884271606,-0.018874248700103513
952,0.0,12400.89807092641,0.002422384246173034,0.021129449623306356,0.13804562225158373,-0.021129449623306356,0.15445668586537636,-0.019550808977064363
953,0.0,12416.38148523638,0.07526671421218632,0.013392979357320206,0.13782181608407967,-0.011781820375776785,0.14946622493098735,-0.01722011239667809
954,1.4317531309470075,12445.406479030356,0.4450083987850795,0.039385806369815014,-0.4450083987850795,-0.039385806369815014,-0.028876162183832696,-0.023869820588619167
955,0.0,12460.108301347622,0.0,0.012083643110193467,0.4348557742883109,-0.01169660355657159,0.11024341875781038,-0.020217855479004895
956,0.0,12471.994013785767,0.0,0.0028475553012833857,0.5583927455892933,0.0009449061786390636,0.24468821680725528,-0.013869026981711706
957,0.0,12485.10581762833,0.00637006815568506,0.01029379540036286,0.3231611932304727,-0.005678115757143367,0.26823010973422046,-0.011411753614341203
958,0.0,12492.268655457437,0.0025698733941394657,0.0063661349117889,0.35194838674161966,-1.85970758196222e-07,0.29334559283644024,-0.0079882833212663
959,0.0,12499.337356642785,0.00601839670709912,0.004153133231555934,0.1579270208443382,-0.0025063723161512954,0.2527200212388096,-0.0063437100197317985
960,0.0,12510.638771293776,0.06977669646206786,0.014959164145754244,0.016835487387064897,-0.014959164145754244,0.18195466108328617,-0.008928346257538532
961,0.0,12523.97511782889,0.019099441649296542,0.020804009583537186,0.21014386676070607,-0.020804009583537186,0.19041142278651213,-0.012491045255338128
962,0.0,12540.13276864864,0.05096202340255923,0.023840951637241082,0.0834347816920621,-0.023840951637241082,0.15831843045817712,-0.015896017169909016
963,0.0,12549.458418304854,0.0,0.006253742064133689,0.2832530862096363,-0.005754597260722391,0.19579882718361485,-0.012853591197153028
964,0.0,12556.32436367249,0.0,0.004811385124047176,0.40824113490446934,0.0027898646692972964,0.2595315194998712,-0.00816055443721793
965,0.0,12567.06703265572,0.0,0.009690815558351364,0.2366501281617948,-0.008651379783146526,0.2526671020984482,-0.008307802040996508
966,0.0,12576.695935781192,0.009045226888535686,0.011215263463379253,0.2658834870394987,-0.011213478887591704,0.25663201758076337,-0.009179505094975067
967,0.0,12580.378816743168,0.0,0.005010714475542876,0.5920142706732421,0.0013637711675452547,0.35724669350850696,-0.0060165222162189705
968,0.0,12602.160281409595,0.10827418723600221,0.03556537848877762,0.03570445824795737,-0.03556537848877762,0.2607840229303421,-0.014881179097986565
969,0.0,12608.694999498164,0.020963772035629366,0.00674495766897595,0.0930761242336614,-0.006726736246874899,0.21047165332133788,-0.012434846242653064
970,0.0,12621.293872666058,0.08831255709586756,0.010243535547784486,0.2384551772394438,-0.010228305612600273,0.21886671049676965,-0.011772884053637224
971,0.0,12633.707926452285,0.0,0.013680641269880433,0.21113906868323037,-0.012419110382975343,0.21654841795270785,-0.011966751952438659
972,0.0,12644.669664939523,0.010659634123790647,0.013744973320189337,0.3361890378239265,-0.010074919627854183,0.2524406039140734,-0.011399202255063315
973,0.0,12659.362850023981,0.029268210540933322,0.017670468881539017,0.09068520124703919,-0.017670468881539017,0.20391398311396314,-0.013280582243006024
974,0.0,12673.2528761717,0.0037467509044032594,0.016510027865264888,0.24646061249074638,-0.016510027865264888,0.2166779719269981,-0.014249415929683682
975,0.0,12692.142299352845,0.11879378052705733,0.02492529946051496,-0.04490027917120753,-0.02492529946051496,0.13820449659753642,-0.017452180988933065
976,0.0,12706.621585053672,0.031161101077263696,0.014594862742097441,0.12306969433130703,-0.014594862742097441,0.1336640559176676,-0.01659498551488238
977,0.0,12723.971517379503,0.011579108670688714,0.018413874477153935,0.2172056365944124,-0.017274879418885513,0.15872653012069105,-0.01679895368608332
978,0.0,12737.101804299424,0.0,0.012756105080682586,0.5859389443333975,-0.009368364768248575,0.286890254384503,-0.014569777010732896
979,0.0,12755.157018904678,0.13105994319177358,0.019509046295825422,-0.05501715674748707,-0.019509046295825422,0.18431803104490596,-0.016051557796260656
980,0.0,12766.863099663522,0.0,0.008884252682753193,0.36272704637601055,-0.008542002286569527,0.23784073564423733,-0.013798691143353317
981,0.0,12778.762867236805,0.00027802636673714826,0.009409112509482563,0.32798494518375176,-0.007495864275589599,0.2648839985060916,-0.011907843083024202
982,0.0,12792.98920835241,0.11881078734097658,0.01476841392139361,0.03158056587320864,-0.01476841392139361,0.19489296871622672,-0.012766014334535024
983,0.0,12797.976799754313,0.0,0.0013083827049596318,0.32079473535996117,0.002545105054788463,0.23266349870934705,-0.008172678517737977
984,0.0,12813.289563682105,0.002664688572492924,0.0182827920799091,0.23259117993385262,-0.018263131646187074,0.2326418030766987,-0.011199814456272706
985,0.0,12833.085785254425,0.09271943137728225,0.032262262550672445,-0.07616415957023416,-0.032262262550672445,0.14000001428261882,-0.017518548884592627
986,0.0,12846.791432600774,0.17877048353420436,0.016160620988785984,-0.09070459318205856,-0.016157019042752983,0.07078863204321562,-0.01711008993204073
987,0.0,12860.99683965056,0.030863167369742154,0.010852962278245254,0.22549990813420637,-0.010633189185104423,0.11720201487051285,-0.015167019707959837
988,0.0,12875.227645263378,0.018736287382223375,0.011231035432262025,0.18925017382662807,-0.01119254219299715,0.13881646255734742,-0.01397467645347103
989,0.0,12882.807725338655,0.0017380930870604238,0.005416134295068023,0.2516520947031563,0.0005894235578617773,0.17266715220109008,-0.009605446450071187
990,0.0,12891.393315195533,1.1275736869404376e-05,0.005281922253155763,0.336904918051808,-0.0029294639607157546,0.22193848195630544,-0.007602651703264557
991,0.0,12901.257468057722,0.0437418746162292,0.010228004323141986,0.1376955491422265,-0.010227867923099212,0.19666560211208176,-0.008390216569214952
992,0.0,12913.375199033078,0.15904685261437823,0.016976251650710893,-0.15904305070886318,-0.016976251650710893,0.08995300626579826,-0.010966027093663733
993,0.0,12925.278658813952,0.0,0.015932939106003085,0.2892231069090611,-0.0156021478216515,0.14973403645877711,-0.012356863312060061
994,0.0,12938.332566994559,0.012446401435759837,0.015257827849030063,0.241646870164241,-0.015257827849030063,0.17730788657041627,-0.013227152673151062
995,0.0,12953.516087793634,0.06023077505978204,0.01820947101996153,-0.016838575270087405,-0.01820947101996153,0.11906394801826516,-0.014721848177194203
996,0.0,12969.446763149186,0.1474817223155701,0.018797212615483394,0.06517989219144564,-0.018797212615483394,0.1028987312702193,-0.01594445750868096
997,0.0,12978.799328243344,0.0024080848624173775,0.011720680811693862,0.4835266494346788,-0.0034848996987202727,0.21708710671955714,-0.012206590165692754
998,0.0,12994.660288608544,0.052821491486771385,0.01599776383426308,0.1360342750491187,-0.015926249599057953,0.19277125721842558,-0.013322487995702313
999,0.32297100444752314,13022.380247793226,0.32359740320771113,0.04447961321233713,-0.32359740320771113,-0.04447961321233713,0.03786065909058456,-0.022669625560692755
1000,0.0,13041.15572687735,0.11533808898397802,0.024293422031372105,0.03389894226115731,-0.024293422031372105,0.03667214404175638,-0.02315676450189656
1001,0.0,13056.084575951712,0.0005948134535750658,0.007253735638210459,0.46240939195643505,-0.006522710424954007,0.16439331841615998,-0.01816654827881379
1002,0.0,13088.28342722153,0.19350070090335106,0.04220237094435986,-0.18139425748743734,-0.04220237094435986,0.06065704564508077,-0.025377295078477607
1003,0.0,13103.335958102256,0.026473129844751753,0.011439610963812514,0.19810111269429068,-0.011378564249476657,0.10189026575984375,-0.02117767582977732
1004,0.0,13127.356807412702,0.08252054071390963,0.02272635053044352,-0.07309598096395761,-0.02272635053044352,0.04939439174270334,-0.021642278239977178
1005,0.7134965532339477,13158.766564027317,0.39010577621341624,0.04247515236443479,-0.385646667681731,-0.04247515236443479,-0.08111792608462695,-0.02789214047731446
1006,0.0,13182.589610469666,0.0,0.025925134401696037,0.1648800582391586,-0.025925134401696037,-0.007318530787491284,-0.02730203865462893
1007,0.0,13206.054188718857,0.0013568006573729872,0.01877232874845142,0.27433251934320463,-0.018692640078003957,0.07717678425171748,-0.024719219081641437
1008,0.0,13226.148191071183,0.05258079565276968,0.012460303492210868,0.016659097276506746,-0.012392913840366976,0.059021478159154254,-0.021021327509259096
1009,0.0,13255.882365842166,0.1326227882141451,0.03532112224995415,-0.1237153562147029,-0.03532112224995415,0.004200427846997104,-0.02531126593146761
1010,0.0,13272.762376788138,0.028943600646105135,0.01235883763170279,0.11972941179464344,-0.012214837234822303,0.03885912303129101,-0.021382337322474017
1011,0.0,13301.79582721381,0.13548850026456258,0.03322952231976482,0.006056668329588325,-0.03322952231976482,0.0290183866207802,-0.024936492821661257
1012,0.0,13319.734948570205,0.023628459727411573,0.014060880914006361,0.10198529848825974,-0.014060880914006361,0.05090846018102406,-0.021673809249364785
1013,0.0,13336.843950948256,0.0659210390708968,0.009579975295716636,0.2591860931381489,-0.008765166212986607,0.11339175006816149,-0.01780121633845133
1014,0.0,13355.437474448221,0.01543354170997767,0.015417905309403056,0.10574751483739349,-0.015417905309403056,0.11109847949893108,-0.01708622302973685
1015,0.0,13369.644942231316,0.017621445735498877,0.010360647349050532,0.21931963128764864,-0.010344031569321567,0.14356482503554635,-0.015063565591612264
1016,0.0,13377.84030137736,0.0,0.004311214796000534,0.6919173865848892,0.0013521326680331007,0.3080705935003492,-0.010138856113718654
1017,0.0,13389.662105605152,0.013311706076255826,0.011677291773807642,0.37212796243926405,-0.008515092311897676,0.32728780418202363,-0.00965172697317236
1018,0.0,13411.559490115227,0.02006758738652026,0.03465608732031536,0.16738689934754564,-0.03465608732031536,0.27931753273168025,-0.01715303507731526
1019,0.0,13424.690792967298,0.05883431018384796,0.016588288883207073,0.13243395359421545,-0.016588288883207073,0.23525245899044078,-0.016983611219082803
1020,0.2955540477673346,13450.744418687715,0.2948796368768669,0.03570299157786993,-0.2948796368768669,-0.03570299157786993,0.07621283023024847,-0.02259942532671894
1021,0.0,13463.206579490352,0.002714421445697599,0.007539815098095788,0.22433424146212266,-0.00732993059700376,0.12064925359981073,-0.01801857690780438
1022,0.0,13476.388382835426,0.0,0.005768761751198027,0.3191306748317882,-0.0031702482157483316,0.18019367996940397,-0.013564078300187566
1023,0.0,13484.367072937917,0.0,0.0023087558114678426,0.5086088885801582,0.002712249827946956,0.2787182425526302,-0.008681179861747209
1024,0.0,13495.336436755011,0.004944833148728114,0.00838384330559635,0.29128951220049853,-0.008361877228674017,0.2824896234469907,-0.008585389071825251
1025,0.0,13499.63298961708,0.0,0.0028578757603939142,0.5156933231466647,0.0004494684380008915,0.3524507333568929,-0.0058749318188774085
1026,0.0,13519.796484546026,0.11600860569260116,0.03281937865970272,-0.0907206793865893,-0.03281937865970272,0.21949930953384825,-0.013958265871125
1027,0.0,13530.225027280747,0.026955292723001435,0.0153428897817592,0.08224671276453153,-0.01502481564137686,0.17832353050305322,-0.014278230802200555
1028,0.0,13549.422318927314,0.08393231053969931,0.024859571031168263,0.0061452287324163584,-0.024859571031168263,0.12667003997186216,-0.01745263287089087
1029,0.0,13565.895835108135,0.06049480530224613,0.018719475254796628,0.05552974034338128,-0.018719475254796628,0.10532795008331788,-0.017832685586062595
1030,0.0,13578.73930193656,0.0029582929330938764,0.008137860599311068,0.22429686777714877,-0.007834368085957527,0.14101862539146715,-0.014833190336031074
1031,0.0,13588.655382595385,0.0,0.0030988043266600373,0.5591706529924291,-0.001464737623066225,0.2664642336717557,-0.010822654522141617
1032,0.0,13603.415746459148,0.07230681205595214,0.014848574177715441,-0.022418161105902373,-0.014848574177715441,0.17979951523845827,-0.012030430418813763
1033,0.0,13616.346013425391,0.05542206718222072,0.015306018993827138,0.24015242100969325,-0.0151631897849929,0.19790538696982873,-0.012970258228667503
1034,0.0,13625.41559373789,0.006228879111038447,0.0097774204573327,0.4802018617464943,-0.005822833205243459,0.28259432940282836,-0.01082603072164029
1035,0.0,13646.892487524035,0.13700089765175397,0.03078175845287192,-0.08790533181519794,-0.03078175845287192,0.17144443103742044,-0.016812749041009777
1036,0.0,13656.450347633576,0.014285316046686007,0.008587967191512136,0.14873708179193953,-0.007934562016461697,0.16463222626377616,-0.014149292933645353
1037,0.0,13675.522897931112,0.17622298425855717,0.02164826151417097,0.020748533900724307,-0.021631645663251445,0.12146711855486059,-0.01639399875252718
1038,0.0,13695.102701046486,0.03554555803177254,0.02536932640312207,0.13790695714655574,-0.02536932640312207,0.12639907013236912,-0.019086597047705645
1039,0.0,13713.551831428806,0.04098833400502555,0.020961671116496966,0.3112754978449831,-0.020563331385627097,0.1818619984461533,-0.01952961734908208
1040,0.0,13722.366113765796,0.0,0.004694996454558734,0.6836835492639163,0.002332517778839528,0.33240846369148214,-0.012970976810705597
1041,0.0,13734.618588769066,0.0,0.0070762716356018735,0.5616198116734639,-0.004642180817735384,0.40117186808607663,-0.010472338012814532
1042,0.0,13745.624241054817,0.00048075987163670615,0.010369941602899224,0.4273313329653137,-0.008980660666964253,0.40901970754984773,-0.010024834809059448
1043,0.0,13765.44962541512,0.028706506372466987,0.029976497203573347,0.15867763351083344,-0.029976497203573347,0.3339170853381434,-0.016010333527413614
1044,0.0,13769.304331686382,0.0,0.004861761572859918,0.5459169683446065,0.003078995424614813,0.3975170502400823,-0.010283534841805086
1045,0.0,13792.245964752992,0.04100753178858251,0.030689157512638603,0.09767559831049698,-0.030689157512638603,0.30756461466120666,-0.01640522164305514
1046,0.0,13799.689724489352,0.0,0.004790107771952996,0.36174299169685975,-0.004112266422074047,0.32381812777190255,-0.012717335076760813
1047,0.0,13818.623630231772,0.011605753288338308,0.02182697545699407,0.07177142801580796,-0.02182697545699407,0.24820411784507418,-0.015450227190830789
1048,0.0,13833.772078539452,0.004913069230880162,0.017668283803085553,0.23984409011517488,-0.017668283803085553,0.24569610952610438,-0.01611564417450722
1049,0.0,13846.049224593913,0.016154550970738406,0.008845756688653802,0.14423916641962775,-0.008811915782410805,0.21525902659416135,-0.013924525656878295
1050,0.0,13858.345923737897,0.0,0.008392082705238592,0.20857835555227386,-0.008250805299148919,0.2132548252815951,-0.012222409549559481
1051,0.0,13875.60391017034,0.017831087990864056,0.020940157110444228,0.10804192744553065,-0.020940157110444228,0.18169095593077575,-0.014837733817824904
1052,0.0,13890.1168641098,0.07155240468512036,0.017663002919813445,0.0017889984060528489,-0.01688540518400466,0.12772036867335887,-0.01545203522767883
1053,0.0,13902.153097689363,0.0290207145721854,0.008981441093785222,0.1262447989460893,-0.00897567909603586,0.127277697755178,-0.013509128388185939
1054,0.0,13913.633006103812,0.018632917718190884,0.007954238954192595,0.09601920836825567,-0.00725772548509238,0.11790015093910129,-0.01163370751725787
1055,0.0,13923.123244132852,0.0,0.006171135699251934,0.5269098701323515,-0.005214582676255718,0.24060306669707635,-0.009707970064957223
1056,0.0,13939.136475724354,0.061540811951728655,0.02083795506577438,0.011682771797393254,-0.02083795506577438,0.17192697822717143,-0.01304696556520237
1057,0.0,13958.006986564578,0.10890666327910425,0.0286574718675857,-0.09806152543553212,-0.0286574718675857,0.09093042712836036,-0.01773011745591737
1058,0.0,13971.790350739246,0.02732768794320098,0.014387914053967839,0.14665846631097196,-0.014385998006143095,0.10764883888314383,-0.016726881620985085
1059,0.0,13985.875035102905,0.06288221745457281,0.012514597820001005,0.18064257483743204,-0.010177266673500414,0.1295469596694303,-0.014761997136739684
1060,0.0,13998.765420081734,0.028079430717746576,0.011892216358598454,0.4749468070880684,-0.00881605047000244,0.23316691389502173,-0.01297821313671851
1061,0.0,14003.642405576546,0.003618655286169327,0.0023004442330915127,0.5540316867772423,0.005757452783941778,0.3294263457596879,-0.007357513360520424
1062,0.0,14010.585459165743,0.001422785046584171,0.005999544510855666,0.40562682203950984,-0.0006391599033877906,0.35228648864363443,-0.005342007323380634
1063,0.0,14022.400524594617,0.03220426830568275,0.01759337494810033,0.2356277804792757,-0.01672805958780703,0.3172888761943268,-0.008757823002708552
1064,0.0,14028.204765063461,0.013305161129006987,0.007340779461101855,0.26459770929465415,-0.006162667389787219,0.30148152612442497,-0.007979276318832152
1065,0.0,14041.656534491505,0.03535713044842711,0.018569317500656785,0.09960770173597105,-0.018569317500656785,0.2409193788078888,-0.011156288673379542
1066,0.0,14048.787142030502,0.01103254362245269,0.008383991636650334,0.30441561633046166,-0.006078840846068299,0.2599682500646606,-0.009633054325186168
1067,0.0,14051.964871546126,0.010642120005753495,0.003521891388276936,0.3586181401972765,0.005402241474103128,0.2895632171044454,-0.005122465585399379
1068,0.20843382763478502,14075.009883985704,0.3290698820103753,0.03776257492765313,-0.3202880703970279,-0.03776257492765313,0.10660783085400338,-0.014914498388075504
1069,0.0,14088.833534105348,0.03774171366327333,0.022841931998298003,0.14463877752947232,-0.022841931998298003,0.11801711485664405,-0.017292728471142254
1070,0.0,14099.598517890434,0.012859899389282305,0.008451999815872979,0.2632305547739579,-0.006170583378391869,0.1615811468318382,-0.013956084943317137
1071,0.0,14129.807158914557,0.14922394173665254,0.04433990643684234,-0.13911296805040443,-0.04433990643684234,0.07137291236716539,-0.023071231391374694
1072,0.0,14135.460103382957,0.00026730066581259277,0.0028537746718815147,0.4461607348394017,0.0037219221480943587,0.18380925910883628,-0.015033285329533977
1073,0.0,14149.653715403429,0.0013040290419116614,0.008611979190455357,0.3732882427523157,-0.004911105454572143,0.2406529542018801,-0.011996631367045426
1074,0.0,14156.37565154242,0.03982827477135635,0.005218233861569848,0.2205875893413296,0.002155498235664051,0.23463334474371494,-0.007750992486232582
1075,0.0,14164.791916861215,0.0,0.005847510444588295,0.28670099067840477,-0.004714437053223623,0.25025363852412186,-0.006840025856329894
1076,0.0,14170.540625986761,0.016974542111607562,0.0071118064913980525,0.23880602271475107,-0.003617525761046627,0.2468193537813106,-0.005873275827744913
1077,0.0,14192.561391859648,0.042544805320550466,0.03850684880868428,0.06629825072967768,-0.03850684880868428,0.1926630228658207,-0.015663347722026724
1078,0.0,14207.155909797542,0.1974274825703943,0.023634610561627054,-0.183237727572784,-0.023634610561627054,0.07989279773423928,-0.018054726573906825
1079,0.0,14218.744747092864,0.000691413120854776,0.009695797935625453,0.4563489805279423,-0.007075143547565002,0.19282965257235019,-0.014760851666004278
1080,0.0,14231.748767039335,0.007672531041215982,0.00933536697465074,0.1539571919311047,-0.00766966588790916,0.1811679143799765,-0.012633495932575742
1081,0.0,14245.600199947841,0.01536730572538435,0.01365032835858734,0.14478733952088754,-0.012954869076776687,0.17025374192224982,-0.012729907875836026
1082,0.0,14254.034484908783,0.006228879111038447,0.010264982991808252,0.4854144002184212,-0.003881122577369426,0.2648019394111012,-0.010075272286296044
1083,0.0,14267.026528629638,0.025348082484080055,0.013715832789784775,0.17670070522781914,-0.01338663403585538,0.23837156915611657,-0.011068680811163845
1084,0.0,14283.349082024059,0.05101615737457239,0.023049049239687792,0.09751756068514202,-0.023049049239687792,0.1961153666148242,-0.014662791339721029
1085,0.0,14292.863509156517,5.62734906894458e-05,0.007928652569041142,0.24154535676073252,-0.007680897708502886,0.20974436365859667,-0.012568223250355587
1086,0.0,14314.205915019871,0.18446754717071437,0.02866592860101524,-0.18419050124484984,-0.02866592860101524,0.0915639041875627,-0.01739753485555348
1087,0.0,14319.995250795168,0.0,0.006562229867933292,0.5939474967160636,0.001755680306238016,0.24227898194611297,-0.01165157030701603
1088,0.0,14338.601814480147,0.1563354816926502,0.021308603528317156,-0.03201932894026091,-0.020155760106382866,0.1599894886802008,-0.014202827246826082
1089,0.0,14345.43339039285,0.0,0.0050224976501590255,0.6298750407711169,-0.0015036129463720208,0.3009551543074756,-0.010393062956689863
1090,0.0,14360.543838572585,0.0342057946951212,0.016669628290113824,0.11055939541857393,-0.016252444369139217,0.24383642664080507,-0.012150877380424668
1091,0.0,14377.060002389986,0.06906646846415908,0.02307628081551901,-0.006176261638681797,-0.02307628081551901,0.168832620156959,-0.015428498410952972
1092,0.0,14390.245512317035,0.04904352393206701,0.014363843639097745,0.0591497367402794,-0.014169794309619337,0.1359277551319551,-0.01505088718055288
1093,0.0,14393.726158013395,0.0,0.002573712578968153,0.5794406520335217,0.009447127609848813,0.26898162420242505,-0.007701482743432372
1094,0.0,14407.91377615624,0.07493445993328558,0.013558635203539294,-0.04610309990031564,-0.013558635203539294,0.17445620697160283,-0.009458628481464448
1095,0.0,14410.709181553653,0.0,0.0032927876709081005,0.34753492628526184,0.0025927261331913716,0.2263798227657005,-0.0058432220970677014
1096,0.0,14426.829284164334,0.042153006752026365,0.02348734151668327,0.11285862207212424,-0.02348734151668327,0.1923234625576276,-0.011136457922952373
1097,0.0,14440.328373741844,0.21893063546805536,0.021572394521908834,-0.1995530772278757,-0.021572394521908834,0.0747605006219766,-0.014267238902639312
1098,0.0,14451.545219343276,0.0028000747216281115,0.011173483045628875,0.328190339185287,-0.011173483045628875,0.15078945219096973,-0.01333911214553618
1099,0.0,14457.231866372149,0.0,0.004480802472326546,0.48933062470727723,0.003570322219493797,0.252351803945862,-0.008266281836027187
1100,0.0,14476.198201206797,0.02581839740510724,0.02527386067741149,0.08519750778806057,-0.02527386067741149,0.20220551509852155,-0.013368555488442478
1101,0.0,14485.667991455495,0.027970155705953424,0.012028217823600256,0.33507494267473675,-0.01056099629357416,0.2420663433713861,-0.012526287729981982
1102,0.0,14508.553528941737,0.22614946560308755,0.03323069580712084,-0.1891861837429897,-0.03323069580712084,0.11269058523707334,-0.01873761015312364
1103,0.0,14517.601408735547,0.0,0.00715925741111134,0.5261267926334986,-0.005020799428664782,0.2367214474560009,-0.014622566935785983
1104,0.0,14540.759055046761,0.06185742694966556,0.028117478949868317,0.029830298815883755,-0.028117478949868317,0.17465410286396574,-0.018671040540010682
1105,0.0,14555.451196515069,0.0854250907703908,0.015455501104796932,0.047884560966695675,-0.014598827478362273,0.1366232402947847,-0.01744937662151616
1106,0.0,14569.756162889811,0.029498287952967706,0.011867017432426036,0.19996222821967127,-0.009625955358967717,0.15562493667225066,-0.015102350242751627
1107,0.0,14580.785281483662,0.0,0.005375036537031342,0.7372311533343254,-0.004171631829663172,0.3301068016708731,-0.01182313471882509
1108,0.0,14597.71478662128,0.017457613801605272,0.01904555692055458,0.23794549348293725,-0.01904555692055458,0.3024584092144923,-0.013989861379343937
1109,0.0,14615.227910663361,0.06380995717379521,0.023586998864752143,0.12308484364988383,-0.023586998864752143,0.24864633954510973,-0.0168690026249664
1110,0.0,14619.449370413076,0.0,0.003936529831986363,0.6040210446290547,0.006480939567616925,0.3552587510702932,-0.009864019967191402
1111,0.0,14641.290630155376,0.021785828384012725,0.0275197458968172,0.05478258857420095,-0.0275197458968172,0.26511590232146554,-0.01516073774607914
1112,0.0,14653.694505612442,0.06495542282489959,0.014934688996976843,0.10190905837820077,-0.014934688996976843,0.21615384913848612,-0.01509292312134845
1113,0.0,14663.477342906735,0.006369564089784661,0.006436338437403665,0.1975117247144886,-0.0039596040808904,0.21056121181128684,-0.011752927409211035
1114,0.0,14677.828844761665,0.02859266153117606,0.013763093173841424,0.210195096998947,-0.013687461970985769,0.21045137736758487,-0.012333287777743455
1115,0.0,14690.46944475169,4.137123041188214e-05,0.013578541597078242,0.29175440185961754,-0.013578063603884865,0.23484228471519467,-0.012706720525585878
1116,0.0,14695.457267379315,0.0,0.0019523918647408932,0.45260484599615525,0.0029853243161654295,0.30017105309948283,-0.007999107073060485
1117,0.0,14707.806128853214,0.029478186581604157,0.012230762304325463,0.20849498165240868,-0.012157331395093951,0.2726682316653606,-0.009246574369670524
1118,0.0,14710.10422755463,0.0,0.0016448253935185603,0.22323786258764636,0.003929971505225893,0.2578391209420463,-0.005293610607201599
1119,0.0,14715.891134573747,0.03392496406259619,0.005297076277843544,0.13662322170328514,-0.0022036408794546968,0.22147435117041794,-0.0043666196888775275
1120,0.0,14725.971146335834,0.08008606191304421,0.01568709314850413,0.04380434578754488,-0.015303904301475766,0.16817334955555602,-0.007647805072656999
1121,0.0,14740.383479241342,0.04958108240671954,0.025158472832536874,0.08526921184677952,-0.025158472832536874,0.14330210824292305,-0.01290100540062096
1122,0.0,14747.00442033494,1.03878835726009e-05,0.008004901400377486,0.26244112507864803,-0.005289621769287052,0.17904381329364055,-0.010617590311220787
1123,0.0,14755.163487776506,0.0,0.004423442292956783,0.47704416473304034,-0.003117110281307447,0.2684439187254605,-0.008367446302246784
1124,0.0,14764.88192146973,0.0528633535142623,0.009099983198922206,0.07858003321155142,-0.008838103357437756,0.21148475307128775,-0.008508643418804075
1125,0.0,14783.002783598946,0.27469727431195007,0.028681179395243613,-0.2698262519116368,-0.028681179395243613,0.06709145157641039,-0.014560404211735935
1126,0.0,14796.180236807108,0.3448550456945127,0.017983173780259598,-0.3448163694662788,-0.017983173780259598,-0.056480894736396364,-0.015587235082293035
1127,0.0,14813.611053425298,0.1191945860111863,0.020497645438908352,-0.07730292690805789,-0.020497645438908352,-0.06272750438789482,-0.01706035818927763
1128,0.0,14823.717511393475,0.003196193724700722,0.008437215535838,0.2750599079792308,-0.004107569298429862,0.038608719322242864,-0.013174521522023298
1129,0.0,14831.9776689398,0.0010799860700878502,0.006213064512938998,0.4161572658477323,0.0011114832890717855,0.1518732832798897,-0.008888720078694772
1130,0.0,14841.333341732878,0.002145494421590237,0.0060711670029115206,0.28867594347572717,-0.005397161730191656,0.19291408133864094,-0.007841252574143837
1131,0.0,14846.348041509747,0.002098645849303127,0.005208525090798946,0.36290834573307446,-0.0008614889292460679,0.24391236065697097,-0.005747323480674505
1132,0.0,14852.326381006149,0.13361531839377433,0.0060242713057676225,-0.12610197660407285,-0.004047430707745931,0.13290805947865783,-0.005237355648795932
1133,0.0,14855.14054414144,0.0,0.005505563396273485,0.6354473359260328,0.0003421785792127166,0.2836698424128703,-0.003563495380393337
1134,0.0,14865.969593129876,0.03098392844811532,0.017710432154256224,0.32336612445558266,-0.0169564609508921,0.295578727025684,-0.007581385051542966
1135,0.0,14871.152479851226,0.0,0.008730961070689226,0.765913170596702,-0.0067698152710894575,0.4366790600969894,-0.007337914117406912
1136,0.0,14879.132914252654,0.0004553693345490983,0.00967399411051726,0.38866272749499226,-0.008422882486062636,0.42227416031639026,-0.007663404628003629
1137,0.0,14893.518646341921,0.005488535458751984,0.02216632886327939,0.3248576308858319,-0.022007306120840432,0.3930492014872228,-0.01196657507585467
1138,0.0,14906.198890972455,0.007797396791639949,0.017935855864619064,0.24886490491709387,-0.017935855864619064,0.3497939125161841,-0.013757359312483987
1139,0.0,14924.338860681535,0.029535756223650268,0.024753197885216065,0.20014134082876658,-0.024753197885216065,0.3048981410099588,-0.01705611088430361
1140,0.0,14930.746920922196,0.003075159332064848,0.004648640623136599,0.4108693706515451,0.0016911284026399416,0.33668950990243474,-0.011431939098220543
1141,0.0,14946.692857627277,0.0036712131311475446,0.014977588502010735,0.1876386802572186,-0.014977588502010735,0.29197426100886986,-0.0124956339193576
1142,0.0,14960.731122398352,0.0013738555156006037,0.017305423434620583,0.4454779266534225,-0.016817463632453056,0.33802536070223566,-0.013792182833286235
1143,0.0,14973.719919620038,0.10432957810870257,0.013469696874189098,0.027496037885975315,-0.013469034594463334,0.24486656385735753,-0.013695238361639364
1144,0.0,14980.209439218319,0.0,0.0022188356658465035,0.45205945590447655,0.0014176595533226405,0.3070244314714932,-0.009161368987150764
1145,0.0,14992.500313697195,0.010630430712085805,0.011174347251600734,0.17847749373527524,-0.010958391496488327,0.2684603501506278,-0.009700475739952032
1146,0.0,14999.239405606813,0.0,0.008189717180333268,0.49771817022869413,-0.0040924956275890855,0.3372376961740477,-0.008018081706243147
1147,0.0,15013.726790515477,0.07448981120105906,0.01978602620034998,-0.05969929135586706,-0.01974330292617034,0.21815659991507327,-0.011535648072221304
1148,0.0,15025.656965697735,0.005891984367433647,0.016289633633366555,0.33167238399475046,-0.016021711182694572,0.2522113351389764,-0.012881467005363283
1149,0.0,15030.2209192382,0.0,0.004623254419482383,0.5963662767889488,0.003044791324486377,0.3554578176339681,-0.008103589506408385
1150,0.0,15049.85648672358,0.06093184819522493,0.027151587901183407,0.07427897085618039,-0.027151587901183407,0.2711041636006318,-0.01381798902484089
1151,0.0,15061.912589515787,0.07389353482652015,0.016099892205221737,0.08638560990329563,-0.016099892205221737,0.21568859749143093,-0.014502559978955144
1152,0.0,15079.624582795068,0.06592066733330464,0.021901974098501434,0.00996863962715794,-0.021901974098501434,0.15397261013214902,-0.01672238421481903
1153,0.0,15091.950544489997,0.011434796468410263,0.01176482270647249,0.2427460004187209,-0.00987548754407197,0.1806046272181206,-0.014668315213594912
1154,0.0,15106.040979447902,0.005515735115298068,0.011337891029063756,0.3141357569257534,-0.011324742804636431,0.22066396613041042,-0.013665243490907367
1155,0.0,15122.005425491701,0.011854628470276424,0.017410382431632072,0.17942635767589518,-0.017410382431632072,0.20829268359405584,-0.014788785173124777
1156,0.0,15133.660028919823,0.05087759487949348,0.011922510798334375,0.19825605151563971,-0.009429595790012613,0.20528169397053098,-0.013181028358191127
1157,0.0,15146.47547733598,3.1041977390555226e-05,0.010753867399232916,0.3249038256076689,-0.010744656796728888,0.24116833346167235,-0.012450116889752455
1158,0.0,15173.81407446988,0.18133529003715315,0.04270641795209865,-0.13197088430768308,-0.04270641795209865,0.12922656813086572,-0.021527007208456315
1159,0.0,15178.80002650863,0.0,0.003354750923316632,0.456659239406482,0.003478430313111971,0.22745636951355058,-0.014025375951985828
1160,0.0,15195.662339190638,0.0,0.012184056095984008,0.35360363456818794,-0.012121461580711515,0.26530054902994177,-0.013454201640603534
1161,0.0,15208.458844208239,0.017268404153933305,0.011489027101656188,0.03833055651989176,-0.011489027101656188,0.19720955127692677,-0.01286464927891933
1162,0.0,15216.139580772802,0.015744167212561465,0.006126429926627457,0.22854061072694246,-0.0014507140805902297,0.20660886911193144,-0.009440468719420598
1163,0.0,15217.283673890139,0.0,0.003691280594613306,0.6795292014561268,0.011410501867727935,0.34848496881519003,-0.0031851775432760383
1164,0.0,15231.935789054849,0.001629794242621186,0.02055870261278055,0.37034785377091844,-0.02055870261278055,0.35504383430190856,-0.00839723506412739
1165,0.0,15242.41776092468,0.013818616101295767,0.018169663326894056,0.1526611446691929,-0.018169663326894056,0.2943290274120938,-0.011328963542957388
1166,0.0,15248.907529321832,0.0,0.006855061205417212,0.4696058432717853,-0.0043011908213135145,0.34691207217000125,-0.009220631726464226
1167,0.0,15257.46075410667,0.0,0.005977531737553732,0.4536387202702947,-0.005634021622563615,0.37893006660008927,-0.008144648695294042
1168,0.0,15273.717644481805,0.010865148839051757,0.02392433653749381,0.20337660504679217,-0.02392433653749381,0.32626402813410016,-0.012878555047953972
1169,0.0,15281.439415188683,0.0,0.010351003408050976,0.5796416666846269,-0.00706640678806826,0.4022773196992582,-0.011134910569988258
1170,0.0,15296.280171597342,0.0,0.017049450147870827,0.391702851005049,-0.017039126402669295,0.39910497909099535,-0.01290617531979257
1171,0.0,15301.014439153083,0.0,0.004832985667349439,0.6174294513771333,0.002273565074270852,0.4646023207768367,-0.008352253201573543
1172,0.0,15313.471352620158,0.0638609167154828,0.012969165206662789,0.1125647198024192,-0.01215995988155755,0.3589910404845114,-0.009494565205568744
1173,0.0,15326.161904336546,0.00609674139787202,0.01790226588689937,0.2661952472682892,-0.01734277877394148,0.3311523025196447,-0.011849029276080565
1174,0.0,15336.59916364566,0.007772734008722076,0.011480810421967885,0.31134030658993483,-0.011360408585014237,0.32520870374073174,-0.011702443068760665
1175,0.0,15353.41547314245,0.04415838348286095,0.022203637494528864,0.1794538831568786,-0.022203637494528864,0.28148225756557577,-0.014852801396491125
1176,0.0,15366.465797089271,0.0,0.014379263301060473,0.549748697316241,-0.014379263301060473,0.3619621894907753,-0.01471073996786193
1177,0.0,15370.992568842306,4.7973135044375455e-06,0.00226776203962183,0.5212748391241879,0.006653841134513596,0.4097559843807991,-0.00830136563714927
1178,0.0,15385.208734196029,0.014795573074829923,0.01395239332995114,0.3177584641336815,-0.013947433452183224,0.3821567283066638,-0.009995185981659455
1179,0.0,15401.593467139024,0.09979016267940408,0.025071138343307924,-0.09140210436877409,-0.025071138343307924,0.24008907850403244,-0.014517971690153994
1180,0.0,15413.376730490027,0.0,0.013555546130124359,0.651081994003886,-0.013531897763267279,0.3633869531539885,-0.01422214951208798
1181,0.0,15428.393061541938,0.0,0.015568546284566047,0.315831730487448,-0.015568546284566047,0.34912038635402637,-0.014626068543831399
1182,0.0,15435.65012141796,0.01857156964048091,0.0025748125154254264,0.2854045679534274,0.0003052838560347313,0.33000564083384665,-0.01014666282387156
1183,0.0,15439.430001160874,0.0,0.0007357838113173015,0.6334547415570865,0.007783516219751748,0.4210403710508186,-0.004767609110784567
1184,0.0,15448.21237691756,0.001944438395346868,0.008361119934486093,0.2525417393004922,-0.007528525338611488,0.3704907815257206,-0.005595883979132643
1185,0.4002787570021873,15466.519924162047,0.34142288409115323,0.03294130210315222,-0.32870505190229704,-0.03294130210315222,0.16073203149731535,-0.013799509416338517
1186,0.0,15472.412407361106,0.00022588677256833058,0.006812320441984699,0.4408220658829131,-0.005871981294096119,0.24475904181299468,-0.011421250979665797
1187,0.0,15490.254139759712,0.06332146837676482,0.022319901397595453,0.00959128312840455,-0.022319901397595453,0.17420871420761763,-0.014690846105044692
1188,0.0,15502.4326868288,0.0,0.012868480033483653,0.3539740021038034,-0.012862718035734287,0.22813830057647336,-0.01414240768425157
1189,0.0,15508.593896181406,0.00026730066581259277,0.004365672902330866,0.5296053917037679,0.0030563788616701703,0.31857842791466173,-0.008982771720475048
1190,0.0,15520.631690400065,0.02825288114125345,0.011971200407116715,0.32089165504160333,-0.009972781129426001,0.3192723960527442,-0.009279774543160334
1191,0.0,15524.54178125395,0.0,0.004267662836768027,0.4948056959520567,0.0015976885358673764,0.3719323860225379,-0.00601653561945202
1192,0.0,15541.879342755537,0.12066870380415484,0.026202798995037968,-0.05491571837512336,-0.026202798995037968,0.2438779547032395,-0.012072414632127805
1193,0.0,15547.507707956023,0.004385188192694982,0.007979174947688772,0.4572914530436337,-0.004955518954409927,0.30790200420535774,-0.00993734592881244
1194,0.0,15556.53176036457,0.011272906560201064,0.006461281704459984,0.2192634529877942,-0.005810621195640239,0.28131043884008866,-0.008699328508860779
1195,0.0,15573.502802529021,0.018722717829249502,0.02464246381222127,0.19989342859648238,-0.02464246381222127,0.2568853357670068,-0.013482269099868925
1196,0.0,15581.566322586837,0.0,0.007936747377430817,0.3472583704088145,-0.0071754383778993335,0.2839972461595491,-0.011590219883278047
1197,0.0,15598.197771482,0.16290652840285733,0.020123619499124328,0.022658809655068106,-0.020121895724088422,0.20559571520820477,-0.01414972263552116
1198,0.0,15618.293770779246,0.021560960532424477,0.029203947714371393,0.11121764886430888,-0.029203947714371393,0.177282295305036,-0.018665990159176228
1199,0.0,15628.10158856351,0.00012809561823393342,0.0072215826223857105,0.3148259882106814,-0.004915909715244264,0.2185454031767296,-0.014540966025996638
1200,0.0,15645.534302770426,0.00377879873810539,0.016325947434689094,0.2806412704761562,-0.01626854126418117,0.23717416336655756,-0.015059238597451997
1201,0.0,15660.500764328408,0.03318558829636153,0.015405820360490359,0.09210169083109554,-0.015405820360490359,0.19365242160591895,-0.015163213126363505
1202,0.0,15673.558910901542,0.0,0.010885964608084046,0.6044031292331176,-0.010885964608084046,0.3168776338940785,-0.013880038570879667
1203,0.0,15689.219019450946,0.0,0.01625187753084326,0.4474302754416053,-0.01625187753084326,0.3560434263583365,-0.014591590258868744
1204,0.0,15699.114760563794,0.00426861055101919,0.0061964839396908234,0.25301806814014816,-0.00554977087964647,0.32513581889288,-0.011879044445102061
1205,0.0,15711.258358360703,0.011973821090291376,0.013216556827431792,0.20944703033925027,-0.009604628705359754,0.29042918232679105,-0.011196719723179368
1206,0.0,15733.89320820644,0.26806638628142265,0.03431540255984022,-0.22415262919432763,-0.03431540255984022,0.13605463887045544,-0.01813232457417762
1207,0.0,15749.909913658721,0.08378553876724416,0.020949373123352266,0.04102572843243175,-0.020949373123352266,0.10754596573904832,-0.018977439138930012
1208,0.0,15770.370197769704,0.014353217432920954,0.02294702716898628,0.3198367515354786,-0.02294702716898628,0.17123320147797738,-0.020168315547946892
1209,0.0,15792.470056980897,0.03605050002637692,0.025432861105767937,0.003219744974195403,-0.025432861105767937,0.12082916452684278,-0.021747679215293206
1210,0.0,15804.483679538433,0.0,0.005656260593923198,0.3180619456969485,-0.0031135649984528955,0.17999899887787452,-0.01615744495024111
1211,0.0,15810.553773307653,0.0,0.0021134585508764112,0.5839796541140023,0.010681030702980997,0.30119319544871287,-0.008105902254274478
1212,0.0,15825.793210970987,0.10423163821042083,0.014582134489887101,-0.09887347717719396,-0.014580410714851194,0.1811731936609408,-0.010048254792447493
1213,0.0,15837.459380441782,0.027464080897491302,0.015442194266271459,0.22788384599455344,-0.015442194266271459,0.1951863893610246,-0.011666436634594681
1214,0.0,15852.035883026545,0.009759094237961813,0.019431708119434093,0.13540135418151705,-0.0194146801163436,0.17725087880717233,-0.013990909679119357
1215,0.0,15869.875533903167,0.06040731320416775,0.024430446595300057,0.1171683398161574,-0.024430446595300057,0.15922611710986784,-0.017122770753973567
1216,0.0,15878.025049608568,0.0,0.006597904670358768,0.5444321354865405,-0.0016908446890848,0.2747879226228696,-0.012493192934506937
1217,0.0,15895.304143979376,0.025204948289783598,0.017641344031520213,0.08592827491653453,-0.017641344031520213,0.2181300283109691,-0.01403763826361092
1218,0.0,15902.147280581767,0.0004553693345490983,0.004375864543454876,0.575036901431599,-0.0006578903538912743,0.32520209024715807,-0.010023713890695025
1219,0.0,15910.48977132636,0.03355933382300932,0.006352004304166859,0.2143925239955125,-0.0023399944478616815,0.2919592203716644,-0.0077185980578450206
1220,0.0,15916.382171124653,0.015529329401628081,0.0056599315802974845,0.2789787849247572,-0.0015128560245574571,0.2880650897375922,-0.005856875447858751
1221,0.0,15922.739330791801,0.0,0.008516447669012274,0.4465380209728732,-0.004959839852640696,0.3356069691081765,-0.005587764769293334
1222,0.0,15943.470693670692,0.1682029704065054,0.03685660387411537,-0.14064635119914393,-0.03685660387411537,0.19273097301598036,-0.014968416500739944
1223,0.0,15955.709482918703,0.09184894149099801,0.01905368327100527,0.10969599173113614,-0.01905320527781189,0.16782047863052707,-0.016193853133861527
1224,0.0,15967.180939525202,0.0,0.007660486613392876,0.3790568171403604,-0.007632023528026303,0.23119138018347704,-0.013625304252110958
1225,0.0,15987.295412373194,0.12117814676392398,0.024468833741707493,-0.06177071243324932,-0.024468833741707493,0.14330275239845913,-0.016878363098989917
1226,0.0,16010.706143404339,0.11034433928026958,0.033876065923142316,-0.09536960935376947,-0.033876065923142316,0.07170104387279055,-0.021977673946235635
1227,0.0,16025.444313715136,3.867622823394803e-05,0.012207156838285936,0.4995812093511685,-0.012207156838285936,0.20006509351630392,-0.019046518813850725
1228,0.0,16036.513478321282,0.0,0.003719630808472478,0.6613058652035483,0.0006262557150994217,0.3384373250224772,-0.01314468645516568
1229,0.0,16039.687618092295,0.0,0.0024012685236214112,0.7057118767635528,0.013775027843781882,0.4486196905447999,-0.005068772165481412
1230,0.0,16050.943574493043,0.0013040290419116614,0.010142325544883594,0.4297854794831865,-0.009546328603863723,0.4429694272263158,-0.006412039096996104
1231,0.0,16060.804256126556,0.07590783925678754,0.017072757475780905,0.2998872986002911,-0.014995947435067379,0.4000447886385084,-0.008987211598417488
1232,0.0,16065.225936509032,0.0,0.004872888079920207,0.42989114801173234,-0.0021581595875166874,0.40899869645047554,-0.006938495995147247
1233,0.0,16068.650209977264,0.0,0.0038671385706007828,0.39052118627634896,0.0025168796893314375,0.4034554433982375,-0.004101883289803642
1234,0.0,16082.385283075999,0.1358003552719507,0.02121622382367478,0.04419922401723644,-0.02121622382367478,0.2956785775839372,-0.009236185449964983
1235,0.0,16084.912151037179,0.022853244481479316,0.0036112399884618497,0.33242826959057764,-0.0006066720984965735,0.30670348518592927,-0.00664733144452446
1236,0.0,16098.522820159078,0.05451310532113309,0.018581705458087995,0.21068037660705197,-0.018457562016722485,0.2778965526122661,-0.010190400616183867
1237,0.0,16110.465384320994,0.001524768829095779,0.01753143839027001,0.3164370463448788,-0.01753143839027001,0.2894587007320499,-0.012392711948409709
1238,0.0,16124.776303971616,0.015984213938530653,0.018683052299084284,0.11167382697533584,-0.018683052299084284,0.23612323860503565,-0.014279814053612082
1239,0.0,16136.395159012141,0.0,0.010747565778065887,0.33908124408399715,-0.010701880802599035,0.2670106402487241,-0.013206434078308169
1240,0.0,16153.370223367107,0.0511329115260832,0.019939643013737348,0.06155763684803953,-0.019939643013737348,0.20537473922851873,-0.015226396758936922
1241,0.0,16165.122897307127,0.048294046637651106,0.010898303681559317,0.2784614580489707,-0.010093602011847887,0.2273007548746543,-0.013686558334810212
1242,0.0,16183.070807753376,0.03321553935922505,0.02096037687517671,0.27565605286525374,-0.02096037687517671,0.2418073442718341,-0.01586870389692016
1243,0.0,16197.3237461459,0.0004553693345490983,0.015072869160981823,0.33901786933179634,-0.014775594056624335,0.27097050178982274,-0.015540770944831412
1244,0.0,16210.040928773213,0.06817645392417461,0.011362056411011295,0.059256461008070554,-0.009316698458245109,0.20745628955529707,-0.013673549198855519
1245,0.0,16232.690911676586,0.02951668773623434,0.030429430097873873,0.23541584278122146,-0.030429430097873873,0.2158441555230744,-0.018700313468561026
1246,0.0,16251.086891573801,0.02345087665463292,0.023302497975869158,0.05374627579674678,-0.023302497975869158,0.1672147916051761,-0.020080968820753466
1247,0.0,16273.33019982613,0.02501843597662391,0.02602402529506906,0.02566743745602618,-0.02602402529506906,0.12475058536043111,-0.02186388576304814
1248,0.0,16294.416808829317,0.06101340645325975,0.02210176432822797,0.07975868471950073,-0.02210176432822797,0.11125301516815199,-0.02193524933260209
1249,0.0,16312.13072187308,0.01699998511151373,0.013891837708292104,0.35133171436765376,-0.013215135782470088,0.1832766249280025,-0.019319215267562487
1250,0.0,16332.738024468921,0.010647086639639473,0.019277695050393704,0.3128273621649685,-0.019277695050393704,0.22214184609909232,-0.01930675920241185
1251,0.0,16352.935033416217,0.0,0.021148471103051753,0.2697404447319621,-0.021148471103051753,0.23642142568895325,-0.019859272772603822
1252,0.0,16375.336054004567,0.003798107604804051,0.02573011569102732,0.24983273355080787,-0.02573011569102732,0.2404448180475096,-0.02162052564813087
