episode,lam_util,lam_tp,mean_util_gap,mean_tp_gap,mean_util_slack,mean_tp_slack,util_slack_ema,tp_slack_ema
1,0.0,4.5601727928651155,0.0,0.009083693318468991,0.5482711561286913,-0.009083693318468991,0.16448134683860738,-0.0027251079955406972
2,0.0,5.167337182903024,0.0,0.0019530691961307713,0.712079653784482,-0.0011513796460981122,0.32876083892236974,-0.0022529894907079217
3,0.0,7.8338497342159865,0.005666527062343582,0.0030131711828642136,0.487914918958431,-0.002622705757767617,0.3765070629331881,-0.00236390437082583
4,1.2997294427737842,10.666422581093707,0.049407958054554474,0.004503900113730045,0.134033200995441,-0.0034558333627234235,0.30376490435186393,-0.002691483068395108
5,0.0,7.626191502893438,0.0,8.359825725601676e-05,0.6711071498192587,0.008908360260377264,0.41396757799208234,0.0007884699302366039
6,0.0,10.215655638107327,0.0,0.0034757911018022717,0.6118048520783385,-0.002623941665877221,0.47331876021795916,-0.00023525354859754363
7,0.0,7.521083954751707,0.0,4.552733653385054e-05,0.6821657969010027,0.004802170394185976,0.5359728712228722,0.0012759736342375122
8,0.37075364891161033,7.709991502041242,0.10010391896076533,0.002528307260756377,0.30812642621998654,-0.00020166717849065386,0.46761893772200647,0.0008326813904190624
9,0.0,11.126580609067403,0.03537961254784519,0.00862291470536162,0.4058249607296948,-0.00848172823323604,0.4490807446243129,-0.0019616414966774688
10,0.0,12.266682053458364,0.0037467509044032594,0.004229211283967492,0.4930859326552469,-0.003160852728472799,0.4622823010335931,-0.0023214048662160676
11,0.0,10.741572902037346,0.0,5.1444471590490255e-05,0.5818453568880725,0.0053174124939251565,0.4981512177899369,-2.9759658173700515e-05
12,0.0,13.15938406913166,0.0,0.003108080182620395,0.764878134556475,-0.0026177365433808436,0.5781692928198983,-0.0008061527237358434
13,0.0,13.340821929319462,0.0,0.0032371338898828255,0.6563257760592826,-0.000313406201304659,0.6016162377917135,-0.000658328767006488
14,0.9995857062013176,17.585748450404946,0.09196137036910024,0.008053777370319417,0.02868784882805136,-0.007976424133077984,0.4297377211026148,-0.0028537573768279366
15,0.0,22.3177149540217,0.2331757618385558,0.009307471057515618,0.15196036520848435,-0.00905359785953532,0.3464045143343757,-0.004713709521640151
16,0.0,22.59854908707082,0.0004353196960707533,0.002912893404584104,0.43634068847609175,0.0025839973870784455,0.3733853665768905,-0.002524397449024572
17,0.0,26.91381014586327,0.014275864976453057,0.004939988782374464,0.5075621916467106,-0.003974829893733094,0.4136384140978365,-0.0029595271824371283
18,0.0,29.214219405669066,0.005515735115298068,0.0027135331781393507,0.5710225451362687,-0.00203962498259327,0.4608536534093661,-0.0026835565224839707
19,0.0,28.468607622527205,0.0,0.0004899839164838563,0.8192281549296668,0.004748013551687724,0.5683660038654563,-0.00045408550023246213
20,0.0,29.778376253789226,0.00023068520825839973,0.0023648194435246152,0.5069790762100741,8.560695830128368e-05,0.5499499255688416,-0.00029217776267233833
21,0.0,32.52609051264094,0.1250413715041204,0.005684601656708862,0.1498373967225583,-0.005239224903087582,0.4299161669149566,-0.0017762919047969114
22,0.0,36.493725842701146,0.007772734008722076,0.008033218046407076,0.6348969752566636,-0.007887542938808537,0.49141040941746866,-0.003609667215000399
23,0.0,37.918061430839685,0.0,0.0031159573422065803,0.6414306314707175,-0.0009666589405001815,0.5364164760334433,-0.0028167647326503334
24,0.0,40.26987124002211,0.0030691947026178696,0.0026644000009382936,0.6166910283831704,-0.001022168556310867,0.5604988417383614,-0.002278385879748493
25,0.0,44.19662827965636,0.025655777929969273,0.005451471888942477,0.3210100545585831,-0.005151681157737725,0.4886522055844279,-0.0031403744631452626
26,0.0,46.894222833509176,0.0,0.004172388794445476,0.8463085056167094,-0.0031158210931576374,0.5959490955941124,-0.0031330084521489746
27,0.0,47.595117553639405,0.0,0.003284252400316829,0.8383190622873883,0.0019415680843445412,0.668660085602095,-0.0016106354912009198
28,0.0,45.84478467111631,0.0,0.00043431461678112963,0.6778601060663759,0.00697718712171168,0.6714200917413793,0.0009657112926728599
29,0.0,44.287868193681945,0.04309464257249047,0.0005029332131087266,0.2930415298834474,0.004881083327461179,0.5579065231839997,0.0021403229031093556
30,0.0,43.693043280014834,0.0,0.0018970524649827682,0.7882917949111816,0.00014408918597602798,0.6270221047021542,0.0015414527879693573
31,0.0,45.004821704742994,0.0004553693345490983,0.005492195796483634,0.5459387440184029,-0.005026601941754628,0.6026970964970289,-0.00042896363094783833
32,0.0,41.23991488874327,0.06997137073471728,0.00012011907182929591,0.35163295700614866,0.006255749363820822,0.5273778546497647,0.0015764502674827598
33,0.0,42.1578552516271,0.10638265641683545,0.004043135401510966,0.22095981996518962,-0.00153122406824908,0.43545244424439217,0.0006441479667632078
34,0.0,41.13617522216911,0.09493771347072508,0.0034145119646288896,0.24146473386658796,0.00045952486746113884,0.3772561311310509,0.000588761036972587
35,0.0,41.34212611037331,0.0,0.002406639794842818,0.6764812963254098,-0.0011245835256776218,0.4670236806893585,7.475766817752438e-05
36,0.0,40.3866860564795,0.0,0.0019037240932509411,0.5437882220605867,0.0013740924625916127,0.49005304310072695,0.0004645581065017509
37,0.0,39.299948986323315,0.0,0.0014278155374985615,0.8436088695234545,0.0021668064040362197,0.5961197910275452,0.0009752325957620915
38,0.0,37.127989086093535,0.0022587173680963966,0.0014492126489674792,0.49352598643117895,0.0040003670730492874,0.5653416496486353,0.00188277293894825
39,0.0,37.51237010429241,0.1534086339064314,0.003308240575899287,0.23172749314060886,-0.0018951099476226837,0.46525740269622734,0.00074940807297697
40,0.0,34.81545720206716,0.04723483947417596,0.0011824637218449611,0.42775130045840154,0.0036261213985241472,0.45400557202487957,0.0016124220706411232
41,0.0,37.71518154837838,0.002098645849303127,0.007027536304184098,0.4737035475332276,-0.006888910050442761,0.45991496467738396,-0.0009379775656840421
42,0.0,36.14275013183471,0.0,0.0020303691679607622,0.6477792373180319,0.001635374859451652,0.5162742464695783,-0.00016597183814333382
43,0.6274419935989162,38.924682142155945,0.09725583604468384,0.005582881538957052,0.03210737630736932,-0.004811716230659068,0.3710241854209156,-0.001559695155898054
44,0.0,39.90183845473511,0.0010502287369920137,0.002400979816247918,0.4068340681808261,-0.0017978676883115498,0.38176715024888874,-0.0016311469156221026
45,0.0,43.185638984569536,0.0007292111421468025,0.006183373899044468,0.3829999115192958,-0.005148604194943636,0.38213697863001084,-0.002686384099418563
46,0.0,44.50587939905063,0.002673678073610317,0.003635152066153437,0.33510354492697125,-0.0009394568222534939,0.36802694851909895,-0.002162305916269042
47,0.0,46.326444198342166,0.0,0.002771953200598842,0.7462338247805799,-0.0009044304817851559,0.4814890113975432,-0.0017849432859238761
48,0.0,48.867405916093055,0.0006208849598235604,0.0030251127580624864,0.40997474675041784,-0.002966895612287264,0.46003473200340556,-0.0021395289838328927
49,0.0,53.546833836945915,0.0,0.007802419523802816,0.7252308723079212,-0.0078003452046130455,0.5395935740947602,-0.003837773850066938
50,0.0,56.693009311528925,0.05985796348906454,0.005216442510298067,0.24944040990635058,-0.004165948970135901,0.45254762483823724,-0.003936226386087626
51,0.0,61.878227508178774,0.010050599837805955,0.006643076545169015,0.38093768850506476,-0.0066408473831137856,0.4310646439382855,-0.004747612685195474
52,0.0,67.21049995227405,0.03155391397644673,0.0077120207557574,0.29450546949840334,-0.0068108479111407254,0.39009689160632083,-0.005366583252979049
53,0.44922230381662365,74.19041916022417,0.1390913122383682,0.009442290642044656,-0.0041692603227125695,-0.009372460833943354,0.27181704602761075,-0.006568346527268339
54,0.0,80.30027300754652,0.00012809561823393342,0.007026360650096792,0.43702379015721127,-0.0068649901880988625,0.32137906926649085,-0.006657339625517495
55,0.0,84.88111907772664,0.03516955488565902,0.0038529186242840523,0.23925296519352396,-0.0024240125292407967,0.29674123804460073,-0.005387341496634485
56,0.0,87.6618297029433,0.05976044022267888,0.00038039494990575284,0.44412712853598985,0.0013660542030724207,0.34095700519201744,-0.003361322786722413
57,0.0,90.64192860282883,0.0,0.002365965665762961,0.62468933523273,-0.0004566701996537929,0.42607670420423116,-0.0024899270106018266
58,0.0,93.40274239561042,0.05793886243155013,0.004005749935705881,0.1282570753004384,-0.002146570540017404,0.3367308155330933,-0.0023869200694265
59,0.0,99.83350173270388,0.05649992514160091,0.010704286313341712,0.10746864435956253,-0.010704286313341712,0.26795216418103407,-0.004882129942601064
60,0.0,103.67791589015046,0.0,0.005523095190711199,0.6037229158765431,-0.005319399008086084,0.3686833896896867,-0.00501331066224657
61,0.0,109.26921774747098,0.0,0.006638080662970178,0.7603717622894948,-0.00635410556828133,0.4861899014696291,-0.005415549134056998
62,0.0,110.84102863059265,0.0034550104626212487,0.0014016709405537241,0.43472116157741914,0.0021732404805890767,0.4707492795019661,-0.0031389122496631753
63,0.0,113.19824902587584,0.0,0.0019188679978604198,0.7902370769458071,0.0008611092015387058,0.5665956187351184,-0.001938905814302611
64,0.0,114.14269408725714,0.0,0.0008396830713522822,0.49076672204087407,0.0013828941244506821,0.5438469497268451,-0.000942365832676623
65,0.0,120.25210859053729,0.004901411618043962,0.01066898808224019,0.33705304475128506,-0.01066898808224019,0.48180877823417706,-0.003860352507545693
66,0.0,115.80532635652123,0.0008856197658039268,0.00023381305503448617,0.5009042329566117,0.010406608751052654,0.4875374146509074,0.0004197358700338107
67,0.0,119.54383951208503,0.07187509847998566,0.005345599837330278,0.2825473820437405,-0.003784857539982541,0.4260404048687573,-0.0008416421529710946
68,0.0,119.03810651651084,0.13290744983671476,0.0021529310051529435,0.09180788296649932,0.0006514539658681408,0.3257706482980799,-0.00039371331731932394
69,0.0,120.18304765572253,0.0,0.0034461062058028795,0.5168048354304365,-0.0014921787424578361,0.38308090443778686,-0.0007232529448608777
70,0.0,121.28185696973497,0.0,0.00256075409755935,0.6986055707192868,-0.001848932492615752,0.4777383043222368,-0.00106095680918734
71,0.0,126.0130475941142,0.0,0.009059052116177146,0.664963172513864,-0.009059052116177146,0.533905764779725,-0.0034603854012842817
72,0.0,124.67724404275131,0.0,0.0005901644407824534,0.4370451243097069,0.004032270133296346,0.5048475726387195,-0.001212588740910093
73,0.0,125.40046667503341,0.002424808013317581,0.0007325567304433243,0.4767359102846163,0.002148378839954628,0.4964140739324885,-0.00020429846665067665
74,0.0,126.95217375328825,0.013174498974676575,0.003524095349660691,0.48067954425488074,-0.0019610973718057713,0.49169371502920617,-0.000731338138197205
75,0.0,126.98270667661659,0.003765269822851659,0.0010203966331356752,0.5528410252448185,0.00017967306825199234,0.5100379080938898,-0.00045803477626244583
76,0.0,129.0514583150054,0.0,0.004248921736538711,0.563081529999981,-0.0035290039036770197,0.5259509946657172,-0.001379325514486818
77,0.0,132.5368694125824,0.158192791273311,0.006745346455768736,0.1205513258403649,-0.00672668166490842,0.40433109401811146,-0.002983532359613298
78,0.0,131.4906877336876,0.09395582320024726,0.0008275253145013263,0.20135763772105278,0.0037406564236051095,0.34343905712899386,-0.0009662757246477758
79,0.0,131.20101842890352,0.0,0.0004549616589610795,0.5804131959825618,0.003751585414757674,0.41453129878506423,0.00044908261717385906
80,0.0,135.62208594117752,0.0,0.00829471150282684,0.5623922522199547,-0.008222731879778277,0.4588895848155313,-0.0021524617319117817
81,0.0,137.2171454339898,0.02613907548185492,0.004490790763300553,0.2169605722906242,-0.0037011490974187336,0.38631088105805916,-0.002617067941563867
82,0.0,134.54555605141115,9.03630703106098e-05,0.00040361139087254143,0.4591452522751123,0.007917003348678718,0.4081611924231751,0.0005431534455089086
83,0.0,135.1107461709403,0.08057155143693435,0.0018546746691626185,0.1941965294582539,0.0015260016298804821,0.3439717935336987,0.0008380079008203806
84,0.0,133.7608937965047,0.22629897502809587,0.001969214642564843,0.12601890260381307,0.0022114906118015543,0.278585926254733,0.0012500527141147328
85,0.0,132.5291875236376,0.0,0.002018411498043472,0.5716423349978977,0.0016410443086971082,0.3665028488776824,0.0013673501924894452
86,0.0,133.0823238807617,0.008925843530534952,0.0037052102099319477,0.31397555397863064,-0.0025114785792317656,0.35074466040796687,0.00020370156097308193
87,0.0,133.86178110260548,0.06597103613019147,0.0037665225715815785,0.24152435834856245,-0.003056679894391615,0.31797856979014555,-0.0007744128756363272
88,0.0,132.96364785360277,0.009581779201334469,0.0016866453783949164,0.45239808116967656,0.0016911890125601659,0.3583044232040048,-3.473230917737922e-05
89,0.0,136.16235881612744,0.03287212359546482,0.00605561993051091,0.3598529641929292,-0.0058558539135894995,0.3587689855006821,-0.0017810687905010154
90,0.0,135.57431567865768,0.016968536176512953,0.0010114159697861018,0.3948449157729861,0.0013354805580593362,0.36959176458237325,-0.0008461039859329097
91,0.0,137.53602977377034,0.09474870500300747,0.0037359420104176562,0.3170556832785769,-0.0021963700419656636,0.3538309401912343,-0.001251183802742736
92,0.0,140.5961069516037,0.0,0.005482808551681356,0.6463221416047241,-0.00544166981002512,0.4415783006152812,-0.002508329604927451
93,0.0,142.79351178943378,0.008038608542390442,0.0045496696598343,0.30973161636786933,-0.003170096550750307,0.4020242953410576,-0.0027068596886743075
94,0.0,142.5874792577413,0.0,0.001775051880694786,0.6883794574771618,0.0031548635998535635,0.48793084398188885,-0.0009483427021159462
95,0.0,143.96627325660756,0.09512604587762229,0.0033261616441296435,0.22404170828508416,-1.3327709347491092e-05,0.4087641032728474,-0.0006678382042854097
96,0.0,143.3419950978652,0.02972407682060047,0.001828497550751371,0.40950690843048365,0.0023162630705958905,0.40898694482013825,0.00022739217817898045
97,0.0,144.77240608738407,0.0,0.0033284109645693497,0.5866087364644382,-0.002293832772791136,0.46227348231342824,-0.0005289753071120545
98,0.0,145.38005081296038,0.003174461383596795,0.0024253321159491263,0.27123249391114135,-0.0014807527260907289,0.40496118579274215,-0.0008145085328056568
99,0.0,145.7852905897949,0.009037242638455852,0.001938686979099026,0.45181792884448974,-0.0002592957346299767,0.4190182087082664,-0.0006479446933529528
100,0.0,147.96540339783698,0.0015099986936603325,0.00498454187384501,0.6223738339813824,-0.0036664575995253267,0.4800248962902012,-0.0015534985652046647
101,0.0,152.09286004576913,0.14255304565986704,0.007862312361933098,0.1646397390262363,-0.007859196520732496,0.38540934911101166,-0.003445207951863014
102,0.0,147.7917555249445,0.08743110093534398,0.00010014571496339831,0.13904990892875715,0.010722412421800394,0.31150151705633533,0.0008050781602360084
103,0.0,147.3117190571793,0.004413015313923227,0.0013775136677698903,0.4022013685312986,0.004555289334358404,0.3387114724988243,0.0019301415124727272
104,0.0,145.70320746990868,0.0,0.0007658911030195205,0.5476510157647855,0.002432020160214957,0.4013933354786126,0.002080705106795396
105,0.0,144.89754013102683,0.00018200088633458014,0.002365832419375306,0.5541721734049809,-0.00041878649893843244,0.44722698685652307,0.0013308576250752472
106,0.0,149.01176398343708,0.09721485282460582,0.010826479970674173,0.12552957788318644,-0.010794153246478037,0.35071776416452205,-0.0023066456363907382
107,0.0,149.36648624989974,0.026750339881653956,0.003923956591607027,0.39655161623553703,-0.0020292045130676437,0.3644679197858265,-0.0022234132993938097
108,0.0,151.12875098859658,0.011314646331741634,0.002257365319416303,0.43862113552397713,-0.0011759867802366296,0.3867138845072716,-0.0019091853436466557
109,0.0,154.1592339427744,0.002098645849303127,0.0054086612429236946,0.4551813015835662,-0.003917901245016679,0.40725410963015996,-0.002511800114057663
110,0.0,151.40678824823357,0.0,0.0008037996873809915,0.6956042185452778,0.007827654934677684,0.4937591423046953,0.000590036400562941
111,0.0,155.1379800442693,0.0061094575115563906,0.0057796837787619584,0.2913941002662774,-0.005181442639621151,0.4330496296931699,-0.0011414073114922865
112,0.0,156.58016699661442,0.22905936493045542,0.004328358459193821,0.12736079387834517,-0.0035716187633265677,0.34134297894872245,-0.0018704707470425708
113,0.0,158.13454188731947,0.016447679166821827,0.0024118778723374677,0.3872293426003288,-0.0019713787917042726,0.3551088880442044,-0.0019007431604410813
114,0.0,161.33424519484973,0.11299559982949951,0.005915437533381372,0.09268853050002285,-0.004638443897500279,0.2763827807809499,-0.0027220533815588404
115,0.0,166.61987483439748,0.056941269436496064,0.008918368732700053,0.19906379486976358,-0.008918368732700053,0.253187085007594,-0.004580947986901204
116,0.0,171.45072055588406,0.0013040290419116614,0.0071992882779619155,0.4747872819231765,-0.00703791681451903,0.31966714408226876,-0.0053180386351865516
117,0.0,172.6700480301729,0.0,0.0004710602420207451,0.8303770522113464,0.0024531401913864344,0.47288011652099204,-0.0029866849872146554
118,0.0,177.78339237183567,0.05611373990196276,0.0053900720283461745,0.09985668601331457,-0.004988731925677543,0.36097308736868877,-0.0035872990687535215
119,0.0,177.0695739169269,0.001345257213062753,0.0002666793198957755,0.509510904362865,0.004747722770606609,0.40553443246694165,-0.0010867925169454821
120,0.0,179.91603729998585,0.04095883187656393,0.003479169098275193,0.26213586475272727,-0.002148079163215101,0.3625148621526773,-0.0014051785108263677
121,0.8448437524666721,184.19160078050268,0.20668232464890746,0.007854066831599253,-0.060385878818781935,-0.007716799274640817,0.23564463986123954,-0.003298664739970702
122,0.0,192.2127110799062,0.06654619316281002,0.015109474477481035,0.2171093645898122,-0.015109474477481035,0.23008405727981132,-0.006841907661223801
123,0.0,193.19703516814926,0.004132003192885789,0.0014062735679911164,0.4891799436033511,0.001670513406180798,0.3078128231768732,-0.004288181341002421
124,0.0,199.03499073278527,0.0001759155731646715,0.0056198222542696895,0.3940948972554336,-0.004856746056675158,0.33369744540044133,-0.004458750755704242
125,0.0,201.17642026455655,0.0,0.002420114396469844,0.6665490690437345,0.00019132532050831537,0.43355293249342924,-0.0030637279328404746
126,0.0,205.20226022249943,0.0,0.004198556997693135,0.5138635915165306,-0.003614979211320688,0.4576461302003596,-0.0032291033163845385
127,0.0,211.4611881360867,0.03646410657715522,0.009713503918415321,0.19619661310393635,-0.009713503918415321,0.3792112750714326,-0.0051744234969937734
128,0.0,214.4183666362037,0.0,0.0034826823399714125,0.6473605737817655,-0.00258153827496851,0.45965606468453246,-0.004396557930386194
129,0.0,219.0122183821705,0.07606648438445997,0.004919079628264402,0.15766358063292457,-0.003997310080962824,0.3690583194690501,-0.004276783575559183
130,0.31645688238023784,223.32866763881742,0.23353320077569872,0.004701201204736926,0.001231976664765429,-0.004234655458213837,0.25871041662776467,-0.004264145140355579
131,0.0,231.7443257459196,0.11326152649225436,0.01289996545107399,0.038436486153195316,-0.01289996545107399,0.19262823748539384,-0.006854891233571102
132,0.0,232.5105769437313,0.0,0.0008981530174378211,0.5790314000363578,0.0031310816604948775,0.308549186250683,-0.003859099365351308
133,0.0,234.02914283879653,0.013476282405559667,0.001373505558403168,0.3754960125264865,0.004137628560473605,0.32863323413342405,-0.0014600809876038343
134,0.0,231.53699084738577,0.0,3.4300848258828515e-05,0.5200490479408367,0.009272715195496913,0.3860579782756478,0.0017597578673263898
135,0.0,231.15355345404606,0.0,0.0003772637628361982,0.5891631659404464,0.0022464223537397464,0.44698953457508733,0.0019057572132503966
136,0.0,229.306543483111,0.008244257323223161,0.0006305835990840215,0.503952374689745,0.001935449777097573,0.46407838660948464,0.0019146649824045496
137,0.0,228.31257006227477,0.0,0.0014502587300230486,0.5654511037743288,5.836488672809024e-06,0.4944902017589379,0.0013420164342850273
138,0.0,228.40386421263597,0.051649198022607944,0.003196977783953108,0.2889166139985259,-0.0022405561880191023,0.43281812543081427,0.0002672446475937884
139,0.0,228.219549236876,0.0,0.002834464319451011,0.7691150457638265,-0.0010250794465300255,0.5337072015307179,-0.0001204525806433558
140,0.0,228.1457228364069,0.031859378523946214,0.0020896635810630634,0.3877455697016946,-0.00011955598273945637,0.4899187119820109,-0.00012018360127218597
141,0.0,231.69873889443247,0.06638423254144907,0.008024635266448796,0.27866515826899463,-0.007271637699330113,0.426542645868106,-0.002265619830689564
142,0.0,233.23919941310498,0.0,0.0032549853679769607,0.7115968500182593,-0.0029897006696304796,0.5120589071131519,-0.0024828440823718386
143,0.0,236.1085661744865,0.030958707816011708,0.00450354342147306,0.2246860055359742,-0.003514374925811071,0.42584703663999857,-0.002792303335403608
144,0.0,238.8169325091742,0.0,0.004641535527364523,0.4943331172261273,-0.002939787972486914,0.4463928608158372,-0.0028365487265286
145,0.0,239.80920746261916,0.0,0.002552003027629839,0.5318747711562769,0.000959599351640435,0.47203743391796904,-0.0016977043030778891
146,0.30875730238797505,246.3927076103289,0.22855655903124855,0.010754177984883545,-0.11632639913733935,-0.010690149371633042,0.2955282840013765,-0.004395437823644434
147,0.0,247.32327839299472,0.0,0.0017360190938561484,0.6824989894018026,1.2896094470882726e-05,0.41161949562150435,-0.003072937648209839
148,0.0,252.9797852474739,0.016328523479286188,0.00724211207602261,0.23497840539186318,-0.007077769145193221,0.35862716855261195,-0.0042743870973048536
149,0.0,252.46667311849322,0.006861995339623879,0.00043437208937896054,0.5446018787656022,0.004448059781316038,0.41441958161650905,-0.0016576530337185861
150,0.0,251.54237764653047,0.02589672400962927,0.0012079760739858998,0.515285156632375,0.006447171002686549,0.44467925412126874,0.0007737941772029543
151,0.3211682728391403,260.0100740776616,0.22919327669175657,0.015946553745449735,-0.12986458687489114,-0.015946553745449735,0.2723161018224207,-0.004242310199592853
152,0.0,262.1613438972632,0.0017195701368190178,0.005189896687393032,0.3270050574596372,-0.005111084800439995,0.2887227885135857,-0.004502942579846995
153,0.0,264.38204246797085,1.7590247240409663e-05,0.002605916306297714,0.5199484292283756,-1.9759623571440162e-05,0.35809048072802263,-0.003157987692964329
154,0.0,269.23676970996473,0.07313548669597679,0.005671296470769383,0.24381204686252614,-0.005291867079606476,0.32380695056837366,-0.003798151508956973
155,0.0,267.63690953592294,0.0,0.0003127454677145467,0.7911380212327902,0.006780868855631458,0.4640062717676986,-0.0006244453995804438
156,0.0,270.25559481727026,0.0,0.004013038723563724,0.6646231112773267,-0.0014731679559941858,0.524191323620587,-0.0008790621665045663
157,0.0,271.3590301160778,0.0,0.0031388877785125014,0.5450930895097986,-0.0016117319910149783,0.5304618533873504,-0.0010988631138576898
158,0.0,274.02725556340783,0.010808963919925701,0.004705109986572346,0.5649739676172766,-0.004597327295417961,0.5408154876563283,-0.002148402368325771
159,0.0,274.1784445110118,3.867622823394803e-05,0.0018974714611233586,0.4571264533547712,0.0009191888681072246,0.5157087773658611,-0.0012281249973958724
160,0.0,273.1709465939708,0.0,0.0018222111257005158,0.48255961343955417,0.0043880450023993794,0.505764028187969,0.0004567260025427031
161,0.0,276.0007673504317,0.0,0.005010811846732151,0.5323458014655191,-0.004635193287112196,0.513738560171234,-0.0010708497843537666
162,0.0,280.0399714860166,0.017068009419445616,0.008846146127435763,0.37026230856869824,-0.008846146127435763,0.47069568469047324,-0.0034034386872783652
163,0.32083119845038777,285.84331468277543,0.35575397837563816,0.010900879389382117,-0.25826794110715323,-0.010833019855908984,0.2520065969511853,-0.005632313037867551
164,0.0,284.7174304401304,0.0,0.0005478495982524694,0.6546401443016238,0.006125520514669842,0.3727966611563168,-0.0021049629721063326
165,0.0,288.0368168233349,0.0,0.0018994868317231174,0.6685000440697713,-0.0009606887600596149,0.46150767603035314,-0.0017616807084923172
166,0.0,289.32723012639076,0.006228879111038447,0.0024379594288901924,0.4639881061544785,-0.0004222879225684659,0.46225180506759067,-0.0013598628727151615
167,0.0,292.91119708074837,0.012292285905944726,0.005575217476062635,0.488336014022931,-0.005574852797202448,0.4700770677541927,-0.0026243598500613474
168,0.0,298.8010175515722,0.04914686640815217,0.010744587161385544,0.0927712438138406,-0.010744587161385544,0.35688532057208705,-0.005060428043458606
169,0.0,300.67137824004885,0.01775983920180164,0.00254733189370056,0.38902553149121555,-0.000952025422034927,0.36652738384782557,-0.003827907257031502
170,0.0,301.3818323683458,0.0,0.0006233300047890777,0.6702209172428254,0.003950662580360491,0.4576354438663255,-0.0014943363058139041
171,0.0,304.8093000347745,0.006981405135188086,0.004245225805459383,0.5779980576284448,-0.003090890232909606,0.4937442279949613,-0.0019733024839426144
172,0.0,304.6009489989376,0.016635366162040033,0.001659024538391268,0.4813505209385154,0.0020728859133804633,0.49002611587802747,-0.0007594459647456911
173,0.0,305.2488506768054,0.0,0.0021409518352652757,0.6356031309170501,0.0007373718404134934,0.5336992203897342,-0.0003104006231979357
174,0.0,308.431223139101,0.1965807451183698,0.006407356009514609,-0.0848433585811926,-0.0058259197238725215,0.3481364466984561,-0.0019650563534003114
175,0.0,310.68067439088,0.0007183840208090459,0.005290553043976827,0.5056726487789134,-0.004281145443983434,0.39539730732259326,-0.002659883080575248
176,0.0,312.2752660653042,0.0034318884811814555,0.0031504177484059153,0.3655980619606921,-0.0011643038252344602,0.38645753371402286,-0.0022112093039730113
177,0.0,313.07470435839684,0.0,0.002366221952186026,0.4412777524181175,0.0011973488193217866,0.4029035993252512,-0.0011886418669845719
178,0.0,316.70901556054815,0.03957743434163404,0.005384669029337274,0.29380762722423687,-0.005218611901718926,0.3701748076949469,-0.0023976328774048777
179,0.0,317.8567595393769,0.0,0.002374490518923738,0.7114987884699139,-0.0010530633078924755,0.4725720019274369,-0.001994262006551157
180,0.0,322.38102239758416,0.05456874666066388,0.007106580389152622,0.14354290923359603,-0.006844919123695341,0.37386327411928466,-0.003449459141694412
181,0.0,324.4001303336502,0.011686655389870114,0.0036888125772872337,0.42122322117803757,-0.001985391145742998,0.3880712582369105,-0.0030102387429089875
182,0.0,324.48083971264384,0.0,0.0007449182886791598,0.5914021398698516,0.0035504686806495725,0.4490705227267928,-0.0010420265158414196
183,0.0,327.6890623590316,0.011183944859087757,0.0049618716329445384,0.3715193338405914,-0.003504714051284135,0.4258051660609324,-0.001780832776474234
184,0.0,333.1998077234039,0.019914690477975137,0.010321073856087796,0.3345196995295492,-0.010321073856087796,0.39841952610151743,-0.004342905100358303
185,0.0,339.4220459541622,0.06627366286795505,0.010927007792737446,0.19479964505340067,-0.010927007792737446,0.33733356178708235,-0.006318135908072045
186,0.0,337.9607802323328,0.0,2.8403756911579853e-05,0.6712321873137862,0.007831418729520711,0.4375031494450935,-0.0020732695167942185
187,0.0,343.76103403926766,0.03911231547360477,0.006277993296544518,0.4730352814440414,-0.00541608429700614,0.44816278904477785,-0.0030761139508577945
188,0.0,341.6564541767587,0.0,0.00022427563006835322,0.8313367169953034,0.006672368541506737,0.5631149674299355,-0.00015156920314843498
189,0.0,342.35940449061627,0.0,0.0014012686529674228,0.7981903664016936,0.0017461209284047896,0.6336375871214629,0.0004177378363175324
190,0.0,347.0229178753328,0.0842496660743855,0.009575174041393013,0.16825615448455664,-0.009575174041393013,0.494023157330391,-0.002580135726995631
191,0.0,348.0172850480835,0.10375228062121766,0.003436237989481214,0.342760005075095,-0.002399236200770037,0.4486442116538022,-0.0025258658691279527
192,0.0,350.96217535511755,0.02424503253510841,0.0037058136238151177,0.35340336411663575,-0.0033423023461536245,0.42007195739265224,-0.0027707968122356545
193,0.0,348.073214396466,0.013596686217779019,0.0002951733226404174,0.5136169756438562,0.008765228811375482,0.4481354628680134,0.0006900108748476865
194,0.0,355.47449398375113,0.0012471442466579846,0.012561836247217047,0.36957963253335285,-0.012561836247217047,0.42456871376761524,-0.0032855432617717333
195,0.0,354.146432920143,0.0,0.0016443500595746787,0.7034632291358318,0.002184930190457637,0.5082370683780801,-0.0016444012261029222
196,0.0,355.803790312741,0.0,0.0024460314903193567,0.5116999325639423,3.8129714187488154e-05,0.5092759276338388,-0.0011396419440157992
197,0.0,355.4154116754797,0.0007516578217085625,0.0014387805664629987,0.5840020551825648,0.0025695251858188443,0.5316937658984566,-2.6891805065406074e-05
198,0.0,358.94913044015317,0.0,0.006710471806061572,0.49746479322963755,-0.006173666576175504,0.5214250740978109,-0.0018709242363984355
199,0.0,364.3427001506229,0.06669517593195702,0.011130636090018922,0.17450935475840895,-0.011130636090018922,0.4173503582959903,-0.004648837792484582
200,0.0,367.0885016367072,0.014813647337500447,0.004520235179019299,0.5413138999078819,-0.0035778387750736973,0.4545394207795578,-0.004327538087261316
201,0.0,371.86283566323385,0.037110244091998326,0.005097716446624527,0.35288021816471205,-0.004923675767789911,0.42404165999510407,-0.004506379391419894
202,0.0,377.9212725187975,0.21024810427567067,0.008324825312949837,-0.12608685128940017,-0.007926125466884577,0.2590031066097528,-0.005532303214059299
203,0.0,382.31323930284094,0.0,0.005139179108649149,0.6206002230218025,-0.004225272966775611,0.36748224153336767,-0.005140194139874192
204,0.0,384.1035975909569,0.0,0.0022551900217337513,0.8045456488102465,0.0022470775035650817,0.4986012637164313,-0.0029240126468424096
205,0.0,387.64772457974135,0.0,0.0031118392985070155,0.7529101699828104,-0.0019073951373136558,0.5748939355963449,-0.0026190273939837834
206,0.0,392.67804315796985,0.06794793591267771,0.007324857722765872,0.2232667766321569,-0.007324857722765872,0.4694057879070885,-0.004030776492618409
207,0.0,395.7729740887629,0.0,0.004712938341974672,0.604219687534408,-0.0035516702165599248,0.5098499577952843,-0.0038870446098008635
208,0.0,397.4794367401158,0.04419360834469846,0.0015611318775670352,0.27381791753728285,0.0008055551815674122,0.43904034571788386,-0.0024792646723903805
209,0.0,399.7101523536906,0.0,0.002460492660614517,0.9132924752651604,-0.0004950166983887423,0.5813159845820668,-0.001883990280189889
210,0.0,401.74654459784733,0.039190288143165,0.0034232048783445226,0.3395327305204815,-0.0015814168799118864,0.5087810083635912,-0.001793218260106488
211,0.0,402.36513507387065,0.13068108524539848,0.002879655694479907,0.2068269008149897,0.0007484771443201779,0.4181947760990107,-0.001030709638778488
212,0.0,402.6858053334185,0.0,0.0024462350085148786,0.6991992777956479,0.001242818881835476,0.5024961266080019,-0.00034865108259429876
213,0.0,408.5195143287356,0.08676378968014786,0.011067606566796883,0.14292925434961454,-0.011065377404741653,0.3946260649304857,-0.003563668979238505
214,0.0,409.1406743333175,0.0,0.001994136766124807,0.7654983385584383,-0.0007824189243748834,0.5058877470188714,-0.0027292939627794185
215,0.0,411.64647249827095,0.0,0.002294580929263163,0.7819430113860578,-0.001394537075163717,0.5887043263290272,-0.002328866896494708
216,0.0,412.7929954078701,0.0,0.001366845068418154,0.5237762134860835,0.0005514612702509088,0.5692258924761441,-0.0014647684464710229
217,0.0,417.1222332079555,0.0,0.006912252243293371,0.6318658311130217,-0.0065323103810596824,0.5880178740672073,-0.0029850310268476205
218,0.0,419.89961199904616,0.04723483947417596,0.005605170810085042,0.4662811157591744,-0.004136029056912854,0.5514968465747974,-0.0033303304358671907
219,0.0,423.20867060910246,0.07322139397243378,0.0037553032284894363,0.2265408025303032,-0.003645701016489956,0.4540100333614491,-0.0034249416100540202
220,0.0,425.31226381039335,0.0,0.0017853538128971048,0.436868160935626,-0.0007706857315753549,0.4488674716337021,-0.0026286648465104205
221,0.0,431.4002056024971,0.042066769891835006,0.009006036854471992,0.31305232057113513,-0.009006036854471992,0.408122926314932,-0.004541876448898891
222,0.0,433.69038840579736,0.08650598795593731,0.002426057965594412,0.2983645490465202,-0.001843776773056432,0.37519541313440846,-0.0037324465461461534
223,0.0,437.3948520731948,0.0,0.0032872164321279458,0.5400205441196959,-0.0028309927333854553,0.42464295242999467,-0.003462010402317944
224,0.0,443.9070521568904,0.00026730066581259277,0.009534867922033691,0.420532830334138,-0.009534867922033691,0.42340991580123766,-0.005283867658232667
225,0.0,444.9309727070919,0.0,0.002313343587726502,0.7131133026108197,0.001693254175254395,0.5103209318441122,-0.0031907311081865487
226,0.0,448.2728905236267,0.21506356400677337,0.0035521586460802207,0.0716564910231069,-0.001325352844280675,0.3787215995978106,-0.0026311176290147865
227,0.0,451.75266499678355,0.0,0.005232883886289346,0.7316502680212774,-0.003816222013506858,0.4846002001248506,-0.0029866489443624075
228,0.0,455.0675497514388,0.021690881177711317,0.004815382188443866,0.3022298837811822,-0.004040818669292998,0.42988910522175006,-0.0033028998618415844
229,0.0,460.0191952740247,0.17413949932165412,0.007272038208604533,-0.005623555151865032,-0.00706721469409963,0.2992353071096655,-0.0044321943115189985
230,0.0,461.2864324948065,0.013305161129006987,0.0014809640239995155,0.5692604764264008,0.000985117909102963,0.38024285790468604,-0.0028070006453324095
231,0.0,467.3169968835554,0.0021263924577698953,0.007829848375172354,0.42087862745901855,-0.007829848375172354,0.3924335887709858,-0.0043138549642843926
232,0.0,470.63940240539443,0.0,0.004005142621116475,0.6351672733766384,-0.0038179752080983475,0.46525369415268153,-0.004165091037428579
233,0.0,474.9562703923081,0.0,0.004842915231317343,0.4028748993422806,-0.004326330591714267,0.44654005570956123,-0.004213462903714285
234,0.0,479.14476423836686,0.03220426830568275,0.004964523001846992,0.6095389595845281,-0.004211831394312937,0.4954397268720513,-0.0042129734508938805
235,0.0,481.7514385461865,0.0,0.002058118148529122,0.681130280938623,-0.0008660070561345592,0.5511468930920228,-0.003208883532466084
236,0.0,485.44859599924155,0.0026286266463158283,0.004784711799657572,0.5199804113255484,-0.0031801938686642495,0.5417969485620805,-0.0032002766333255337
237,0.0,485.56442908523445,0.0,0.00044438064404584896,0.824144591261859,0.003234612943555473,0.626501241372014,-0.0012698097602612314
238,0.0,492.432836518454,0.05795526146751546,0.01092265191948233,0.4809750356881528,-0.01092265191948233,0.5828433796668556,-0.004165662408027561
239,0.0,492.67433789774566,0.0,0.001522692579679528,0.7346311619888392,0.0009931598937489667,0.6283797143634506,-0.0026180157174946024
240,0.0,497.46393489608033,0.027893567749516922,0.00559128056597107,0.5000032644255409,-0.005530011416606376,0.5898667793820777,-0.0034916144272281345
241,0.0,504.73306689777456,0.1751774230488061,0.012271441363338225,0.2862151978992761,-0.012271441363338225,0.49877130493723715,-0.006125562508061162
242,0.0,507.4511240468652,0.025998971089095064,0.004375130049287089,0.58460153528324,-0.0017702889277403271,0.524520374041038,-0.004818980433964911
243,0.0,513.2603819984732,0.06758943667113411,0.006332567890147162,0.1634362234281914,-0.005521035601871153,0.416195128857184,-0.005029596984336784
244,0.0,520.2600374992711,0.005505601546174545,0.009353898359281227,0.57562989006584,-0.009353277800268301,0.4640255572197808,-0.006326701229116239
245,0.0,529.6066699028933,0.11116672456384243,0.01396937476431523,0.27840458685228486,-0.01396937476431523,0.408339266109532,-0.008619503289675937
246,0.0,537.9027064847367,0.0140719364367457,0.010333949794774904,0.5332077812712616,-0.010333949794774904,0.44579982065805085,-0.009133837241205627
247,0.0,547.8229377352255,0.22853567428464833,0.011309165478760696,-0.09302975221607508,-0.011307922626722429,0.2841509487958131,-0.009786062856860667
248,0.0,550.637837939001,0.007301651120778041,0.0013289061048236052,0.5702787084711817,0.004057790987426109,0.36998927669842363,-0.0056329067035746335
249,0.0,557.4712263600541,0.0,0.004164664233895797,0.6639707982227557,-0.0038077059553151,0.45818373315572325,-0.005085346479096773
250,0.0,561.3357675661343,0.0,0.0043071093857396815,0.5664111188387124,-0.0019716269264812977,0.49065194886061997,-0.00415123061331213
251,0.0,566.4548985884765,0.0,0.005292858057509523,0.6586233366440423,-0.005194652438598799,0.5410433651956467,-0.004464257160898131
252,0.0,568.1958965230458,0.019798368504203762,0.0013472583504399649,0.33926272355413756,0.0008831302402179835,0.4805091727031939,-0.0028600409405632964
253,0.0,571.9570020461879,0.06376899347455729,0.0046943187703909805,0.17433432923717695,-0.003066200258086947,0.3886567196633888,-0.0029218887358203913
254,0.0,573.6765292957749,0.02010667175389319,0.0023491691739206968,0.5852883599678722,-0.0004813937595606919,0.44764621175473385,-0.0021897402429424816
255,0.0,576.2224435629303,0.0,0.002431758456284706,0.774083047146099,-0.0021691147799713408,0.5455772623721433,-0.002183552604051139
256,0.0,581.6394211481169,0.07367497996085605,0.008915973622928772,0.2654664435791321,-0.008913409190904914,0.46154401673423995,-0.004202509580107271
257,0.0,586.5766200890456,0.07844333214989294,0.007836399163451817,0.37325814918979816,-0.007836192598543614,0.4350582564709074,-0.005292614485638174
258,0.0,593.1076977320794,0.015054360340636612,0.009008272006807157,0.4120828174065066,-0.009008272006807157,0.42816562475158715,-0.0064073117419888685
259,0.0,599.6405359459162,0.08313471845598,0.007851144874112941,-0.023708011254342784,-0.00782996820037067,0.29260353394980815,-0.006834108679503409
260,0.0,604.5953288255224,0.000946655044473421,0.004084791964289608,0.37236878537569107,-0.0033634475729620557,0.316533109377573,-0.005792910347541002
261,0.0,609.5063002058309,0.06658594256038255,0.004147661221588,0.12605409696665743,-0.002870955903345638,0.2593894056542983,-0.004916324014282393
262,0.0,614.5683459947239,0.14410272367249663,0.004724537472741767,0.09477952136031927,-0.004306800280909961,0.21000644036610458,-0.004733466894270662
263,0.0,618.5045055557986,0.028079430717746576,0.004373533458390136,0.5296780203782803,-0.0028819337834335534,0.3059079143697573,-0.004178006961019529
264,0.0,620.4078158166558,0.0012785639146094142,0.0017124456390009686,0.37835772270037926,0.0011395485947885392,0.3276428568689439,-0.002582740294277109
265,0.0,625.9931170795891,0.06615038374408318,0.007522496872914111,0.3684007675214276,-0.0071763395344541245,0.33987023006468897,-0.003960820066330213
266,0.0,630.0600172029591,0.1613405626884268,0.005821573756445806,0.23200012671239617,-0.005617319947718617,0.3075091990590011,-0.004457770030746734
267,0.0,634.1472327123759,0.0,0.0045784640748953885,0.5723733736161458,-0.004203437657576535,0.3869684514261445,-0.004381470318795674
268,0.0,634.6419907051777,0.012176702094537958,0.0014884743941073802,0.4117613201813737,0.0037953258936403856,0.39440631205271326,-0.0019284314550648562
269,0.0,638.7457443517238,0.022563619312449677,0.005505236423795145,0.46530455053454356,-0.003905103870931088,0.4156757835972623,-0.0025214331798247254
270,0.0,643.4873165151761,0.0004553693345490983,0.007885274173438489,0.5762246572355758,-0.007764432859007041,0.4638404456887563,-0.00409433308357942
271,0.0,647.4089041097856,0.13526657705231782,0.005729585945004395,0.07036749580983274,-0.005372884047969745,0.3457985607250792,-0.004477898372896517
272,0.0,649.3737164144638,0.04467993882113667,0.002888034101855396,0.20326253399999378,0.00035815042618625204,0.30303775270755356,-0.003027083733171686
273,0.0,650.4631747958027,0.19439595491807635,0.0011857409505624896,0.0176949891873453,0.002520900999526639,0.21743492365149109,-0.0013626883133621885
274,0.0,650.0415703127944,0.000691413120854776,0.001311894773663926,0.46946119926236496,0.0040883335747111255,0.2930428063347532,0.0002726182530598057
275,0.0,654.9039247990435,0.0234541424415396,0.00872254247090847,0.3718000474840395,-0.008721797280477174,0.31666997867953905,-0.0024257064070012883
276,0.0,655.1616074489193,0.14310774696184758,0.002252097498344659,0.1845964436087128,-0.0007197451005536546,0.27704791815829116,-0.0019139180150669981
277,0.0,655.5102109350067,0.04889975685655675,0.0009391748854771932,0.35368350363459194,0.0018802668285719372,0.30003859380118136,-0.0007756625619753174
278,0.0,654.441714137007,0.0,0.002209878681511052,0.741701521535043,0.004252018868276555,0.43253747212133986,0.0007326418671002441
279,0.0,657.0301251201196,0.3736984862898207,0.005597987586744572,-0.06240342042682615,-0.004615067790556141,0.2840552043568901,-0.0008716710301966714
280,0.0,661.1495964909434,0.1806000728184552,0.009944762477629888,0.013023617407586594,-0.009309081007854169,0.20274572827209902,-0.0034028940234939204
281,0.0,666.1564663558518,0.23274563667699813,0.009390601266384998,0.12777680330869373,-0.009381200977791987,0.18025505078307744,-0.00519638610978334
282,0.0,664.7572800165898,0.0,0.00031551482444061607,0.6857658178812874,0.006676168902509639,0.33190828091254043,-0.0016346196060954463
283,0.0,668.9718661682791,0.0069909685321074486,0.004299190087823659,0.5084090947622621,-0.0032993764680741655,0.38485852506745694,-0.002134046664689062
284,0.0,670.4208711982802,0.18927146818910404,0.004139749456694423,0.23278518944995893,-0.0012271131117909766,0.3392365243822075,-0.0018619665988196363
285,0.0,675.3612859365255,0.2673862073234362,0.007991983487342163,0.16287501266940985,-0.007991983487342163,0.2863280708683682,-0.0037009716653763937
286,0.0,679.024033948912,0.23148628257153409,0.005539649345047516,0.12903615741415747,-0.0055369693326442,0.23914049683210498,-0.0042517709655567355
287,0.0,684.5120964794826,0.19752509380535674,0.007478141704066856,0.19171331441857503,-0.007401127663690221,0.22491234210804598,-0.005196577974996781
288,0.0,687.8281798177211,0.1306696140373725,0.0027651604115149146,0.22887969312931103,-0.002263054783250472,0.22610254741442548,-0.004316521017472888
289,0.0,696.1221695363236,0.4062856282334865,0.011686188147405449,-0.06217231295536037,-0.011686188147405449,0.1396200893034897,-0.006527421156452657
290,0.0,696.8235811073258,0.20457493730074347,0.0006668719126534606,0.13133381562359978,0.0033070778351316065,0.13713420719952274,-0.003577071458977377
291,0.0,703.4199474326518,0.13038847000790676,0.006817117148967207,0.2936958786159045,-0.0067939881623336135,0.18410270862443726,-0.004542146469984248
292,0.0,706.1517458915097,0.049212556834348976,0.0038678335211768345,0.40947043814969847,-0.001775874583269638,0.2517130274820156,-0.003712264903969865
293,0.0,711.468910877076,0.31892189003928545,0.006209605501192064,0.00878230053127483,-0.0061913467760309395,0.1788338093967934,-0.0044559894655881865
294,0.0,717.0034362309489,0.24437144065577832,0.007479726637056866,0.0043563210795717795,-0.007477652317867096,0.1264905629016269,-0.005362488321271858
295,0.0,721.6989017317236,0.1318368607727637,0.005007396076318343,0.29079362206434867,-0.004917127086573249,0.17578148065044344,-0.005228879950862275
296,0.13081761300877393,730.251507917554,0.5224658610016331,0.0120141342212026,-0.37421808409137475,-0.0120141342212026,0.010781611227897975,-0.007264456231964372
297,0.0,735.8535141980584,0.2575519536159062,0.005981636117176306,-0.001590178380088057,-0.005921410792570772,0.007070074345502165,-0.006861542600146292
298,0.0,739.7195877692567,0.22357501309603253,0.0019649097504796493,0.18207251983546488,-0.00020128042336087804,0.05957080799249098,-0.004863463947110668
299,0.0,745.3236196994023,0.14312299543990364,0.0048031655301567465,0.2584222563147021,-0.0043249819815215085,0.11922624248915431,-0.00470191935743392
300,0.0,750.8551612194822,0.3937135185182302,0.006384936511989545,-0.037293359709430214,-0.006262023248699585,0.07227036182957895,-0.005169950524813619
301,0.0,756.7366984698834,0.2038787068112739,0.00714039839825283,0.1279277649361779,-0.007139955335808256,0.08896758276155864,-0.00576095196811201
302,0.0,757.5862047130299,0.09080221450878055,0.000666202121822408,0.3021066465469818,0.003855600122130057,0.1529093018971856,-0.0028759863410393895
303,0.0,764.4217795844629,0.37511144662068485,0.008119956584491923,0.0469452110183781,-0.008119956584491923,0.12112007463354334,-0.0044491774140751495
304,0.0,769.1432822783714,0.3898936508422012,0.0069120139240946695,-0.19626996061615887,-0.006655262448140272,0.02590306405863267,-0.005111002924294686
305,0.0,772.1032600541968,0.014809680668396294,0.0024376269643968116,0.4865895926287359,-0.0013191021047955517,0.16410902262966362,-0.003973432678444945
306,0.0,781.5477847195917,0.24836789003598958,0.014186571978497372,0.08754086288835367,-0.014186571978497372,0.14113857470727062,-0.007037374468460673
307,0.0,786.0405697011943,0.1734091276239145,0.0058571265080886465,0.08623525922254381,-0.004927752402106052,0.12466758006185258,-0.006404487848554286
308,0.0,789.7651423804474,0.12564944630510017,0.00226199506655208,0.14511375715553518,-0.00016207435010739824,0.13080143318995735,-0.00453176379902022
309,0.0,790.8655515579131,0.34261150169485133,0.00029563402215448454,0.07944515594421168,0.004567645880816298,0.11539455001623365,-0.0018019408950692647
310,0.0,797.3106757397935,0.20377474223721126,0.008631673884310107,0.22648647775563444,-0.008631673884310107,0.14872212833805387,-0.003850860791841517
311,0.0,799.8911018817704,0.16820398419080385,0.00400524299310601,0.2246837444691478,-0.0033384134970948693,0.17151061317738203,-0.0036971266034175228
312,0.0,806.7400897683225,0.2244321759124268,0.010103364497006027,0.19352220054974476,-0.010103364497006027,0.17811408938909085,-0.005618997971494073
313,0.0,810.3333968828541,0.26622239453125074,0.003651744452722272,0.13532285722335483,-0.0034007580279018425,0.16527671973937003,-0.004953525988416404
314,0.0,816.1226241844478,0.18358225545110732,0.006296594609631058,0.2671903704261954,-0.006001370408496887,0.19585081494541765,-0.005267879314440548
315,0.0,818.5843588723421,0.08328985548883072,0.0016094950044484469,0.3611904283332506,0.0002508039429223808,0.24545269896176752,-0.0036122743372316688
316,0.0,824.5696913341576,0.0036301584688392396,0.006831556912188573,0.5673028657410731,-0.006831556912188573,0.3420077489955592,-0.00457805910971874
317,0.0,827.4435247154863,0.03193371387945838,0.003571217386796944,0.20653574007551673,-0.0020336146469134876,0.3013661463195464,-0.003814725770877164
318,0.0,829.7885958202668,0.1316354397728785,0.001652473225548144,0.1352338941689933,4.219367811763434e-05,0.25152647067438044,-0.002657649936178724
319,0.0,833.9411637225803,0.335904378274837,0.004858564305909788,0.02051578053396301,-0.004566775037815338,0.18222326363225522,-0.0032303874666697084
320,0.0,835.2040426955701,0.24857951869207345,0.0013164218199928465,0.07092010952470401,0.0002719869675686099,0.14883231739998984,-0.002179675136398213
321,0.0,837.2016775444055,0.3853483108841135,0.002476242298188589,0.06542431499318939,-0.000705932526609188,0.1238099166779497,-0.0017375523534615054
322,0.0,839.0444046510984,0.2017813105124509,0.0021835953981572506,0.10541147417365239,-0.0014961218571343975,0.1182903839266605,-0.0016651232045633729
323,0.0,842.6086042445494,0.20741602457449587,0.00554608531797705,0.22284519541835,-0.00554608531797705,0.14965682737416733,-0.002829411838587476
324,0.0,845.4644694331861,0.2911577650707544,0.004266519633294254,-0.06971514411139842,-0.004097323644965165,0.0838452359284976,-0.0032097853805007825
325,0.0,848.2984310013107,0.13210104223820232,0.0033582551321327926,0.25419643914580875,-0.0028230415442102785,0.13495059689369093,-0.003093762229613631
326,0.0,854.9648877226025,0.412968833273498,0.010416018305102413,-0.07706008034915479,-0.010416018305102413,0.07134739372083722,-0.005290439052260265
327,0.0,861.1903125274488,0.2986184623616602,0.009526531060404665,0.05780169644713998,-0.009526531060404665,0.06728368453872804,-0.006561266654703584
328,0.0,864.504653385908,0.16465623287253334,0.002400141785633022,0.1589456765211357,-0.0011206166650730995,0.09478228213345033,-0.0049290716578144385
329,0.0,871.2622213098311,0.17761732852674578,0.0070382357571143524,0.24443932911231755,-0.0070382357571143524,0.13967939622711048,-0.005561820887604412
330,0.0,878.6578281579755,0.054382806872668464,0.010041322086427247,0.1577214263222534,-0.010041322086427247,0.14509200525565336,-0.006905671247251262
331,0.0,878.4002964330298,0.0002160383529227428,0.00021436356648749861,0.5966520515787167,0.006617824153526793,0.28056001915257234,-0.002848622627017846
332,0.0,879.8365229441671,0.08190869629428857,0.0017540830097067881,0.3214497856124558,0.004319961593809775,0.29282694909053736,-0.0006980473607695592
333,0.0,884.9171699664516,0.30283794537963565,0.007594113353902119,-0.14468559278185955,-0.007588280753250779,0.16157318652881827,-0.0027651173785139247
334,0.0,888.5831307154202,7.513033011618819e-05,0.006821963732655516,0.48063353470412135,-0.006795072335444941,0.2572912909814092,-0.00397410386559323
335,0.0,889.8051991762661,0.21649098378838535,0.0008413110479151444,0.21377023620446012,0.000499942303589474,0.24423497454832443,-0.0026318900148384183
336,0.0,892.3385895641114,0.16573241176909265,0.002201945538756183,0.2563242458699703,-0.0010285430307331038,0.24786175594481819,-0.002150885919606824
337,0.0,892.9766343851583,0.15624819633392303,0.0012148649102906312,0.2822175860127059,0.0015019123015926215,0.2581685049651845,-0.00105504645324699
338,0.0,892.1265850193512,0.18877891695393662,0.0018690619805986155,0.18546382050083596,0.00405540261390728,0.23635709962587992,0.00047808826689929086
339,0.0,894.1135777128651,0.07628228963011598,0.003954037251371231,0.26065031879951467,-0.00306048173380909,0.24364506537797032,-0.0005834827333132235
340,0.0,894.8233327047773,0.22925298561103405,0.003906789030477611,0.04949113150264199,-0.001952353063949249,0.1853988852153718,-0.000994143832504031
341,0.0,900.2766122328735,0.09736090512346368,0.010711781843311405,0.20853158975261868,-0.010711781843311405,0.19233869657654584,-0.003909435235746243
342,0.0,903.0823919280397,0.3538876614581101,0.0055706368309633705,-0.02208118971065828,-0.0046469147379150436,0.1280127306903846,-0.004130679086396883
343,0.0,906.6828883545503,0.33381921305210926,0.003382913777970834,0.018498664579799404,-0.003256594222728274,0.09515851085720904,-0.0038684536272963
344,0.0,910.4701082849932,0.1764070813105593,0.004068267093568445,0.028329937757429986,-0.003426065238955302,0.07510993892727533,-0.0037357371107940005
345,0.0,913.8807550723849,0.14743664129940734,0.0029925577993822577,0.2664154539858729,-0.002920219232349142,0.1325015934448546,-0.003491081747260543
346,0.0,916.2730958527077,0.08064371474938316,0.0020994139988950735,0.37248108679380815,-0.0009471887291265049,0.20449544144954065,-0.002727913841820331
347,0.0,923.7892161709752,0.25257778507844664,0.011908377432918485,0.06692184313833087,-0.011908377432918485,0.1632233619561777,-0.005482052919149777
348,0.0,928.4977121562667,0.18538744031904633,0.006781073865342098,0.10539621965949131,-0.006739370845829854,0.14587521926717179,-0.0058592482971538
349,0.0,929.571545547552,0.23140647488725868,0.0015718617141105191,0.21116158863626136,0.003717454237985025,0.16546113007789864,-0.002986237536612152
350,0.0,935.7908342429331,0.13114204160388296,0.006729041241816697,0.05667860703454056,-0.006729041241816697,0.1328263731648912,-0.004109078648173515
351,0.0,938.4314372501531,0.2765375037182166,0.0039007645032281615,0.010182551311663755,-0.002219380554063279,0.09603322660892297,-0.0035421692199404443
352,0.0,942.5258091138868,0.33989699681451785,0.004221893229312581,0.05344369258630539,-0.004102060740100441,0.0832563664021377,-0.0037101366759884433
353,0.0,949.324222957099,0.08895228295065166,0.010319013541088095,0.22234278291234294,-0.010319013541088095,0.12498229135519925,-0.005692799735518338
354,0.0,954.793206858897,0.07347000204140518,0.007292411327957142,0.2373316649709463,-0.007291790768944216,0.15868710343992337,-0.0061724970455461015
355,0.0,962.0125145547862,0.3640348707971888,0.00885303726504005,0.07032863037254859,-0.00885303726504005,0.13217956151971094,-0.006976659111394286
356,0.0,964.4815773837328,0.3088075053603265,0.0007988505097659214,0.05171493462536511,0.0015764976584465842,0.10804017345140718,-0.004410712080442024
357,0.0,968.7153465438707,0.24532894289682716,0.0028232577596339526,0.184932277096019,-0.0013692195058997879,0.1311078045447907,-0.0034982643080793533
358,0.0,969.6136924363722,0.11097069606144502,0.0014764145506910838,0.2479936134641684,0.002868698820585506,0.166173547220604,-0.0015881753694798957
359,0.0,972.6395740344743,0.22681649898916803,0.0037374184571365254,0.051927618124507864,-0.002593720701401611,0.13189976849177515,-0.0018898389690564102
360,0.0,969.4116054624259,0.06759765599012976,0.00025225663802671395,0.33308274611369926,0.008458027158686463,0.19225466177835238,0.0012145208692664518
361,0.0,970.2697802759545,3.867622823394803e-05,0.0026879695769490594,0.6259970808675932,0.00013011302836281606,0.32237738750512457,0.000889198516995361
362,0.0,969.4569021508769,0.13186844290806732,0.000932532876613879,0.284226471976594,0.0003913202502175697,0.31093211284656536,0.0007398350369620236
363,0.0,971.5660600219287,0.04621944230474961,0.0058359395426284735,0.3323309565461281,-0.005351153813101483,0.31735176595643416,-0.0010874616180570284
364,0.0,973.3253719275874,0.010178281702134598,0.004574163330241068,0.43195800417267954,-0.004390583732872092,0.35173363742130775,-0.0020783982525015474
365,0.0,976.3017016417133,0.0881043429947207,0.005852633831518688,0.07661893639356995,-0.004981314458431882,0.2691992271129864,-0.0029492731142806475
366,0.0,978.4207686388668,0.2878831311436889,0.0031102100724102657,-0.09717745279872597,-0.0021268383512857564,0.15928622313947266,-0.00270254268538218
367,0.0,983.8558866186902,0.1067916970510004,0.008621720673535145,0.07817649685246858,-0.008138397018698628,0.13495330525337143,-0.004333298985377114
368,0.0,990.2127939706746,0.15244047229314803,0.010247854228303923,0.29833215358415516,-0.010247854228303923,0.18396695975260655,-0.006107665558255157
369,0.0,997.3149558003879,0.1667178921148705,0.010027831303874116,0.13275858855850065,-0.010027831303874116,0.16860444839437477,-0.007283715281940844
370,0.0,1002.2126946460999,0.02774395497200092,0.005225902837596104,0.2974231770281768,-0.003537982835303364,0.20725006698451537,-0.0061599955479495995
371,0.0,1003.4311296869954,0.006256421218989825,0.0005147582297313705,0.5404894970917268,0.00530546356465399,0.3072218960166788,-0.002720357814168522
372,0.0,1012.4276727473849,0.2939858335401696,0.012212787771106924,-0.01915592893464857,-0.012212787771106924,0.20930854853128059,-0.005568086801250042
373,0.0,1012.4481581176576,0.1645567968584411,0.001132831369293095,0.06697224403543157,0.0030230318184096315,0.16660765718252588,-0.0029907512153521396
374,0.0,1014.8712240474008,0.3006601247081613,0.0016111164184426027,0.09268056469266163,0.0008766510316434855,0.14442952943556658,-0.0018305305412534521
375,0.0,1017.2574643457541,0.015649126975979925,0.003170019949147118,0.4315529266003509,-0.001779695999692306,0.23056654858500186,-0.001815280178785108
376,0.0,1018.3812718941457,0.04330718328490295,0.0025198189244336235,0.3016156437333117,-0.00035882640456059295,0.2518812771294948,-0.0013783440465177535
377,0.0,1024.4669727020246,0.09008425288131429,0.010730195494908288,0.10422977072039327,-0.010730195494908288,0.20758582520676436,-0.004183899481034914
378,0.0,1026.7032116986825,0.010952029141331067,0.004322347029741447,0.528630291428331,-0.00304872704953864,0.30389916507323433,-0.0038433477515860313
379,0.0,1030.6591824481504,0.006325550409330532,0.005222621315251175,0.44427062547388213,-0.003723237612330391,0.34601060319342863,-0.003807314709809339
380,0.0,1036.4560810945366,0.18948875119573957,0.00799528502515756,-0.07555383713530069,-0.007914746825826997,0.21954127109480984,-0.005039544344614636
381,0.0,1037.1748676998789,0.012448474662269268,0.0009573913774373406,0.4295527525042537,0.0026784617426140536,0.28254471551764293,-0.0027241425184460293
382,0.0,1044.1506439410018,0.15968042665579837,0.009169835871764316,0.12302676658719022,-0.009169835871764316,0.23468933083850713,-0.004657850524441515
383,0.0,1049.5101214858034,0.052901230178964594,0.008416742086411709,0.42776633217896,-0.008133852656436468,0.29261243124064296,-0.005700651164040001
384,0.0,1051.9580047122495,0.0,0.0018932187520552376,0.4730925694279899,-1.0301960301061052e-05,0.34675647269684706,-0.003993546402918319
385,0.0,1061.253222144822,0.11064766851536453,0.01326046025519693,0.29499986441613285,-0.01326046025519693,0.33122949021263276,-0.006773620558601902
386,0.0,1060.084509370532,0.0,0.0003868246829668917,0.6742584822437927,0.006876996639419756,0.4341381878219807,-0.0026784353991954044
387,0.0,1063.3016688678938,0.137374746879276,0.0014302932331276355,0.26503126358611223,0.0004650406040061059,0.38340611055122015,-0.0017353925982349513
388,0.0,1066.7213257229287,0.08526764607280977,0.004482456039522332,0.3385408144352329,-0.004261940215567371,0.36994652171642395,-0.002493356883434677
389,0.0,1066.483912303176,0.0,0.0005055314940557387,0.5293055407845595,0.0024062017844556994,0.4177542274368646,-0.001023489283067564
390,0.0,1067.2481000131252,0.05691289400801509,0.0020085938798492194,0.34475886689021845,0.0010478344113114674,0.3958556192728707,-0.00040209217475385456
391,0.0,1069.7599990621331,8.251120499868675e-06,0.004457281461996309,0.5337632569690188,-0.0041502345082898885,0.4372279105817152,-0.0015265348748146647
392,0.0,1071.318680152305,0.014968775144317199,0.0029463394591772636,0.4013572004972309,-0.0027648006360384953,0.42646669755636984,-0.001898014603181814
393,0.0,1077.0122274165806,0.08245852937079659,0.0101923323641764,0.2165375085961464,-0.0101923323641764,0.36348794086830283,-0.0043863099314801896
394,0.0,1073.7297890279851,0.20799706838815388,1.5297767621886731e-06,0.21405958925090893,0.008998274768366323,0.31865943538308467,-0.00037093452152623567
395,0.0,1078.3799373134784,0.27838765795703924,0.00566360584612557,-0.09902822811786258,-0.0051032804777552876,0.1933531363328005,-0.0017906383083949513
396,0.0,1078.414422884961,0.19816195936706835,0.004584126428026834,0.07666794523845263,0.00038915511551718666,0.15834757900449614,-0.00113670028122131
397,0.0,1077.993650836249,0.0,0.0012610894008952078,0.5452550494153393,0.0027892191844453044,0.27441982012774907,4.107555847867434e-05
398,0.0,1076.715174098531,0.041211088608189395,0.0009471908807885232,0.3790686767952852,0.0038458445149150366,0.3058144771280099,0.001182506245409583
399,0.0,1079.487862633688,0.18699340596693712,0.005871608423085427,0.24737009520280026,-0.005868492581884825,0.288281162550447,-0.0009327934027787395
400,0.0,1078.9484532471265,0.0069777455129380675,0.002550122612228584,0.42232142661167826,-6.914139184905259e-05,0.32849324176881634,-0.0006736977994998334
401,0.0,1076.776602215693,0.0056003346371296765,0.0008710489511041344,0.4086201944475769,0.005524420185027042,0.3525313275724445,0.0011857375958582292
402,0.0,1083.0078186810374,0.13067498080418163,0.012329338161482784,-0.031033504933917763,-0.012329338161482784,0.2374618778205358,-0.0028687851313440745
403,0.0,1085.6763660456813,0.013560675913854212,0.006676327143592686,0.25584391719662586,-0.006675084291554419,0.24297648963336282,-0.004010674879407178
404,0.0,1088.032371198653,0.11671937374156573,0.003826054384507476,0.02549387762380663,-0.001752914770232219,0.17773170603049596,-0.00333334684665469
405,0.0,1090.415696754095,0.0,0.003050563312656283,0.7942765630331658,-0.000648585789178021,0.3626951631312969,-0.002527918529411689
406,0.0,1091.4187628380466,0.11924599932867289,0.001459472664303413,0.28640153360282455,0.0014878452290915593,0.3398070742727552,-0.0013231894018607144
407,0.0,1094.81364204046,0.20430761463244643,0.00490544720477826,0.19723763712215936,-0.004384283645146556,0.2970362431275764,-0.002241517674846467
408,0.0,1097.5778050580902,0.18504304148770342,0.0046785252471792495,0.19188852320555394,-0.004286954090006258,0.2654919271509697,-0.002855148599394404
409,0.0,1103.207666623923,0.0,0.009288166244274441,0.6754225803119205,-0.009274999492544884,0.3884711230992549,-0.0047811038673395475
410,0.0,1104.4789040567919,0.048144283694034236,0.0021851592855719583,0.3544032501850134,0.0005249144670313868,0.37825076122498247,-0.003189298367028267
411,0.0,1102.6275914442263,0.0,1.5297767621886731e-06,0.628282758653367,0.008970105236616621,0.4532603604534978,0.0004585227140651996
412,0.0,1106.5295139844973,0.12438530790095263,0.005602919138691955,0.09209707424225384,-0.004825924606329493,0.3449113745901246,-0.0011268114820532082
413,0.0,1106.4594366481026,0.0,0.0034433673319957045,0.6209530978590279,-0.000284682897910358,0.4277238915707956,-0.0008741729068103531
414,0.0,1110.196435120924,0.0,0.0067096794735227415,0.7330847690567468,-0.006575227653455392,0.5193321548165809,-0.002584489330803865
415,0.0,1112.7239788085647,0.056543539790833285,0.005118802411621522,0.44273362188820914,-0.004247432182540518,0.4963525949380694,-0.0030833721863248605
416,0.0,1116.565537720765,0.24039285640726252,0.005273858787743337,0.21448205064693232,-0.00518259750640003,0.41179143165072823,-0.0037131397823474115
417,0.0,1118.7169477043244,0.000691413120854776,0.0029748688809070004,0.46445411249085405,-0.0011155439473960005,0.4275902359027659,-0.002933861031861988
418,0.0,1117.860447880373,0.042882573418898076,7.102985695270609e-05,0.3777272456054297,0.005774472782838042,0.412631338813565,-0.0003213608874519792
419,0.0,1121.0952371486646,0.004209998497189186,0.0044500823070206166,0.37257530847441467,-0.003669649030440368,0.4006145297118199,-0.001325847330348496
420,0.0,1121.872971753347,0.006167886251502985,0.002724524401984602,0.4615862303761421,-0.0012302858632279486,0.4189060399111165,-0.0012971788902123318
421,0.0,1125.1616344352578,0.05954034957859971,0.005899829238640248,0.3444278068198307,-0.005416240497775745,0.39656256998373074,-0.0025328973724813558
422,0.0,1125.6573093055802,0.0,0.001447417411731355,0.636669924338289,0.000424109421319708,0.46859477629009816,-0.0016457953343410367
423,0.0,1131.4818491858273,0.27418061370066293,0.009445725142860255,0.11916007570016025,-0.009427448515249666,0.36376436611311674,-0.003980291288613626
424,0.0,1135.1761604695173,0.19208600043046653,0.006633752557184932,-0.07098173929552552,-0.005816266230722662,0.23334053449052405,-0.004531083771246336
425,0.0,1136.4544318276921,0.004477299163001779,0.0014524056478755819,0.38152805862143746,0.0016718665865767563,0.27779679172979804,-0.002670198663899408
426,0.0,1140.461449179087,0.0,0.004599933503036586,0.723020442211704,-0.0035168156093614536,0.4113638868743698,-0.0029241837475380214
427,0.0,1143.1469509817498,0.022650267662286505,0.0044020852218058125,0.4305042139853664,-0.0026914974911723434,0.4171059850076688,-0.0028543778706283177
428,0.0,1149.3788442760153,0.002098645849303127,0.009818153881424395,0.3153768461343033,-0.009818153881424395,0.3865872433456591,-0.004943510673867141
429,0.0,1153.4884704783406,0.04110674013132049,0.0055239465861526916,0.29896339916231557,-0.005382431361528992,0.360300090090656,-0.005075186880165696
430,0.0,1158.1721741496044,0.0,0.005478975651530404,0.6841243493793608,-0.004396759576513983,0.4574473678772674,-0.004871658689070182
431,0.0,1161.3747089169965,0.0,0.002644507212398011,0.6224271881109903,-0.001182308653182754,0.5069413139473843,-0.0037648536783039532
432,0.0,1165.3394364274498,0.0,0.005118792962395152,0.8687270023394744,-0.0030283356090673513,0.6154770204650113,-0.0035438982575329726
433,0.0,1167.278515616107,0.06063907915987292,0.00200417201681293,0.31667459345854077,2.963669926156097e-05,0.5258362923630702,-0.0024718377704946123
434,0.0,1170.9540463762444,0.0,0.0049642097699090565,0.7333517235020578,-0.0038628018249187855,0.5880909217047664,-0.002889126986821864
435,0.0,1177.215809148766,0.002098645849303127,0.01035012780737063,0.5494933256767438,-0.01035012780737063,0.5765116428963596,-0.005127427232986493
436,0.0,1180.5005417363468,0.013157203194124258,0.0040072143911148534,0.20822475559858208,-0.0036200428114792024,0.4660255767070263,-0.004675211906534305
437,0.0,1184.7401235567725,0.0,0.0033353759103571085,0.5922991643524482,-0.003296591595420641,0.5039076530006529,-0.004261625813200206
438,0.0,1186.243086532166,0.0,0.0025001002361730936,0.69263311774753,0.0019164072794535798,0.5605252924247159,-0.00240821588540407
439,0.0,1185.2768672114387,0.02291403873422872,0.0001232852617889797,0.399657908914315,0.0065524928021570335,0.5122650773715957,0.0002799967208642611
440,0.0,1186.1478891218158,0.0,0.0015816082025504612,0.5112446178616223,0.000682262703974713,0.5119589395186036,0.00040067651579739664
441,0.0,1186.1571531858622,0.050667270302790175,0.0016496014592692313,0.4017681803154046,-0.00032765823915545904,0.4789017117576439,0.00018217608931153992
442,0.0,1187.3519922518797,0.042570053741450724,0.00369440408786398,0.14822861962952694,-0.002914210095213724,0.3796997841192088,-0.0007467397660460393
443,0.0,1191.7191065573008,0.008602303341755406,0.009292989114003584,0.6513060999642293,-0.009256807405741379,0.4611816788727149,-0.0032997600579546408
444,0.0,1193.270975991178,0.0851090481444956,0.0038956654091449093,0.29262113049593264,-0.002317717395197659,0.4106135143596802,-0.003005147259127546
445,0.0,1196.9315421860824,0.009871379858025206,0.005491201693682446,0.4688675335577649,-0.004063715043217721,0.42808972011910557,-0.003322717594354598
446,0.0,1203.9392833648737,0.1863655253845326,0.011330652494459864,-0.08651376386477393,-0.011330652494459864,0.2737086749239417,-0.0057250980643861775
447,0.0,1200.0280268708748,0.014030913228698549,3.4300848258828515e-05,0.5620362803823594,0.011848160942633728,0.36020695656146695,-0.00045312036228020583
448,0.0,1204.254663157791,0.03812497859118928,0.004661192541300857,0.3509511367224058,-0.002822968432244528,0.35743021060974856,-0.0011640747832695024
449,0.0,1205.1176118671933,0.0,0.0031625289209285833,0.8359087529243435,-0.0012773063179103395,0.5009737733041271,-0.0011980442436617534
450,0.0,1204.0140680429126,0.0,0.0010991130089314733,0.8258646319378907,0.0035615460433097916,0.5984410308942562,0.0002298328424297101
451,0.0,1209.3202474130667,0.04606316676940549,0.009816153969107311,0.3617611493954156,-0.009816153969107311,0.527437066444604,-0.002783963201031396
452,0.0,1209.3854777287734,0.0,0.0014586387467644837,0.7832395468703173,-0.00025930723521055054,0.6041778105723179,-0.0020265664112851423
453,0.0,1213.7022604299427,0.08534781554617789,0.006240857339676733,0.04518768005084353,-0.006008895359224866,0.43648077141587555,-0.0032212650956670594
454,0.0,1216.264129284716,0.01432734956598526,0.004913537354119994,0.5939000313546853,-0.0030920007233696005,0.48370654939751845,-0.0031824857839778216
455,0.0,1224.3059106107914,0.03168024633897567,0.013265623047004559,0.17014212713857832,-0.013265623047004559,0.3896372227198364,-0.0062074269628858425
456,0.0,1226.7901443080088,0.0,0.003060357212745199,0.7154415355699012,-0.0016017547207724148,0.4873785165748558,-0.004825725290251814
457,0.0,1230.5846845715025,0.007772734008722076,0.003975102868869758,0.5386084427039426,-0.0012381505755122404,0.5027474944135818,-0.003749452875829942
458,0.0,1232.6226463800392,0.009366826294048579,0.002047534124159222,0.40933720122444206,0.000937270612720741,0.4747244064568399,-0.002343435829264737
459,0.0,1237.359116514099,0.015435991888557288,0.005909065738208215,0.35471312012376083,-0.005864322874082243,0.43872102055691614,-0.0033997019427099884
460,0.0,1236.0201023988109,0.0,0.00046555196496311996,0.5183209029750658,0.005372345976613637,0.46260098528236104,-0.0007680875669129005
461,0.0,1236.5987478723664,0.042219164559024226,0.0017273597860862308,0.31494854327084043,0.002367848435704253,0.41830525267890484,0.0001726932338722456
462,0.0,1237.7853177763102,0.010258460897159722,0.004180019829443075,0.43564031663962477,-0.0016791249690938552,0.4235057718671208,-0.0003828522270175846
463,0.0,1239.3841471547541,0.0,0.004345285180954504,0.6868379180918827,-0.0034948311475822623,0.5025054157345493,-0.0013164459031869877
464,0.0,1242.894484530242,0.02654124323976025,0.006887442964324756,0.4285952092278885,-0.006859546549823197,0.48033235378255107,-0.00297937609717785
465,0.0,1243.746692930592,0.0,0.0020611985099077096,0.6246760645284202,-0.0002799956808605602,0.5236354670063117,-0.0021695619722826628
466,0.0,1247.7781205320023,0.012031859130306948,0.006135122969715874,0.3861065826298729,-0.005204892319532687,0.48237680169338004,-0.0030801610764576697
467,0.0,1250.3947648713286,0.03412910014670752,0.004215582063931713,0.43968518937695794,-0.0030630419409498357,0.46956931799845336,-0.003075025335805319
468,0.0,1255.5511687119176,0.04448830393742682,0.007965402787825721,0.4580690260499616,-0.007405880824258275,0.4661192304139058,-0.004374281982341206
469,0.0,1256.8886219981564,0.0,0.0014344055026580043,0.6196875317976062,0.000599052127730417,0.5121897208290158,-0.0028822817493197187
470,0.0,1264.7254539581006,0.15326007822347357,0.011650094445389945,0.24659396323261623,-0.011650094445389945,0.4325109935500959,-0.005512625558140786
471,0.0,1267.9299785999137,0.06524926495965667,0.004588980912929666,0.3665206432184005,-0.003444023449979738,0.4127138884505873,-0.004892044925692471
472,0.0,1272.8048144685688,0.0030691947026178696,0.004523926222182458,0.5546787724598592,-0.004209754564731061,0.4553033536533688,-0.004687357817404048
473,0.0,1273.946844571586,0.065961686659695,0.0011843753657295487,0.2202545275092994,0.0029119573253684615,0.384788705810148,-0.0024075632745722947
474,0.0,1280.2744562902565,0.0981547905853686,0.008973038865563264,0.2608398841840685,-0.008199544884326629,0.34760405932232413,-0.004145157757498595
475,0.0,1283.2791449166948,0.0009792144042937603,0.0054826985214427295,0.3992417266756432,-0.003579174654171849,0.36309535952831984,-0.003975362826500571
476,0.0,1288.5021736703663,0.0,0.006465323370043757,0.6431015376104465,-0.006397797121650135,0.44709721295295785,-0.004702093115045439
477,0.0,1292.556331928065,0.05220946298735598,0.00477780175860242,0.46964919127825655,-0.0041092395461400965,0.45386280645054744,-0.004524237044373837
478,0.0,1295.0091298328532,0.0,0.0011501601830561541,0.7051608697837564,-2.347209662089967e-05,0.5292522254505101,-0.0031740075600479555
479,0.0,1295.7924746554972,0.0,0.000925822799148157,0.6245866617509986,0.0032130288557163365,0.5578525563406567,-0.0012578966353186678
480,0.0,1299.5114235739397,0.04056118883728501,0.00454833638651487,0.20854891899374492,-0.004389140011900081,0.45306146513658313,-0.002197269648293092
481,0.0,1297.4609791576058,0.0,0.0010133407181060763,0.8371390858978435,0.005673621097831637,0.5682847513649611,0.00016399757554432675
482,0.0,1298.903663533998,0.000691413120854776,0.00204463617241504,0.42341865898672293,-0.0007236031328263248,0.5248249236514897,-0.0001022826369668687
483,0.0,1298.3203270802235,0.0,0.0022212786454678963,0.643073715926008,0.0010487152473789092,0.5602995613338452,0.00024301672833686467
484,0.0,1295.0007681170805,0.0,0.0,0.5566756760049573,0.00701216655637415,0.5592123957351788,0.0022737616767480504
485,0.0,1297.6475086798227,0.2024265203303344,0.00606345660284143,0.15106772190285392,-0.005861925334262036,0.43676899358548127,-0.00016694442655497562
486,0.0,1300.6433256850669,0.0,0.008604074008469673,0.5132881109124251,-0.008602831156431406,0.4597247287835644,-0.002697710445517905
487,0.0,1303.5704176253303,0.10600511619106953,0.006377541317210473,0.24634030354879072,-0.005811803162657402,0.39570940121313225,-0.003631938260659754
488,0.0,1302.7012211892074,0.0,0.001640093121053204,0.9056475329314982,0.004772271716864782,0.5486908407286419,-0.0011106752674023934
489,0.0,1306.8242333939966,3.867622823394803e-05,0.005187668008625515,0.762067691740298,-0.004760061602314971,0.6127038960321387,-0.0022054911678761665
490,0.0,1305.7385666882533,0.0,0.0008345250939432407,0.7462135838179214,0.0035106545058375496,0.6527568023678735,-0.0004906474657620516
491,0.0,1307.0053116654033,3.867622823394803e-05,0.001754438051751459,0.5026568508280569,-0.0003212217581180912,0.6077268169059284,-0.0004398197534688635
492,0.0,1309.5247287128818,0.0005372056668985168,0.004988949753653077,0.6345219149069375,-0.0047193685823506875,0.6157653463062311,-0.0017236844021334106
493,0.0,1309.9409248900197,0.02194158690268011,0.0021162169930664166,0.5351441897322514,-0.00033710960908481014,0.5915789993340372,-0.0013077119642188302
494,0.0,1313.6222621288093,0.07824699665712971,0.006878110854236013,0.22784011909057,-0.005819459996747428,0.482457335260997,-0.0026612363739774094
495,0.0,1315.3942394749197,0.00861081470442457,0.0033986046248892297,0.5524031545465684,-0.0022185346594193463,0.5034410810466684,-0.0025284258596099903
496,0.0,1318.9126145413427,0.00046627231978645626,0.004911211972241068,0.6743684376867228,-0.004452475754670993,0.5547192880386846,-0.003105640828128291
497,0.0,1323.7183952868936,0.17509331898463795,0.007248864581631603,0.2991686777944707,-0.007248864581631603,0.47805410496542045,-0.004348607954179285
498,0.0,1330.1679730660223,0.009469566813933314,0.010020385845794087,0.5144892739441586,-0.010020385845794087,0.4889846556590418,-0.006050141321663725
499,0.0,1334.2039360836727,0.029940353153360875,0.0037875339510954364,0.372753841461282,-0.0036263671127655405,0.4541154113997138,-0.00532300905899427
500,0.0,1336.3511113703921,0.0,0.0008384586483767488,0.743087204516218,0.0020507407401922618,0.540806949334665,-0.0031108841192383097
501,0.0,1342.0927148557826,0.09081500757349627,0.006287252653142632,0.23753492055241915,-0.006287252653142632,0.4498253406999912,-0.004063794679409606
502,0.0,1348.6303336968422,0.008602303341755406,0.0102102101830257,0.305593270548566,-0.0102102101830257,0.4065557196545636,-0.0059077193304944335
503,0.0,1352.602024821428,0.0,0.0038787198690147756,0.6335152661151768,-0.0037950820797312337,0.47464358359274755,-0.005273928155265474
504,0.0,1361.2531507447713,0.2028131135998698,0.011649557697897371,0.11933034581479927,-0.011649557697897371,0.36804961225936306,-0.007186617018055043
505,0.0,1362.7423640966686,0.0,0.00020495217176042386,0.6287476778089426,0.0026905897210347863,0.4462590319242369,-0.0042234549963280936
506,0.0,1367.5970001019928,0.06841261638384677,0.003826805937599764,0.32923121769150127,-0.002451788325771111,0.4111506876544162,-0.0036919549951609986
507,0.0,1370.9283083605594,0.04366360726364853,0.0028912699154174924,0.24910629278656224,-0.0023869617927072422,0.36253736919406,-0.0033004570344248715
508,0.0,1371.966805455256,0.0,0.0006246151143976043,0.889474877581773,0.0018197698824422763,0.5206186217103739,-0.0017643889593647272
509,0.0,1373.0462972120083,0.01700299582328683,0.0010963652244464109,0.5339321267278971,0.001262551124265494,0.5246126732156308,-0.0008563069342756608
510,0.0,1376.0972603357598,0.04834983025429656,0.004640346061757187,0.4343825128069679,-0.0044825885528827865,0.49754362509303185,-0.0019441914198577983
511,0.0,1378.3470357346287,0.0,0.00390996448992271,0.5866590504064911,-0.0037140377152791093,0.5242782526870696,-0.0024751453084841915
512,0.0,1381.8098585281632,0.0013020687001886555,0.0063481257481969875,0.44907076015155883,-0.005085883702991565,0.5017160049264164,-0.0032583668268364036
513,0.0,1385.5861885019272,0.07721678368391373,0.006047142198216935,0.2204408124032623,-0.0051533124645521565,0.4173334471694702,-0.0038268505181511293
514,0.0,1388.6504987300395,0.12595302562946248,0.004495004698514939,0.1853420402335323,-0.0028303954256896596,0.3477360250886888,-0.003527913990412688
515,0.0,1390.9838573697382,0.004209998497189186,0.0025322111647023355,0.5187041804936516,-0.0007278647933642318,0.3990264717101776,-0.002687899231298151
516,0.0,1392.8912647013497,0.0013320942527535707,0.002781982544700941,0.4763910867087099,-0.00018685906620632164,0.42223585620973725,-0.001937587181770602
517,0.0,1392.4750277986618,0.0,0.000878496630699158,0.9179543764621706,0.0037477880457752427,0.5709514122854673,-0.00023197461350684843
518,0.0,1395.3011636591673,0.003618655286169327,0.004656135457401541,0.5033876097753103,-0.0038597974528123105,0.5506822715324202,-0.001320321465298487
519,0.0,1394.256714194894,0.004598502417296207,0.0011872780506882112,0.6398185150925174,0.002472590000692997,0.5774231446004493,-0.0001824480255010417
520,0.0,1397.454933468258,0.0,0.0056281270839127415,0.46027267360079804,-0.005280019958760334,0.5422780033005539,-0.0017117196054788292
521,0.0,1399.1667711663467,0.0,0.004360937353897008,0.49006635625667494,-0.0033049568608926796,0.5266145091873902,-0.002189690782102984
522,0.0,1401.3262894655072,0.1665784113569842,0.003548743886715055,0.21855771569005608,-0.002624718084956229,0.4341974711381899,-0.002320198972958957
523,0.0,1401.0435089634248,0.0,0.0003923091012203433,0.79898822233232,0.00296672890123545,0.5436346964964289,-0.0007341206107006349
524,0.0,1399.6250809430155,0.0,0.0005097298426859711,0.5646169036765011,0.005402520664797545,0.5499293586504506,0.0011068717719488193
525,0.0,1402.5338546706937,0.011797674544291871,0.005946763054559878,0.4498391546249029,-0.0053413559536812935,0.5199022974427863,-0.0008275965457402145
526,0.0,1399.610209539259,0.0028596293330955375,0.00046827659614329814,0.43853026749485013,0.004972419117448232,0.4954906884584054,0.0009124081532163195
527,0.0,1402.5065675178232,0.0021188433293709515,0.005218640423163043,0.3671120666787179,-0.0052100163932468245,0.45697710192449914,-0.0009243192107226236
528,0.0,1404.328046821352,0.004842569879360137,0.005352035126791563,0.5913285670851925,-0.004706660408172066,0.4972825414727071,-0.0020590215699574565
529,0.0,1404.589093195897,0.029683581760314732,0.0014795159271011598,0.3026621911325092,0.000504778462948701,0.4388964363706477,-0.0012898815600856093
530,0.0,1407.4788377147174,0.0025622923163736372,0.004223003934783193,0.5221378338963414,-0.0038217418804997708,0.4638688556283558,-0.002049439656209858
531,0.0,1410.77634516781,0.04572772934104796,0.00577185710257418,0.3222966567334667,-0.005440787249844604,0.42139719595988906,-0.0030668439343002818
532,0.0,1418.4511273729088,0.14251228756573386,0.013726511454808285,0.0983918094941531,-0.013726511454808285,0.32449558002016826,-0.006264744190452682
533,0.0,1424.5497373369817,0.033646772897456656,0.009249777318987143,0.43639593593871306,-0.009249777318987143,0.3580656867957317,-0.00716025412901302
534,0.0,1426.5611401714175,3.867622823394803e-05,0.0018828202504961055,0.5883464714783267,0.0026336965486895357,0.4271499222005102,-0.004222068925702253
535,0.0,1430.2593276131931,0.0,0.0022351255773305767,0.8329137190780062,-7.003958074005413e-05,0.548879061263759,-0.0029764601222135936
536,0.0,1433.4396056862456,0.06105334362961349,0.003781954891144008,0.5266568263172371,-0.002103571682827336,0.5422123907798024,-0.0027145935903977163
537,0.0,1435.8829912367905,0.0,0.0030483979743626604,0.7383754450840432,-0.0018767992033958557,0.6010613070710746,-0.002463255274297158
538,0.0,1436.3636841430775,0.0,0.0006742224344967418,0.8605224399856916,0.0019288937383286652,0.6788996469454597,-0.001145610570509411
539,0.0,1441.5442084085798,0.15550017111409392,0.008179134201965426,-0.07693416744840097,-0.008179134201965426,0.45214950262730147,-0.0032556676599462156
540,0.0,1444.2183492611105,0.0,0.0050846755032312365,0.8522595591785361,-0.004242129612660596,0.5721825195926719,-0.0035516062457605297
541,0.0,1448.0305607614164,0.00012809561823393342,0.005245646736363498,0.6677152246717951,-0.004402803219619783,0.6008423311164088,-0.0038069653379183056
542,0.0,1454.2666445559607,0.0025136734098391233,0.009233433303801119,0.5786393942743694,-0.00913362784355394,0.594181450063797,-0.0054049640896089955
543,0.0,1459.2893924809482,0.013630081370847088,0.006742245854263246,0.4599134338332614,-0.006273262446325975,0.5539010451946362,-0.005665453596624089
544,0.0,1466.8076779030753,0.06929303189930651,0.009796863136229161,0.16287482583547408,-0.009796863136229161,0.4365931793868876,-0.006904876458505611
545,0.0,1474.7132289886474,0.06207438573332834,0.01028068074602039,0.33599027974478574,-0.01028068074602039,0.406412309494257,-0.007917617744760044
546,0.0,1481.0231404872827,0.0,0.005729138847458183,0.7825790976247552,-0.005623168571848391,0.5192623459334064,-0.007229282992886547
547,0.0,1489.876249319644,0.07690782571431912,0.010021965263416782,0.30021293085436934,-0.009895238125258167,0.45354752140969523,-0.008029069532598033
548,0.0,1497.2959965709194,0.0,0.007752798279564694,0.5479965996153398,-0.007592759092041534,0.48188224487138853,-0.007898176400431084
549,0.0,1501.3096860747528,0.0,0.0032474251739833706,0.7912371650186942,0.0003308516468213494,0.5746887209155802,-0.005429467986255354
550,0.0,1503.4789078979213,0.0002341642456974866,0.0011756515936899822,0.6298860416820731,0.003934282784941964,0.591247917145528,-0.002620342754896158
551,0.0,1507.8903508894941,0.004842569879360137,0.004409153345428248,0.5394934353200133,-0.0034256294653066234,0.5757215725978736,-0.0028619287680192976
552,0.0,1511.8206391257463,0.0,0.0055257947994433575,0.6880348397903712,-0.0053393297571747095,0.6094155527556229,-0.003605149064765921
553,0.0,1515.6098540148214,0.000691413120854776,0.004800302258389151,0.5713884489553568,-0.0047628073411878245,0.598007421615543,-0.003952446547692492
554,0.0,1522.1097106545708,0.13652305103997064,0.009625760228814378,0.3449015849980741,-0.009621319117525944,0.5220756706303022,-0.005653108318642528
555,0.0,1525.587254498888,0.02487160447366151,0.004411349347182619,0.3774755645683598,-0.0028922050085372344,0.47869563881171945,-0.0048248373256109395
556,0.0,1526.8143505103349,0.0,0.0016003129395915335,0.73311858518086,0.0035332393633054626,0.5550225227224616,-0.002317414318936019
557,0.0,1529.6821862905658,0.0,0.003308258004571285,0.8007977793810304,-0.0008522267313478489,0.6287550997200322,-0.0018778580426595678
558,0.0,1533.8104939252369,0.0,0.006267047754111955,0.5950016331941563,-0.006108423571562729,0.6186290597622693,-0.0031470277013305164
559,0.0,1537.0777712058145,0.0,0.0047702884559102125,0.8695398528383773,-0.0047195993858773445,0.6939022976851017,-0.003618799206694565
560,0.0,1539.7226623269826,0.002766443858505133,0.002261097147594101,0.34677029238772006,-0.002081252679934694,0.5897626960958872,-0.0031575352486666033
561,0.0,1545.105177603428,0.009469566813933314,0.007312427016927423,0.5801771958516903,-0.007312427016927423,0.5868870460226281,-0.004404002779144849
562,0.0,1550.4043041069551,0.16079888906970366,0.007645052034594467,-0.07356353586386488,-0.007567247549189561,0.38875187145668016,-0.005352976210158263
563,0.0,1554.6688302423267,0.0,0.0041173933709933355,0.6020567891458328,-0.004073885878324662,0.4527433467634259,-0.004969249110608183
564,0.0,1558.1284739200012,0.0,0.0028888559092974716,0.8580833266959308,-0.00142452206329813,0.5743453407431773,-0.0039058309964151664
565,0.0,1565.2688609769125,0.07818444528696938,0.009536762253497914,0.49229203993696147,-0.009536762253497914,0.5497293505013126,-0.005595110373539991
566,0.0,1571.4735311405955,0.009425842424838422,0.008624692620842722,0.40917795560846915,-0.008624692620842722,0.5075639320334595,-0.006503985047730811
567,0.0,1581.560962432566,0.1457357255653075,0.014916242508845665,0.242176053603608,-0.014916242508845665,0.427947568504504,-0.009027662286065267
568,0.0,1586.8726872186578,0.0,0.004789093005216984,0.8892384082239309,-0.0039149562843857596,0.566334820420332,-0.007493850485561415
569,0.0,1593.970941683703,0.0,0.005085728583256209,0.6874656081749295,-0.005071971483960817,0.6026740567467113,-0.006767286785081235
570,0.0,1602.8244344000998,0.0,0.010356711953988821,0.6954928327121277,-0.010356711953988821,0.6305196895363362,-0.007844114335753511
571,0.0,1605.7726905333673,0.0,0.0011895181693162464,0.7456585670327316,0.0012338948874750567,0.6650613527852548,-0.00512071156878494
572,0.0,1614.6674786075932,0.0661407919994556,0.010146493072861093,0.4543858962415742,-0.010146493072861093,0.6018587158221507,-0.006628446020007786
573,0.0,1623.322299651819,0.20903363678637654,0.01242061737381953,0.2912607717100786,-0.01242061737381953,0.508679332588529,-0.008366097426151308
574,0.0,1630.6115416542018,0.027173470014397374,0.00801270813192058,0.3758555756008449,-0.007932702174699477,0.46883220549222376,-0.008236078850715759
575,0.0,1637.7743660604456,0.14518345816624265,0.005920615248244503,0.26046407476525446,-0.005864696075320229,0.40632176627413297,-0.007524664018097099
576,0.0,1641.8554923943138,0.00026730066581259277,0.0009940708168634232,0.7192054075464549,0.00039042994135772595,0.5001868586558296,-0.005150135830260651
577,0.0,1643.7117075630297,0.0,0.000577484194407435,0.6923289117331441,0.00418566574362063,0.5578294745790239,-0.002349395358096267
578,0.0,1649.8347919037412,0.082022770725688,0.007301319040991621,0.3657004430705493,-0.007293809413373687,0.5001907651264815,-0.003832719574679493
579,0.0,1651.8291841507744,0.0,0.0026543115706607863,0.6002413260791031,-0.0015480003676907907,0.530205933412268,-0.003147303812582882
580,0.0,1660.5077697581962,0.35523981408659233,0.013956832799646721,0.03810087531423051,-0.013956832799646721,0.3825744159828567,-0.006390162508702033
581,0.0,1662.0100917903767,0.0,0.003160319627501864,0.8071927846861039,0.00041486067559417454,0.5099599265938308,-0.00434865555341317
582,0.0,1670.1945183768414,0.09048866023782735,0.010213275460511184,0.3277296112979546,-0.010213275460511184,0.4552908320050679,-0.0061080415255425746
583,0.0,1674.5606598883471,0.05017378079742568,0.0057097348304047035,0.3504167244007392,-0.004311776883934042,0.4238285997237693,-0.005569162133060014
584,0.0,1678.5340683982524,0.022637254551474452,0.003612128009623466,0.3983300372442551,-0.001683342717651718,0.41617903097991504,-0.004403416308437525
585,0.0,1685.2111836689414,0.017890864799423267,0.007989190634368775,0.41885889912312785,-0.007925970579146914,0.41698299142287887,-0.005460182589650342
586,0.0,1687.1076597596584,0.0,0.0008945448586962123,0.7061018549116271,0.0008634077401974759,0.5037186504695033,-0.003563105490695996
587,0.0,1692.048318035726,0.03098392844811532,0.004944688138341905,0.4913171340654636,-0.004456885148808934,0.4999981955482914,-0.003831239388129877
588,0.0,1698.048404105477,0.0655328631371971,0.008965631450643722,0.2088621844595128,-0.008628976118001034,0.41265739222165776,-0.005270560407091224
589,0.0,1704.129215395511,0.07624548288467979,0.008457875807973466,0.2544221611027884,-0.008457875807973466,0.3651868228859969,-0.006226755027355896
590,0.0,1713.7450129724741,0.1899426236966106,0.014283296401813595,0.15827297275840682,-0.014283296401813595,0.3031126678477199,-0.008643717439693204
591,0.0,1720.9845139545114,0.0,0.00828632291570709,0.6404137277923204,-0.008235935665761331,0.4043029858311,-0.008521382907513642
592,0.0,1727.4604346645206,0.0005883868763656398,0.004173654678157387,0.583627609356758,-0.004132571525025729,0.45810037288879735,-0.007204739492767268
593,0.0,1730.2803544048602,0.0,0.0017570831709345573,0.7528305129695891,0.0033018052151512485,0.5465194149130348,-0.004052776080391713
594,0.0,1733.3019518079884,0.0009745752572769129,0.0021336506613630086,0.5774650387801837,0.0013788080517990865,0.5558031020731795,-0.002423300840734473
595,0.0,1737.4933779104094,0.030926825601109542,0.005035547630629395,0.357879858119153,-0.0044095250946053184,0.4964261288869715,-0.0030191681168957266
596,0.0,1743.2849475422086,0.09793157568557778,0.009415699685612493,0.15361508656417547,-0.009415699685612493,0.3935828161901327,-0.004938127587510756
597,0.0,1747.1939910137714,0.08032318839473074,0.005155734208659552,0.32285015005362266,-0.004793118461177031,0.3723630163491797,-0.004894624849610638
598,0.0,1750.4738706329485,0.0,0.0021956417635857917,0.6283546339057388,-0.0014852569342274572,0.4491605016161474,-0.0038718144749956837
599,0.0,1757.1667851801085,0.11853014907078856,0.008683678818447872,0.32632466573066904,-0.008683678818447872,0.41230975085050386,-0.005315373778031341
600,0.0,1761.3082672516712,0.019654502028486877,0.0046585317930889075,0.4614865892057594,-0.004373473663550754,0.4270628023570805,-0.0050328037436871646
601,0.0,1769.6124504286834,0.07720319482166313,0.011553833777338913,0.32823654545721254,-0.011553833777338913,0.3974149252871201,-0.0069891127537826895
602,0.0,1777.3313899400455,0.13859986639619368,0.010547771729782973,0.25078442181199173,-0.010547407050922787,0.35342577424458155,-0.008056601042924718
603,0.0,1784.4613068502445,0.06621511035279062,0.00728886221612373,0.33609324075351493,-0.007237976067601875,0.34822601419726157,-0.007811013550327864
604,0.0,1791.0441790879456,0.018206967316165702,0.005053161884911301,0.36441344181835134,-0.004996565510901274,0.3530822424835885,-0.006966679138499887
605,0.0,1799.6888571778368,0.020732300041428436,0.009582995274910107,0.37097540128954043,-0.009582995274910107,0.35845019012537405,-0.007751573979422952
606,0.0,1810.7549541562043,0.3197105288864241,0.01547442901985311,-0.0038453478105881555,-0.01547442901985311,0.24976152874458538,-0.010068430491551998
607,0.0,1820.3478418803995,0.018559617120923938,0.011491108593026015,0.46600059303480335,-0.011491108593026015,0.3146332480316507,-0.010495233921994203
608,0.0,1823.4354267102137,0.0,0.000507559993657893,0.7309508832366103,0.004492781446669791,0.43952853859313856,-0.005998829311395004
609,0.0,1832.298166465223,0.05638217347292126,0.00730800164044597,0.28715122500379847,-0.007281554599550479,0.39381534451633654,-0.006383646897841646
610,0.0,1832.7236201381672,0.0,0.00029359951822224085,0.6676325406073181,0.005628404001478936,0.47596050334363105,-0.002780031628045471
611,0.0,1838.9126209299445,0.06861980115985562,0.00693855158553904,0.194650450152919,-0.006128284813115569,0.3915674873864174,-0.0037845075835665
612,0.0,1842.6288041453613,0.12079968812095798,0.004759967355495008,0.1710148494522308,-0.004688494270255773,0.3254016960061614,-0.004055703589573282
613,0.0,1843.5144263935574,0.0,0.0005300092616884378,0.782579097624755,0.0022661366987057384,0.46255491649173947,-0.0021591515030895754
614,0.0,1844.3293957137307,0.0,0.0008571063421457589,0.6882266305562517,0.0026168031347398226,0.5302564307110931,-0.0007263651117407558
615,0.0,1850.1726333702952,0.05036164204409141,0.009894030422468851,0.18066667342286108,-0.009894030422468851,0.42537950352462345,-0.0034766647049591843
616,0.0,1857.0484094193373,0.005505601546174545,0.013423042081401134,0.6690139497130242,-0.013423042081401134,0.4984698373811437,-0.006460577917891768
617,0.0,1858.839375671465,0.014191380481750088,0.0016046837320061094,0.381677282283067,0.00015953678897808764,0.46343207085172067,-0.0044745435058308105
618,0.0,1866.5791037607753,0.0013046082629884713,0.009208225542182815,0.48153296104054977,-0.009208225542182815,0.4688623379083694,-0.005894648116736411
619,0.0,1869.5007297159686,0.003618655286169327,0.003509112823660549,0.5645664022634215,-0.0011801275832151992,0.49757355721488494,-0.004480291956680048
620,0.0,1876.446747614748,0.0,0.008143933335994703,0.7595971850144556,-0.008143933335994703,0.5761806455547561,-0.005579384370474444
621,0.0,1884.106309051125,0.005405790672154975,0.011057974522140872,0.4114190650613247,-0.011057974522140872,0.5267521714067267,-0.007222961415974372
622,0.0,1891.9276129587126,0.14478870761390844,0.010376815068995297,0.02556174719620592,-0.010181567695897304,0.37639504414357045,-0.008110543299951251
623,0.0,1898.6764491212045,0.0,0.006329034955723374,0.6855621050594918,-0.0061982178927202725,0.4691451624183468,-0.007536845677781957
624,0.0,1906.0642815277022,0.006869277241413007,0.006628799672846414,0.48964486744511443,-0.006628799672846414,0.4752950739263771,-0.007264431876301294
625,0.0,1911.6585120722013,0.018849660293575394,0.004427214744579791,0.3273640297351283,-0.0035010813918382316,0.43091576066900245,-0.006135426730962374
626,0.0,1919.7297200752364,0.09488508617109695,0.009591909813239085,0.18756914500085675,-0.008992257354718982,0.3579117759685587,-0.006992475918089356
627,0.0,1923.6973645793396,0.0,0.0018977729653779105,0.6461778898877542,-0.0015835033755418903,0.4443916101443174,-0.0053697841553251155
628,0.0,1931.7826381464547,0.09594219636001612,0.009372390357857245,0.173067078003002,-0.00933674984367509,0.36299425050192274,-0.006559873861830108
629,0.0,1933.9460760320653,0.08430038576886476,0.0019139549517448143,0.23327495804127668,0.0013596909776845854,0.3240784627637289,-0.0041840044099757
630,0.0,1936.6530185187255,0.014353217432920954,0.002867730244389258,0.5774909066471193,0.0013680719426128226,0.400102195928746,-0.0025183815041991426
631,0.0,1946.3726800853797,0.12726601108576094,0.01578602444079647,0.2129125510737336,-0.01578602444079647,0.34394530247224225,-0.006498674385178341
632,0.0,1953.1612183898392,0.0858608680348903,0.011248695968033802,0.38919951595841673,-0.011248695968033802,0.3575215665180946,-0.00792368086003498
633,0.0,1959.171436196087,0.011046880413173097,0.005481249131914599,0.5990403052850356,-0.0054216812426206365,0.42997718814817687,-0.007173080974810676
634,0.0,1967.5824364424764,0.09576471961935736,0.009179377262355895,0.006833221322994167,-0.008970204576824148,0.30303399810062204,-0.007712218055414718
635,0.0,1972.3366343507992,3.824045949933714e-05,0.0023812809656885165,0.5869710173579583,-0.0021112772079362368,0.3882151038778229,-0.006031935801171173
636,0.0,1975.3321538261696,0.04433524618525893,0.0016113476353433213,0.5147281332388379,0.0020442255590843654,0.4261690126861274,-0.0036090873930945113
637,0.0,1985.3596912070757,0.10750897444687212,0.014457057775955238,0.41620069958134026,-0.014457057775955238,0.42317851875469126,-0.0068634785079527295
638,0.0,1990.620449264126,0.0,0.006951877381113843,0.5770087525841547,-0.006914468313216611,0.4693275889035302,-0.006878775449531893
639,0.0,1995.8903731962844,0.01955874233306035,0.004226305193993884,0.33302292621083196,-0.003542935769148295,0.4284361900957207,-0.005878023545416814
640,0.0,2004.717598190658,0.10081927491876265,0.011067640333910047,0.3655602621478975,-0.010979743330623423,0.4095734117113737,-0.007408539480978796
641,0.0,2007.301352414691,0.0,0.0015650103358798339,0.5933651207665258,0.001048809038114348,0.4647109244279193,-0.004871334925250853
642,0.0,2010.8372528304544,0.0,0.0005506093076417672,0.630744743797707,0.0005537417150645674,0.5145210702388555,-0.003243811933156227
643,0.0,2014.7217876171203,0.0,0.003068546575403506,0.6326778518073967,-0.002883314761203144,0.5499681047094178,-0.0031356627815703015
644,0.0,2022.0787922510085,0.35236613137853723,0.01181746960766321,0.1230201815601144,-0.01181746960766321,0.42188372776462674,-0.005740204829398174
645,0.0,2025.5415602305397,0.0,0.005024585333288833,0.638999256433555,-0.003708609358663132,0.4870183863653052,-0.005130726188177661
646,0.0,2028.7132752026882,0.0025622923163736372,0.002091024697121679,0.6047426035806743,-0.0004145792368450038,0.5223356515299159,-0.0037158821027778637
647,0.0,2030.6891192846047,0.0,0.0005002789388200513,0.7840827534608833,0.0013829930296413474,0.6008597821092061,-0.0021862195630521003
648,0.0,2032.8336650114531,0.00012809561823393342,0.003248152178120148,0.553474552831596,-0.0005060005920801826,0.5866442133259231,-0.0016821538717605247
649,0.0,2034.858432843913,0.019196674609177854,0.0027723999578946152,0.42078372807311704,-0.0018708645281224662,0.5368860677500813,-0.001738767068669107
650,0.0,2037.8314627888408,0.0,0.004749031940386046,0.6821533913536253,-0.004369120140987038,0.5804662648311445,-0.002527872990364486
651,0.0,2043.9144504219312,0.032480815947264194,0.01075634716447637,0.49428886365355795,-0.01075634716447637,0.5546130444778685,-0.004996415242598052
652,0.0,2048.572916573084,0.006981405135188086,0.006863752814830101,0.45770319681916016,-0.006863752814830101,0.525540090180256,-0.005556616514267665
653,0.0,2056.0711981584595,0.22145352394459353,0.010186542492142904,0.2281318279648801,-0.01018529507039833,0.43631761151564324,-0.0069452200811068645
654,0.0,2059.323711265979,0.0,0.0023431250330031277,0.8431888544746717,-0.0006985426015908311,0.5583789844033518,-0.005071216837252054
655,0.0,2061.7955364051513,0.0,0.00022202864410129347,0.7631574277075961,0.0022962692460962012,0.619812517394625,-0.0028609710122475774
656,0.0,2070.311649522684,0.19122352380728677,0.012340177663878446,0.25536437042380183,-0.012340177663878446,0.510478073303378,-0.005704733007736837
657,0.0,2076.0499433473174,0.09562737446160531,0.008736903454906169,0.394514497640405,-0.008736903454906169,0.4756890006044861,-0.006614384141887636
658,0.0,2086.700984090787,0.1796591158947543,0.015971638659924757,0.18374118292412567,-0.015971638659924757,0.38810465530037797,-0.009421560497298772
659,0.0,2086.3294472796183,0.0,0.00040280786311133136,0.7233780384525687,0.008056583525122105,0.4886866702460351,-0.004178117290572509
660,0.0,2084.424171753795,0.0,0.0,0.5994203595655875,0.013957537750593066,0.5219067770419008,0.0012625792217771633
661,0.0,2086.41489750916,0.0,0.0015662232270044609,0.772309089451992,0.00015225271976162857,0.5970274707649281,0.0009294812711725028
662,0.0,2089.790567822779,0.10202235035545583,0.008534928116045852,0.3895978838348308,-0.008386561562356102,0.534798594685899,-0.0018653315788860784
663,0.0,2089.964584056552,0.03848753928310828,0.002509196077728573,0.20857725165646027,-0.0012530213287125255,0.4369321917770673,-0.0016816385038340123
664,0.0,2091.694405805566,0.0,0.003141151675272776,0.8510600632696612,-0.00159067331144586,0.5611705532248454,-0.0016543489461175666
665,0.0,2096.3179119913348,0.07974476170251396,0.007825416273486515,0.1563224864887194,-0.007811666572770309,0.4397161332040076,-0.003501544234113389
666,0.0,2098.9855487624477,0.0,0.0041656961243312215,0.7181025764848745,-0.0036883987778579355,0.5232320661882677,-0.003557600597236753
667,0.0,2106.022085239657,0.0025622923163736372,0.010863848532343066,0.6102832881953151,-0.010863775725432817,0.5493474327903819,-0.005749453135695572
668,0.0,2110.573941400811,0.0,0.0055797119313581185,0.7671244960127125,-0.005537639166294756,0.614680551757081,-0.005685908944875327
669,0.0,2113.2643811323546,0.011600670080812009,0.0019832758346919554,0.4279055576796336,0.0006208437816696169,0.5586480535338467,-0.0037938831269118435
670,0.0,2122.2611291776266,0.2665783285892683,0.01266232481311671,0.1021486737502063,-0.01266232481311671,0.4216982395987546,-0.006454415632773303
671,0.0,2129.7333159239834,0.1773825383867003,0.011346160146345088,0.09358112882823483,-0.011346160146345088,0.3232631063675986,-0.007921938986844838
672,0.0,2136.6080474697555,0.07051321151249527,0.007268926978434685,0.2488717304749973,-0.007268926978434685,0.30094569359981815,-0.007726035384321792
673,0.0,2147.966331264125,0.19689460444494727,0.015089153319293456,0.15952555436385338,-0.015089153319293456,0.2585196518290287,-0.00993497076481329
674,0.0,2156.6349368754604,0.10731980660239647,0.00959768438307811,0.31263589576642664,-0.00959768438307811,0.27475452501024805,-0.009833784850292735
675,0.0,2161.8164821063137,0.0,0.001517343145007538,0.7778280068497393,-3.621698216869004e-05,0.42567656956209543,-0.006894514489855522
676,0.0,2168.3778811435113,0.0,0.003359841108956826,0.6162905117035641,-0.003138784004696078,0.482860752204536,-0.005767795344307688
677,0.0,2175.510735564258,0.010118386032067807,0.007579957669021704,0.6081685262638088,-0.007438002643610231,0.5204530844223179,-0.006268857534098451
678,0.0,2179.959441687646,0.008602303341755406,0.00338554666705309,0.6291296996483194,-0.002998815209484037,0.5530560689901183,-0.005287844836714127
679,0.0,2188.6796865332626,0.14397155694315777,0.011416789962151357,0.10479179561568838,-0.011416789962151357,0.4185767869777893,-0.007126528374345296
680,0.0,2193.2410243281065,0.0,0.003798072303554782,0.5997029644963471,-0.0036976766854172056,0.4729146402333566,-0.006097872867666869
681,0.0,2195.2969278146343,0.0,0.002573460480221355,0.7907836599785374,0.003394412829163296,0.5682753461569108,-0.003250187158617819
682,0.0,2198.7044069785184,0.0,0.0015226301718008638,0.675546161928684,-0.0006115395559960335,0.6004565908884427,-0.0024585928778312833
683,0.0,2202.0073986512994,0.0,0.003850770093644467,0.6718175058486862,-0.0033931796581573143,0.6218648653765158,-0.0027389689119290926
684,0.0,2203.444423859827,0.0,0.0022637666290215423,0.9548749070541959,-0.0003186445653617253,0.7217678778798198,-0.0020128716079588823
685,0.0,2208.9955024883143,0.11414810346635183,0.008646902417476033,0.3235668336190469,-0.008627784875756153,0.602307564601588,-0.003997345588298063
686,0.0,2212.7273838605192,0.0,0.005553051839929838,0.7349040581881372,-0.005511455534290805,0.6420865126775528,-0.004451578572095886
687,0.0,2220.0836994514257,0.20940519872523458,0.010976273386073704,0.1962423342062625,-0.010976273386073704,0.5083332591361657,-0.006408987016289231
688,0.0,2224.2043219145717,0.0013040290419116614,0.003782557483170268,0.5158524196621251,-0.0036805279932756634,0.5105890072939535,-0.005590449309385161
689,0.0,2227.903399728614,0.021562266884046725,0.0026162155762459076,0.4873250247621107,-0.0007974485827300013,0.5036098125344006,-0.004152549091388612
690,0.0,2232.5185870938058,0.0,0.0036549241648404984,0.6449643563855819,-0.0036185661013968633,0.546016175689755,-0.0039923541943910875
691,0.0,2240.6577755559497,0.1031551461332526,0.012464722567837776,0.21174237643928118,-0.012464722567837776,0.44573403591461286,-0.006534064706425094
692,0.0,2246.8575531038678,0.009495004154639448,0.008485248242904392,0.6127153058543191,-0.008485248242904392,0.4958284168965247,-0.007119419767368882
693,0.0,2256.4890846462094,0.22212272230504831,0.012962730820377539,0.07276321885038106,-0.012962730820377539,0.3689088574826816,-0.008872413083271479
694,0.0,2265.9459794976437,0.15994343362573699,0.011916118137676485,0.22519269342130313,-0.011916118137676485,0.325794008264268,-0.00978552459959298
695,0.0,2281.135522781291,0.4212356240684077,0.021995054687540715,0.00405576298222293,-0.021995054687540715,0.22927253467965447,-0.013448383625977299
696,0.0,2292.688769536274,0.17381868924590163,0.013315659963889954,0.3235859111930108,-0.013315659963889954,0.2575665476336613,-0.013408566527351095
697,0.0,2299.299157786652,0.0,0.0007043353097966828,0.6793834014650985,0.0007957810274125569,0.38411160378309245,-0.009147262260921999
698,0.0,2309.5788139983,0.029242888685482887,0.007067557714071897,0.4883821556187186,-0.007067557714071897,0.4153927693337803,-0.008523350896866969
699,0.0,2312.211858473957,0.0,0.0002774118708167862,0.825051246237736,0.0043980284848780336,0.5382903124049669,-0.004646937082343467
700,0.0,2317.8864686977745,0.08194350022252642,0.0034374057331976304,0.46060577088362126,-0.002749991736953364,0.5149849499485633,-0.004077853478726436
701,0.0,2329.3978834306918,0.28984797639414295,0.018971644004521723,0.1773337741907257,-0.018971644004521723,0.41368959722121196,-0.008545990636465021
702,0.0,2335.029757987906,0.0,0.007129225010671432,0.69578113332129,-0.007129225010671432,0.4983170580512354,-0.008120960948726944
703,0.0,2345.6084513318033,0.19785186534427687,0.012798497513936786,0.2655095187254743,-0.012798497513936786,0.42847479625350704,-0.009524221918289897
704,0.0,2353.1545493536605,0.0,0.006984377217182186,0.6790606540258267,-0.006864860644016895,0.5036505535852029,-0.008726413536007996
705,0.0,2365.379717232884,0.09122979729882089,0.015184434686164292,0.41927342865137407,-0.015184434686164292,0.47833741610505426,-0.010663819881054883
706,0.0,2373.853842518079,0.08090795317362619,0.008642666362229866,0.33854146543394875,-0.00812008774910451,0.4363986309037226,-0.009900700241469771
707,0.0,2380.2986949147116,0.046371031817081715,0.0027215461017016974,0.20298916496547179,-0.001906100940158433,0.36637579112224733,-0.00750232045107637
708,0.0,2386.043082078233,0.0,0.002730448722886707,0.7262820583675196,-0.0013416471536761264,0.474347671295829,-0.005654118461856297
709,0.0,2394.2069211195467,0.0,0.008957492596954804,0.46967327762647326,-0.008957492596954804,0.4729453531950223,-0.006645130702385848
710,0.0,2397.4061193408334,0.0,0.0023191730715825132,0.712774940351487,-0.0004984091173143804,0.5448942293419617,-0.004801114226864408
711,0.0,2401.1372292455417,0.0,0.001429124688483218,0.5946554016249858,-0.0006510880603708961,0.5598225810268689,-0.003556106376916354
712,0.0,2406.16944965462,0.0,0.00548961914691771,0.6028832997239861,-0.005334460766892008,0.572740796636004,-0.00408961269390905
713,0.0,2410.327642133367,0.0,0.004820921466748979,0.8155699460365613,-0.004788222992521648,0.6455895414561711,-0.004299195783492829
714,0.0,2416.6798732516586,0.0,0.00879466844930657,0.6774379066114243,-0.00879466844930657,0.6551440510027471,-0.005647837583236951
715,0.0,2421.547498140418,0.09434800806308806,0.005430345519009467,0.4305476164890226,-0.005427229677808865,0.5877651206486297,-0.0055816552116085254
716,0.0,2424.619916062029,0.0009745752572769129,0.0013567600208159263,0.712840317617601,-0.00028513755366703044,0.6252876797393211,-0.0039926999142260765
717,0.0,2427.055802833124,0.0,0.0016201073300852397,0.7519929033773228,0.0009058225687374033,0.6632992468307215,-0.002523143169337032
718,0.0,2431.3640925786854,0.0,0.0047803772388158115,0.6866730302647749,-0.004711410260545659,0.6703113818609375,-0.00317962329669962
719,0.0,2431.87614780832,0.0012424809700102804,0.001698077164073695,0.47602444767732893,0.0016939767103483264,0.6120253016058549,-0.0017175432945852357
720,0.0,2437.1859110973332,0.07482460140793526,0.007678334947440755,0.29409889617783924,-0.007678334947440755,0.5166473799774501,-0.003505780790441891
721,0.0,2439.0911255938913,0.0,0.0030325796275361594,0.8468476519299245,-0.0020340150697000523,0.6157074615631924,-0.0030642510742193395
722,0.0,2445.834185318021,0.12909348817286107,0.010268508973801747,0.4195122680510511,-0.010268508973801747,0.5568489035095501,-0.005225528444094062
723,0.0,2454.431233873216,0.12684388963733143,0.01450085926917431,0.08087225205684781,-0.01450085926917431,0.4140559080737394,-0.008008127691618135
724,0.0,2458.5170769885217,0.0,0.003520539445621725,0.8810338458701489,-0.0027352423738043266,0.5541492894126623,-0.006426262096273992
725,0.0,2468.7272347058483,0.13119925103917113,0.012661601311649858,0.35611281410278434,-0.012661601311649858,0.49473834681969886,-0.00829686386088675
726,0.0,2475.215511880019,0.07480464633193959,0.006477518435033761,0.43275505613615856,-0.006477518435033761,0.4761433596146367,-0.007751060233130854
727,0.0,2482.2719639467396,0.0,0.0057354144408640366,0.6195955094953806,-0.0057354144408640366,0.5191790045788598,-0.007146366495450808
728,0.0,2484.1863319116096,0.0,0.00013471477809448814,0.9058616632491524,0.004383519753343235,0.6351838021799475,-0.0036874006208125953
729,0.0,2489.253073383227,0.000691413120854776,0.0038580740779131286,0.7097548150165031,-0.0029579379405742456,0.6575551060309142,-0.00346856181674109
730,0.0,2492.7270484594956,0.024821300643538546,0.0038146611866115327,0.5085215843527349,-0.0032518823531826786,0.6128450495274603,-0.0034035579776735664
731,0.0,2500.3695881208523,0.0845738007566214,0.012346451716262518,0.1437413631069435,-0.012167057486317464,0.4721139436013052,-0.006032607830266735
732,0.0,2502.633240664755,0.0,0.0036715852477095857,0.7127378866593672,-0.0009192112467917344,0.5443011265187238,-0.004498588855224235
733,0.0,2507.4760546565403,0.2352376955845227,0.0045385362614876875,0.05964824557090631,-0.0036177881240593156,0.3989052622343785,-0.004234348635874759
734,0.0,2514.532117303117,0.22867029652829168,0.009837669263014022,0.056592541194822626,-0.009837669263014022,0.2962114459225117,-0.005915344824016538
735,0.0,2517.4484949418948,0.007772734008722076,0.0029202629189451486,0.5283851682577926,-0.0014185342174178176,0.36586356262309594,-0.004566301642036921
736,0.0,2519.8974088005248,0.0003780168780812022,0.002302206820548652,0.5635043877177701,0.001250176221290491,0.42515581015149817,-0.0028213582830386975
737,0.0,2519.6112709400954,0.0,0.0004448559529808395,0.8769315646932573,0.00547024134814328,0.5606885365140258,-0.0003338783936841041
738,0.0,2520.6276103137884,0.048628131250195446,0.003009861284995969,0.4588819513903258,0.0008354527827083866,0.5301465609769158,1.6920959233643112e-05
739,0.0,2526.052506151976,0.10891136745820379,0.010954781376105147,0.1932378898182122,-0.010954781376105147,0.4290739596293047,-0.003274589741367994
740,0.0,2527.5965557848026,0.0,0.004492271951676332,0.6332183940466338,-0.003097954828367407,0.4903172899545034,-0.003221599267467818
741,0.0,2531.931151378591,0.2033322023902841,0.006780013660550841,-0.06062704935302455,-0.005485143203656395,0.325033988162245,-0.003900662448324391
742,0.0,2535.187308289475,0.0,0.003400995389047923,0.8287001733683046,-0.003265300058714845,0.47613384372406287,-0.003710053731441527
743,0.0,2538.7597350518868,0.0,0.003969137692979901,0.6510560536763373,-0.003224780132543433,0.5286105067097452,-0.0035644716517720986
744,0.0,2544.6086952044034,0.03170319425189447,0.008176542999712407,0.5277331677654824,-0.008172174695334222,0.5283473050264663,-0.004946782564840735
745,0.0,2547.8511857265335,0.0,0.004481170879040229,0.6684564006344369,-0.0028360813436399544,0.5703800337088575,-0.004313572198480501
746,0.0,2549.0261973920256,0.019546415104208813,8.175236117451662e-05,0.37280816518520976,0.0028846897102034873,0.5111084731517631,-0.0021540936258753044
747,0.0,2552.148809462548,0.0,0.002243252589405074,0.6630865870250722,-0.0019223835390921836,0.5567019073137558,-0.0020845805998403683
748,0.0,2554.9537498754553,0.00721113647631412,0.004408252525269141,0.6216078143290603,-0.0035129208082763158,0.5761736794183472,-0.0025130826623711525
749,0.0,2553.048006639815,0.0,4.534095666212888e-05,0.7334785990055829,0.00624644831001666,0.6233651552945179,0.00011477662934519122
750,0.0,2553.1106584301115,0.014238137315837467,0.000696220931193096,0.4075662404432292,0.0024824875172953635,0.5586254808391312,0.0008250898957302428
751,0.0,2553.210540156713,0.00026730066581259277,0.0021240760144819746,0.5831737152128527,-0.0003620246649759169,0.5659899511512476,0.0004689555275183948
752,0.0,2560.7028802411214,0.3045533856772579,0.016488050297551033,0.19134433314585092,-0.016488050297551033,0.4535962657496286,-0.004618146220002433
753,0.0,2567.557629078449,0.19169363383489546,0.014576799326429826,0.23576933402297057,-0.014576799326429826,0.38824818623163115,-0.007605742151930651
754,0.0,2572.91833444117,0.03400702081470904,0.006096454109344075,0.5159308211268125,-0.006040661270170207,0.42655297670018555,-0.007136217887402516
755,0.0,2580.475430925542,0.06888617571474505,0.007588973092471992,0.2084315690140279,-0.0075239605222048285,0.3611165543943382,-0.007252540677843209
756,0.0,2586.6427627513726,0.005327091635053918,0.00543745809539644,0.5247441996715998,-0.005112858476192398,0.41020484797751666,-0.006610636017347965
757,0.0,2595.4911043099746,0.0964659426422319,0.010603871873611241,0.33757537487596695,-0.010603871873611241,0.38841600604705173,-0.007808606774226947
758,0.0,2603.1479224480972,0.02801219886002103,0.00874143180798748,0.5374710627501152,-0.008740266654092646,0.43313252305797073,-0.008088104738186656
759,0.0,2609.4997057647865,0.030932453833244243,0.0062946354231366766,0.31670204199684254,-0.004761912155857139,0.39820337873963224,-0.0070902469634878005
760,0.0,2617.030306959625,0.012388658605449406,0.006968216430156855,0.36016736247769443,-0.006968216430156855,0.38679257386105087,-0.007053637803488517
761,0.0,2625.3278310204164,0.0,0.009632223120584543,0.7005334740869263,-0.009606932964538016,0.48091484392881345,-0.007819626351803366
762,0.0,2626.2434597814786,0.0,0.0006133851929929423,0.7285051137143794,0.005765797224413839,0.5551919248644832,-0.003743999278938204
763,0.0,2630.8048016348434,0.004255481686807075,0.003107686717755514,0.43056958815784474,-0.0012013514414261947,0.5178052238524917,-0.0029812049276846013
764,0.0,2633.9654198647763,0.0,0.0031599375581280683,0.7521412014695089,-0.0025604051914795973,0.5881060171375969,-0.0028549650068231
765,0.0,2640.6902916671725,0.15804917903911367,0.01078577091336891,0.047702395620392385,-0.01078577091336891,0.42598493068243554,-0.005234206778786842
766,0.0,2641.879916073646,0.0,0.002561175319007157,0.7068252235893363,0.0007136296510697102,0.5102370185545058,-0.003449855849829876
767,0.0,2645.459189539564,0.0,0.002959708571936803,0.8302287289023796,-0.0018607769990165778,0.606234531658868,-0.0029731321945858868
768,0.0,2651.153875411196,0.031565910939075174,0.008146448547553036,0.4258135824877498,-0.008146448547553036,0.5521082469075325,-0.0045251271004760315
769,0.0,2653.989869015171,0.022637254551474452,0.003367706200693343,0.5757139442982562,-0.0026227603430663982,0.5591899561247495,-0.003954417073253141
770,0.0,2659.1329936678108,0.0,0.006127134862452876,0.8687270023394744,-0.00583640158528565,0.652051069989167,-0.004519012426862894
771,0.0,2666.0432475348402,0.05443887462832146,0.010088885587220311,0.2596716280087108,-0.010088885587220311,0.5343372373950301,-0.006189974374970118
772,0.0,2671.629742692802,0.0,0.006673311368814977,0.8277041905705599,-0.006673311368814977,0.622347323347689,-0.0063349754731235755
773,0.0,2675.847005182627,0.0,0.0032731395328390723,0.794885941155429,-0.0020741162351607403,0.6741089086900109,-0.005056717701734725
774,0.0,2681.4161240169906,0.004209998497189186,0.005344372889374576,0.561055914072618,-0.004792701549515255,0.640193010304793,-0.004977512856068884
775,0.0,2686.650589426063,0.013305161129006987,0.005703926792259285,0.32487476737277055,-0.00543032562725704,0.5455975374251862,-0.0051133566874253305
776,0.0,2689.5428889371315,0.0,0.0027253609027612052,0.8769315646932573,-0.0006276582276774857,0.6449977456056075,-0.0037676471495009765
777,0.0,2695.1737002964205,0.15734213848947767,0.0072433230873269,0.03630838482230067,-0.006247458484554823,0.46239093737061543,-0.00451159055001713
778,0.0,2700.0967544921114,0.02255688687530669,0.006376252429869334,0.4663291756610248,-0.006143747520709227,0.4635724088577382,-0.005001237641224759
779,0.0,2703.6833993918444,0.031975573618218976,0.002752135359456936,0.3978558932420676,-0.00256421848312444,0.443857454173037,-0.004270131893794662
780,0.0,2711.426853180105,0.1378369248462529,0.01074465068702531,0.33011486848604543,-0.01074465068702531,0.4097346784669395,-0.006212487531763856
781,0.0,2716.988515426233,0.04947508422861943,0.006880765230220317,0.4426350467562622,-0.006879888642906912,0.4196047889537363,-0.006412707865106773
782,0.0,2722.371304278678,0.0,0.004564128012945183,0.5522105693380476,-0.004475606102627934,0.4593865230690297,-0.005831577336363121
783,0.0,2731.2679227079643,0.1576313316686474,0.011611735312511725,0.2296718382536963,-0.011611735312511725,0.3904721176244297,-0.007565624729207701
784,0.0,2737.1781137645416,0.0013040290419116614,0.006663020991050731,0.5774650387801837,-0.005923103945440629,0.44656999397115593,-0.007072868494077579
785,0.0,2741.1636132602016,0.04648716119290678,0.0010392732613780915,0.4885501268062141,-0.00012756200244621254,0.45916403382167337,-0.004989276546588169
786,0.0,2744.357018313382,0.0004553693345490983,0.0017465976279387935,0.6298190893449201,0.0009225306766464716,0.5103605504786474,-0.003215734379617776
787,0.0,2754.0252070356205,0.20041621590210285,0.014810907836149903,0.28317465939033143,-0.014810907836149903,0.4422047831521526,-0.006694286416577414
788,0.0,2759.6146750346566,0.012547568000840318,0.008016073085198907,0.43475728906347905,-0.008016073085198907,0.4399705349255505,-0.007090822417163862
789,0.0,2766.7138536315883,0.015216861003329552,0.007650390189132363,0.5548874599471795,-0.0075212894589582625,0.47444561243203914,-0.007219962529702181
790,0.0,2769.937045811589,0.0,0.0016460468581055397,0.639969905167009,0.0009721214149481882,0.5241029002525301,-0.00476233734630707
791,0.0,2775.6085334090867,0.03098392844811532,0.005293374128393451,0.5815673199570752,-0.004096374136916668,0.5413422261638936,-0.0045625483834899495
792,0.0,2781.120539114993,0.01783829150408086,0.0063362133127447175,0.5603799828628404,-0.0063324709689228965,0.5470535531735776,-0.005093525159119833
793,0.0,2787.450562215972,0.10369529659787514,0.008893949062631908,0.40002589325164617,-0.008222663345941007,0.5029452551969982,-0.006032266615166185
794,0.0,2792.1619002802663,0.0,0.004681028294182814,0.7735782976706956,-0.004258187817564175,0.5841351679391074,-0.0055000429758855825
795,0.0,2798.535848837678,0.0,0.006847371003558997,0.8233406726952739,-0.0067662799798146765,0.6558968193659572,-0.005879914077064311
796,0.0,2807.6421188166682,0.13128435940135164,0.0129971879364714,0.2602520199904829,-0.0129971879364714,0.5372033795533149,-0.008015096234886436
797,0.0,2807.3455563412003,0.02661499442483032,1.5297767621886731e-06,0.45928011900049726,0.007076711330619659,0.5138264013874696,-0.003487553965234607
798,0.0,2812.00162725024,0.0,0.0019961723727725516,0.7102034338876325,-0.0012057744006062107,0.5727395111375184,-0.0028030200958460883
799,0.0,2812.6376289513064,0.012787454076238354,0.0006299336665761547,0.441606997293914,0.0024246576738901427,0.5333997569844371,-0.0012347167649252187
800,0.0,2818.7529609966355,0.05936618245054734,0.009769015962723504,0.4488278233444748,-0.009769015962723504,0.5080281768924484,-0.003795006524264704
801,0.0,2822.079747936799,0.05665824754814551,0.005560773437553398,0.3681699357069791,-0.005486517556699298,0.46607070453680755,-0.004302459833995083
802,0.0,2828.146224131338,0.051904355423708005,0.008506091116097597,0.4461965677835543,-0.008506091116097597,0.46010846351083157,-0.005563549218625837
803,0.0,2829.3017184230735,0.0,0.0006266766634498605,0.7514511496684749,0.0023062637700719127,0.5475112693581246,-0.0032026053220165123
804,0.0,2830.4500588808346,0.0,0.00026065458781192584,0.6951611790842785,0.003536429704149947,0.5918062422759707,-0.0011808948141665745
805,0.0,2834.9528202552965,0.007772734008722076,0.007078143008237958,0.6882266305562517,-0.005995501702437462,0.620732358760055,-0.0026252768806478404
806,0.0,2833.6898510819074,0.0,0.0005321340694490532,0.6835324264923173,0.003970671079344724,0.6395723790797336,-0.0006464924926500712
807,0.0,2836.8153081755077,0.005515735115298068,0.004293959829881833,0.46642008799046686,-0.0037497683404660097,0.5876266917529536,-0.0015774752469948528
808,0.0,2839.425800831588,0.0,0.005144046367642788,0.5559083719149719,-0.004699368551698272,0.578111195801559,-0.0025140432384058785
809,0.6004573014222503,2847.0536217331633,0.277163128621067,0.014143338361061852,-0.24758706495904295,-0.014143338361061852,0.3304017175733784,-0.00600283177520267
810,0.0,2848.29402596054,0.0,0.0025505538780640417,0.4822806486568038,0.00028473755693817957,0.37596539689840597,-0.0041165609755604154
811,0.0,2851.17391778354,0.0,0.0010450163691160213,0.7036552815387043,0.00042469850856680536,0.47427236229049546,-0.002754183130322249
812,0.0,2855.9618001920608,0.010299728797606472,0.005592303464502294,0.40837511250824354,-0.005571913037778229,0.45450318735581985,-0.003599502102559043
813,0.0,2861.3346430513834,0.1591713546881586,0.008177827872587095,-0.002691518210713599,-0.008174502608563512,0.3173447756858598,-0.004972002254360383
814,0.0,2868.2525304010505,0.23918820898643173,0.010527164485343183,0.2643179796071846,-0.010455617194376782,0.3014367368622572,-0.006617086736365303
815,0.0,2871.580818384464,0.0011026708755108464,0.0031493458020414107,0.45425277546299203,-0.0014790523364703564,0.3472815484424776,-0.005075676416396819
816,0.0,2876.307809555792,0.027468953020088463,0.004156323040750756,0.5540027993957387,-0.00274361307253638,0.4092979237284559,-0.004376057413238687
817,0.0,2882.194096565919,0.030431260736893985,0.006992386014302509,0.4318324716224626,-0.006793599278467144,0.4160582880966579,-0.005101319972807224
818,0.0,2886.1407470904883,0.0,0.004483811148817548,0.576469498566371,-0.0034512404551946736,0.4641816512375718,-0.004606296117523458
819,0.0,2891.45260516217,0.23746077992807646,0.0062542960989255166,-0.13404896006018122,-0.005560567006099488,0.2847124678482459,-0.004892577384096267
820,0.0,2892.1118903490806,0.00613685395092034,0.0008842418863681573,0.4605674060242829,0.00362857170736069,0.337468949301057,-0.00233623265665918
821,0.0,2897.132137314765,0.007553754556421783,0.00563334168737031,0.6324905826553034,-0.005265070042714151,0.4259754393073309,-0.003214883872475671
822,0.0,2900.9514361805745,0.006066755252952568,0.0054168458358764,0.428137852465447,-0.00538934345839767,0.4266241632547657,-0.0038672217482522706
823,0.0,2900.9304772406026,0.0,0.0008904898528499121,0.7138272386862,0.0035536360649474448,0.512785085884196,-0.0016409644042923559
824,0.0,2904.0234295275623,0.04829088825452325,0.004981015971090595,0.2367908858379118,-0.00234692109322476,0.42998682587031073,-0.0018527514109720768
825,0.0,2904.971818291191,0.03814328928687681,0.0016066639097365716,0.4372113206913569,-0.00018927402763132983,0.4321541743166245,-0.0013537081959698527
826,0.0,2906.5604818653246,0.0,0.0032187392040110546,0.6604043307282778,-0.001323361884848941,0.5006292212401204,-0.0013446043026335791
827,0.0,2910.747583267736,0.05065602250682506,0.008205617494553046,0.4561850254430124,-0.0072569900382785995,0.487295962500988,-0.003118320023327085
828,0.0,2913.813729707546,0.2494748886945741,0.005647555373239212,0.04130877128396334,-0.004857245600055289,0.3534998051358806,-0.003639997696345546
829,0.0,2918.4004712090564,0.011391389294891401,0.006504136704475993,0.42102984179179953,-0.006155794866499954,0.37375881613265627,-0.004394736847391868
830,0.0,2925.868295216197,0.0,0.011583188379208118,0.692328911733144,-0.011583188379208118,0.4693298448128026,-0.006551272306936743
831,0.0,2925.009204643471,0.0,0.0002683226330328383,0.7188280313015628,0.006640592588668179,0.5441793007594307,-0.002593712838255266
832,0.0,2931.411428252872,0.02135525040856529,0.007054351344226182,0.4905906191938508,-0.006405652498266022,0.5281026962897567,-0.003737294736258493
833,0.0,2935.0630162020307,0.0016789762830520377,0.005381652637584177,0.7216329458331455,-0.0047499700735534195,0.5861617711527733,-0.004041097337446971
834,0.0,2941.76695106581,0.103851224903609,0.010011960774297524,0.37064292844798713,-0.00990513656021151,0.5215061183413374,-0.005800309104276332
835,0.0,2944.397252801648,0.000691413120854776,0.0020516100610515875,0.6065113683524997,-0.0010286393438092452,0.5470076933446861,-0.0043688081761362055
836,0.0,2948.0407755659535,0.0013426483424633332,0.002253052370386246,0.46300947855752805,-0.0013666501013429437,0.5218082289085386,-0.0034681607536982267
837,0.0,2952.1193232720293,0.009702367070684838,0.005537231982803965,0.4188031429529322,-0.003801625839445644,0.4909067031218567,-0.003568200279422452
838,0.0,2955.639486912306,0.0,0.00373216684074757,0.7011750589676468,-0.003572331787164766,0.5539872098755937,-0.003569439731745146
839,0.0,2956.351141689961,0.012292285905944726,0.0009970088594774792,0.6718175058486862,0.0023829878264398944,0.5893362986675214,-0.0017837114642896335
840,0.0,2959.417843934931,0.0,0.003830431105016858,0.7380443301579203,-0.0025964753121079914,0.633948708114641,-0.002027540618635141
841,0.0,2960.5852452680247,0.0,0.0029299017600132706,0.9179543764621704,-0.0004895724762003683,0.7191504086188998,-0.001566150175904709
842,0.0,2960.22754994736,0.015737420169917384,0.0007350888887908787,0.319418075092325,0.002922476319792325,0.5992307085609274,-0.00021956222719559878
843,0.0,2961.332798019146,0.0030691947026178696,0.003040041537948129,0.6348969752566636,-0.0006620452901862514,0.6099305885696482,-0.00035230714609279455
844,0.0,2961.7119859087065,0.021020964723088936,0.0038774781007673838,0.33749523917326685,-0.0005465846521693323,0.5281999837507338,-0.00041059039791575586
845,0.0,2964.7816009348885,0.1339737700981455,0.006131317812810085,-0.0031605412237647188,-0.006010936760785765,0.36879182625838425,-0.0020906943067767587
846,0.0,2967.770285375853,0.0,0.005899417669161851,0.5666830421189873,-0.005711615324731918,0.4281591910165652,-0.0031769706121633065
847,0.0,2971.0528712800633,0.002697590545700612,0.005178866527450505,0.43095516942157,-0.004528540288705545,0.4289979845380666,-0.003582441515125978
848,0.0,2973.8926774927886,0.0025220116819262115,0.0028579480414314485,0.3786788171140796,-0.0024576501590432994,0.4139022343108705,-0.0032450041083011746
849,0.0,2979.147255166335,0.037175957669709686,0.007086827591751397,0.3367862044187175,-0.007080118403786652,0.39076742534322456,-0.004395538396946818
850,0.0,2981.3600612364844,0.0,0.002133173328781256,0.7003457488757003,-0.0010466526001254232,0.4836409224029673,-0.0033908726579003996
851,0.0,2984.6850404365805,0.0,0.0025101795941197464,0.7486070299788773,-0.002207067809301864,0.5631307546757403,-0.0030357312033208383
852,0.0,2987.967879737098,0.009213375577465446,0.004226808685969603,0.46805419518400804,-0.003180600723959895,0.5346077868282206,-0.003079192059512555
853,0.0,2993.3269082199986,0.0,0.007874123000103497,0.6513392258438627,-0.007874123000103497,0.5696272185329132,-0.004517671341689837
854,0.0,3000.965640346376,0.27265436391982617,0.012519540080762231,-0.020331223393829437,-0.012518297228723966,0.3926396859548904,-0.0069178591078000755
855,0.0,3007.0183307520915,0.08388624593831737,0.007725997806404588,0.17524579200173626,-0.007615619901488782,0.3274215177689441,-0.007127187345906687
856,0.0,3013.252828372669,0.01596018772030953,0.006230315199794387,0.25103467001259216,-0.005485467332830617,0.30450546344203855,-0.006634671341983866
857,0.0,3016.650685213199,0.0,0.0017877560218415303,0.6334022738048513,0.0006217297067978839,0.4031745065508824,-0.004457751027349341
858,0.0,3022.4534326769603,0.03538643527814843,0.005217324954913567,0.24007097258232604,-0.004992201608797077,0.35424344636031546,-0.004618086201783661
859,0.0,3027.510421647043,0.0,0.005754824888781701,0.8327614690054124,-0.005699482775776581,0.49779885315384453,-0.004942505173981537
860,0.0,3034.469797475398,0.05877188713643981,0.009554977318557095,0.2865386939820339,-0.009482255466632273,0.4344208054023013,-0.006304430261776758
861,0.0,3037.722388718584,0.003464447832213068,0.00365635708280937,0.7376082121329057,-0.00136510427283361,0.5253770274214826,-0.004822632465093813
862,0.0,3041.126392165768,0.0,0.0013566403529409112,0.8114941148897381,-0.00032361597290153036,0.6112121536619592,-0.003472927517436128
863,0.0,3045.2811241444356,0.047318375865871,0.003603549106766514,0.35658946485149967,-0.0034874108245257092,0.5348253470188213,-0.003477272509563002
864,0.0,3048.919986652505,0.0,0.00412411326854245,0.8769315646932573,-0.0038184443732503163,0.6374572123211522,-0.003579624068669196
865,0.0,3053.610618474558,0.019029994141128364,0.0060024492724983485,0.3561221823281005,-0.006000839762288433,0.5530567033232366,-0.004305988776754967
866,0.0,3061.714213811947,0.08373361396327607,0.012974299015664492,0.412274194652369,-0.012974299015664492,0.5108219507219763,-0.006906481848427824
867,0.0,3066.4183548400147,0.0,0.0055582250020890685,0.6236169205528648,-0.005027118755668957,0.5446604416712428,-0.0063426729206001635
868,0.0,3074.214621463264,0.03714610094403233,0.008783692167966574,0.40900729053587437,-0.008783692167966574,0.5039644963306322,-0.007074978694810086
869,0.0,3077.740361686284,0.015052925148564222,0.0023913578925559543,0.41785105863715855,-0.00044355039338272187,0.47813046502259016,-0.005085550204381876
870,0.0,3079.4327437931893,0.0,0.0005208472783245942,0.7364316430272491,0.004055871342890832,0.5556208184239878,-0.0023431237402000635
871,0.0,3084.302027567885,0.0,0.00546068716224191,0.7008449632945718,-0.004749262911876221,0.599188061885163,-0.0030649654917029104
872,0.0,3087.955234801421,0.006228879111038447,0.005666798827646781,0.35814516536806396,-0.005042387611670443,0.5268751929300333,-0.0036581921276931696
873,0.0,3088.576107207619,0.0,0.0012496702450145191,0.8433453589434582,0.0020516128795979222,0.6218162427340607,-0.0019452506255058417
874,0.0,3093.032529248858,0.003872035455829481,0.005411365696965723,0.4762958492281264,-0.005392543676837291,0.5781601246822804,-0.0029794385409052764
875,0.0,3092.8572196890927,0.0,0.0008786227145564873,0.7045609520716939,0.0025156742569497847,0.6160803728991044,-0.001330904701548758
876,0.0,3096.0079535305986,0.003084053954544142,0.003451352240394503,0.6470743976222454,-0.0034049926604636264,0.6253785803160468,-0.0019531310892232185
877,0.0,3096.6487524457457,0.0,0.001012073375489232,0.8933406894008219,0.00013274178627494725,0.7057672130414793,-0.0013273692265737688
878,0.0,3093.728635325853,0.0,8.148930719847006e-05,0.6309739861365807,0.008173395935491521,0.6833292449700097,0.0015228603220458182
879,0.0,3095.1870116196005,0.0,0.003925709889194385,0.8112950658629942,-0.0017190601810444946,0.721718991237905,0.0005502841711187243
880,0.0,3094.2956425657103,0.0,0.0023025170687988187,0.7233476340262097,0.00024777751967590487,0.7222075840743963,0.00045953217568587846
881,0.0,3091.253845854292,0.0,0.00019208852906700059,0.6135581809249859,0.005744716629885958,0.6896127631295732,0.0020450875119459025
882,0.0,3089.0770740343282,0.0,0.00040615829148565836,0.7374540046789495,0.0039710499622544766,0.7039651355943861,0.0026228762470384744
883,0.0,3088.4530055073856,0.0,0.0038236134760923123,0.8543802803554879,-0.0009394432374401953,0.7490896790227166,0.0015541804016948734
884,0.0,3086.670811504969,0.0,0.0019266299998428453,0.6673712670897664,0.0009159838976314051,0.7245741554428315,0.0013627214504758327
885,0.0,3086.151066037657,0.02788782286407326,0.0039716972326124395,0.464242258835595,-0.000592914921967584,0.6464745864606606,0.0007760305387428077
886,0.0,3086.908703017152,0.011315067205307174,0.004057008534304961,0.5072559608317462,-0.0030302464906420295,0.6047089987719863,-0.00036585257007264345
887,0.0,3087.289321506543,0.0,0.0027314987028916964,0.7252437121308968,-0.0015860764736677897,0.6408694127796594,-0.0007319197411511873
888,0.0,3087.9427699644543,0.0005984379198039019,0.0017020854933703254,0.6516822373017023,-0.0009497578709416439,0.6441132601362722,-0.0007972711800883242
889,0.0,3091.7183700231085,0.1767310301670269,0.007479264765012012,-0.00663125240301743,-0.007070197425993856,0.4488899063744853,-0.0026791490538599838
890,0.0,3093.5963589989547,0.0,0.003145111006647111,0.6278043195253122,-0.0029703550098425418,0.5025642303197333,-0.002766510840654751
891,0.0,3096.197731454509,0.0,0.003998314215544336,0.6608218492375678,-0.0025134743996063575,0.5500415159950836,-0.0026905999083402326
892,0.0,3101.243198235866,0.09402528306224044,0.007517498672631514,0.07161255050089173,-0.007517498672631514,0.40651282634682595,-0.004138669537627617
893,0.0,3100.561925733006,0.0,0.0016152505860800388,0.6725610806797222,0.00439447051621379,0.4863273026466948,-0.0015787275214751949
894,0.0,3104.3766820781893,0.03766686713998851,0.0037165393362177824,0.40037327044723564,-0.003570514637374032,0.4605410929868571,-0.002176263656244846
895,0.0,3103.8141302725144,0.026405692945751465,0.00023595032154802295,0.39023651205832244,0.002907168415702567,0.43944971870829663,-0.000651234034660622
896,0.0,3106.1420430678663,0.0,0.002874005933070163,0.6875367750630473,-0.0025557422636172415,0.5138758356147218,-0.0012225865033476079
897,0.0,3106.4316472996734,0.0,0.002077416789199229,0.7456585670327316,0.00012596774081218782,0.5834106550401247,-0.0008180202300996691
898,0.0,3106.3072629316707,0.025957993639831787,0.0023933331764105195,0.3651584964961823,0.001566745883914,0.517935007476942,-0.0001025903958955684
899,0.0,3109.835114577053,0.027569703984225497,0.00729590712381894,0.3969646669969617,-0.00649331192169711,0.4816439053329479,-0.0020198068536360306
900,0.0,3111.79552521916,0.0,0.004105900807238457,0.7256070496163148,-0.003893165223095983,0.5548328486179579,-0.002581814364474016
901,0.0,3112.8344611231255,0.0,0.0027478454602571033,0.5195847449117147,4.709127112909878e-05,0.544258417506085,-0.0017931426737930816
902,0.0,3113.5379362838835,0.00024143279887690024,0.0011765123273931597,0.5819056634707838,0.0012985309894887266,0.5555525912954946,-0.0008656405748085392
903,0.0,3113.725639804651,0.010960336162003996,0.0013269713157926537,0.47615917052702944,0.0015128763075520108,0.531734565064955,-0.00015208551010037415
904,0.0,3114.724454364902,0.10007207198357243,0.0022184397122076687,0.12500317988393694,-0.0011728178388430508,0.4097151495106496,-0.0004583052087231771
905,0.0,3117.8334495880654,0.025961935357650748,0.0063356239928900075,0.4823180428901118,-0.006299554924872046,0.4314960175244882,-0.002210680123567838
906,0.0,3119.021363345971,0.08287700586417907,0.0027796633265974083,0.2412149918734697,-0.0019053073980680496,0.3744117098291826,-0.0021190683059179012
907,0.0,3123.5731885575287,0.12424509270774485,0.0070918828826150426,0.1996932718034166,-0.0070918828826150426,0.3219961784214528,-0.003610912678927044
908,0.0,3125.822834180048,0.009375093259658311,0.003082321163456613,0.5770196703934585,-0.002328944199962222,0.39850322601305443,-0.0032263221352375974
909,0.0,3127.0259395838916,0.0,0.0008250720772358788,0.4507568778121721,0.001389327871509606,0.4141793215527897,-0.0018416271332134361
910,0.0,3130.8694029051335,0.028179793860238365,0.005052766794581717,0.6073633410616676,-0.00456972856449699,0.47213452740545303,-0.002660057562598502
911,0.0,3133.6255814717833,0.05714672537771095,0.00386637070628094,0.4832841684469222,-0.0037128413516484466,0.47547941971789376,-0.0029758926993134855
912,0.0,3132.9390379564397,0.0,0.0001735280519306646,0.7392290722871006,0.004325187813810369,0.5546043154886557,-0.0007855685453763291
913,0.0,3138.027686329889,3.867622823394803e-05,0.007682368796666349,0.6266924129028808,-0.00746873052684361,0.5762307447129232,-0.002790517139816513
914,0.0,3138.98917883025,0.004431628882407051,0.0018036711665296787,0.50452462269389,-0.0010685372601585337,0.5547189081072132,-0.0022739231759191193
915,0.0,3138.4331796166884,0.0,0.00033985604727043895,0.8362432286373889,0.004159867181225018,0.6391762042662659,-0.000343786068775878
916,0.0,3142.709986622157,0.0,0.006568725878592273,0.8646247211625829,-0.0065270202002782425,0.7068107593351609,-0.002198756308226587
917,0.0,3145.3791226141243,6.674601285958583e-05,0.00513024703336563,0.6097389364852578,-0.0051109746487802915,0.67768921248019,-0.0030724218103926984
918,0.0,3149.950601523581,0.06165989058545194,0.007105525664865893,0.39680663041626896,-0.007105525664865893,0.5934244378610136,-0.004282352966734656
919,0.0,3153.331975095207,0.0,0.003922402543907065,0.7661699729171885,-0.003665657514780239,0.645248098377866,-0.004097344331148331
920,0.0,3159.3389736447334,0.0,0.00788369384971331,0.8687270023394744,-0.007883073290700385,0.7122917695663484,-0.005233063019013946
921,0.0,3159.013136184687,0.06363433792380134,0.00031152592925115546,0.37264642264991066,0.0051649393458344335,0.6103981654914171,-0.0021136623095594324
922,0.0,3163.435610254645,0.14448515508103787,0.004764371509741179,0.2749392832505349,-0.003674311071373228,0.5097605008191525,-0.002581856938103571
923,0.0,3164.435972070281,0.011965674835884418,0.0009668863843347147,0.36097165687739846,0.0002252218289697741,0.4651238476366263,-0.0017397333079815672
924,0.0,3168.679646331584,0.016843349484744592,0.006085660345419671,0.4041300751135076,-0.0060790648460241565,0.44682571587969067,-0.003041532769394344
925,0.0,3169.975188835177,0.01448466264856144,0.0019772386968718086,0.6733359859898621,-0.0007600941546131804,0.5147787969127421,-0.0023571011849599943
926,0.0,3170.4609368941187,0.00013719397143200458,0.001174136777807394,0.5425976931262863,0.0022545007280307503,0.5231244657768053,-0.0009736206110627707
927,0.0,3175.279954569733,0.032655014870968696,0.00757606562193196,0.48740671509911376,-0.00754373889773582,0.5124091405734978,-0.002944656097064685
928,0.0,3172.9101535115583,0.0,0.001361542261383858,0.8478086901163536,0.006073967678431538,0.6130290054363545,-0.0002390689644158181
929,0.0,3176.012235282075,0.0,0.0035993289805402126,0.6413014777407888,-0.0033853590472826024,0.6215107471276848,-0.0011829559892758534
930,0.0,3182.6100594481136,0.179296703906984,0.013447147008427867,0.19411434032943317,-0.013447147008427867,0.49329182508820935,-0.0048622132950214576
931,0.0,3180.358427375626,0.0,0.0010019071244913396,0.8525752822407692,0.006125738193803587,0.6010768622339773,-0.001565827848373944
932,0.0,3183.0824228022966,0.005614990006867296,0.0018543681992277258,0.5636309287948041,-0.0005449421295675527,0.5898430822022253,-0.0012595621327320266
933,0.0,3182.559838339226,0.028502999764724715,0.0003585539130251843,0.4067369255348394,0.0027722700623165914,0.5349112352020094,-5.0012474217441135e-05
934,0.0,3185.2424234494324,0.0698235845103569,0.005599142548045392,0.3443272314284656,-0.004274591238241944,0.4777360340699463,-0.0013173861034247918
935,0.0,3183.971927056716,0.004209998497189186,0.0019046787849951534,0.4708662196465918,0.0027538548997779514,0.4756750897429399,-9.60138024639688e-05
936,0.0,3187.4720456967,0.003782211662069194,0.0066060328588700016,0.4152331790359399,-0.005915636067129844,0.4575425165308399,-0.0018419004818637315
937,0.0,3185.181592060877,0.0,0.0003759614067648745,0.7675692285202529,0.004948538638943002,0.5505505301276638,0.00019523125437828875
938,0.0,3187.372306223939,0.002098645849303127,0.003000859441622201,0.7374540046789495,-0.0026534761400369505,0.6066215724930495,-0.000659380963946283
939,0.0,3191.6689629446123,0.08190474132542412,0.009265690456511292,0.4093199066088022,-0.009127259851215305,0.5474310727277752,-0.0031997446301269892
940,0.0,3196.0905748126684,0.006523315516706328,0.008406225521639641,0.4763779669680787,-0.008391513528084224,0.5261151409998662,-0.004757275299514159
941,0.0,3199.393490072921,0.0003959388448399873,0.004261953565689423,0.7211398904930985,-0.003349786331663634,0.5846225658478359,-0.004335028609159001
942,0.0,3201.5858798840122,0.0,0.0015439263140072054,0.7027309786686452,0.0005686425226026173,0.6200550896940786,-0.0028639272696305155
943,0.0,3207.7347506494734,0.00013899860347129137,0.008727125849313259,0.7148052953239011,-0.008175162323937115,0.6484801513830254,-0.0044572977859224944
944,0.0,3209.055271148128,0.0,0.0015771192093643163,0.6824618268060009,0.00041789394141580086,0.658674654009918,-0.002994740267721006
945,0.0,3216.7509048383686,0.08999963858900878,0.011264770816510075,0.38468718965163334,-0.011264770816510075,0.5764784147024326,-0.005475749432357726
946,0.0,3215.8283447381714,0.0,0.00027686666973589886,0.8378100886191368,0.005269677547301678,0.6548779168774438,-0.002252121338459905
947,0.0,3222.0050198691556,0.0012264441550949945,0.007070329141741518,0.49776828413622326,-0.007070329141741518,0.6077450270550776,-0.0036975836794443887
948,0.0,3221.114321849656,0.0,0.0007289991494003988,0.8153973470398858,0.004355646588163051,0.67004072305052,-0.0012816145991621567
949,0.0,3225.331045242875,0.009469566813933314,0.005370290900747598,0.439808717025334,-0.004879790128152838,0.6009711212429641,-0.002361067257859361
950,0.0,3228.164387650705,0.0,0.004873637540614688,0.6480596242059558,-0.004469403673107596,0.6150976721318616,-0.0029935681824338313
951,0.0,3231.48449397894,0.017703903200464045,0.004983896439577283,0.6472038187873381,-0.004332711115951253,0.6247295161285046,-0.0033953110624890576
952,0.0,3232.257767817922,0.0,0.0015685764485143404,0.8865860175322857,0.001648784319759812,0.7032864665496389,-0.0018820824478143967
953,0.0,3238.0805227487367,0.0,0.008515536980446249,0.5950522591899593,-0.008515536980446249,0.670816204341735,-0.0038721188076039524
954,0.0,3241.267254342501,0.021783247654497538,0.0049605768500254905,0.6072108916710243,-0.004517183320219792,0.6517346105405217,-0.004065638161388704
955,0.0,3247.383427579119,0.07695213137680318,0.008749797460676893,0.19501593013180146,-0.00853916889497524,0.5147190064179057,-0.005407697381464665
956,0.0,3254.5359480478596,0.3350741715332643,0.01045350289315779,-0.17692181893548803,-0.010440723834202116,0.30722675881188755,-0.0069176053172859
957,0.0,3262.7400476224366,0.11151657087957295,0.011170622453123528,0.42392745373290447,-0.011170622453123528,0.34223696728819264,-0.008193510458037187
958,0.0,3274.126202141691,0.1799615336119447,0.016173920107188128,0.18805341234052908,-0.016173920107188128,0.2959819008038935,-0.010587633352782469
959,0.0,3284.6811701234064,0.22856875080311703,0.013013458511752075,0.21399931272040307,-0.013013458511752075,0.2713871243788464,-0.01131538090047335
960,0.0,3291.6239259810345,0.0,0.0030452027174281563,0.6484669213499032,-0.0029638157567239477,0.3845110634701634,-0.00880991135734853
961,0.0,3307.9985905474614,0.09530433396706013,0.021959949768840824,0.09702535459644918,-0.021959949768840824,0.29826535080804906,-0.012754922880796217
962,0.0,3316.4339949502987,0.016553033591690525,0.00799780011390422,0.3358938203888222,-0.00786531305530618,0.309553891682281,-0.011288039933149207
963,0.0,3327.4620081556936,0.08205132233353875,0.009218314513195344,0.3740980451935774,-0.009218314513195344,0.3289171377356699,-0.010667122307163046
964,0.0,3339.6245002703326,0.03065992292578296,0.013135686879003166,0.30788951051006586,-0.013135686879003166,0.32260884956798863,-0.011407691678715082
965,0.0,3346.5422247381607,0.0,0.003058299367670807,0.6773541294509222,-0.002825019751400355,0.4290324335328687,-0.008832890100520664
966,0.0,3360.167853634079,0.37940160191316447,0.016135677613645885,0.013939087487658682,-0.016135677613645885,0.30450442971930564,-0.01102372635445823
967,0.0,3366.064422807443,0.0,0.0034167512155560066,0.6768651870788056,-0.0026242699916979506,0.4162126569271556,-0.008503889445630144
968,0.0,3373.9467439569557,0.0,0.004584125382022358,0.6142764661044567,-0.004584125382022358,0.47563179968034586,-0.007327960226547808
969,0.0,3384.072624643129,0.07652497693407768,0.011932034914223035,0.1012894340946435,-0.011932034914223035,0.36332909000463515,-0.008709182632850376
970,0.0,3396.8615060705215,0.32080387649836756,0.018647328461377816,0.09715049996380394,-0.018647328461377816,0.28347551299238577,-0.011690626381408607
971,0.0,3404.5323016845273,0.003221566530589979,0.006427176225783013,0.5904617240526243,-0.006421649520734533,0.37557137631045734,-0.010109933323206383
972,0.0,3418.7096989787906,0.4334332190898922,0.016937261327281208,0.03785081267186795,-0.016937261327281208,0.2742552072188805,-0.012158131724428829
973,0.0,3428.149177305587,0.01795958344355311,0.008627810480633684,0.1951796788695387,-0.008627810480633684,0.25053254871407793,-0.011099035351290285
974,0.0,3435.2379225026157,0.0,0.0029711496245258193,0.9302612199928453,-0.0016410388078927248,0.4544511500977081,-0.008261636388271015
975,0.0,3444.4463097503794,0.17914520971525175,0.007302096262796619,0.2511160102775941,-0.00727841009240293,0.3934506081516739,-0.007966668499510589
976,0.0,3451.0381126831057,0.013088222100102645,0.005903633984200367,0.4416996601654216,-0.004795107017917453,0.40792532375579815,-0.007015200055032648
977,0.0,3462.436575377277,0.2500995584212771,0.015155884256908475,0.12683200627198038,-0.015155884256908475,0.3235973285106528,-0.009457405315595396
978,0.0,3470.4155945756575,0.012083141882397097,0.00892139805114951,0.5740775164293296,-0.00892139805114951,0.3987413848862558,-0.00929660313626163
979,0.0,3476.9554983456346,0.00789282462351008,0.00406143527475333,0.25228955128640734,-0.0033859771863635267,0.35480583480630123,-0.007523415351292199
980,0.0,3485.683232354018,0.06179337228258031,0.008185341944222413,0.015353671673262938,-0.008185341944222413,0.25297018586638975,-0.007721993329171263
981,0.0,3492.0429292067706,0.03556222087178682,0.00544128969788962,0.6014125800419959,-0.0050907277302571574,0.3575029041190716,-0.006932613649497031
982,0.0,3500.5614108000036,0.02254647307982419,0.009414234699286332,0.34819044188794607,-0.009414234699286332,0.35470916544973397,-0.007677099964433821
983,0.0,3506.038233187678,0.022296735197922,0.003909942030381688,0.4705955597048341,-0.0038686949242440114,0.389475083726264,-0.006534578452376877
984,0.0,3515.2132054549943,0.04028320632010158,0.010845272325107737,0.5417295746073766,-0.010845272325107737,0.4351514309905977,-0.007827786614196135
985,0.0,3518.601098286768,0.0,0.0017276189821284766,0.7107741715220807,7.490026395625815e-05,0.5178382531500426,-0.005456980550750416
986,0.0,3523.72636291595,0.00012809561823393342,0.003881346076252481,0.6821802483727429,-0.002296316064727476,0.5671408517168527,-0.004508781204943533
987,0.0,3527.668988506424,0.0,0.0025453409270621476,0.668952069854217,-0.002341582689583874,0.5976842171580619,-0.0038586216503356356
988,0.0,3535.5900230958173,0.012168191996163966,0.011644732403989349,0.23993266907375127,-0.011644732403989349,0.4903587527327687,-0.006194454876431749
989,0.0,3539.2897811594526,0.07380113560422857,0.003846909409998883,0.49346344991978114,-0.003430329460289774,0.4912901618888724,-0.005365217251589156
990,0.0,3543.081947991746,0.0,0.0017999895494001605,0.7491543318320935,-0.0012242396855112298,0.5686494128718387,-0.004122923981765778
991,0.0,3548.938658642311,0.0002751198600894415,0.006440924052365468,0.5160210258359884,-0.006440924052365468,0.5528608967610835,-0.004818324002945684
992,0.0,3553.193312551276,0.07809175290985693,0.004371962777630589,0.14411623836426538,-0.004368386329214513,0.4302374992420381,-0.004683342700826333
993,0.0,3560.8300248923388,0.0,0.010695590594944304,0.571495040229217,-0.010695590594944304,0.47261476153819176,-0.0064870170690617245
994,0.0,3563.1966301358143,0.0,0.0023058824679548116,0.8769315646932573,0.00021834676733152792,0.5939098024847114,-0.004475407918143748
995,0.0,3572.4554949926573,0.21617938011773602,0.012345517008226782,0.1074225292759328,-0.012345517008226782,0.4479636205220777,-0.006836440645168658
996,0.0,3576.910443251615,0.0,0.004352985270401813,0.856420158808801,-0.004334407264547332,0.5705005820080946,-0.00608583063098226
997,0.0,3582.656634824787,0.08373361396327607,0.004699599180236766,0.3269874781779226,-0.004596363829099934,0.49744665085904294,-0.005638990590417561
998,0.0,3584.2681851431475,0.0,0.000307188140619561,0.6783714334740172,0.0032169683519562287,0.5517240856435351,-0.0029822029077054245
999,0.0,3591.661568018745,0.11312590964818126,0.009509088637804657,0.14968008727459559,-0.009404674004655746,0.43111088613285325,-0.0049089442367905205
1000,0.0,3597.833565915456,0.032480815947264194,0.009550099243020433,0.39936671444849026,-0.009547328246088376,0.42158763462754434,-0.006300459439579877
1001,0.0,3600.2940332711946,0.0,0.002659149767922212,0.6959624823925189,0.0002500290655163565,0.5039000889570366,-0.004335312888051007
1002,0.0,3607.7977070873835,0.07762806155341537,0.00902518372263276,0.3948318908111395,-0.008889037163829466,0.47117962951326753,-0.005701430170784545
1003,0.0,3613.332540415537,0.0,0.0075286536665395394,0.5185903376225053,-0.006777392251483884,0.4854028419460389,-0.006024218794994346
1004,0.0,3618.332615364791,0.02152528232459558,0.004512270356397699,0.40513519906538636,-0.004226823933254005,0.4613225490818431,-0.005485000336472243
1005,0.0,3623.0319825336524,0.15884447142667776,0.004916968000526872,0.15655287561320846,-0.0032865786763211576,0.36989164704125266,-0.004825473838426917
1006,0.0,3625.761747164709,0.0,0.0020297826226913693,0.9384657823466289,0.00022759377905736354,0.5404638876328656,-0.0033095535531816327
1007,0.0,3630.11509365323,0.0013040290419116614,0.0048417607791194535,0.5882248363171605,-0.003905038538007299,0.554792172238154,-0.0034881990486293323
1008,0.0,3632.601799027398,0.0052215437774663365,0.002225783275064408,0.615961857482841,-0.0015878429512605598,0.57314307781156,-0.0029180922194187
1009,0.0,3635.5442577526264,0.005485075490098921,0.004499533444261108,0.35704800346287924,-0.002374994492761152,0.5083145555069557,-0.002755162901421435
1010,0.0,3638.2566599973798,0.013719693239497729,0.0028068431655249547,0.463360051897741,-0.002496360160448721,0.4948282044241913,-0.0026775220791296207
1011,0.0,3641.1693793616546,0.006981405135188086,0.003961740600307794,0.31868551086730446,-0.0030866405666279215,0.4419853963571252,-0.002800257625379111
1012,0.0,3642.7483187352414,0.0,0.0018237797491214337,0.8523178776319089,-0.000383694128155653,0.5650851407395603,-0.0020752885762120735
1013,0.0,3643.4637356807525,0.02159941060141067,0.0012363875042445192,0.6119392549350171,0.001512953413964436,0.5791413749981973,-0.0009988159791591207
1014,0.0,3650.2578556441376,0.160735344769789,0.01195104032436622,0.2859349999306228,-0.01195104032436622,0.49117946247792493,-0.0042844832827212504
1015,0.0,3655.940018558397,0.26113477665441914,0.010660061223679589,0.1232423681400306,-0.01061888595630276,0.3807983341765566,-0.006184804084795703
1016,0.0,3661.715226511984,0.0,0.007316123890260304,0.6783239929228019,-0.007310979646938444,0.47005603180043015,-0.006522656753438525
1017,0.0,3668.2729614240498,0.07276038125383827,0.00766461478563936,0.479290991382265,-0.006947666113748225,0.47282651967498057,-0.006650159561531435
1018,0.0,3674.2659921470836,0.002098645849303127,0.0055503196869699095,0.6064371551347341,-0.005413956573091288,0.5129097103129066,-0.006279298664999391
1019,0.0,3675.604979964701,0.0,0.0009261771209250791,0.6213537505878021,0.0043993290342664235,0.5454429223953752,-0.0030757103552196464
1020,0.0,3681.6817390985693,0.06428759943937207,0.006082019277413567,0.1656653796927903,-0.005990824154717419,0.43150965958459964,-0.0039502444950689775
1021,0.0,3683.139038514809,0.0,0.0014212569870442687,0.7046357552638178,0.0003324180234831186,0.5134474882883651,-0.0026654457395033485
1022,0.0,3682.1239962729214,0.0,0.0007669619490674131,0.7195530665656942,0.0063405695921093025,0.5752791617715638,3.635885998044667e-05
1023,0.0,3688.2805868293863,0.07641812463725046,0.010062744792476376,0.48339975997882606,-0.010051239299818916,0.5477153412337424,-0.002989920587959362
1024,0.0,3688.189677647276,0.0,0.0012928656614479394,0.8962267979898112,0.00027610034141564016,0.6522687782605631,-0.0020101143091468612
1025,0.0,3691.058607302349,0.08983497987628054,0.0032842670710865928,0.0915550471582312,-0.0027786814060650486,0.4840546589298635,-0.0022406844382223175
1026,0.0,3695.661573068291,0.003322252823508403,0.007439902297599498,0.2652650221083655,-0.007402281088757765,0.4184177678834141,-0.003789163433382952
1027,0.0,3697.2277454203154,0.002459465572982611,0.0027906472066137685,0.5492968245454916,-0.0007709309671787364,0.4576814848820373,-0.002883693693521687
1028,0.0,3700.0142867101135,0.004842569879360137,0.003573464836411548,0.42169650931383945,-0.0017380952067413227,0.4468859922115779,-0.0025400141474875774
1029,0.0,3701.443918235761,3.867622823394803e-05,0.0013651025519907138,0.5750904157443774,0.00013128250846405705,0.4853473192714177,-0.001738625150702087
1030,0.0,3704.435383548094,0.0,0.004095847686460466,0.4777233849155527,-0.0035139286157813672,0.48306013896465816,-0.002271216190225871
1031,0.0,3706.8951832497487,0.0,0.0042433483523576995,0.8728292835163665,-0.0032188808385405394,0.5999908823301706,-0.0025555155847202713
1032,0.0,3704.423284217988,0.0,0.0012566209883460241,0.835304345349745,0.007622119663682986,0.6705849212360429,0.0004977749898007061
1033,0.0,3704.751483364093,0.11008434899846248,0.0014379853500908475,0.26274493451790365,0.0019575065551228348,0.5482329252206011,0.0009356944593973448
1034,0.0,3709.4285992497425,0.10980296786496427,0.010301494311954254,0.2985566090277554,-0.010301494311954254,0.47333003036274734,-0.0024354621720081345
1035,0.0,3709.781820021742,0.0003062230921292958,0.00262758218880287,0.5220969407565547,-0.0016090807463696676,0.4879601034808895,-0.0021875477443165942
1036,0.0,3714.691915785999,0.0001015005359014395,0.0076012785903461005,0.577853129296212,-0.0076012785903461005,0.5149280112254863,-0.003811666998125446
1037,0.0,3718.4603234985875,0.002098645849303127,0.006277381820863156,0.5836892981714082,-0.0054133343759755455,0.5355563973092629,-0.004292167211480476
1038,0.0,3714.3301659639314,0.0,2.7130950358174622e-05,0.723162748131965,0.012753821620725693,0.5918383025560735,0.0008216294381813748
1039,0.0,3720.167935568804,0.012195090760989033,0.007842799454136065,0.4544224713403771,-0.0077252470581158925,0.5506135531913645,-0.0017424335107078055
1040,0.0,3719.6899987943148,0.0,0.0032975871555628333,0.6554083811411208,0.00021243901169207477,0.5820520015762913,-0.0011559717539878413
1041,0.0,3721.5049843714623,0.004122805331043067,0.0024826964379789183,0.4568596988305654,-0.0019180195556541641,0.5444943107525735,-0.001384586094487738
1042,0.0,3723.9112715084852,0.0,0.003943481449033,0.6964311929100344,-0.003751269871123452,0.5900753753998118,-0.002094591227478452
1043,0.0,3724.2373185213414,0.0038285232641035267,0.001614682077670209,0.43280640794766384,0.0008502872061183699,0.5428946851641674,-0.0012111276973994054
1044,0.0,3725.598583999026,0.004209998497189186,0.0025627541273019103,0.45622188361758154,-0.0006036402291594268,0.5168928447001916,-0.0010288814569274116
1045,0.0,3725.718153210551,0.0,0.0011405793679548047,0.8480567201051664,0.0010553588881518146,0.616242007321684,-0.0004036093534036438
1046,0.0,3729.1389384783597,0.04577526905792299,0.0066884397946198795,0.3045235400354668,-0.006038067400577126,0.5227264671358188,-0.0020939467675556885
1047,0.0,3731.6047273524914,0.024345019494169114,0.0050548389226040815,0.5155753510361165,-0.004629385962664213,0.5205811323059081,-0.002854578526088246
1048,0.0,3730.23897270946,0.0,0.0011024833498472183,0.8744428405517233,0.00514545749444009,0.6267396447796526,-0.00045456771992974485
1049,0.0,3729.269512467312,0.0,0.00029050857529083974,0.71545302459128,0.005012168457479785,0.6533536587231408,0.001185453133293114
1050,0.0,3730.061490430983,0.0013040290419116614,0.004421941743668793,0.7210448799713837,-0.001225839929942044,0.6736610250976136,0.0004620652143225665
1051,0.0,3730.782221069737,0.012292285905944726,0.003676106675365868,0.4483172426823619,-0.002755621895179745,0.606057890373038,-0.000503240918528127
1052,0.0,3732.7958189246656,0.0009745752572769129,0.005721445290366496,0.48144942764260173,-0.004655345091082602,0.5686753515539071,-0.0017488721702944693
1053,0.0,3735.5885739395994,0.1093378494352615,0.005981238948928049,0.3033264672713775,-0.005221160650549486,0.48907068626914824,-0.002790558714370974
1054,0.0,3737.860847593705,0.0,0.0029621575604143542,0.4467766944040102,-0.002795888322231452,0.47638248870960676,-0.0027921575967291175
1055,0.0,3740.0742151990607,0.006044082129036703,0.0029103869561091255,0.2773147094797623,-0.0015880106171572452,0.4166621549406534,-0.0024309135028575558
1056,0.0,3748.4619222354177,0.1909928959291818,0.01446460409986504,-0.027899680510869357,-0.01446460409986504,0.2832936043051965,-0.006041020681959801
1057,0.0,3750.3715564658414,0.058697562036102546,0.002082808521560702,0.3107778456954858,-0.001194493886158506,0.2915388767222833,-0.004587062643219412
1058,0.0,3756.602368033408,0.086800795839032,0.006732183961650252,0.3912348899825631,-0.0064969999452548135,0.3214476807003672,-0.005160043833830032
1059,0.0,3756.9661220944454,0.009385938247743246,0.0002713863604361939,0.27465017635050304,0.004235371119268277,0.30740842939540797,-0.0023414193479005395
1060,0.0,3762.284681157451,0.012592459038477099,0.005620195123181076,0.5981678936083914,-0.0056077265815244765,0.394636268659303,-0.003321311517987721
1061,0.0,3764.082826926063,0.0,0.002048549323221181,0.7360020441119283,-0.0011687705506298533,0.4970460012950906,-0.0026755492277803603
1062,0.0,3768.731669627855,0.04573019127149057,0.006115982565527916,0.3214854347250968,-0.006113908246338146,0.4443778313240924,-0.0037070569333476962
1063,0.0,3772.559797723065,0.2009858256336649,0.005721796750379831,0.1364064403940207,-0.005033775713860979,0.3519864140450709,-0.004105072567501681
1064,0.0,3770.041254324026,0.0016789762830520377,0.00047864926143300344,0.6730414321938999,0.009279527743881171,0.44830291948971956,-8.969247408682508e-05
1065,0.0,3771.5703744708444,0.0,0.0016758517640009746,0.9179543764621706,0.0010941874716974278,0.5891983565814549,0.0002654715096484508
1066,0.0,3771.7570906649535,0.0,0.0014061507632282652,0.7702603006530042,-0.0003066237234557122,0.6435169398029197,9.384293971720191e-05
1067,0.0,3772.1332635472177,0.0,0.0020590008876340076,0.7443984899513136,-0.001064136449755366,0.6737814048474378,-0.00025355087712456846
1068,0.0,3777.0719582817346,0.11989017089242991,0.010376135805901498,0.309998452176666,-0.010376135805901498,0.5646465190462062,-0.003290326355757647
1069,0.0,3776.9961250356955,0.0,0.0032531215483436065,0.65396104079389,0.0005591983577422639,0.5914408755705113,-0.002135468941707674
1070,0.0,3778.2872006492253,0.0,0.0037570960788614704,0.5742734962723908,0.0008266602982990674,0.586290661781075,-0.0012468301697056514
1071,0.0,3782.66196414556,0.020093782028257144,0.006964588797647618,0.548546490451965,-0.006837692546014408,0.574967410382342,-0.0029240888825982784
1072,0.0,3787.969911912132,0.02586957763146495,0.009637606050138948,0.3406094205759745,-0.009637606050138948,0.5046600134404318,-0.004938144032860479
1073,0.0,3792.2077879700037,0.003006566313512954,0.006135910814693179,0.38055613416720413,-0.005577226533157417,0.46742884965846343,-0.00512986878294956
1074,0.0,3789.703168711488,0.0,0.0002618053312229599,0.7286065397480732,0.010575601355427634,0.5457821566853464,-0.0004182277414364016
1075,0.0,3787.8405671402256,0.0,0.0003560535204762898,0.5545699741820466,0.009241459411594736,0.5484185019343564,0.00247967840447294
1076,0.0,3787.0411121543557,0.00026730066581259277,0.0015936049317241724,0.7497608482096239,0.001997865184372879,0.6088212058169366,0.0023351344384429213
1077,0.0,3790.5694840953265,0.06777809876966556,0.010031070483283699,0.34188486494704035,-0.010031070483283699,0.5287403035559677,-0.0013747270380750647
1078,0.0,3793.505627332472,0.01674747140052431,0.008496108919358867,0.6174520006720658,-0.00849211649084486,0.5553538126907971,-0.0035099438739060033
1079,0.0,3795.3706073135536,0.0,0.003590882156994643,0.9024819944071447,-0.0023071199678448614,0.6594922672057013,-0.0031490967020876607
1080,0.0,3796.7766867303426,0.0,0.0010871960671809554,0.8769315646932573,0.0008580717795950135,0.724724056451968,-0.0019469461575828582
1081,0.0,3799.893576855999,0.004842569879360137,0.004709990494357934,0.6905980882524231,-0.003132089273876595,0.7144862659921045,-0.0023024890924709792
1082,0.0,3799.9991030159244,0.2295332203400659,0.003257892391788254,-0.05631911276438294,0.0019041597931565598,0.48324465236515823,-0.0010404944267827176
1083,0.0,3803.0516207566698,0.03393597272369443,0.005413631576999665,0.42571425176362365,-0.003917631887445597,0.46598553218469785,-0.0019036356649815814
1084,0.0,3801.394204427716,0.0,0.00035419767642869214,0.7584245653274204,0.0046161171992604765,0.5537172421275146,5.2290194291035926e-05
1085,0.0,3800.094939578738,0.0,0.00029607431439120763,0.613067093151779,0.004687576828297699,0.5715221974347939,0.0014428761844930348
1086,0.0,3799.4540929558975,0.0,0.001651657408620678,0.5886683423594197,0.0012205083375103026,0.5766660409121817,0.001376165830398215
1087,0.0,3800.4366883811404,0.0,0.0037706463533063775,0.6617860417630145,-0.003607410071035449,0.6022020411674315,-0.00011890694003188426
1088,0.0,3798.299629144275,0.0,0.00020218108568649708,0.6519826115046068,0.0030236551259716486,0.6171362122685841,0.0008238616797691756
1089,0.0,3795.399683088966,0.0,0.00047673834577009505,0.7784768164478628,0.006131088107770115,0.6655383935223677,0.002416029608169457
1090,0.0,3794.9922689281175,3.867622823394803e-05,0.0017527338615308753,0.6800220682024692,-0.00011007764833229246,0.6698834959263981,0.0016581974312189322
1091,0.0,3794.789851797195,0.0,0.0028339360009246896,0.7324141363583767,-0.0021640867120549818,0.6886426880559916,0.0005115121882367581
1092,0.0,3792.8590139424005,0.0,0.001150814942812541,0.8134479209076472,0.0022739768654593726,0.7260842579114882,0.0010402515914035423
1093,0.0,3793.916008237067,0.0004066935279923475,0.004187239468650854,0.480742502168327,-0.002778240459611356,0.6524817311885398,-0.00010529602390092719
1094,0.0,3792.9728399904125,0.011065016993728234,0.001304508072693056,0.31805721003967863,0.0008857257738143312,0.5521543748438814,0.00019201051541365032
1095,0.0,3791.9819809276055,0.0009745752572769129,0.0013706911508753077,0.7046357552638178,0.002165972634269024,0.5978987889698623,0.0007841991510702624
1096,0.0,3791.818101356403,0.0,0.003803251049057709,0.6780327490769114,0.00010872985515450222,0.621938977001977,0.0005815583622955343
1097,0.0,3790.8069211514444,0.0029147853571250314,0.001513942920526081,0.5104883657894878,0.0012655197128691644,0.5885037936382301,0.0007867467674676234
1098,0.0,3792.0659803353215,0.0,0.004900876898451594,0.6347183077278122,-0.003261611042445636,0.6023681478651047,-0.0004277605755063545
1099,0.0,3792.6323003802454,0.0001919322064126497,0.0032140649682517036,0.46008948662543314,-0.0019815379523910204,0.5596845494932032,-0.0008938937885717542
1100,0.0,3795.42858260682,0.010373993495368241,0.005405271964788975,0.48407081304917415,-0.005342758464686411,0.5370004285599945,-0.002228553191406151
1101,0.0,3797.26903351756,0.0,0.004094349978818791,0.7333517235020578,-0.002810276984637817,0.5959058170426135,-0.002403070329375651
1102,0.0,3797.7258017057666,0.0,0.0014936999292168957,0.760766450573284,0.0014699371126752538,0.6453640071018146,-0.0012411680967603796
1103,0.0,3798.6209117804406,0.017244446712545304,0.0028789137570277967,0.3034599781952414,0.0006901009415597376,0.5427927984298426,-0.0006617873852643444
1104,0.0,3801.130136817302,0.0,0.004066694468197382,0.4187345931347616,-0.003907094251617277,0.5055753368413183,-0.0016353794451702242
1105,0.0,3801.7872419341047,0.0,0.003312604878984329,0.6001702466344592,-0.0006114663234725971,0.5339538097792605,-0.001328205508660936
1106,0.0,3807.131331174407,0.11975413858084068,0.009374657099050063,0.10425652264769006,-0.009374657099050063,0.4050446236397894,-0.003742140985777674
1107,0.0,3810.8342414674344,0.01028556533836197,0.006187705556833254,0.43170789277947724,-0.006174926497877579,0.41304360438169574,-0.004471976639407646
1108,0.0,3816.3437591507436,0.009213375577465446,0.0074023899833168,0.49309471273173294,-0.007393765953400581,0.4370589368867069,-0.005348513433605526
1109,0.0,3822.5128104277974,0.0,0.007971026434745137,0.6964311929100344,-0.007971026434745137,0.5148706136937051,-0.006135267333947409
1110,0.0,3825.349560847603,0.00030268479903651214,0.0029246213496237046,0.603776712357844,-8.289240900744876e-05,0.5415424432929468,-0.00431955485646542
1111,0.0,3830.456875139547,0.0017692850999079105,0.004254792841992968,0.45115935031039683,-0.004069353183002542,0.5144275153981818,-0.004244494354426556
1112,0.0,3832.90881766075,0.0,0.0022271540718656504,0.7094294830566991,-0.0004318233455878139,0.5729281056957369,-0.0031006930517749336
1113,0.0,3837.5992873145738,0.003618655286169327,0.00609825251840566,0.6677152246717951,-0.005221267949114533,0.6013642413885544,-0.0037368655209768136
1114,0.0,3839.1372665266954,0.006589514434545293,0.001681608253396753,0.4347600754615011,0.00018146796705226933,0.5513829916104384,-0.0025613654745680883
1115,0.0,3843.6091556221445,0.012292285905944726,0.0054773226505513105,0.6315374161422359,-0.005317143803060681,0.5754293189699776,-0.0033880989731158656
1116,0.0,3842.98605579359,0.0,3.5981649647364664e-05,0.7037524176395434,0.004107384469377893,0.6139262485708473,-0.0011394539403677378
1117,0.0,3846.1909391354066,0.0,0.004410839805830226,0.775757361512682,-0.0031000932842739216,0.6624755824533977,-0.0017276457435395928
1118,0.0,3851.9660990773,0.013799393929138771,0.010772666785080535,0.4670704242798984,-0.010772666785080535,0.6038540350013479,-0.004441152056001875
1119,0.0,3853.958705503959,0.016747269720136192,0.003589267711265813,0.3780314915437599,-0.002166584403686703,0.5361072719640715,-0.0037587817603073233
1120,0.0,3857.2418808812613,0.004310068407024102,0.0027646264619850583,0.4294190636745069,-0.0020571327376979263,0.504100809477202,-0.0032482870535245037
1121,0.0,3860.715175585901,0.02232452479430107,0.0044177236258835925,0.44954416038893347,-0.003185287673781503,0.4877338147507215,-0.003229387239601603
1122,0.0,3862.836042173767,0.06870174386429186,0.002712389906433951,0.20775437862302126,-0.0009002819089831192,0.4037399839124114,-0.0025306556404160576
1123,0.0,3865.722979169196,0.018888172496276875,0.00377191756493482,0.3764571407838315,-0.002545063047541477,0.3955551309738374,-0.0025349778625536833
1124,0.0,3867.066412037036,0.09133271403286293,0.0015385678145616035,0.347708036910377,-5.709477162740925e-05,0.3812010027547993,-0.001791612935275801
1125,0.0,3868.2883174514836,0.0,0.0016510636764355542,0.8216240087043184,0.0001696161990312264,0.5133279045396549,-0.0012032441949836926
1126,0.0,3866.0935948460215,0.0,0.0007939902475352247,0.8785207983080402,0.006488737410415501,0.6228857726701704,0.0011043502866360654
1127,0.0,3866.4828642176567,0.10437199474908859,0.0015843358703734203,0.13247478468495005,0.0003963869169241288,0.4757624762746043,0.0008919612757224844
1128,0.0,3866.4287091951105,0.0,0.003368230427041253,0.6377927059578803,-0.0010747069714296521,0.5243715451795871,0.00030196080157684336
1129,0.0,3867.4409807676043,0.0,0.003536691000680039,0.6224675411533295,-0.003050607138305367,0.5538003439717097,-0.0007038095803878197
1130,0.0,3867.4685470486293,0.0,0.0018316979930453807,0.5066440726217739,-0.0003426468545945882,0.539653462566729,-0.0005954607626498503
1131,0.0,3869.2564038812284,0.0,0.00411087532563811,0.7169425987944922,-0.002966755889900913,0.5928402034350579,-0.0013068493008251691
1132,0.0,3872.4132532264616,0.09144890449441063,0.005956399704432584,0.17594331211794229,-0.005902045787274388,0.4677711360399232,-0.0026854082467599348
1133,0.0,3873.9266939418244,0.0021792255763805712,0.0041424538754246554,0.6204871107860943,-0.001679808125030466,0.5135859284637745,-0.002383728210241094
1134,0.0,3877.5086254259527,0.008040871769996278,0.004980284845611446,0.3690072407651937,-0.0045657349927998355,0.4702123221542003,-0.003038330245008716
1135,0.0,3878.2827885728084,0.016721126893310928,0.003009319514671619,0.6489506315843692,0.0009968074232607853,0.5238338149832509,-0.0018277889445278655
1136,0.0,3880.829988016671,0.013305161129006987,0.004018868069152068,0.33593271272096314,-0.0020655802968067246,0.4674634843045645,-0.001899126350211523
1137,0.0,3879.74599333863,0.0,0.0008485027243032101,0.5670955739542489,0.004241399327727917,0.4973531111994698,-5.696864682969106e-05
1138,0.0,3880.629835955273,0.0,0.0012640393159991607,0.632052579916583,0.00013929152374722706,0.5377629518146038,1.909404343384375e-06
1139,0.0,3883.517397195478,0.004842569879360137,0.006187623701486178,0.38245063853525313,-0.005956489801826667,0.49116925783079857,-0.0017856103575076311
1140,0.0,3886.029515543446,0.07197525059759123,0.005664848478250838,0.36046147232888315,-0.005161168422894153,0.45195692218022393,-0.0027982777771235878
1141,0.0,3887.6944199420523,0.006228879111038447,0.003363222194631446,0.5304132448645308,-0.0014919451339790119,0.4754938189855159,-0.002406377984180215
1142,0.0,3891.5528623984833,0.1271815167397412,0.006146102512233032,0.18932486716245164,-0.005023283350387677,0.3896431334385966,-0.003191449594042454
1143,0.0,3893.486116190382,0.0,0.004074708112980733,0.7795214624372049,-0.0013879912665150597,0.506606632138179,-0.002650412095784235
1144,0.0,3896.136908406504,0.004842569879360137,0.003307175975096931,0.5679562499811259,-0.002087623285802676,0.5250115174910631,-0.0024815754527897672
1145,0.0,3898.19830826797,0.01718094803521745,0.0025246290123523535,0.33034263048197704,-0.0014303381344118308,0.46661085138833724,-0.002166204257276386
1146,0.0,3902.278055319836,0.0,0.005824240084010744,0.7676561648851038,-0.005824240084010744,0.5569244454373672,-0.0032636150052966933
1147,0.0,3904.6764839135844,0.0072208348994268,0.0028656183119534816,0.41144150250223455,-0.002604279510426501,0.5132795625568274,-0.0030658143568356357
1148,0.0,3909.05142925406,0.017234601196141137,0.006089447709147362,0.45868837639229254,-0.0055871282306053935,0.4969022067074669,-0.003822208518966563
1149,0.0,3913.1702934862838,0.02010542396662839,0.006348522055550646,0.6080753327242493,-0.005228151840471595,0.5302541445125016,-0.004243991515418073
1150,0.0,3916.8110614550947,0.010373993495368241,0.0051666913194391775,0.5725751744011128,-0.003426633081290715,0.542950453479085,-0.003998783985179865
1151,0.0,3919.867274923767,0.034609125753129716,0.0034927085630856946,0.3725279916819131,-0.0017796708984572016,0.4918237149399334,-0.0033330500591630657
1152,0.0,3921.996664325762,0.0,0.002157749118566601,0.7143062138722001,-0.00013195085046189766,0.5585684646196134,-0.0023727202965527147
1153,0.0,3923.819378408955,0.017486053207158916,0.0017200952951339622,0.3716814793233123,-0.0002265305160004537,0.502502369030723,-0.0017288633623870364
1154,0.0,3923.114839564125,0.0013679341176416936,0.0012628900125903775,0.34081539759686413,0.004011408875737746,0.4539962776005653,-6.781690949601545e-06
1155,0.0,3924.3717751072472,0.0,0.0021955854534331416,0.6913281545790552,-0.0008174338085625691,0.5251958406941123,-0.0002499773262334918
1156,0.0,3925.1790401490794,0.0002275021232850495,0.0025112826353245583,0.3424077331530081,-0.0016643221871510546,0.470359408431781,-0.0006742807845087606
1157,0.0,3929.537438213295,0.002147140536307369,0.008791507886267529,0.49471874346891814,-0.008791507886267529,0.47766720894292214,-0.003109448915036391
1158,0.0,3935.1917787561088,0.08817126037847216,0.01096419957823851,0.11636513514071224,-0.01094793994220646,0.36927658680225917,-0.005460996223187412
1159,0.0,3936.626531982566,0.023015767221242177,0.002012796224601941,0.41300809125071075,0.00047748157401024995,0.3823960381367946,-0.003679452884028113
1160,0.0,3941.033647264999,0.01236813967632369,0.003519765440165528,0.2665469563159307,-0.0033396419024138138,0.3476413135905354,-0.003577509589543823
1161,0.0,3943.877236150259,0.012292285905944726,0.00434256593863822,0.4357695598680855,-0.0019423171905305365,0.37407978747380044,-0.003086951869839837
1162,0.0,3952.067199729082,0.09738705626992485,0.013207228638863209,0.018441884266060603,-0.013207228638863209,0.26738841651147843,-0.006123034900546848
1163,0.0,3952.470574621016,0.04992069280572658,0.0017544512218347135,0.3869725106436766,0.0026303369604091494,0.3032636447511379,-0.0034970233422600486
1164,0.0,3958.34247482702,0.002098645849303127,0.005754098792180806,0.4757399304607688,-0.005709254768510834,0.3550065304640271,-0.004160692770135284
1165,0.0,3962.9322721629546,0.053088812851782304,0.00605772048026709,0.2946638288111437,-0.005745982936253701,0.33690371996816204,-0.004636279819970808
1166,0.0,3967.015314299305,0.025296254382395373,0.00434586689372963,0.5404385042944594,-0.00397910448934074,0.3979641552660512,-0.004439127220781788
1167,0.0,3968.1974762884315,0.0,0.0016146164573664083,0.860932903406661,0.002551584302655521,0.5368547797082341,-0.0023419137637505955
1168,0.0,3973.321848470219,0.07947663228034131,0.006135821552203222,0.1783896763158641,-0.005954104783586313,0.4293152486905231,-0.0034255710697013103
1169,0.0,3976.626570374842,0.0,0.004736302864148804,0.7206244584206397,-0.004302611669486238,0.5167080116095581,-0.0036886832496367886
1170,0.0,3977.687931510072,0.0,0.00040391201130421904,0.6113973044965487,0.0015108293012767841,0.5451147994756553,-0.0021288294843627167
1171,0.0,3980.770288957013,0.001597587180757706,0.003657882569153135,0.41585796723658247,-0.002490498400906605,0.5063377498039334,-0.0022373301593258833
1172,0.0,3986.7339169481884,0.028786133981715704,0.010736268904501035,0.3077929863977963,-0.010113472178767015,0.4467743207820923,-0.004600172765158223
1173,0.0,3986.191951109452,0.0,0.0010452569977105657,0.6720926405412321,0.0036513216118801662,0.5143698167098342,-0.002124724452046706
1174,0.0,3986.673127482598,0.2006286200622845,0.00013680395968147856,0.22963259993056132,0.0038779260384883647,0.4289486516760523,-0.0003239293048861848
1175,0.0,3988.2083032880355,0.0,0.003520217304181347,0.7497608482096239,-0.0009715312360755212,0.5251923106361237,-0.0005182098842429857
1176,0.0,3990.613122105732,0.007263380984322204,0.005046659829307466,0.4393313074185985,-0.00465102076576777,0.49943400967086615,-0.001758053148700421
1177,0.0,3991.8586247491485,0.0022624275681511615,0.0031776068526562606,0.39898212105229464,-0.001981742996502103,0.46929844308529467,-0.0018251601030409256
1178,0.0,3997.5390787827164,0.11392905924170435,0.009926925535743227,-0.040471967817304826,-0.009926925535743227,0.31636731981451477,-0.004255689732851616
1179,0.0,3995.6440849689743,0.0,0.0007308158627388516,0.6949176577672197,0.006026432624832611,0.4299324212003262,-0.001171053025546348
1180,0.0,3997.9084578770357,0.0,0.002930702346907402,0.6584462359498785,-0.00023563954400958008,0.4984865656251919,-0.0008904289810853176
1181,0.0,3997.308468628168,0.0,0.001393713946072357,0.5818090460192007,0.0025069257109628968,0.5234833097433945,0.0001287774265291468
1182,0.0,4002.6310163562894,0.054227214265848894,0.010166841316587176,0.2099631384136405,-0.01016647663772699,0.42942725834446827,-0.0029597987927476943
1183,0.0,4002.8006124999806,0.0,0.003214297787943112,0.6433031625787414,-0.00036414350229354187,0.4935900296147502,-0.0021811022056114483
1184,0.0,4001.9336087037045,0.07818547569378308,0.0009863927247937816,0.37569748748458154,0.004980260909920218,0.45822226697569957,-3.269327095194825e-05
1185,0.0,4003.006879217675,0.0,0.001611056694598884,0.5546167548441838,3.736344636412072e-05,0.4871406133362448,-1.1676255757127556e-05
1186,0.0,4006.2292734520656,0.0,0.00698684619211093,0.6896022615004138,-0.006678779320415918,0.5478791077854954,-0.002011807175154765
1187,0.0,4011.9456590143363,0.00026730066581259277,0.011813148522685358,0.5947974566796185,-0.011813148522685358,0.5619546124537322,-0.004952209579413942
1188,0.0,4016.9362912876886,0.03556222087178682,0.00820685488446025,0.42193187435632795,-0.00809517602955567,0.5199477910245109,-0.00589509951445646
1189,0.0,4020.557694336428,0.055107685507218424,0.002837183400343339,0.2817709338524782,-0.002140408893214846,0.4484947338729011,-0.0047686923280839755
1190,0.0,4024.1158978402004,0.0,0.0025604294135390493,0.3956469652340228,-0.0010734997916300366,0.4326404032812376,-0.003660134567147794
1191,0.0,4028.181769088035,0.0,0.005000866643588371,0.7172535890227592,-0.003350671650936748,0.518024359003694,-0.00356729569228448
1192,0.0,4032.7130160415195,0.0015050000562461857,0.005826238428805368,0.3549701451818773,-0.005478820325135994,0.469108094857149,-0.004140753082139934
1193,0.0,4036.8350835088163,0.0,0.006009960407452295,0.6266924129028808,-0.004699176165647895,0.5163833902708685,-0.0043082800071923225
1194,0.0,4040.720764102998,0.0,0.004793235781085185,0.6165686958647821,-0.0036023717770179583,0.5464389819490426,-0.004096507538140013
1195,0.0,4048.9531556282964,0.12094141006381683,0.01249233618945661,0.04093747834123812,-0.01249233618945661,0.39478853086670124,-0.006615256133534992
1196,0.0,4051.3735996053674,0.019429823304336173,0.0016206103023208062,0.32546039547015293,-0.0004997605944385412,0.3739900902477367,-0.004780607471806057
1197,0.0,4054.4852793925043,0.007182265989235923,0.002461311186543537,0.554632601908379,0.000607417560556341,0.4281828437459294,-0.0031641999620973375
1198,0.0,4057.6590730709154,0.0,0.003253565177420012,0.6577840560245953,-0.001500429048470653,0.49706320742952914,-0.002665068688009332
1199,0.0,4061.089430331618,0.009680214341104486,0.003955497918266965,0.36575866652201744,-0.0037394914706134464,0.4576718451572756,-0.002987395522790566
1200,0.0,4062.8912951171264,0.0028947528919679834,0.002285908945232658,0.5356024328455972,-0.0008532969396832046,0.48105102146377204,-0.0023471659478583574
1201,0.0,4066.8684132132644,0.0,0.005109193882662989,0.49873398435937594,-0.005075993782885997,0.4863559103324532,-0.0031658142983666494
1202,0.0,4069.9326844950783,0.013994964625300796,0.003922188217391564,0.3805802943893735,-0.003807025045662071,0.4546232255495293,-0.0033581775225552755
1203,0.0,4073.7155449487896,0.03899140795802197,0.004880567009610553,0.46422503194329645,-0.004443311987660813,0.4575037674676594,-0.003683717862086936
1204,0.0,4076.955254220273,0.0396630526292674,0.0037689777924785005,0.38988946412120085,-0.003097804485341066,0.43721947646372183,-0.003507943849063175
1205,0.0,4080.282308572174,0.04149914318465815,0.003504428144494543,0.24802878976074616,-0.0029479927997411153,0.3804622704528291,-0.0033399585342665573
1206,0.0,4081.530792211614,0.005697379186595262,0.0015215610921613823,0.4795411678388349,0.0011922655328687583,0.4101859396686308,-0.0019802913141259626
1207,0.0,4082.477722273831,0.007567752189840241,0.0022294251056955644,0.4615253614884927,0.0015888646483290466,0.4255877662145894,-0.0009095445253894598
1208,0.0,4087.638931712046,0.03400702081470904,0.00902426919521092,0.42862674698240716,-0.008651818522174285,0.4264994604449347,-0.003232226724424907
1209,0.0,4089.8098653734683,0.0,0.004050888715754727,0.29943100340443285,-0.0034406601338324793,0.3883789233327841,-0.0032947567472471784
1210,0.0,4096.761744251605,0.034975175457647396,0.010978896627039676,0.3624921778671366,-0.010978896627039676,0.3806128996930898,-0.005599998711184927
1211,0.0,4097.949564066306,0.003083363491947501,0.002521165336671557,0.5634144925669469,0.0011907469440529674,0.43545337755524693,-0.003562775014613559
1212,0.0,4098.310766020597,0.0,0.000157629949080874,0.5692626969673114,0.005229276878321254,0.4755961733788663,-0.0009251594467331147
1213,0.0,4101.185315067982,0.0,0.003608192534621351,0.7702722540940805,-0.0022388715648817485,0.5639989975934305,-0.001319273082177705
1214,0.0,4102.442181547649,0.007772734008722076,0.0028821532261600656,0.5048682518107178,-0.0015997943638695277,0.5462597738586167,-0.0014034294666852517
1215,0.0,4103.8374314415505,0.0,0.0033546803449075813,0.6742823458846392,-0.0014740515905817368,0.5846665454664235,-0.001424616103854197
1216,0.0,4104.949101282897,0.004209998497189186,0.0027668686354449545,0.6203254206341264,-0.0007947141373448879,0.5953642080167344,-0.0012356455139014043
1217,0.0,4111.843778599339,0.06368561228388694,0.012828450737995612,0.2593501842254519,-0.012828450737995612,0.49456000087934965,-0.004713487081129666
1218,0.0,4113.720435318093,0.009749273693813221,0.004232499927702835,0.43096972503097186,-0.0024261754587097473,0.4754829181248363,-0.004027293594403691
1219,0.17927217848819232,4122.903151825191,0.3728892306691901,0.014052973113842555,-0.36969540817534735,-0.014052973113842555,0.22192942023478118,-0.00703499745023535
1220,0.0,4123.882714956562,0.0,0.0016585699567788431,0.5424471788808969,0.0024474658642403965,0.31808474782861584,-0.004190258455892626
1221,0.0,4127.25303521848,0.0,0.0009653474836287177,0.730255617599797,0.00048121590066065045,0.44173600875997016,-0.002788816148926643
1222,0.0,4128.877672443036,0.008864462336766675,0.001825189045250799,0.5170322140994102,0.001096392346601602,0.46432487036180214,-0.0016232536002681694
1223,0.0,4130.8051453724,0.0695406385746701,0.00318599410787448,0.20968009554841666,-0.0010429162143642248,0.38793143791778645,-0.0014491523844969861
1224,0.0,4132.668080896441,0.0023392943229389126,0.003253053642433238,0.4035498314292852,-0.0021298451587836815,0.392616955971236,-0.0016533602167829945
1225,0.0,4138.1027835720115,0.12756262235762328,0.009794516329620386,0.0890838508809369,-0.009743873497889946,0.3015570244441462,-0.00408051420111508
1226,0.0,4142.801223836086,0.0,0.007950903621860394,0.36495779522256816,-0.007896145565958359,0.3205772556776728,-0.005225203610568063
1227,0.0,4147.917427143919,0.016553033591690525,0.006258642526207811,0.4726491497499895,-0.006190504448051168,0.3661988238993678,-0.005514793861812994
1228,0.0,4153.118554993187,0.021984197331890984,0.005363490076567842,0.3026739564860784,-0.005162979514057296,0.347141363675381,-0.005409249557486284
1229,0.0,4150.540823786907,0.011669455984888851,0.00026228091386782006,0.438718446624048,0.011340235684032878,0.3746144885599811,-0.0003844039850305356
1230,0.0,4155.338414434434,0.13412057488879053,0.005376479866311596,0.22770589413881293,-0.004344328727257621,0.3305419102336306,-0.0015723814076986612
1231,0.0,4155.020113788625,0.13893192171301727,0.0031695761228898423,0.04941567531555959,0.0011290630551640615,0.2462040397582093,-0.0007619480688398443
1232,0.0,4156.940944590563,0.020080800775812157,0.0031771534121213477,0.2446532670170441,-0.0023320857014841293,0.24573880793585973,-0.0012329893586331296
1233,0.0,4160.265815818985,0.025668102153383505,0.0072813518600502725,0.23269825720582915,-0.006081744597562688,0.24182664271685056,-0.0026876159303119967
1234,0.0,4161.315433444793,0.00742550123195611,0.003136475988913518,0.3685229008100575,-0.0007903554747582259,0.2798355201448126,-0.0021184377936458655
1235,0.0,4163.596916183384,0.04109599777668421,0.0024230312576714328,0.2874989924194186,-0.0018652208699196753,0.28213456182719443,-0.0020424727165280084
1236,0.0,4160.040619058029,0.0,0.00023717364616491175,0.5231846050051493,0.009700761409390541,0.35444957478058087,0.0014804975212475565
1237,0.0,4164.2038120182415,0.09821431963589963,0.006726642046388256,0.027540647038184207,-0.006607430317442665,0.2563768964578619,-0.00094588083035951
1238,0.0,4160.84744103431,0.0,0.001267937302599998,0.6911669175058707,0.005489666333156197,0.38681390277226446,0.000984783318695202
1239,0.0,4162.666989587699,0.0,0.004062835376701239,0.3891853006128696,-0.002846466259547811,0.387525322124446,-0.00016459155477770182
1240,0.0,4159.257591021956,0.05813124181858012,0.0016143781781532921,0.27724694246639453,0.006083955703107488,0.35444180822703053,0.0017099726225878551
1241,0.0,4167.727825324896,0.12176916871470903,0.017546120787507113,0.31791403966835,-0.017546120787507113,0.3434834776594264,-0.004066855400440636
1242,0.0,4166.552710914084,0.07853428907590743,0.0021037254823109875,0.35615555951071326,0.0008363858490153794,0.34728510221481246,-0.002595883025603831
1243,0.0,4167.431069513681,0.0,0.0015967641704730496,0.8261123511542705,0.00251455575236369,0.49093327689664984,-0.0010627513922135746
1244,0.0,4165.72039034399,0.0013040290419116614,0.0004930656177974538,0.6636129434949036,0.006312241063202552,0.542737176876126,0.0011497463444112635
1245,0.0,4168.256691988453,0.044271276284549924,0.004713374542086722,0.4814963807743785,-0.004224835156756819,0.5243649380456017,-0.0004626281059391613
1246,0.0,4167.227014062264,0.0,0.002479035362843691,0.8306327189625353,0.0009667860752110062,0.6162452723206817,-3.3803851594110985e-05
1247,0.0,4168.193067776628,0.005313166540852507,0.0029353137184799276,0.3183991274259611,-0.0015292991340864444,0.5268914288522655,-0.000482452436341811
1248,0.0,4174.851555770587,0.2412364107972211,0.01381653545715793,-0.07034193280122596,-0.01381653545715793,0.347721420356218,-0.004482677342586647
1249,0.0,4178.068112078608,0.0,0.006231331993510886,0.5320931622710025,-0.006011826131246173,0.4030329429306533,-0.004941421979184504
1250,0.0,4180.122163288664,0.0,0.0007118942312498775,0.8359087529243435,0.0005960747933764782,0.5328956859287604,-0.003280172947416209
1251,0.0,4182.374135815885,0.02135525040856529,0.0014783909999686081,0.48023573617417054,0.0005923790027483483,0.5170977010023834,-0.0021184073623668415
1252,0.0,4187.286466442624,0.0,0.006769505515933007,0.46249962802161765,-0.006728908345381099,0.5007182791081537,-0.0035015576572711184
1253,0.0,4193.395454521341,0.06414630713185761,0.01037448592580849,0.25649778188794536,-0.01037448592580849,0.42745212994209114,-0.0055634361378323295
1254,0.0,4196.956601232406,0.0,0.0042762033041220445,0.6617400496359257,-0.0035397899159844573,0.4977385058502415,-0.004956342271277968
1255,0.0,4199.825892905074,0.0,0.0027695468517980994,0.6699783377945391,2.4069253485222063e-05,0.5494104554335307,-0.0034622188138490107
1256,0.0,4202.74779506268,0.02997205707078343,0.002344973131010998,0.37125551329005396,-0.0007801805118511942,0.49596397279048765,-0.0026576073232496655
1257,0.0,4207.976901015759,0.0014252572472515908,0.007349361310800958,0.4111080226180338,-0.0071767591660207835,0.47050718773875144,-0.004013352876081001
1258,0.0,4212.042855724086,0.06899488183523317,0.006289852354113034,0.43658325811705095,-0.00553517497746085,0.46033000885224123,-0.004469899506494955
1259,0.0,4213.450178036609,0.0,0.001545286577319342,0.4942775547508351,0.0014349002409317698,0.4705142726218194,-0.002698459582266937
1260,0.0,4219.440874394921,0.054471679120426546,0.007896315415653542,0.4626270336941598,-0.007712036277956234,0.4681481009435215,-0.004202532590973726
1261,0.0,4221.617874211572,0.010717762097840986,0.0033186893937132574,0.3518875419637531,-0.00154941536187174,0.43326993324959095,-0.0034065974222431297
1262,0.0,4221.078914587653,0.0,5.100060338092918e-05,0.6841812579375267,0.0056424122246885216,0.5085433306559717,-0.0006918945281636341
1263,0.0,4220.178638573517,0.07566256650921814,0.0006083417457922432,0.4247119426953135,0.005452942949626703,0.4833939142677742,0.001151556715173467
1264,0.0,4225.39526210087,0.063177681270565,0.010249981800848768,0.24606899163588175,-0.010195223744946733,0.41219643747820645,-0.0022524774228625927
1265,0.0,4223.260645313734,0.003618655286169327,0.0011883312238786979,0.4589294109969138,0.0033414332875123837,0.4262163295338186,-0.0005743042097500998
1266,0.0,4223.403900705067,0.0,0.0012877082430551303,0.9275305839531877,0.002071811258945116,0.5766106058596292,0.0002195304308584649
1267,0.0,4229.186138415613,0.23460294317187091,0.011457242113099599,-0.11965298456953757,-0.011457242113099599,0.3677315287308791,-0.003283501332328954
1268,0.0,4232.291380434537,0.11259724059317879,0.006591495333704258,0.18686733844612374,-0.006561119182722302,0.3134722716454525,-0.004266786687446959
1269,0.0,4233.501172346838,0.0,0.0011922388608118354,0.6099740311882101,0.0010776968491932144,0.40242279950827975,-0.0026634416264549065
1270,0.0,4237.850371267453,0.003831688167298843,0.005017651413103166,0.39571554644059315,-0.0045052848840893235,0.40041062358797375,-0.0032159946037452316
1271,0.0,4240.177812526153,0.0,0.003076936440336486,0.41620898644300225,-0.00194041781957537,0.4051501324444823,-0.002833321568494273
1272,0.0,4247.066756459811,0.003499356730689954,0.010883917084201585,0.43745297992624227,-0.010883917084201585,0.41484098668901026,-0.005248500223206467
1273,0.0,4253.391000414967,0.013210284246226528,0.010005444096758923,0.4461920411196578,-0.010005444096758923,0.42424630301820454,-0.006675583385272204
1274,0.0,4258.144743253986,0.016591709819924475,0.00496046123742285,0.3922645061619245,-0.004158293874398852,0.41465176396132053,-0.005920396532010198
1275,0.0,4262.01468436862,0.0,0.0021341151974966226,0.8071927846861039,-0.0008619614403270468,0.5324140701787555,-0.004402866004505252
1276,0.0,4266.414934133592,0.0,0.0034376101027598395,0.6592103682877665,-0.002816654539327263,0.5704529596114588,-0.003927002564951855
1277,0.0,4272.716943681728,0.007165559384716577,0.008379242697048938,0.47431190133574597,-0.008379242697048938,0.541610642128745,-0.005262674604580979
1278,0.0,4278.495852714603,0.010140084642912132,0.007729488038142316,0.3038390802352597,-0.007729488038142316,0.47027917356069937,-0.0060027186346493806
1279,0.0,4279.382524117437,0.00682234146647576,0.0007015443120577747,0.3435811914596415,0.0038848339003101483,0.432269778930382,-0.0030364528741615216
1280,0.0,4283.6406053114115,0.002124121168253402,0.0031442641933233737,0.3917774741455699,-0.0024916517065965435,0.42012208749493835,-0.002873012523892028
1281,0.0,4288.536076224862,0.1514020074045363,0.006916217137276012,0.1036377189871892,-0.006916217137276012,0.3251767769426136,-0.004085973907907223
1282,0.0,4291.109563985535,0.0,0.003724981396688846,0.6611362446319636,-0.0021984625428511035,0.4259646172494186,-0.0035197204983903867
1283,0.0,4295.274421203733,0.013242142162900216,0.005368773804224284,0.31763845895718623,-0.004273908029742813,0.3934667697617489,-0.0037459767577961147
1284,0.0,4299.6671989655915,0.0371430840874652,0.005776774461136108,0.3537610874813428,-0.005329162453143544,0.38155506507762704,-0.004220932466400344
1285,0.0,4300.639743047046,0.0,0.00029499712009850684,0.6246274306801863,0.002051797805776194,0.4544767747583948,-0.0023391133847473823
1286,0.0,4306.3615259476355,0.0,0.007746859322990935,0.5750883173165764,-0.007426113332696578,0.4906602375258493,-0.003865213369132141
1287,0.0,4306.416914526429,0.029622663184335516,0.00026710910460177995,0.4268171310143662,0.002482234127007002,0.4715073055724044,-0.001960979120290398
1288,0.0,4310.843433583989,0.0,0.006072245145280843,0.6513060999642293,-0.005113943313726495,0.5254469438899518,-0.0029068683783212267
1289,0.0,4311.673043067966,0.0,0.0022241723461440227,0.6424576079372996,0.0004354530077786163,0.5605501431041562,-0.0019041719624912736
1290,0.0,4316.098856868153,0.005972687874570583,0.006259624405922612,0.43325063357154975,-0.00611311702453286,0.5223602902443742,-0.0031668554811037494
1291,0.0,4316.652629254573,0.09554124798136106,0.0009217410689936147,0.36524547725177564,0.0009617723009321457,0.47522584634659465,-0.001928267146492981
1292,0.0,4318.1943013043365,0.0013480059427310833,0.0017651084518892617,0.4748690624755033,0.00016733548691258863,0.4751188111852672,-0.00129958635647131
1293,0.0,4323.096873202146,0.040652633856702224,0.008412519660985118,0.20200288174861897,-0.008150930411320582,0.39318403235427274,-0.0033549895729260916
1294,0.0,4329.049328476579,0.15088383749856685,0.011161202208470047,-0.03813694791555703,-0.010907421468207595,0.2637877382733238,-0.005620719141510543
1295,0.0,4332.285834474777,0.0046883624254038785,0.003955772750084308,0.4762627194910626,-0.0030137433935520466,0.32753023263864545,-0.004838626417122994
1296,0.0,4337.565867560852,0.09643351180834461,0.005289526441998764,0.1628524075154852,-0.004943543722867116,0.27812688510169736,-0.00487010160884623
1297,0.0,4341.550097749818,0.007772734008722076,0.004879697093069413,0.6636129434949036,-0.0030573228088072515,0.39377270261965924,-0.004326267968834536
1298,0.0,4345.052958754116,0.0353379299470351,0.0033050461230300214,0.1792397085365103,-0.0020443434177041704,0.32941280439471454,-0.003641690603495426
1299,0.0,4349.438633978881,2.465935734033266e-05,0.004654231329693594,0.4271762429710051,-0.004478557142246768,0.3587418359676017,-0.0038927505651208285
1300,0.0,4353.769613763532,0.16680310005812632,0.0050747208453439455,-0.12326717076502841,-0.005067248899169315,0.21413913394781267,-0.004245100065335374
1301,0.0,4355.982369500724,0.0,0.002267116116724717,0.5741668866146641,-0.0003780801110937567,0.32214745974786807,-0.003084994079062889
1302,0.0,4360.542482879789,0.005515735115298068,0.005119564305817021,0.3462249455843586,-0.004949715551695947,0.3293707054988152,-0.003644410520852806
1303,0.0,4365.860622852415,0.10145093586948527,0.007714072338912887,0.15957306516759273,-0.007714072338912887,0.27843141339944844,-0.004865309066270831
1304,0.0,4368.305387400541,0.18161219706280932,0.0021604836787341357,0.10917146291572832,-0.00109427730494722,0.22765342825433238,-0.0037339995378737477
1305,0.0,4369.613544859348,0.002098645849303127,0.0012190164067553094,0.47463127608316463,0.002498285552262447,0.30174678260298204,-0.001864314010832889
1306,0.0,4372.809454500384,0.0013040290419116614,0.0037777163812085894,0.48593074946809206,-0.002690882483087697,0.357001972662515,-0.0021122845525093316
1307,0.0,4372.815344221667,0.04855113704840226,0.001827608830154724,0.27895298926678547,0.0020177353649633778,0.33358727764379614,-0.0008732785772675187
1308,0.0,4372.8422477996955,0.010599326627858771,0.002450666518851963,0.44703950314523083,0.0021806338953575173,0.36762294529422657,4.289516451999207e-05
1309,0.0,4370.712190289516,0.044406046561873615,0.0015450553491739383,0.3178102712148856,0.005345497699007038,0.35267914307042425,0.0016336759248661058
1310,0.0,4372.287206546182,0.0030691947026178696,0.003439268580011441,0.598273538322542,-0.00339403616129635,0.4263574616460596,0.00012536229901736898
1311,0.0,4374.442272921078,0.026595405469746786,0.006216536301713054,0.27056611580634304,-0.006196690798562633,0.3796200578941446,-0.0017712536302566316
1312,0.0,4372.806447545708,0.0,0.0003814482629148399,0.7700731917311022,0.003351186038471092,0.49675599804523185,-0.00023452172963831452
1313,0.0,4372.756802431909,0.0,0.00207117577285076,0.7126935310834391,0.001958254924000003,0.5615372579566941,0.0004233112664531807
1314,0.0,4372.439595189945,0.0030615888333268785,0.0017488095734924224,0.485375176847634,0.0008875039196970334,0.538688633623976,0.0005625690624263364
1315,0.0,4373.041590269067,0.07774148917820801,0.0031520085515260206,0.4790627010223243,-0.001718546028328675,0.5208008538434805,-0.00012176546480016702
1316,0.0,4375.3610814397525,0.0,0.00542183318117277,0.5875402044456853,-0.005413209151256551,0.540822659024142,-0.0017091985707370823
1317,0.0,4373.070380929945,0.021431926906429137,0.00025903184807053535,0.43075038974729285,0.0049703483617122264,0.5078009782410872,0.00029466550899771024
1318,0.0,4376.378530477694,0.0030691947026178696,0.0054540931322204795,0.6099101884604632,-0.005123840776167007,0.5384337413068999,-0.0013308863765517048
1319,0.0,4378.798054140847,0.0,0.005944416424910584,0.5362083906664554,-0.005292163937753042,0.5377661361147665,-0.0025192696449121057
1320,0.0,4380.200022061047,0.0,0.0027496481595838114,0.6591413271585649,-0.0014294569563024157,0.5741786934279061,-0.0021923258383291988
1321,0.0,4385.580239892269,0.017703903200464045,0.008496316866199172,0.4246100134596072,-0.008493201024998568,0.5293080894374164,-0.0040825883943300095
1322,0.0,4390.1347925238815,3.867622823394803e-05,0.00766448289536282,0.5334467859916282,-0.007034870717835121,0.5305496984036799,-0.004968273091381543
1323,0.0,4396.30678960382,0.0016789762830520377,0.008438893306119953,0.5116959397470909,-0.008398619626971943,0.5248935708067032,-0.005997377052058663
1324,0.0,4401.3792436030235,0.026621204694332296,0.006260541921439693,0.15161631211981247,-0.005142437317648448,0.41291039320063594,-0.005740895131735598
1325,0.0,4408.005677460893,0.015525065702496356,0.007411317800131219,0.3310628763881287,-0.0073185988108436725,0.38835613815688375,-0.00621420623546802
1326,0.0,4413.199930788438,0.19632815484939917,0.005397865589151377,-0.06257571404756324,-0.0045823367436838465,0.25307658249554965,-0.005724645387932768
1327,0.0,4420.718214529741,0.11562050798497615,0.008983759465469551,0.24079965082382412,-0.00895143274127341,0.24939350299403196,-0.006692681593934961
1328,0.0,4425.973023125269,0.005676639072478063,0.0048284806847601084,0.393684585209744,-0.004705483895171755,0.2926808276587456,-0.006096522284305999
1329,0.0,4430.011845982306,0.019675493064328406,0.002399413431768555,0.5174082597282261,-0.0011886491966313082,0.36009905727958974,-0.004624160358003591
1330,0.0,4431.191963578193,0.06191456485598968,0.0005366586675138217,0.18053382974317586,0.004084639069637156,0.30622948901866553,-0.002011520529711367
1331,0.0,4431.623964366202,0.0,0.0009130420638786526,0.7497608482096236,0.004000645419973579,0.43928889677595295,-0.00020787074480588296
1332,0.0,4433.343791203821,0.00711020164514012,0.0026273368981253303,0.49416480098312826,-0.0014789774122219075,0.4557516680381055,-0.0005892027450306903
1333,0.0,4434.286460178361,0.09375132133653521,0.0031360085407554626,0.22645179860704892,-0.0017228115567445607,0.38696170720878853,-0.0009292853885448514
1334,0.0,4434.173009541694,0.013850404709987149,0.0020487755498670305,0.41444511320280425,0.000888828576986197,0.39520672900699316,-0.00038385119888553683
1335,0.0,4436.7140909952095,0.045005082248884117,0.0060181042797616225,0.28378125010255945,-0.004309920281800698,0.361779085335663,-0.001561671923760085
1336,0.0,4438.861884946629,0.2544416294099092,0.0042490926469747345,0.08967168586821661,-0.004009656069796136,0.28014686549542905,-0.0022960671675709005
1337,0.0,4443.305169526652,0.11468645333794542,0.007537539115376074,-0.004139543032683477,-0.007534431822482722,0.19486094293699527,-0.0038675765640444467
1338,0.0,4442.114137853929,0.0,0.0004313785917168917,0.5573447833698034,0.005034201641229086,0.30360609506683767,-0.001197043102462387
1339,0.0,4444.7712419671725,0.005515735115298068,0.0034062139950613475,0.4759493516047936,-0.0014570311857781035,0.3553090720282244,-0.0012750395274571018
1340,0.0,4445.191826712588,0.01968557194489777,0.001980737992706014,0.5078168985575885,0.000423828325760957,0.4010614199870336,-0.0007653791714916841
1341,0.0,4448.743076373371,0.033616140340886946,0.0060383798200493,0.12014229965063464,-0.0060383798200493,0.3167856838861139,-0.0023472793660589686
1342,0.0,4447.69944058933,0.00101640950969848,0.0007905106199931502,0.4734526902122942,0.0030693144939744556,0.363785785783968,-0.0007223012080489412
1343,0.0,4449.2713046493145,0.015713117601632583,0.0032216718184432964,0.49138303238178205,-0.0007995382349897679,0.40206495976331214,-0.0007454723161311891
1344,0.0,4449.382915882322,0.0,0.0018040153816606742,0.8446308698769024,0.0005509350361258835,0.5348347327973891,-0.0003565501104540673
1345,0.0,4448.676347864175,0.2815173137018115,0.0021025326048348504,-0.09936939683232465,0.0022634066217092678,0.34457349390847497,0.00042943690919493326
1346,0.0,4448.949462673156,0.025893298243951503,0.0031209306368736637,0.31592636130652396,-0.00021547602486768005,0.33597935412788965,0.00023596302897614923
1347,0.0,4452.691386157609,0.05871515340221516,0.008252835832565284,0.1966263133297306,-0.008252835832565284,0.2941734418884419,-0.002310676629486281
1348,0.0,4456.734637654382,0.15317213049350215,0.008572957247231769,0.08320687354328742,-0.008572957247231769,0.23088347138489557,-0.0041893608148099275
1349,0.0,4454.65578510606,0.0,0.001422759046460313,0.8112950658629942,0.006912454332005275,0.4050069497283251,-0.0008588162707653668
1350,0.0,4457.426511098437,0.02399776113759829,0.002012443082581964,0.4116879943319927,-0.001372644290743914,0.40701126310942537,-0.001012964676758931
1351,0.0,4458.999121977435,0.0,0.003020118141033958,0.750997334115848,-0.002339465520999633,0.5102070844113521,-0.0014109149300311416
1352,0.0,4463.852507378653,0.0,0.009076587664374736,0.5017310284739336,-0.008997259925497696,0.5076642676301265,-0.003686818428671108
1353,0.0,4466.401486025722,0.17527986361978845,0.0040559535026562284,0.24677679401927463,-0.003687051694748824,0.4293980255468709,-0.0036868884084944225
1354,0.0,4471.422529066212,0.000691413120854776,0.007102112215772303,0.4339485442639328,-0.00646645012080022,0.4307631811619894,-0.0045207569221861615
1355,0.0,4471.560468548421,0.0,0.0025698957993270954,0.73024497363071,0.0037414997093373585,0.5206077189026056,-0.0020420799327291054
1356,0.0,4475.712225848365,0.03103742558542897,0.0045432703601145635,0.38100885782846744,-0.0038552859170759768,0.4787280605803641,-0.0025860417280331666
1357,0.0,4477.121999833968,0.15753728947660262,0.002319871581182376,0.2275988375704375,-0.0007021108014140755,0.4033892936773861,-0.0020208624500474394
1358,0.0,4477.98049748597,0.03202151631128507,0.00138291521203611,0.49586146105679163,0.0009894592937854303,0.43113094389120765,-0.0011177659268975784
1359,0.0,4479.583104492927,0.0,0.002786682013176938,0.5211487735659898,-0.00118712596540851,0.45813629279364226,-0.0011385739384508578
1360,0.0,4480.4680136648385,0.0,0.001297721778703996,0.746315738277541,-0.0006317806868621736,0.5445901264388119,-0.0009865359629742524
1361,0.0,4485.551608901318,0.02667250204412509,0.009650048608061916,0.5014393526345365,-0.009363703224989625,0.5316448942975293,-0.003499686141578864
1362,0.0,4485.701509535844,0.0,0.0007720890126827396,0.5543390758790825,0.000861168895399963,0.5384531487719952,-0.002191429630485216
1363,0.0,4489.635459014102,0.07157574794412294,0.004589628166308724,0.06739233764461293,-0.004458912114287832,0.3971349054337805,-0.0028716743756260006
1364,0.0,4493.078237661718,0.007238132677096891,0.005242499269612936,0.4528549802710654,-0.004770063218460659,0.4138509278849659,-0.003441191028476398
1365,0.0,4497.52765308782,0.0008329713362168291,0.006134905036917548,0.2642465864054526,-0.006134905036917548,0.3689696254411119,-0.004249305231008743
1366,0.0,4501.374731865305,0.0,0.005285944581859019,0.567345326731231,-0.004253119080470714,0.42848233582814754,-0.004250449385847334
1367,0.0,4505.7797502987205,0.00012809561823393342,0.004924914675902112,0.3470355641977875,-0.004573660062905156,0.40404830433903954,-0.00434741258896468
1368,0.0,4507.515986431552,0.002015309705343512,0.0030173518739660416,0.5414465960654341,0.0009915350247303657,0.4452677918569579,-0.002745728304856166
1369,0.0,4513.845923810668,0.10205223096165288,0.008544409413617126,0.19778889345831957,-0.008544409413617126,0.3710241223373664,-0.004485332637484454
1370,0.0,4512.000626338448,0.0,0.0002434757467944289,0.7795194978147556,0.006891392244579611,0.4935727349805831,-0.0010723151728652342
1371,0.0,4516.438713630572,0.0,0.004949150964902575,0.6035702125458349,-0.00452911389567776,0.5265719782501587,-0.0021093547897089917
1372,0.0,4520.563138175906,0.012409135583530519,0.007827827691132293,0.41754353873444316,-0.007387666381472338,0.493863446395444,-0.0036928482672379955
1373,0.0,4517.5451773611385,0.0,0.00034438139017778656,0.6865603388544563,0.008638531614514769,0.5516725141331477,6.565697287833853e-06
1374,0.0,4516.9515162160415,0.2959654323895485,5.1492865027839744e-05,0.06045472641925171,0.005083237426604198,0.40430717781897885,0.0015295672160827432
1375,0.0,4513.930950059433,0.105276703258528,0.00013811153724041945,0.16587848778385222,0.006222274924256211,0.33277857080844087,0.0029373795285347836
1376,0.0,4512.462977999715,0.004595478686514203,0.0015268524326391296,0.4516958099290788,0.0013425851273056568,0.36845374254463226,0.0024589412081660457
1377,0.0,4511.181437065253,0.009946794334711224,0.002386889888364349,0.42016633105339707,-0.0004923492791018993,0.3839675190972617,0.001573554061985662
1378,0.0,4509.637946520703,0.0,0.0011377887160091578,0.5933989993907329,0.0005886434567251032,0.44679696318530304,0.0012780808804074943
1379,0.0,4509.959399213291,0.0009745752572769129,0.0036877649453120457,0.4648586428799601,-0.0023620652941451557,0.45221546709370014,0.0001860370280416993
1380,0.0,4509.835435178779,0.09185640231485191,0.0023026086726583347,0.2787493933469756,-0.0010808273880259529,0.4001756449696827,-0.00019402229677859637
1381,0.0,4511.479582651184,3.867622823394803e-05,0.00471032039090585,0.6332855590211206,-0.003611011542688056,0.47010861918511404,-0.0012191190705514343
1382,0.0,4512.803388342048,0.0043522939147065745,0.0027563977848633113,0.34601835127041186,-0.0025050253355494863,0.43288153881070335,-0.00160489095005085
1383,0.0,4511.053121041277,0.0,0.00022070275843243237,0.6532870062625306,0.00498317636468192,0.49900317904625147,0.000371529244368981
1384,0.0,4509.55462987532,0.0,0.0005000654152352734,0.544259389936261,0.004778137616865562,0.5125800423132543,0.0016935117561179551
1385,0.0,4512.074894487094,0.07169988237792314,0.005828968287959464,0.15733333103858882,-0.0057081238939181815,0.40600602893085463,-0.000526978938892886
1386,0.0,4512.174953666395,0.048546809597751414,0.004084055696378349,0.43206415605860904,-0.0019505739137122724,0.41382346706918094,-0.0009540574313387019
1387,0.0,4514.732150553301,0.042194865510068943,0.005367024789274908,0.3887601046431785,-0.004738804726734758,0.4063044583413802,-0.0020894816199575187
1388,0.0,4518.1599622049125,0.040963142214428046,0.006953299476476366,0.24242149775815963,-0.0060604027157145374,0.35713957016641396,-0.0032807579486846244
1389,0.0,4517.097437647802,0.013645638326990707,0.0016883705366246627,0.31086738919377777,0.00452683442929723,0.34325791587462307,-0.000938480235290068
1390,0.0,4520.086867266017,0.15243678430571586,0.0044406793113939275,0.28602899804091275,-0.0027714188316009724,0.32608924052450994,-0.0014883618141833393
1391,0.0,4520.879859562943,0.0,0.003004075722144979,0.5977798785279355,-0.0006124686312431613,0.4075964319255376,-0.0012255938593012858
1392,0.0,4524.513029077998,0.1272410575312725,0.006011138488614851,0.20456541421617938,-0.005967659855785725,0.3466871266127301,-0.0026482136582466178
1393,0.0,4523.9741139422795,0.0,0.0010680899319229565,0.7429852024032405,0.002509742371944949,0.4655765493498832,-0.0011008268491891477
1394,0.0,4525.674030982875,0.061120175539254286,0.0038914044254929926,0.3733938153350361,-0.0007370701551828905,0.43792172914542904,-0.0009916998409872705
1395,0.0,4522.71825533001,0.00030798845665010925,0.0007415580624422277,0.5218331282947538,0.007345881404747659,0.46309514889022646,0.0015095745327332085
1396,0.0,4522.906835643069,0.0,0.0016921482224732855,0.6083080130801011,0.000577246076624997,0.5066590081471889,0.001229875995900745
1397,0.0,4521.361364962738,0.0,0.0009970769688232844,0.6215481190469727,0.001596012279263012,0.541125741417124,0.001339716880909425
1398,0.0,4522.3114558086345,0.0025622923163736372,0.005439648226659179,0.3818028311007713,-0.0033162982947189616,0.4933288683222182,-5.708767177909106e-05
1399,0.0,4520.075276990474,0.0,0.000754444821569533,0.5135649892811368,0.0032655461065446484,0.4993997046098937,0.0009397024617180307
1400,0.0,4519.424150108221,0.0,0.0024038745914708756,0.7210448799713837,0.0013768263935594665,0.5658932572183406,0.0010708396412704615
1401,0.0,4519.400835625509,0.017255486412425063,0.00250041467620125,0.37472082040226806,-0.0009749032103594698,0.5085415261735189,0.000457116785781482
1402,0.0,4517.880221667795,0.0007057402471200193,0.001639128991017302,0.3903497929618251,0.002033441252839177,0.47308400621001073,0.0009300141258987905
1403,0.0,4514.992091581855,0.0,0.00031817002975049173,0.8140507824000476,0.005502023771940856,0.5753740390670218,0.00230161701971141
1404,0.0,4513.0580874761545,0.0,0.0018526359578555503,0.7498688647071253,0.002964509796575338,0.6277224867590528,0.0025004848527705884
1405,0.0,4510.592092350317,0.010854621985065647,0.0007616536954886807,0.47024338997678167,0.0026357852477634537,0.5804787577243715,0.002541074971268448
1406,0.0,4509.964217522857,0.01820974754139593,0.002371712514797616,0.4562212109725199,-0.0014024772882293133,0.543201493698816,0.0013580092934191196
1407,0.0,4508.741987240149,0.0,0.001175086219863988,0.44924770941815184,-0.00015722372665440948,0.5150153584146167,0.0009034393873970607
1408,0.0,4509.880651936027,0.0018710427495773896,0.004946701730631285,0.5745176289599462,-0.003824454438199181,0.5328660395782155,-0.0005149287602818118
1409,0.0,4510.164581554168,0.0,0.004121174897404697,0.7484537706824205,-0.0015111473679876209,0.5975423589094769,-0.0008137943425935545
1410,0.0,4512.4601747759025,0.10316338601187058,0.004943009643432837,0.058980030022223504,-0.004212193655713949,0.4359736602433009,-0.0018333141365296727
1411,0.0,4514.432725350764,0.17351480831518784,0.004959405081192033,-0.004998864145398388,-0.0031853898350711336,0.3036819029266911,-0.002238936846092111
1412,0.0,4515.351604272065,0.0025622923163736372,0.001711856177768171,0.48325246094977004,8.86601747597872e-05,0.3575530703336148,-0.0015406577398365414
1413,0.0,4518.196179371561,0.18808205550152557,0.00487109489381295,0.2462814456682118,-0.003529778170108611,0.3241715829339939,-0.002137393868918162
1414,0.0,4519.323482426844,0.0,0.003484941478332493,0.8286083194605554,-0.0006546381416397864,0.4755026038919623,-0.001692567150734649
1415,0.0,4520.9795089615645,0.008355543354608527,0.0026377055869591893,0.5509794503642477,-0.0011530797025979605,0.49814565783364784,-0.0015307209162936423
1416,0.0,4524.8114021826,0.07120790904612112,0.006711236057846123,0.2881423342160422,-0.0061562400569630605,0.4351446607483661,-0.0029183766584944676
1417,0.0,4530.304215559461,0.18489938443621734,0.009807162434284696,0.015189562110293939,-0.009727261219882261,0.30915813115694446,-0.004961042026910806
1418,0.0,4532.199938043853,0.09190183648699694,0.001561565474612665,0.2692055585364192,-0.0007027360720951777,0.2971723593707869,-0.0036835502404661173
1419,0.0,4532.9905977745,0.0,0.00045616458002448575,0.8209433484092228,0.003674025599200367,0.45430365608231765,-0.001476277488566172
1420,0.0,4533.605222280225,0.02332866767232923,0.002928103656272157,0.40129400020273986,0.0026180753422514343,0.4384007593184443,-0.00024797163932089
1421,0.0,4536.135475306625,0.30554611091781664,0.004776270705295373,-0.09053636215863087,-0.003723239269439997,0.27971962287532176,-0.001290551928356622
1422,0.0,4537.725923983386,0.2570511086331789,0.0031870090427330755,-0.1594104020992238,-0.0030013579552762,0.1479806153829581,-0.0018037937364324954
1423,0.0,4540.126194958154,0.0,0.004020153568144654,0.5542635539369418,-0.0035810815330454236,0.2698654969491532,-0.002336980075416374
1424,0.0,4540.237018323491,0.0011594043520247207,0.0014420450816242795,0.4192781303573902,0.0017454439674749506,0.3146892869716243,-0.0011122528625489765
1425,0.0,4544.491915403213,0.08070400537255676,0.006443253710315694,0.11364123786249714,-0.006383670801590012,0.2543748722388861,-0.002693678244261287
1426,0.0,4549.324365287248,0.06706888351943072,0.008796770599738267,0.1306073427840188,-0.008796770599738267,0.2172446134024259,-0.0045246059509043805
1427,0.0,4549.263487188201,0.07827178779759332,0.0023896413839517437,0.3981624980399032,0.0031212694587401443,0.27151997879366907,-0.0022308433280110226
1428,0.0,4553.5565198586455,0.13099061743733886,0.00557717131074139,0.0863748278900678,-0.004137735059233863,0.21597643352258866,-0.0028029108473778745
1429,0.0,4557.103409507728,0.07018894106925778,0.005003126597129995,0.1531210744810426,-0.004948770350269941,0.19711982581012483,-0.0034466686982454944
1430,0.0,4556.3124404389355,0.03408444768314129,0.00111063147683935,0.3633762269224638,0.0047111622217651285,0.2469967461438265,-0.0009993194222423076
1431,0.0,4563.23967373418,0.0,0.0107998178284937,0.6813781376033856,-0.0107998178284937,0.37731116358169425,-0.003939468944117726
1432,0.0,4564.265884956096,0.0,0.003592956882083991,0.7352703256175978,-0.0009328377748181983,0.4846989121924653,-0.0030374795933278674
1433,0.0,4568.2042289718565,0.13919178962523165,0.005664214098974628,0.12417993115697773,-0.003974708232991418,0.376543217881819,-0.0033186481852269323
1434,0.0,4568.947799511027,0.12946062314268336,0.0013361542585048243,0.1551373703323176,0.0017532129608295044,0.3101214636169686,-0.0017970898414100011
1435,0.0,4570.188620934887,0.0,0.0014932330601369823,0.45999841910410566,0.000946759303297793,0.3550845502631097,-0.0009739350979976627
1436,0.0,4572.3898392877445,0.012872054700544042,0.0029027676868439815,0.4200461831406731,-0.0026733223545701104,0.3745730401263787,-0.0014837512749693968
1437,0.0,4574.012510448828,0.011830050157295015,0.004257043347609819,0.26834566564311346,-0.002304226222052908,0.3427048277813991,-0.0017298937590944502
1438,0.0,4571.745780440347,0.0,0.0002450431749305216,0.5996606855138573,0.006340007335724211,0.41979158510113657,0.0006910765693511484
1439,0.0,4573.797909551195,0.0,0.0036144922359456193,0.6715426803914736,-0.0025020911722650656,0.4953169136882376,-0.0002668737531337158
1440,0.0,4575.472058500564,0.008249240852524582,0.005332337546081903,0.5618634164077613,-0.0041965619978810735,0.5152808645040947,-0.001445780226557923
1441,0.0,4570.349210184247,0.0,0.00043116230587911,0.6448567586494363,0.011010834994616197,0.5541536327476971,0.002291204339794313
1442,0.0,4572.132039598654,0.10261674362839862,0.003787960421556453,0.32354219518755595,-0.0023036737248421676,0.48497020147965475,0.0009127409204033689
1443,0.0,4573.609166489425,0.19795878215118143,0.005511313205896048,0.14205225195005336,-0.005502049748074554,0.3820948166207743,-0.0010116962801400078
1444,0.0,4577.123317110315,0.2052788236919903,0.008260329221325484,0.15017025214731355,-0.008229764907267017,0.3125174472787361,-0.0031771168682781107
1445,0.0,4580.412926069828,0.013850749622812481,0.007664905032161109,0.3041291779759145,-0.005667121837665076,0.3100009664878896,-0.0039241183590942
1446,0.0,4582.1846240064915,0.02016596089736528,0.0020325493573467262,0.4502567155013672,-0.00021803569862755172,0.3520776911919329,-0.0028122935609542054
1447,0.0,4587.231716773862,0.18253251172249105,0.006309974409593345,0.009730809935622383,-0.006309974409593345,0.24937362681503972,-0.003861597815545947
1448,0.0,4592.753131371498,0.1081364823803972,0.008415139142124332,0.04781219071233466,-0.008412574710100474,0.1889051959842282,-0.005226890883912305
1449,0.0,4599.736940348791,0.030086856095623723,0.010309317191335638,0.20946460833633956,-0.010309317191335638,0.19507301968986157,-0.006751618776139305
1450,0.0,4601.580774271035,0.0,0.0011559756361330371,0.7048511899044128,0.0018846747817366353,0.34800647075422686,-0.004160730708776522
1451,0.0,4606.249908308876,0.15655015202193692,0.003634014356360118,0.02995617413336543,-0.0025210625741572752,0.2525913817679684,-0.003668830268390748
1452,0.0,4608.597988961358,0.044176389909292464,0.0025562137043373214,0.3556163112559013,-0.0004048722765126226,0.28349886061434826,-0.0026896428708273103
1453,0.0,4612.143766105208,0.009507116601393938,0.003980910627922856,0.4485964303514587,-0.003453269067163595,0.3330281315354814,-0.002918730729728196
1454,0.0,4617.663419162956,0.035024448825362056,0.00857595209945909,0.2206911365396086,-0.00857595209945909,0.29932703303671954,-0.004615897140647464
1455,0.0,4621.766197674346,0.0,0.005316650522698415,0.8071927846861038,-0.005314781674399093,0.45168675853153484,-0.004825562500772953
1456,0.0,4628.924646211777,0.29232945786516595,0.009907885504429075,-0.1814725360999238,-0.009904143160607252,0.26173897014209724,-0.0063491366987232425
1457,0.0,4633.411067239856,0.000830448422195985,0.004069116253579719,0.4941061668585909,-0.004055535507745439,0.3314491291570453,-0.005661056341429901
1458,0.0,4637.594791382464,0.024862163208324222,0.0024626375720300663,0.5306526578794725,-0.0018665305550372288,0.3912101877737734,-0.004522698605512099
1459,0.0,4645.051909716906,0.00796223768960781,0.009450283732536716,0.19052025412510282,-0.009450283732536716,0.3310032076791722,-0.0060009741436194836
1460,0.0,4648.679546204511,0.01969832000093796,0.003658035339073951,0.34603385925898056,-0.002596391045783377,0.33551240315311465,-0.004979599214268652
1461,0.0,4652.390864916622,0.0030691947026178696,0.0031975718690284744,0.5565248583370477,-0.0012734159500337177,0.40181613970829455,-0.0038677442349981713
1462,0.0,4654.487154916467,0.0,0.0009486620762903169,0.8772313488664049,0.0009809676916457755,0.5444407024557276,-0.002413130657004987
1463,0.0,4657.301508928477,0.0,0.00339884336494978,0.6627273289302007,-0.0017337901695233674,0.5799266903980695,-0.002209328510760501
1464,0.0,4659.5101486421345,0.13248099114497697,0.003990545067461822,0.2211409155288435,-0.001995599614457292,0.4722909579373017,-0.0021452098418695384
1465,0.0,4662.506018073151,0.0009745752572769129,0.0047363225602816035,0.5568461226103295,-0.0038506270391640896,0.49765750733921,-0.0026568350010579035
1466,0.0,4664.2711596152585,0.004509162754856796,0.003947856491890778,0.5010373777962924,-0.0013320831690660673,0.4986714684763347,-0.0022594094514603526
1467,0.0,4668.779066419355,0.00817648891364928,0.006538506440873431,0.513514192149858,-0.006529793988623852,0.5031242855783917,-0.0035405248126094023
1468,0.0,4673.8602240656555,0.10349461372839222,0.008084878282238086,0.06146693443029997,-0.008084671717329883,0.3706270802339642,-0.0049037688840255465
1469,0.0,4676.945690304729,0.000691413120854776,0.003787330770844063,0.5731736562204778,-0.002535684281432807,0.43139105302991826,-0.004193343503247724
1470,0.0,4683.533428969867,0.07908015287256613,0.008441640318873152,0.43958940392571333,-0.008441640318873152,0.43385055829865676,-0.005467832547935352
1471,0.0,4684.851413663862,0.01405707330164655,0.0005769386234187164,0.35587672361749123,0.0018500910595535707,0.4104584078943071,-0.003272455465688675
1472,0.0,4687.418022878975,0.04266551688392606,0.0016723435609791995,0.2450821507388758,0.00048490868368856717,0.36084553074767767,-0.0021452462208755023
1473,0.0,4688.760612515601,0.186452793019999,0.002681291800805609,0.12073999166610429,0.000701131292989021,0.28881386902320566,-0.0012913329667161454
1474,0.0,4691.464590278542,0.0,0.003544501333988462,0.8277041905705599,-0.0033448499857695936,0.4504809654874119,-0.0019073880724321795
1475,0.0,4696.37605572546,0.008728140395608175,0.008893950445905427,0.35211711496849835,-0.008807606671062533,0.4209718103317378,-0.003977453652021286
1476,0.0,4700.184666587743,0.0016789762830520377,0.005783972900321626,0.49041084233363685,-0.005782016152139741,0.4418035199323075,-0.004518822402056822
1477,0.0,4701.5330474346965,0.024755377847360482,0.0013535909691318908,0.27893141040778047,0.00152233838978855,0.3929418870749493,-0.0027064741645032105
1478,0.0,4707.622988791715,0.059547651982315174,0.007871869705837654,0.3972925240921695,-0.007867501401459469,0.39424707818011534,-0.004254782335590088
1479,0.0,4708.430783648056,0.0030691947026178696,0.0016571975626336756,0.6127402546773574,0.0013136205679650564,0.459795031129288,-0.0025842614645235447
1480,0.0,4710.876725943909,0.0,0.0029440810803024473,0.5280608229332991,-0.0005559706224337963,0.4802747686704913,-0.00197577421189662
1481,0.0,4711.897507058877,0.010466946223715152,0.00043221630211331063,0.4195917091322279,0.0006476356281900629,0.46206985080901225,-0.001188751259870615
1482,0.0,4713.88617610256,0.0,0.0032307077197238072,0.9015452517546055,-0.002035431067786688,0.5939124710926902,-0.001442755202245437
1483,0.0,4717.809525454216,0.02018451279438772,0.006984919570543959,0.4302589941903994,-0.006875247120156919,0.5448164280220029,-0.0030725027776188816
1484,0.0,4721.921214580469,0.02951668773623434,0.006938235354513659,0.561055914072618,-0.0069351280616203066,0.5496882738371874,-0.004231290362819309
1485,0.0,4724.123219090544,0.0,0.0023638990926785302,0.6918090144592214,-0.0012106819041861037,0.5923244960237976,-0.003325107825229347
1486,0.0,4727.033671887457,0.16438095159918734,0.003982773378063564,0.1453934891883828,-0.0015173030395804268,0.4582451939731731,-0.002782766389534671
1487,0.0,4729.7024007940745,0.10242803589069722,0.004188391698344235,0.31860742955823185,-0.0019802493046084998,0.4163538646486907,-0.002542011264056819
1488,0.0,4732.232107608002,0.0,0.0031637457879496625,0.8810338458701489,-0.002265590403912964,0.5557578590151282,-0.0024590850060136624
1489,0.0,4735.115075930672,0.0033018549704229554,0.003422840966124944,0.4112625945010932,-0.0032557937302514356,0.5124092796609176,-0.0026980976232849944
1490,0.0,4738.150310996653,0.10440123615588762,0.003669150567251865,0.054497718148666205,-0.003649438771894148,0.37503581120724216,-0.0029834999678677405
1491,0.0,4743.461429138897,0.00353686757365055,0.008222326029724268,0.5159308211268127,-0.00812999860675693,0.4173043141831133,-0.004527449559534498
1492,0.0,4745.753311329759,0.0016789762830520377,0.002205571230974784,0.5567338673246026,-0.001478298366118759,0.45913318012556004,-0.0036127042015097763
1493,0.0,4746.691204853606,0.0,0.0005216509047061641,0.6287842934721158,0.002912677791562712,0.5100285141295268,-0.0016550896035880296
1494,0.0,4748.556669508952,0.09334184519188836,0.0008716491836186219,0.15129320264479576,-5.418908858442135e-05,0.4024079206841074,-0.001174819449086947
1495,0.0,4750.111844492609,0.0025622923163736372,0.003178750901246072,0.3997579491578662,-0.0014669454018360931,0.40161292922623504,-0.0012624572349116908
1496,0.0,4754.7735076795025,0.05615381806433907,0.0084354256617746,0.24256680257242724,-0.0084354256617746,0.35389909123009267,-0.0034143477629705633
1497,0.0,4758.8379814762075,0.0004553693345490983,0.007547149714416385,0.46754316453200545,-0.007010329633311469,0.38799231322066646,-0.004493142324072835
1498,0.0,4760.217042506404,0.0,0.0011257974879636686,0.4648743060958953,0.0008707827036881547,0.41105691108323505,-0.002883964815744538
1499,0.0,4763.917672687345,0.0702972743450666,0.004667970194454805,0.20360012284458864,-0.002909124422061209,0.3488198746116411,-0.002891512697639539
1500,0.0,4766.085920137219,0.0,0.0034200555278005315,0.6831043120922482,-0.0013925724751015795,0.4491052058558232,-0.002441830630878151
1501,0.0,4769.392546813049,0.0,0.004129466488000081,0.619447713317496,-0.0037750702383177403,0.5002079580943251,-0.0028418025131100276
1502,0.0,4771.441442469216,0.0,0.0030232849099259013,0.631093729475644,-0.0016065506051374484,0.5394736895087208,-0.002471226940718254
1503,0.0,4772.914530136986,0.008571860731391127,0.002868215749815549,0.3870188702411805,-5.753900835328237e-06,0.4937372437284587,-0.001731585028753376
1504,0.0,4773.210472016048,0.0,0.0010401611795457643,0.8236019093936684,0.0020297985247344297,0.5926966434280215,-0.0006031699627070342
1505,0.0,4778.257498092707,0.05264281043496287,0.008685926015839235,0.47918324572037324,-0.008685771172973774,0.558642624115727,-0.003027950325787056
1506,0.0,4777.219477824516,0.004209998497189186,0.0010234275351549246,0.46880410751023105,0.0029170088667913982,0.5316910691340782,-0.0012444625680135197
1507,0.0,4778.131128653278,0.0,0.0010858030302546326,0.6887901011079539,0.0013066949697734338,0.5788207787262409,-0.0004791153066774336
1508,0.0,4783.929812893124,0.034037701826600764,0.010779862803213927,0.2194387160545802,-0.010764313853554216,0.4710061599247427,-0.0035646748707404683
1509,0.0,4785.594534296412,0.04039867411103903,0.003980913165827902,0.4243790667632076,-0.0028205630261141455,0.4570180319762821,-0.0033414413173525714
1510,0.0,4788.436981114226,3.867622823394803e-05,0.003884196933873164,0.606181007018424,-0.002069334491867021,0.5017669244889247,-0.002959809269706906
1511,0.0,4792.259307692499,0.11592866147559615,0.004781613642749094,0.26592825044271523,-0.0043591869462527395,0.4310153222750618,-0.0033796225726706558
1512,0.0,4794.979749183624,0.002098645849303127,0.004571881435686789,0.6394350483489125,-0.00244363417670646,0.493541240097217,-0.0030988260538813966
1513,0.0,4800.48390876251,0.007772734008722076,0.007844931502351694,0.46419259416656866,-0.00781744119056963,0.4847366463180225,-0.004514410594887866
1514,0.0,4806.159820741559,0.0004553693345490983,0.008595705633408654,0.5318955115817189,-0.008408772375439067,0.4988843058971314,-0.005682719129053227
1515,0.0,4810.908450432842,0.0020722666558655035,0.005662292898559071,0.5209438409728024,-0.004953687523453096,0.5055021664198327,-0.005464009647373188
1516,0.0,4812.746330730153,0.0,0.0012074169176550021,0.49014294690403487,0.0023182488753388623,0.5008944005650933,-0.0031293320905595727
1517,0.0,4816.393312104464,0.005355058255999617,0.0031962992800754057,0.522696199584801,-0.0017758123100248707,0.5074349402710056,-0.002723276156399162
1518,0.0,4813.905499806985,0.0,7.889710998050806e-05,0.746883754087089,0.008556133053929067,0.5792695844158305,0.0006605466066993064
1519,0.0,4816.975296986623,0.001785954986897312,0.004561023714745147,0.5046558464771632,-0.0035861875699450554,0.5568854630342304,-0.000613473646294002
1520,0.0,4817.15382053314,0.0,0.002983963421060723,0.6331142725830343,-0.0010344320352898325,0.5797541058988716,-0.0007397611629927512
1521,0.0,4818.720025059054,0.0,0.0040736465369222334,0.9220566576390624,-0.002593067665642006,0.6824448714209288,-0.0012957531137875275
1522,0.0,4818.333532184813,0.0,0.0012442707257375844,0.5703444008927249,0.0016297677458616622,0.6488147302624676,-0.0004180968558927706
1523,0.0,4817.618418448872,0.0,0.0012023010847626039,0.8118296671946194,0.002856983812398984,0.6977192113421131,0.0005644273445947559
1524,0.0,4817.669590828119,0.0,0.0017727186352186437,0.7388628067304996,0.00030539062876686643,0.7100622899586291,0.000486716329846389
1525,0.0,4812.704386785591,0.0,0.0015724922746721843,0.5586364737090178,0.009735950090903302,0.6646345450837456,0.003261486458163463
1526,0.0,4815.967093563549,0.02771142991665979,0.00800458387494099,0.4034593075339712,-0.007440197233425998,0.5862819738188132,5.098135068662456e-05
1527,0.0,4816.303111973231,0.007772734008722076,0.004801873584019488,0.47145265568384365,-0.004099544303704268,0.5518331783783222,-0.001194176345630643
1528,0.0,4817.703104719245,0.050945658786182284,0.004539317251892461,0.29859199059688274,-0.002919999780094029,0.47586082204389035,-0.0017119233759696588
1529,0.0,4821.279530377899,0.0,0.00635314992019743,0.6349634997154071,-0.00613562295483374,0.5235916253453454,-0.0030390332496288827
1530,0.0,4824.523591786335,0.006228879111038447,0.004941807654943361,0.381628187902884,-0.004848581365537084,0.481002594112607,-0.0035818976844013426
1531,0.0,4831.1072097965925,0.018550270177879736,0.010400965482822702,0.44553888822290044,-0.010400965482822702,0.470363482345695,-0.00562761802392775
1532,0.0,4835.141348577148,0.11690997371076138,0.0057230130223360235,0.017425024043979317,-0.004438828287242763,0.3344819448551803,-0.005270981102922253
1533,0.0,4837.964278835689,0.0,0.0007686131731022332,0.5625777355506093,0.0002006216155875697,0.402910682063809,-0.003629500287369306
1534,0.0,4841.712374944123,0.0,0.003147537823963364,0.6979814289542675,-0.002166699065055031,0.49143190613094656,-0.0031906599206750234
1535,0.0,4837.387541379405,0.0,0.0,0.7802282202584041,0.012923743555868483,0.5780708003691838,0.0016436611222880285
1536,0.0,4841.160725772031,0.0,0.004789382138601709,0.7034073065303753,-0.004605682614028249,0.6156717522175412,-0.0002311419986068548
1537,0.0,4841.697184199774,0.04403950021068096,0.0033944020902103027,0.3952354036100798,-0.0028201378102398287,0.5495408476353028,-0.001007840742096747
1538,0.0,4838.142645972631,0.0,0.0001348625381948369,0.7274751308142627,0.007688054252684421,0.6029211325889907,0.001600927756337603
1539,0.0,4843.158136852999,0.04095124431593805,0.00947443458084717,0.2943596819104859,-0.00946581055093095,0.5103526973854392,-0.001719093735842963
1540,0.0,4843.484985072218,0.024223512855068498,0.004077085822159066,0.4172669531133015,-0.0022769379638957797,0.48242697410379787,-0.001886447004258808
1541,0.0,4845.876200033835,0.0016789762830520377,0.004359738053706111,0.5692604764264008,-0.0031123732366918387,0.5084770248005788,-0.0022542248739887173
1542,0.0,4847.514164258114,0.06825167356338177,0.002077844440629092,0.32084858396297006,-0.0013534504680605955,0.45218849254929616,-0.0019839925522102805
1543,0.0,4849.8855867953125,3.867622823394803e-05,0.0037475766347673076,0.7114769007449819,-0.0025096463524164124,0.5299750150080018,-0.00214168869227212
1544,0.0,4848.700531048723,0.0,0.0010759196333688856,0.8345302999117761,0.004624762076124912,0.6213416004791341,-0.0001117534617530102
1545,0.0,4852.6871375110895,0.05604648020051666,0.006071457524782708,0.5363418126961842,-0.006069848014572793,0.5958416641442491,-0.0018991818275989449
1546,0.0,4850.452653167603,0.07186226823137914,0.0006827811737975506,0.43041412496391734,0.004850718147738399,0.5462134023901496,0.00012578816500225833
1547,0.0,4854.8883225950385,0.10148764928963822,0.007267904743618502,0.02748695447653867,-0.007267904743618502,0.39059546801606626,-0.0020923197075839698
1548,0.0,4855.356262701761,0.018888172496276875,0.0028558190824222777,0.46378016372745606,-0.0010187245730649947,0.4125508767294832,-0.001770241167228277
1549,0.0,4855.605382017513,0.11005085371432631,0.0009527021998882883,0.21933871783549388,0.001734261169550039,0.35458722906128637,-0.0007188904661947822
1550,0.0,4857.716615892949,0.007415118078550789,0.003369750782553169,0.36343896796174324,-0.002524448921873399,0.3572427507314234,-0.0012605580028983673
1551,0.0,4859.543249864215,0.0,0.0035406419272787167,0.4861924073058765,-0.003004119954394817,0.3959276477037593,-0.0017836265883473023
1552,0.0,4860.775423412488,2.931736829595659e-05,0.0018309165985579562,0.5101156784216315,-0.0011796291980360773,0.430184056919121,-0.0016024273712539347
1553,0.0,4861.965774626708,0.0,0.0027191075607697125,0.5463919640634297,-0.0005551861929616654,0.46504642906241356,-0.0012882550177662538
1554,0.0,4868.945230686045,0.05033239795233759,0.012817660986155721,0.3423866020128471,-0.012817660986155721,0.4282484809475436,-0.0047470768082830935
1555,0.0,4871.871204664989,0.09848888514947184,0.0048872855802286124,0.3321653519254936,-0.004556051945615988,0.3994235422409286,-0.0046897693494829615
1556,0.0,4873.605289426202,0.0,0.0014384045973847646,0.7784768164478628,0.00152760214566426,0.5131395245030088,-0.002824557900938795
1557,0.0,4875.306604732761,0.005413340246138162,0.0035190171702741,0.4594868200187354,0.0014584594295867057,0.4970437131577268,-0.0015396527017811448
1558,0.0,4872.470746150219,0.0,5.564183848077481e-05,0.856420158808801,0.008914438723013996,0.604856646853049,0.0015965747256573974
1559,0.0,4875.83375073575,0.08119389454202199,0.005818096305444207,0.22189660896718988,-0.005468978602404088,0.4899686354872912,-0.0005230912727610482
1560,0.0,4873.886168094464,0.009469566813933314,0.0029902581438037276,0.4695573763828047,0.00241616063315196,0.4838452577559452,0.00035868429901285436
1561,0.0,4876.6340854946,0.0,0.005264645584736011,0.7270027042108606,-0.005194886353615013,0.5567924916924198,-0.0013073868967755059
1562,0.0,4876.222554530735,0.0,0.0022411512729821298,0.5026103601787411,0.0005382011506123133,0.5405378522383162,-0.00075371048255916
1563,0.0,4876.413731825267,0.03601527061253513,0.000654320440780795,0.30766257136007863,0.0009949799239716305,0.47067526797484494,-0.00022910336059992284
1564,0.0,4877.117420374712,0.0,0.002715177056218346,0.6024214438505725,-0.0006713567519873268,0.5101991207375632,-0.000361779378016144
1565,0.0,4877.220886462372,0.0009745752572769129,0.0012901249718989352,0.5944096582632553,3.816912541879716e-05,0.5354622819952708,-0.00024179482698566163
1566,0.0,4877.874042467935,0.005515735115298068,0.0033505755302362496,0.48369568539299695,-0.000973813375033229,0.5199323030145886,-0.00046140039139993183
1567,0.0,4884.360208016659,0.024424445111183156,0.013241750265422944,0.4092715105276356,-0.013241750265422944,0.4867340652685027,-0.0042955053536068355
1568,0.0,4886.954090586171,0.002572700966199206,0.005512666593096398,0.5375888724079162,-0.004744317222374739,0.5019905074103267,-0.004430148914237206
1569,0.0,4888.179870643701,0.0,0.0022278088093009825,0.556321581961028,0.00210536582824641,0.5182898297755371,-0.002469494491492121
1570,0.0,4890.91681760768,0.11990058504076241,0.0028305814965364994,0.22382989679615525,-0.0009843387854795757,0.4299518498817225,-0.002023947779688357
1571,0.0,4894.441492097126,0.0,0.005364370031167351,0.9026928317097802,-0.004686350600219934,0.5717741444301399,-0.00282266862584783
1572,0.0,4892.515325352325,0.002336199369552575,0.00042176534444067227,0.504228857349178,0.0062387375149205735,0.5515105583058513,-0.00010424678361730918
1573,0.0,4900.573458750253,0.11176838199683888,0.013843154477775826,0.16377840864173845,-0.013843154477775826,0.43519091340661736,-0.0042259190918648645
1574,0.0,4902.5468328921,0.0030691947026178696,0.004668320327766259,0.6948526464281015,-0.0038265257670852077,0.5130894333130626,-0.004106101094430967
1575,0.0,4902.863398434408,0.0,0.0003066335854600861,0.6861794651639601,0.003913575053151937,0.5650164428683319,-0.001700198250156096
1576,0.0,4903.418787158451,0.017503142013931234,0.0013809974543062147,0.4243350819398368,0.0031909703920330584,0.5228120345897833,-0.00023284765749934956
1577,0.0,4905.428315929485,0.0,0.0026316267229977174,0.6800220682024691,-0.0024057764433465596,0.5699750446735891,-0.0008847262932535126
1578,0.0,4908.080263537808,0.027379878925175405,0.005818389804297021,0.4140371424996735,-0.005245477611890872,0.5231936740214144,-0.0021929516888447203
1579,0.0,4914.493836515737,0.019635331291456275,0.012430394712016237,0.4767173771758636,-0.012348647494846793,0.5092507849677491,-0.005239660430645342
1580,0.0,4915.999159289002,0.007996405949354222,0.002014606583137025,0.4952318224345132,-0.0006334452504776958,0.5050450962077784,-0.0038577958765950477
1581,0.0,4919.331534858832,0.0,0.003400554021782295,0.6636129434949036,-0.0013237279936989014,0.5526154503939159,-0.0030975755117262035
1582,0.0,4923.4674250882,0.040207863031354776,0.0049475086767079525,0.4775411022465415,-0.004468834960075519,0.5300931459497036,-0.0035089533462309983
1583,0.0,4925.69797542601,0.0,0.0031385674836600366,0.703592009511094,-0.001274132322963613,0.5821428050181207,-0.0028385070392507824
1584,0.0,4927.5403361466215,0.0005689048573609887,0.0012775341335668894,0.4881431686866775,-6.482063898233832e-05,0.5539429141186877,-0.0020064011191702493
1585,0.0,4930.837969928166,0.009469566813933314,0.004876006274253017,0.4912796176384712,-0.0038296921656991996,0.5351439251746227,-0.002553388433128934
1586,0.0,4933.445168653088,0.0,0.004996028256077219,0.4588403845298928,-0.003235271659738952,0.5122528629812038,-0.0027579534011119393
1587,0.0,4933.252715728683,0.0,0.001708209342062882,0.6966881201273315,0.0031756379354016544,0.567583440125042,-0.000977876000157861
1588,0.0,4932.389321585349,0.06441430960705169,7.01517504445409e-05,0.37415908526536695,0.004712350758112273,0.5095561336671395,0.0007291920273231791
1589,0.0,4936.322719003076,0.0,0.007405414578915809,0.6908185248186189,-0.007206340121238306,0.5639348510125833,-0.0016514676172452662
1590,0.0,4937.691439955102,0.008995107567277724,0.004385024747397164,0.411847724429372,-0.0035422658611304965,0.5183087130376199,-0.0022187070904108354
1591,0.0,4941.878995813443,0.0005258376032048474,0.006955500827727008,0.4823349422813942,-0.006911349808147039,0.5075165818107522,-0.0036264999057316963
1592,0.0,4944.5723404188875,0.11186016549369678,0.00469762273040466,0.08872381790426183,-0.003148877212758485,0.3818787526388051,-0.0034832130978397326
1593,0.0,4948.009379769454,0.0,0.00379769986503414,0.7118145776164773,-0.003237760699469416,0.48085950013210677,-0.0034095773783286375
1594,0.0,4951.976998861896,0.0030691947026178696,0.0044954604082403146,0.5191301993747666,-0.0044954604082403146,0.4923407099049047,-0.0037353422873021404
1595,0.0,4957.6689588119425,0.0,0.008171489068015172,0.5918058718030592,-0.00815096753153314,0.522180258474351,-0.00506002986057144
1596,0.0,4965.4700513860835,0.006228879111038447,0.012150460069329233,0.5112367374607453,-0.012150460069329233,0.5188972021702692,-0.007187158923198778
1597,0.0,4966.514644684832,0.0,0.0010965284416706925,0.7626461544802224,0.003394093354168055,0.5920218878632552,-0.0040127832399887275
1598,0.0,4973.803194315011,0.0,0.007624435485992229,0.5834950042563987,-0.007530655216208088,0.5894638227811981,-0.0050681448328545355
1599,0.0,4979.614218451795,0.295063855869091,0.00776859128863916,-0.12654791169930177,-0.007715145041943142,0.3746603024370481,-0.005862244895581117
1600,0.0,4982.90826513102,0.001179466074664085,0.003036331549237827,0.5392968182086969,-0.0013390195101805331,0.42405125716854275,-0.004505277279960942
1601,0.0,4988.17019867573,0.0,0.004760425695670186,0.5029100520113574,-0.004668136565250138,0.4477088956213871,-0.0045541350655477
1602,0.0,4994.794002307685,0.17736518768605827,0.008916926527883376,-0.053054672506205935,-0.008916838105550018,0.29747982518310917,-0.005862945977548395
1603,0.0,5000.625263933858,0.001944438395346868,0.007160281612182867,0.5002218067494791,-0.007160281612182867,0.3583024196530201,-0.0062521466679387365
1604,0.0,5001.2019382403505,0.0,0.001290462008299477,0.7687943133573915,0.0051663366992497056,0.4814499877643315,-0.002826601657782204
1605,0.0,5005.649886096574,0.0035684172507215433,0.0042351765038110235,0.42258401325233164,-0.0026361301856196962,0.4637901954107315,-0.0027694602161334515
1606,0.0,5010.753769239109,0.015528801476612186,0.007634624534034088,0.45022899312903153,-0.0075733189777515645,0.4597218347262215,-0.004210617844618885
1607,0.0,5011.903032356403,0.0035047931546279163,0.0019021255782273366,0.4734744273657748,0.0006659986409705516,0.4638476125180875,-0.002747632898942054
1608,0.0,5015.678759629021,0.05081394206029893,0.0046185607678991035,0.4086075598217842,-0.003365553525689514,0.4472755967091965,-0.0029330090869662917
1609,0.0,5014.686240781036,0.0007041199194377094,0.0006355870472589419,0.502209254426761,0.005052073914991727,0.4637556940244658,-0.000537484186378886
1610,0.0,5019.151368065078,0.0,0.00652359794451563,0.7389891691414816,-0.0062247355350656276,0.5463257365595705,-0.0022436595909849084
1611,0.0,5022.630275543335,0.00026730066581259277,0.0067913704719012955,0.33221226646228497,-0.006594358735934445,0.4820916955303848,-0.0035488693344697692
1612,0.0,5027.047789631097,0.0157667143012896,0.006941603439587822,0.5886602850877972,-0.006718139386624192,0.5140622723976085,-0.004499650350116096
1613,0.0,5030.864023562651,0.04969557042583012,0.005303929722368276,0.1840510961681156,-0.004066263036077645,0.4150589195287606,-0.004369634155904561
1614,0.0,5036.615560455221,0.017858116215278975,0.00725862373409177,0.42290672301143956,-0.007113164654989816,0.41741326057356426,-0.0051926933056301375
1615,0.0,5039.137155305497,0.0,0.002775094524970232,0.5670679313235103,-0.00048525813793802696,0.46230966179854804,-0.003780462755322504
1616,0.0,5045.339030605938,0.018888172496276875,0.007651947341206829,0.4011602220782145,-0.007353998734415501,0.4439648298824479,-0.004852523549050403
1617,0.0,5045.9233647142155,0.0,0.0014555660678331824,0.8892384082239309,0.002922807792428658,0.5775469033848928,-0.002519924146606685
1618,0.0,5046.673771514012,0.0,0.0002872206531177749,0.7872027700313237,0.0035963613701267003,0.640443663378822,-0.0006850384915866694
1619,0.0,5049.272730752317,0.0,0.004003417026254624,0.7747911136284724,-0.002761034156604601,0.6807478984537171,-0.001307837191092049
1620,0.0,5052.631955170118,0.05718200934709902,0.006243225184808861,0.12460721211127442,-0.006230309225386849,0.5139056925509843,-0.0027845788013804887
1621,0.0,5054.326460857535,0.001981335869799679,0.00419629869657576,0.31153932349160934,-0.002051865658006642,0.4531957818331718,-0.0025647648583683345
1622,0.0,5055.868361201034,0.00038578724203075466,0.0013506987696634686,0.5625627179779472,-0.0002048242617523614,0.4860058626766044,-0.0018567826793835424
1623,0.0,5059.534529225102,0.0072001779103544,0.005088599973247115,0.4451691190896265,-0.004888854044368719,0.473754839600511,-0.002766404088879095
1624,0.0,5062.5897465664075,0.0016789762830520377,0.004757967878132172,0.3789186568470353,-0.004315620666325335,0.44530398477446825,-0.003231169062112967
1625,0.0,5064.571622754977,0.03933199747649474,0.0022175631199201893,0.2105327579380054,-0.0011126057560181778,0.3748726167235294,-0.0025956000702845304
1626,0.0,5068.280731792049,0.0,0.005659902542599678,0.7354124422565043,-0.004253359384599634,0.48303456438342185,-0.003092927864579061
1627,0.0,5071.635364726069,0.0,0.0047913722360383056,0.6129828958818082,-0.004156196544973282,0.5220190638329377,-0.0034119084686973274
1628,0.0,5075.596949585585,0.0,0.00518558022900584,0.7005334740869263,-0.004889339078858823,0.5755733869091343,-0.003855137651745776
1629,0.0,5080.557742999097,0.0,0.006949404366799615,0.6990337540721339,-0.006620284221100264,0.6126114970580341,-0.004684681622552122
1630,0.0,5084.605834120369,0.057962320487154904,0.004746577700263964,0.41949949668834,-0.004222559714473387,0.5546778969471259,-0.0045460450501285015
1631,0.0,5088.318465069297,0.000691413120854776,0.0032479588504616846,0.546445561301928,-0.002665352576356075,0.5522081962535665,-0.003981837307996773
1632,0.0,5090.6775984899705,0.012212897101565062,0.002847815623833946,0.41581626911158587,-1.3487811349844375e-05,0.5112906181109723,-0.0027913324590026945
1633,0.0,5097.513359844725,0.01047535714649117,0.009977116774116512,0.37799090889529796,-0.009977116774116512,0.47130070534627,-0.00494706775353684
1634,0.0,5096.255526028331,0.0,0.0005399732356207713,0.6728437088376134,0.005734252918678581,0.5317636063936729,-0.0017426715518722138
1635,0.0,5098.553735640043,0.0,0.002178363378486515,0.755604454160279,0.00043787020019464963,0.5989158607236547,-0.0010885090262521548
1636,0.0,5103.34547192177,0.1357162562765929,0.00816240619586857,-0.05526756259227729,-0.008122146510969595,0.402660833728875,-0.0031986002716673867
1637,0.0,5106.408474247086,0.06372042431223308,0.005368422307305828,0.19750806249317218,-0.005114116264076614,0.34111500235816417,-0.0037732550693901547
1638,0.0,5109.080114310091,0.0,0.0034953080177624195,0.6157293236585422,-0.002076822553716147,0.4234992987482775,-0.0032643253146879526
1639,0.0,5112.2043532149555,0.0,0.0027048101215036407,0.33408645841057144,-0.0024423434664078685,0.3966754466469657,-0.0030177307602039273
1640,0.0,5114.01769910307,0.0,0.0023353827314868134,0.7267902795465413,-0.0002517262824312353,0.4957098965168384,-0.0021879294168721196
1641,0.0,5117.835722791275,0.0,0.005592839184654432,0.6839353296908247,-0.004719582749510671,0.5521775264690343,-0.002947425416663685
1642,0.0,5122.216557788199,0.06166512812024773,0.006926621908750664,0.1575036779267172,-0.006724837041986376,0.4337753719063392,-0.004080648904260492
1643,0.0,5127.734049534489,0.019666393399998226,0.008265216570981363,0.241326734760736,-0.008254512624737207,0.37604078076265823,-0.005332808020403507
1644,0.0,5132.951677915198,0.009469566813933314,0.006913779786336068,0.37697473568054896,-0.006397182850356083,0.37632096723802544,-0.005652120469389279
1645,0.0,5135.428818726836,0.00020488584928903767,0.0005819154607681676,0.37518658688581435,0.0006298033498986595,0.37598065313236206,-0.0037675433236028975
1646,0.0,5144.6840106807085,0.040796323082058945,0.01323704344313434,0.28135120607722397,-0.01323704344313434,0.3475918190158206,-0.00660839335946233
1647,0.0,5148.543863585632,0.0030691947026178696,0.004555479799129013,0.44776620269768946,-0.003841486199860506,0.3776441341203812,-0.005778321211581783
1648,0.0,5151.108476135829,0.0008934119274044271,0.0015125248381645511,0.32939214078583423,0.001781563653680156,0.3631685361200171,-0.0035103557520032008
1649,0.0,5155.1308201911015,0.0,0.003117016483263752,0.8496896240592718,-0.002214534030088055,0.5091248625017935,-0.003121609235428657
1650,0.0,5158.199451150828,0.0,0.003817170145370103,0.620099888685498,-0.002606293539616603,0.5424173703569048,-0.0029670145266850407
1651,0.0,5161.524654048227,0.0,0.004190549835623471,0.5314930262098475,-0.003552204144063346,0.5391400671127876,-0.003142571411898532
1652,0.0,5164.9925369046,0.0,0.004090300969162911,0.842674241894723,-0.0040031753433168345,0.6302003195473682,-0.0034007525913240227
1653,0.0,5170.379245732023,0.022507125310098734,0.008125372822091536,0.45936936744293727,-0.007807100145099157,0.5789510339160389,-0.004722656857456563
1654,0.0,5173.382203420386,0.004186727853140464,0.0041705602481853,0.4748874331624983,-0.0025169338657334093,0.5477319536899766,-0.004060939959939617
1655,0.0,5176.782656522665,0.0,0.00269719438564213,0.6523511504323213,-0.0019956372382310228,0.57911771271268,-0.0034413491434270383
1656,0.0,5179.928424427138,0.08121276549207866,0.0038968759044464055,0.14218049761261517,-0.0021801477950746887,0.4480365481826605,-0.0030629887389213334
1657,0.0,5182.980545429925,0.03413511643294297,0.0033891289996679664,0.22153235269237248,-0.0026462222006129834,0.3800852895355741,-0.002937958777428828
1658,0.0,5183.125188778723,0.0,0.0004806858240763707,0.751938276264606,0.0030116879087736855,0.4916411855542836,-0.0011530647715680736
1659,0.0,5182.268800460521,0.0030691947026178696,0.0006327321000351222,0.5813125926130556,0.004892560421557898,0.5185426076719152,0.0006606227863697177
1660,0.0,5186.212461012725,0.0,0.00794268684894234,0.6393590555622933,-0.007042376296140867,0.5547875420390286,-0.001650276938383458
1661,0.0,5191.792056014073,0.0016863684609083169,0.012243543449510499,0.7019163003286357,-0.012243543449510499,0.5989261695259107,-0.00482825689172157
1662,0.0,5193.74417335105,0.0,0.003531968041122834,0.9712840317617603,-0.002146695270732432,0.7106335281966656,-0.004023788405424829
1663,0.0,5194.4933179973905,0.0,0.001032533926240112,0.5551240270942989,0.0036363740992274955,0.6639806778659556,-0.0017257396540291312
1664,0.0,5197.030104680951,0.000691413120854776,0.003413295334990504,0.5972178480068535,-0.0010216201828469192,0.6439518289082249,-0.0015145038126744676
1665,0.0,5198.72448992217,0.0007090870772335808,0.004082022378560643,0.4681814135474515,-0.0016692194540643965,0.5912207042999928,-0.0015609185050914462
1666,0.0,5203.253469915136,0.017167342837054147,0.007968980077656642,0.6169259734425331,-0.007792728576097725,0.598932285042755,-0.003430461526393329
1667,0.0,5208.119821436274,0.0,0.008383796293201393,0.5438639942670634,-0.008369339662633831,0.5824117978100475,-0.00491212496726548
1668,0.0,5208.917187052386,0.0,0.0014500759068952695,0.5613559369210119,0.0021168909300612517,0.5760950395433369,-0.00280342019806746
1669,0.0,5213.217670008901,0.004209998497189186,0.004721431870353103,0.4792415177336323,-0.003725733476920016,0.5470389830004254,-0.003080114181723227
1670,0.0,5213.018611745757,0.08395336954822728,0.00016959633516016128,0.21816632711321696,0.0034632721787735995,0.4483771862342628,-0.001117098273574179
1671,0.0,5212.218656818824,0.023179548398618056,0.00011493413104342066,0.23084870139232472,0.004921570798473722,0.3831186407816814,0.0006945024480401915
1672,0.0,5211.027813957717,0.0,0.0010740406737288996,0.7092464238050356,0.003615629060276087,0.4809569756886876,0.0015708404317109602
1673,0.0,5212.658598718367,0.0,0.004296689098401662,0.6827093826868467,-0.004186359986051727,0.5414826977881353,-0.00015631969361784592
1674,0.0,5214.297553296643,1.1275736869404376e-05,0.005508910391109415,0.43795266769102076,-0.00504426750053833,0.5104236887590009,-0.0016227040356939912
1675,0.0,5215.70300535464,0.20404007303717947,0.0032701958916776437,0.15648236694851242,-0.0026975794384870447,0.40424129221585436,-0.0019451666565319073
1676,0.0,5213.798863270366,0.0,3.0823860133652626e-07,0.5545884549346948,0.0057383279901062675,0.4493454410315064,0.0003598817374595451
1677,0.0,5216.889608663862,0.0,0.004643452908341931,0.5428623503390139,-0.004427832708289234,0.4774005138237586,-0.0010764325962650887
1678,0.0,5217.38070668757,0.0,0.002860567509743609,0.8653821141780003,-0.0013531463344008878,0.5937949939300311,-0.0011594467177058285
1679,0.0,5217.428815110397,0.0,0.0006929450902085261,0.8125388982061469,0.0010693683534562742,0.6594181652128658,-0.0004908021963571977
1680,0.0,5221.902588813834,0.02951668773623434,0.008092154793033206,0.4021723187487806,-0.008092154793033206,0.5822444112736402,-0.00277120797536
1681,0.0,5222.101810915131,0.005086121607261651,0.0008842784092967267,0.3525984590750614,0.00021167324247826685,0.5133506256140665,-0.00187634361000852
1682,0.0,5229.097160695045,0.12988489041737836,0.011608789416736967,0.02411029133993724,-0.011608789416736967,0.3665785253318277,-0.004796077352027054
1683,0.0,5232.665208212545,0.033512957744726186,0.005349344615656276,0.1674776124143363,-0.005279071178032075,0.30684825145658023,-0.004940975499828561
1684,0.0,5237.187570316264,0.04327563274468094,0.0044054313777736305,0.3992710549611395,-0.004219799828560476,0.334575092507948,-0.004724622798448135
1685,0.0,5242.426476236122,0.015435991888557288,0.005591200107261125,0.5580796569927786,-0.005570678570779093,0.4016264618533971,-0.004978439530147422
1686,0.0,5241.162383072694,0.0,0.0001789063089873642,0.6923584234274374,0.007762444485946746,0.4888460503256092,-0.0011561743253191712
1687,0.0,5241.388853044283,0.008957897156808553,0.000521233203513628,0.5438720894609105,0.004762235999980969,0.5053538620661996,0.0006193487722708708
1688,0.0,5245.385671174933,0.08768306853660635,0.007148705243028821,0.15586593081535757,-0.007148162382159326,0.400507482690947,-0.0017109045740581882
1689,0.0,5246.832461951398,0.10669117791594973,0.004114529597053981,0.16348788168259132,-0.0035880147314966385,0.3294016023884403,-0.0022740376212897232
1690,0.0,5247.091637997012,0.0,0.002393158696765448,0.6512757439456072,0.001336993737167664,0.42596384485559036,-0.001190728213752507
1691,0.0,5250.8633336622,0.0,0.0055562756156402665,0.7743745352709721,-0.005439296438057217,0.5304870519802048,-0.00246529868104392
1692,0.0,5252.358381478473,0.02388631207283884,0.0029783637459326506,0.39830361371665474,-0.001771620282868588,0.4908320205011398,-0.0022571951615913202
1693,0.0,5252.9748239303135,0.04243008490674023,0.0008586700415853398,0.3514044433584919,0.0013778141498203586,0.4490037473583454,-0.0011666923681678165
1694,0.0,5255.727747093476,0.03322622708038705,0.004473282274091979,0.36076852320017233,-0.0033353994479224797,0.42253318011089347,-0.0018173044920942153
1695,0.0,5257.849034797566,0.16517731591037643,0.003926300726463311,0.22816337349044677,-0.0031283238128429467,0.3642222381247594,-0.0022106102883188345
1696,0.0,5258.233789594346,0.058207309774040594,0.0026994830660381844,0.32433531365539303,0.0011835617813209676,0.35225616078394945,-0.0011923586674268938
1697,0.0,5263.101236925122,0.015541289011331429,0.008026332830701735,0.44030857799015505,-0.007788114610977914,0.3786718859458111,-0.0031710854504921997
1698,0.0,5266.1684816757515,0.08062052749932716,0.00562902726306793,0.3656423444801288,-0.005015924391471609,0.37476302350610635,-0.0037245371327860226
1699,0.0,5269.16813767787,0.002098645849303127,0.004641600368892426,0.4402772057860856,-0.0027908802796173223,0.39441727819010014,-0.003444440076835412
1700,0.0,5271.367935863519,0.00013917248722197128,0.0018780105943634407,0.5175731695792402,-0.0005596683702495802,0.4313640456068421,-0.0025790085648596623
1701,0.0,5276.632459439935,0.02196124227197,0.00755032799758157,0.3097044581972984,-0.007272340347293485,0.39486616938397895,-0.003987008099589809
1702,0.0,5277.132833863008,0.0,0.0024630643885835924,0.5133034196540656,0.001810145877809249,0.4303973444650049,-0.0022478619063700913
1703,0.0,5278.885996179851,0.027737860070189437,0.00224686947691218,0.5061132107417721,0.0005943728564146534,0.453112104348035,-0.0013951914775346677
1704,0.0,5281.139219082361,0.015327792690197867,0.003247537929232572,0.3348733924258262,-0.0022945585828596377,0.4176404907713724,-0.0016650016091321585
1705,0.0,5282.839455151903,0.0,0.0032277187419680877,0.6079021290045568,-0.0020194589554013405,0.4747189822413277,-0.001771338813012913
1706,0.0,5283.19861389948,0.03276201778634351,0.0023813500579301697,0.28050654355253035,0.0010599350692711879,0.41645525063468847,-0.0009219566483276827
1707,0.0,5291.529628387358,0.2633791453823501,0.015472720725844755,-0.20018799039887744,-0.015472720725844755,0.23146227832461866,-0.005287185871582804
1708,0.0,5293.265500413997,0.0,0.004272016310538863,0.4592137482590524,-0.0024357291355068585,0.29978771930494874,-0.00443174885076002
1709,0.0,5297.2377521212575,0.011086449299818415,0.0033725110512761868,0.3993630868127881,-0.002583382905111848,0.3296603295573005,-0.0038772390670655677
1710,0.0,5298.070316243546,0.0018783161038444093,0.0014440913634375105,0.41552116287353186,0.0030434480925680416,0.3554185795521699,-0.0018010329191754846
1711,0.0,5298.306499694616,0.0,0.0017757732108012816,0.7825790976247552,0.00362178487676256,0.4835667349739454,-0.00017418758039407125
1712,0.0,5299.0489766386545,0.006512523536461703,0.00269550849111371,0.41555951840058786,0.0003365068065769827,0.4631645700019381,-2.097926430275506e-05
1713,0.0,5297.235224186342,0.0,0.002068833297224314,0.7103367692696825,0.003960970474575239,0.5373162297822613,0.001173605657360643
1714,0.8174866112871637,5303.947190656587,0.42144821047449754,0.014010310315086432,-0.4131266510830441,-0.014010310315086432,0.2521833655226697,-0.0033815691343734794
1715,0.0,5306.8095370413375,0.10092154140210992,0.007638168825010721,0.1758933720584946,-0.007044828814047975,0.22929636748341714,-0.004480547038275828
1716,0.0,5308.47206150146,0.013305161129006987,0.001361617004053149,0.48721485288857275,0.0002455646829782271,0.3066719131049638,-0.0030627135218996115
1717,0.0,5310.906429066898,0.19948791031796687,0.001962781957804402,0.0359825417102481,-0.00027674953304649075,0.22546510168654907,-0.002226924325243675
1718,0.0,5315.3982724278,0.0,0.006355740386836372,0.7774067025908749,-0.006074891903014133,0.39104758195784683,-0.003381314598574812
1719,0.0,5311.613817585882,0.0010423219821215587,0.00047321903125805895,0.5347876510414047,0.010344881867732978,0.43416960268291416,0.000736544341317525
1720,0.0,5313.16240819448,0.006267555339272397,0.001104677706587155,0.38728582695450786,0.0002652829247143239,0.4201044699643922,0.0005951659163365647
1721,0.0,5315.128660885755,0.028683679873314195,0.0058644827999412355,0.3652748808016545,-0.0048883920422117,0.4036555932155709,-0.0010499014712279148
1722,0.0,5314.509971901316,0.0,0.0020529516731868456,0.5080783121855958,0.000712716782701115,0.43498240890657836,-0.0005211159950492057
1723,0.0,5314.143415666007,0.1230062960177555,0.0017971149689250188,0.16189938339685062,0.0018790193558821586,0.35305750125366,0.00019892461023020356
1724,0.0,5319.052026998416,0.0,0.009691732973101065,0.5559806677105587,-0.009691732973101065,0.4139344511907296,-0.0027682726647691768
1725,0.0,5321.1312884647505,0.0,0.005338777285964042,0.615160970188899,-0.004423663162822072,0.4743024068901804,-0.003264889814185045
1726,0.0,5322.472902815959,0.0,0.0027748841655663753,0.6546011397087186,0.00022462453637342344,0.5283920267357418,-0.002218035509017504
1727,0.0,5327.611737068162,0.2024913999866685,0.007213180215117251,-0.17747993673744952,-0.007212559656104324,0.3166304376937844,-0.00371639275314355
1728,0.0,5330.758881813557,0.0,0.004690508113936652,0.5122097750430651,-0.004091248199629561,0.37530423889856857,-0.003828849387089353
1729,0.0,5334.397005267857,0.0,0.0036721258659346604,0.7024710598358471,-0.00354864602080538,0.4734542851797521,-0.003744788377204161
1730,0.0,5339.351038025557,0.04548513303977444,0.006573905480062365,0.5080722406390109,-0.006176483951271724,0.4838396718175297,-0.004474297049424429
1731,0.0,5345.3076779605535,0.025577585064531377,0.008322416261263912,0.3503765203719524,-0.008322416261263912,0.4438007263838565,-0.005628732812976274
1732,0.0,5348.106319223226,0.0,0.0022331352295340686,0.7123071392298093,-0.000935246003543596,0.5243526502376423,-0.0042206867701464704
1733,0.0,5354.635033342251,0.07275447092657338,0.007562362452360775,0.09353224435183424,-0.007562362452360775,0.39510652847189986,-0.0052231894748107615
1734,0.0,5358.173389817499,0.06541625377507818,0.0038755097735119707,0.1260455966751389,-0.0027573943764162947,0.31438824893287154,-0.004483450945292421
1735,0.0,5360.855927168116,0.0029080885996949787,0.0021449988351394935,0.5850918029575933,3.90133451974423e-05,0.395599315140288,-0.0031267116581454616
1736,0.0,5363.889838959545,0.0,0.002362953446026409,0.7216171331914383,-0.0015201085117079935,0.49340466055563303,-0.0026447307142142213
1737,0.0,5364.476912584674,0.0,0.0023170734151559394,0.6189301828590771,0.002144118371308524,0.5310623172466662,-0.0012080759885573977
1738,0.0,5365.9048075164255,0.0,0.0007759169700614976,0.78028252306445,-0.00016951678098645165,0.6058283789920014,-0.0008965082262861138
1739,0.0,5365.005970782952,0.00038971108889048395,0.001647395329756742,0.4045640202403107,0.0031683435255786567,0.5454490713664941,0.00032294729927331725
1740,0.0,5366.905232674999,0.008111919106197078,0.0034291586178809863,0.5483623570680651,-0.0030363890101835294,0.5463230570769654,-0.0006848535935637367
1741,0.0,5367.084991387818,0.0025622923163736372,0.0023967556872837993,0.585188616253013,-0.0006823651887191457,0.5579827248297796,-0.0006841070721103593
1742,0.0,5366.132531610154,0.0,0.00042738270151749836,0.5811636114658253,0.0027261848247656733,0.5649369908205932,0.00033898049695245045
1743,0.0,5367.500872857156,0.006981405135188086,0.003696998711954695,0.48576044807441027,-0.002152223585178913,0.5411840279967384,-0.0004083807276869586
1744,0.0,5369.628921022047,0.007228510688742068,0.005622216334856578,0.43940260191014613,-0.00476952249752755,0.5106496001707607,-0.001716723258639136
1745,0.0,5372.350696034183,0.01712660882457917,0.005442051732532219,0.35876448471736605,-0.005173437881499831,0.46508406553474224,-0.0027537376454973444
1746,0.0,5377.05492787377,0.029494311920230293,0.00791087040256144,0.39041441814331274,-0.007897490536161747,0.4426831713173134,-0.004296863512696664
1747,0.0,5379.175390547755,0.0,0.0023898366224085806,0.41447807813135573,-0.001370117877048408,0.434221643361526,-0.0034188398220021876
1748,0.0,5381.348530173764,0.006228879111038447,0.001494734064671663,0.38941850539903566,9.097693079065624e-05,0.4207807019727789,-0.002365894796164334
1749,0.0,5382.654370164461,0.0,0.0010946629258939062,0.7145862453145042,0.0009393704504735423,0.5089223649752964,-0.001374315222172971
1750,0.0,5389.963578374068,0.125550363302306,0.012705780223085042,0.1094514065169629,-0.012705780223085042,0.38908107743779635,-0.004773754722446592
1751,0.0,5390.474655716088,0.0006961123479008181,0.0023285866635933605,0.4238721792119246,0.0005657403406564936,0.3995184079700348,-0.003171906203515666
1752,0.0,5395.440581281669,0.0,0.005257308101744744,0.5711052403055515,-0.005240854333933473,0.4509944576706898,-0.0037925906426410083
1753,0.0,5395.89769392302,0.12487868294400759,0.002273801055689734,0.28095575015306556,0.002509775569291856,0.3999828454154025,-0.001901880779061149
1754,0.0,5400.20856232171,0.010373993495368241,0.005377794819152669,0.5446467893650522,-0.00495111554539467,0.4433820286002974,-0.002816651208961205
1755,0.0,5399.658100219828,0.0,0.0006283948679831407,0.7373620442598322,0.0032452823241506394,0.5315760332981578,-0.0009980711490276519
1756,0.0,5404.548121370719,0.0,0.007211946090477887,0.6221526362174176,-0.007211946090477887,0.5587490141739357,-0.0028622336314627224
1757,0.0,5407.4279047263235,0.04374228200110567,0.005239787870690864,0.08422963691251695,-0.0048406314759615035,0.4163932009955101,-0.003455752984812357
1758,0.0,5408.0355857749455,0.03262666431302636,0.0006690790977124341,0.3865406059100468,0.001859480889178761,0.4074374224698711,-0.0018611828226150215
1759,0.0,5407.59305454071,3.867622823394803e-05,0.0011850622353536326,0.5716311038162202,0.004599232048113175,0.4566955268737758,7.694163860343735e-05
1760,0.0,5407.305200912377,0.0,0.001082213707258975,0.8065033233032454,0.0025352212643087587,0.5616378658026167,0.0008144255263150338
1761,0.0,5408.784290596803,0.007772734008722076,0.004758068159766147,0.5575425322793416,-0.0031955187796946197,0.5604092657456341,-0.0003885577654878622
1762,0.0,5406.884788889438,0.0,0.001962504657081553,0.5569580063457189,0.0031251252073269536,0.5593738879256595,0.0006655471263565826
1763,0.0,5410.7468356942145,0.021298788689395047,0.00766891430116737,0.5572038906928843,-0.00766891430116737,0.5587228887558269,-0.0018347913019006032
1764,0.0,5413.362155651933,0.10888529577662667,0.006749165255494356,0.14244883862794058,-0.006065411864288829,0.433840673717461,-0.0031039774706170704
1765,0.0,5412.610990989193,0.031227223433027407,0.00080479995029206,0.2937705729692549,0.0036054997147963513,0.39181964349299914,-0.001091134314993044
1766,0.0,5413.162949857405,0.0,0.0013913169551123426,0.5164027033189121,0.002128859486241862,0.42919456144077306,-0.00012513617462257202
1767,0.0,5414.797284288245,0.02042210781356468,0.002848627662060783,0.32558508448271706,-0.002263051145522625,0.39811171835335624,-0.0007665106658925879
1768,0.0,5418.79840493979,0.13229189606378683,0.008298453637938314,0.08201809226704869,-0.008173379897742951,0.30328363052746393,-0.0029885714354476968
1769,0.0,5419.293634300906,0.009469566813933314,0.0016012179147956104,0.510005509673749,-0.0001087554155408475,0.3653001942713494,-0.002124626629475642
1770,0.0,5424.6588729867435,0.04276834617032316,0.008140852293710338,0.13853330309038736,-0.007975959240675162,0.2972701269170608,-0.0038800264128354975
1771,0.0,5427.653948544162,0.08363697230889712,0.005290735720091403,0.10746247919396382,-0.003864920238383504,0.24032783260013169,-0.0038754945604998993
1772,0.0,5428.673739782734,0.0,0.0010497942111560884,0.6000921790741445,0.0020786080396995445,0.3482571365423355,-0.002089263780440066
1773,0.0,5427.809317915304,0.0,0.0003958526869188591,0.6525414630519126,0.00592490504851799,0.4395424344952086,0.0003149868682473509
1774,0.0,5426.45806872791,0.01996982562719216,0.0002918041332573098,0.4804963192692712,0.004978294458851111,0.4518285999274273,0.0017139791454284787
1775,0.0,5425.231658793626,0.001747248842627435,0.0010930125962022677,0.5122251558572498,0.0021554935776079073,0.46994756670637405,0.001846433475082307
1776,0.0,5424.686269710609,0.000147391703380642,0.004243924541145534,0.4835950374127449,-0.0007261024149976802,0.4740418079182853,0.0010746727080583108
1777,0.0,5421.520727980558,0.04287784724057848,0.0005270637365214707,0.3364381974031705,0.004626732371557487,0.4327607247637508,0.0021402906071080635
1778,0.0,5421.180066848519,0.004516165183379087,0.0033438642840003126,0.36320798870867527,-0.000498918821107906,0.41189490394722816,0.0013485277786432727
1779,0.0,5417.440717263871,0.1364785311584499,0.0017712988945203236,0.32774835178869255,0.0055046535948356625,0.38665093829966746,0.0025953655235009896
1780,0.0,5420.886457366124,0.1421140127626163,0.008751540843259801,0.07426224753224554,-0.00869148187925837,0.2929343310694409,-0.0007906886973268181
1781,0.0,5417.994461104179,0.0017621739323084255,0.0015882425864793023,0.40685236198431224,0.0033544318211264543,0.3271097403439023,0.0004528474582091637
1782,0.0,5421.152691235806,0.02667250204412509,0.006598339941349287,0.4543966034734414,-0.005774880691932006,0.365295799282764,-0.001415470986833187
1783,0.0,5418.088611322591,3.1790003672541335e-05,0.0002898144404697778,0.5603661703839757,0.0059707616746836265,0.42381691061312754,0.0008003988116218569
1784,0.0,5416.181702852791,0.0,0.0003558002278732081,0.778049937165493,0.0054138249728824025,0.5300868185788371,0.0021844266600000205
1785,0.0,5416.958257603732,0.010368226444771802,0.003671874266943625,0.3765573336699807,-0.002542588937399369,0.4840279731061802,0.0007663219807802035
1786,0.0,5417.857600397965,0.0410555225140218,0.0046217690695234065,0.3746859118863588,-0.004181005341352214,0.45122535474023373,-0.0007178762158595216
1787,0.0,5413.670784810582,0.0,0.0002635713922489925,0.5607400852443675,0.007954191919398557,0.48407977389147383,0.001883744224717902
1788,0.0,5413.869339643549,0.0,0.0013599674383827413,0.6912927843136847,0.0002556424801415592,0.546243677018137,0.001395313701344999
1789,0.0,5415.788330306543,0.001422785046584171,0.006073039074552539,0.4983346679289207,-0.006018268852874825,0.5318709742913721,-0.0008287610649209481
1790,0.0,5413.799110957243,0.005598578893478532,0.0006647561468373746,0.47817212451482094,0.0027252869165099174,0.5157613193584067,0.00023745332950831158
1791,0.0,5416.698723088771,0.007772734008722076,0.005946138003009059,0.41829246248893065,-0.005187459720117288,0.48652066229756386,-0.0013900205853793683
1792,0.0,5421.567632023649,0.13114859073514923,0.010332989974843628,0.04516003531470152,-0.010332989974843628,0.35411247420270514,-0.004072911402218646
1793,0.0,5425.17775328742,0.004660938165676764,0.006053305314458006,0.4489426383173718,-0.005903443214659224,0.38256152343710514,-0.004622070945950818
1794,0.0,5427.775805689774,0.03112346013050693,0.00348883391785565,0.31580170944722635,-0.0009774068381781227,0.36253357924014146,-0.0035286717136190095
1795,0.0,5428.409133891497,0.0,0.0011478506537098427,0.7411499868174781,0.0036422514698440495,0.47611850151334245,-0.0013773947585800916
1796,0.0,5429.645705141101,0.10403667402476781,0.0022810249752596664,0.24808605059491573,0.001156901046618353,0.4077087662378144,-0.0006171060170205582
1797,0.0,5429.541087715618,0.0,0.0020299090063790304,0.7548098363458067,0.0016784519273203883,0.5118390872702121,7.156136628172575e-05
1798,0.0,5428.211812546192,1.2103313887342282e-05,0.0025068905497667264,0.6672038197670481,0.0034091603137724217,0.5584485070192629,0.0010728410505289345
1799,0.0,5430.136563686886,0.006335170879207876,0.004696381405344033,0.5276767828089282,-0.004129143010094287,0.5492169897561624,-0.00048775416765803185
1800,0.0,5429.343221205808,0.0,0.00145799824492993,0.8030905035092111,0.0005555771649301837,0.625379043882077,-0.00017475476788156714
1801,0.0,5432.326877201404,0.015428068217866388,0.006441515413101493,0.36410145716573533,-0.005700591284186877,0.5469957678671745,-0.00183250572277316
1802,0.0,5433.223563999239,0.0,0.002277389280342266,0.819499628216777,-0.001609706873829941,0.6287469259720553,-0.0017656660680901942
1803,0.0,5435.56891802689,0.0,0.003738885471541374,0.46130904151813495,-0.002903724676880974,0.5785155606358792,-0.002107083650727428
1804,0.0,5438.468719204203,0.029017841154029795,0.00473891435511553,0.4863308563346739,-0.004114221813028556,0.5508601493455175,-0.0027092250994177666
1805,0.0,5437.002333736295,0.010373993495368241,0.00016543423296044594,0.3635779019730761,0.005362732906793848,0.49467547513378507,-0.0002876376975542822
1806,0.0,5440.883001273629,0.0,0.0055417615142432765,0.6606320308067438,-0.0052506296534885425,0.5444624418356727,-0.0017765352843345601
1807,0.0,5443.834951891471,0.013305161129006987,0.006053967835036164,0.5323399458343787,-0.005776252215369218,0.5408256930352845,-0.0029764503636449573
1808,0.0,5444.292832743244,0.003618655286169327,0.001515362380664191,0.5149805966373611,0.001020657911805011,0.5330721641159075,-0.0017773178810099666
1809,0.0,5444.683561499133,0.0,0.001280680585337993,0.6472870888273806,0.0023605057990702455,0.5673366415293495,-0.0005359707769859029
1810,0.0,5447.389407614239,0.009469566813933314,0.004212236328569486,0.48677234594902946,-0.0037634744980424356,0.5431673528552534,-0.0015042218933028625
1811,0.0,5449.6925557331,0.0,0.004365004919687664,0.7489915853440957,-0.004177246442712487,0.6049146226019061,-0.0023061292581257496
1812,0.0,5449.13741697883,0.0,0.000673602559529752,0.6328118896523448,0.0028195255960101412,0.6132838027170376,-0.0007684328018849822
1813,0.0,5452.001786358548,0.0030691947026178696,0.003931106608134051,0.5066733663808852,-0.003533200197122747,0.5813006718161919,-0.0015978630204563117
1814,0.0,5450.933577685077,0.0,0.000600305920950715,0.6321700701418566,0.003092463197548629,0.5965614913138912,-0.0001907651550548294
1815,0.0,5452.299732510734,0.015410124021621596,0.002845300205811498,0.4437727746394179,-0.001173766692351524,0.5507248763115492,-0.0004856656162438378
1816,0.0,5452.953767616607,0.0304883157515871,0.0020978333024740314,0.4402300334636077,-0.0011436233667098928,0.5175764234571667,-0.0006830529413836543
1817,0.0,5453.287389648905,0.02564985241610247,0.0027319309660395223,0.5114992156244206,-0.00016068367780952127,0.5157532611073429,-0.0005263421623114144
1818,0.0,5454.3501280859555,0.11198610618915059,0.0036435355397145025,0.2099289547446235,-0.0014805940064835407,0.42400596919852707,-0.0008126177155630522
1819,0.0,5460.018076490895,0.15589017179157802,0.011226093686399388,0.005605479730499015,-0.011226093686399388,0.29848582235811866,-0.0039366605068139535
1820,0.0,5462.530760667119,0.0,0.004862808283152068,0.692328911733144,-0.004224254392306355,0.41663874917062627,-0.004022938672461673
1821,0.0,5466.21965348788,0.0,0.0036370082519669193,0.6055560739215233,-0.003416882903969789,0.4733139465958953,-0.0038411219419141078
1822,0.0,5467.911124491081,9.653981740550359e-05,0.0009095625357350949,0.52268521609488,0.0008267099413946947,0.4881253274455907,-0.0024407723769214666
1823,0.0,5467.550712603881,0.0020541518963120096,0.0012793585757882094,0.5996407207177289,0.004853725636865371,0.5215799454272321,-0.00025242297278541535
1824,0.0,5467.8916677127745,0.0,0.0018326114691867177,0.856420158808801,0.0018426657062960421,0.6220320094417027,0.00037610363093902187
1825,0.0,5468.290220220677,0.0,0.0018026652267659736,0.4564431003769514,-0.0005830481127662429,0.5723553367222772,8.835810782744242e-05
1826,0.0,5467.711837944852,0.012401273915921548,0.0034504545537333954,0.376255336333315,0.0008095068712458444,0.5135253366055885,0.000304702736852963
1827,0.0,5470.83049542307,0.045475109161765406,0.007131545382004773,0.2815224061446266,-0.00660193872264329,0.4439244574672999,-0.0017672897009959128
1828,0.0,5472.381385598221,0.0,0.0036081750187644808,0.535852605353062,-0.0034747828115770196,0.47150290183302856,-0.002279537634170245
1829,0.0,5476.628200372368,0.004536855595834968,0.007749956425511094,0.5631190171704742,-0.0069116232728454055,0.49898773643426225,-0.003669163325772793
1830,0.0,5475.912774067046,0.09029053497961344,0.0012789681694926145,0.3228562099087246,0.004017871643591036,0.44614827847660093,-0.0013630528349636442
1831,0.0,5479.396004198023,0.0,0.004148178574749262,0.7437494126512559,-0.0033778904403991778,0.5354286187289974,-0.0019675041165943042
1832,0.0,5483.1235791438785,0.0,0.006263955095921448,0.7002595407218118,-0.006263955095921448,0.5848778953268416,-0.0032564394103924473
1833,0.0,5485.043119276855,0.0,0.004839109330622944,0.600540403377205,-0.0018138735134814049,0.5895766477419506,-0.002823669641319134
1834,0.0,5490.102685435593,0.01505581620017847,0.007032421193367834,0.19796581461203597,-0.007030985543156835,0.4720933978029762,-0.004085864411870444
1835,0.0,5491.3596322237245,0.0,0.0010172226642912604,0.6079530052269714,0.0004929277515956318,0.5128512800301748,-0.0027122267628306206
1836,0.0,5491.318165467891,0.0030691947026178696,0.0008278717008793239,0.6718175058486862,0.004455507285467772,0.5605411477757282,-0.0005619065483411028
1837,0.0,5497.271003534485,0.07350002878839675,0.009557089416455741,0.1305494637129324,-0.009553096987941734,0.43154364255688943,-0.003259263680221292
1838,0.0,5500.77022744311,0.10209663815046602,0.006628931705622178,0.1688670290644693,-0.006568927835103017,0.35274065850916336,-0.00425216292668581
1839,0.0,5504.023365286024,0.029700288524485217,0.0034366299715900845,0.349588341207925,-0.003205130717228408,0.35179496331879184,-0.003938053263848589
1840,0.0,5506.581528151683,0.048775691538571024,0.0018086280908330631,0.4467685863033099,-0.0007360840354969536,0.3802870502141472,-0.0029774624953430983
1841,0.0,5507.9968662387155,0.0004368664983912494,0.0011086966846102515,0.419136689454919,0.0012775787391642087,0.39194194198637866,-0.0017009501249909058
1842,0.0,5512.228109729691,0.18326854599953218,0.005642694251674349,-0.0014823934759750045,-0.005642694251674349,0.2739146413476725,-0.0028834733629959385
1843,0.0,5515.05456727889,0.0,0.004496996908562636,0.514571574033028,-0.003996485457175511,0.34611172115327915,-0.0032173769912498098
1844,0.0,5515.8289070939745,0.2500024941591463,0.0025179222587289663,0.05523509398780465,0.001524467512995433,0.2588487330036368,-0.0017948236399762368
1845,0.0,5517.206640488983,7.339437995631195e-05,0.0014831594015611088,0.4641864473899741,0.0005559407779518284,0.32045004731953797,-0.0010895943145978171
1846,0.0,5518.602281365831,0.0,0.00239561674207483,0.5125566706668125,-0.0009925774386847239,0.37808203432372034,-0.0010604892518238892
1847,0.0,5518.60542348911,0.0,0.002923088352398848,0.6215658701876766,0.0011726350397015626,0.45112718508290717,-0.0003905519643662536
1848,0.0,5515.542060502511,0.0,0.0002961643817379168,0.8318064717474518,0.0075029555245790455,0.5653309710822705,0.0019775002823173363
1849,0.0,5515.998493643705,0.0275448293861214,0.001577690834740689,0.34513614056762265,-0.0006264732597024682,0.49927252192787613,0.0011963082197113948
1850,0.0,5516.716778934182,0.0001118069371639215,0.003694656329836644,0.3869108129772332,-0.003606169991727419,0.46556400924268326,-0.00024443524372024937
1851,0.0,5515.5814326503705,0.011119373549778391,0.0012095172215090958,0.4658216423458823,0.0011293351642301783,0.46564129917364294,0.0001676958786648789
1852,0.0,5518.564040223234,0.010373993495368241,0.006025893304091986,0.519300922116124,-0.005966133059536854,0.4817391860563872,-0.001672452802795641
1853,0.0,5519.132463135616,0.00705526079221429,0.0030126492028185155,0.4324987079112164,-0.0012892120742886463,0.46696704261283595,-0.0015574805842435424
1854,0.0,5517.889891116071,0.003618655286169327,0.0002551130822821633,0.41801403353182154,0.004395725067973998,0.4522811398885316,0.00022848111142171972
1855,0.0,5519.422770270318,0.022637254551474452,0.0040614817053466435,0.496253956683018,-0.001580642675736705,0.4654729849268775,-0.00031425602472580767
1856,0.0,5525.364401980591,0.2447369314575881,0.01260330655310013,0.0953735322636027,-0.01260330655310013,0.35444314912789504,-0.004000971183238104
1857,0.0,5526.989737272587,0.00041037611643671195,0.0033272336666182933,0.595117919002585,-0.002892058033269965,0.42664558009030207,-0.003668297238247662
1858,0.0,5530.28043765901,0.0,0.005239252889120413,0.774913441764814,-0.002535101770913404,0.5311259385926557,-0.0033283385980473843
1859,0.0,5537.3607702695,0.12848431704575253,0.010823305320366424,-0.08711070855065788,-0.010790869207094675,0.3456549444496616,-0.005567097780761571
1860,0.0,5540.98683854869,0.0,0.004342324661000374,0.5386804171658596,-0.0038553271344810504,0.40356258626452096,-0.0050535665868774145
1861,0.0,5546.657429552665,0.004842569879360137,0.0061336277369677394,0.4701206630698462,-0.005804105795535704,0.4235300093061185,-0.005278728349474901
1862,0.0,5548.783890106189,0.000691413120854776,0.0026482846082902423,0.5943982886382376,0.001053952722720623,0.4747904931057542,-0.003378924027816244
1863,0.0,5553.414240297107,0.03659097721029036,0.004038683377528943,0.10153238169358957,-0.004007099032554671,0.3628130596821048,-0.003567376529237772
1864,0.0,5553.845873610038,0.0,5.757766450991527e-05,0.7042279847047667,0.002769117149089254,0.46523753718890337,-0.0016664284257396642
1865,0.0,5559.93760094957,0.0,0.008905646888330431,0.6188529993054687,-0.008905646888330431,0.511322175823873,-0.003838193964516894
1866,0.0,5563.92957021847,0.09287797999365131,0.006868845501656352,0.16963003794542816,-0.00642081495154084,0.4088145344603395,-0.004612980260624078
1867,0.0,5567.34338939204,0.037661967861245794,0.003920459925039459,0.38294648318969204,-0.002921797054375064,0.40105411907914523,-0.004105625298749373
1868,0.0,5572.005780781994,0.002459465572982611,0.004842726153549672,0.5348372514691815,-0.0047370599034715,0.44118905879615605,-0.004295055680166011
1869,0.0,5579.360631470155,0.0649908371556919,0.010866951927465516,0.3476585137874891,-0.010866951927465516,0.4131298952935559,-0.006266624554355862
1870,0.0,5580.995743542439,0.0,0.0013279190813746497,0.5136409263687689,0.0013286422060123687,0.4432832046161198,-0.003988044526245392
1871,0.0,5583.794085001572,0.0,0.0022856749741399975,0.8128401028673296,0.0008640243928530517,0.5541502740914828,-0.002532423850515859
1872,0.0,5588.113966375364,0.0023427140350021753,0.005040793041441766,0.4117967455623367,-0.004740022153455304,0.511444215532739,-0.0031947033413976924
1873,0.0,5589.827865896873,0.0,0.0014332439153963614,0.7277216659231203,-0.000799569852964287,0.5763274506498534,-0.0024761632948676706
1874,0.0,5592.486209100804,0.060946676655755205,0.0034035757763696754,0.18267550678907593,-0.002107225556948241,0.45823186749162015,-0.0023654819734918414
1875,0.0,5592.73728078697,0.0,0.0011562091212070774,0.6070719842924932,0.002154832501538271,0.5028839025318821,-0.0010093876309828077
1876,0.0,5596.280718428897,0.0,0.0052927687373859784,0.762793904828781,-0.004876060213669604,0.5808569032209517,-0.002169389405788847
1877,0.0,5594.087072389288,0.009469566813933314,0.00023253039333802968,0.44649782177190395,0.005711932590033544,0.5405491787862373,0.00019500719295787046
1878,0.0,5593.916343928289,0.0025622923163736372,0.0013279843686705309,0.5681703471177629,0.002607339625070878,0.548835529285695,0.0009187069225917727
1879,0.0,5593.787862329798,0.0,0.0015982887018373695,0.43259508108348127,2.625804908384427e-05,0.5139633948250308,0.0006509722605393941
1880,0.0,5596.172467174315,0.28391574815660725,0.00729239051114644,-0.0899157567706715,-0.005952036981301361,0.3327996493463201,-0.0013299305120128325
1881,0.0,5595.375470439912,0.0,0.0010570835138601692,0.7114249212578576,0.0010377275299463138,0.4463872309197814,-0.0006196330994250885
1882,0.0,5596.451598551345,0.0,0.0020640906659736493,0.848215596455018,-0.0008307712363298717,0.5669357405803523,-0.0006829745404965234
1883,0.0,5594.318676878027,0.0,0.0006469770617192936,0.78042276181284,0.0051174952371675075,0.6309818469500985,0.0010571663928026858
1884,0.0,5596.211482368148,0.011038028666459457,0.0037063869350402075,0.45100310044379693,-0.0032759615577660703,0.576988222998208,-0.000242771992367941
1885,0.0,5595.712955790938,0.0,0.001185537135197546,0.6238699201587069,-5.2502456969725236e-05,0.5910527321463577,-0.00018569113174847626
1886,0.0,5598.859036974691,0.0030691947026178696,0.006642548979714859,0.46017335540696347,-0.006293711176944972,0.5517889191245394,-0.002018097145307425
1887,0.0,5598.255458356678,0.0,0.002191433626432471,0.5966301738066088,0.0015349710974851096,0.5652412955291601,-0.0009521766724696645
1888,0.0,5595.789819388024,0.0,0.00034166602355557293,0.6723554761456957,0.0072786064057448726,0.5973755497141208,0.0015170582509946968
1889,0.0,5597.40490694691,0.004842569879360137,0.00332335418626329,0.4618456622201213,-0.0024361258076493215,0.5567165834659209,0.00033110303340149133
1890,0.0,5591.657442750243,0.0,0.000245680339449189,0.8118679792251575,0.010379818771878185,0.6332620021936919,0.0033457177549444995
1891,0.0,5590.223548765643,0.0,0.0016904180405395142,0.5988127093247896,0.0025029752350016446,0.6229272143330211,0.003092894998961643
1892,0.0,5587.529263278502,0.0,0.002125981477728373,0.7892068031474146,0.0019991014785190166,0.6728110909773392,0.002764756942828855
1893,0.0,5588.13745972043,0.0,0.005319489391038818,0.8012163789277048,-0.004604039750555853,0.7113326773624489,0.0005541179348134426
1894,0.0,5590.112037163035,0.004414781442617998,0.007239273182592752,0.41944441170977304,-0.007016746401487461,0.6237661976666461,-0.0017171413660768287
1895,0.0,5588.303578888799,0.0,0.0009908367568835536,0.6944995464097076,0.0032619627794791832,0.6449862022895645,-0.0002234101224100251
1896,0.0,5587.916691362116,0.0,0.001753108009303322,0.7118761876788317,0.0026040133586878213,0.6650531979063447,0.0006248169219193289
1897,0.0,5589.549216865289,0.0,0.0036000742460388867,0.6677152246717951,-0.0031944099591822584,0.6658518059359797,-0.0005209511424111473
1898,0.0,5591.446495553515,0.01973472499901159,0.005128069009119802,0.29565612881600434,-0.00458180859653527,0.5547931027999871,-0.001739208378648384
1899,0.0,5587.821689502691,0.0,0.00023028630184431605,0.5920132229661231,0.008166803728338265,0.5659591388498278,0.0012325952534476107
1900,0.0,5588.99813676579,0.0004667569625391869,0.0027122678428117383,0.5041623894837567,-0.0006906145392602944,0.5474201140400065,0.0006556323156352392
1901,0.0,5591.87832793905,0.18999743120218524,0.007529438709066957,-0.03184507860440893,-0.007311669679781949,0.37364055624668185,-0.0017345582829899175
1902,0.0,5590.2550578967475,0.0,0.0012519721987032811,0.6447924247093201,0.0027711355211329884,0.4549861167854733,-0.0003828501417530457
1903,0.0,5595.144011197759,0.17006231581262363,0.008409193003260398,0.11014988933935368,-0.008362535743085986,0.3515352485516374,-0.002776755822152928
1904,0.0,5598.496768429896,0.06782764343306892,0.006599475007290833,0.26470529211124505,-0.006470410510035221,0.3254862616195197,-0.0038848522285176157
1905,0.0,5600.308941725884,0.08719588160524848,0.0023251867134736984,0.31295843450017646,-0.0007210382090424293,0.3217279134837167,-0.0029357080226750593
1906,0.0,5603.210962503812,0.012170263909762755,0.003160020016602055,0.47017266573925376,-0.0018768343816997063,0.3662613391603778,-0.002618045930382453
1907,0.0,5604.146737019144,0.0,0.002519793763643988,0.7209480147706964,0.0012175841971107802,0.47266734184347337,-0.001467356892134483
1908,0.0,5608.3648516678,0.0,0.006025061759995584,0.4425706079631472,-0.005999467803380662,0.46363832167937546,-0.0028269901655083368
1909,0.0,5608.137750262402,0.0,0.0013743531961672166,0.7497608482096239,0.0021194159474500628,0.54947507963845,-0.0013430683316208167
1910,0.0,5605.868397976845,0.0,0.0002385104415485351,0.5303984501506244,0.007728559864468527,0.5437520907921023,0.0013784201272059864
1911,0.0,5606.912885932105,0.004593731822023429,0.0024378034494648105,0.40761868020001,-0.0008344212333239572,0.5029120676144746,0.0007145677190470033
1912,0.0,5606.7754122315755,0.0,0.002703481626796507,0.7130275488689041,-0.0011792244113605316,0.5659467119908034,0.00014643007992474284
1913,0.0,5606.2195243019705,0.0,0.0020619403844274816,0.6920671666471807,0.0004076572260051812,0.6037828483877166,0.00022479822374887434
1914,0.0,5608.416304314844,0.0,0.00502100999664745,0.833012643542765,-0.004738522952730023,0.672551786934231,-0.0012641981291947946
1915,0.0,5611.743973292388,0.019277885684031604,0.00735091919434474,0.33883544841920177,-0.007114133597570962,0.5724368853797223,-0.003019178769707645
1916,0.0,5612.295440854127,0.0,0.0015956142531014564,0.49089505883216566,0.0002937814130242844,0.5479743374154552,-0.0020252907148880657
1917,0.0,5616.044212836283,0.02368357511530669,0.006230802306727123,0.3281648449507409,-0.004580576631259922,0.48203148967604087,-0.0027918764897996223
1918,0.0,5615.993573188441,0.038758352635222856,0.0013950037140471494,0.46670344700411515,0.002331505281422968,0.4774330768744631,-0.0012548619584328452
1919,0.0,5615.329184930604,0.0,0.0006958566002625306,0.46872646897875936,0.004344632795636174,0.47482109450575194,0.0004249864677878608
1920,0.0,5617.693362684096,0.0022178675314821106,0.00404741666760317,0.4028245764198907,-0.003635930215899882,0.45322213907999354,-0.0007932885373184621
1921,0.0,5615.879264571798,0.0,0.0003584675015724095,0.7589704551739266,0.0033697305190662605,0.5449466339081734,0.00045561717959695456
1922,0.0,5618.639635154458,0.06251764385729681,0.005339854593164323,0.16278396415314578,-0.004943413869987323,0.4302978329816651,-0.0011640921352783287
1923,0.0,5619.783555247784,0.014353217432920954,0.003254291940067809,0.5825435756086734,-0.0028092642508708177,0.4759715557697676,-0.0016576437699560753
1924,0.0,5618.677224230319,0.0,0.0003470872133460974,0.628139425381735,0.0035865207510483335,0.5216219166533578,-8.43944136547526e-05
1925,0.0,5619.051645489555,0.0,0.001880472536782048,0.5060206265271068,0.0009501844041973992,0.5169415296154825,0.00022597923170089291
1926,0.0,5622.20231327233,0.046895086731741996,0.006624814290079394,0.24383590597134716,-0.006485396167877384,0.43500984252224184,-0.00178743338817259
1927,0.0,5622.048468610059,0.0,0.002174390888423039,0.6002378778170674,0.00015959107121595604,0.48457825311068947,-0.0012033260503560262
1928,0.0,5626.480081946332,0.029633421961388465,0.0073210999781363265,0.19755189147115745,-0.0073204794191234004,0.39847034461882985,-0.0030384720609862386
1929,0.0,5628.31787833878,0.009469566813933314,0.0033556514106539764,0.4744612014943665,-0.002448674845939376,0.4212676016814908,-0.00286153289647218
1930,0.0,5631.9740324254335,0.027368864031272234,0.005139414563344965,0.5525592676294012,-0.004332682079648545,0.46065510146586386,-0.0033028776514250893
1931,0.0,5634.759836430939,0.0,0.004604207002167564,0.5109110732761432,-0.002685375008833189,0.47573189300894764,-0.003117626858647519
1932,0.0,5635.327730125232,0.005515735115298068,0.00039249632881954504,0.6536964391568579,0.00238728680956759,0.5291212568533207,-0.001466152758182986
1933,0.0,5637.186563479229,0.0,0.0028069247281073554,0.7642764718033953,-0.0005639518114799594,0.5996678213383431,-0.001195492474172078
1934,0.0,5635.74673377233,0.0,4.569469233862686e-05,0.6635781277056824,0.004576699865572133,0.6188409132485448,0.0005361652277511853
1935,0.0,5634.7006475843245,0.03344332298181595,0.0017522217144861462,0.2680984745633124,0.003402310667782447,0.5136181816429751,0.0013960088597605638
1936,0.0,5634.119579358001,0.01077120597850949,0.0016371557273302364,0.5021633608358897,0.0005938863234445579,0.5101817354008494,0.001155372098865762
1937,0.0,5637.658781450544,0.03684823616920648,0.0091842843401127,0.33335999083123335,-0.00887565409250001,0.45713521202996454,-0.0018539357585439695
1938,0.0,5638.105766221886,0.0,0.0024368871565231885,0.7145656337592713,-0.0020574835533430473,0.5343643385487565,-0.0019150000969836928
1939,0.0,5635.322396724112,0.0,0.0001874828179193618,0.8866866090053501,0.007809661206220912,0.6400610196857346,0.0010023982939776886
1940,0.0,5638.008592173095,0.0,0.0041555285920336325,0.5495896916931049,-0.0036432153466058295,0.6129196212879456,-0.0003912857981973668
1941,0.0,5637.453158968127,0.00040265525736856876,0.0019214183343760594,0.39790232200218556,0.00012929119571528766,0.5484144315022176,-0.00023511270002357044
1942,0.0,5639.364393013158,0.0,0.0047105266949669395,0.6882387026719963,-0.0035643518581890956,0.5903617128531511,-0.001233884447473228
1943,0.0,5637.599835966784,0.0,0.0015669397923751803,0.6901172472069322,0.003972481427783087,0.6202883731592854,0.0003280253151036664
1944,0.0,5641.8570100482275,0.3221388355312628,0.0077405769928728585,-0.26206907688524134,-0.007597484091687754,0.3555811381459274,-0.0020496275069337593
1945,0.0,5643.206609347805,0.006784427304908141,0.00391144371127139,0.2983748235666332,-0.0030679570978965763,0.3384192437721391,-0.002355126384222604
1946,0.0,5646.983208699397,0.1469509035700395,0.005730696540792524,-0.0035244460687509104,-0.00563475639675074,0.2358361368198721,-0.0033390153879810447
1947,0.0,5649.910845394579,0.0009301578583042748,0.004209766074417952,0.547612112730692,-0.003506860823564606,0.32936892959311803,-0.003389369018656113
1948,0.0,5652.232805616927,0.0,0.0034424161479715463,0.8004374610055439,-0.001218052391634071,0.47068948901684576,-0.0027379740305495002
1949,0.0,5653.885845696269,0.0004553693345490983,0.0019048889426066468,0.4723522870622074,0.0002008414804108711,0.4711883284304542,-0.0018563293772613887
1950,0.0,5655.883720741294,0.007017945748757749,0.002906877579615306,0.2988168932001064,-0.00123283633792822,0.41947689786134984,-0.001669281465461438
1951,0.0,5655.873200814879,0.0,0.0006156288258796904,0.5883689079686026,0.0020251463424074342,0.47014450089352566,-0.0005609531231007761
1952,0.0,5658.355802804951,0.0,0.005103292732006469,0.4828075689519079,-0.0034098795726655857,0.47394342131104034,-0.001415631057970219
1953,0.0,5660.026841991493,0.0,0.002980732042833411,0.7695150602246973,-0.0028380208413168024,0.5626149129851374,-0.001842347992974194
1954,0.0,5663.348891435272,0.13169615705941864,0.005749966019796766,0.03195439921108441,-0.0053695561561133715,0.4034167588529215,-0.0029005104419159472
1955,0.0,5664.56318837606,0.013604540077306182,0.0037746037440579794,0.43724315015508797,-0.000489818198880383,0.4135646762435714,-0.0021773027690052777
1956,0.0,5667.135072583047,0.03640852845030902,0.0029427647910857794,0.43932148403775295,-0.002246006105519223,0.42129171858182585,-0.0021979137699594613
1957,0.0,5670.932746804871,0.021665871362253914,0.0058054867473130356,0.44930384274589935,-0.005552217837339537,0.4296953558310479,-0.0032042049901734836
1958,0.0,5674.58300940217,0.004842569879360137,0.005365264712048627,0.3376294608230377,-0.005181711692739553,0.40207558732864485,-0.003797457000943304
1959,0.0,5672.7377815562195,0.0,4.951547255583929e-05,0.5866520973073329,0.007340165585533436,0.45744854032225124,-0.00045617022500028196
1960,0.0,5675.067420767767,0.04853807433738549,0.0013751774145584613,0.3945877440658132,-0.0008787235553644055,0.4385903014453198,-0.000582936224109519
1961,0.0,5675.308076740201,0.01174780075756207,0.001314991362325987,0.46467266174123484,-1.900282191864463e-06,0.4464150095340943,-0.00040862544153422257
1962,0.0,5675.904049088485,0.0,0.002145113262645253,0.6507720465572052,-0.0006173577654164412,0.5077221206410275,-0.0004712451386988881
1963,0.0,5677.284663257449,0.0024080848624173775,0.003985453575882477,0.5215611045907165,-0.0024309928029635575,0.5118738158259342,-0.0010591694379782888
1964,0.0,5680.62299759882,0.0,0.006489004650319763,0.5403207816659547,-0.006419850798460816,0.5204079055779403,-0.002667373846123047
1965,0.0,5684.285155290118,0.01896468133186781,0.006501642006580789,0.4631403773192332,-0.006415053115388991,0.5032276471003281,-0.0037916776269028302
1966,0.0,5686.843982214854,0.003198257702366247,0.0037440849565209123,0.4014666875571544,-0.002394388435700159,0.47269935923737594,-0.0033724908695420288
1967,0.0,5688.807551762019,0.0,0.002070392448418276,0.7324223965642915,-5.852423382774065e-07,0.5506162704354506,-0.0023609191813809033
1968,0.0,5688.6670847218675,0.003618655286169327,0.0011638647754985724,0.5736450591255372,0.0039040226219806953,0.5575249070424766,-0.0004814366403724237
1969,0.0,5693.302001700344,0.0,0.0072680045072932966,0.6597798672003103,-0.007176726364540541,0.5882013950898267,-0.0024900235576228585
1970,0.0,5692.175537133941,0.0010511817730832636,0.0009276294114698683,0.4193590313150127,0.0029520486619593785,0.5375486859573825,-0.0008574018917481873
1971,0.0,5696.349125198202,0.008719679995234077,0.007102863428475514,0.6194543689495144,-0.006065475515864912,0.5621203908550221,-0.0024198239789832046
1972,0.0,5697.492194713546,0.0,0.002575829468327246,0.663484672666452,-0.0013874418539372684,0.592529675398451,-0.0021101093414694237
1973,0.0,5696.170058732745,0.0009745752572769129,0.0005008588126612755,0.6117802246702834,0.005363021160670759,0.5983048401800007,0.00013182980917263122
1974,0.0,5694.758899548072,0.0,0.0020960071876391212,0.6684121682095093,0.005132452623385095,0.6193370385888533,0.0016320166534363704
1975,0.0,5695.450654437394,0.015301924823262173,0.004400531835908415,0.4544224713403771,-0.0016464794312032627,0.5698626684143103,0.0006484678280444803
1976,0.0,5696.5700227251755,0.1309836034463636,0.0045525983181804236,0.16577396486672732,-0.004059054106374828,0.44863605735003537,-0.000763788752281312
1977,0.0,5697.505008650911,0.012396788246885037,0.004266738183878228,0.3615613055404405,-0.002591550134817535,0.42251363180715684,-0.001312117167042179
1978,0.0,5699.97044784638,0.08013858626376581,0.005925000611919797,0.11385416206595886,-0.0042860468249738964,0.32991579088479744,-0.0022042960644216942
1979,0.0,5697.904382049701,0.0,0.00016622641472017688,0.6933995663527213,0.00576293812810094,0.4389609235251746,0.00018587419333509613
1980,0.0,5704.40924190308,0.024316230834526505,0.011263394385488916,0.3845069088561896,-0.011263394385488916,0.4226247191244791,-0.0032489063803121075
1981,0.0,5706.152056668494,0.13892693282147497,0.004105341302829626,0.21749322598732523,-0.0036891119468219413,0.3610852711833329,-0.0033809680502650576
1982,0.0,5708.722988555834,0.13366548141485032,0.0036204255820279224,0.16050310573507134,-0.0018309569503700159,0.3009106215488544,-0.0029159647202965447
1983,0.0,5709.321708082571,0.0,0.001505142470502407,0.7246427153936037,0.002396007901668552,0.4280302497022792,-0.0013223729337070156
1984,0.0,5711.4845009050605,0.0,0.0031177748449225185,0.498816447045069,-0.0014132562576398282,0.44926610890511615,-0.0013496379308868592
1985,0.0,5711.386318888067,0.0,0.0005926381203066826,0.8065997797227109,0.0016382525884688192,0.5564662101503945,-0.00045327077508015574
1986,0.0,5709.924332766311,0.0,0.0013824578579461919,0.8359087529243435,0.004470563547293933,0.6402989729825792,0.001023879521632071
1987,0.0,5710.708618630129,0.0005230329340336967,0.003392479725464571,0.4544270166317923,-0.0012044334723154719,0.5845373860773431,0.0003553856234478081
1988,0.0,5713.311776068767,0.00012809561823393342,0.006646514678718361,0.7010137373567902,-0.006504593566504465,0.6194802914611771,-0.0017026081335378739
1989,0.0,5713.176188052674,0.0,0.0029448434594775475,0.741556285855841,-1.6776318667489593e-05,0.6561030897795762,-0.0011968585890767584
1990,0.0,5718.1800998024255,8.193214740766996e-05,0.008601396898333929,0.38615426867186237,-0.008601396898333929,0.575118443447262,-0.0034182200818539095
1991,0.0,5720.177427687718,0.1618676579044564,0.0032541488144121893,0.28070040561906356,-0.0027719462273266254,0.4867930320988025,-0.003224337925495724
1992,0.0,5726.105654307941,0.0,0.008656721645343242,0.8339480282007106,-0.008655478793304977,0.5909395309293749,-0.0048536801858385
1993,0.0,5730.147881672707,0.011315067205307174,0.004906775166728013,0.5778717911226837,-0.004860384996460469,0.5870192089873675,-0.00485569162902509
1994,0.0,5736.018932683289,0.010784549641384656,0.007230656468717423,0.47927099565671516,-0.006973118927256133,0.5546947449881717,-0.005490919818494403
1995,0.0,5740.910930793448,0.00012809561823393342,0.005078315704885115,0.5570576225276405,-0.004904862290159231,0.5554036082500123,-0.005315102559993851
1996,0.0,5747.870611638941,0.007895378493914692,0.00855816434384638,0.6705162646816722,-0.00855816434384638,0.5899374051795103,-0.00628802109514961
1997,0.0,5752.851748054453,0.10202235035545583,0.007304399289792691,0.4181195952979914,-0.004578801486692737,0.5383920622150546,-0.005775255212612547
1998,0.0,5757.617258371172,0.0003946359195795239,0.0043850798120004565,0.4172298624695569,-0.0031374888851905835,0.5020434022914053,-0.004983925314385958
1999,0.0,5759.948894579688,0.0,0.0014047049086785355,0.48565664407961096,0.0013659789668304053,0.49712737482786695,-0.003078954030021049
2000,0.0,5764.541480806046,0.0,0.0047165362004338756,0.6532035913615782,-0.004248009351176288,0.5439502397879803,-0.0034296706263676206
2001,0.0,5766.750716417393,0.062114272377847404,0.002531078910614813,0.14126185428078905,-0.0012524274662687961,0.4231437241358229,-0.002776497678337973
2002,0.0,5772.977442378468,0.053735277868134285,0.00962214290282881,0.32877442677740687,-0.0092840847798428,0.3948329349282981,-0.004728773808789421
2003,0.0,5774.031559345881,0.0,0.0034235249772895686,0.6008706880604892,0.0008931403081901319,0.4566442608679554,-0.0030421995736955552
2004,0.0,5779.062595165201,0.0,0.005434592857842576,0.5287237106724967,-0.005428760257191236,0.47826809580931773,-0.003758167778744259
2005,0.0,5781.636050243531,0.005438382658830172,0.002706783667668598,0.4654074254296577,-0.0020358165331395284,0.4744098946954197,-0.0032414624050628397
2006,0.0,5785.09917406517,0.0,0.0035753388722898935,0.5572754318509767,-0.0031650222586781167,0.49926955584208677,-0.0032185303611474226
2007,0.0,5791.833246171301,0.014353217432920954,0.010518688117451448,0.2789239305450244,-0.010518688117451448,0.43316586825296804,-0.00540857768803863
2008,0.0,5792.438664334697,0.018389925984980546,0.001444982748299543,0.36352407911473156,0.00231670535612101,0.4122733315114971,-0.0030909927747907375
2009,0.0,5797.138543162507,0.012292285905944726,0.005575134655352492,0.5707894195105693,-0.004028687767280554,0.45982815791121867,-0.0033723012725376824
2010,0.0,5797.887785413487,0.0,0.002354888485676104,0.6935021874803863,0.0017993753372205924,0.5299303667819689,-0.0018207982896101997
2011,0.0,5801.6663427730255,0.008602303341755406,0.004735819782950077,0.4514727542024431,-0.004283314078078175,0.5063930830081111,-0.002559553026150592
2012,0.0,5807.508566470438,0.02349861329651285,0.01016798644184134,0.27899634248862826,-0.01016798644184134,0.43817406085226623,-0.004842083050857817
2013,0.0,5807.91141976921,0.005303927568308763,0.0007250621658429063,0.5062317938741352,0.0020286768235827316,0.4585913807588269,-0.002780855088525652
2014,0.0,5809.849597837757,0.02050911553890876,0.0017228870543264663,0.36662795192209224,0.0011218344971928092,0.43100235210780646,-0.0016100482128101137
2015,0.0,5814.765650777514,0.0,0.007277967565077356,0.6583276257933095,-0.007277967565077356,0.4991999342134573,-0.003310424018490286
2016,0.0,5818.817599356724,0.10260506905397986,0.006626856329765976,0.24972945991140003,-0.0066264916509057884,0.4243587919228401,-0.004305244308214936
2017,0.0,5825.571902684324,0.04122901389663501,0.010443721733731915,0.4059611331983525,-0.010443721733731915,0.4188394943054938,-0.00614678753587003
2018,0.0,5829.7560937249245,0.0,0.004404534815560685,0.8359087529243435,-0.0039763190328648565,0.5439602718911487,-0.005495646984968477
2019,0.0,5832.232337038433,0.0,0.001907175319925913,0.5151555192279396,0.0014730487377630833,0.5353188460921859,-0.003405038268149009
2020,0.0,5838.739993080933,0.012524943862152445,0.007696252128015708,0.38808124522984105,-0.0076911078846938485,0.49114756583348246,-0.0046908591531124606
2021,0.0,5841.289579385291,0.0010008404487317783,0.0025354584319290064,0.3799645248897142,-0.0015692708067103973,0.4577926535503519,-0.0037543826491918415
2022,0.0,5843.981861364963,0.0,0.00211342871252591,0.6950473116798593,-0.0005661765627733979,0.5289690509892041,-0.002797920823266308
2023,0.0,5844.354441194254,0.000691413120854776,0.002004901878065186,0.4764972264598756,0.0032511873161874183,0.5132275036304055,-0.0009831883814301902
2024,0.0,5847.961044125647,0.015213760888844857,0.004932633240983367,0.2244365898482116,-0.0045582890669415505,0.4265902294957473,-0.002055718587083598
2025,0.0,5847.8273744040725,0.0,0.0017685061598517878,0.6866239841804144,0.0013882880917326867,0.5046003559011474,-0.0010225165834387125
2026,0.0,5851.5657452064925,0.003618655286169327,0.0056807147419453904,0.43635510408893347,-0.005604294119184926,0.48412678035748313,-0.0023970498441625767
2027,0.0,5850.950179925567,0.0025622923163736372,0.002665153532999093,0.5731588995367627,0.0024474261865162685,0.510836416111267,-0.000943707034958923
2028,0.0,5853.97132567329,0.011315067205307174,0.00500124280968918,0.4722450913610938,-0.0037578055936311368,0.49925901868621503,-0.001787936602560587
2029,0.0,5858.120098867226,0.004163961643984301,0.007646960479190948,0.34388315165546485,-0.007585751967509619,0.45264625857699,-0.0035272812120452964
2030,0.0,5862.009279547974,0.0,0.006165415939273786,0.6735472877423386,-0.0060930557400556366,0.5189165673265945,-0.004297013570448398
2031,0.0,5861.653745097907,0.0,0.0002335859801108533,0.8859371139437391,0.004593990265623411,0.6290227313117378,-0.0016297124196268551
2032,0.0,5865.8565209948765,0.005453265741362581,0.004243861167000717,0.24613697394495818,-0.004211822631984512,0.5141570041017038,-0.0024043454833341522
2033,0.0,5868.7579960770845,0.0,0.004437633663948214,0.6058998854472368,-0.004246941589017693,0.5416798685053638,-0.0029571243150392145
2034,0.0,5867.664259747023,0.0,0.0004759682751595099,0.6317223293772536,0.004906357412562044,0.5686926067669307,-0.0005980797967588371
2035,0.0,5871.104727007516,0.0,0.004384787968868332,0.7102810782037274,-0.004062382306329884,0.6111691481979697,-0.001637370549630151
2036,0.0,5872.477570677429,0.05201810759799635,0.0032754818992337623,0.2609303886688751,-0.0021688674177944593,0.5060975203392414,-0.0017968196100794434
2037,0.0,5870.607885264875,0.012370986257332482,0.0001458453180832031,0.42921624011630044,0.005675639749105047,0.48303313627235905,0.0004449181976759035
2038,0.0,5869.413773966663,0.0,0.0010638298348705512,0.81050092921717,0.004340880706870524,0.5812734741558023,0.0016137069504342896
2039,0.0,5870.411596470001,0.0,0.004238593567029388,0.6565639773636485,-0.0026094911274667457,0.6038606251181562,0.00034674752706397884
2040,0.0,5868.555027989309,0.0,0.002239345526375564,0.5299643893424969,0.002172458447779711,0.5816917543854584,0.0008944608032786985
2041,0.0,5868.698020601121,0.0,0.0017068917951860644,0.4578728044637623,-0.0006963658154381209,0.5445460694089496,0.00041721281766365264
2042,0.0,5866.254837542563,0.01984923273016052,0.0012249285461354122,0.4528909163016418,0.004140850834513374,0.5170495234767571,0.0015343042227185689
2043,0.0,5867.4644024542295,0.0,0.003603522271900913,0.449323818285364,-0.003018452926985634,0.49673181191933913,0.0001684770778073079
2044,0.0,5863.655957618536,0.0,0.0001805566501003532,0.8818159082343476,0.006329006630785097,0.6122570408138417,0.0020166359437006447
2045,0.0,5867.237284229598,0.01783852715975611,0.007720620560081914,0.31147296478979686,-0.007720620560081914,0.5220218180066283,-0.0009045410074341232
2046,0.0,5868.566935201217,0.0,0.004971012186135848,0.7537664354717775,-0.004833079423585167,0.591545203246173,-0.002083102532279436
2047,0.0,5868.019616862197,0.025072095832249335,0.001568171828532463,0.4915412926156097,0.00216927269454802,0.561544030057004,-0.0008073899642311992
2048,0.0,5870.091294737971,0.0,0.0028036517343820056,0.39503012957742756,-0.002112455854894993,0.5115898599131311,-0.0011989097314303373
2049,0.0,5870.248600384993,0.0013040290419116614,0.0019204185250316715,0.4851481842896361,0.0005632656869198019,0.5036573572260825,-0.0006702571059252955
2050,0.0,5873.295039013593,0.008707009121483849,0.005234046248765748,0.4943791212365773,-0.005069955459929857,0.5008738864292309,-0.001990166612126664
2051,0.0,5872.466142926341,0.0,0.001192176090124908,0.6846697467664198,0.002507974942622849,0.5560126445303876,-0.0006407241457018098
2052,0.0,5875.251470324041,1.0554089709762542e-05,0.004068614335124642,0.5283911027606157,-0.0037029783515084595,0.547726181999456,-0.0015594004074438047
2053,0.0,5878.186688146467,0.0,0.005433812504230972,0.5147391412022397,-0.0053826411279708055,0.5378300697602911,-0.0027063726236019048
2054,0.0,5881.738320014445,0.04994187961943468,0.006047617107722934,0.2542738301735297,-0.005662092107882247,0.4527631978842627,-0.0035930884688860076
2055,0.0,5884.378285888811,0.0011837499669853262,0.0026504176293069863,0.6550029498394823,-0.002531078735807896,0.5134351234708285,-0.003274485548962574
2056,0.0,5888.53194972924,0.09324202438956491,0.00502078823412928,0.0002789731921569132,-0.004774228947930844,0.359488278387227,-0.0037244085686530546
2057,0.0,5893.112414136142,0.11548173545511219,0.00597652804384715,-0.06989505327763713,-0.00597652804384715,0.23067327888776779,-0.0044000444112112826
2058,0.0,5897.441079811598,0.03007318977901713,0.005118070416939965,0.37216261215028146,-0.004955126047719518,0.2731200788665219,-0.0045665689021637534
2059,0.0,5901.101005463521,0.000691413120854776,0.003032036832356836,0.3829885499338726,-0.0028511918089057318,0.3060806201867271,-0.004051955774186346
2060,0.0,5907.3427863488705,0.007502671413406467,0.008078036080797461,0.33333299461952887,-0.008078036080797461,0.3142563325165676,-0.00525977986616968
2061,0.0,5907.385136464163,0.03947807171234008,0.0007732866946691072,0.4386786955593085,0.004351715352341499,0.35158304142938984,-0.0023763313006163267
2062,0.0,5911.543052683075,0.000691413120854776,0.003966977521625146,0.7251471611482755,-0.003084374291281235,0.46365227734505554,-0.002588744197815799
2063,0.0,5912.491522340792,0.06501395858402459,0.002700640288651026,0.23102992166119016,0.0006072309928071026,0.3938655706398959,-0.0016299516406289283
2064,0.0,5913.67354443312,0.0,0.0025718527103492845,0.7858337999093725,0.0003019771654001336,0.5114560394207388,-0.0010503729988202096
2065,0.0,5915.044619761333,0.028422696491515992,0.004095216014196158,0.2637622703298309,-0.0011147750998365996,0.4371479086934664,-0.0010696936291251266
2066,0.0,5917.827750811643,0.08710050493549754,0.004791365970127882,0.1744943457807849,-0.004659480579828508,0.35835183981966195,-0.0021466297143361407
2067,0.0,5920.382033553202,0.1460688430996074,0.004224023673571742,0.19441159306642047,-0.00411771527647817,0.3091697657936895,-0.0027379553829787497
2068,0.0,5919.38947771582,0.08252916522749895,0.001496208274759102,0.32512431679367143,0.0044179787546037705,0.31395613109368403,-0.0005911751417039936
2069,0.0,5921.903754653495,0.0,0.0034972555094787126,0.7517203475147796,-0.0023614077986465866,0.44528539602001266,-0.0011222449387867715
2070,0.0,5925.313588346348,0.01772113045794147,0.006556793573189604,0.3709258783271881,-0.006441252548389083,0.42297754071216526,-0.002717947221667465
2071,0.0,5930.7755709923895,0.1126136509336701,0.010096877567113242,0.14461630938152467,-0.010096877567113242,0.33946917131297305,-0.004931626325301198
2072,0.0,5932.691854758958,0.0,0.0025042633066281943,0.5515145503444479,-0.0009555783942250023,0.40308278502241546,-0.0037388119459783394
2073,0.0,5934.841141647057,0.035345978675810845,0.0013919792302413176,0.2370341107395659,0.0008152135697315426,0.35326818273756055,-0.0023726042912653746
2074,0.0,5936.524324795348,0.0,0.00201514084921469,0.7972677267404313,0.0004868227302591501,0.48646804593842174,-0.0015147761848080172
2075,0.0,5937.01252961434,0.0,0.0006579745598876324,0.5123566226106014,0.0015174851048703345,0.4942346189400756,-0.0006050977979045115
2076,0.0,5938.879055271513,3.867622823394803e-05,0.0035488526040664387,0.5166693054760172,-0.00228549085168904,0.500965024900858,-0.00110921571403987
2077,0.0,5940.742624653618,0.00012809561823393342,0.0038755859945003163,0.5652135652549674,-0.0032059086851525826,0.5202395870070908,-0.0017382236053736836
2078,0.0,5940.841066800176,0.0,0.0017218373442460016,0.6793638188336163,0.0010227712136873068,0.5679768565550485,-0.0009099251596553864
2079,0.0,5944.290415489932,0.0,0.0057185457637855056,0.5229234415694655,-0.00533757996640808,0.5544608320593736,-0.0022382216016811943
2080,0.0,5946.82666400962,0.040016727210010955,0.004326747957984669,0.22319950845888392,-0.00424275314130535,0.4550824349792267,-0.002839581063568441
2081,0.0,5948.515352238727,0.0,0.0021373912637089316,0.5582622744033584,-0.0010683037645724158,0.4860363868064662,-0.0023081978738696335
2082,0.0,5949.033318779723,0.017278347663626202,0.0005548753554377074,0.5354205255091053,0.001974974892219146,0.5008516284172579,-0.0010232460440429995
2083,0.0,5950.906527595638,0.020438351976645213,0.00290205797032404,0.17016405281773908,-0.001455510329373086,0.4016453557374023,-0.0011529253296420254
2084,0.0,5953.648021207075,0.03432185616505804,0.00499764820908094,0.3453136700305895,-0.004597525172546805,0.38474585002535844,-0.002186305282513459
2085,0.0,5953.790338893126,0.08877802568226259,0.001713581902080528,0.27757139432612016,0.0009955647592073556,0.35259351331558697,-0.0012317442699972148
2086,0.0,5951.980936857145,0.0,0.0011017798185202383,0.6373760716809372,0.006098311588831393,0.4380282808251921,0.0009672724876513676
2087,0.0,5956.60512426614,0.025401255283983987,0.008422923007716623,0.43270539360954857,-0.008390959841145799,0.436431414660499,-0.0018401972109877822
2088,0.0,5957.935318355695,0.0025622923163736372,0.004884624597201588,0.682211599529832,-0.0037021383107517726,0.5101654701212989,-0.002398779540916979
2089,0.0,5962.02823027941,0.11199695296790156,0.006510078598756155,0.2619911673725085,-0.006510078598756155,0.43571317929666176,-0.0036321692582687317
2090,0.0,5966.115773729686,0.0,0.006305582745467276,0.4829346398523158,-0.005865646447191779,0.4498796174633579,-0.004302212414945645
2091,0.0,5970.533785556118,0.0,0.005324301238752977,0.6058317920334719,-0.005241422810413841,0.4966652698343921,-0.004583975533586104
2092,0.0,5976.379368320126,0.14929769754388444,0.007549216105392305,0.1706162351500001,-0.00750582717887987,0.3988505594290745,-0.005460531027174234
2093,0.0,5983.478506384717,0.04786947105869868,0.009828266398264134,0.13798509072555323,-0.009787374327614265,0.3205909188180181,-0.006758584017306243
2094,0.0,5986.055458637178,0.017293792437815477,0.0016296599174529618,0.3191614701466085,0.0006010102947331285,0.3201620842165952,-0.004550705723694431
2095,0.0,5992.133363211121,0.05327235397367439,0.006671549754582698,0.4757729247211891,-0.005432496772532629,0.36684533636797334,-0.00481524303834589
2096,0.0,5994.578665673736,0.0,0.003093330752031744,0.7286822763248738,-0.00015342654166956913,0.4753964183550434,-0.0034166980893429936
2097,0.0,5999.072320435077,0.033584966374403995,0.005516513502554389,0.36946676027917635,-0.0042035401674575,0.44361752093228324,-0.0036527507127773456
2098,0.0,6002.559712317617,0.047894791857283334,0.0040358236813076275,0.3080860783021261,-0.003554141299195257,0.4029580881432361,-0.003623167888702719
2099,0.0,6010.053012374184,0.1681011322246657,0.011655127796674608,0.011258297614511064,-0.011655127796674608,0.28544815098461856,-0.006032755861094285
2100,0.0,6011.352890390018,0.0,0.0010924306246525182,0.6106843086968659,0.0013174188452886567,0.3830189982982927,-0.003827703449179402
2101,0.0,6012.219992493441,0.0,0.0007022285452549067,0.856636832800515,0.004637145616891062,0.5251043486489594,-0.0012882487293582625
2102,0.0,6019.776975299494,0.0,0.011702846055990469,0.6052487965948617,-0.011702846055990469,0.5491476830327301,-0.004412627927347924
2103,0.0,6021.9845967136525,0.034932591612886275,0.0036836109889973223,0.2618831628233455,-0.0030734260227794287,0.4629683269699147,-0.004010867355977375
2104,0.0,6023.824561713011,0.0,0.002068607925893146,0.7929685560808122,0.0009303464821572853,0.5619683957031839,-0.0025285032045369764
2105,0.0,6025.400336952994,0.004842569879360137,0.0015055566399384546,0.6432272679233064,0.0010004760460338234,0.5863460573692206,-0.0014698094293657362
2106,0.0,6024.639137978466,0.0,0.0007273928429106048,0.628691822548492,0.0042809307612135606,0.599049786923002,0.0002554126278080527
2107,0.0,6026.179173309279,0.0,0.0028485958601810577,0.6682465096816901,-0.0016879976430950717,0.6198088037506084,-0.0003276104534628845
2108,0.0,6028.574104231467,0.10282223353786718,0.0059598992604373855,0.2224704755899253,-0.005241843806295234,0.5006073053024035,-0.0018018804593125893
2109,0.0,6024.592587593302,0.031979129835749194,0.0,0.4064938369890487,0.00871116557100333,0.47237326480839703,0.0013520333497821864
2110,0.0,6027.849675058188,0.03576327470232278,0.005323770778335558,0.34266276768130605,-0.0049649747963021905,0.4334601156702697,-0.0005430690940431268
2111,0.0,6030.146113451498,0.0012079786518781087,0.006821475227452214,0.4256914014286838,-0.006169986846500773,0.43112950139779393,-0.0022311444197804205
2112,0.0,6032.372189756337,0.020458970578302826,0.004953577740420979,0.4051724381695886,-0.00397899764462885,0.4233423824293323,-0.002755500387234949
2113,0.0,6031.679887210898,0.0,0.00030335557362369916,0.7866813788016461,0.003881218256402812,0.5323440813410264,-0.0007644847941436208
2114,0.0,6036.291470595724,0.0008913305619946578,0.006723831097298316,0.33725601747891537,-0.006705298948592589,0.4738176621823931,-0.002546729040478311
2115,0.0,6037.593755036384,0.0,0.0024867425895483057,0.9302612199928453,-0.0018106405474555768,0.6107507295255288,-0.0023259024925714905
2116,0.0,6042.3001751291495,0.044017136098010355,0.007353302690878356,0.33309535323443873,-0.007055286505570588,0.5274541166382017,-0.003744717696471219
2117,0.0,6045.636282950736,0.0,0.006321570938039736,0.9049328513473,-0.004371379627858946,0.6406977370509311,-0.003932716275887537
2118,0.0,6052.127405819289,0.012292285905944726,0.009478370854256997,0.4963893671973409,-0.009458561864167759,0.597405226094854,-0.005590469952371603
2119,0.0,6053.275556308233,0.017740598352542193,0.002050798745244541,0.3042093101010024,0.0019375355167681066,0.5094464512966985,-0.0033320683116296905
2120,0.0,6057.702173000648,0.0,0.004424133435614589,0.5670975674795302,-0.00325987572916103,0.526741786151548,-0.003310410536889092
2121,0.0,6060.205832842778,0.0,0.002127981282846061,0.6903640231021464,-0.0016071197407872399,0.5758284572367275,-0.002799423298058536
2122,0.0,6063.75334928311,0.07437043408296981,0.004842586020875861,0.21741515766528685,-0.003825672304012397,0.46830446736529524,-0.0031072979998446938
2123,0.0,6063.346894471989,0.23210254806784883,0.0012484038211841527,0.1325221730947343,0.0038923175419735088,0.3675697790841269,-0.0010074133372992328
2124,0.0,6064.530345964093,0.0,0.002315525206959953,0.5241342931787529,0.0008132203636752137,0.4145391333125147,-0.0004612232270068988
2125,0.0,6062.774747551642,0.0,0.0005681430089750892,0.8728292835163662,0.004726103220084862,0.5520261783736702,0.0010949747071206297
2126,0.0,6061.690836018075,0.0,0.0022564420850044514,0.626782658062101,0.002692965943598386,0.5744531222801994,0.0015743720780639564
2127,0.0,6060.169958407439,0.0,0.002105427899805432,0.8030905035092111,0.0019622975323244944,0.6430443366489029,0.0016907497143421176
2128,0.0,6056.580395480949,0.005063849902101151,0.0012099862990958394,0.37767333526551256,0.0057678372774397964,0.5634330362338857,0.002913875983271421
2129,0.0,6056.912147850519,0.0038448953470497657,0.0038876831595022706,0.5076673808232004,-0.002573759888348989,0.5467033396106802,0.001267585221785298
2130,0.0,6060.39238549098,0.0864099905819841,0.010338598617775563,0.3373815521201934,-0.010338598617775563,0.48390680336353414,-0.0022142699300829603
2131,0.0,6059.761205929865,0.005559020848675971,0.0016173843828442788,0.5775622888109587,8.681739338371486e-05,0.5120034489977615,-0.0015239437330429578
2132,0.0,6061.574867149462,0.056247310445910456,0.0024444964909098735,0.33038481761897814,-0.0014084320414462462,0.4575178595841265,-0.0014892902255639441
2133,0.0,6065.757791984337,0.011102568515068332,0.007064931591339549,0.4385978730957548,-0.007064931591339549,0.45184186363761497,-0.0031619826352966254
2134,0.0,6065.8287690304005,0.0,0.0013322705697343775,0.7967818292897418,0.0015352244154684862,0.555323853333253,-0.001752820520067092
2135,0.0,6065.45006077635,0.0334716884098309,0.000897268740421827,0.36332443293994554,0.004155741629374536,0.49772402721526066,1.974812476539657e-05
2136,0.0,6068.662559456265,0.1258631760136173,0.006142789819913262,0.03183684025872807,-0.004867673713284374,0.35795787112830085,-0.0014464784266495345
2137,0.0,6068.358043838254,5.429058492676175e-06,0.00144214264042224,0.558721594410011,0.0006741065086691428,0.4181869881128139,-0.0008103029460539313
2138,0.0,6071.105619056219,0.0,0.0044511003443584995,0.6088370269268998,-0.0041836040535835626,0.47538199975703965,-0.0018222932783128207
2139,0.0,6072.411903713446,0.004209998497189186,0.003851676385495758,0.6530681666428816,-0.0018014319138203515,0.5286878498227923,-0.0018160348689650798
2140,0.0,6074.197634645912,0.0,0.0025870366530211476,0.8188779529389061,-0.001746382491520126,0.6157448807576263,-0.0017951391557315935
2141,0.0,6075.9373136225695,0.004842569879360137,0.0034005121297901986,0.5180721750818666,-0.0016578307480404238,0.5864430690548984,-0.0017539466334242425
2142,0.0,6077.2068281860265,0.017596681051878203,0.001250814146663061,0.550672916473779,-0.0007018042769246412,0.5757120232805626,-0.001438303926474362
2143,0.0,6081.241629079255,0.0,0.006519084685713545,0.8094679596094323,-0.006518878120805342,0.6458388041792235,-0.002962476184773656
2144,0.0,6083.759289540287,0.004388559850399987,0.0041668140270926845,0.4935996192573012,-0.003623456196040368,0.6001670487026467,-0.0031607701881536695
2145,0.0,6087.51134650127,0.0,0.005094117836291085,0.5391248337613098,-0.004599173885068044,0.5818543842202456,-0.0035922912972279814
2146,0.0,6086.835092084426,0.0,0.0002548002658117628,0.8810338458701489,0.004851011118468593,0.6716082227152166,-0.001059300572519009
2147,0.0,6085.520479891772,0.004518810154519916,0.0,0.37049953670902996,0.006524883026496151,0.5812756169133606,0.0012159545071855392
2148,0.0,6091.018353786151,0.0030691947026178696,0.010401130621380686,0.48522891290201986,-0.010401130621380686,0.5524616057099583,-0.0022691710313843287
2149,0.0,6093.006883056508,0.2047493895786081,0.005568851377901858,-0.05327591003167969,-0.005314839798584687,0.3707403509874669,-0.003182871661544436
2150,0.0,6096.132145298515,0.06405788425285139,0.004600189081251541,0.28474788456326994,-0.004014623527260199,0.34494261106020774,-0.003432397221259165
2151,0.0,6096.59847592223,0.0,0.00099837631210508,0.748618801972699,0.002486985732255082,0.4660454683339551,-0.0016565823352048905
2152,0.0,6100.412222317541,0.05892761180359722,0.005171531678111842,0.27003924272541546,-0.004300866954119361,0.40724360065139315,-0.002449867720879232
2153,0.0,6099.913910606797,0.0,0.0005893078318076544,0.6498729241480619,0.0028658338182578963,0.48003239770039374,-0.0008551572591380933
2154,0.0,6100.228229355015,0.0,0.0017709416011173575,0.7210448799713837,0.0019327463695931948,0.5523361423816907,-1.878617051870692e-05
2155,0.0,6102.188047847715,0.0,0.004400921825865073,0.5362136572830888,-0.003191383624419413,0.5474993968521101,-0.0009705654066889188
2156,0.0,6103.48781759822,0.0,0.003042660210288171,0.7422150752677406,-0.002647844493981577,0.6059141003767992,-0.0014737491328767162
2157,0.0,6105.551937492818,0.014394844446271347,0.0038465107435396513,0.4736569931347416,-0.00322783793457416,0.5662369682041819,-0.0019999757733859492
2158,0.0,6100.4235398926385,0.04137937970654838,5.0081591094184054e-05,0.3300853107395481,0.012302649337678747,0.49539147096479175,0.0022908117599334597
2159,0.0,6103.345866561701,0.0,0.005767448945402289,0.8477771731056823,-0.004100322953268091,0.6011071816070589,0.0003734713459729944
2160,0.0,6103.5377592060295,0.0,0.003980049535843158,0.6084993962652705,-0.0028015998983624865,0.6033248460045223,-0.0005790500273276499
2161,0.0,6106.595291582979,0.21712334057394458,0.006760704130775425,-0.07887014204907129,-0.0067347646862308715,0.39866634958844416,-0.002425764424998616
2162,0.0,6108.437898343729,0.13938867885875053,0.004894334220626027,0.26329400311378887,-0.003134513455386907,0.35805464564604755,-0.0026383891341151032
2163,0.0,6110.094024444277,0.027577120139384514,0.0029188459276823548,0.4535288779472579,-0.000813491886178731,0.3866969153364106,-0.0020909199597341915
2164,0.0,6113.056910071944,0.13754777450385383,0.0037726158084382196,0.1258239462783557,-0.0033372347112813386,0.30843502461899414,-0.0024648143851983355
2165,0.0,6117.0797943966945,0.016553033591690525,0.006194785813120192,0.4982298208781692,-0.006100266785790369,0.3653734634967466,-0.0035554501053759457
2166,0.0,6116.737790572861,0.0,0.0008959991948149123,0.7791665346883055,0.0034281667052910767,0.48951138485421425,-0.001460365062175839
2167,0.0,6116.87745737288,0.0,0.0004400013252753228,0.7780808326387324,0.003473469903983281,0.5760822191895697,1.978542767189684e-05
2168,0.0,6120.511172742174,0.02216582192971356,0.0071513243041707066,0.28326998068191717,-0.006049851139082017,0.4882385476372739,-0.0018011055423542773
2169,0.0,6121.7483178351495,0.0,0.003219539084964741,0.47025375095386335,-0.0025229493665918745,0.4828431086322508,-0.002017658689625556
2170,0.0,6119.582136325032,0.0,0.0004929710186854586,0.83517422087477,0.006473098864764504,0.5885424423050065,0.000529568576691462
2171,0.0,6117.965004210168,0.0,0.00036553009247415684,0.677089618585719,0.005448687683629697,0.6151065951892203,0.0020053043087729324
2172,0.0,6120.247256264431,0.013305161129006987,0.005819431462359929,0.584494562990414,-0.005389880059962813,0.6059229855295784,-0.00021325100184779126
2173,0.0,6117.170886844596,0.0027939610892504,0.0004631101835197585,0.31046187949366155,0.0043291297614269685,0.5172846537188033,0.0011494632271346367
2174,0.0,6119.1171081829,0.0,0.0051324084621156086,0.8687270023394744,-0.0038803856290057625,0.6227173583050045,-0.0003594914297074831
2175,0.0,6117.156510742731,0.05473099465684295,0.001632856906179465,0.1474568617380894,0.002902199281655445,0.48013920933492993,0.0006190157837013953
2176,0.0,6120.515427545199,0.04453294418130929,0.0066680942932783515,0.21686527288232238,-0.0066490654235144865,0.4011570283991477,-0.001561408578463369
2177,0.0,6122.25757907965,0.0006566404769991573,0.00449835600000712,0.4268160496652802,-0.004209231780694412,0.40885473477898737,-0.002355755539132682
2178,0.0,6125.233375786626,0.12872602419215634,0.004606462155372564,0.1371889575705568,-0.0044749527228368745,0.3273550016164582,-0.0029915146942439395
2179,0.0,6125.241152201631,0.08110541031790228,0.0009971276858368639,0.32587682839712323,0.002562357600932899,0.32691154965065766,-0.001325353005690888
2180,0.0,6125.208914117374,0.0,0.0006664939345542137,0.6424423903970992,0.003238546857274813,0.42157080187459006,4.3816953198822406e-05
2181,0.0,6126.120844700761,0.0025622923163736372,0.002318028164658051,0.48499634209581877,-0.0005211050408450219,0.4405984639409587,-0.0001256596450143309
2182,0.0,6129.186617519942,0.09742322981298737,0.007391047432913897,0.2098461613889223,-0.00642743354766833,0.3713727731753477,-0.0020161918158105308
2183,0.0,6127.954671678571,0.08639689821486811,0.0008185208238411206,0.3397719598583323,0.0027814572920703147,0.36189252918024306,-0.0005768970834462771
2184,0.0,6129.574278212544,0.0013040290419116614,0.0036202480771285756,0.589771882310858,-0.0012499430924984797,0.4302563351194275,-0.0007788108861619379
2185,0.0,6133.4556150346525,0.10603838180668661,0.007454549538995189,0.0949798701436541,-0.007452733463877071,0.32967339562669545,-0.0027809876594764773
2186,0.0,6134.246995579631,0.0,0.0031188670786727593,0.7031077514241955,-0.000721573643142422,0.4417037023659454,-0.002163163454576261
2187,0.0,6135.404656798414,0.008843998066789633,0.0039045278024260866,0.4326404851298887,0.0005751997500977711,0.4389847371951283,-0.0013416544931740514
2188,0.0,6137.256095221914,0.02215319486251786,0.0027184698618574013,0.2783472318509759,-0.0015479658465590014,0.3907934855918826,-0.0014035478991895364
2189,0.0,6139.515181582665,0.0,0.00393862094852764,0.6966249922509798,-0.0032503919920421442,0.48254293758961175,-0.0019576011270453185
2190,0.0,6138.7824557204885,0.0004771754911991337,0.0024001059138938365,0.38615244384066566,0.003070107988149369,0.45362578946492793,-0.00044928839248691216
2191,0.0,6138.652380005411,0.005515735115298068,0.000768614934342103,0.43426323766206976,0.0023288792634385807,0.44781702392407047,0.00038416190429073566
2192,0.0,6143.1980579171495,0.04355598461376624,0.009223135904646237,0.37260943877823566,-0.009018160319959617,0.42525474838032,-0.00243653476298437
2193,0.0,6141.850103007599,0.0,0.0022670996989383853,0.7688208170579754,0.0025095930263875047,0.5283245689836167,-0.0009526964261728074
2194,0.0,6140.802051904942,0.03512917724485742,0.0012675236525154236,0.3929338516253376,0.004761192526400311,0.48770735377613295,0.0007614702595991282
2195,0.0,6142.743916821819,0.02281002184983788,0.003966613248057417,0.3592835032257219,-0.003084887727045659,0.4491801986110096,-0.000392437136394308
2196,0.0,6142.591982409727,0.0,0.0035299931336172006,0.5023919565853779,-0.00046031661454200463,0.4651437260033201,-0.000412800979838617
2197,0.0,6143.012138433416,0.002430319247133912,0.0023872834136604015,0.4635164472618483,-0.00044933632478113037,0.4646555423808786,-0.00042376158332137095
2198,0.0,6145.631447428584,0.12703937319069866,0.006231466200239628,0.0583329009143828,-0.005009235986629102,0.3427587499409298,-0.00179940390431369
2199,0.0,6147.1929450886655,0.02443164288496005,0.004082757612838798,0.27228212740952135,-0.0027367266465317124,0.32161576318150725,-0.002080600726979097
2200,0.0,6148.943560479764,0.005515735115298068,0.003163118484880903,0.49774763465319993,-0.001686044634169359,0.374455324623015,-0.0019622338991361755
2201,0.0,6154.097729225896,0.0,0.008488799384709879,0.44202496914493594,-0.008488799384709879,0.3947262179795913,-0.003920203544808286
2202,0.0,6156.641943819295,0.0,0.004236860594689684,0.614462132513502,-0.003093111610280954,0.46064699233976447,-0.003672075964450086
2203,0.0,6159.946084431138,0.0,0.0031332188142212574,0.6079216932687243,-0.0026470777503120307,0.5048294026184523,-0.003364576500208669
2204,0.0,6164.656808351136,0.006228879111038447,0.006125119360798096,0.3861204489999979,-0.0058487383495178175,0.46921671653291597,-0.004109825055001413
2205,0.0,6170.305326684658,0.06278811356414998,0.008599363460603169,0.21867872340824,-0.00809173662982815,0.3940553185955131,-0.005304398527449434
2206,0.0,6173.550298529728,0.0,0.004555780284455071,0.48702503902273914,-0.0022582736396268687,0.4219462347236809,-0.004390561061102664
2207,0.0,6176.790003247896,0.04353204208679149,0.0032502556739129004,0.4831513491417234,-0.001041029652541409,0.44030776904909363,-0.0033857016385342876
2208,0.0,6179.517903079541,0.0,0.002910652342084372,0.4992100387924152,-0.0009685526423394346,0.45797844997209014,-0.0026605569396758316
2209,0.0,6179.08430709515,0.010647806049213117,0.0017595541821459112,0.5454734191218508,0.0045409540467762485,0.48422694071701833,-0.0005001036437402076
2210,0.0,6179.039771858448,0.0,0.0007792014129213969,0.8737863720807685,0.0028850328737785543,0.6010947701261433,0.000515437311515421
2211,0.0,6177.356964422192,0.0,0.00021977385097070532,0.8947927122396687,0.004005313566450705,0.6892041527602009,0.001562400187996006
2212,0.0,6179.6485287741425,0.1880622573331764,0.005408229269711239,-0.10238869136053745,-0.005376106273893434,0.45172629952397936,-0.000519151750570826
2213,0.0,6183.130759304497,0.0,0.008860515811126995,0.4934716214238813,-0.008860515811126995,0.46424989609394995,-0.0030215609687376764
2214,0.0,6183.173143324639,0.11032405587984591,0.0017203924911399512,0.19641718290983454,0.000578381405246525,0.3839000821387153,-0.0019415782565424158
2215,0.0,6189.12899860383,0.033240005960245206,0.009211726417145332,0.3827093418808626,-0.009179673395191544,0.3835428600613594,-0.004113006798137154
2216,0.0,6189.784282138974,0.0645005495288246,0.003159899128367198,0.4967598444438181,0.0008286786022720704,0.417507955376097,-0.0026305011780143866
2217,0.0,6196.095015026056,0.016713738125717498,0.008793633569177872,0.43458563299684866,-0.008753373884278895,0.42263125866232243,-0.004467362989893739
2218,0.0,6196.819810394764,0.0004553693345490983,0.0029079603955354024,0.6205396170548273,0.0014162551668678346,0.4820037661800739,-0.0027022775428652665
2219,0.0,6199.752485310577,0.0,0.0035003920155169733,0.7657757980278238,-0.0013436413958528045,0.5671353757343989,-0.002294686698761528
2220,0.0,6200.226208338575,0.002604164450342348,0.0021351325744689213,0.3920268661920791,0.0019235614112696265,0.5146028228717029,-0.0010292122657521816
2221,0.0,6202.48864629109,0.09233922383173697,0.0049066212796875786,0.12695496493182187,-0.0022802299121220575,0.3983084654897386,-0.0014045175596631443
2222,0.0,6197.595964157113,0.04889033741309965,0.0,0.497638614613443,0.011323705454262322,0.4281075102268499,0.0024139493445144954
2223,0.0,6196.84760977226,0.0,0.0010912698888960125,0.9097498141083893,0.0029215295370720465,0.5726002013913116,0.0025662234022817607
2224,0.0,6197.417754021736,0.013526378005067199,0.004309097923895893,0.45938459552517025,-0.0038092570620408533,0.5386355196314692,0.0006535792629849765
2225,0.0,6193.6315790159215,0.008222310537441008,0.00028284531745299796,0.35715318890936104,0.005187482748780885,0.4841908204148367,0.0020137503087237487
2226,0.0,6195.8718099025955,0.0,0.006241307839097782,0.596742633734152,-0.00543186567571252,0.5179563644106313,-0.00021993448660713195
2227,0.0,6195.048638647177,0.0,0.0022624878722081855,0.9220566576390624,-0.0003735525191871016,0.6391864523791606,-0.0002660198963811228
2228,0.0,6197.22525278092,0.004209998497189186,0.004481278287142566,0.38762362916589,-0.004294430192732564,0.5637176054151793,-0.0014745429852865552
2229,0.0,6198.85430393912,0.0002603670808742251,0.003989923805057061,0.4836115605924275,-0.003055313229802323,0.5396857919683538,-0.0019487740586412853
2230,0.0,6197.513458425131,0.012170287785397211,0.0019049066533047242,0.394152664421901,0.0044106093495940015,0.49602585370441793,-4.095903617069938e-05
2231,0.0,6198.804469055155,0.0016789762830520377,0.0028867567570627166,0.5465778637047196,-0.0006579258749586459,0.5111914567045084,-0.0002260490878070833
2232,0.0,6202.601896721579,0.03225049257773203,0.008024139750317462,0.2672855712518336,-0.007859223263712651,0.438019691068706,-0.0025160013405787535
2233,0.0,6203.385778145827,0.0,0.003905614194600323,0.5763475870117835,-0.0012927851115285473,0.4795180598516292,-0.0021490364718636914
2234,0.0,6209.193818148033,0.17026884114952112,0.009389705421830366,-0.12972503511947228,-0.009389705421830366,0.29674513136029873,-0.004321237156853694
2235,0.0,6211.814048998772,0.0,0.0038920875138913017,0.6607455636242314,-0.0030401830659796954,0.40594526103947853,-0.003936920929591494
2236,0.0,6216.084515172925,0.05167873584747579,0.004377107286703825,0.10963698878886813,-0.004231477452364558,0.31705277936429543,-0.004025287886423413
2237,0.0,6224.501304375228,0.2827243118667349,0.013266297874538069,0.07400161905710156,-0.013266297874538069,0.24413743127213725,-0.0067975908828578095
2238,0.0,6228.9249561968,0.08334346219121706,0.005245906612252391,0.12685085840115126,-0.004739700126467478,0.20895145941084145,-0.006180223655940709
2239,0.0,6226.732206025888,0.0,6.991663731445453e-05,0.8152034332390279,0.011906562678042448,0.39082705155929737,-0.0007541877557457619
2240,0.0,6233.708830685208,0.030685490327777086,0.008066642396050087,0.2855466566686981,-0.008065477242155252,0.3592429330921176,-0.0029475746016686087
2241,0.0,6232.918883903591,0.0,0.0016765888492918902,0.8771615717385917,0.002554150315673554,0.5146185246860597,-0.00129705712646596
2242,0.0,6234.529074679745,0.0009745752572769129,0.0017203049266180006,0.5651581952495094,-0.0002301298599794766,0.5297804258550947,-0.0009769789465200148
2243,0.0,6233.636013867672,0.0,0.0013579314200026893,0.4615860638143228,0.0032523519879929727,0.509322117242863,0.00029182033383388147
2244,0.0,6234.9527802846505,0.0,0.002498092927022728,0.6181356144988258,-0.001737736146657303,0.5419661664196519,-0.00031704661031347383
2245,0.0,6235.139015326584,0.002098645849303127,0.0033472277691583897,0.48063097843932945,-0.0006787589096752394,0.5235656100255551,-0.0004255603001220035
2246,0.0,6237.272682113643,0.003084053954544142,0.0050040089206216,0.561499958144851,-0.004097150574791614,0.5349459144613439,-0.0015270373825228868
2247,0.0,6241.544665193326,0.0,0.008613380729726039,0.741556285855841,-0.008393046212441333,0.596929025879693,-0.0035868400314984206
2248,0.0,6245.876146275773,0.0,0.0074178683309863835,0.6938195924168319,-0.00728380331365781,0.6259961958408347,-0.004695929016146237
2249,0.0,6249.699427774144,0.0,0.004473635269230248,0.7815151755201283,-0.004033214379790415,0.6726518897446228,-0.00449711462523949
2250,0.0,6251.789615521472,0.0,0.00122284316748385,0.7395224945948345,0.0007244146942722403,0.6927130711996863,-0.0029306558293859713
2251,0.0,6252.752567327749,0.0,0.002110848584860128,0.9211908660029864,0.002800455464439341,0.7612564096406763,-0.0012113224412383774
2252,0.0,6256.106189680883,0.0118322557386438,0.004207461883039285,0.5187601728696895,-0.003883474978368921,0.6885075386093802,-0.0020129682023775405
2253,0.0,6254.9554043570315,0.0,0.00018476027841373013,0.6118751429995262,0.0037431373094128535,0.665517819926424,-0.0002861365488404223
2254,0.0,6253.22935232381,0.0,0.0005520948395779213,0.7076353512576358,0.005704705969555757,0.6781530793257875,0.0015111162066784314
2255,0.0,6249.269362826533,0.0,0.0,0.7930387221159076,0.008485073849090922,0.7126187721628234,0.003603303499402178
2256,0.0,6251.199002710339,0.0,0.005750353067501076,0.8019663253230036,-0.005744300119029617,0.7394230381108775,0.0007990224138726394
2257,0.0,6247.995055137054,0.0,0.0016516419145252955,0.6581794807120458,0.0028881570318896052,0.7150499708912279,0.0014257627992777292
2258,0.0,6248.803614599887,0.004241268599425675,0.004706598526218954,0.4365532689836513,-0.002576220678656292,0.6315009603189549,0.0002251677558975227
2259,0.0,6251.8288658274,0.014292775119752169,0.008050481221381096,0.30090041242427207,-0.007797158296394615,0.53232079595055,-0.0021815300597901183
2260,0.0,6254.487077708428,0.0,0.005685338864757219,0.7007034641125914,-0.00568159407871127,0.5828355963991625,-0.0032315492654664637
2261,0.0,6254.722719097707,0.0,0.00028567192899376726,0.6935527221221877,0.0019161554706782742,0.61605073411607,-0.0016872378446230424
2262,0.0,6256.640314194589,0.0067218766898146315,0.0019160095749377773,0.5550049774910389,-0.0005584910567848928,0.5977370071285606,-0.0013486138082715975
2263,0.0,6258.34054926458,0.0,0.0032390672782106984,0.6705419604328978,-0.0017284247323188604,0.6195784931198617,-0.0014625570854857762
2264,0.0,6262.880518041204,0.03505068051203688,0.007995014678656327,0.2240513070474177,-0.007992522355787962,0.5009203372981285,-0.003421546666576432
2265,0.0,6259.466809044859,3.867622823394803e-05,0.00047774978030800405,0.6242080406491368,0.008777955150874176,0.5379066483034309,0.00023830387865875083
2266,0.0,6259.08360686971,0.0,0.00042349595273785527,0.7101405752718271,0.004352519647632187,0.5895768263939498,0.0014725686093507817
2267,0.0,6257.788956625399,0.0,0.0006386764513850703,0.7618010331044711,0.002387597776654622,0.6412440884071062,0.0017470773595419336
2268,0.0,6255.5538054127455,0.0,0.0005512428552520634,0.5440533903764829,0.0030498445016398238,0.6120868789979192,0.0021379075021713007
2269,0.0,6255.477501456344,0.0,0.003478068909539725,0.5737926306961791,-0.0017499851529418034,0.6005986045073972,0.0009715397056373694
2270,0.0,6253.988254116175,0.04776648973282104,0.001945595379445943,0.30996740912675413,0.0008351308228548232,0.5134092458932042,0.0009306170408026056
2271,0.0,6252.117683445531,0.0,0.0016045969382939803,0.7475742077513383,0.0028462259937683605,0.5836587344506444,0.001505299726692332
2272,0.0,6253.078461366526,3.867622823394803e-05,0.0040282463668859835,0.5348229862280796,-0.003033734241520394,0.569008009983875,0.00014358953622851424
2273,0.0,6252.560338385944,0.0,0.0033336754888612344,0.6742398942227834,-0.0004945805697682194,0.6005775752555476,-4.786149557050584e-05
2274,0.0,6251.239101884668,0.044490539949973124,0.002357348091640717,0.31501405398084764,0.0026049978397367384,0.5149085188731376,0.0007479963050216673
2275,0.0,6252.346429673204,0.0,0.0038729778644361226,0.5013455529280685,-0.0022882436809398975,0.5108396290896169,-0.0001628756907668021
2276,0.0,6252.403308051663,0.005515735115298068,0.0026226804630767827,0.5241353834805951,-0.0008908729524033181,0.5148283554069103,-0.0003812748692577569
2277,0.0,6251.896356082581,0.006627865229929553,0.0017860753877721916,0.6346222756671106,0.0012416985663544836,0.5507665314849703,0.0001056171614259153
2278,0.0,6256.434574326703,0.015435991888557288,0.009358286425821464,0.4735485387071672,-0.009061860734836422,0.5276011336516293,-0.0026446262074527856
2279,0.0,6256.043726084183,0.0,0.0028264367049603075,0.6964311929100344,0.000814442054075861,0.5782501514291508,-0.0016069057289941915
2280,0.0,6256.685987292941,0.009451710291774114,0.0018730691026783318,0.42421461248134296,0.0014837291865593398,0.5320394897448084,-0.000679715254328132
2281,0.0,6259.3367630363355,0.002098645849303127,0.004549016325665079,0.6883523056632073,-0.003820267862107028,0.578933334520328,-0.0016218810366618007
2282,0.0,6259.141491451784,0.0,0.0030048938364572227,0.8359087529243433,0.0011824309009352504,0.6560259600415326,-0.0007805874553826852
2283,0.0,6258.073634617449,0.0,0.0006412992950820854,0.6624131518577553,0.0039466856286942105,0.6579421175863993,0.0006375944698403836
2284,0.0,6263.524705937014,0.07299788120023083,0.010569853085980588,0.0660615492919739,-0.010569853085980588,0.4803779470980717,-0.0027246397969059076
2285,0.0,6261.24242399001,0.0,0.0003531854438938793,0.8102333138975004,0.0042041198083795535,0.5793345571379003,-0.0006460119153202692
2286,0.0,6261.923646796336,0.0,0.0010745905764508615,0.6064603395264762,0.00144586943840114,0.587472291854473,-1.84475092038464e-05
2287,0.0,6261.291840852094,0.0,0.0014358276499045145,0.7922467380031945,0.001989960108513622,0.6489046256990894,0.0005840747761113941
2288,0.0,6259.137410145304,0.0,0.002264219194766147,0.6371431809056557,0.004483277012229378,0.6453761922610592,0.0017538354469467893
2289,0.0,6264.369293593375,0.029438883843462625,0.01158124488555436,0.1678201223327529,-0.01158124488555436,0.5021093712825673,-0.0022466886528035553
2290,0.0,6266.643128703189,0.042833378160513094,0.007319084994339671,0.30075503028223255,-0.006470456375482839,0.44170306898246686,-0.0035138189696073403
2291,0.0,6267.6572122776415,0.0,0.003190146781031588,0.5009854474654386,0.00037403569029442204,0.45948778252735833,-0.0023474625716368115
2292,0.0,6267.906796288471,0.019111804296619225,0.0015323300839333264,0.31529282486390264,0.0032380723445991936,0.41622929522832164,-0.0006718020967660098
2293,0.0,6271.259464570663,0.009341381400846737,0.004737299275177795,0.3422700554573701,-0.004511460321746638,0.3940415232970361,-0.0018236995642601983
2294,0.0,6273.386509080137,0.0,0.004536397534691212,0.7784768164478628,-0.0036555613954290015,0.5093721112422841,-0.002373258113610839
2295,0.0,6274.540874907505,0.0,0.002276339048769271,0.5691418544751831,-0.0004063560061784205,0.5273030342121537,-0.0017831874813811132
2296,0.0,6274.382970852171,0.0012303075254980168,0.0001534647558619199,0.5003594756108988,0.0028754101286829078,0.5192199666317773,-0.00038560819836190683
2297,0.0,6274.9555804365555,0.014637759902286655,0.0013540069731346064,0.4445726738430374,0.000680617333903267,0.49682577879515527,-6.574053868235467e-05
2298,0.0,6275.417076207468,0.028088921805615067,0.0042558050104703,0.31302202384351663,-0.0005570351269979064,0.44168465230966364,-0.0002131289151770202
2299,0.0,6275.245498516822,0.0,0.0013331137469425828,0.5423038889211986,0.0004348136214407293,0.4718704232931241,-1.874615419169534e-05
2300,0.0,6276.04542159528,0.10876393514319996,0.0023975776633149326,0.303107867761631,-0.0014437160370526982,0.42124165663367613,-0.0004462371190499962
2301,0.0,6275.57147002852,0.0,0.0015278752445874386,0.5903567408426149,0.001025519554661796,0.47197618189635776,-4.7101169364585096e-06
2302,0.0,6278.1070022677395,0.0,0.00483044419667162,0.7467008302687554,-0.004817332244494362,0.5543935764080771,-0.0014484967552038297
2303,0.0,6277.92383048103,0.06187939170746272,0.0014477196067779958,0.42129480263827646,0.00044686829225619126,0.5144639442771368,-0.0008798872409658235
2304,0.0,6280.511739138841,0.0013380506617762435,0.005088442460480192,0.48588894751170714,-0.0038459636153970085,0.5058914452475078,-0.001769710153295179
2305,0.0,6281.690681529456,0.0,0.004031664605913012,0.7790566360601987,-0.0014658428480533237,0.5878410024913151,-0.0016785499617226222
2306,0.0,6279.36950702947,0.0024955884434567886,1.768902779207208e-05,0.4487148639606533,0.006749167866390258,0.5461031609321165,0.0008497653867112417
2307,0.0,6278.829501252475,0.0,0.0007873967892556832,0.725818010305031,0.0028380946877558017,0.6000176157439909,0.0014462641770246097
2308,0.0,6281.952534883174,0.042490418605715244,0.00760544140123523,0.3400215082969785,-0.0074517533491586015,0.5220187835098872,-0.0012231410808303536
2309,0.0,6274.872502001373,0.0,0.00026426139398479456,0.8485201573301752,0.013294507531054059,0.6199691956559736,0.0031321535027349703
2310,0.0,6271.3196269476975,0.0,0.00011774430126199701,0.4141772282660499,0.008545421925075982,0.5582316054389965,0.004756134029437274
2311,0.0,6268.443037347557,0.0,0.0008036209337546913,0.49486479093095737,0.0025320628503835174,0.5392215610865847,0.004088912675721147
2312,0.0,6265.933754381627,0.0,0.0025462324047553133,0.7442275756715524,0.00010299520353426187,0.6007233654620749,0.0028931374340650812
2313,0.0,6264.584733190188,0.01739671408288058,0.002767929803855616,0.30544974042462547,-0.0015693706147967541,0.5121412779508401,0.0015543850194065303
2314,0.0,6262.359942116987,0.06483484093470664,0.0016162489826738245,0.2410132970295486,0.0015565305328742415,0.43080288367445263,0.0015550286734468436
2315,0.0,6264.394440322933,0.00879892215909899,0.006223536590224588,0.3221691784459606,-0.005922481852330628,0.398212772105905,-0.0006882244842863977
2316,0.0,6263.073758907265,0.003566584600744243,0.0014912134992904275,0.5019777852246203,0.0011602741013144345,0.42934227604151953,-0.00013367490860614802
2317,0.0,6265.4264810265195,0.0,0.004194160339291468,0.5063482089827533,-0.004179034122788867,0.45244405592388964,-0.0013472826728609636
2318,0.0,6266.507839855111,0.0,0.002277397124236397,0.6401934687328011,-0.0020574494183979307,0.508768879766563,-0.0015603326965220538
2319,0.0,6269.170997425971,0.0,0.004860675509934361,0.6637932424224586,-0.004079811626041131,0.5552761885633317,-0.002316176375377777
2320,0.0,6270.388851243417,0.04353598252522064,0.002531064508512486,0.3139922498485758,-0.000815341545160316,0.48289100694890497,-0.0018659259263125389
2321,0.0,6275.739543876637,0.18544237075011613,0.008661989924581481,0.13405725746666136,-0.008656845681259621,0.37824088210423185,-0.0039032018527966634
2322,0.0,6279.948286135339,0.007248705801000678,0.006881824072427596,0.36458906930393403,-0.006661906788521177,0.3741453382641425,-0.004730813333514017
2323,0.0,6282.460217661865,0.0,0.0022667910270429284,0.8554256058737278,-0.0009702381947029764,0.5185294185470181,-0.0036026407918707047
2324,0.0,6287.6216333168,0.0,0.005674908692378717,0.675833085075177,-0.005674908692378717,0.5657205185054657,-0.004224321162023108
2325,0.0,6286.192795268734,0.0002919634487304668,5.964583424817052e-05,0.6497860090042257,0.0069055101400891375,0.5909401656550937,-0.0008853717713894343
2326,0.0,6290.212285525094,0.004209998497189186,0.004238152735770538,0.5316873706958885,-0.003936712999834668,0.5731643271673321,-0.0018007741399230044
2327,0.0,6285.210994509856,0.0,6.0503756191626366e-05,0.7470742617228645,0.011416650799439097,0.6253373075339919,0.002164453341885626
2328,0.0,6286.554958393393,0.0,0.002754454645041432,0.8831704774788892,-0.001014303917525936,0.702687258517461,0.0012108261640621574
2329,0.0,6287.636092867198,0.0,0.005376718482202921,0.6605690721168277,-0.004557453475063253,0.6900518025972711,-0.0005196577276754658
2330,0.0,6288.126014319448,0.07933614430887535,0.002882483175318506,0.1466883225259437,-0.0022602945410961804,0.5270427585758728,-0.0010418487717016802
2331,0.0,6291.223712762506,0.0,0.006832510826980201,0.4484371667531284,-0.005868817924557565,0.5034610810290494,-0.002489939517558446
2332,0.0,6296.745534430255,0.03556222087178682,0.010315665111369792,0.38987329075083177,-0.010314788524056387,0.4693847439455841,-0.004837394219507828
2333,0.0,6299.717150519626,0.04289663763091881,0.003808810056874842,0.3460751201056604,-0.003395621762919586,0.432391856793607,-0.004404862482531355
2334,0.0,6302.684138173779,0.005120013432231545,0.0038379614453642246,0.5434651670947049,-0.0009587360307271385,0.4657138498839363,-0.0033710245469900897
2335,0.0,6307.809518967765,0.0,0.006156007616311784,0.9097498141083893,-0.0059490188787089384,0.5989246391512721,-0.004144422846505744
2336,0.0,6309.726323339496,0.073346420671419,0.0023873833704977543,0.3284288035067943,-0.0003091742527198229,0.5177758884579288,-0.002993848268369967
2337,0.0,6312.880724323824,0.0,0.002908836437756431,0.8759802813091024,-0.002129817907724386,0.6252372063132808,-0.002734639160176293
2338,0.0,6320.145565938481,0.05473897978623912,0.01190769569596435,0.33484117002524333,-0.011902551452642492,0.5381183954268696,-0.005485012847916152
2339,0.0,6326.365555458551,0.09483684553761136,0.009881186839631129,0.15817643256631203,-0.009881186839631129,0.4241358065687023,-0.006803865045430645
2340,0.0,6332.236375793425,0.2233286045584168,0.006377482025169257,-0.10639502743829081,-0.006233826270849057,0.2649765563666044,-0.0066328534130561684
2341,0.0,6334.722478595953,0.05290160031930916,0.00048207636402707564,0.33078183552576057,0.002184347475933088,0.2847181401143512,-0.003987693146359391
2342,0.0,6337.766889823049,0.0009298189203523972,0.00220999190239418,0.46844339397908996,0.0007328527965838631,0.33983571627377285,-0.0025715293634764147
2343,0.0,6336.688676393927,0.0,0.0011184364056302445,0.5921214401897632,0.006507272061607498,0.41552143344856995,0.00015211106404875926
2344,0.0,6340.260081007736,0.04069644252093379,0.004779877600024173,0.17346351891164177,-0.0047680878194838626,0.3429040590874915,-0.0013239486010110273
2345,0.0,6340.174209231627,0.04705495034691501,0.00187631927885319,0.4146564424694854,7.561503355093349e-05,0.36442977410208965,-0.0009040795106424389
2346,0.0,6341.739189054516,0.0,0.0023312275540013786,0.5629533043292118,-0.001843591525356765,0.4239868331702263,-0.0011859331150567366
2347,0.0,6343.225113403531,0.0,0.0037637829602339763,0.8153973470398858,-0.0021045123570680125,0.5414099873311241,-0.0014615068876601195
2348,0.0,6347.902176578186,0.03484344255566088,0.009139844002062495,0.29750087789171414,-0.008447638498695016,0.4682372544993011,-0.0035573463709705883
2349,0.0,6348.326527528226,0.004842569879360137,0.0012674752258119166,0.516875388228907,0.0007865612941862585,0.48282869461818284,-0.002254174071423534
2350,0.0,6351.261113475766,0.0,0.0025522661838878243,0.5444679629497623,-0.002314227667973024,0.5013204751176566,-0.002272190150388381
2351,0.0,6352.62491031624,0.0,0.001510841812909438,0.8112950658629943,-0.00039847083698703724,0.5943128523412579,-0.0017100743563679779
2352,0.0,6352.824727969599,0.0,0.00019319603893065321,0.7877443153929736,0.0020218310603393568,0.6523422912567726,-0.0005905027313557774
2353,0.0,6351.405513727424,0.028791335471653298,0.00013211405353932398,0.49373957515281347,0.004762628072887332,0.6047614764255849,0.0010154365099171554
2354,0.0,6352.477584353977,0.005413404955949886,0.003431656520819128,0.4163121957972607,-0.0016606833147374761,0.5482266922370876,0.00021260056252076583
2355,0.0,6350.450210449251,6.152215526438682e-05,0.0002853135994748868,0.5604054109210163,0.0031570909135795015,0.5518803078422663,0.0010959476678383865
2356,0.0,6349.684719866954,0.0,0.0018613364205648233,0.6776345926205982,0.0013276486409989818,0.5896065932757658,0.001165457959786565
2357,0.0,6351.907662126957,0.0,0.0060730708036810365,0.64387533448027,-0.005821302610662802,0.6058872156371171,-0.0009305702113482451
2358,0.0,6352.363453442091,0.0,0.0036611449363551096,0.6796829274922692,-0.0021248101891668276,0.6280259291936627,-0.0012888422046938197
2359,0.0,6350.144744484537,0.0,0.0004925604472738584,0.8687270023394744,0.005645356056920439,0.7002362511374063,0.0007914172737904579
2360,0.0,6352.43833107747,0.0,0.004794364784873522,0.6926700388790558,-0.0034687371584619345,0.6979663874599011,-0.0004866290558852599
2361,0.0,6356.439688856647,0.08839022718884354,0.009162368948822691,0.15996038243558286,-0.00914027882282297,0.5365645859526056,-0.003082723985966573
2362,0.0,6358.824880899917,0.0,0.0044058273632093985,0.570407808587339,-0.004333797990847187,0.5467175527430256,-0.003458046187430757
2363,0.0,6363.067963787336,0.007420446460768546,0.00591535409323149,0.38254534322261385,-0.005484499938933183,0.497465889886902,-0.004065982312881485
2364,0.0,6367.856287136855,0.009267880537541651,0.006870826926369779,0.4798921262709714,-0.006204126269885579,0.4921937608021228,-0.004707425499982713
2365,0.0,6371.412940875301,0.0,0.003840996470952134,0.6109472008578138,-0.0029781543166798904,0.5278197928188301,-0.004188644144991866
2366,0.0,6374.486411239458,0.0,0.0026701605936171194,0.5943671258067013,-0.0013249681901379804,0.5477839927151914,-0.0033295413585357
2367,0.0,6375.226310380296,0.0,0.0010903002036871928,0.7538631293865148,0.0029604453308933916,0.6096077337165884,-0.0014425453517069725
2368,0.0,6376.776612422817,0.014745993950457996,0.0023126586055994425,0.2368382470408717,0.0002985823828767731,0.4977768877138734,-0.0009202070313318489
2369,0.0,6375.738249487187,0.0,0.0009650141938580676,0.7609572768043467,0.0037042494835646004,0.5767310044410153,0.0004671299231370859
2370,0.0,6377.419529235844,0.010979214493590185,0.004159636601557714,0.3192168889043472,-0.0025635808988604815,0.4994767697800148,-0.00044208332346218435
2371,0.0,6380.58627579622,0.003336495368430462,0.007206130822561708,0.4959282046981096,-0.007065562198908295,0.4984122002554432,-0.0024291269860960175
2372,0.0,6377.966533505681,0.0,0.00012527421558462665,0.9466703447004122,0.006019513524985129,0.6328896435889338,0.00010546516722832657
2373,0.0,6380.918072763079,0.0,0.003958420889582637,0.5492744129080337,-0.003623093891031286,0.6078050743846637,-0.0010131025502495572
2374,0.0,6381.35738692753,0.0,0.0025941058894425792,0.7023572006500476,-0.000982884785541962,0.6361707122642788,-0.0010040372208372785
2375,0.0,6386.150754003946,0.10403616324779162,0.008926759452721937,0.003292576389263943,-0.008889031368487895,0.44630727150177435,-0.0033695354651324633
2376,0.0,6388.284953149367,0.0,0.003975741257886735,0.7164350713210813,-0.0032599788035422004,0.5273456114475664,-0.0033366684666553846
2377,0.0,6394.698914131712,0.10765854137110804,0.00971345808426269,0.020853674415825692,-0.00971345808426269,0.3753980303380442,-0.005249705351937576
2378,0.0,6403.721842582321,0.035867125903587704,0.015103333563004888,0.17289927294788715,-0.015103333563004888,0.31464840312099707,-0.008205793815257769
2379,0.0,6407.982722432765,0.0,0.003292700443096553,0.5620343763904057,-0.003066481871185904,0.38886419510181963,-0.0066640002320362095
2380,0.0,6414.466794015649,0.05198343350290161,0.004887376980416455,0.1871012163902952,-0.004683113897114305,0.32833530148836226,-0.006069734331559638
2381,0.0,6418.632847426629,0.033689699519923094,0.0029612445819488056,0.24869848002827968,-0.0014847054340240758,0.30444425505033745,-0.004694225662298969
2382,0.0,6424.346538855087,0.0,0.005503722410794805,0.6170511370524221,-0.005385291144650006,0.3982263196509628,-0.00490154530700428
2383,0.0,6427.134814623691,0.11066271985879957,0.0020053985660493877,0.15977784969781833,-0.0007148583985730174,0.3266917786650194,-0.003645539234474901
2384,0.0,6428.083934877811,0.0,0.001044353281527055,0.6724879854168245,0.0032803399668169687,0.4304306406905609,-0.00156777547408734
2385,0.0,6432.0611142574635,0.07439243871507935,0.006596125146520774,0.27431737872327555,-0.004423029693610673,0.3835966621003753,-0.0024243517399443392
2386,0.0,6433.059669338058,0.0,0.002552716853180825,0.8974429705777152,-0.0003462089765649224,0.5377505546435772,-0.0018009089109305141
2387,0.0,6430.886376308816,0.0,7.892199195343604e-05,0.6374990010206503,0.007128098077985418,0.5676750885566991,0.0008777931857442654
2388,0.0,6435.963674874946,0.016636645316342367,0.008738333279959681,0.235711284362841,-0.008738333279959681,0.46808594729854164,-0.0020070447539669188
2389,0.0,6431.89406320209,0.013312980113574466,0.00033492507571359796,0.5044834912086424,0.007647616614713965,0.47900521047157185,0.0008893536566373461
2390,0.0,6432.619128540733,0.008602303341755406,0.0020088573424811157,0.49989255460290843,0.0005430624275172536,0.4852714137109728,0.0007854662879013183
2391,0.0,6433.458907828162,0.025701223629226035,0.0032203452149678433,0.5793902424757096,-0.002708678003137392,0.5135070623403938,-0.0002627769994102949
2392,0.0,6431.110626136382,0.0,0.0011982505234395236,0.7110514285549789,0.004085008516287889,0.5727703722047693,0.0010415586552991604
2393,0.0,6433.072054971659,0.007746866141786384,0.004407426620117326,0.5594260315769785,-0.0038559823097460816,0.568767070016432,-0.0004277036342144123
2394,0.0,6428.893637167619,0.0,0.0007359567404873407,0.7341903048252219,0.0076379011439052244,0.6183940404590689,0.0019919777992214787
2395,0.0,6430.885235857865,0.0,0.005519718206099704,0.4584800400179393,-0.0037866383940059075,0.57041984032673,0.0002583929412532629
2396,0.0,6429.255426496775,0.0,0.00048183793032522765,0.762067691740298,0.001309692922198244,0.6279141957508003,0.0005737829355367572
2397,0.0,6429.397368454118,0.011480618533503992,0.0011887255428753283,0.44033548722260507,-0.0005887793472515904,0.5716405831923417,0.00022501425070025293
2398,0.0,6430.975336588228,0.012619096247218837,0.00436189832382749,0.3349671130799402,-0.0038944997643605072,0.5006385421586212,-0.001010839953817975
2399,0.0,6433.786488708157,0.0,0.006054071095246024,0.8236019093936684,-0.006048838429590806,0.5975275523291353,-0.0025222394965498237
2400,0.0,6429.818078519944,0.0,3.0823860133652626e-07,0.8189430313392555,0.009425572823028262,0.6639521960321714,0.001062104199323602
2401,0.0,6432.915765036006,0.001990944034681049,0.004723655953806357,0.5341297082102358,-0.0038704351078595652,0.6250054496855907,-0.00041765759283134824
2402,0.0,6431.192161082647,0.0009745752572769129,0.001704084165623099,0.5623182825731052,0.002501885428235532,0.606199299551845,0.0004582053134887158
2403,0.0,6433.024501158295,0.05231749647379144,0.003839357629166746,0.3974010173125796,-0.003401407053130574,0.5435598148800654,-0.0006996783964970711
2404,0.0,6433.09344899372,0.0,0.0021899702559475655,0.7115808074244299,-0.0005917852588320984,0.5939661126433747,-0.0006673104551975792
2405,0.0,6436.471525019161,0.0030749832365057905,0.006411178988566073,0.46549208128166397,-0.006281022121019703,0.5554239032348615,-0.002351423954944216
2406,0.0,6437.9289293050315,0.0,0.003765325653940603,0.506055324704936,-0.002243167873277431,0.5406133296758837,-0.0023189471304441807
2407,0.0,6444.912658333765,0.15769047984366208,0.012089442431613102,0.08782853038577233,-0.012003412726358005,0.4047778898888503,-0.005224286809218328
2408,0.0,6451.345683442861,0.10897981231129661,0.010768887099353915,0.2567295902143727,-0.010768887099353915,0.360363399986507,-0.006887666896259003
2409,0.0,6453.075173170607,0.0,0.0019940847520051024,0.7124087940235856,0.002125847947475467,0.4659770181976306,-0.004183612443138662
2410,0.0,6460.229870128211,0.0,0.007590210686495127,0.8359087529243435,-0.007556648459606871,0.5769565386156444,-0.005195523248079124
2411,0.0,6463.674254547465,0.0004553693345490983,0.002945244321628662,0.7169425987944922,-0.0026013911098386852,0.6189523566692987,-0.004417283606606992
2412,0.0,6468.293322676123,0.1373817952148559,0.004820405324372859,0.2972564222557504,-0.004027001734349025,0.5224435763452342,-0.004300199044929602
2413,0.0,6469.8149405262875,0.04524484277103136,0.0014105593750169138,0.4038765997384406,0.001610474862578266,0.4868734833631961,-0.0025269968726772413
2414,0.0,6471.081650672648,0.0,0.0019147538144839219,0.7692317676203606,0.0019456860699136368,0.5715809686403454,-0.001185191989899978
2415,0.0,6476.807796372259,0.0025622923163736372,0.009254569933858509,0.40423444841515843,-0.00924779879890538,0.5213770125727892,-0.003603974032601598
2416,0.0,6474.780500586557,0.0,0.0006458470246014033,0.6598934164637228,0.005608273461051153,0.5629319337400692,-0.0008402997845057725
2417,0.0,6478.243660060628,0.003826931757196121,0.0036738897960412083,0.6229731984659823,-0.0034257634626664595,0.5809443131578431,-0.0016159388879539785
2418,0.0,6480.187564404417,0.0,0.003992648620377661,0.7350513712084403,-0.003107157653701748,0.6271764305730222,-0.0020633045176783093
2419,0.0,6483.153377079654,0.0024837580669250956,0.004434660726436926,0.42134967878558394,-0.004409535710221678,0.5654284050367907,-0.0027671738754413196
2420,0.0,6480.337986729179,0.008478660363029649,8.005002482470972e-07,0.549697208299887,0.00812997101421417,0.5607090460157196,0.0005019695914553271
2421,0.0,6482.047989586492,0.0,0.002471281006881717,0.6487100282500048,-0.0007009485654619588,0.5871093406860051,0.00014109414438014133
2422,0.0,6482.970989817057,0.0,0.004122421585103172,0.5970237117787679,-0.0024516810607913783,0.590083652013834,-0.0006367384171713145
2423,0.0,6480.2015192583785,0.0,0.0007946537321274509,0.6829487940277424,0.005649288030900079,0.6179431946180065,0.0012490695172501036
2424,0.0,6480.096820555562,0.0114780348481013,0.0010391533846719008,0.46586802064237376,0.0008293469188684214,0.5723206424253167,0.0011231527377355988
2425,0.0,6478.4326633652,0.0,0.0019881320060133206,0.5013660877498144,0.002119082035379967,0.551034276022666,0.0014219315270289092
2426,0.0,6483.31208281955,0.10142157433327786,0.011584493002827856,0.027928663460382225,-0.011394655111998633,0.3941025922539808,-0.0024230444646793532
2427,0.0,6485.197820789132,0.015043629349650924,0.005863903522079314,0.3259107838439183,-0.005308839257920339,0.373645049730962,-0.003288782902651649
2428,0.0,6483.453837869424,0.031777677962496094,0.0003115559442385693,0.38717452813132297,0.006294335021038885,0.37770389325107034,-0.0004138475255444885
2429,0.0,6490.784781972514,0.09413707168111665,0.011829741044274898,0.09621640156594635,-0.011829741044274898,0.2932576457455331,-0.003838615581163611
2430,0.0,6488.961924075077,7.563053034659302e-05,0.00011760135906304366,0.5114526641053554,0.004388654107981896,0.3587161512534798,-0.001370434674419959
2431,0.0,6491.637600718239,3.867622823394803e-05,0.0022679919377882633,0.5529300009828372,-0.001518666998105542,0.416980306172287,-0.0014149043715256339
2432,0.0,6495.560594190688,0.0442061021082926,0.00677338014697721,0.1787375720953217,-0.006686412599600482,0.3455074859491974,-0.002996356839948088
2433,0.0,6494.9471267501085,0.0018014676387388396,0.002007681291898108,0.46611564332761496,0.002876764089876582,0.38168993316272265,-0.0012344205610006868
2434,0.0,6502.548474576753,0.11848222641913067,0.012663502073854733,0.3137517317929156,-0.012663502073854733,0.3613084727517805,-0.0046631450148569
2435,0.0,6502.112924247792,0.19244059866484367,0.0017989055124114305,0.2081383019715836,0.002387548978664515,0.31535742151772145,-0.0025479368168004756
2436,0.0,6504.4602572775675,0.10218282444132029,0.0018028262533734529,0.0845572193628269,7.332961247675978e-05,0.24611736087125308,-0.001761556888017305
2437,0.0,6503.451851277424,0.0,0.0018434514525444633,0.7672938100219647,0.0048283448881341,0.4024702956164665,0.0002154136448281167
2438,0.0,6503.477085116984,0.0,0.0012681870798508296,0.7274259925465552,0.0017734090240655624,0.4999570046954931,0.0006828122585993504
2439,0.0,6505.048965740434,0.0,0.0038168746063019458,0.6724658123770361,-0.003527591022991892,0.551709646999956,-0.0005803087258780223
2440,0.0,6504.789697688505,0.0,0.0019672826256101434,0.566686692920277,-0.0001469414642753493,0.5562027607760522,-0.00045029854739722034
2441,0.0,6507.693014183113,0.015435991888557288,0.005628566733676301,0.6225901317259893,-0.0054253253348338915,0.5761189720610334,-0.0019428065836282215
2442,0.0,6506.500727389994,0.0,0.001746732383609388,0.7246752507554447,0.003033942080185765,0.6206858556693567,-0.00044978198448402556
2443,0.0,6506.3936174915,0.000691413120854776,0.0006645884941545741,0.5948018805797671,0.002265643395828223,0.6129206631424798,0.00036484562960964896
2444,0.0,6507.514427324292,0.0,0.0032885621639799356,0.5625193850774836,-0.0018816994857118645,0.5978002797229809,-0.0003091179049868051
2445,0.0,6502.584941579252,0.08098726805362005,0.0,0.3352856153467989,0.0099025943506992,0.5190458804101263,0.002754395771718996
2446,0.0,6502.484670862412,0.0004553693345490983,0.0016788217575198915,0.5667663717893413,0.00041612865395439523,0.5333620278238907,0.0020529156363896157
2447,0.0,6500.017327238847,0.0,0.00017935639968448596,0.6376778265061527,0.002185598802034529,0.5646567674285693,0.0020927205860830893
2448,0.0,6503.425554824977,0.04212573943874332,0.00936638430166004,0.3259815960112077,-0.009326124616761064,0.49305421600336075,-0.0013329329747701567
2449,0.0,6501.983874945115,0.0,0.0007614596542442535,0.8933406894008219,0.0008791213464906052,0.613140158022599,-0.0006693166783919282
2450,0.0,6501.592324525845,0.09112805944052633,0.0032652340719833512,0.28254692526394115,0.0022320900837986715,0.5139621881950016,0.00020110535026525173
2451,0.0,6500.004931135646,0.0,0.0015670449017307353,0.5801710700100817,0.003995895046643002,0.5338248527395256,0.0013395422591785768
2452,0.0,6502.168938675298,3.867622823394803e-05,0.005381517358749147,0.419999481115322,-0.004773648041599107,0.49967724125226454,-0.0004944148310547284
2453,0.0,6501.415426822294,0.010081834835009287,0.0018778194246717385,0.4479515258619313,0.00019506045840922298,0.4841595266351645,-0.00028757224421554296
2454,0.0,6501.992589713409,0.028360296900007718,0.0016314239236917786,0.1980770039904614,-0.0006754250639669189,0.39833476984175353,-0.0004039280901409557
2455,0.0,6503.33895719401,0.0009745752572769129,0.0033086774727368756,0.5836711717013585,-0.002488547493104621,0.453935690399635,-0.0010293139110300552
2456,0.0,6507.336439311491,0.0,0.007865934120451267,0.7514546074906049,-0.007864441237896324,0.5431913655269259,-0.0030798521090899355
2457,0.0,6508.373742452303,0.0,0.0038604177672978846,0.7525481010716044,-0.0009605190481563454,0.6059983861903294,-0.0024440521908098583
2458,0.0,6510.958365031565,0.0,0.003643378919152284,0.7491231907709056,-0.00207461558521078,0.6489358275645023,-0.0023332212091301346
2459,0.0,6514.827070963164,0.0,0.005733030178355675,0.5656666902156026,-0.005416698775024797,0.6239550863598323,-0.003258264478898533
2460,0.0,6513.5157183242045,0.0,0.0010712712176438788,0.5718041047009578,0.005298184443962603,0.6083097918621699,-0.0006913298020401921
2461,0.0,6513.7650087729635,0.0,0.000877300292964243,0.5686351353512252,0.002903475805689597,0.5964073949088865,0.00038711188027874463
2462,0.0,6516.094121235354,0.07574771179189901,0.005545955003800274,0.20729856940928293,-0.004148312081198318,0.4796747472590054,-0.0009735153081643743
2463,0.0,6516.786227668393,0.030801708016469816,0.0020123914421451457,0.4058865317483084,-0.0018045668062833158,0.4575382826057962,-0.0012228307576000567
2464,0.0,6519.612584019288,0.0,0.0055434349414280465,0.5480164755815962,-0.004823212670126009,0.4846817404985362,-0.002302945331357842
2465,0.0,6517.045880912503,0.01783926676645126,0.0010848824411002502,0.4835297337851464,0.006717036233774118,0.4843361384845192,0.00040304913818174615
2466,0.0,6519.357328181183,0.023897020430421596,0.0034235079106091303,0.5455890263479894,-0.0024334074703439936,0.5027120048435603,-0.00044788784437597577
2467,0.0,6518.842447747403,0.0,0.002986539546778747,0.6440075141115866,0.0006714867116190885,0.5451006576239681,-0.0001120754775774565
2468,0.0,6516.862594724932,0.0,0.0004865611325912442,0.6370573765114604,0.004595913446272339,0.5726876732902157,0.001300321199577482
2469,0.0,6517.201018859759,0.0,0.0033213681204013927,0.6155642182582435,-0.000642485041728013,0.585550636780624,0.0007174793271858335
2470,0.0,6518.547783775778,0.0,0.004784530031064329,0.5972553275233443,-0.004190156463232983,0.5890620440034401,-0.0007548114099398115
2471,0.0,6517.473896545552,0.03624423388511998,0.0026842517189655515,0.3287723319123743,0.001521341239235165,0.5109751303761203,-7.196561518731847e-05
2472,0.0,6519.232990351426,0.0,0.003408979029021469,0.6699622351335874,-0.0028755183095862907,0.5586712618033604,-0.0009130314235070101
2473,0.0,6518.388830548524,0.0,0.0015938090054341588,0.7846743621786854,0.0018716734145135488,0.6264721919159578,-7.761997210084244e-05
2474,0.0,6522.09158454571,0.023706097592861915,0.006889770226382862,0.2797712833236023,-0.006759762262479517,0.5224619193382511,-0.002082262659214445
2475,0.0,6518.713977109375,0.0,1.5297767621886731e-06,0.7303406970956916,0.007204297240769949,0.5848255526654833,0.0007037053107808733
2476,0.0,6518.353599033761,0.006228879111038447,0.002316478772688171,0.5489028180835798,0.002890490206260766,0.5740487322909122,0.001359740779424841
2477,0.0,6519.8935313972925,0.013842913865298071,0.004969524066429271,0.358232246912891,-0.003997874655227436,0.5093037866775059,-0.0002475438509708421
2478,0.0,6518.7722937472145,0.0034634550710389653,0.0017841331590567322,0.477733541959511,0.0009298294528842566,0.4998327132621074,0.00010566814018568755
2479,0.0,6516.3553220026,0.0,0.0008794479524119616,0.6064085374287651,0.005288813140201172,0.5318054605121046,0.0016606116401903326
2480,0.0,6520.326189061954,0.06183160697893567,0.008822311797342669,0.30217541149455635,-0.008451902838023094,0.4629164458068401,-0.0013731427032736953
2481,0.0,6522.188370459604,0.11813380891893446,0.005573448519471945,0.10088596284496014,-0.005552134090997376,0.35430730091827606,-0.002626840119590799
2482,0.0,6522.666455094629,0.0005834649527830317,0.002018266235594813,0.373446201001532,0.0005437989979224481,0.36004897094325283,-0.001675648384336825
2483,0.0,6524.028547413767,0.0,0.0012804868645122172,0.6549647889273189,-3.1581857618722425e-05,0.44852371633847266,-0.0011824284263213941
2484,0.0,6529.623184599018,0.0,0.009860965782730694,0.6061276187659294,-0.009860759217822491,0.49580488706670967,-0.003785927663771723
2485,0.0,6528.9265702454095,0.0,0.0008283055235864987,0.8617614560030713,0.0028407231667594702,0.605591857747618,-0.0017979324146123652
2486,0.0,6533.8916178938125,0.09104910642415949,0.006399539948651322,0.3703658741417624,-0.006325260767134754,0.5350240626658613,-0.0031561309203690818
2487,0.0,6537.195503426772,0.015418136372446297,0.005697355610464623,0.6483387160065822,-0.00487874314009508,0.5690184586680775,-0.0036729145862868812
2488,0.0,6541.99556919691,0.057075846936926904,0.006673790126237931,0.45707009368671747,-0.006559462537974317,0.5354339491736695,-0.004538878971793112
2489,0.0,6546.593736395196,0.0,0.005610479165703613,0.7590022510085549,-0.005564442345219858,0.602504439724135,-0.004846547983821135
2490,0.0,6549.730389956218,0.06513613775653947,0.0023092232908875155,0.30814858551428,-0.001604756490519701,0.5141976834611786,-0.0038740105358307047
2491,0.0,6550.42734749099,0.0,0.0005622730116443098,0.4544885352973153,0.003757909724699687,0.49628493901201953,-0.0015844344576715873
2492,0.0,6553.146366959699,0.059477612714115044,0.0029583648316293173,0.36791611172292854,-0.0015631781492501673,0.4577742908252922,-0.0015780575651451613
2493,0.0,6556.2276177977155,0.0004553693345490983,0.00552984501561141,0.5568355501133169,-0.004703067620579277,0.4874926686116996,-0.002515560581775396
2494,0.0,6557.041989810091,0.0,0.001337467450679049,0.6691983898388564,5.201662881748852e-05,0.5420043849798466,-0.0017452874185975304
2495,0.0,6564.287591953494,0.044773101853208964,0.012421560366618704,0.29940636168393026,-0.012401908550298444,0.46922497799107166,-0.0049422737581078045
2496,0.0,6565.590397552599,0.0,0.0022344775174311074,0.5243499143667708,-0.0006902425305094185,0.48576245890378134,-0.0036666643898282886
2497,0.0,6569.979573479187,0.0,0.0050547649114537725,0.5568098969351734,-0.0038431369994533517,0.5070766903131989,-0.0037196061727158072
2498,0.0,6569.463835502541,0.0,0.0008639353353191996,0.8124692291434116,0.005048879781280895,0.5986944519622627,-0.0010890603865167964
2499,0.0,6572.552451893595,0.0,0.0038741070853347214,0.7251471611482755,-0.002514650202013491,0.6366302647180665,-0.0015167373311658046
2500,0.0,6573.679260972459,0.0,0.0024040547590682,0.6471950884573969,-0.0011498836228809892,0.6397997118398656,-0.00140668121868036
2501,0.0,6576.604104589759,0.0,0.004799707116933064,0.45783234976608045,-0.004454877765297584,0.58520950321773,-0.002321140182665527
2502,0.0,6574.938637830952,0.0,0.00013354340276977805,0.5999730999758927,0.005031729524585271,0.5896385822451787,-0.00011527927049028754
2503,0.0,6577.459209286977,0.004220498873189669,0.003440037296299849,0.24491748238865169,-0.002828532873506462,0.4862222522882206,-0.0009292553513951398
2504,0.0,6577.171448056185,0.0030691947026178696,0.00201015500106756,0.3432310082396486,0.0007583041105533197,0.4433248790736489,-0.0004229875128106019
2505,0.0,6577.882853802807,0.0,0.00207580970998824,0.5295683791287505,-0.0004964965013919302,0.4691979290901794,-0.00044504020938500034
2506,0.0,6580.236291497652,0.011902998411251123,0.004950266179462513,0.3796685002944694,-0.004443839863025292,0.44233910045146635,-0.0016446801054770877
2507,0.0,6579.419558048368,0.010922811650200882,0.0008622318620310196,0.47487916044913464,0.002233639908512099,0.45210111845076684,-0.00048118410128033184
2508,0.0,6579.813971102951,0.0,0.001947580636112722,0.6618533177656375,0.0009115639170461502,0.515026778245228,-6.335969578238719e-05
2509,0.0,6580.805519607335,0.0,0.003549341242840314,0.7441853207522243,-0.0015618526246428221,0.5837743409973268,-0.0005129075744405177
2510,0.0,6581.552138982862,0.0,0.0025527938301780377,0.7515933264009266,-0.0014680862003066115,0.6341200366184068,-0.0007994611622003458
2511,0.0,6579.102635190947,0.0,0.000357436305203385,0.856420158808801,0.0056707225049592285,0.7008100732755249,0.0011415939379475263
2512,0.0,6579.698152454953,0.15915076780489537,0.0031093886073896362,0.058318446527273256,-0.0004554553368035849,0.5080625852510494,0.0006624791555221929
2513,0.0,6581.381264836192,0.05101772068034817,0.00530394437189961,0.4240529922097479,-0.00472324777775566,0.4828597073386589,-0.0009532389244611629
2514,0.0,6580.6082719557535,0.005295281494018118,0.0023077889497617275,0.49977682468467005,0.0009600376690973053,0.4879348425424622,-0.00037925594639362243
2515,0.0,6583.456217191751,0.035863461045021236,0.005182362685427114,0.2930412336891721,-0.004924459697582282,0.42946675988647515,-0.0017428170717502202
2516,0.0,6584.321807063117,0.05160940640247481,0.002903203326369464,0.22847267958514353,-0.0013356365765284715,0.3691685357960756,-0.0016206629231836954
2517,0.0,6584.595766090079,0.007772734008722076,0.001295211497593843,0.5815673199570752,0.001312214098700969,0.4328881710443755,-0.000740799816618296
2518,0.0,6586.062639944026,0.01815203584387059,0.003993745105557159,0.4783550977366313,-0.001336929991715352,0.44652824905205224,-0.0009196388691474128
2519,0.0,6587.52778980375,0.00012809561823393342,0.0025355900891636386,0.4406074865237885,-0.002242410779234485,0.4447520202935731,-0.0013164704421735345
2520,0.0,6589.900538003737,0.0,0.004012654866808397,0.6700221101889238,-0.00393041532618623,0.5123330472621782,-0.002100653907377343
2521,0.0,6590.3180873803085,0.013026672874569946,0.001023089381270179,0.2957584509986779,0.0005889560888804727,0.4473606683831281,-0.0012937709084999982
2522,0.0,6595.157416895612,0.0,0.007859952450347084,0.5941359567567098,-0.007839848215509915,0.4913932548952026,-0.003257594100602973
2523,0.0,6598.896922758207,0.13280502138854164,0.0064716881925245,-0.024797663296690066,-0.006307226096528732,0.33653597943763475,-0.0041724836993807
2524,0.0,6599.21360362847,0.0,0.0008787683830957022,0.8255225900182468,0.002907428862554381,0.48323196261181833,-0.002048509930800176
2525,0.0,6599.024169041098,0.0,0.0005023647955651116,0.5992917028912749,0.0048263471576638255,0.5180498846956553,1.394719573902443e-05
2526,0.0,6598.5164560397025,0.0,0.0007307584218601393,0.6818339465642524,0.003191018797668642,0.5671851032562344,0.0009670686763179097
2527,0.0,6597.183962290061,0.019576590998605127,0.0010781441477675715,0.4325361510793295,0.002721205788012055,0.5267904176031629,0.0014933098098261531
2528,0.0,6596.18910517687,0.0,0.0026081476394631195,0.48456534416594554,0.0010030345392424444,0.5141228955719976,0.0013462272286510403
2529,0.0,6599.781085956132,0.0030691947026178696,0.009094917143228555,0.5750731259825236,-0.009094917143228555,0.5324079646951554,-0.0017861160829128382
2530,0.0,6599.511458095055,0.052150140986781425,0.002522583573461471,0.3672048751373368,-0.0007661738158122852,0.48284703782780974,-0.0014801334027826722
2531,0.0,6598.314469241425,0.0,0.00042712274006390403,0.6601086025292737,0.004415936589879521,0.5360255072382489,0.00028868759501598563
2532,0.0,6598.365313156661,0.0,0.0008743376227895618,0.7785176250041211,0.0014238521546978003,0.6087731425680105,0.00062923696292053
2533,0.0,6600.3447581266755,0.04290009842372087,0.004705798809001494,0.2763135075471808,-0.004450778139125773,0.5090352520617616,-0.000894767567693361
2534,0.0,6602.154811177496,0.048322240757841674,0.004639239834930471,0.3563315871165483,-0.0043891170436001405,0.46322415257819755,-0.0019430724104653949
2535,0.0,6601.563214317332,0.0,0.0012874707564508106,0.5193996053956063,0.0022455043587914203,0.48007678842342016,-0.0006864993796883501
2536,0.0,6606.638882301721,0.05643186464532039,0.009132949534964342,0.26353266885992005,-0.00852167039909096,0.4151135525543701,-0.0030370506855091333
2537,0.0,6603.582593052697,0.0,0.00016379506409807396,0.7327571601351488,0.0072089165678718686,0.5104066348286037,3.673949050516734e-05
2538,0.0,6607.636005854512,0.0,0.005419978927520893,0.7501255517299091,-0.0052825463518123865,0.5823223098989952,-0.0015590462621900988
2539,0.0,6609.8025952063645,0.0,0.005142709690473886,0.8244029592248844,-0.0044870378580441055,0.654946504696762,-0.002437443740946301
2540,0.0,6612.713031891796,0.022001898183502337,0.005046099979330484,0.5055731281106921,-0.00433784308232925,0.6101344917209409,-0.0030075635433611855
2541,0.0,6615.045515251665,0.0,0.003413882384583423,0.6345512917181744,-0.0021950212886006,0.6174595317201109,-0.0027638008669330096
2542,0.0,6615.283895868628,0.000911207612457443,0.0002477911558494719,0.45497361643337153,0.00275141077511894,0.5687137571340891,-0.0011092373743174246
2543,0.0,6619.626389524389,0.0406651582825818,0.00625558752694924,0.3527139075982349,-0.006121684322518383,0.5039138022733328,-0.002612971458777712
2544,0.0,6626.957012083992,0.09173169035836409,0.014009757671659125,0.15174814198606182,-0.014007800923477238,0.3982641041871515,-0.006031420298187569
2545,0.0,6625.738682515706,0.0016501491211673787,0.0005179366020687974,0.38161489977568147,0.005511341049246574,0.3932693428637105,-0.002568591893957326
2546,0.0,6629.817415524886,0.0,0.002749633229789445,0.7661699729171885,-0.0021076062962643266,0.5051395318797539,-0.002430296214649426
2547,0.0,6634.830707282284,0.03894461205296952,0.007772055160534882,0.3372367154473152,-0.007667478929429645,0.45476868695002226,-0.004001451029083492
2548,0.0,6638.072086818235,0.026446434012992254,0.004414339534980553,0.18644978770867549,-0.004054588350092214,0.37427301717761824,-0.004017392225386109
2549,0.0,6637.883772872107,0.0,0.0017858978921123062,0.5544460038445813,0.004727890219117639,0.42832491317770716,-0.001393807492034984
2550,0.0,6640.825959760958,0.0,0.004453741058224336,0.7256831373403394,-0.0018866971381585823,0.5175323804264969,-0.0015416743858720635
2551,0.0,6637.240874644711,0.0,0.0006410361936000108,0.6995788124462863,0.008985046562463775,0.5721463100324337,0.001616341898628688
2552,0.0,6635.572550293709,0.0005544730137861721,0.0003280972789299398,0.5301130140899022,0.005014238970760076,0.5595363212496742,0.0026357110202681047
2553,0.0,6633.905815906633,0.0,0.002034119598136725,0.6510310321873306,0.0016788525361600508,0.5869847345309711,0.0023486534750356883
2554,0.0,6632.135358601578,3.867622823394803e-05,0.0020886417841637895,0.6882266305562516,0.0008450598446226009,0.6173573033385552,0.001897575385911762
2555,0.0,6630.393553683572,0.0016789762830520377,0.0021629047176249493,0.48081748478296604,0.0011031805682722004,0.5763953577718784,0.0016592569406198934
2556,0.0,6631.030857185786,0.006981405135188086,0.004112975794686217,0.6833688482829648,-0.0033734923624628827,0.6084874049252044,0.0001494321496950605
2557,0.0,6630.7215090334685,0.0,0.002821327254230621,0.6905207736376054,-0.0010901436687227061,0.6330974155389246,-0.00022244059583026947
2558,0.0,6634.577566040586,0.0,0.008179915036175933,0.5979764446646411,-0.008179842229265684,0.6225611242766395,-0.002609661085860894
2559,0.0,6634.000047915412,0.0,0.0009068068741365879,0.7003202982667758,0.0015436075933458377,0.6458888764736803,-0.0013636804820988742
2560,0.0,6635.516129502555,0.0,0.0018020602080563088,0.5991676169570059,-0.0003832863220199821,0.6318724986186779,-0.0010695622340752065
2561,0.0,6637.153767154111,0.0,0.0041253130896864235,0.6053032950009599,-0.001946679512136725,0.6239017375333624,-0.001332697417493662
2562,0.0,6638.234378701798,0.0273178332544843,0.0031593592106503093,0.3454274685636751,-0.0010816176714592322,0.5403594568424562,-0.001257373493683333
2563,0.0,6635.9439499179925,0.0,4.833235694577549e-05,0.6591145041861153,0.0062123436717214375,0.5759859710455539,0.0009835416559380982
2564,0.0,6640.432517535655,0.006470487012087575,0.008146454122240361,0.34739473760681316,-0.008082399383206835,0.5074086010139317,-0.0017362406558053814
2565,0.0,6639.714765605517,0.044319350365262494,0.0012807398638607114,0.4379704316015767,0.0005431373235101947,0.4865771501902252,-0.0010524272620107086
2566,0.0,6641.02535430823,0.0016789762830520377,0.002207510440663357,0.6099456322605658,-0.0008779579782725074,0.5235876948113273,-0.0010000864768892482
2567,0.0,6642.954812831805,0.0,0.003613241522689991,0.756760341700699,-0.0028817565896481602,0.5935394888781387,-0.0015645875107169218
2568,0.0,6646.580608162638,0.025779003195345908,0.007398891626656788,0.44117445909284625,-0.006446792379530884,0.547829979942551,-0.0030292489713611105
2569,0.0,6647.7437190514165,0.00900994026495409,0.0018890264670189125,0.49335818319954483,-0.000667150320819846,0.5314884409196492,-0.0023206193761987313
2570,0.0,6648.086539817564,0.0,0.0013393095976116415,0.6496439674589339,0.002537950223037107,0.5669350988814346,-0.0008630484964279797
2571,0.0,6649.255438324078,0.0,0.001643269367010823,0.7217145577351791,1.8066982320826335e-05,0.6133689365375579,-0.0005987138528033379
2572,0.0,6652.239520900135,0.0003276109807242907,0.005320198562318304,0.3743553454095956,-0.0052928834391402,0.5416648591991692,-0.0020069647287043963
2573,0.0,6652.951899352669,0.0,0.002700232745149643,0.7379313498308233,-0.0007768379824137841,0.6005448063886654,-0.0016379267048172127
2574,0.0,6658.6396945613515,0.02364656326068095,0.009690738146319582,0.3881767378670411,-0.009690738146319582,0.536834385832178,-0.0040537701372679235
2575,0.0,6659.985815016407,0.0,0.0025512482610456104,0.6125814428900856,-0.000929336874796871,0.5595585029495502,-0.0031164401585266075
2576,0.0,6667.397148439752,0.15235830573673093,0.01108774906570746,-0.019505711469198463,-0.01108774906570746,0.3858392386239256,-0.0055078328306808625
2577,0.0,6666.758263023766,0.0,0.0006678489279762745,0.6501050894613335,0.004806796149713298,0.465118993875148,-0.0024134441365626143
2578,0.0,6670.437984216382,0.0,0.003057648002793802,0.7913012880657063,-0.00182819978029997,0.5629736821323155,-0.002237870829683821
2579,0.0,6673.299547246484,0.0937083471656672,0.004289405095616378,0.12602692378274089,-0.0033543407192231506,0.43188965462744305,-0.0025728117965456198
2580,0.0,6673.919277873521,0.0026612568831978468,0.0019518675784576565,0.39480456898124355,0.0011472104661133674,0.42076412893358317,-0.0014568051177479234
2581,0.0,6674.875592101924,0.00048513073298898744,0.0012170860109207771,0.5106818529910572,0.0007483911921342516,0.4477394461508254,-0.0007952462247832709
2582,0.0,6674.105435523771,0.0,0.00045916133793030015,0.6976018101007635,0.0031551334615049598,0.5226981553358068,0.0003898676811031984
2583,0.0,6677.229181415201,0.025987073736368486,0.005724580213033413,0.2628553336667759,-0.00569566694304,0.4447453088350975,-0.001435792706139761
2584,0.0,6678.783941203465,0.0001353227458167722,0.005398158426046387,0.5587822773325185,-0.0035853703639429236,0.47895639938432377,-0.0020806660034807098
2585,0.0,6681.082509235119,0.013045362774035,0.004577330728914811,0.40828389957268946,-0.0032063715802386887,0.45775464944083344,-0.002418377676508103
2586,0.0,6685.683865594934,0.058538424218598874,0.007658090905156382,0.30773751242974406,-0.007318032926135913,0.41274950833750657,-0.003888274251396446
2587,0.0,6688.054540938823,0.0,0.0033661119065197987,0.798405757587863,-0.0022577521262644395,0.5284463831126135,-0.0033991176138568435
2588,0.0,6687.158898441809,0.0,0.0003900783622407717,0.7362466182386265,0.0060578374478971716,0.5907864536504174,-0.0005620310953306389
2589,0.0,6688.800340669198,0.0,0.002636428575347628,0.7376541869674184,0.00014449416967951014,0.6348467736455177,-0.0003500735158275942
2590,0.0,6688.302987870282,0.010373993495368241,0.0001673066706347383,0.6306999365628156,0.0016361871185365025,0.633602722520707,0.0002458046744816348
2591,0.0,6686.160678396811,0.0025622923163736372,0.000927961899634555,0.4618171050498934,0.00481756278728184,0.582067037279463,0.0016173321083216962
2592,0.0,6684.194320160116,0.0,0.00045403312356104096,0.7589589675779744,0.003773144286015953,0.6351346163690164,0.0022640757616299734
2593,0.0,6685.225446851668,0.09199815013591527,0.006410651637957406,0.05853545875383784,-0.003927238043635493,0.46215486908446274,0.00040668162005033344
2594,0.0,6686.663847770068,1.4740406262908287e-05,0.00540217902888406,0.5304185333114204,-0.005372025899199862,0.48263396835255,-0.0013269306357247253
2595,0.0,6687.193968753194,0.0,0.0031417749720144446,0.6887195539218399,-0.0014727566259104988,0.5444596440233369,-0.0013706784327804573
2596,0.0,6688.49726258218,0.0,0.0025993420425526525,0.8601227647979576,-0.0012758644634730549,0.6391585802557231,-0.0013422342419882364
2597,0.0,6689.610059764039,0.0,0.0014011482007892575,0.6075817651948836,-0.0008346110013097648,0.6296855357374712,-0.0011899472697846948
2598,0.0,6689.524833543809,0.0,0.0016577746774635203,0.6892238881550788,0.0016252964304555365,0.6475470414627535,-0.00034537415971262547
2599,0.0,6692.754712689322,0.011534611671379237,0.005522871564326401,0.38646999839372187,-0.005474995890470547,0.5692239285420441,-0.0018842606789400019
2600,0.0,6694.67654788561,0.032426080077160524,0.005017236299432629,0.29939184046962103,-0.0035655477142773127,0.48827430212031714,-0.002388646789541195
2601,0.0,6697.969096175099,0.08498076972755188,0.005292791877208584,0.12128229890843235,-0.004797177112977287,0.3781767011567517,-0.0031112058865720225
2602,0.0,6699.6744079472055,0.0,0.0020849434348248134,0.5066660191162734,-0.0009349255408413323,0.41672349654460816,-0.002458321782852815
2603,0.0,6701.767597900235,0.024321881055988773,0.0037060282263512035,0.4437633745301946,-0.0010175428626776233,0.4248354599402841,-0.0020260881068002575
2604,0.0,6705.120473371056,0.0,0.0049445776599187094,0.7370036695661788,-0.004339985035956638,0.5184859228280525,-0.0027202571855471716
2605,0.0,6704.121711518304,0.0014689745469316723,0.00017445848716269986,0.4291946327562302,0.0043046063538816105,0.4916985358065058,-0.0006127981237185368
2606,0.0,6701.0534602007765,0.0,7.075851772684732e-05,0.7452200306590917,0.009251324734949407,0.5677549842622815,0.002346438733881846
2607,0.0,6701.394526872298,0.12062109776229277,0.002316167241131572,0.24895160576528338,-0.00016999246737532266,0.47211397071318206,0.0015915093735046953
2608,0.0,6700.141648468519,0.0,0.001407594705539949,0.7651672047316598,9.964343618548601e-05,0.5600299409187253,0.0011439495923089324
2609,0.0,6701.165466001072,0.0,0.004759995632140511,0.48799171903517413,-0.0038384400232330633,0.5384184743536599,-0.00035076729235366643
2610,0.0,6705.591256044462,0.28209819115006146,0.010417388907572565,0.0348832830843564,-0.01039739477853928,0.38735791697286875,-0.0033647555382093504
2611,0.0,6705.194976119759,0.0,0.0011809421739126399,0.6143760562607862,0.0013311639200922981,0.45546335875924393,-0.0019559797007188554
2612,0.0,6704.703969709072,0.0,0.0004337169869377183,0.582855080899145,0.004609382862097537,0.4936808754012142,1.3629068126062328e-05
2613,0.0,6708.396905453946,0.0,0.006587981679696446,0.48927802145103827,-0.005656705158076651,0.49236001921616135,-0.0016874711997347518
2614,0.0,6703.247106420666,0.0,0.0,0.6157297633070711,0.010784862340024291,0.5293709424434342,0.002054228862192961
2615,0.0,6704.004669932888,0.002497072818417094,0.0012711464331735698,0.5514919315868863,9.393231333608095e-05,0.5360072391864698,0.0014661398975358972
2616,0.0,6705.7796557661895,0.17425106922978645,0.006714803337995372,0.022568873072718727,-0.005898798046559966,0.3819757293523444,-0.0007433414856928618
2617,0.0,6709.226514478771,0.17698101222258947,0.008678277504709866,-0.011633882331048286,-0.008677212149239952,0.2638928458473266,-0.003123502684756989
2618,0.0,6710.314357077574,0.015530219930172798,0.002083120712232876,0.5110563774594685,-0.0013618787547132359,0.3380419053309691,-0.002595015505743863
2619,0.0,6711.208460154713,0.002098645849303127,0.001650798068285245,0.5348954107002402,0.0014990595319900775,0.39709795694175043,-0.0013667929944236807
2620,0.0,6713.425955434364,0.0,0.002798619169955738,0.555926773584987,-0.0018596909726899078,0.4447466019347214,-0.0015146623879035486
2621,0.0,6712.968504639159,0.0,0.0011864716923635499,0.5768389689081707,0.0024398761253666824,0.4843743120267561,-0.00032830083392247926
2622,0.0,6716.920669811163,0.0,0.006663118464581354,0.6348969752566636,-0.0066422249195309474,0.5295311109957284,-0.0022224780596050197
2623,0.0,6719.501195976367,0.12511606362280114,0.006089189205899162,0.19332582960216535,-0.0049415128896873085,0.42866952657765944,-0.0030381885086297063
2624,0.0,6722.233809533786,0.07027334885348165,0.003817254042878845,0.2961449586229964,-0.003251272411343431,0.3889121561912605,-0.0031021136794438238
2625,0.0,6723.96308371246,0.05110898535965176,0.0031147577852225178,0.3499571373723764,-0.00030862010577094795,0.37722565054559526,-0.0022640656073419606
2626,0.0,6728.328496382527,0.01087037330352364,0.006020311458650789,0.3536148285076336,-0.0057689052462460534,0.3701424039342067,-0.003315517499013188
2627,0.0,6729.597594159265,0.0,0.0022851145574224146,0.6430146450305186,-0.00014740546476404024,0.45200407626310024,-0.0023650838887384435
2628,0.0,6730.726251758726,0.0,0.0012767428777480938,0.6791329752336935,0.001200839224623935,0.5201427459542782,-0.00129530695472973
2629,0.0,6733.880446080452,0.0,0.004758550947268096,0.6368089669793635,-0.004053637996378588,0.5551426122618038,-0.0021228062672243872
2630,0.0,6739.513844480339,0.16729360303125207,0.010298518327451886,0.006561382746319731,-0.010298518327451886,0.39056824340715857,-0.004575519885292637
2631,0.0,6741.681419308056,0.0,0.0038051266676526374,0.6848196241734755,-0.002113877700832945,0.4788436576370536,-0.0038370272299547295
2632,0.0,6744.56552829271,0.00044196742429070005,0.0032850275330792013,0.354100169960073,-0.0010825177029341916,0.44142061133395943,-0.003010674371848568
2633,0.0,6750.106973789581,0.07774609558682602,0.007685782288680943,0.2231203707941382,-0.0074223299884520885,0.375930539172013,-0.004334171056829624
2634,0.0,6751.713270713061,0.03579465787718743,0.001962953174844597,0.35168151519937463,-2.974232587238531e-05,0.3686558319802215,-0.0030428424375424524
2635,0.0,6754.404005584515,0.0,0.0021404645929761585,0.6480319808924099,-0.0009641510297669896,0.452468676653878,-0.0024192350152098135
2636,0.0,6758.7698083166215,0.0,0.0059638391198413646,0.573478847788764,-0.005824993360481828,0.48877172799434376,-0.0034409625187914175
2637,0.0,6760.03134031228,0.0,0.002605533989157941,0.8030905035092111,3.521825483872018e-05,0.5830673606488039,-0.0023981082867023757
2638,0.0,6763.71165100799,0.015435991888557288,0.004454032859601966,0.5845571113881267,-0.003983056813708802,0.5835142858706007,-0.0028735928448043032
2639,0.0,6765.371925366501,0.07337219909124335,0.0029712222949139036,0.35134199088483703,-0.0008411424130503176,0.5138625973748716,-0.0022638577152781078
2640,0.0,6768.567195745074,0.0,0.005068112945529693,0.7873259039373615,-0.0035691600038861644,0.5959015893436186,-0.002655448401860525
2641,0.0,6770.74278472824,0.0,0.0033430987143047907,0.6548742065753491,-0.0020636482447685027,0.6135933745131377,-0.002477908354732918
2642,0.0,6773.947601621727,0.0438298851198821,0.004547352161925239,0.09743452544217833,-0.00380736359471284,0.45874571979184986,-0.0028767449267268945
2643,0.0,6779.109089148739,0.01878158896456825,0.00805582245030348,0.2668002761865901,-0.008052080106481658,0.4011620867102719,-0.004429345480653324
2644,0.0,6783.143360286226,0.0,0.005231075803681501,0.727703011095596,-0.005223566176063565,0.4991243640258691,-0.004667611689276396
2645,0.0,6789.463154403505,0.17168602332601776,0.008522768471288144,-0.005901975080049601,-0.00835785238159798,0.3476164622940935,-0.00577468389697287
2646,0.0,6793.677008285057,0.018563215930110143,0.0052112923615530654,0.22053593213272085,-0.0036761549145303456,0.30949230324568167,-0.005145125202240112
2647,0.0,6798.545334048263,0.13731401783723748,0.005508102947078785,0.07241770250370932,-0.003912669397240016,0.23836992302308996,-0.0047753884607400834
2648,0.0,6801.481195572534,0.0,0.002527264636384068,0.5816821913076327,-0.0005578982373663141,0.34136360350845274,-0.003510141393727952
2649,0.0,6804.96942990277,0.0,0.00379458998300237,0.7946327032295838,-0.002146535983313763,0.477344333424792,-0.003101059770603695
2650,0.0,6807.976199724912,0.0025622923163736372,0.0027011413116649944,0.42035629659557183,-0.002478495687222463,0.46024792237602585,-0.0029142905455893254
2651,0.0,6809.84970530805,0.015903531598581846,0.002403542686638262,0.38523551097333336,-0.0005514372644270097,0.4377441989552181,-0.0022054345612406304
2652,0.0,6809.264633324602,0.0,0.0013470742539801665,0.8892384082239309,0.004346512390557877,0.5731924617358319,-0.00023985047570107814
2653,0.0,6809.909666620756,0.23678448988850279,0.0027085258025551793,-0.06713616146457196,0.0009635020707928756,0.3810938747757108,0.00012115528824710795
2654,0.0,6810.532316361644,0.0004553693345490983,0.0017952694492155508,0.712840317617601,-0.0010523908516713928,0.48061780762827777,-0.00023090855372844224
2655,0.0,6811.390831415732,0.07758551377471545,0.003084312400457434,0.18382075000197146,-0.0019051552648678455,0.39157869034038584,-0.0007331825670702632
2656,0.0,6813.012192963108,0.18100508403563795,0.0031957960692460424,0.2617631514705059,-0.0031067575399392976,0.3526340286794218,-0.0014452550589309735
2657,0.0,6811.430459017866,0.009430567548920793,0.0012640801594533603,0.43533745801427765,0.00411922985407232,0.37744505747987855,0.00022409041497001465
2658,0.0,6811.755800976291,0.0008040665474606839,0.002060096014625163,0.5037125377444353,0.0008183411723768048,0.4153253015592455,0.00040236564219205167
2659,0.0,6813.778595118375,0.009895967821065362,0.004632892477556477,0.32413817977508574,-0.004464347213360698,0.38796916502399753,-0.0010576482144737732
2660,0.0,6821.127566182676,0.24139647177624723,0.01568541858564002,-0.13531203294232996,-0.01568541858564002,0.23098480563409923,-0.005445979325823646
2661,0.0,6823.143427573128,0.022202349771659267,0.003528176963050512,0.26876971106186875,-0.0028710785347871286,0.24232027726243008,-0.00467350908851269
2662,0.0,6829.717600536283,0.015895186511789224,0.007828568996817255,0.33248360098497487,-0.007828568996817255,0.2693692743791935,-0.005620027061004059
2663,0.0,6828.840377686145,0.0,9.718306331108302e-06,0.7479710731976984,0.006929954032528353,0.41294981402474495,-0.0018550327329443354
2664,0.0,6830.742877043323,0.09626212725609487,0.0016700290517604594,0.30772697474040106,0.0019679475582958165,0.38138296223944174,-0.0007081386455722897
2665,0.0,6834.23993693204,0.0,0.005360764067012539,0.43814721057319306,-0.005323709894444461,0.39841223673956716,-0.002092810020233941
2666,0.0,6838.0022052414915,0.08007586888831153,0.008288712352009607,0.38069103980589275,-0.007013214138044675,0.3930958776594648,-0.003568931255577161
2667,0.0,6841.071310253013,0.05179448119574772,0.004661859069482762,0.4913045383634066,-0.004065252867277084,0.4225584758706473,-0.0037178277390871378
2668,0.0,6847.856951324268,0.0021343456176011366,0.010264206018093462,0.4827027695807724,-0.010264206018093462,0.4406017639836848,-0.005681741222789035
2669,0.0,6851.606088109853,0.01704722558473512,0.004365895263788381,0.36581830362065004,-0.0037012251908016807,0.4181667258747743,-0.005087586413192828
2670,0.0,6855.079243493283,0.0,0.002015689767427577,0.6249379833416395,-0.0011052771745234935,0.4801981031148339,-0.003892893641592027
2671,0.0,6861.178165691092,0.008310870287111546,0.007261042704322161,0.2914733814229824,-0.007244314829959176,0.42358068660727843,-0.004898319998102172
2672,0.0,6864.759376456528,0.0,0.004704720798741181,0.7575879313913513,-0.0032016615514150015,0.5237828600425003,-0.0043893224640960205
2673,0.0,6869.929302346589,0.11920164361713932,0.005587189983407516,-0.06227544546534921,-0.005485373836931731,0.3479653683901454,-0.004718137875946733
2674,0.0,6877.586095859225,0.07641812463725046,0.01124411357478376,0.1950210905688194,-0.011182853173059362,0.30208208504374756,-0.006657552465080522
2675,0.0,6880.224761988261,0.0024692788334905054,0.0013385027095307444,0.38548705922473864,-0.0003050961286693547,0.32710357729804485,-0.004751815564157171
2676,0.0,6888.156394401782,0.0,0.009391291395201987,0.40427395470424327,-0.009391291395201987,0.3502546905199043,-0.0061436583134706155
2677,0.0,6891.9663979985535,0.006086949296680556,0.003370941054204111,0.31885863523513813,-0.0027317138508824545,0.34083587393447445,-0.005120074974694167
2678,0.0,6892.007420856732,0.0014669116753595831,0.0005323890921190075,0.5462391134568695,0.006527516245938521,0.40245684579119295,-0.0016257976085043606
2679,0.0,6895.333603028817,0.0,0.0021230394295898175,0.5800713023866885,-0.0015283931928497072,0.4557411827698416,-0.0015965762838079643
2680,0.0,6897.220688813401,0.021951190988648547,0.003975593218210868,0.417826832767444,-0.0021713655305299505,0.44436687776912226,-0.00176901305782456
2681,0.0,6902.493080747806,0.09441597744086935,0.009299433364369997,0.08206358880356476,-0.00924734069030406,0.335675891079455,-0.00401251134756841
2682,0.0,6907.388936859142,0.07261842765704511,0.008195481975315616,0.34286575652845586,-0.008189790323898063,0.33783285071415525,-0.005265695040467306
2683,0.0,6910.020507956715,0.0016789762830520377,0.0022647136422660583,0.478525879541877,-0.001083336506210429,0.3800407593624717,-0.004010987480190242
2684,0.0,6915.813436670006,0.0027900589701579026,0.006416378007194133,0.47144218703515123,-0.006416378007194133,0.4074611876642755,-0.004732604638291409
2685,0.0,6919.920492007933,0.0,0.0047811700494654295,0.6175595285915744,-0.004181061468887685,0.4704906899424651,-0.004567141687470292
2686,0.0,6925.10486416779,0.009469566813933314,0.006103434769268682,0.39562749637965916,-0.005680681264503188,0.4480317318736233,-0.00490120356058016
2687,0.0,6929.107013058905,0.06845886346202494,0.004471123544510285,0.3512335751514372,-0.0033761541170166313,0.41899228485696743,-0.004443688727511101
2688,0.0,6934.616377560882,0.0030691947026178696,0.006453339823759538,0.6431015376104465,-0.006187268639868743,0.48622506068301113,-0.004966762701218394
2689,0.0,6936.814092521921,0.0,0.0025185886094652287,0.6679311344692559,0.00025721803487667927,0.5407368828188845,-0.0033995684803898715
2690,0.0,6937.784372939359,9.813580523050197e-05,0.0010335597704755136,0.4597229865765034,0.003293942297454441,0.5164327139461702,-0.0013915152470365777
2691,0.0,6937.959905155556,0.0,0.0005604551736213663,0.4811232087452625,0.003233504851957013,0.5058398623858978,-4.009217338500517e-06
2692,0.0,6933.962596482892,0.0,0.00031635880372281517,0.7285102410692098,0.009777388501100307,0.5726409759908915,0.0029304100981931416
2693,0.0,6933.684571498142,0.0013417231810562403,0.0021276300311619113,0.3576183401023007,0.00046129456553309584,0.5081341852243142,0.002189675438395128
2694,0.0,6934.282145185307,0.01629168362781757,0.00456884825623477,0.2860406912632246,-0.0043886921771446995,0.4415061370359873,0.00021616515373317955
2695,0.0,6933.361531266005,0.009985014707411415,0.003262804550210222,0.2867031036960547,-0.00037197313118927033,0.3950652270340075,3.972366825644458e-05
2696,0.0,6932.935351285789,0.027530455133008537,0.001766797588290446,0.3118319383284404,0.0006610477707998315,0.3700952404223373,0.00022612089901946067
2697,0.0,6931.555859814644,0.0,0.0010437346439704826,0.676812423871883,0.00282314003966167,0.462110395457201,0.0010052266412121235
2698,0.0,6936.322136032648,0.1444996304994121,0.010207169167370715,0.002926057526081998,-0.010207169167370715,0.3243550940778653,-0.002358492101362728
2699,0.0,6939.837810918414,0.0,0.008275727691078191,0.5497967920086844,-0.008273163259054335,0.391987603457111,-0.00413289344867021
2700,0.0,6944.776759130349,0.01204644248753374,0.007680193522627695,0.34148148900460235,-0.0076605089422499585,0.37683576912135835,-0.005191178096744135
2701,0.0,6946.702552667145,0.018728085251301926,0.002766490824564114,0.3645612718672137,0.0005093265614033596,0.3731534199451149,-0.003481026699299886
2702,0.0,6949.9174296990595,0.10961429897604054,0.002033776324475732,0.29726866435503096,-0.0011451405199085956,0.3503879932680897,-0.002780260845482499
2703,0.0,6952.446312910925,0.000533450807052963,0.0026102158724412993,0.5358949124432828,-0.0015265930110570788,0.4060400690206476,-0.0024041604951548726
2704,0.0,6956.047230339093,0.022259714569017732,0.004807515892691348,0.3611113786820702,-0.004505632907339171,0.3925614619190744,-0.003034602218810162
2705,0.0,6958.7500856768565,0.002263693674959686,0.004645199091485569,0.3465528658485717,-0.00300017301210306,0.37875888309792355,-0.003024273456798031
2706,0.0,6955.807974624387,0.0,7.773626172026554e-05,0.6065158757829274,0.009416453397938387,0.44708598090342466,0.0007079445996228946
2707,0.0,6961.09029289698,0.017390708740863,0.007885358234338596,0.27204672774215016,-0.00788404257539008,0.39457420495504225,-0.0018696515528809979
2708,0.0,6958.205255386284,0.0012750943033191951,0.00021167930745574843,0.4163074234756969,0.005350954670714281,0.40109417051123863,0.00029653031419758584
2709,0.0,6960.13042801074,0.01090529094591198,0.003097984529008019,0.30167435236697776,-0.002075578029788769,0.37126822506796037,-0.00041510218899832056
2710,0.0,6960.757143951625,0.002998914867272789,0.004445756975023387,0.3139269932500166,-0.0015972480295915919,0.35406585552257724,-0.0007697459411763019
2711,0.0,6960.7423133059,0.0,0.001889885432436434,0.6510225439818006,0.000495368039681132,0.4431528620603442,-0.00039021174691907163
2712,0.0,6961.617626675848,0.009250245607130404,0.0023888606927683254,0.33303120250851087,-0.001005492009211059,0.4101163641947942,-0.0005747958256066678
2713,0.0,6962.895430820824,0.026481622767416675,0.002458047124386395,0.29287916825399596,-0.0022316715729250444,0.37494520541255466,-0.0010718585498021807
2714,0.0,6962.452725197335,0.005377486371585014,0.0012479839196294828,0.5443081436173068,0.0015657098068516872,0.4257540868739803,-0.00028058804280602036
2715,0.0,6964.975498754578,0.00012809561823393342,0.0047366808717217955,0.6514999973132758,-0.004127567753096778,0.4934778600057689,-0.0014346819558932477
2716,0.0,6965.359848110074,0.00012809561823393342,0.002571893166736157,0.4833045507214196,-0.0004486701978648765,0.49042586722046405,-0.0011388784284847363
2717,0.0,6964.987416222263,0.0,0.0023666760639900392,0.5594067153960746,0.002317813404849367,0.5111201216731472,-0.0001018708784845053
2718,0.0,6967.057272776496,0.0,0.005041204012702201,0.7065685969302146,-0.0031216248383785896,0.5697546642502673,-0.0010077970664527304
2719,0.0,6967.661403903808,0.0,0.0035416653199194,0.6800220682024692,-0.0011104994723758763,0.6028348854359279,-0.0010386077882296742
2720,0.0,6966.350160630008,0.0037768097750361263,0.0006435326274036898,0.5306957771856364,0.003824820755815765,0.5811931529608404,0.00042042077498395756
2721,0.0,6967.263329447047,0.0,0.0014541572357830294,0.7773547847030328,-0.0008380694550501698,0.640041642483498,4.287370597371934e-05
2722,0.0,6967.798167077267,0.0,0.0031413617534280674,0.6840426021888599,-0.0015539697746500116,0.6532419303951066,-0.0004361793382133999
2723,0.0,6970.179820470659,0.0,0.0055677638320984464,0.6373481725519342,-0.0049882638741990505,0.6484738030421549,-0.0018018046990090951
2724,0.0,6973.126675927886,0.06046153256360526,0.0056220483091703865,0.14688628661947234,-0.005609853529456812,0.4979975481153501,-0.0029442193481434105
2725,0.0,6977.147517428557,0.0,0.006639394964124341,0.8319339174474859,-0.006377197425423324,0.5981784589149908,-0.003974112771327384
2726,0.0,6978.809171532451,0.3127592385463069,0.0010954011409908637,-0.18043435185138015,-0.00022929619665612767,0.3645946156850795,-0.002850667798926007
2727,0.0,6982.269630687379,0.004307968547734952,0.003145849133694109,0.4187425776019338,-0.002950811277677405,0.3808390042601358,-0.002880710842551426
2728,0.0,6982.527103363066,0.0,0.00021854258273417692,0.49554772252742385,0.0025530738346381606,0.4152516197403222,-0.0012505754393945501
2729,0.0,6986.239288465853,0.09116918833283204,0.00473733266642915,0.2142874353232846,-0.004680871193175912,0.3549623644152109,-0.002279664165528959
2730,0.0,6989.2206374905845,0.07792301384365855,0.0049468257755319114,0.4042018292288887,-0.004813475045255807,0.3697342038593142,-0.003039807429447013
2731,0.0,6990.268348534977,0.017196655684389762,0.0020653192831737326,0.4320824318932421,0.0003185774728340075,0.3884386722694925,-0.0020322919587627063
2732,0.0,6993.459431801197,0.004209998497189186,0.005057173345295185,0.5980286463502389,-0.003396945234001423,0.4513156644937164,-0.002441687941334321
2733,0.0,6995.269426427646,0.031957579773126917,0.00360106467868712,0.38394529611803463,-0.00155211435050194,0.4311045539810119,-0.0021748158640846065
2734,0.0,7001.943836243118,0.11854333647033553,0.011287341377844796,0.036301464037547956,-0.011270978182342,0.3126636269979727,-0.004903664559561824
2735,0.0,7001.605193382143,0.0020564058902715248,0.0006872965384939867,0.48374821955269837,0.00317525850876983,0.36398900476439033,-0.0024799876390623277
2736,0.0,7007.564711282903,0.09310507333965787,0.007252956650160731,0.04820659750399906,-0.007204345558747054,0.269254282586273,-0.003897295014967745
2737,0.0,7011.657086806288,0.0,0.005780074590737979,0.5411331082447269,-0.005780074590737979,0.35081793028380914,-0.004462128887698815
2738,0.0,7013.9259505776035,0.0,0.0015005181435629553,0.6753868651722089,-0.00048119517932969233,0.44818861075032906,-0.0032678487751880776
2739,0.0,7018.0953800048255,0.0833361902261446,0.004052384995162072,0.19098106742432355,-0.003902100016392618,0.3710263477525274,-0.0034581241475494396
2740,0.0,7020.368407849517,0.02355458892054959,0.0025622776065735756,0.24387561050179213,-0.001187377029471866,0.33288112657730684,-0.0027769000121261674
2741,0.0,7022.318960134634,0.043345064772680554,0.0018344408482485225,0.36669485518851547,-0.0003457337731240893,0.3430252451606694,-0.0020475501404255436
2742,0.0,7021.34285727974,0.0,0.0004455094225652262,0.9220566576390624,0.0050114663828450656,0.5167346689041873,7.01548165556393e-05
2743,0.0,7023.80696194437,0.04253588630460652,0.003313743676708285,0.3989524656649363,-0.00300360977239323,0.48140000793241194,-0.0008519745601290214
2744,0.0,7028.445682635186,0.000691413120854776,0.009701580433107112,0.4718178641280671,-0.009701580433107112,0.4785253647911085,-0.0035068563220224487
2745,0.0,7030.946125571064,0.11983887868208737,0.004837340389624835,0.13159865213938465,-0.004175663602860017,0.37444735099559134,-0.003707498506273719
2746,0.0,7034.32005356097,0.06753336417793267,0.003554416595838029,0.36140770109145814,-0.0032215622057700055,0.37053545602435134,-0.003561717616122605
2747,0.0,7036.388592541188,0.0,0.0025282522180101958,0.5665051611039107,-0.00029907369741190043,0.4293263675482191,-0.0025829244405093936
2748,0.0,7040.346340259629,0.0025689579107669386,0.004809952670719864,0.38073204515197595,-0.004427563378271379,0.41474807082934617,-0.003136316121837989
2749,0.0,7039.2113778158055,0.12414604321443383,0.0005235289684943176,0.2882071591414383,0.005185731221906583,0.3767857973229738,-0.0006397019187146171
2750,0.0,7035.885580462755,0.0,0.0001949048125119576,0.8894238380047185,0.010222394692383124,0.5305772095274972,0.002618927064614705
2751,0.0,7039.151083822642,0.0,0.007014502203299562,0.5278523734864069,-0.006245897795464538,0.5297597587151701,-4.0520393409067745e-05
2752,0.0,7040.41962909118,0.0488202967726457,0.007204310122143243,0.25422769713075544,-0.005369163318702396,0.4471001402398457,-0.001639113270997066
2753,0.0,7041.881048858036,0.2536322402349981,0.0041654091934325115,-0.12608813896640586,-0.002934119384857631,0.2751436564779702,-0.002027615105155235
2754,0.0,7042.530915347504,0.0,0.0018910585622859467,0.5766579507213466,0.0004380051002792349,0.36559794475098306,-0.0012879290435248941
2755,0.0,7042.534261490498,0.0,0.0007335657925726895,0.794885941155429,0.002158791646778891,0.4943843436723168,-0.00025391283643375854
2756,0.0,7046.200484527429,0.0,0.006681362340073674,0.6709598740675687,-0.006285792205083438,0.5473570027908924,-0.0020634766470286623
2757,0.0,7046.380741193861,0.0,0.001847998824784391,0.6555483945038545,-2.5063990154828135e-05,0.579814420304781,-0.001451952849966512
2758,0.0,7051.354870013751,0.0,0.008154058350738673,0.3825502883957877,-0.008152815498700406,0.520635180732083,-0.00346221164458668
2759,0.0,7049.5727023663985,0.10201043733282512,0.00023967183179514698,0.3655490638002414,0.005369558969224898,0.47410934565253054,-0.0008126804604432062
2760,0.0,7053.719836991694,0.01286811339428974,0.005121586610219472,0.5608057268027127,-0.00499953165373747,0.5001182599975852,-0.0020687358184314853
2761,0.0,7056.32748745318,0.0,0.004663680975434175,0.5081490924829004,-0.004499865656031738,0.5025275097431797,-0.002798074769711561
2762,0.0,7056.411474972774,0.0,0.0010212762857045533,0.67238913176597,0.002096545593784231,0.5534859963500168,-0.0013296886606628236
2763,0.0,7058.9482693829195,0.11926622623482643,0.004723976333755293,0.06925341174240349,-0.0023149234418265207,0.4082162209677328,-0.0016252590950119328
2764,0.0,7060.8437510548265,0.03331341745174259,0.0031722191827189415,0.27940318622986926,-0.00249610866599115,0.3695723105463737,-0.001886513966305698
2765,0.0,7058.996602338189,0.0,0.0004286905725813384,0.6997928580388518,0.0056198094655635685,0.46863847479411713,0.0003653830632550821
2766,0.0,7058.264070929347,0.0025782806839319645,0.0017700228255190867,0.40502900661569713,0.003476001522352867,0.4495556343405911,0.0012985686009844173
2767,0.0,7058.310918517398,0.18631130373529195,0.001966806196298774,0.23830764622014453,-0.000532313524368974,0.38618123790445713,0.0007493039633783999
2768,0.0,7055.304014193635,0.0015981257089222932,0.0006713515975996423,0.5266721711050245,0.004880487383338497,0.42832851786462733,0.001988658989366429
2769,0.0,7057.679842766909,0.05615886143549315,0.005977422492037945,0.2851490038425528,-0.00581302861406363,0.385374663658005,-0.0003518472916625888
2770,0.0,7057.654382784491,0.05159722787303429,0.003586308240512667,0.32358276969552713,-0.0020038178467322505,0.36683709546926163,-0.0008474384581834873
2771,0.0,7060.429639537489,0.011315067205307174,0.005379967370838776,0.6462239587953594,-0.005379967370838776,0.450653154467091,-0.0022071971319800737
2772,0.0,7064.405416206021,0.05449448221197307,0.007313985718986305,0.17105679090216316,-0.007308153118334965,0.3667742453976126,-0.003737483927886541
2773,0.0,7067.610264484445,0.003618655286169327,0.0056352266667244666,0.6431015376104465,-0.004221875070578106,0.44967243306146276,-0.0038828012706940097
2774,0.0,7067.245620220912,0.0,0.0004474341654757336,0.6715329012806083,0.004814671360186754,0.5162305735272064,-0.0012735594814297807
2775,0.0,7065.581215221968,0.0016789762830520377,0.0004665627963355354,0.6795203388122335,0.007565160049834355,0.5652175031127145,0.0013780563779494598
2776,0.0,7069.898217006768,0.004631315330532516,0.0077266225934492965,0.3490524802734882,-0.007724548274259527,0.5003679962609465,-0.0013527250177132362
2777,0.0,7068.902918819167,0.0,0.002450493002698538,0.7585693570926363,0.0006944260395436615,0.5778284045104534,-0.0007385797005361668
2778,0.0,7070.7611163634965,0.05820655935339363,0.0041015586555485815,0.3203051157819307,-0.0024313821697130697,0.5005714178918965,-0.0012464204412892376
2779,0.0,7072.406492762403,0.0,0.002716525006448755,0.6843296204313694,-0.0026065794579440355,0.5556988786537383,-0.0016544681462856768
2780,0.0,7071.228037930811,0.05531568729493104,0.0008562684874026137,0.2518037985359913,0.003822405031588201,0.4645303546184142,-1.1406192923513366e-05
2781,0.0,7076.193535175112,0.0023277366157957967,0.008620906348538841,0.43897011811525405,-0.008620906348538841,0.4568622836674661,-0.0025942562396081116
2782,0.0,7075.351705819615,0.0,0.0012703968353860566,0.817140930177016,0.001873786618230586,0.5649458776203311,-0.0012538433822565022
2783,0.0,7075.7101913055785,0.0,0.001476366626085416,0.6371688553520956,0.002007748961429672,0.5866127709398604,-0.00027536567915064985
2784,0.15386072263532125,7081.818716051788,0.3913996724674858,0.011408532794789459,-0.3174808673850174,-0.011408532794789459,0.315384679442397,-0.0036153158138422926
2785,0.0,7082.663154614922,0.0,0.0028460650318878826,0.5710172139005849,-0.001321769598503913,0.39207443977985335,-0.002927251949240779
2786,0.0,7085.504192981358,0.022637254551474452,0.003684758179336023,0.3201957041195292,-0.0020309071261038498,0.37051081908175604,-0.0026583485022997
2787,0.0,7086.358909144446,0.0,0.0012689340750288971,0.8277041905705599,0.0013793266282865102,0.5076688305283972,-0.0014470459631238369
2788,0.0,7091.630276271106,0.26867225911830495,0.008155724083382125,-0.1730068865204362,-0.008152608242181524,0.3034661154137472,-0.0034587146468411426
2789,0.0,7090.8978609089845,0.0,0.0012744518932473591,0.6412075446612838,0.0031773179929567327,0.40478854418800814,-0.00146790485490178
2790,0.0,7091.769066422522,0.022544354589854803,0.0014138059352672163,0.4154419901643004,0.0018489789728791737,0.4079845779808958,-0.0004728397065674937
2791,0.0,7093.937714683411,0.010604500518832825,0.00439704008015067,0.4094757383075777,-0.002969247998556217,0.4084319260789004,-0.0012217621941641105
2792,0.0,7098.2740062124985,0.048950857283958295,0.008517559708246083,0.47769239948457815,-0.008490492566499128,0.4292100681006037,-0.003402381305864615
2793,0.0,7101.91146534198,0.10353837218029194,0.006912694236970534,0.11953174301615974,-0.006163605013089818,0.33630657057527047,-0.004230748418032176
2794,0.0,7107.973937781418,0.10963304054436164,0.008920633048953752,0.10759676250417238,-0.00890972253780139,0.26769362815394104,-0.00563444065396294
2795,0.0,7114.153604336177,0.001758612699246404,0.008232507359716148,0.3706991559880217,-0.008232507359716148,0.2985952865041652,-0.006413860665688902
2796,0.0,7115.334454551482,0.02011402230568131,0.00018953111809971702,0.20537859752881257,0.003676348593727948,0.2706302798115594,-0.0033867978878638467
2797,0.0,7119.332603562516,0.0,0.002692691159380195,0.6542238935968994,-0.0015072556675680877,0.38570836394716135,-0.0028229352217751186
2798,0.0,7121.995025054852,0.0,0.0038640482612250686,0.5256617412614424,-0.0019011746749335308,0.42769437714144565,-0.0025464070577226423
2799,0.0,7124.3234007486335,0.1742088086440924,0.0027257198013400014,0.10849838459889641,-0.0018041248786239967,0.33193557937868085,-0.0023237224039930485
2800,0.0,7130.564867514883,0.058371882099325374,0.01025372664439374,0.40694067410809204,-0.01025372664439374,0.35443710779750415,-0.0047027236761132555
2801,0.0,7132.461551396576,0.0,0.002589918451475992,0.6470381485143293,-0.0013349337628614272,0.44221742001255165,-0.0036923867021377067
2802,0.0,7136.486735111362,0.0035245640371669683,0.004160098918024265,0.47017773819252723,-0.003333279463928971,0.4506055154665443,-0.003584654530675086
2803,0.0,7142.917591833422,0.19678476112769588,0.009402021417456134,-0.05133030064472116,-0.009402021417456134,0.3000247706331647,-0.0053298645967094
2804,0.0,7146.796051447732,0.1514986283558411,0.004675869589404353,0.06994399260351486,-0.004124031368827025,0.23100053722426972,-0.004968114628344687
2805,0.0,7149.403618273128,0.0,0.0013738493462628074,0.6178072617029307,0.0003265161781766298,0.347042554567868,-0.003379725386388292
2806,0.0,7153.26233872347,0.04129491983137456,0.004044028662179243,0.42934508373062213,-0.00272305964258773,0.37173331331669424,-0.003182725663248123
2807,0.0,7156.708697046989,0.0,0.00392188604193884,0.8507048395469611,-0.0035267523272078005,0.5154247711857742,-0.003285933662436026
2808,0.0,7159.150666661759,0.0,0.0022894200728945917,0.8076117175583961,-0.0016351835622836564,0.6030808550975607,-0.002790708632390315
2809,0.0,7161.104003691678,0.0,0.0018966658253162147,0.6044822604339251,-0.0005303250542807992,0.60350127669847,-0.00211259355895746
2810,0.0,7164.040425508864,0.0,0.0034836203470316493,0.6923289117331441,-0.003122532562107053,0.6301495672088722,-0.0024155752599023376
2811,0.0,7162.032203841893,0.0,0.00017009750092293718,0.8865577374640287,0.00648506239926809,0.7070720182854191,0.00025461603784879077
2812,0.0,7163.914416226987,0.1447887412019992,0.004133899875337496,0.3511089776211095,-0.001415660574792239,0.6002831060861262,-0.00024646694594351816
2813,0.0,7164.658235872057,0.0,0.0032617673863982303,0.5109694235145693,-0.0018045798439061975,0.5734890013146591,-0.0007139008153323219
2814,0.0,7165.032954153372,0.03881295668107577,0.0024707428312399494,0.288410275800607,-0.0004941808167434399,0.48796538366044345,-0.0006479848157556572
2815,0.0,7166.610200366063,0.042409952576481516,0.002982710946064127,0.3298155110570302,-0.0025152835598106433,0.4405204218794195,-0.0012081744389721531
2816,0.0,7170.9141800654825,0.05264281043496287,0.008675680017957063,0.306068150454235,-0.008241299589088064,0.40018474045186414,-0.003318111984006926
2817,0.0,7172.932201116658,0.0,0.0033609182612812263,0.7190633583819704,-0.002807440816682798,0.495848325830896,-0.0031649106338096874
2818,0.0,7174.406159182062,8.667295277946105e-05,0.0017628790785674977,0.4025237961204828,0.0005174919568218873,0.46785096691777206,-0.002060189856620215
2819,0.0,7179.073171868006,0.08616221697265249,0.006573176511843001,0.08885038308018645,-0.006340319941473075,0.35415079176649633,-0.003344228882076073
2820,0.0,7183.406254924763,0.0,0.006823164633224599,0.6560077952555917,-0.006741882397511193,0.4447078928132249,-0.004363524936706609
2821,0.0,7184.968017323589,4.4722325110711264e-05,0.002100181936317021,0.5589135509740493,0.00041171362697042216,0.47896959026147223,-0.0029309533676034993
2822,0.0,7189.078175372569,0.0,0.00404218034595363,0.3775097143787993,-0.0038953677359866556,0.4485316274966703,-0.003220277678118446
2823,0.0,7191.8850091348495,0.11413630263707225,0.003280274730698384,0.34651986187706596,-0.002660315676910069,0.417928097810789,-0.003052289077755933
2824,0.0,7191.543921203102,0.0,0.0009577033524778238,0.8605224399856916,0.004192234484084815,0.5507064004632597,-0.0008789320092037081
2825,0.0,7194.255316368862,0.0,0.0035529410954437896,0.4816239621500491,-0.0024326499722855752,0.5299816689692964,-0.0013450473981282682
2826,0.0,7191.797307464645,0.09531945154404313,0.0021915576920792683,0.14486438803318796,0.006092449701626887,0.41444648468846385,0.0008862017317982782
2827,0.0,7193.846322785583,0.09201925787780109,0.0031152721544324526,0.026392645080329506,-0.002904615951060358,0.2980303328060235,-0.0002510435730593126
2828,0.0,7198.0341991864725,0.11535562788780562,0.00963740915693331,-0.024544867663429087,-0.00963740915693331,0.20125777266518768,-0.0030669532482215114
2829,0.0,7199.773028043712,0.010970337107056428,0.004475470694377421,0.27878462724827324,-0.0032332666786353643,0.22451582904011336,-0.003116847277345667
2830,0.0,7203.625333057824,0.02559077947600298,0.005527494280899544,0.4053882643390452,-0.004701023842614172,0.2787775596297929,-0.003592100246926218
2831,0.0,7202.213355339698,0.0,0.0008710946436932932,0.674159445801678,0.006338007003620763,0.3973921254813584,-0.0006130680717621236
2832,0.0,7205.535229712431,0.0,0.003961147978093769,0.7479956508223502,-0.003153256016321534,0.502573183083656,-0.0013751244551299467
2833,0.0,7208.970322538811,0.00011097882278998075,0.006484951614608183,0.5815591266222734,-0.006460533961239668,0.5262689661452411,-0.0029007473069628626
2834,0.0,7211.066538864036,0.027887224729348285,0.00310762555073506,0.4752349616687124,-0.00281383156567009,0.5109587648022824,-0.0028746725845750307
2835,0.0,7213.542135098501,0.0,0.003634202214264843,0.5149533256725332,-0.0020161023526920076,0.5121571330633576,-0.0026171015150101237
2836,0.0,7215.734611463751,0.00012273234604030935,0.0031920075983090913,0.40315183419059,-0.001464162588879488,0.4794555434015273,-0.002271219837170933
2837,0.0,7215.985486229739,0.0,0.0007303199930414229,0.9207657262643314,0.0022981258088775897,0.6118485982603685,-0.0009004161433563762
2838,0.0,7220.249183034287,0.18746401963677445,0.007224854191509352,0.010634393353422518,-0.006479330339781744,0.4314843367882847,-0.0025740904022839863
2839,0.0,7220.742126355563,0.07209455118149918,0.001430403313411775,0.4203996097084541,1.8221996764779748e-05,0.4281589186643355,-0.0017963966825693563
2840,0.0,7220.859800961812,0.0,0.0004998692907519916,0.5620674101321762,0.002511038601135647,0.4683314661046877,-0.0005041660974578553
2841,0.0,7220.695298843955,0.06291841194743904,0.0019484759303541061,0.27680859349555154,0.0022349662106053722,0.4108746043219468,0.00031757359496111296
2842,0.0,7220.925769941076,0.00012809561823393342,0.003515677055009001,0.6420514359797372,3.179266605931769e-05,0.4802276538192839,0.00023183931629057437
2843,0.0,7222.025129684084,0.0,0.003643624423203427,0.6559846620941133,-0.0026307985975295104,0.5329547563017327,-0.0006269520578554511
2844,0.0,7225.959761363993,0.09716361720724942,0.008412525618535248,0.1181190667974535,-0.008412525618535248,0.40850404945044894,-0.00296262412605939
2845,0.0,7226.006225112365,0.0,0.0023067021202569133,0.7319975240068584,0.0006797182564072952,0.5055520918173717,-0.001869921411319384
2846,0.0,7224.771798845525,0.0,0.0009931405540994772,0.9186967635016858,0.005735701579368391,0.629495493322666,0.00041176548588694865
2847,0.0,7226.598060583793,0.007772734008722076,0.0034413141553520086,0.6348969752566636,-0.0018740340465141071,0.6311159379028652,-0.0002739743738333681
2848,0.0,7230.325466493681,0.03828174930613934,0.008199546938089303,0.3078012836184912,-0.008182935761155355,0.534121541617553,-0.002646662790029964
2849,0.0,7235.31874807085,0.006228879111038447,0.010007002363440834,0.5539854384506302,-0.010007002363440834,0.5400807106674761,-0.004854764662053225
2850,0.0,7238.318726221026,0.07836488489122106,0.0033616616326947023,0.2031967355113372,-0.0032907322123298137,0.4390155181206344,-0.004385554927136201
2851,0.0,7239.564984996728,0.0,0.0021934450596937504,0.8153643195582139,0.0026434055288884653,0.5519201585519082,-0.0022768667903288013
2852,0.0,7246.017495118568,0.0257151194385646,0.008779573588468962,0.34676523281382376,-0.008779573588468962,0.4903736808304829,-0.00422767882977085
2853,0.0,7249.125234769315,0.0,0.0042189954209224095,0.49583306357792595,-0.0039265680812244075,0.4920114956547158,-0.0041373456052069164
2854,0.0,7254.388389520624,0.0013341354683991172,0.006733834837803131,0.27691861503393345,-0.006388684217330771,0.42748363146848106,-0.004812747188844072
2855,0.0,7258.980172652202,0.0,0.005339048178156039,0.47948773681968804,-0.005055948719162643,0.4430848630738431,-0.004885707647939643
2856,0.0,7265.036560573007,0.0693426065556406,0.007631315736444952,0.27013994596119373,-0.0074006253612994,0.3912013879400482,-0.005640182961947571
2857,0.0,7267.516997563066,0.0,0.0026446147140204135,0.6756442699165364,0.0001567093607250444,0.47653425253299464,-0.003901115265145786
2858,0.0,7273.832819891615,0.0,0.007370946595295175,0.8605224399856913,-0.007120226129733373,0.5917307087688036,-0.004866848524522062
2859,0.0,7276.371129331627,0.0,0.002037353488648982,0.46586189171734,-0.0010216975769794564,0.5539700636533644,-0.00371330324025928
2860,0.0,7283.270379760039,0.0154644168343617,0.009149083544466589,0.5244753080672879,-0.009149083544466589,0.5451216369775415,-0.005344037331521473
2861,0.0,7285.330688294027,0.02090316824904014,0.002739006438739401,0.5294860425219291,-0.00020161701505871653,0.5404309586408578,-0.0038013112365826458
2862,0.0,7291.042534639194,0.0,0.006442310286140762,0.794885941155429,-0.006174586363906241,0.6167674533952291,-0.004513293774779725
2863,0.0,7297.054141853847,0.0009745752572769129,0.008378038095346825,0.5340008774188268,-0.00837642858513691,0.5919374806023083,-0.00567223421788688
2864,0.0,7296.73104034703,0.011360132712104704,0.0004949041442912809,0.485856951910857,0.0056108189136758685,0.5601133219948728,-0.002287318278418056
2865,0.0,7301.662323480126,0.0,0.004705467850810916,0.495705686350618,-0.004269624288717421,0.5407910313015964,-0.0028820100815078655
2866,0.0,7303.973701937243,0.0,0.002888157636393961,0.6071182317564993,-0.002312664825580278,0.5606891914380673,-0.002711206504729589
2867,0.0,7308.204845464881,0.003618655286169327,0.006513691837522356,0.2957575085686021,-0.005699821576642419,0.4812096865772277,-0.0036077910263034377
2868,0.0,7314.357053332661,0.026465991030207563,0.009842601656018744,0.275589201082675,-0.009842601656018744,0.41952354092886185,-0.005478234215218029
2869,0.0,7314.818687810741,0.0010387346116985938,0.0014988841128669736,0.5037462494293525,0.00302463691536673,0.4447903534790091,-0.002927372876042601
2870,0.0,7319.261463721121,0.022068625335730688,0.003824894500076306,0.3990356742152339,-0.0034273153026033163,0.4310639496998765,-0.0030773556040108157
2871,0.0,7318.241064449089,0.008602303341755406,0.0010024685323735468,0.5220017609257599,0.005303401712778955,0.4583452930676415,-0.0005631284089738843
2872,0.0,7317.480845205027,0.0,0.0006114831461862413,0.5500020010560894,0.004812832529679335,0.48584230546417584,0.0010496598726220815
2873,0.0,7318.742184063455,0.013253493949756532,0.002826821959608686,0.4530087561965852,-0.0020849330237352926,0.47599224068389867,0.00010928200371486927
2874,0.0,7317.749981471463,0.0,0.0014519375308482694,0.6618071106563712,0.0009691396158499591,0.5317367016756404,0.0003672392873553962
2875,0.0,7319.586633083886,0.05040612554960176,0.005524626104730591,0.2085522816865788,-0.003955494583391136,0.43478137567892183,-0.0009295808738685634
2876,0.0,7317.815545138861,0.0,0.00023518480586674344,0.5743357909485745,0.003345958164217146,0.4766477002598176,0.00035308083755714937
2877,0.0,7315.515768585743,0.0,0.00038952049991527175,0.49953298161400167,0.00574480286104335,0.4835132846660728,0.0019705974446030095
2878,0.0,7319.566770015881,0.09921707503845979,0.008959828795321806,0.025585850679677728,-0.008889487078767288,0.3461350544701543,-0.0012874279124080795
2879,0.0,7320.521832576455,0.0,0.0042272441150166965,0.8638208897899302,-0.003988776509639979,0.501440805066087,-0.0020978324915776492
2880,0.0,7323.856158888429,0.2538162412095432,0.005584790012748096,-0.06368592333570106,-0.005518032720703785,0.33190278654555055,-0.00312389256031549
2881,0.0,7326.853040499517,0.013305161129006987,0.004746114997926635,0.4455543033022066,-0.0039280989876947555,0.36599824157254734,-0.0033651544885292695
2882,0.0,7329.565091466989,0.00026730066581259277,0.004175979805106601,0.4761531050842156,-0.002255836661546645,0.3990447006260478,-0.0030323591404344823
2883,0.0,7333.980683585146,0.015435991888557288,0.0070660224714373535,0.483112571711681,-0.005567432689758517,0.42426506195173774,-0.003792881205231693
2884,0.0,7340.976425845058,0.10996492871391007,0.011289080992354284,0.0566425570692331,-0.011257718886644964,0.3139783104869863,-0.006032332509655674
2885,0.0,7345.703528929948,0.03260074169077848,0.0063827078236387644,0.2784510611025471,-0.00564586631683842,0.30332013567165456,-0.005916392651810498
2886,0.0,7350.413063063806,0.0,0.0050339798496796505,0.8112950658629942,-0.0032813333874858576,0.45571261472905644,-0.005125874872513106
2887,0.0,7352.104806693919,0.17624680081658495,0.001068693315835285,0.20068476387667245,0.0028520212359227424,0.37920425947334124,-0.0027325060399823508
2888,0.0,7357.852487612295,0.0,0.006657240562404523,0.5972584446152313,-0.006521027836083198,0.4446205150159082,-0.003869062578812605
2889,0.0,7363.452987322786,0.021303662818426435,0.008661012918403292,0.45058316570401413,-0.008660136331089887,0.44640931022234,-0.005306384704495789
2890,0.0,7368.95194120648,0.013713502781895945,0.00730969839614968,0.5249554507838842,-0.007204781042079444,0.4699731523908032,-0.005875903605770885
2891,0.0,7373.979390203223,0.20042222134207455,0.004768725090349483,0.11804378049191012,-0.004701538692459618,0.3643943408211352,-0.005523594131777504
2892,0.0,7378.563572071566,0.03556222087178682,0.0046113012409157005,0.2810740355753098,-0.0031994962142105885,0.33939824924738754,-0.004826364756507429
2893,0.0,7383.224184713772,0.0,0.00498329338143234,0.645752599436176,-0.003754767252473127,0.43130455430402403,-0.0045048855052971385
2894,0.0,7383.7259469101955,0.0,0.00031863665949983676,0.5056021747848195,0.004169828941535697,0.4535938404482627,-0.0019024711712472878
2895,0.0,7387.471971878641,0.0,0.004763145578188568,0.5020743379352904,-0.003032359984109797,0.468137989694371,-0.00224143781510604
2896,0.0,7388.377044135296,0.0,0.0018431611374497177,0.6372821065423763,0.00018956684431266168,0.5188812247487725,-0.0015121364172804295
2897,0.0,7385.73887333982,0.0,0.00041356401085009914,0.6649035125282645,0.007894025898697272,0.5626879110826201,0.0013097122775128807
2898,0.0,7387.863504386393,0.0,0.003932198880880008,0.610488164619366,-0.0029057439239214915,0.5770279871436438,4.5075417082569e-05
2899,0.0,7386.187183429142,0.11867494931552919,0.0020537231932356414,0.13109854154898296,0.002126173562818298,0.4432491534652455,0.0006694048608032877
2900,0.0,7384.329580768181,0.0,0.0006411154957507102,0.7955861067711656,0.0037951601150080587,0.5489502394570216,0.0016071314370647188
2901,0.0,7385.18849530477,0.016553033591690525,0.003882113170908909,0.35712317798853355,-0.0025536658244406933,0.4914021210164751,0.0003588922586130951
2902,0.0,7383.462055662886,0.016933473946790126,0.0013064858395328467,0.36204179830459365,0.0019077001628722502,0.45259402420291067,0.0008235346298908416
2903,0.0,7382.947838287363,0.0,0.0017624889844856857,0.564897635591127,0.0006631261533729096,0.4862851076193756,0.000775412086935462
2904,0.0,7384.630679697058,0.06823478499826756,0.005045070884596999,0.1320233407148709,-0.004396077013292003,0.3800065775480242,-0.0007760346431327775
2905,0.0,7384.8701597708705,0.06789030057844322,0.0032582487866685225,0.29877746454369286,-0.0012743029675356355,0.3556378436467248,-0.0009255151404536349
2906,0.0,7385.925263246288,0.0,0.0026348331046205007,0.7754630259627322,-0.0013511996896702983,0.481585398341527,-0.001053220505218634
2907,0.0,7388.969490483075,3.867622823394803e-05,0.005819633395390977,0.49904212238280327,-0.005334177617615951,0.48682241555390987,-0.0023375076389378292
2908,0.0,7390.06221752167,0.010373993495368241,0.0022016808924669442,0.5711744090861991,-0.001082013819184212,0.5121280136135966,-0.001960859493011744
2909,0.0,7388.063633586018,0.0,0.0002120347546280935,0.7453668795918738,0.006680322802046762,0.5820996734070797,0.0006314951955058077
2910,0.0,7392.082384332919,0.014230482939127907,0.0066694357972949545,0.3848652565862237,-0.006356147717304433,0.5229293483608228,-0.0014647976783372645
2911,0.0,7392.075515365904,0.0,0.002309843356727464,0.6891876668546932,-0.0005824639107712844,0.572806843908984,-0.0012000975480674703
2912,0.0,7388.494532560112,0.002152206256162237,0.0,0.476992226902634,0.00903621582483812,0.5440624588070789,0.0018707964638042065
2913,0.0,7388.365583300727,3.867622823394803e-05,0.001685257642007362,0.6689809053721671,0.0014407960502968078,0.5815379927766053,0.0017417963397519868
2914,0.0,7390.395567358297,0.03400702081470904,0.006725817042174444,0.4913171340654636,-0.006250454617224252,0.5544717351632628,-0.0006558789473408847
2915,0.0,7392.953193434257,0.005087763745901928,0.007115430556017997,0.4720108322051161,-0.007115430556017997,0.5297334642758187,-0.0025937444299440186
2916,0.0,7392.657736091772,0.004842569879360137,0.0021412623171766067,0.5364422270112698,0.0014068160515713923,0.5317460930964539,-0.0013935762854893952
2917,0.0,7394.896566020697,0.010373993495368241,0.0031384082939812014,0.2932533260960665,-0.0019043462255070862,0.4601982629963377,-0.0015468072674947025
2918,0.0,7398.225056857026,0.24960250141086043,0.005742597387095554,0.017542046763605473,-0.005418263642156783,0.327401398126518,-0.002708244179893326
2919,0.0,7399.300053484434,0.0,0.003398551830905713,0.6542770603607589,-0.0005154752292974139,0.42546409679679026,-0.0020504134947145524
2920,0.0,7402.749492279788,0.20479608933158513,0.00546165867366374,0.03488171715317532,-0.0042798092406519835,0.3082893829037058,-0.0027192322184957816
2921,0.0,7402.824282806309,0.0,0.002592234461144555,0.6525365751605298,0.0020933351358431497,0.41156354058075295,-0.001275462012194102
2922,0.0,7404.001308285299,0.0,0.0022789186150666365,0.39044362033048297,0.00043354139688014806,0.4052275645056719,-0.000762760989471827
2923,0.0,7405.216874110993,0.00012809561823393342,0.0017485948379563326,0.4639016710469783,-0.001172040832930954,0.42282979646806385,-0.000885544942509565
2924,0.0,7407.501769680377,0.007955980392465,0.004666107052073154,0.48721485288857275,-0.003928758699582329,0.4421453133942165,-0.001798509069631394
2925,0.0,7406.125193572503,0.0004553693345490983,0.0008982343479866789,0.458497348464444,0.003865247417754155,0.44705092391528467,-9.938212341572931e-05
2926,0.0,7403.190402257358,0.04948615069436667,0.00016622641472017688,0.4361802288349112,0.00799173644255985,0.4437897153911726,0.0023279534463769443
2927,0.0,7405.565016911471,1.2329544053460904e-05,0.005106028283611143,0.7542461961265078,-0.004940588877777402,0.5369266596117731,0.0001473907491306404
2928,0.0,7406.483789466256,7.735245646789606e-05,0.005088109110039584,0.5367501092709086,-0.004345202276989758,0.5368736945095137,-0.0012003871587054791
2929,0.0,7402.114624905178,0.0,5.798035119869002e-05,0.7304953152609411,0.008998910270180136,0.594960180734942,0.0018594020699602054
2930,0.0,7402.810237719771,0.0,0.0018332795834688734,0.702166980301921,-0.0002762651596641676,0.6271222206050356,0.0012187019010728934
2931,0.0,7406.070490293966,0.06848382585709871,0.008779849264993436,0.17578918869718874,-0.008779849264993436,0.49172231103268155,-0.0017808634487470054
2932,0.0,7404.662596347651,0.012453698684046477,0.0013562713924785525,0.3882110340832247,0.0017378338849054957,0.4606689279478445,-0.0007252542486512549
2933,0.0,7407.565390246833,0.02520628376617063,0.004658528642068481,0.4006853946311396,-0.004162202270492424,0.44267386795283303,-0.0017563386552036054
2934,0.0,7409.623148105717,0.0013040290419116614,0.00369945164607148,0.6197772064989,-0.003458341586361677,0.49580486951665315,-0.0022669395345510266
2935,0.0,7410.205952616429,0.0,0.0014522528920343461,0.5808669253459093,0.0007097991824585483,0.52132348626543,-0.0013739179194481542
2936,0.0,7407.499671593011,0.0,1.5297767621886731e-06,0.5966780597617385,0.00805672739392249,0.5439298583143225,0.0014552756745630391
2937,0.0,7409.027439208111,0.08919834238731202,0.0035138157409388485,0.19506076465713856,-0.0018123211851410607,0.4392691302171673,0.00047499661665180914
2938,0.0,7407.1118981520185,0.0,0.0006758417112258217,0.541294439690869,0.0024550068468292803,0.46987672305927775,0.0010689996857050504
2939,0.0,7410.613856983052,0.03091796398638315,0.0078362425144644,0.2255835518803677,-0.007835077360569567,0.3965887717056047,-0.0016022234281773348
2940,0.0,7411.854258124673,0.035321224561671534,0.003975690986394099,0.24484700580949817,-0.003630951074811947,0.3510662419367727,-0.0022108417221677183
2941,0.0,7415.111733986338,0.041531101138375374,0.005065662895917687,0.26820385038391437,-0.005025306902361974,0.32620752447091517,-0.003055181276225995
2942,0.0,7419.672745482326,0.040082019584600684,0.0075183782118829305,0.40919836792668074,-0.0070718479362069635,0.3511047775076448,-0.004260181274220285
2943,0.0,7427.832633892196,0.08373361396327607,0.013639779471402519,0.32993016144682685,-0.013639779471402519,0.3447523926893994,-0.0070740607333749555
2944,0.0,7433.196191125617,0.06217595968764682,0.006626774830480314,0.14889879915524754,-0.006441636211756646,0.2859963146291538,-0.006884333376889462
2945,0.0,7440.42053517879,0.047216330339602486,0.007395056289473012,0.30921537477619193,-0.007395056289473012,0.29296203267326526,-0.007037550250664526
2946,0.0,7447.458264072964,0.030961482199363146,0.007197523334828634,0.3139303222102783,-0.007197523334828634,0.29925251953436915,-0.007085542175913758
2947,0.0,7447.293815732279,0.0,0.0010934425890158036,0.5558969436864478,0.007968613144867022,0.37624584677999273,-0.0025692955796795237
2948,0.0,7452.25841912017,0.0,0.003358604274905498,0.4938165576740794,-0.002855096642375573,0.4115170600482187,-0.0026550358984883385
2949,0.0,7456.971375889623,0.01142844895894326,0.007186051006293162,0.609781193015099,-0.007031683878422987,0.47099629993828274,-0.003968030292468732
2950,0.0,7458.919235566641,0.05602696518206111,0.0019859915826629625,0.35219524569458116,-0.0011270440040107913,0.43535598366517225,-0.00311573440593135
2951,0.0,7465.78516359178,0.00792485410494948,0.010040829564135904,0.3542992362940409,-0.010040829564135904,0.41103895945383284,-0.005193262953392716
2952,0.0,7464.951726535738,0.0,0.00013119263947458982,0.7572927674396988,0.005198269829323553,0.5149151018495925,-0.0020758031185778352
2953,0.0,7466.4353395953385,0.003109637641922387,0.0014192981104223692,0.48814965004212385,0.0024052801655591173,0.5068854663073519,-0.0007314781333367494
2954,0.0,7466.212979048411,0.0272315510607909,0.0014542095457795163,0.33209148452741577,0.0026560243101713702,0.454447271773371,0.0002847725997156864
2955,0.0,7461.305573072258,0.0,0.0,0.7061005740078597,0.010973853314225101,0.5299432624437176,0.0034914968140685107
2956,0.0,7461.9301105776785,0.028133861494524792,0.002666384051183527,0.48928077341800913,-0.0017432369615842428,0.517744515736005,0.0019210766813726847
2957,0.0,7463.479257280525,0.08039443270914852,0.0069453955972887576,0.15662008779378594,-0.006944409673974689,0.40940718735333925,-0.0007385692252315273
2958,0.0,7464.709328466133,0.00026821346217427406,0.004944747376956739,0.36813138246874144,-0.004532996128730048,0.3970244458879599,-0.0018768972962810836
2959,0.0,7467.833159586422,0.002098645849303127,0.006475899545888312,0.42026388398843084,-0.005660434503637173,0.40399627731810117,-0.0030119584584879103
2960,0.0,7473.003495472894,0.012460398968932154,0.008704759632128597,0.4232487194412064,-0.008690933477421415,0.4097720099550327,-0.004715650964167961
2961,0.0,7474.731987600011,3.867622823394803e-05,0.002158263712930064,0.7251471611482755,-0.00026708308039551803,0.5043845553130055,-0.0033810805990362276
2962,0.0,7479.762589577592,0.007614380964601194,0.006324529954847299,0.4117794293382719,-0.005427406007324253,0.4766030175205854,-0.003994978221522635
2963,0.0,7481.2257308894195,0.0,0.0019112018873753186,0.5834513680431371,0.0006402053169178638,0.5086575226773509,-0.002604423159990485
2964,0.0,7486.833366141232,0.06396581720446379,0.00828206350490398,0.347901252949912,-0.007412620162188764,0.4604306417591192,-0.0040468822606499685
2965,0.0,7491.463372447774,0.007017144058179937,0.00753475652102884,0.22848994661471309,-0.006764285586113385,0.3908484332157973,-0.004862103258288994
2966,0.0,7494.352225588278,0.001160123761787439,0.003153318444810424,0.5520502320039947,-0.0016003540521102747,0.43920897285225646,-0.003883578496435378
2967,0.0,7496.708999848791,0.001423879705282991,0.001368291132131319,0.4243065516258443,0.0003165602886648132,0.4347382464843328,-0.0026235368609053202
2968,0.0,7498.470438010844,0.0,0.00152545179019446,0.5668210480413414,0.00048504546538282806,0.47436308695143536,-0.0016909621630188756
2969,0.0,7497.965400373659,0.0035669921532144357,0.00039829395461714085,0.6403394820286135,0.0038554693977048892,0.5241560054745888,-2.7032694801746053e-05
2970,0.0,7504.551026013788,0.14424873004528668,0.011965017762458653,0.14732113785073,-0.011957508134840717,0.41110554518743114,-0.003606175326813437
2971,0.0,7505.367816592164,0.09244577215581751,0.0032628730889619575,0.1814699174548311,-0.0015232306759131447,0.3422148568676511,-0.002981291931543349
2972,0.0,7509.314857851054,0.0,0.004495081359208922,0.7547935047091993,-0.004342349493442587,0.4659884512201155,-0.00338960920011312
2973,0.0,7512.8560515957015,0.00023509323470280723,0.004791185881661075,0.2692764728018334,-0.004130740822654405,0.4069748576946309,-0.0036119486868755055
2974,0.0,7517.46295852228,0.07806607240571851,0.00618319515340109,0.15455048822560308,-0.005916381984965869,0.3312475468539225,-0.004303278676302614
2975,0.0,7519.271749928496,0.000691413120854776,0.0013095258664163275,0.47004072169014754,0.00017343439739041653,0.37288549930479,-0.0029602647541947047
2976,0.0,7523.732882187858,0.016032193715972993,0.005522836311440373,0.2872121661716181,-0.0046880992210985295,0.34718349936483844,-0.003478615094265852
2977,0.0,7523.728765081949,0.0,0.0008359092926812868,0.9419383398514524,0.0032371287185249072,0.5256099515108226,-0.0014638919504286244
2978,0.0,7527.680582355683,0.0705641295547541,0.0048552512156602836,0.22046319052919758,-0.004548399765817904,0.4340659232163351,-0.002389244295045408
2979,0.0,7531.06069227356,0.0,0.005423288968904129,0.6402446043566278,-0.005417456368252788,0.49591952755842283,-0.0032977079170076217
2980,0.0,7530.045763811797,0.0,1.4162769212570478e-05,0.8851361270470399,0.00474063493255432,0.6126845074050079,-0.0008862050621390393
2981,0.0,7532.435546198924,0.0,0.003445228867230197,0.31483475229333424,-0.0015066756820431816,0.5233295808715057,-0.001072346248110282
2982,0.0,7535.183469914923,0.0,0.004881639756317286,0.8253471052290162,-0.004757029708266732,0.6139348381787588,-0.0021777512861572168
2983,0.0,7532.38176433466,0.0,0.00041954691774755083,0.570379673969582,0.007044653604253521,0.6008682889160057,0.0005889701809660046
2984,0.0,7534.532707469009,0.0,0.0037833649872791187,0.4758355785874257,-0.0022371810310200706,0.5633584758174317,-0.000258875182629818
2985,0.0,7535.293366891432,0.0,0.003404629597254233,0.46704412948571494,-0.002187431269277731,0.5344641719179166,-0.0008374420086241917
2986,0.0,7536.599304258362,0.0,0.0028863620505581757,0.46796357128406463,-0.002416147782172643,0.514513991727761,-0.001311053740688727
2987,0.0,7532.559751695809,0.06413757819788474,0.0,0.3157371145558557,0.00934269717016468,0.4548809285761894,0.0018850715325672948
2988,0.0,7532.33363670702,0.0013040290419116614,0.0009994411329850282,0.7538631293865148,0.0017582092260064511,0.544575588819287,0.0018470128405990416
2989,0.0,7532.246513071216,0.0,0.003565408570036592,0.4651651004447046,-0.0018590674735248342,0.5207524423069123,0.0007351887463618788
2990,0.0,7529.127683591157,0.0,0.0009760825587629199,0.8700179133016176,0.004542956843399983,0.6255320836053239,0.0018775191754733097
2991,0.0,7530.46546842771,0.2137552622791611,0.0043601043282170595,0.2041991141830103,-0.003631103319258044,0.49913219277862975,0.0002249324270539037
2992,0.0,7529.392693473913,0.005515735115298068,0.0022811966094947547,0.5167110168646781,0.0002698264948322325,0.5044058400044442,0.0002384006473874023
2993,0.0,7529.42788074483,0.0,0.0018932466965059915,0.6224784140848326,-0.0003175447862327239,0.5398276122285607,7.161701730136443e-05
2994,0.0,7529.790442238055,0.009469566813933314,0.001888501247409855,0.40734904116654813,-0.0010066544943016346,0.500084040909957,-0.0002518644361795353
2995,0.0,7534.914510328369,0.15993280165360743,0.010771412413996923,0.007079098629131782,-0.010739248563000766,0.3521825582257094,-0.0033980796742259043
2996,0.0,7536.95789288888,0.0,0.0046842512786995525,0.675919787025578,-0.003853101560285494,0.44930372686566994,-0.003534586240043781
2997,0.0,7538.667189035968,0.0,0.0027662146887329833,0.5585509070126915,0.0001259071142211103,0.4820778809097764,-0.0024364382337643134
2998,0.0,7540.943857195172,0.001054485660572205,0.0016595627531253234,0.5286009551055132,-0.0009596797385570871,0.4960348031684974,-0.001993410685202145
2999,0.0,7540.308040070665,0.0,0.0004746454972357398,0.5978863308645679,0.003945634281447875,0.5265902614773186,-0.00021169719520713892
3000,0.0,7544.551815986981,0.006981405135188086,0.0069574153314415224,0.5880905359989376,-0.006755909645440051,0.5450403438338043,-0.0021749609302770126
3001,0.0,7544.793928678583,0.0,0.0018970873742888375,0.5752007258798508,-0.0001932601570707598,0.5540884584476182,-0.0015804506983151366
3002,0.0,7545.96744446037,3.867622823394803e-05,0.0019969247856424783,0.6021708949610236,-0.00011338813058458754,0.5685131894016398,-0.0011403319279959718
3003,0.0,7548.054449015775,0.05866063113675014,0.004123103393161023,0.17325843639169913,-0.002654109516017893,0.4499367634986575,-0.001594465204402548
3004,0.0,7546.298056033825,0.07811008630712367,0.00026831096912927863,0.28245521850621014,0.0049134338542414354,0.39969230000092326,0.00035790451319064713
3005,0.0,7548.389915366253,0.0,0.0032458463758419823,0.7788440141404522,-0.0027120517093539107,0.5134378142427819,-0.0005630823535727203
3006,0.0,7550.209129100209,0.009469566813933314,0.005986323055260742,0.39311657556196106,-0.004139384048915237,0.4773414426385356,-0.001635972862175475
3007,0.0,7552.6125839139895,0.016545442784322965,0.004384729909421237,0.2688121530900527,-0.0043524878744813315,0.4147826557739907,-0.002450927365867232
3008,0.0,7559.283261095251,0.09279497166704585,0.012090983755952897,0.20021941856804953,-0.012090983755952897,0.35041368461220834,-0.005342944282892931
3009,0.0,7563.781137172319,0.0,0.006606067784327978,0.7465194022786334,-0.006594903142659591,0.4692453999121359,-0.005718531940822929
3010,0.0,7567.873070283911,0.15742339042769118,0.0033598373704271417,0.2026087665990274,-0.002721021523602034,0.3892544099182033,-0.004819278815656661
3011,0.0,7571.815074233679,0.002819629547454572,0.003152411090487391,0.2889701629323567,-0.0020549008396751394,0.3591691358224493,-0.003989965422862204
3012,0.0,7576.274949132146,0.0030528453849193193,0.004428816586175366,0.3629826913573195,-0.00410507537954377,0.3603132024829103,-0.004024498409866673
3013,0.0,7576.766509941038,0.0,0.00044518897375219276,0.48676950883426007,0.0032998163973668136,0.39825009438831527,-0.0018272039676966272
3014,0.0,7582.207711125131,0.183352171076252,0.00740515894946531,0.03156502501007973,-0.007067516457928623,0.2882445735748446,-0.0033992977147662257
3015,0.0,7585.432730828049,0.02232452479430107,0.005271946898342408,0.36249841341056616,-0.0046738161766132925,0.3105207255255611,-0.003781653253320346
3016,0.0,7586.621388913775,0.05439408268356343,0.002280814812449808,0.4834003894799306,0.001222132993173687,0.36238462471187194,-0.002280517379372136
3017,0.0,7591.874478210988,0.1566595524807089,0.006909898904418606,-0.05008369125809599,-0.0069096923395104036,0.23864412992088158,-0.003669269867413616
3018,0.0,7595.611023900508,0.05340617097609874,0.005602435921690745,0.31955530018935707,-0.005256045005179516,0.2629174810014242,-0.0041453024087433855
3019,0.0,7599.973261554779,0.0030691947026178696,0.005574713296624525,0.5890587469811818,-0.005093118067475928,0.36075986079535144,-0.004429647106363148
3020,0.0,7606.433626323167,0.002098645849303127,0.008965901584195477,0.40586592431848867,-0.008956501295602465,0.3742916798522926,-0.005787703363134943
3021,0.0,7611.207867474448,0.0012389380793722301,0.005209908757306481,0.5515192929657393,-0.005090965689241851,0.42745996378632656,-0.005578682060967016
3022,0.0,7616.416809872811,0.030855905793289697,0.005280046197082007,0.436662148772147,-0.0045906605741187385,0.43022061928207267,-0.005282275614912533
3023,0.0,7621.556305217689,0.0362536339926416,0.005463158036075594,0.20636069211775074,-0.00467606000436936,0.3630626411327761,-0.00510041093174958
3024,0.0,7627.655031726664,0.008763472482031137,0.007305658885363085,0.32988560665044,-0.006990792672670385,0.3531095307880753,-0.005667525454025821
3025,0.0,7627.772898844605,0.008870592521792644,0.001514482467710491,0.32217868007579775,0.005303518452110717,0.343830275574392,-0.0023762122821848596
3026,0.0,7631.436111614672,0.07304417074190082,0.003514665881363144,0.1631221096174404,-0.0016290120779379048,0.2896178257873065,-0.002152052220910773
3027,0.0,7635.981793054773,0.0487930544082688,0.006905279697063993,0.3788568068143298,-0.006905279697063993,0.31638952009541343,-0.0035780204637567386
3028,0.0,7637.77786989403,0.0,0.0022403174039141954,0.6664067134578414,-0.0013510214990120485,0.4213946781041418,-0.0029099207743333313
3029,0.0,7642.234589230398,0.003370301170291948,0.00575599155988301,0.4292111989839307,-0.005436480602090996,0.4237396343680784,-0.0036678887226606303
3030,0.0,7644.849695923501,0.0,0.003288065998649616,0.44716526430434145,-0.002264142773920429,0.4307673233489573,-0.0032467649380385696
3031,0.0,7645.268315546498,0.00518546121569164,0.0020782296686557744,0.4829268933571437,0.0030838750772768787,0.4464151943514132,-0.001347572933443935
3032,0.0,7648.801963398766,0.0,0.004103720132661166,0.848215596455018,-0.003923570676205247,0.5669553149824946,-0.0021203722562723286
3033,0.0,7647.942000475347,0.0,0.000625646004361047,0.5863907016340664,0.0032836600734701495,0.5727859309779662,-0.0004991625573495851
3034,0.0,7649.876993117327,0.0,0.0031995103774448246,0.6528027489325735,-0.0018017151306173387,0.5967909763643483,-0.0008899283293299111
3035,0.0,7652.243158925752,0.0,0.004401933576207765,0.5562264436506208,-0.00437247075659095,0.58462161655023,-0.0019346910575082227
3036,0.0,7654.20604327898,0.001278161174975969,0.0040611912880510175,0.5947563918859349,-0.0030817215987752208,0.5876620491509414,-0.002278800219888322
3037,0.0,7658.910285236833,0.15062761933986224,0.007888150958592114,-0.040407109686519546,-0.007690250884793878,0.3992413014997031,-0.0039022354193599886
3038,0.0,7660.947994264695,0.10567986486355305,0.003204864933321964,0.11252773839108933,-0.0017088837698547212,0.31322723256711893,-0.0032442299245084086
3039,0.0,7663.165485765987,0.0,0.0015050310941265698,0.7497608482096239,-0.0004197691523374121,0.4441873172598704,-0.0023968916928571093
3040,0.0,7665.8645188103055,0.0,0.003976938132959626,0.6623542980563304,-0.0021437088504303614,0.5096374114988084,-0.002320936840129085
3041,0.0,7668.612575160916,0.01720460668351081,0.0038784660983587614,0.2940868306395297,-0.003131649515374923,0.44497223724102475,-0.002564150642702836
3042,0.0,7674.384914183115,0.0,0.009501224144334242,0.7276656649872695,-0.009501224144334242,0.5297802655648982,-0.004645272693192258
3043,0.0,7675.208717332912,0.00012809561823393342,0.001391607332669324,0.7171358888995449,0.0011482867196212514,0.5859869525652922,-0.002907204869348205
3044,0.0,7679.302955736565,0.0,0.004192109920683594,0.5729711984398419,-0.0035697040826471664,0.582082226327657,-0.003105954633337893
3045,0.0,7681.731708980158,0.0,0.0028267544757948344,0.6687055977973556,-0.001902149408858735,0.6080692377685666,-0.0027448130659941455
3046,0.0,7685.29465719399,0.014944817913045276,0.004331550704621885,0.5765099696405362,-0.0040730721580049785,0.5986014573301575,-0.0031432907935973952
3047,0.0,7687.548687375044,0.0,0.003657950468430244,0.646872400740493,-0.0017057454837207885,0.6130827403532582,-0.002712027200634413
3048,0.0,7688.060623985997,0.0,0.0006550503900369078,0.7657094040138664,0.0023207277705417613,0.6588707394514406,-0.0012022007092815604
3049,0.0,7690.105450914363,3.0609308903023038e-06,0.0026450368299681375,0.42767613066603094,-0.0013849360705498466,0.5895123568158176,-0.0012570213176620463
3050,0.0,7691.446570952047,0.003608113581508094,0.00357445531155938,0.44534714363299993,-0.0014893317847722784,0.5462627928609722,-0.0013267144577951157
3051,0.0,7689.203926143364,0.000584168000756322,0.0015126196006989795,0.616001481110788,0.006036853659731615,0.5671843993359169,0.0008823559774629033
3052,0.0,7687.3967755178155,0.014810929212396275,0.000907258028198705,0.4325259959065212,0.005110126531034895,0.5267868783070981,0.0021506871435345008
3053,0.0,7685.236703353124,0.0,0.0006488228103757259,0.6040460286190875,0.0034914175689368765,0.549964623400695,0.0025529062711552135
3054,0.0,7682.628880038866,0.0,0.00048438854600715126,0.7312278902199901,0.0030862950355579947,0.6043436034464835,0.002712922900476048
3055,0.0,7681.316254785224,0.0016197398216669788,0.002116543258924758,0.46318677091953636,-3.767987488662043e-05,0.5619965536883993,0.0018877420678672474
3056,0.0,7678.712567546409,0.05927598418109327,0.0015389796447429756,0.3821017649541649,0.002519731140039152,0.5080281170681289,0.002077338789518819
3057,0.0,7677.08949117158,0.010373993495368241,0.0031705028153488743,0.4889135746200617,0.0013284553439692943,0.5022937543337087,0.0018526737558539614
3058,0.0,7676.757051990845,0.051363955111784126,0.004622374268005385,0.323813349908622,-0.0015485076857109812,0.44874963300618265,0.0008323193233844787
3059,0.0,7677.032597142061,0.00619547335815532,0.003552023332683272,0.49495875116037885,-0.0025386008658549552,0.46261236845244147,-0.00017895673338735158
3060,0.0,7676.182286911282,0.0,0.002917571486013172,0.8415693088419083,0.0009119368828198971,0.5762994505692816,0.000148311351474823
3061,0.0,7679.321589380328,0.03828896060779936,0.006794265218882366,0.1989096453539821,-0.006359979852877344,0.4630825090046917,-0.0018041760098308271
3062,0.0,7680.386305788642,0.04545926517283875,0.0038317240283205585,0.39386578380999504,-0.0022974761746963955,0.4423174914462827,-0.0019521660592904974
3063,0.0,7683.675850075252,0.0,0.00495358219919464,0.5044012276365648,-0.0048925270010614025,0.4609426123033673,-0.0028342743418217687
3064,0.0,7687.000218750885,0.0018305770004794007,0.005168196548470601,0.4855328318640116,-0.004774166998232079,0.46831967817156056,-0.003416242138744862
3065,0.0,7689.5092530074435,0.002598133028551968,0.0028902706277427756,0.3354312336741481,-0.0021324421726520043,0.4284531448223368,-0.0030311021489170045
3066,0.0,7691.899158725948,0.003618655286169327,0.0024817054658601585,0.4482039392370484,-0.0012940887628186007,0.43437838314675026,-0.002509998133087483
3067,0.0,7696.63949483744,0.07022130951781035,0.006959615989403324,0.35965881914766545,-0.006613718904941009,0.41196251394702477,-0.0037411143646435404
3068,0.0,7699.120882257326,0.009469566813933314,0.0035167663206255415,0.4086347139839872,-0.0023990959709369953,0.41096417395811347,-0.0033385088465315766
3069,0.0,7702.845562510464,0.03457774979200606,0.004766256657729942,0.2474794030895837,-0.003723651862259999,0.3619187426975545,-0.0034540517512501034
3070,0.0,7705.841006572677,0.0,0.003922911535679849,0.8405044931805121,-0.002618976258171093,0.5054944678424418,-0.0032035291033264
3071,0.0,7711.631458835963,0.0,0.008348354457159016,0.7684497493228233,-0.008331991261656218,0.5843810522865562,-0.0047420677508253455
3072,0.0,7715.43707686222,0.0,0.004618032707256345,0.6403892967752333,-0.004393775249117642,0.6011835256331594,-0.004637580000313034
3073,0.0,7720.593720338765,0.2622354701645771,0.005836236491601864,-0.06566036837041732,-0.005610120835679698,0.40113035743208636,-0.004929342250923033
3074,0.0,7724.952872911363,0.0,0.0046023707210155,0.848215596455018,-0.00404536609879906,0.5352559291389658,-0.004664149405285841
3075,0.0,7728.199763364843,0.0,0.003874145522013105,0.5924964773206834,-0.001435284041486655,0.5524280935934811,-0.0036954897961460845
3076,0.0,7733.05968390247,0.01986548132206161,0.005166208045344823,0.20543690248499197,-0.005112366748042715,0.44833073626093434,-0.004120552881715074
3077,0.0,7732.953845921931,0.0006211817221812598,0.0019919766367748736,0.4566976583390833,0.004241654033845084,0.45084081288437905,-0.0016118908070470262
3078,0.0,7737.934765747777,0.25164998769874025,0.006472521519450967,-0.00647504655673028,-0.006017511601764641,0.3136460550520462,-0.0029335770454623107
3079,0.0,7739.147479922872,0.005515735115298068,0.00272833115094781,0.48588722529479755,-0.0007252025638795571,0.36531840612487154,-0.0022710647009874844
3080,0.0,7744.011955595355,0.020821703901261195,0.007658058424260145,0.4095277017641034,-0.006983887199441823,0.3785811948166411,-0.0036849114505237857
3081,0.0,7744.6936414145075,0.0,0.002066178451667507,0.7458531922999914,0.0010990515840663337,0.48876279406164613,-0.0022497225401467494
3082,0.0,7748.241043836629,0.022109139816465152,0.003859697139463377,0.2921489848813796,-0.003458233845950815,0.42977865130756615,-0.002612275931887969
3083,0.0,7745.10929726796,0.0,6.646177632747024e-06,0.6004935691635409,0.00897677782787435,0.48099312666435856,0.000864440196040727
3084,0.0,7750.195470715422,0.12248146474873073,0.00791109226133029,-0.028301658457801658,-0.00791109226133029,0.3282046911277105,-0.001768219541170578
3085,0.0,7754.658943223892,0.08434592434088238,0.010125683782640883,0.18992685983696025,-0.010125683782640883,0.2867213417404854,-0.004275458813611669
3086,0.0,7751.714220230375,0.019200347362825124,0.00010057070921115056,0.42187680537644523,0.00815487904244684,0.32726798083127334,-0.0005463574567941163
3087,0.0,7759.130749371512,0.06980680502456289,0.011007528624735833,0.18070213267838967,-0.01097473455249196,0.28329822638540825,-0.0036748705855034693
3088,0.0,7757.892215722863,0.0,0.0012085808023882204,0.6744639074779274,0.0033025203932431626,0.40064793071316396,-0.0015816532918794797
3089,0.0,7761.905769452121,0.05677065130196176,0.0045328140692805835,0.38052643105466305,-0.004467677855558125,0.39461148081561365,-0.0024474606609830732
3090,0.0,7762.456819083029,0.0,0.0016869198069996646,0.7783118380392644,0.000601512975522565,0.5097215879827088,-0.0015327685700313818
3091,0.0,7760.637369871881,0.0,0.00035298642813941505,0.4980466888514264,0.006403822735500885,0.5062191182433241,0.0008482088216282984
3092,0.0,7760.778701500669,0.0,0.0015917282240189318,0.6857729751730961,0.0012668509995733053,0.5600852753222557,0.0009738014750118003
3093,0.0,7760.770367706183,0.0,0.0020987984853867918,0.5851950156113352,-0.0009067638454766911,0.5676181974089796,0.0004096318788652528
3094,0.0,7764.979547244818,0.13561558899048765,0.009807339705199179,0.0028784432270432276,-0.009800568570246049,0.39819627115439865,-0.0026534282558681377
3095,0.0,7767.474405662734,0.00959766243216725,0.005838923420061186,0.38139754950362587,-0.005513762067148802,0.3931566546591668,-0.003511528399252337
3096,0.0,7765.277028881436,0.0024224176692478057,0.0008715747630811433,0.40267844495368754,0.007488169744203765,0.39601319174752303,-0.00021161895621550587
3097,0.0,7767.514432406647,0.0,0.0019304948556933556,0.6777987887090134,-0.0009945978051280778,0.4805488708359701,-0.00044651261088927746
3098,0.0,7770.56546851087,0.04584334127288269,0.0063719889618302685,0.24114717604174288,-0.006117284112286543,0.40872836239770194,-0.002147744061308457
3099,0.0,7770.413803342643,0.0942159039175346,0.0021997569815883087,0.18492969086600722,0.0008705757393693061,0.34158876093819346,-0.0012422481211051281
3100,0.0,7772.3266455981,0.03173498386319558,0.004009646272376769,0.3896689974587299,-0.0016960942966264313,0.35601283189435434,-0.001378401973761519
3101,0.0,7772.9308926517715,0.12277616848259133,0.0022151576164930807,0.19292206324575892,9.259384657648147e-05,0.3070856012997757,-0.0009371032276601187
3102,0.0,7774.80406558882,0.022120804638795476,0.0036008611583601066,0.24570215214915006,-0.002427562261698436,0.288670566554588,-0.0013842409378716138
3103,0.0,7776.9761734610875,4.868122559853501e-06,0.0043131686117441025,0.4576735866995954,-0.0034913988326635546,0.3393714725980902,-0.002016388306309196
3104,0.0,7777.508164220488,0.0,0.0011053089159070882,0.4772717860716169,0.0004176197409629013,0.3807415666401482,-0.0012861858921275667
3105,0.0,7777.241838990132,0.0016789762830520377,0.0022574641243060835,0.5388507385870581,0.002708839794482929,0.42817431822422114,-8.767818614441802e-05
3106,0.0,7779.000036497321,0.019030685323085904,0.004083943603278056,0.2697299273929794,-0.002319481244587433,0.38064100097484854,-0.0007572191036773225
3107,0.0,7781.497420680576,0.3574404761528278,0.005419196869784636,0.003180937766796903,-0.005080001475228415,0.267402982012433,-0.00205405381514265
3108,0.0,7783.978685846969,0.011058875968839305,0.004538128845744868,0.49511848862237684,-0.004294946954689416,0.33571763399541615,-0.00272632175700668
3109,0.0,7784.262396620669,0.0,0.0017986408789525548,0.5397978478154792,0.0016621720187734556,0.3969416981414351,-0.0014097736242726392
3110,0.0,7784.921544541878,0.004481656758319488,0.0008946820494762348,0.3852533314567107,0.0015254342287070665,0.39343518813601774,-0.0005292112683787275
3111,0.0,7786.6779857501715,0.03044517345072997,0.0033532927275945115,0.4096643082630958,-0.002168687855812479,0.3983039241741411,-0.001021054244608853
3112,0.0,7789.760380245197,0.12340022204451427,0.006819750735101075,0.29455415441765725,-0.005827849533215791,0.36717899324719594,-0.0024630928311909343
3113,0.0,7789.818390071001,0.045185172165800494,0.0019963558748041137,0.23092205239696847,0.0010453732356746292,0.3263019109921277,-0.0014105530111312651
3114,0.0,7793.894577110337,0.04039867411103903,0.006124000471628457,0.4484313548028756,-0.005867561590661843,0.36294074413535204,-0.0027476555849904384
3115,0.0,7791.889740202537,0.0,0.0005408674425632813,0.7755535785237522,0.005760555260552174,0.48672459445187205,-0.0001951923313276544
3116,0.0,7794.1994492870035,0.06841747027843888,0.004425138582853779,0.36137760508383754,-0.0019416196778013661,0.44912049764146167,-0.0007191205352697679
3117,0.0,7793.2544993871215,0.0004553693345490983,0.0008183267797022005,0.385043983282038,0.002201934325524651,0.4298975433336345,0.00015719592296855776
3118,0.0,7792.61321051142,0.0,0.0005127872170995497,0.4897136585012549,0.0020785525518277124,0.44784237788392056,0.0007336029116263041
3119,0.0,7796.788648881604,0.06721240159323745,0.008893142478961122,0.17272507978374935,-0.008893142478961122,0.36530718845386917,-0.002154420705549924
3120,0.0,7796.310447690788,0.09342228063333424,0.001504068607921361,0.3803023611693096,0.00032185031065551394,0.36980574026850127,-0.0014115394006882923
3121,0.0,7800.513191142848,0.0,0.006720931975376076,0.7169425987944922,-0.006452713148481568,0.4739467978262985,-0.0029238915250262747
3122,0.0,7804.833905085457,0.08043779366344961,0.007417676689709982,0.1485704185225707,-0.007409305024510675,0.37633388403518014,-0.0042695155748715945
3123,0.0,7808.526164306303,0.011899772585648068,0.004491221787480209,0.310262161047727,-0.004468589889241233,0.3565123671389442,-0.004329237869182486
3124,0.0,7810.8774463819855,0.0,0.002110296452199393,0.7893027157766085,-0.00027070735596274075,0.48634947173024345,-0.0031116787152165623
3125,0.0,7810.405045367705,0.0,0.0007165099944664851,0.8299978430734709,0.0056234448399487096,0.5894439831332117,-0.0004911416486669806
3126,0.0,7811.7719926467635,0.00012809561823393342,0.002057704543176798,0.6242726530146536,0.0004139893990064761,0.5998925840976442,-0.00021960233436494359
3127,0.0,7814.183880533292,0.08077535059110967,0.005059326312903006,0.17251917611147466,-0.0045040104489732094,0.47168056170179334,-0.0015049247687474233
3128,0.0,7816.686247955609,0.18625903173716618,0.00507031988382308,0.08872420619099491,-0.004921807832833062,0.35679365504855376,-0.002529989687973115
3129,0.0,7818.107200172435,0.02870676158991919,0.002314445803158883,0.2782286264432707,-0.0012872709139433547,0.33322414646696885,-0.0021571740557641867
3130,0.0,7821.112473893621,0.0,0.004039719499021497,0.6490128428609394,-0.003535698741842571,0.42796075538516,-0.002570731461587702
3131,0.0,7820.408852585175,0.0,4.86991997509685e-05,0.6658050216125005,0.0038200478449151236,0.49931403525336215,-0.0006534976696368541
3132,0.0,7818.725104937986,0.0,0.0007373491282411811,0.6951920357361112,0.006212881940366792,0.5580774353981869,0.0014064162133642396
3133,0.0,7817.178994724175,0.0,0.0006017320307082566,0.6779613391894808,0.003843189009087329,0.5940426065355751,0.0021374480520811663
