episode,lam_util,lam_tp,mean_util_gap,mean_tp_gap,mean_util_slack,mean_tp_slack,util_slack_ema,tp_slack_ema
1,0.0,4.5601727928651155,0.0,0.009083693318468991,0.5482711561286913,-0.009083693318468991,0.16448134683860738,-0.0027251079955406972
2,0.0,5.167337182903024,0.0,0.0019530691961307713,0.712079653784482,-0.0011513796460981122,0.32876083892236974,-0.0022529894907079217
3,0.0,7.8338497342159865,0.005666527062343582,0.0030131711828642136,0.487914918958431,-0.002622705757767617,0.3765070629331881,-0.00236390437082583
4,1.2997294427737842,10.666422581093707,0.049407958054554474,0.004503900113730045,0.134033200995441,-0.0034558333627234235,0.30376490435186393,-0.002691483068395108
5,0.0,7.626191502893438,0.0,8.359825725601676e-05,0.6711071498192587,0.008908360260377264,0.41396757799208234,0.0007884699302366039
6,0.0,10.215655638107327,0.0,0.0034757911018022717,0.6118048520783385,-0.002623941665877221,0.47331876021795916,-0.00023525354859754363
7,0.0,7.521083954751707,0.0,4.552733653385054e-05,0.6821657969010027,0.004802170394185976,0.5359728712228722,0.0012759736342375122
8,0.37075364891161033,7.709991502041242,0.10010391896076533,0.002528307260756377,0.30812642621998654,-0.00020166717849065386,0.46761893772200647,0.0008326813904190624
9,0.0,11.126580609067403,0.03537961254784519,0.00862291470536162,0.4058249607296948,-0.00848172823323604,0.4490807446243129,-0.0019616414966774688
10,0.0,12.266682053458364,0.0037467509044032594,0.004229211283967492,0.4930859326552469,-0.003160852728472799,0.4622823010335931,-0.0023214048662160676
11,0.0,10.741572902037346,0.0,5.1444471590490255e-05,0.5818453568880725,0.0053174124939251565,0.4981512177899369,-2.9759658173700515e-05
12,0.0,13.15938406913166,0.0,0.003108080182620395,0.764878134556475,-0.0026177365433808436,0.5781692928198983,-0.0008061527237358434
13,0.0,13.340821929319462,0.0,0.0032371338898828255,0.6563257760592826,-0.000313406201304659,0.6016162377917135,-0.000658328767006488
14,0.9995857062013176,17.585748450404946,0.09196137036910024,0.008053777370319417,0.02868784882805136,-0.007976424133077984,0.4297377211026148,-0.0028537573768279366
15,0.0,22.3177149540217,0.2331757618385558,0.009307471057515618,0.15196036520848435,-0.00905359785953532,0.3464045143343757,-0.004713709521640151
16,0.0,22.59854908707082,0.0004353196960707533,0.002912893404584104,0.43634068847609175,0.0025839973870784455,0.3733853665768905,-0.002524397449024572
17,0.0,26.91381014586327,0.014275864976453057,0.004939988782374464,0.5075621916467106,-0.003974829893733094,0.4136384140978365,-0.0029595271824371283
18,0.0,29.214219405669066,0.005515735115298068,0.0027135331781393507,0.5710225451362687,-0.00203962498259327,0.4608536534093661,-0.0026835565224839707
19,0.0,28.468607622527205,0.0,0.0004899839164838563,0.8192281549296668,0.004748013551687724,0.5683660038654563,-0.00045408550023246213
20,0.0,29.778376253789226,0.00023068520825839973,0.0023648194435246152,0.5069790762100741,8.560695830128368e-05,0.5499499255688416,-0.00029217776267233833
21,0.0,32.52609051264094,0.1250413715041204,0.005684601656708862,0.1498373967225583,-0.005239224903087582,0.4299161669149566,-0.0017762919047969114
22,0.0,36.493725842701146,0.007772734008722076,0.008033218046407076,0.6348969752566636,-0.007887542938808537,0.49141040941746866,-0.003609667215000399
23,0.0,37.918061430839685,0.0,0.0031159573422065803,0.6414306314707175,-0.0009666589405001815,0.5364164760334433,-0.0028167647326503334
24,0.0,40.26987124002211,0.0030691947026178696,0.0026644000009382936,0.6166910283831704,-0.001022168556310867,0.5604988417383614,-0.002278385879748493
25,0.0,44.19662827965636,0.025655777929969273,0.005451471888942477,0.3210100545585831,-0.005151681157737725,0.4886522055844279,-0.0031403744631452626
26,0.0,46.894222833509176,0.0,0.004172388794445476,0.8463085056167094,-0.0031158210931576374,0.5959490955941124,-0.0031330084521489746
27,0.0,47.595117553639405,0.0,0.003284252400316829,0.8383190622873883,0.0019415680843445412,0.668660085602095,-0.0016106354912009198
28,0.0,45.84478467111631,0.0,0.00043431461678112963,0.6778601060663759,0.00697718712171168,0.6714200917413793,0.0009657112926728599
29,0.0,44.287868193681945,0.04309464257249047,0.0005029332131087266,0.2930415298834474,0.004881083327461179,0.5579065231839997,0.0021403229031093556
30,0.0,43.693043280014834,0.0,0.0018970524649827682,0.7882917949111816,0.00014408918597602798,0.6270221047021542,0.0015414527879693573
31,0.0,45.004821704742994,0.0004553693345490983,0.005492195796483634,0.5459387440184029,-0.005026601941754628,0.6026970964970289,-0.00042896363094783833
32,0.0,41.23991488874327,0.06997137073471728,0.00012011907182929591,0.35163295700614866,0.006255749363820822,0.5273778546497647,0.0015764502674827598
33,0.0,42.1578552516271,0.10638265641683545,0.004043135401510966,0.22095981996518962,-0.00153122406824908,0.43545244424439217,0.0006441479667632078
34,0.0,41.13617522216911,0.09493771347072508,0.0034145119646288896,0.24146473386658796,0.00045952486746113884,0.3772561311310509,0.000588761036972587
35,0.0,41.34212611037331,0.0,0.002406639794842818,0.6764812963254098,-0.0011245835256776218,0.4670236806893585,7.475766817752438e-05
36,0.0,40.3866860564795,0.0,0.0019037240932509411,0.5437882220605867,0.0013740924625916127,0.49005304310072695,0.0004645581065017509
37,0.0,39.299948986323315,0.0,0.0014278155374985615,0.8436088695234545,0.0021668064040362197,0.5961197910275452,0.0009752325957620915
38,0.0,37.127989086093535,0.0022587173680963966,0.0014492126489674792,0.49352598643117895,0.0040003670730492874,0.5653416496486353,0.00188277293894825
39,0.0,37.51237010429241,0.1534086339064314,0.003308240575899287,0.23172749314060886,-0.0018951099476226837,0.46525740269622734,0.00074940807297697
40,0.0,34.81545720206716,0.04723483947417596,0.0011824637218449611,0.42775130045840154,0.0036261213985241472,0.45400557202487957,0.0016124220706411232
41,0.0,37.71518154837838,0.002098645849303127,0.007027536304184098,0.4737035475332276,-0.006888910050442761,0.45991496467738396,-0.0009379775656840421
42,0.0,36.14275013183471,0.0,0.0020303691679607622,0.6477792373180319,0.001635374859451652,0.5162742464695783,-0.00016597183814333382
43,0.6274419935989162,38.924682142155945,0.09725583604468384,0.005582881538957052,0.03210737630736932,-0.004811716230659068,0.3710241854209156,-0.001559695155898054
44,0.0,39.90183845473511,0.0010502287369920137,0.002400979816247918,0.4068340681808261,-0.0017978676883115498,0.38176715024888874,-0.0016311469156221026
45,0.0,43.185638984569536,0.0007292111421468025,0.006183373899044468,0.3829999115192958,-0.005148604194943636,0.38213697863001084,-0.002686384099418563
46,0.0,44.50587939905063,0.002673678073610317,0.003635152066153437,0.33510354492697125,-0.0009394568222534939,0.36802694851909895,-0.002162305916269042
47,0.0,46.326444198342166,0.0,0.002771953200598842,0.7462338247805799,-0.0009044304817851559,0.4814890113975432,-0.0017849432859238761
48,0.0,48.867405916093055,0.0006208849598235604,0.0030251127580624864,0.40997474675041784,-0.002966895612287264,0.46003473200340556,-0.0021395289838328927
49,0.0,53.546833836945915,0.0,0.007802419523802816,0.7252308723079212,-0.0078003452046130455,0.5395935740947602,-0.003837773850066938
50,0.0,56.693009311528925,0.05985796348906454,0.005216442510298067,0.24944040990635058,-0.004165948970135901,0.45254762483823724,-0.003936226386087626
51,0.0,61.878227508178774,0.010050599837805955,0.006643076545169015,0.38093768850506476,-0.0066408473831137856,0.4310646439382855,-0.004747612685195474
52,0.0,67.21049995227405,0.03155391397644673,0.0077120207557574,0.29450546949840334,-0.0068108479111407254,0.39009689160632083,-0.005366583252979049
53,0.44922230381662365,74.19041916022417,0.1390913122383682,0.009442290642044656,-0.0041692603227125695,-0.009372460833943354,0.27181704602761075,-0.006568346527268339
54,0.0,80.30027300754652,0.00012809561823393342,0.007026360650096792,0.43702379015721127,-0.0068649901880988625,0.32137906926649085,-0.006657339625517495
55,0.0,84.88111907772664,0.03516955488565902,0.0038529186242840523,0.23925296519352396,-0.0024240125292407967,0.29674123804460073,-0.005387341496634485
56,0.0,87.6618297029433,0.05976044022267888,0.00038039494990575284,0.44412712853598985,0.0013660542030724207,0.34095700519201744,-0.003361322786722413
57,0.0,90.64192860282883,0.0,0.002365965665762961,0.62468933523273,-0.0004566701996537929,0.42607670420423116,-0.0024899270106018266
58,0.0,93.40274239561042,0.05793886243155013,0.004005749935705881,0.1282570753004384,-0.002146570540017404,0.3367308155330933,-0.0023869200694265
59,0.0,99.83350173270388,0.05649992514160091,0.010704286313341712,0.10746864435956253,-0.010704286313341712,0.26795216418103407,-0.004882129942601064
60,0.0,103.67791589015046,0.0,0.005523095190711199,0.6037229158765431,-0.005319399008086084,0.3686833896896867,-0.00501331066224657
61,0.0,109.26921774747098,0.0,0.006638080662970178,0.7603717622894948,-0.00635410556828133,0.4861899014696291,-0.005415549134056998
62,0.0,110.84102863059265,0.0034550104626212487,0.0014016709405537241,0.43472116157741914,0.0021732404805890767,0.4707492795019661,-0.0031389122496631753
63,0.0,113.19824902587584,0.0,0.0019188679978604198,0.7902370769458071,0.0008611092015387058,0.5665956187351184,-0.001938905814302611
64,0.0,114.14269408725714,0.0,0.0008396830713522822,0.49076672204087407,0.0013828941244506821,0.5438469497268451,-0.000942365832676623
65,0.0,120.25210859053729,0.004901411618043962,0.01066898808224019,0.33705304475128506,-0.01066898808224019,0.48180877823417706,-0.003860352507545693
66,0.0,115.80532635652123,0.0008856197658039268,0.00023381305503448617,0.5009042329566117,0.010406608751052654,0.4875374146509074,0.0004197358700338107
67,0.0,119.54383951208503,0.07187509847998566,0.005345599837330278,0.2825473820437405,-0.003784857539982541,0.4260404048687573,-0.0008416421529710946
68,0.0,119.03810651651084,0.13290744983671476,0.0021529310051529435,0.09180788296649932,0.0006514539658681408,0.3257706482980799,-0.00039371331731932394
69,0.0,120.18304765572253,0.0,0.0034461062058028795,0.5168048354304365,-0.0014921787424578361,0.38308090443778686,-0.0007232529448608777
70,0.0,121.28185696973497,0.0,0.00256075409755935,0.6986055707192868,-0.001848932492615752,0.4777383043222368,-0.00106095680918734
71,0.0,126.0130475941142,0.0,0.009059052116177146,0.664963172513864,-0.009059052116177146,0.533905764779725,-0.0034603854012842817
72,0.0,124.67724404275131,0.0,0.0005901644407824534,0.4370451243097069,0.004032270133296346,0.5048475726387195,-0.001212588740910093
73,0.0,125.40046667503341,0.002424808013317581,0.0007325567304433243,0.4767359102846163,0.002148378839954628,0.4964140739324885,-0.00020429846665067665
74,0.0,126.95217375328825,0.013174498974676575,0.003524095349660691,0.48067954425488074,-0.0019610973718057713,0.49169371502920617,-0.000731338138197205
75,0.0,126.98270667661659,0.003765269822851659,0.0010203966331356752,0.5528410252448185,0.00017967306825199234,0.5100379080938898,-0.00045803477626244583
76,0.0,129.0514583150054,0.0,0.004248921736538711,0.563081529999981,-0.0035290039036770197,0.5259509946657172,-0.001379325514486818
77,0.0,132.5368694125824,0.158192791273311,0.006745346455768736,0.1205513258403649,-0.00672668166490842,0.40433109401811146,-0.002983532359613298
78,0.0,131.4906877336876,0.09395582320024726,0.0008275253145013263,0.20135763772105278,0.0037406564236051095,0.34343905712899386,-0.0009662757246477758
79,0.0,131.20101842890352,0.0,0.0004549616589610795,0.5804131959825618,0.003751585414757674,0.41453129878506423,0.00044908261717385906
80,0.0,135.62208594117752,0.0,0.00829471150282684,0.5623922522199547,-0.008222731879778277,0.4588895848155313,-0.0021524617319117817
81,0.0,137.2171454339898,0.02613907548185492,0.004490790763300553,0.2169605722906242,-0.0037011490974187336,0.38631088105805916,-0.002617067941563867
82,0.0,134.54555605141115,9.03630703106098e-05,0.00040361139087254143,0.4591452522751123,0.007917003348678718,0.4081611924231751,0.0005431534455089086
83,0.0,135.1107461709403,0.08057155143693435,0.0018546746691626185,0.1941965294582539,0.0015260016298804821,0.3439717935336987,0.0008380079008203806
84,0.0,133.7608937965047,0.22629897502809587,0.001969214642564843,0.12601890260381307,0.0022114906118015543,0.278585926254733,0.0012500527141147328
85,0.0,132.5291875236376,0.0,0.002018411498043472,0.5716423349978977,0.0016410443086971082,0.3665028488776824,0.0013673501924894452
86,0.0,133.0823238807617,0.008925843530534952,0.0037052102099319477,0.31397555397863064,-0.0025114785792317656,0.35074466040796687,0.00020370156097308193
87,0.0,133.86178110260548,0.06597103613019147,0.0037665225715815785,0.24152435834856245,-0.003056679894391615,0.31797856979014555,-0.0007744128756363272
88,0.0,132.96364785360277,0.009581779201334469,0.0016866453783949164,0.45239808116967656,0.0016911890125601659,0.3583044232040048,-3.473230917737922e-05
89,0.0,136.16235881612744,0.03287212359546482,0.00605561993051091,0.3598529641929292,-0.0058558539135894995,0.3587689855006821,-0.0017810687905010154
90,0.0,135.57431567865768,0.016968536176512953,0.0010114159697861018,0.3948449157729861,0.0013354805580593362,0.36959176458237325,-0.0008461039859329097
91,0.0,137.53602977377034,0.09474870500300747,0.0037359420104176562,0.3170556832785769,-0.0021963700419656636,0.3538309401912343,-0.001251183802742736
92,0.0,140.5961069516037,0.0,0.005482808551681356,0.6463221416047241,-0.00544166981002512,0.4415783006152812,-0.002508329604927451
93,0.0,142.79351178943378,0.008038608542390442,0.0045496696598343,0.30973161636786933,-0.003170096550750307,0.4020242953410576,-0.0027068596886743075
94,0.0,142.5874792577413,0.0,0.001775051880694786,0.6883794574771618,0.0031548635998535635,0.48793084398188885,-0.0009483427021159462
95,0.0,143.96627325660756,0.09512604587762229,0.0033261616441296435,0.22404170828508416,-1.3327709347491092e-05,0.4087641032728474,-0.0006678382042854097
96,0.0,143.3419950978652,0.02972407682060047,0.001828497550751371,0.40950690843048365,0.0023162630705958905,0.40898694482013825,0.00022739217817898045
97,0.0,144.77240608738407,0.0,0.0033284109645693497,0.5866087364644382,-0.002293832772791136,0.46227348231342824,-0.0005289753071120545
98,0.0,145.38005081296038,0.003174461383596795,0.0024253321159491263,0.27123249391114135,-0.0014807527260907289,0.40496118579274215,-0.0008145085328056568
99,0.0,145.7852905897949,0.009037242638455852,0.001938686979099026,0.45181792884448974,-0.0002592957346299767,0.4190182087082664,-0.0006479446933529528
100,0.0,147.96540339783698,0.0015099986936603325,0.00498454187384501,0.6223738339813824,-0.0036664575995253267,0.4800248962902012,-0.0015534985652046647
101,0.0,152.09286004576913,0.14255304565986704,0.007862312361933098,0.1646397390262363,-0.007859196520732496,0.38540934911101166,-0.003445207951863014
102,0.0,147.7917555249445,0.08743110093534398,0.00010014571496339831,0.13904990892875715,0.010722412421800394,0.31150151705633533,0.0008050781602360084
103,0.0,147.3117190571793,0.004413015313923227,0.0013775136677698903,0.4022013685312986,0.004555289334358404,0.3387114724988243,0.0019301415124727272
104,0.0,145.70320746990868,0.0,0.0007658911030195205,0.5476510157647855,0.002432020160214957,0.4013933354786126,0.002080705106795396
105,0.0,144.89754013102683,0.00018200088633458014,0.002365832419375306,0.5541721734049809,-0.00041878649893843244,0.44722698685652307,0.0013308576250752472
106,0.0,149.01176398343708,0.09721485282460582,0.010826479970674173,0.12552957788318644,-0.010794153246478037,0.35071776416452205,-0.0023066456363907382
107,0.0,149.36648624989974,0.026750339881653956,0.003923956591607027,0.39655161623553703,-0.0020292045130676437,0.3644679197858265,-0.0022234132993938097
108,0.0,151.12875098859658,0.011314646331741634,0.002257365319416303,0.43862113552397713,-0.0011759867802366296,0.3867138845072716,-0.0019091853436466557
109,0.0,154.1592339427744,0.002098645849303127,0.0054086612429236946,0.4551813015835662,-0.003917901245016679,0.40725410963015996,-0.002511800114057663
110,0.0,151.40678824823357,0.0,0.0008037996873809915,0.6956042185452778,0.007827654934677684,0.4937591423046953,0.000590036400562941
111,0.0,155.1379800442693,0.0061094575115563906,0.0057796837787619584,0.2913941002662774,-0.005181442639621151,0.4330496296931699,-0.0011414073114922865
112,0.0,156.58016699661442,0.22905936493045542,0.004328358459193821,0.12736079387834517,-0.0035716187633265677,0.34134297894872245,-0.0018704707470425708
113,0.0,158.13454188731947,0.016447679166821827,0.0024118778723374677,0.3872293426003288,-0.0019713787917042726,0.3551088880442044,-0.0019007431604410813
114,0.0,161.33424519484973,0.11299559982949951,0.005915437533381372,0.09268853050002285,-0.004638443897500279,0.2763827807809499,-0.0027220533815588404
115,0.0,166.61987483439748,0.056941269436496064,0.008918368732700053,0.19906379486976358,-0.008918368732700053,0.253187085007594,-0.004580947986901204
116,0.0,171.45072055588406,0.0013040290419116614,0.0071992882779619155,0.4747872819231765,-0.00703791681451903,0.31966714408226876,-0.0053180386351865516
117,0.0,172.6700480301729,0.0,0.0004710602420207451,0.8303770522113464,0.0024531401913864344,0.47288011652099204,-0.0029866849872146554
118,0.0,177.78339237183567,0.05611373990196276,0.0053900720283461745,0.09985668601331457,-0.004988731925677543,0.36097308736868877,-0.0035872990687535215
119,0.0,177.0695739169269,0.001345257213062753,0.0002666793198957755,0.509510904362865,0.004747722770606609,0.40553443246694165,-0.0010867925169454821
120,0.0,179.91603729998585,0.04095883187656393,0.003479169098275193,0.26213586475272727,-0.002148079163215101,0.3625148621526773,-0.0014051785108263677
121,0.8448437524666721,184.19160078050268,0.20668232464890746,0.007854066831599253,-0.060385878818781935,-0.007716799274640817,0.23564463986123954,-0.003298664739970702
122,0.0,192.2127110799062,0.06654619316281002,0.015109474477481035,0.2171093645898122,-0.015109474477481035,0.23008405727981132,-0.006841907661223801
123,0.0,193.19703516814926,0.004132003192885789,0.0014062735679911164,0.4891799436033511,0.001670513406180798,0.3078128231768732,-0.004288181341002421
124,0.0,199.03499073278527,0.0001759155731646715,0.0056198222542696895,0.3940948972554336,-0.004856746056675158,0.33369744540044133,-0.004458750755704242
125,0.0,201.17642026455655,0.0,0.002420114396469844,0.6665490690437345,0.00019132532050831537,0.43355293249342924,-0.0030637279328404746
126,0.0,205.20226022249943,0.0,0.004198556997693135,0.5138635915165306,-0.003614979211320688,0.4576461302003596,-0.0032291033163845385
127,0.0,211.4611881360867,0.03646410657715522,0.009713503918415321,0.19619661310393635,-0.009713503918415321,0.3792112750714326,-0.0051744234969937734
128,0.0,214.4183666362037,0.0,0.0034826823399714125,0.6473605737817655,-0.00258153827496851,0.45965606468453246,-0.004396557930386194
129,0.0,219.0122183821705,0.07606648438445997,0.004919079628264402,0.15766358063292457,-0.003997310080962824,0.3690583194690501,-0.004276783575559183
130,0.31645688238023784,223.32866763881742,0.23353320077569872,0.004701201204736926,0.001231976664765429,-0.004234655458213837,0.25871041662776467,-0.004264145140355579
131,0.0,231.7443257459196,0.11326152649225436,0.01289996545107399,0.038436486153195316,-0.01289996545107399,0.19262823748539384,-0.006854891233571102
132,0.0,232.5105769437313,0.0,0.0008981530174378211,0.5790314000363578,0.0031310816604948775,0.308549186250683,-0.003859099365351308
133,0.0,234.02914283879653,0.013476282405559667,0.001373505558403168,0.3754960125264865,0.004137628560473605,0.32863323413342405,-0.0014600809876038343
134,0.0,231.53699084738577,0.0,3.4300848258828515e-05,0.5200490479408367,0.009272715195496913,0.3860579782756478,0.0017597578673263898
135,0.0,231.15355345404606,0.0,0.0003772637628361982,0.5891631659404464,0.0022464223537397464,0.44698953457508733,0.0019057572132503966
136,0.0,229.306543483111,0.008244257323223161,0.0006305835990840215,0.503952374689745,0.001935449777097573,0.46407838660948464,0.0019146649824045496
137,0.0,228.31257006227477,0.0,0.0014502587300230486,0.5654511037743288,5.836488672809024e-06,0.4944902017589379,0.0013420164342850273
138,0.0,228.40386421263597,0.051649198022607944,0.003196977783953108,0.2889166139985259,-0.0022405561880191023,0.43281812543081427,0.0002672446475937884
139,0.0,228.219549236876,0.0,0.002834464319451011,0.7691150457638265,-0.0010250794465300255,0.5337072015307179,-0.0001204525806433558
140,0.0,228.1457228364069,0.031859378523946214,0.0020896635810630634,0.3877455697016946,-0.00011955598273945637,0.4899187119820109,-0.00012018360127218597
141,0.0,231.69873889443247,0.06638423254144907,0.008024635266448796,0.27866515826899463,-0.007271637699330113,0.426542645868106,-0.002265619830689564
142,0.0,233.23919941310498,0.0,0.0032549853679769607,0.7115968500182593,-0.0029897006696304796,0.5120589071131519,-0.0024828440823718386
143,0.0,236.1085661744865,0.030958707816011708,0.00450354342147306,0.2246860055359742,-0.003514374925811071,0.42584703663999857,-0.002792303335403608
144,0.0,238.8169325091742,0.0,0.004641535527364523,0.4943331172261273,-0.002939787972486914,0.4463928608158372,-0.0028365487265286
145,0.0,239.80920746261916,0.0,0.002552003027629839,0.5318747711562769,0.000959599351640435,0.47203743391796904,-0.0016977043030778891
146,0.30875730238797505,246.3927076103289,0.22855655903124855,0.010754177984883545,-0.11632639913733935,-0.010690149371633042,0.2955282840013765,-0.004395437823644434
147,0.0,247.32327839299472,0.0,0.0017360190938561484,0.6824989894018026,1.2896094470882726e-05,0.41161949562150435,-0.003072937648209839
148,0.0,252.9797852474739,0.016328523479286188,0.00724211207602261,0.23497840539186318,-0.007077769145193221,0.35862716855261195,-0.0042743870973048536
149,0.0,252.46667311849322,0.006861995339623879,0.00043437208937896054,0.5446018787656022,0.004448059781316038,0.41441958161650905,-0.0016576530337185861
150,0.0,251.54237764653047,0.02589672400962927,0.0012079760739858998,0.515285156632375,0.006447171002686549,0.44467925412126874,0.0007737941772029543
151,0.3211682728391403,260.0100740776616,0.22919327669175657,0.015946553745449735,-0.12986458687489114,-0.015946553745449735,0.2723161018224207,-0.004242310199592853
152,0.0,262.1613438972632,0.0017195701368190178,0.005189896687393032,0.3270050574596372,-0.005111084800439995,0.2887227885135857,-0.004502942579846995
153,0.0,264.38204246797085,1.7590247240409663e-05,0.002605916306297714,0.5199484292283756,-1.9759623571440162e-05,0.35809048072802263,-0.003157987692964329
154,0.0,269.23676970996473,0.07313548669597679,0.005671296470769383,0.24381204686252614,-0.005291867079606476,0.32380695056837366,-0.003798151508956973
155,0.0,267.63690953592294,0.0,0.0003127454677145467,0.7911380212327902,0.006780868855631458,0.4640062717676986,-0.0006244453995804438
156,0.0,270.25559481727026,0.0,0.004013038723563724,0.6646231112773267,-0.0014731679559941858,0.524191323620587,-0.0008790621665045663
157,0.0,271.3590301160778,0.0,0.0031388877785125014,0.5450930895097986,-0.0016117319910149783,0.5304618533873504,-0.0010988631138576898
158,0.0,274.02725556340783,0.010808963919925701,0.004705109986572346,0.5649739676172766,-0.004597327295417961,0.5408154876563283,-0.002148402368325771
159,0.0,274.1784445110118,3.867622823394803e-05,0.0018974714611233586,0.4571264533547712,0.0009191888681072246,0.5157087773658611,-0.0012281249973958724
160,0.0,273.1709465939708,0.0,0.0018222111257005158,0.48255961343955417,0.0043880450023993794,0.505764028187969,0.0004567260025427031
161,0.0,276.0007673504317,0.0,0.005010811846732151,0.5323458014655191,-0.004635193287112196,0.513738560171234,-0.0010708497843537666
162,0.0,280.0399714860166,0.017068009419445616,0.008846146127435763,0.37026230856869824,-0.008846146127435763,0.47069568469047324,-0.0034034386872783652
163,0.32083119845038777,285.84331468277543,0.35575397837563816,0.010900879389382117,-0.25826794110715323,-0.010833019855908984,0.2520065969511853,-0.005632313037867551
164,0.0,284.7174304401304,0.0,0.0005478495982524694,0.6546401443016238,0.006125520514669842,0.3727966611563168,-0.0021049629721063326
165,0.0,288.0368168233349,0.0,0.0018994868317231174,0.6685000440697713,-0.0009606887600596149,0.46150767603035314,-0.0017616807084923172
166,0.0,289.32723012639076,0.006228879111038447,0.0024379594288901924,0.4639881061544785,-0.0004222879225684659,0.46225180506759067,-0.0013598628727151615
167,0.0,292.91119708074837,0.012292285905944726,0.005575217476062635,0.488336014022931,-0.005574852797202448,0.4700770677541927,-0.0026243598500613474
168,0.0,298.8010175515722,0.04914686640815217,0.010744587161385544,0.0927712438138406,-0.010744587161385544,0.35688532057208705,-0.005060428043458606
169,0.0,300.67137824004885,0.01775983920180164,0.00254733189370056,0.38902553149121555,-0.000952025422034927,0.36652738384782557,-0.003827907257031502
170,0.0,301.3818323683458,0.0,0.0006233300047890777,0.6702209172428254,0.003950662580360491,0.4576354438663255,-0.0014943363058139041
171,0.0,304.8093000347745,0.006981405135188086,0.004245225805459383,0.5779980576284448,-0.003090890232909606,0.4937442279949613,-0.0019733024839426144
172,0.0,304.6009489989376,0.016635366162040033,0.001659024538391268,0.4813505209385154,0.0020728859133804633,0.49002611587802747,-0.0007594459647456911
173,0.0,305.2488506768054,0.0,0.0021409518352652757,0.6356031309170501,0.0007373718404134934,0.5336992203897342,-0.0003104006231979357
174,0.0,308.431223139101,0.1965807451183698,0.006407356009514609,-0.0848433585811926,-0.0058259197238725215,0.3481364466984561,-0.0019650563534003114
175,0.0,310.68067439088,0.0007183840208090459,0.005290553043976827,0.5056726487789134,-0.004281145443983434,0.39539730732259326,-0.002659883080575248
176,0.0,312.2752660653042,0.0034318884811814555,0.0031504177484059153,0.3655980619606921,-0.0011643038252344602,0.38645753371402286,-0.0022112093039730113
177,0.0,313.07470435839684,0.0,0.002366221952186026,0.4412777524181175,0.0011973488193217866,0.4029035993252512,-0.0011886418669845719
178,0.0,316.70901556054815,0.03957743434163404,0.005384669029337274,0.29380762722423687,-0.005218611901718926,0.3701748076949469,-0.0023976328774048777
179,0.0,317.8567595393769,0.0,0.002374490518923738,0.7114987884699139,-0.0010530633078924755,0.4725720019274369,-0.001994262006551157
180,0.0,322.38102239758416,0.05456874666066388,0.007106580389152622,0.14354290923359603,-0.006844919123695341,0.37386327411928466,-0.003449459141694412
181,0.0,324.4001303336502,0.011686655389870114,0.0036888125772872337,0.42122322117803757,-0.001985391145742998,0.3880712582369105,-0.0030102387429089875
182,0.0,324.48083971264384,0.0,0.0007449182886791598,0.5914021398698516,0.0035504686806495725,0.4490705227267928,-0.0010420265158414196
183,0.0,327.6890623590316,0.011183944859087757,0.0049618716329445384,0.3715193338405914,-0.003504714051284135,0.4258051660609324,-0.001780832776474234
184,0.0,333.1998077234039,0.019914690477975137,0.010321073856087796,0.3345196995295492,-0.010321073856087796,0.39841952610151743,-0.004342905100358303
185,0.0,339.4220459541622,0.06627366286795505,0.010927007792737446,0.19479964505340067,-0.010927007792737446,0.33733356178708235,-0.006318135908072045
186,0.0,337.9607802323328,0.0,2.8403756911579853e-05,0.6712321873137862,0.007831418729520711,0.4375031494450935,-0.0020732695167942185
187,0.0,343.76103403926766,0.03911231547360477,0.006277993296544518,0.4730352814440414,-0.00541608429700614,0.44816278904477785,-0.0030761139508577945
188,0.0,341.6564541767587,0.0,0.00022427563006835322,0.8313367169953034,0.006672368541506737,0.5631149674299355,-0.00015156920314843498
189,0.0,342.35940449061627,0.0,0.0014012686529674228,0.7981903664016936,0.0017461209284047896,0.6336375871214629,0.0004177378363175324
190,0.0,347.0229178753328,0.0842496660743855,0.009575174041393013,0.16825615448455664,-0.009575174041393013,0.494023157330391,-0.002580135726995631
191,0.0,348.0172850480835,0.10375228062121766,0.003436237989481214,0.342760005075095,-0.002399236200770037,0.4486442116538022,-0.0025258658691279527
192,0.0,350.96217535511755,0.02424503253510841,0.0037058136238151177,0.35340336411663575,-0.0033423023461536245,0.42007195739265224,-0.0027707968122356545
193,0.0,348.073214396466,0.013596686217779019,0.0002951733226404174,0.5136169756438562,0.008765228811375482,0.4481354628680134,0.0006900108748476865
194,0.0,355.47449398375113,0.0012471442466579846,0.012561836247217047,0.36957963253335285,-0.012561836247217047,0.42456871376761524,-0.0032855432617717333
195,0.0,354.146432920143,0.0,0.0016443500595746787,0.7034632291358318,0.002184930190457637,0.5082370683780801,-0.0016444012261029222
196,0.0,355.803790312741,0.0,0.0024460314903193567,0.5116999325639423,3.8129714187488154e-05,0.5092759276338388,-0.0011396419440157992
197,0.0,355.4154116754797,0.0007516578217085625,0.0014387805664629987,0.5840020551825648,0.0025695251858188443,0.5316937658984566,-2.6891805065406074e-05
198,0.0,358.94913044015317,0.0,0.006710471806061572,0.49746479322963755,-0.006173666576175504,0.5214250740978109,-0.0018709242363984355
199,0.0,364.3427001506229,0.06669517593195702,0.011130636090018922,0.17450935475840895,-0.011130636090018922,0.4173503582959903,-0.004648837792484582
200,0.0,367.0885016367072,0.014813647337500447,0.004520235179019299,0.5413138999078819,-0.0035778387750736973,0.4545394207795578,-0.004327538087261316
201,0.0,371.86283566323385,0.037110244091998326,0.005097716446624527,0.35288021816471205,-0.004923675767789911,0.42404165999510407,-0.004506379391419894
202,0.0,377.9212725187975,0.21024810427567067,0.008324825312949837,-0.12608685128940017,-0.007926125466884577,0.2590031066097528,-0.005532303214059299
203,0.0,382.31323930284094,0.0,0.005139179108649149,0.6206002230218025,-0.004225272966775611,0.36748224153336767,-0.005140194139874192
204,0.0,384.1035975909569,0.0,0.0022551900217337513,0.8045456488102465,0.0022470775035650817,0.4986012637164313,-0.0029240126468424096
205,0.0,387.64772457974135,0.0,0.0031118392985070155,0.7529101699828104,-0.0019073951373136558,0.5748939355963449,-0.0026190273939837834
206,0.0,392.67804315796985,0.06794793591267771,0.007324857722765872,0.2232667766321569,-0.007324857722765872,0.4694057879070885,-0.004030776492618409
207,0.0,395.7729740887629,0.0,0.004712938341974672,0.604219687534408,-0.0035516702165599248,0.5098499577952843,-0.0038870446098008635
208,0.0,397.4794367401158,0.04419360834469846,0.0015611318775670352,0.27381791753728285,0.0008055551815674122,0.43904034571788386,-0.0024792646723903805
209,0.0,399.7101523536906,0.0,0.002460492660614517,0.9132924752651604,-0.0004950166983887423,0.5813159845820668,-0.001883990280189889
210,0.0,401.74654459784733,0.039190288143165,0.0034232048783445226,0.3395327305204815,-0.0015814168799118864,0.5087810083635912,-0.001793218260106488
211,0.0,402.36513507387065,0.13068108524539848,0.002879655694479907,0.2068269008149897,0.0007484771443201779,0.4181947760990107,-0.001030709638778488
212,0.0,402.6858053334185,0.0,0.0024462350085148786,0.6991992777956479,0.001242818881835476,0.5024961266080019,-0.00034865108259429876
213,0.0,408.5195143287356,0.08676378968014786,0.011067606566796883,0.14292925434961454,-0.011065377404741653,0.3946260649304857,-0.003563668979238505
214,0.0,409.1406743333175,0.0,0.001994136766124807,0.7654983385584383,-0.0007824189243748834,0.5058877470188714,-0.0027292939627794185
215,0.0,411.64647249827095,0.0,0.002294580929263163,0.7819430113860578,-0.001394537075163717,0.5887043263290272,-0.002328866896494708
216,0.0,412.7929954078701,0.0,0.001366845068418154,0.5237762134860835,0.0005514612702509088,0.5692258924761441,-0.0014647684464710229
217,0.0,417.1222332079555,0.0,0.006912252243293371,0.6318658311130217,-0.0065323103810596824,0.5880178740672073,-0.0029850310268476205
218,0.0,419.89961199904616,0.04723483947417596,0.005605170810085042,0.4662811157591744,-0.004136029056912854,0.5514968465747974,-0.0033303304358671907
219,0.0,423.20867060910246,0.07322139397243378,0.0037553032284894363,0.2265408025303032,-0.003645701016489956,0.4540100333614491,-0.0034249416100540202
220,0.0,425.31226381039335,0.0,0.0017853538128971048,0.436868160935626,-0.0007706857315753549,0.4488674716337021,-0.0026286648465104205
221,0.0,431.4002056024971,0.042066769891835006,0.009006036854471992,0.31305232057113513,-0.009006036854471992,0.408122926314932,-0.004541876448898891
222,0.0,433.69038840579736,0.08650598795593731,0.002426057965594412,0.2983645490465202,-0.001843776773056432,0.37519541313440846,-0.0037324465461461534
223,0.0,437.3948520731948,0.0,0.0032872164321279458,0.5400205441196959,-0.0028309927333854553,0.42464295242999467,-0.003462010402317944
224,0.0,443.9070521568904,0.00026730066581259277,0.009534867922033691,0.420532830334138,-0.009534867922033691,0.42340991580123766,-0.005283867658232667
225,0.0,444.9309727070919,0.0,0.002313343587726502,0.7131133026108197,0.001693254175254395,0.5103209318441122,-0.0031907311081865487
226,0.0,448.2728905236267,0.21506356400677337,0.0035521586460802207,0.0716564910231069,-0.001325352844280675,0.3787215995978106,-0.0026311176290147865
227,0.0,451.75266499678355,0.0,0.005232883886289346,0.7316502680212774,-0.003816222013506858,0.4846002001248506,-0.0029866489443624075
228,0.0,455.0675497514388,0.021690881177711317,0.004815382188443866,0.3022298837811822,-0.004040818669292998,0.42988910522175006,-0.0033028998618415844
229,0.0,460.0191952740247,0.17413949932165412,0.007272038208604533,-0.005623555151865032,-0.00706721469409963,0.2992353071096655,-0.0044321943115189985
230,0.0,461.2864324948065,0.013305161129006987,0.0014809640239995155,0.5692604764264008,0.000985117909102963,0.38024285790468604,-0.0028070006453324095
231,0.0,467.3169968835554,0.0021263924577698953,0.007829848375172354,0.42087862745901855,-0.007829848375172354,0.3924335887709858,-0.0043138549642843926
232,0.0,470.63940240539443,0.0,0.004005142621116475,0.6351672733766384,-0.0038179752080983475,0.46525369415268153,-0.004165091037428579
233,0.0,474.9562703923081,0.0,0.004842915231317343,0.4028748993422806,-0.004326330591714267,0.44654005570956123,-0.004213462903714285
234,0.0,479.14476423836686,0.03220426830568275,0.004964523001846992,0.6095389595845281,-0.004211831394312937,0.4954397268720513,-0.0042129734508938805
235,0.0,481.7514385461865,0.0,0.002058118148529122,0.681130280938623,-0.0008660070561345592,0.5511468930920228,-0.003208883532466084
236,0.0,485.44859599924155,0.0026286266463158283,0.004784711799657572,0.5199804113255484,-0.0031801938686642495,0.5417969485620805,-0.0032002766333255337
237,0.0,485.56442908523445,0.0,0.00044438064404584896,0.824144591261859,0.003234612943555473,0.626501241372014,-0.0012698097602612314
238,0.0,492.432836518454,0.05795526146751546,0.01092265191948233,0.4809750356881528,-0.01092265191948233,0.5828433796668556,-0.004165662408027561
239,0.0,492.67433789774566,0.0,0.001522692579679528,0.7346311619888392,0.0009931598937489667,0.6283797143634506,-0.0026180157174946024
240,0.0,497.46393489608033,0.027893567749516922,0.00559128056597107,0.5000032644255409,-0.005530011416606376,0.5898667793820777,-0.0034916144272281345
241,0.0,504.73306689777456,0.1751774230488061,0.012271441363338225,0.2862151978992761,-0.012271441363338225,0.49877130493723715,-0.006125562508061162
242,0.0,507.4511240468652,0.025998971089095064,0.004375130049287089,0.58460153528324,-0.0017702889277403271,0.524520374041038,-0.004818980433964911
243,0.0,513.2603819984732,0.06758943667113411,0.006332567890147162,0.1634362234281914,-0.005521035601871153,0.416195128857184,-0.005029596984336784
244,0.0,520.2600374992711,0.005505601546174545,0.009353898359281227,0.57562989006584,-0.009353277800268301,0.4640255572197808,-0.006326701229116239
245,0.0,529.6066699028933,0.11116672456384243,0.01396937476431523,0.27840458685228486,-0.01396937476431523,0.408339266109532,-0.008619503289675937
246,0.0,537.9027064847367,0.0140719364367457,0.010333949794774904,0.5332077812712616,-0.010333949794774904,0.44579982065805085,-0.009133837241205627
247,0.0,547.8229377352255,0.22853567428464833,0.011309165478760696,-0.09302975221607508,-0.011307922626722429,0.2841509487958131,-0.009786062856860667
248,0.0,550.637837939001,0.007301651120778041,0.0013289061048236052,0.5702787084711817,0.004057790987426109,0.36998927669842363,-0.0056329067035746335
249,0.0,557.4712263600541,0.0,0.004164664233895797,0.6639707982227557,-0.0038077059553151,0.45818373315572325,-0.005085346479096773
250,0.0,561.3357675661343,0.0,0.0043071093857396815,0.5664111188387124,-0.0019716269264812977,0.49065194886061997,-0.00415123061331213
251,0.0,566.4548985884765,0.0,0.005292858057509523,0.6586233366440423,-0.005194652438598799,0.5410433651956467,-0.004464257160898131
252,0.0,568.1958965230458,0.019798368504203762,0.0013472583504399649,0.33926272355413756,0.0008831302402179835,0.4805091727031939,-0.0028600409405632964
253,0.0,571.9570020461879,0.06376899347455729,0.0046943187703909805,0.17433432923717695,-0.003066200258086947,0.3886567196633888,-0.0029218887358203913
254,0.0,573.6765292957749,0.02010667175389319,0.0023491691739206968,0.5852883599678722,-0.0004813937595606919,0.44764621175473385,-0.0021897402429424816
255,0.0,576.2224435629303,0.0,0.002431758456284706,0.774083047146099,-0.0021691147799713408,0.5455772623721433,-0.002183552604051139
256,0.0,581.6394211481169,0.07367497996085605,0.008915973622928772,0.2654664435791321,-0.008913409190904914,0.46154401673423995,-0.004202509580107271
257,0.0,586.5766200890456,0.07844333214989294,0.007836399163451817,0.37325814918979816,-0.007836192598543614,0.4350582564709074,-0.005292614485638174
258,0.0,593.1076977320794,0.015054360340636612,0.009008272006807157,0.4120828174065066,-0.009008272006807157,0.42816562475158715,-0.0064073117419888685
259,0.0,599.6405359459162,0.08313471845598,0.007851144874112941,-0.023708011254342784,-0.00782996820037067,0.29260353394980815,-0.006834108679503409
260,0.0,604.5953288255224,0.000946655044473421,0.004084791964289608,0.37236878537569107,-0.0033634475729620557,0.316533109377573,-0.005792910347541002
261,0.0,609.5063002058309,0.06658594256038255,0.004147661221588,0.12605409696665743,-0.002870955903345638,0.2593894056542983,-0.004916324014282393
262,0.0,614.5683459947239,0.14410272367249663,0.004724537472741767,0.09477952136031927,-0.004306800280909961,0.21000644036610458,-0.004733466894270662
263,0.0,618.5045055557986,0.028079430717746576,0.004373533458390136,0.5296780203782803,-0.0028819337834335534,0.3059079143697573,-0.004178006961019529
264,0.0,620.4078158166558,0.0012785639146094142,0.0017124456390009686,0.37835772270037926,0.0011395485947885392,0.3276428568689439,-0.002582740294277109
265,0.0,625.9931170795891,0.06615038374408318,0.007522496872914111,0.3684007675214276,-0.0071763395344541245,0.33987023006468897,-0.003960820066330213
266,0.0,630.0600172029591,0.1613405626884268,0.005821573756445806,0.23200012671239617,-0.005617319947718617,0.3075091990590011,-0.004457770030746734
267,0.0,634.1472327123759,0.0,0.0045784640748953885,0.5723733736161458,-0.004203437657576535,0.3869684514261445,-0.004381470318795674
268,0.0,634.6419907051777,0.012176702094537958,0.0014884743941073802,0.4117613201813737,0.0037953258936403856,0.39440631205271326,-0.0019284314550648562
269,0.0,638.7457443517238,0.022563619312449677,0.005505236423795145,0.46530455053454356,-0.003905103870931088,0.4156757835972623,-0.0025214331798247254
270,0.0,643.4873165151761,0.0004553693345490983,0.007885274173438489,0.5762246572355758,-0.007764432859007041,0.4638404456887563,-0.00409433308357942
271,0.0,647.4089041097856,0.13526657705231782,0.005729585945004395,0.07036749580983274,-0.005372884047969745,0.3457985607250792,-0.004477898372896517
272,0.0,649.3737164144638,0.04467993882113667,0.002888034101855396,0.20326253399999378,0.00035815042618625204,0.30303775270755356,-0.003027083733171686
273,0.0,650.4631747958027,0.19439595491807635,0.0011857409505624896,0.0176949891873453,0.002520900999526639,0.21743492365149109,-0.0013626883133621885
274,0.0,650.0415703127944,0.000691413120854776,0.001311894773663926,0.46946119926236496,0.0040883335747111255,0.2930428063347532,0.0002726182530598057
275,0.0,654.9039247990435,0.0234541424415396,0.00872254247090847,0.3718000474840395,-0.008721797280477174,0.31666997867953905,-0.0024257064070012883
276,0.0,655.1616074489193,0.14310774696184758,0.002252097498344659,0.1845964436087128,-0.0007197451005536546,0.27704791815829116,-0.0019139180150669981
277,0.0,655.5102109350067,0.04889975685655675,0.0009391748854771932,0.35368350363459194,0.0018802668285719372,0.30003859380118136,-0.0007756625619753174
278,0.0,654.441714137007,0.0,0.002209878681511052,0.741701521535043,0.004252018868276555,0.43253747212133986,0.0007326418671002441
279,0.0,657.0301251201196,0.3736984862898207,0.005597987586744572,-0.06240342042682615,-0.004615067790556141,0.2840552043568901,-0.0008716710301966714
280,0.0,661.1495964909434,0.1806000728184552,0.009944762477629888,0.013023617407586594,-0.009309081007854169,0.20274572827209902,-0.0034028940234939204
281,0.0,666.1564663558518,0.23274563667699813,0.009390601266384998,0.12777680330869373,-0.009381200977791987,0.18025505078307744,-0.00519638610978334
282,0.0,664.7572800165898,0.0,0.00031551482444061607,0.6857658178812874,0.006676168902509639,0.33190828091254043,-0.0016346196060954463
283,0.0,668.9718661682791,0.0069909685321074486,0.004299190087823659,0.5084090947622621,-0.0032993764680741655,0.38485852506745694,-0.002134046664689062
284,0.0,670.4208711982802,0.18927146818910404,0.004139749456694423,0.23278518944995893,-0.0012271131117909766,0.3392365243822075,-0.0018619665988196363
285,0.0,675.3612859365255,0.2673862073234362,0.007991983487342163,0.16287501266940985,-0.007991983487342163,0.2863280708683682,-0.0037009716653763937
286,0.0,679.024033948912,0.23148628257153409,0.005539649345047516,0.12903615741415747,-0.0055369693326442,0.23914049683210498,-0.0042517709655567355
287,0.0,684.5120964794826,0.19752509380535674,0.007478141704066856,0.19171331441857503,-0.007401127663690221,0.22491234210804598,-0.005196577974996781
288,0.0,687.8281798177211,0.1306696140373725,0.0027651604115149146,0.22887969312931103,-0.002263054783250472,0.22610254741442548,-0.004316521017472888
289,0.0,696.1221695363236,0.4062856282334865,0.011686188147405449,-0.06217231295536037,-0.011686188147405449,0.1396200893034897,-0.006527421156452657
290,0.0,696.8235811073258,0.20457493730074347,0.0006668719126534606,0.13133381562359978,0.0033070778351316065,0.13713420719952274,-0.003577071458977377
291,0.0,703.4199474326518,0.13038847000790676,0.006817117148967207,0.2936958786159045,-0.0067939881623336135,0.18410270862443726,-0.004542146469984248
292,0.0,706.1517458915097,0.049212556834348976,0.0038678335211768345,0.40947043814969847,-0.001775874583269638,0.2517130274820156,-0.003712264903969865
293,0.0,711.468910877076,0.31892189003928545,0.006209605501192064,0.00878230053127483,-0.0061913467760309395,0.1788338093967934,-0.0044559894655881865
294,0.0,717.0034362309489,0.24437144065577832,0.007479726637056866,0.0043563210795717795,-0.007477652317867096,0.1264905629016269,-0.005362488321271858
295,0.0,721.6989017317236,0.1318368607727637,0.005007396076318343,0.29079362206434867,-0.004917127086573249,0.17578148065044344,-0.005228879950862275
296,0.13081761300877393,730.251507917554,0.5224658610016331,0.0120141342212026,-0.37421808409137475,-0.0120141342212026,0.010781611227897975,-0.007264456231964372
297,0.0,735.8535141980584,0.2575519536159062,0.005981636117176306,-0.001590178380088057,-0.005921410792570772,0.007070074345502165,-0.006861542600146292
298,0.0,739.7195877692567,0.22357501309603253,0.0019649097504796493,0.18207251983546488,-0.00020128042336087804,0.05957080799249098,-0.004863463947110668
299,0.0,745.3236196994023,0.14312299543990364,0.0048031655301567465,0.2584222563147021,-0.0043249819815215085,0.11922624248915431,-0.00470191935743392
300,0.0,750.8551612194822,0.3937135185182302,0.006384936511989545,-0.037293359709430214,-0.006262023248699585,0.07227036182957895,-0.005169950524813619
301,0.0,756.7366984698834,0.2038787068112739,0.00714039839825283,0.1279277649361779,-0.007139955335808256,0.08896758276155864,-0.00576095196811201
302,0.0,757.5862047130299,0.09080221450878055,0.000666202121822408,0.3021066465469818,0.003855600122130057,0.1529093018971856,-0.0028759863410393895
303,0.0,764.4217795844629,0.37511144662068485,0.008119956584491923,0.0469452110183781,-0.008119956584491923,0.12112007463354334,-0.0044491774140751495
304,0.0,769.1432822783714,0.3898936508422012,0.0069120139240946695,-0.19626996061615887,-0.006655262448140272,0.02590306405863267,-0.005111002924294686
305,0.0,772.1032600541968,0.014809680668396294,0.0024376269643968116,0.4865895926287359,-0.0013191021047955517,0.16410902262966362,-0.003973432678444945
306,0.0,781.5477847195917,0.24836789003598958,0.014186571978497372,0.08754086288835367,-0.014186571978497372,0.14113857470727062,-0.007037374468460673
307,0.0,786.0405697011943,0.1734091276239145,0.0058571265080886465,0.08623525922254381,-0.004927752402106052,0.12466758006185258,-0.006404487848554286
308,0.0,789.7651423804474,0.12564944630510017,0.00226199506655208,0.14511375715553518,-0.00016207435010739824,0.13080143318995735,-0.00453176379902022
309,0.0,790.8655515579131,0.34261150169485133,0.00029563402215448454,0.07944515594421168,0.004567645880816298,0.11539455001623365,-0.0018019408950692647
310,0.0,797.3106757397935,0.20377474223721126,0.008631673884310107,0.22648647775563444,-0.008631673884310107,0.14872212833805387,-0.003850860791841517
311,0.0,799.8911018817704,0.16820398419080385,0.00400524299310601,0.2246837444691478,-0.0033384134970948693,0.17151061317738203,-0.0036971266034175228
312,0.0,806.7400897683225,0.2244321759124268,0.010103364497006027,0.19352220054974476,-0.010103364497006027,0.17811408938909085,-0.005618997971494073
313,0.0,810.3333968828541,0.26622239453125074,0.003651744452722272,0.13532285722335483,-0.0034007580279018425,0.16527671973937003,-0.004953525988416404
314,0.0,816.1226241844478,0.18358225545110732,0.006296594609631058,0.2671903704261954,-0.006001370408496887,0.19585081494541765,-0.005267879314440548
315,0.0,818.5843588723421,0.08328985548883072,0.0016094950044484469,0.3611904283332506,0.0002508039429223808,0.24545269896176752,-0.0036122743372316688
316,0.0,824.5696913341576,0.0036301584688392396,0.006831556912188573,0.5673028657410731,-0.006831556912188573,0.3420077489955592,-0.00457805910971874
317,0.0,827.4435247154863,0.03193371387945838,0.003571217386796944,0.20653574007551673,-0.0020336146469134876,0.3013661463195464,-0.003814725770877164
318,0.0,829.7885958202668,0.1316354397728785,0.001652473225548144,0.1352338941689933,4.219367811763434e-05,0.25152647067438044,-0.002657649936178724
319,0.0,833.9411637225803,0.335904378274837,0.004858564305909788,0.02051578053396301,-0.004566775037815338,0.18222326363225522,-0.0032303874666697084
320,0.0,835.2040426955701,0.24857951869207345,0.0013164218199928465,0.07092010952470401,0.0002719869675686099,0.14883231739998984,-0.002179675136398213
321,0.0,837.2016775444055,0.3853483108841135,0.002476242298188589,0.06542431499318939,-0.000705932526609188,0.1238099166779497,-0.0017375523534615054
322,0.0,839.0444046510984,0.2017813105124509,0.0021835953981572506,0.10541147417365239,-0.0014961218571343975,0.1182903839266605,-0.0016651232045633729
323,0.0,842.6086042445494,0.20741602457449587,0.00554608531797705,0.22284519541835,-0.00554608531797705,0.14965682737416733,-0.002829411838587476
324,0.0,845.4644694331861,0.2911577650707544,0.004266519633294254,-0.06971514411139842,-0.004097323644965165,0.0838452359284976,-0.0032097853805007825
325,0.0,848.2984310013107,0.13210104223820232,0.0033582551321327926,0.25419643914580875,-0.0028230415442102785,0.13495059689369093,-0.003093762229613631
326,0.0,854.9648877226025,0.412968833273498,0.010416018305102413,-0.07706008034915479,-0.010416018305102413,0.07134739372083722,-0.005290439052260265
327,0.0,861.1903125274488,0.2986184623616602,0.009526531060404665,0.05780169644713998,-0.009526531060404665,0.06728368453872804,-0.006561266654703584
328,0.0,864.504653385908,0.16465623287253334,0.002400141785633022,0.1589456765211357,-0.0011206166650730995,0.09478228213345033,-0.0049290716578144385
329,0.0,871.2622213098311,0.17761732852674578,0.0070382357571143524,0.24443932911231755,-0.0070382357571143524,0.13967939622711048,-0.005561820887604412
330,0.0,878.6578281579755,0.054382806872668464,0.010041322086427247,0.1577214263222534,-0.010041322086427247,0.14509200525565336,-0.006905671247251262
331,0.0,878.4002964330298,0.0002160383529227428,0.00021436356648749861,0.5966520515787167,0.006617824153526793,0.28056001915257234,-0.002848622627017846
332,0.0,879.8365229441671,0.08190869629428857,0.0017540830097067881,0.3214497856124558,0.004319961593809775,0.29282694909053736,-0.0006980473607695592
333,0.0,884.9171699664516,0.30283794537963565,0.007594113353902119,-0.14468559278185955,-0.007588280753250779,0.16157318652881827,-0.0027651173785139247
334,0.0,888.5831307154202,7.513033011618819e-05,0.006821963732655516,0.48063353470412135,-0.006795072335444941,0.2572912909814092,-0.00397410386559323
335,0.0,889.8051991762661,0.21649098378838535,0.0008413110479151444,0.21377023620446012,0.000499942303589474,0.24423497454832443,-0.0026318900148384183
336,0.0,892.3385895641114,0.16573241176909265,0.002201945538756183,0.2563242458699703,-0.0010285430307331038,0.24786175594481819,-0.002150885919606824
337,0.0,892.9766343851583,0.15624819633392303,0.0012148649102906312,0.2822175860127059,0.0015019123015926215,0.2581685049651845,-0.00105504645324699
338,0.0,892.1265850193512,0.18877891695393662,0.0018690619805986155,0.18546382050083596,0.00405540261390728,0.23635709962587992,0.00047808826689929086
339,0.0,894.1135777128651,0.07628228963011598,0.003954037251371231,0.26065031879951467,-0.00306048173380909,0.24364506537797032,-0.0005834827333132235
340,0.0,894.8233327047773,0.22925298561103405,0.003906789030477611,0.04949113150264199,-0.001952353063949249,0.1853988852153718,-0.000994143832504031
341,0.0,900.2766122328735,0.09736090512346368,0.010711781843311405,0.20853158975261868,-0.010711781843311405,0.19233869657654584,-0.003909435235746243
342,0.0,903.0823919280397,0.3538876614581101,0.0055706368309633705,-0.02208118971065828,-0.0046469147379150436,0.1280127306903846,-0.004130679086396883
343,0.0,906.6828883545503,0.33381921305210926,0.003382913777970834,0.018498664579799404,-0.003256594222728274,0.09515851085720904,-0.0038684536272963
344,0.0,910.4701082849932,0.1764070813105593,0.004068267093568445,0.028329937757429986,-0.003426065238955302,0.07510993892727533,-0.0037357371107940005
345,0.0,913.8807550723849,0.14743664129940734,0.0029925577993822577,0.2664154539858729,-0.002920219232349142,0.1325015934448546,-0.003491081747260543
346,0.0,916.2730958527077,0.08064371474938316,0.0020994139988950735,0.37248108679380815,-0.0009471887291265049,0.20449544144954065,-0.002727913841820331
347,0.0,923.7892161709752,0.25257778507844664,0.011908377432918485,0.06692184313833087,-0.011908377432918485,0.1632233619561777,-0.005482052919149777
348,0.0,928.4977121562667,0.18538744031904633,0.006781073865342098,0.10539621965949131,-0.006739370845829854,0.14587521926717179,-0.0058592482971538
349,0.0,929.571545547552,0.23140647488725868,0.0015718617141105191,0.21116158863626136,0.003717454237985025,0.16546113007789864,-0.002986237536612152
350,0.0,935.7908342429331,0.13114204160388296,0.006729041241816697,0.05667860703454056,-0.006729041241816697,0.1328263731648912,-0.004109078648173515
351,0.0,938.4314372501531,0.2765375037182166,0.0039007645032281615,0.010182551311663755,-0.002219380554063279,0.09603322660892297,-0.0035421692199404443
352,0.0,942.5258091138868,0.33989699681451785,0.004221893229312581,0.05344369258630539,-0.004102060740100441,0.0832563664021377,-0.0037101366759884433
353,0.0,949.324222957099,0.08895228295065166,0.010319013541088095,0.22234278291234294,-0.010319013541088095,0.12498229135519925,-0.005692799735518338
354,0.0,954.793206858897,0.07347000204140518,0.007292411327957142,0.2373316649709463,-0.007291790768944216,0.15868710343992337,-0.0061724970455461015
355,0.0,962.0125145547862,0.3640348707971888,0.00885303726504005,0.07032863037254859,-0.00885303726504005,0.13217956151971094,-0.006976659111394286
356,0.0,964.4815773837328,0.3088075053603265,0.0007988505097659214,0.05171493462536511,0.0015764976584465842,0.10804017345140718,-0.004410712080442024
357,0.0,968.7153465438707,0.24532894289682716,0.0028232577596339526,0.184932277096019,-0.0013692195058997879,0.1311078045447907,-0.0034982643080793533
358,0.0,969.6136924363722,0.11097069606144502,0.0014764145506910838,0.2479936134641684,0.002868698820585506,0.166173547220604,-0.0015881753694798957
359,0.0,972.6395740344743,0.22681649898916803,0.0037374184571365254,0.051927618124507864,-0.002593720701401611,0.13189976849177515,-0.0018898389690564102
360,0.0,969.4116054624259,0.06759765599012976,0.00025225663802671395,0.33308274611369926,0.008458027158686463,0.19225466177835238,0.0012145208692664518
361,0.0,970.2697802759545,3.867622823394803e-05,0.0026879695769490594,0.6259970808675932,0.00013011302836281606,0.32237738750512457,0.000889198516995361
362,0.0,969.4569021508769,0.13186844290806732,0.000932532876613879,0.284226471976594,0.0003913202502175697,0.31093211284656536,0.0007398350369620236
363,0.0,971.5660600219287,0.04621944230474961,0.0058359395426284735,0.3323309565461281,-0.005351153813101483,0.31735176595643416,-0.0010874616180570284
364,0.0,973.3253719275874,0.010178281702134598,0.004574163330241068,0.43195800417267954,-0.004390583732872092,0.35173363742130775,-0.0020783982525015474
365,0.0,976.3017016417133,0.0881043429947207,0.005852633831518688,0.07661893639356995,-0.004981314458431882,0.2691992271129864,-0.0029492731142806475
366,0.0,978.4207686388668,0.2878831311436889,0.0031102100724102657,-0.09717745279872597,-0.0021268383512857564,0.15928622313947266,-0.00270254268538218
367,0.0,983.8558866186902,0.1067916970510004,0.008621720673535145,0.07817649685246858,-0.008138397018698628,0.13495330525337143,-0.004333298985377114
368,0.0,990.2127939706746,0.15244047229314803,0.010247854228303923,0.29833215358415516,-0.010247854228303923,0.18396695975260655,-0.006107665558255157
369,0.0,997.3149558003879,0.1667178921148705,0.010027831303874116,0.13275858855850065,-0.010027831303874116,0.16860444839437477,-0.007283715281940844
370,0.0,1002.2126946460999,0.02774395497200092,0.005225902837596104,0.2974231770281768,-0.003537982835303364,0.20725006698451537,-0.0061599955479495995
371,0.0,1003.4311296869954,0.006256421218989825,0.0005147582297313705,0.5404894970917268,0.00530546356465399,0.3072218960166788,-0.002720357814168522
372,0.0,1012.4276727473849,0.2939858335401696,0.012212787771106924,-0.01915592893464857,-0.012212787771106924,0.20930854853128059,-0.005568086801250042
373,0.0,1012.4481581176576,0.1645567968584411,0.001132831369293095,0.06697224403543157,0.0030230318184096315,0.16660765718252588,-0.0029907512153521396
374,0.0,1014.8712240474008,0.3006601247081613,0.0016111164184426027,0.09268056469266163,0.0008766510316434855,0.14442952943556658,-0.0018305305412534521
375,0.0,1017.2574643457541,0.015649126975979925,0.003170019949147118,0.4315529266003509,-0.001779695999692306,0.23056654858500186,-0.001815280178785108
376,0.0,1018.3812718941457,0.04330718328490295,0.0025198189244336235,0.3016156437333117,-0.00035882640456059295,0.2518812771294948,-0.0013783440465177535
377,0.0,1024.4669727020246,0.09008425288131429,0.010730195494908288,0.10422977072039327,-0.010730195494908288,0.20758582520676436,-0.004183899481034914
378,0.0,1026.7032116986825,0.010952029141331067,0.004322347029741447,0.528630291428331,-0.00304872704953864,0.30389916507323433,-0.0038433477515860313
379,0.0,1030.6591824481504,0.006325550409330532,0.005222621315251175,0.44427062547388213,-0.003723237612330391,0.34601060319342863,-0.003807314709809339
380,0.0,1036.4560810945366,0.18948875119573957,0.00799528502515756,-0.07555383713530069,-0.007914746825826997,0.21954127109480984,-0.005039544344614636
381,0.0,1037.1748676998789,0.012448474662269268,0.0009573913774373406,0.4295527525042537,0.0026784617426140536,0.28254471551764293,-0.0027241425184460293
382,0.0,1044.1506439410018,0.15968042665579837,0.009169835871764316,0.12302676658719022,-0.009169835871764316,0.23468933083850713,-0.004657850524441515
383,0.0,1049.5101214858034,0.052901230178964594,0.008416742086411709,0.42776633217896,-0.008133852656436468,0.29261243124064296,-0.005700651164040001
384,0.0,1051.9580047122495,0.0,0.0018932187520552376,0.4730925694279899,-1.0301960301061052e-05,0.34675647269684706,-0.003993546402918319
385,0.0,1061.253222144822,0.11064766851536453,0.01326046025519693,0.29499986441613285,-0.01326046025519693,0.33122949021263276,-0.006773620558601902
386,0.0,1060.084509370532,0.0,0.0003868246829668917,0.6742584822437927,0.006876996639419756,0.4341381878219807,-0.0026784353991954044
387,0.0,1063.3016688678938,0.137374746879276,0.0014302932331276355,0.26503126358611223,0.0004650406040061059,0.38340611055122015,-0.0017353925982349513
388,0.0,1066.7213257229287,0.08526764607280977,0.004482456039522332,0.3385408144352329,-0.004261940215567371,0.36994652171642395,-0.002493356883434677
389,0.0,1066.483912303176,0.0,0.0005055314940557387,0.5293055407845595,0.0024062017844556994,0.4177542274368646,-0.001023489283067564
390,0.0,1067.2481000131252,0.05691289400801509,0.0020085938798492194,0.34475886689021845,0.0010478344113114674,0.3958556192728707,-0.00040209217475385456
391,0.0,1069.7599990621331,8.251120499868675e-06,0.004457281461996309,0.5337632569690188,-0.0041502345082898885,0.4372279105817152,-0.0015265348748146647
392,0.0,1071.318680152305,0.014968775144317199,0.0029463394591772636,0.4013572004972309,-0.0027648006360384953,0.42646669755636984,-0.001898014603181814
393,0.0,1077.0122274165806,0.08245852937079659,0.0101923323641764,0.2165375085961464,-0.0101923323641764,0.36348794086830283,-0.0043863099314801896
394,0.0,1073.7297890279851,0.20799706838815388,1.5297767621886731e-06,0.21405958925090893,0.008998274768366323,0.31865943538308467,-0.00037093452152623567
395,0.0,1078.3799373134784,0.27838765795703924,0.00566360584612557,-0.09902822811786258,-0.0051032804777552876,0.1933531363328005,-0.0017906383083949513
396,0.0,1078.414422884961,0.19816195936706835,0.004584126428026834,0.07666794523845263,0.00038915511551718666,0.15834757900449614,-0.00113670028122131
397,0.0,1077.993650836249,0.0,0.0012610894008952078,0.5452550494153393,0.0027892191844453044,0.27441982012774907,4.107555847867434e-05
398,0.0,1076.715174098531,0.041211088608189395,0.0009471908807885232,0.3790686767952852,0.0038458445149150366,0.3058144771280099,0.001182506245409583
399,0.0,1079.487862633688,0.18699340596693712,0.005871608423085427,0.24737009520280026,-0.005868492581884825,0.288281162550447,-0.0009327934027787395
400,0.0,1078.9484532471265,0.0069777455129380675,0.002550122612228584,0.42232142661167826,-6.914139184905259e-05,0.32849324176881634,-0.0006736977994998334
401,0.0,1076.776602215693,0.0056003346371296765,0.0008710489511041344,0.4086201944475769,0.005524420185027042,0.3525313275724445,0.0011857375958582292
402,0.0,1083.0078186810374,0.13067498080418163,0.012329338161482784,-0.031033504933917763,-0.012329338161482784,0.2374618778205358,-0.0028687851313440745
403,0.0,1085.6763660456813,0.013560675913854212,0.006676327143592686,0.25584391719662586,-0.006675084291554419,0.24297648963336282,-0.004010674879407178
404,0.0,1088.032371198653,0.11671937374156573,0.003826054384507476,0.02549387762380663,-0.001752914770232219,0.17773170603049596,-0.00333334684665469
405,0.0,1090.415696754095,0.0,0.003050563312656283,0.7942765630331658,-0.000648585789178021,0.3626951631312969,-0.002527918529411689
406,0.0,1091.4187628380466,0.11924599932867289,0.001459472664303413,0.28640153360282455,0.0014878452290915593,0.3398070742727552,-0.0013231894018607144
407,0.0,1094.81364204046,0.20430761463244643,0.00490544720477826,0.19723763712215936,-0.004384283645146556,0.2970362431275764,-0.002241517674846467
408,0.0,1097.5778050580902,0.18504304148770342,0.0046785252471792495,0.19188852320555394,-0.004286954090006258,0.2654919271509697,-0.002855148599394404
409,0.0,1103.207666623923,0.0,0.009288166244274441,0.6754225803119205,-0.009274999492544884,0.3884711230992549,-0.0047811038673395475
410,0.0,1104.4789040567919,0.048144283694034236,0.0021851592855719583,0.3544032501850134,0.0005249144670313868,0.37825076122498247,-0.003189298367028267
411,0.0,1102.6275914442263,0.0,1.5297767621886731e-06,0.628282758653367,0.008970105236616621,0.4532603604534978,0.0004585227140651996
412,0.0,1106.5295139844973,0.12438530790095263,0.005602919138691955,0.09209707424225384,-0.004825924606329493,0.3449113745901246,-0.0011268114820532082
413,0.0,1106.4594366481026,0.0,0.0034433673319957045,0.6209530978590279,-0.000284682897910358,0.4277238915707956,-0.0008741729068103531
414,0.0,1110.196435120924,0.0,0.0067096794735227415,0.7330847690567468,-0.006575227653455392,0.5193321548165809,-0.002584489330803865
415,0.0,1112.7239788085647,0.056543539790833285,0.005118802411621522,0.44273362188820914,-0.004247432182540518,0.4963525949380694,-0.0030833721863248605
416,0.0,1116.565537720765,0.24039285640726252,0.005273858787743337,0.21448205064693232,-0.00518259750640003,0.41179143165072823,-0.0037131397823474115
417,0.0,1118.7169477043244,0.000691413120854776,0.0029748688809070004,0.46445411249085405,-0.0011155439473960005,0.4275902359027659,-0.002933861031861988
418,0.0,1117.860447880373,0.042882573418898076,7.102985695270609e-05,0.3777272456054297,0.005774472782838042,0.412631338813565,-0.0003213608874519792
419,0.0,1121.0952371486646,0.004209998497189186,0.0044500823070206166,0.37257530847441467,-0.003669649030440368,0.4006145297118199,-0.001325847330348496
420,0.0,1121.872971753347,0.006167886251502985,0.002724524401984602,0.4615862303761421,-0.0012302858632279486,0.4189060399111165,-0.0012971788902123318
421,0.0,1125.1616344352578,0.05954034957859971,0.005899829238640248,0.3444278068198307,-0.005416240497775745,0.39656256998373074,-0.0025328973724813558
422,0.0,1125.6573093055802,0.0,0.001447417411731355,0.636669924338289,0.000424109421319708,0.46859477629009816,-0.0016457953343410367
423,0.0,1131.4818491858273,0.27418061370066293,0.009445725142860255,0.11916007570016025,-0.009427448515249666,0.36376436611311674,-0.003980291288613626
424,0.0,1135.1761604695173,0.19208600043046653,0.006633752557184932,-0.07098173929552552,-0.005816266230722662,0.23334053449052405,-0.004531083771246336
425,0.0,1136.4544318276921,0.004477299163001779,0.0014524056478755819,0.38152805862143746,0.0016718665865767563,0.27779679172979804,-0.002670198663899408
426,0.0,1140.461449179087,0.0,0.004599933503036586,0.723020442211704,-0.0035168156093614536,0.4113638868743698,-0.0029241837475380214
427,0.0,1143.1469509817498,0.022650267662286505,0.0044020852218058125,0.4305042139853664,-0.0026914974911723434,0.4171059850076688,-0.0028543778706283177
428,0.0,1149.3788442760153,0.002098645849303127,0.009818153881424395,0.3153768461343033,-0.009818153881424395,0.3865872433456591,-0.004943510673867141
429,0.0,1153.4884704783406,0.04110674013132049,0.0055239465861526916,0.29896339916231557,-0.005382431361528992,0.360300090090656,-0.005075186880165696
430,0.0,1158.1721741496044,0.0,0.005478975651530404,0.6841243493793608,-0.004396759576513983,0.4574473678772674,-0.004871658689070182
431,0.0,1161.3747089169965,0.0,0.002644507212398011,0.6224271881109903,-0.001182308653182754,0.5069413139473843,-0.0037648536783039532
432,0.0,1165.3394364274498,0.0,0.005118792962395152,0.8687270023394744,-0.0030283356090673513,0.6154770204650113,-0.0035438982575329726
433,0.0,1167.278515616107,0.06063907915987292,0.00200417201681293,0.31667459345854077,2.963669926156097e-05,0.5258362923630702,-0.0024718377704946123
434,0.0,1170.9540463762444,0.0,0.0049642097699090565,0.7333517235020578,-0.0038628018249187855,0.5880909217047664,-0.002889126986821864
435,0.0,1177.215809148766,0.002098645849303127,0.01035012780737063,0.5494933256767438,-0.01035012780737063,0.5765116428963596,-0.005127427232986493
436,0.0,1180.5005417363468,0.013157203194124258,0.0040072143911148534,0.20822475559858208,-0.0036200428114792024,0.4660255767070263,-0.004675211906534305
437,0.0,1184.7401235567725,0.0,0.0033353759103571085,0.5922991643524482,-0.003296591595420641,0.5039076530006529,-0.004261625813200206
438,0.0,1186.243086532166,0.0,0.0025001002361730936,0.69263311774753,0.0019164072794535798,0.5605252924247159,-0.00240821588540407
439,0.0,1185.2768672114387,0.02291403873422872,0.0001232852617889797,0.399657908914315,0.0065524928021570335,0.5122650773715957,0.0002799967208642611
440,0.0,1186.1478891218158,0.0,0.0015816082025504612,0.5112446178616223,0.000682262703974713,0.5119589395186036,0.00040067651579739664
441,0.0,1186.1571531858622,0.050667270302790175,0.0016496014592692313,0.4017681803154046,-0.00032765823915545904,0.4789017117576439,0.00018217608931153992
442,0.0,1187.3519922518797,0.042570053741450724,0.00369440408786398,0.14822861962952694,-0.002914210095213724,0.3796997841192088,-0.0007467397660460393
443,0.0,1191.7191065573008,0.008602303341755406,0.009292989114003584,0.6513060999642293,-0.009256807405741379,0.4611816788727149,-0.0032997600579546408
444,0.0,1193.270975991178,0.0851090481444956,0.0038956654091449093,0.29262113049593264,-0.002317717395197659,0.4106135143596802,-0.003005147259127546
445,0.0,1196.9315421860824,0.009871379858025206,0.005491201693682446,0.4688675335577649,-0.004063715043217721,0.42808972011910557,-0.003322717594354598
446,0.0,1203.9392833648737,0.1863655253845326,0.011330652494459864,-0.08651376386477393,-0.011330652494459864,0.2737086749239417,-0.0057250980643861775
447,0.0,1200.0280268708748,0.014030913228698549,3.4300848258828515e-05,0.5620362803823594,0.011848160942633728,0.36020695656146695,-0.00045312036228020583
448,0.0,1204.254663157791,0.03812497859118928,0.004661192541300857,0.3509511367224058,-0.002822968432244528,0.35743021060974856,-0.0011640747832695024
449,0.0,1205.1176118671933,0.0,0.0031625289209285833,0.8359087529243435,-0.0012773063179103395,0.5009737733041271,-0.0011980442436617534
450,0.0,1204.0140680429126,0.0,0.0010991130089314733,0.8258646319378907,0.0035615460433097916,0.5984410308942562,0.0002298328424297101
451,0.0,1209.3202474130667,0.04606316676940549,0.009816153969107311,0.3617611493954156,-0.009816153969107311,0.527437066444604,-0.002783963201031396
452,0.0,1209.3854777287734,0.0,0.0014586387467644837,0.7832395468703173,-0.00025930723521055054,0.6041778105723179,-0.0020265664112851423
453,0.0,1213.7022604299427,0.08534781554617789,0.006240857339676733,0.04518768005084353,-0.006008895359224866,0.43648077141587555,-0.0032212650956670594
454,0.0,1216.264129284716,0.01432734956598526,0.004913537354119994,0.5939000313546853,-0.0030920007233696005,0.48370654939751845,-0.0031824857839778216
455,0.0,1224.3059106107914,0.03168024633897567,0.013265623047004559,0.17014212713857832,-0.013265623047004559,0.3896372227198364,-0.0062074269628858425
456,0.0,1226.7901443080088,0.0,0.003060357212745199,0.7154415355699012,-0.0016017547207724148,0.4873785165748558,-0.004825725290251814
457,0.0,1230.5846845715025,0.007772734008722076,0.003975102868869758,0.5386084427039426,-0.0012381505755122404,0.5027474944135818,-0.003749452875829942
458,0.0,1232.6226463800392,0.009366826294048579,0.002047534124159222,0.40933720122444206,0.000937270612720741,0.4747244064568399,-0.002343435829264737
459,0.0,1237.359116514099,0.015435991888557288,0.005909065738208215,0.35471312012376083,-0.005864322874082243,0.43872102055691614,-0.0033997019427099884
460,0.0,1236.0201023988109,0.0,0.00046555196496311996,0.5183209029750658,0.005372345976613637,0.46260098528236104,-0.0007680875669129005
461,0.0,1236.5987478723664,0.042219164559024226,0.0017273597860862308,0.31494854327084043,0.002367848435704253,0.41830525267890484,0.0001726932338722456
462,0.0,1237.7853177763102,0.010258460897159722,0.004180019829443075,0.43564031663962477,-0.0016791249690938552,0.4235057718671208,-0.0003828522270175846
463,0.0,1239.3841471547541,0.0,0.004345285180954504,0.6868379180918827,-0.0034948311475822623,0.5025054157345493,-0.0013164459031869877
464,0.0,1242.894484530242,0.02654124323976025,0.006887442964324756,0.4285952092278885,-0.006859546549823197,0.48033235378255107,-0.00297937609717785
465,0.0,1243.746692930592,0.0,0.0020611985099077096,0.6246760645284202,-0.0002799956808605602,0.5236354670063117,-0.0021695619722826628
466,0.0,1247.7781205320023,0.012031859130306948,0.006135122969715874,0.3861065826298729,-0.005204892319532687,0.48237680169338004,-0.0030801610764576697
467,0.0,1250.3947648713286,0.03412910014670752,0.004215582063931713,0.43968518937695794,-0.0030630419409498357,0.46956931799845336,-0.003075025335805319
468,0.0,1255.5511687119176,0.04448830393742682,0.007965402787825721,0.4580690260499616,-0.007405880824258275,0.4661192304139058,-0.004374281982341206
469,0.0,1256.8886219981564,0.0,0.0014344055026580043,0.6196875317976062,0.000599052127730417,0.5121897208290158,-0.0028822817493197187
470,0.0,1264.7254539581006,0.15326007822347357,0.011650094445389945,0.24659396323261623,-0.011650094445389945,0.4325109935500959,-0.005512625558140786
471,0.0,1267.9299785999137,0.06524926495965667,0.004588980912929666,0.3665206432184005,-0.003444023449979738,0.4127138884505873,-0.004892044925692471
472,0.0,1272.8048144685688,0.0030691947026178696,0.004523926222182458,0.5546787724598592,-0.004209754564731061,0.4553033536533688,-0.004687357817404048
473,0.0,1273.946844571586,0.065961686659695,0.0011843753657295487,0.2202545275092994,0.0029119573253684615,0.384788705810148,-0.0024075632745722947
474,0.0,1280.2744562902565,0.0981547905853686,0.008973038865563264,0.2608398841840685,-0.008199544884326629,0.34760405932232413,-0.004145157757498595
475,0.0,1283.2791449166948,0.0009792144042937603,0.0054826985214427295,0.3992417266756432,-0.003579174654171849,0.36309535952831984,-0.003975362826500571
476,0.0,1288.5021736703663,0.0,0.006465323370043757,0.6431015376104465,-0.006397797121650135,0.44709721295295785,-0.004702093115045439
477,0.0,1292.556331928065,0.05220946298735598,0.00477780175860242,0.46964919127825655,-0.0041092395461400965,0.45386280645054744,-0.004524237044373837
478,0.0,1295.0091298328532,0.0,0.0011501601830561541,0.7051608697837564,-2.347209662089967e-05,0.5292522254505101,-0.0031740075600479555
479,0.0,1295.7924746554972,0.0,0.000925822799148157,0.6245866617509986,0.0032130288557163365,0.5578525563406567,-0.0012578966353186678
480,0.0,1299.5114235739397,0.04056118883728501,0.00454833638651487,0.20854891899374492,-0.004389140011900081,0.45306146513658313,-0.002197269648293092
481,0.0,1297.4609791576058,0.0,0.0010133407181060763,0.8371390858978435,0.005673621097831637,0.5682847513649611,0.00016399757554432675
482,0.0,1298.903663533998,0.000691413120854776,0.00204463617241504,0.42341865898672293,-0.0007236031328263248,0.5248249236514897,-0.0001022826369668687
483,0.0,1298.3203270802235,0.0,0.0022212786454678963,0.643073715926008,0.0010487152473789092,0.5602995613338452,0.00024301672833686467
484,0.0,1295.0007681170805,0.0,0.0,0.5566756760049573,0.00701216655637415,0.5592123957351788,0.0022737616767480504
485,0.0,1297.6475086798227,0.2024265203303344,0.00606345660284143,0.15106772190285392,-0.005861925334262036,0.43676899358548127,-0.00016694442655497562
486,0.0,1300.6433256850669,0.0,0.008604074008469673,0.5132881109124251,-0.008602831156431406,0.4597247287835644,-0.002697710445517905
487,0.0,1303.5704176253303,0.10600511619106953,0.006377541317210473,0.24634030354879072,-0.005811803162657402,0.39570940121313225,-0.003631938260659754
488,0.0,1302.7012211892074,0.0,0.001640093121053204,0.9056475329314982,0.004772271716864782,0.5486908407286419,-0.0011106752674023934
489,0.0,1306.8242333939966,3.867622823394803e-05,0.005187668008625515,0.762067691740298,-0.004760061602314971,0.6127038960321387,-0.0022054911678761665
490,0.0,1305.7385666882533,0.0,0.0008345250939432407,0.7462135838179214,0.0035106545058375496,0.6527568023678735,-0.0004906474657620516
491,0.0,1307.0053116654033,3.867622823394803e-05,0.001754438051751459,0.5026568508280569,-0.0003212217581180912,0.6077268169059284,-0.0004398197534688635
492,0.0,1309.5247287128818,0.0005372056668985168,0.004988949753653077,0.6345219149069375,-0.0047193685823506875,0.6157653463062311,-0.0017236844021334106
493,0.0,1309.9409248900197,0.02194158690268011,0.0021162169930664166,0.5351441897322514,-0.00033710960908481014,0.5915789993340372,-0.0013077119642188302
494,0.0,1313.6222621288093,0.07824699665712971,0.006878110854236013,0.22784011909057,-0.005819459996747428,0.482457335260997,-0.0026612363739774094
495,0.0,1315.3942394749197,0.00861081470442457,0.0033986046248892297,0.5524031545465684,-0.0022185346594193463,0.5034410810466684,-0.0025284258596099903
496,0.0,1318.9126145413427,0.00046627231978645626,0.004911211972241068,0.6743684376867228,-0.004452475754670993,0.5547192880386846,-0.003105640828128291
497,0.0,1323.7183952868936,0.17509331898463795,0.007248864581631603,0.2991686777944707,-0.007248864581631603,0.47805410496542045,-0.004348607954179285
498,0.0,1330.1679730660223,0.009469566813933314,0.010020385845794087,0.5144892739441586,-0.010020385845794087,0.4889846556590418,-0.006050141321663725
499,0.0,1334.2039360836727,0.029940353153360875,0.0037875339510954364,0.372753841461282,-0.0036263671127655405,0.4541154113997138,-0.00532300905899427
500,0.0,1336.3511113703921,0.0,0.0008384586483767488,0.743087204516218,0.0020507407401922618,0.540806949334665,-0.0031108841192383097
501,0.0,1342.0927148557826,0.09081500757349627,0.006287252653142632,0.23753492055241915,-0.006287252653142632,0.4498253406999912,-0.004063794679409606
502,0.0,1348.6303336968422,0.008602303341755406,0.0102102101830257,0.305593270548566,-0.0102102101830257,0.4065557196545636,-0.0059077193304944335
503,0.0,1352.602024821428,0.0,0.0038787198690147756,0.6335152661151768,-0.0037950820797312337,0.47464358359274755,-0.005273928155265474
504,0.0,1361.2531507447713,0.2028131135998698,0.011649557697897371,0.11933034581479927,-0.011649557697897371,0.36804961225936306,-0.007186617018055043
505,0.0,1362.7423640966686,0.0,0.00020495217176042386,0.6287476778089426,0.0026905897210347863,0.4462590319242369,-0.0042234549963280936
506,0.0,1367.5970001019928,0.06841261638384677,0.003826805937599764,0.32923121769150127,-0.002451788325771111,0.4111506876544162,-0.0036919549951609986
507,0.0,1370.9283083605594,0.04366360726364853,0.0028912699154174924,0.24910629278656224,-0.0023869617927072422,0.36253736919406,-0.0033004570344248715
508,0.0,1371.966805455256,0.0,0.0006246151143976043,0.889474877581773,0.0018197698824422763,0.5206186217103739,-0.0017643889593647272
509,0.0,1373.0462972120083,0.01700299582328683,0.0010963652244464109,0.5339321267278971,0.001262551124265494,0.5246126732156308,-0.0008563069342756608
510,0.0,1376.0972603357598,0.04834983025429656,0.004640346061757187,0.4343825128069679,-0.0044825885528827865,0.49754362509303185,-0.0019441914198577983
511,0.0,1378.3470357346287,0.0,0.00390996448992271,0.5866590504064911,-0.0037140377152791093,0.5242782526870696,-0.0024751453084841915
512,0.0,1381.8098585281632,0.0013020687001886555,0.0063481257481969875,0.44907076015155883,-0.005085883702991565,0.5017160049264164,-0.0032583668268364036
513,0.0,1385.5861885019272,0.07721678368391373,0.006047142198216935,0.2204408124032623,-0.0051533124645521565,0.4173334471694702,-0.0038268505181511293
514,0.0,1388.6504987300395,0.12595302562946248,0.004495004698514939,0.1853420402335323,-0.0028303954256896596,0.3477360250886888,-0.003527913990412688
515,0.0,1390.9838573697382,0.004209998497189186,0.0025322111647023355,0.5187041804936516,-0.0007278647933642318,0.3990264717101776,-0.002687899231298151
516,0.0,1392.8912647013497,0.0013320942527535707,0.002781982544700941,0.4763910867087099,-0.00018685906620632164,0.42223585620973725,-0.001937587181770602
517,0.0,1392.4750277986618,0.0,0.000878496630699158,0.9179543764621706,0.0037477880457752427,0.5709514122854673,-0.00023197461350684843
518,0.0,1395.3011636591673,0.003618655286169327,0.004656135457401541,0.5033876097753103,-0.0038597974528123105,0.5506822715324202,-0.001320321465298487
519,0.0,1394.256714194894,0.004598502417296207,0.0011872780506882112,0.6398185150925174,0.002472590000692997,0.5774231446004493,-0.0001824480255010417
520,0.0,1397.454933468258,0.0,0.0056281270839127415,0.46027267360079804,-0.005280019958760334,0.5422780033005539,-0.0017117196054788292
521,0.0,1399.1667711663467,0.0,0.004360937353897008,0.49006635625667494,-0.0033049568608926796,0.5266145091873902,-0.002189690782102984
522,0.0,1401.3262894655072,0.1665784113569842,0.003548743886715055,0.21855771569005608,-0.002624718084956229,0.4341974711381899,-0.002320198972958957
523,0.0,1401.0435089634248,0.0,0.0003923091012203433,0.79898822233232,0.00296672890123545,0.5436346964964289,-0.0007341206107006349
524,0.0,1399.6250809430155,0.0,0.0005097298426859711,0.5646169036765011,0.005402520664797545,0.5499293586504506,0.0011068717719488193
525,0.0,1402.5338546706937,0.011797674544291871,0.005946763054559878,0.4498391546249029,-0.0053413559536812935,0.5199022974427863,-0.0008275965457402145
526,0.0,1399.610209539259,0.0028596293330955375,0.00046827659614329814,0.43853026749485013,0.004972419117448232,0.4954906884584054,0.0009124081532163195
527,0.0,1402.5065675178232,0.0021188433293709515,0.005218640423163043,0.3671120666787179,-0.0052100163932468245,0.45697710192449914,-0.0009243192107226236
528,0.0,1404.328046821352,0.004842569879360137,0.005352035126791563,0.5913285670851925,-0.004706660408172066,0.4972825414727071,-0.0020590215699574565
529,0.0,1404.589093195897,0.029683581760314732,0.0014795159271011598,0.3026621911325092,0.000504778462948701,0.4388964363706477,-0.0012898815600856093
530,0.0,1407.4788377147174,0.0025622923163736372,0.004223003934783193,0.5221378338963414,-0.0038217418804997708,0.4638688556283558,-0.002049439656209858
531,0.0,1410.77634516781,0.04572772934104796,0.00577185710257418,0.3222966567334667,-0.005440787249844604,0.42139719595988906,-0.0030668439343002818
532,0.0,1418.4511273729088,0.14251228756573386,0.013726511454808285,0.0983918094941531,-0.013726511454808285,0.32449558002016826,-0.006264744190452682
533,0.0,1424.5497373369817,0.033646772897456656,0.009249777318987143,0.43639593593871306,-0.009249777318987143,0.3580656867957317,-0.00716025412901302
534,0.0,1426.5611401714175,3.867622823394803e-05,0.0018828202504961055,0.5883464714783267,0.0026336965486895357,0.4271499222005102,-0.004222068925702253
535,0.0,1430.2593276131931,0.0,0.0022351255773305767,0.8329137190780062,-7.003958074005413e-05,0.548879061263759,-0.0029764601222135936
536,0.0,1433.4396056862456,0.06105334362961349,0.003781954891144008,0.5266568263172371,-0.002103571682827336,0.5422123907798024,-0.0027145935903977163
537,0.0,1435.8829912367905,0.0,0.0030483979743626604,0.7383754450840432,-0.0018767992033958557,0.6010613070710746,-0.002463255274297158
538,0.0,1436.3636841430775,0.0,0.0006742224344967418,0.8605224399856916,0.0019288937383286652,0.6788996469454597,-0.001145610570509411
539,0.0,1441.5442084085798,0.15550017111409392,0.008179134201965426,-0.07693416744840097,-0.008179134201965426,0.45214950262730147,-0.0032556676599462156
540,0.0,1444.2183492611105,0.0,0.0050846755032312365,0.8522595591785361,-0.004242129612660596,0.5721825195926719,-0.0035516062457605297
541,0.0,1448.0305607614164,0.00012809561823393342,0.005245646736363498,0.6677152246717951,-0.004402803219619783,0.6008423311164088,-0.0038069653379183056
542,0.0,1454.2666445559607,0.0025136734098391233,0.009233433303801119,0.5786393942743694,-0.00913362784355394,0.594181450063797,-0.0054049640896089955
543,0.0,1459.2893924809482,0.013630081370847088,0.006742245854263246,0.4599134338332614,-0.006273262446325975,0.5539010451946362,-0.005665453596624089
544,0.0,1466.8076779030753,0.06929303189930651,0.009796863136229161,0.16287482583547408,-0.009796863136229161,0.4365931793868876,-0.006904876458505611
545,0.0,1474.7132289886474,0.06207438573332834,0.01028068074602039,0.33599027974478574,-0.01028068074602039,0.406412309494257,-0.007917617744760044
546,0.0,1481.0231404872827,0.0,0.005729138847458183,0.7825790976247552,-0.005623168571848391,0.5192623459334064,-0.007229282992886547
547,0.0,1489.876249319644,0.07690782571431912,0.010021965263416782,0.30021293085436934,-0.009895238125258167,0.45354752140969523,-0.008029069532598033
548,0.0,1497.2959965709194,0.0,0.007752798279564694,0.5479965996153398,-0.007592759092041534,0.48188224487138853,-0.007898176400431084
549,0.0,1501.3096860747528,0.0,0.0032474251739833706,0.7912371650186942,0.0003308516468213494,0.5746887209155802,-0.005429467986255354
550,0.0,1503.4789078979213,0.0002341642456974866,0.0011756515936899822,0.6298860416820731,0.003934282784941964,0.591247917145528,-0.002620342754896158
551,0.0,1507.8903508894941,0.004842569879360137,0.004409153345428248,0.5394934353200133,-0.0034256294653066234,0.5757215725978736,-0.0028619287680192976
552,0.0,1511.8206391257463,0.0,0.0055257947994433575,0.6880348397903712,-0.0053393297571747095,0.6094155527556229,-0.003605149064765921
553,0.0,1515.6098540148214,0.000691413120854776,0.004800302258389151,0.5713884489553568,-0.0047628073411878245,0.598007421615543,-0.003952446547692492
554,0.0,1522.1097106545708,0.13652305103997064,0.009625760228814378,0.3449015849980741,-0.009621319117525944,0.5220756706303022,-0.005653108318642528
555,0.0,1525.587254498888,0.02487160447366151,0.004411349347182619,0.3774755645683598,-0.0028922050085372344,0.47869563881171945,-0.0048248373256109395
556,0.0,1526.8143505103349,0.0,0.0016003129395915335,0.73311858518086,0.0035332393633054626,0.5550225227224616,-0.002317414318936019
557,0.0,1529.6821862905658,0.0,0.003308258004571285,0.8007977793810304,-0.0008522267313478489,0.6287550997200322,-0.0018778580426595678
558,0.0,1533.8104939252369,0.0,0.006267047754111955,0.5950016331941563,-0.006108423571562729,0.6186290597622693,-0.0031470277013305164
559,0.0,1537.0777712058145,0.0,0.0047702884559102125,0.8695398528383773,-0.0047195993858773445,0.6939022976851017,-0.003618799206694565
560,0.0,1539.7226623269826,0.002766443858505133,0.002261097147594101,0.34677029238772006,-0.002081252679934694,0.5897626960958872,-0.0031575352486666033
561,0.0,1545.105177603428,0.009469566813933314,0.007312427016927423,0.5801771958516903,-0.007312427016927423,0.5868870460226281,-0.004404002779144849
562,0.0,1550.4043041069551,0.16079888906970366,0.007645052034594467,-0.07356353586386488,-0.007567247549189561,0.38875187145668016,-0.005352976210158263
563,0.0,1554.6688302423267,0.0,0.0041173933709933355,0.6020567891458328,-0.004073885878324662,0.4527433467634259,-0.004969249110608183
564,0.0,1558.1284739200012,0.0,0.0028888559092974716,0.8580833266959308,-0.00142452206329813,0.5743453407431773,-0.0039058309964151664
565,0.0,1565.2688609769125,0.07818444528696938,0.009536762253497914,0.49229203993696147,-0.009536762253497914,0.5497293505013126,-0.005595110373539991
566,0.0,1571.4735311405955,0.009425842424838422,0.008624692620842722,0.40917795560846915,-0.008624692620842722,0.5075639320334595,-0.006503985047730811
567,0.0,1581.560962432566,0.1457357255653075,0.014916242508845665,0.242176053603608,-0.014916242508845665,0.427947568504504,-0.009027662286065267
568,0.0,1586.8726872186578,0.0,0.004789093005216984,0.8892384082239309,-0.0039149562843857596,0.566334820420332,-0.007493850485561415
569,0.0,1593.970941683703,0.0,0.005085728583256209,0.6874656081749295,-0.005071971483960817,0.6026740567467113,-0.006767286785081235
570,0.0,1602.8244344000998,0.0,0.010356711953988821,0.6954928327121277,-0.010356711953988821,0.6305196895363362,-0.007844114335753511
571,0.0,1605.7726905333673,0.0,0.0011895181693162464,0.7456585670327316,0.0012338948874750567,0.6650613527852548,-0.00512071156878494
572,0.0,1614.6674786075932,0.0661407919994556,0.010146493072861093,0.4543858962415742,-0.010146493072861093,0.6018587158221507,-0.006628446020007786
573,0.0,1623.322299651819,0.20903363678637654,0.01242061737381953,0.2912607717100786,-0.01242061737381953,0.508679332588529,-0.008366097426151308
574,0.0,1630.6115416542018,0.027173470014397374,0.00801270813192058,0.3758555756008449,-0.007932702174699477,0.46883220549222376,-0.008236078850715759
575,0.0,1637.7743660604456,0.14518345816624265,0.005920615248244503,0.26046407476525446,-0.005864696075320229,0.40632176627413297,-0.007524664018097099
576,0.0,1641.8554923943138,0.00026730066581259277,0.0009940708168634232,0.7192054075464549,0.00039042994135772595,0.5001868586558296,-0.005150135830260651
577,0.0,1643.7117075630297,0.0,0.000577484194407435,0.6923289117331441,0.00418566574362063,0.5578294745790239,-0.002349395358096267
578,0.0,1649.8347919037412,0.082022770725688,0.007301319040991621,0.3657004430705493,-0.007293809413373687,0.5001907651264815,-0.003832719574679493
579,0.0,1651.8291841507744,0.0,0.0026543115706607863,0.6002413260791031,-0.0015480003676907907,0.530205933412268,-0.003147303812582882
580,0.0,1660.5077697581962,0.35523981408659233,0.013956832799646721,0.03810087531423051,-0.013956832799646721,0.3825744159828567,-0.006390162508702033
581,0.0,1662.0100917903767,0.0,0.003160319627501864,0.8071927846861039,0.00041486067559417454,0.5099599265938308,-0.00434865555341317
582,0.0,1670.1945183768414,0.09048866023782735,0.010213275460511184,0.3277296112979546,-0.010213275460511184,0.4552908320050679,-0.0061080415255425746
583,0.0,1674.5606598883471,0.05017378079742568,0.0057097348304047035,0.3504167244007392,-0.004311776883934042,0.4238285997237693,-0.005569162133060014
584,0.0,1678.5340683982524,0.022637254551474452,0.003612128009623466,0.3983300372442551,-0.001683342717651718,0.41617903097991504,-0.004403416308437525
585,0.0,1685.2111836689414,0.017890864799423267,0.007989190634368775,0.41885889912312785,-0.007925970579146914,0.41698299142287887,-0.005460182589650342
586,0.0,1687.1076597596584,0.0,0.0008945448586962123,0.7061018549116271,0.0008634077401974759,0.5037186504695033,-0.003563105490695996
587,0.0,1692.048318035726,0.03098392844811532,0.004944688138341905,0.4913171340654636,-0.004456885148808934,0.4999981955482914,-0.003831239388129877
588,0.0,1698.048404105477,0.0655328631371971,0.008965631450643722,0.2088621844595128,-0.008628976118001034,0.41265739222165776,-0.005270560407091224
589,0.0,1704.129215395511,0.07624548288467979,0.008457875807973466,0.2544221611027884,-0.008457875807973466,0.3651868228859969,-0.006226755027355896
590,0.0,1713.7450129724741,0.1899426236966106,0.014283296401813595,0.15827297275840682,-0.014283296401813595,0.3031126678477199,-0.008643717439693204
591,0.0,1720.9845139545114,0.0,0.00828632291570709,0.6404137277923204,-0.008235935665761331,0.4043029858311,-0.008521382907513642
592,0.0,1727.4604346645206,0.0005883868763656398,0.004173654678157387,0.583627609356758,-0.004132571525025729,0.45810037288879735,-0.007204739492767268
593,0.0,1730.2803544048602,0.0,0.0017570831709345573,0.7528305129695891,0.0033018052151512485,0.5465194149130348,-0.004052776080391713
594,0.0,1733.3019518079884,0.0009745752572769129,0.0021336506613630086,0.5774650387801837,0.0013788080517990865,0.5558031020731795,-0.002423300840734473
595,0.0,1737.4933779104094,0.030926825601109542,0.005035547630629395,0.357879858119153,-0.0044095250946053184,0.4964261288869715,-0.0030191681168957266
596,0.0,1743.2849475422086,0.09793157568557778,0.009415699685612493,0.15361508656417547,-0.009415699685612493,0.3935828161901327,-0.004938127587510756
597,0.0,1747.1939910137714,0.08032318839473074,0.005155734208659552,0.32285015005362266,-0.004793118461177031,0.3723630163491797,-0.004894624849610638
598,0.0,1750.4738706329485,0.0,0.0021956417635857917,0.6283546339057388,-0.0014852569342274572,0.4491605016161474,-0.0038718144749956837
599,0.0,1757.1667851801085,0.11853014907078856,0.008683678818447872,0.32632466573066904,-0.008683678818447872,0.41230975085050386,-0.005315373778031341
600,0.0,1761.3082672516712,0.019654502028486877,0.0046585317930889075,0.4614865892057594,-0.004373473663550754,0.4270628023570805,-0.0050328037436871646
601,0.0,1769.6124504286834,0.07720319482166313,0.011553833777338913,0.32823654545721254,-0.011553833777338913,0.3974149252871201,-0.0069891127537826895
602,0.0,1777.3313899400455,0.13859986639619368,0.010547771729782973,0.25078442181199173,-0.010547407050922787,0.35342577424458155,-0.008056601042924718
603,0.0,1784.4613068502445,0.06621511035279062,0.00728886221612373,0.33609324075351493,-0.007237976067601875,0.34822601419726157,-0.007811013550327864
604,0.0,1791.0441790879456,0.018206967316165702,0.005053161884911301,0.36441344181835134,-0.004996565510901274,0.3530822424835885,-0.006966679138499887
605,0.0,1799.6888571778368,0.020732300041428436,0.009582995274910107,0.37097540128954043,-0.009582995274910107,0.35845019012537405,-0.007751573979422952
606,0.0,1810.7549541562043,0.3197105288864241,0.01547442901985311,-0.0038453478105881555,-0.01547442901985311,0.24976152874458538,-0.010068430491551998
607,0.0,1820.3478418803995,0.018559617120923938,0.011491108593026015,0.46600059303480335,-0.011491108593026015,0.3146332480316507,-0.010495233921994203
608,0.0,1823.4354267102137,0.0,0.000507559993657893,0.7309508832366103,0.004492781446669791,0.43952853859313856,-0.005998829311395004
609,0.0,1832.298166465223,0.05638217347292126,0.00730800164044597,0.28715122500379847,-0.007281554599550479,0.39381534451633654,-0.006383646897841646
610,0.0,1832.7236201381672,0.0,0.00029359951822224085,0.6676325406073181,0.005628404001478936,0.47596050334363105,-0.002780031628045471
611,0.0,1838.9126209299445,0.06861980115985562,0.00693855158553904,0.194650450152919,-0.006128284813115569,0.3915674873864174,-0.0037845075835665
612,0.0,1842.6288041453613,0.12079968812095798,0.004759967355495008,0.1710148494522308,-0.004688494270255773,0.3254016960061614,-0.004055703589573282
613,0.0,1843.5144263935574,0.0,0.0005300092616884378,0.782579097624755,0.0022661366987057384,0.46255491649173947,-0.0021591515030895754
614,0.0,1844.3293957137307,0.0,0.0008571063421457589,0.6882266305562517,0.0026168031347398226,0.5302564307110931,-0.0007263651117407558
615,0.0,1850.1726333702952,0.05036164204409141,0.009894030422468851,0.18066667342286108,-0.009894030422468851,0.42537950352462345,-0.0034766647049591843
616,0.0,1857.0484094193373,0.005505601546174545,0.013423042081401134,0.6690139497130242,-0.013423042081401134,0.4984698373811437,-0.006460577917891768
617,0.0,1858.839375671465,0.014191380481750088,0.0016046837320061094,0.381677282283067,0.00015953678897808764,0.46343207085172067,-0.0044745435058308105
618,0.0,1866.5791037607753,0.0013046082629884713,0.009208225542182815,0.48153296104054977,-0.009208225542182815,0.4688623379083694,-0.005894648116736411
619,0.0,1869.5007297159686,0.003618655286169327,0.003509112823660549,0.5645664022634215,-0.0011801275832151992,0.49757355721488494,-0.004480291956680048
620,0.0,1876.446747614748,0.0,0.008143933335994703,0.7595971850144556,-0.008143933335994703,0.5761806455547561,-0.005579384370474444
621,0.0,1884.106309051125,0.005405790672154975,0.011057974522140872,0.4114190650613247,-0.011057974522140872,0.5267521714067267,-0.007222961415974372
622,0.0,1891.9276129587126,0.14478870761390844,0.010376815068995297,0.02556174719620592,-0.010181567695897304,0.37639504414357045,-0.008110543299951251
623,0.0,1898.6764491212045,0.0,0.006329034955723374,0.6855621050594918,-0.0061982178927202725,0.4691451624183468,-0.007536845677781957
624,0.0,1906.0642815277022,0.006869277241413007,0.006628799672846414,0.48964486744511443,-0.006628799672846414,0.4752950739263771,-0.007264431876301294
625,0.0,1911.6585120722013,0.018849660293575394,0.004427214744579791,0.3273640297351283,-0.0035010813918382316,0.43091576066900245,-0.006135426730962374
626,0.0,1919.7297200752364,0.09488508617109695,0.009591909813239085,0.18756914500085675,-0.008992257354718982,0.3579117759685587,-0.006992475918089356
627,0.0,1923.6973645793396,0.0,0.0018977729653779105,0.6461778898877542,-0.0015835033755418903,0.4443916101443174,-0.0053697841553251155
628,0.0,1931.7826381464547,0.09594219636001612,0.009372390357857245,0.173067078003002,-0.00933674984367509,0.36299425050192274,-0.006559873861830108
629,0.0,1933.9460760320653,0.08430038576886476,0.0019139549517448143,0.23327495804127668,0.0013596909776845854,0.3240784627637289,-0.0041840044099757
630,0.0,1936.6530185187255,0.014353217432920954,0.002867730244389258,0.5774909066471193,0.0013680719426128226,0.400102195928746,-0.0025183815041991426
631,0.0,1946.3726800853797,0.12726601108576094,0.01578602444079647,0.2129125510737336,-0.01578602444079647,0.34394530247224225,-0.006498674385178341
632,0.0,1953.1612183898392,0.0858608680348903,0.011248695968033802,0.38919951595841673,-0.011248695968033802,0.3575215665180946,-0.00792368086003498
633,0.0,1959.171436196087,0.011046880413173097,0.005481249131914599,0.5990403052850356,-0.0054216812426206365,0.42997718814817687,-0.007173080974810676
634,0.0,1967.5824364424764,0.09576471961935736,0.009179377262355895,0.006833221322994167,-0.008970204576824148,0.30303399810062204,-0.007712218055414718
635,0.0,1972.3366343507992,3.824045949933714e-05,0.0023812809656885165,0.5869710173579583,-0.0021112772079362368,0.3882151038778229,-0.006031935801171173
636,0.0,1975.3321538261696,0.04433524618525893,0.0016113476353433213,0.5147281332388379,0.0020442255590843654,0.4261690126861274,-0.0036090873930945113
637,0.0,1985.3596912070757,0.10750897444687212,0.014457057775955238,0.41620069958134026,-0.014457057775955238,0.42317851875469126,-0.0068634785079527295
638,0.0,1990.620449264126,0.0,0.006951877381113843,0.5770087525841547,-0.006914468313216611,0.4693275889035302,-0.006878775449531893
639,0.0,1995.8903731962844,0.01955874233306035,0.004226305193993884,0.33302292621083196,-0.003542935769148295,0.4284361900957207,-0.005878023545416814
640,0.0,2004.717598190658,0.10081927491876265,0.011067640333910047,0.3655602621478975,-0.010979743330623423,0.4095734117113737,-0.007408539480978796
641,0.0,2007.301352414691,0.0,0.0015650103358798339,0.5933651207665258,0.001048809038114348,0.4647109244279193,-0.004871334925250853
642,0.0,2010.8372528304544,0.0,0.0005506093076417672,0.630744743797707,0.0005537417150645674,0.5145210702388555,-0.003243811933156227
643,0.0,2014.7217876171203,0.0,0.003068546575403506,0.6326778518073967,-0.002883314761203144,0.5499681047094178,-0.0031356627815703015
644,0.0,2022.0787922510085,0.35236613137853723,0.01181746960766321,0.1230201815601144,-0.01181746960766321,0.42188372776462674,-0.005740204829398174
645,0.0,2025.5415602305397,0.0,0.005024585333288833,0.638999256433555,-0.003708609358663132,0.4870183863653052,-0.005130726188177661
646,0.0,2028.7132752026882,0.0025622923163736372,0.002091024697121679,0.6047426035806743,-0.0004145792368450038,0.5223356515299159,-0.0037158821027778637
647,0.0,2030.6891192846047,0.0,0.0005002789388200513,0.7840827534608833,0.0013829930296413474,0.6008597821092061,-0.0021862195630521003
648,0.0,2032.8336650114531,0.00012809561823393342,0.003248152178120148,0.553474552831596,-0.0005060005920801826,0.5866442133259231,-0.0016821538717605247
649,0.0,2034.858432843913,0.019196674609177854,0.0027723999578946152,0.42078372807311704,-0.0018708645281224662,0.5368860677500813,-0.001738767068669107
650,0.0,2037.8314627888408,0.0,0.004749031940386046,0.6821533913536253,-0.004369120140987038,0.5804662648311445,-0.002527872990364486
651,0.0,2043.9144504219312,0.032480815947264194,0.01075634716447637,0.49428886365355795,-0.01075634716447637,0.5546130444778685,-0.004996415242598052
652,0.0,2048.572916573084,0.006981405135188086,0.006863752814830101,0.45770319681916016,-0.006863752814830101,0.525540090180256,-0.005556616514267665
653,0.0,2056.0711981584595,0.22145352394459353,0.010186542492142904,0.2281318279648801,-0.01018529507039833,0.43631761151564324,-0.0069452200811068645
654,0.0,2059.323711265979,0.0,0.0023431250330031277,0.8431888544746717,-0.0006985426015908311,0.5583789844033518,-0.005071216837252054
655,0.0,2061.7955364051513,0.0,0.00022202864410129347,0.7631574277075961,0.0022962692460962012,0.619812517394625,-0.0028609710122475774
656,0.0,2070.311649522684,0.19122352380728677,0.012340177663878446,0.25536437042380183,-0.012340177663878446,0.510478073303378,-0.005704733007736837
657,0.0,2076.0499433473174,0.09562737446160531,0.008736903454906169,0.394514497640405,-0.008736903454906169,0.4756890006044861,-0.006614384141887636
658,0.0,2086.700984090787,0.1796591158947543,0.015971638659924757,0.18374118292412567,-0.015971638659924757,0.38810465530037797,-0.009421560497298772
659,0.0,2086.3294472796183,0.0,0.00040280786311133136,0.7233780384525687,0.008056583525122105,0.4886866702460351,-0.004178117290572509
660,0.0,2084.424171753795,0.0,0.0,0.5994203595655875,0.013957537750593066,0.5219067770419008,0.0012625792217771633
661,0.0,2086.41489750916,0.0,0.0015662232270044609,0.772309089451992,0.00015225271976162857,0.5970274707649281,0.0009294812711725028
662,0.0,2089.790567822779,0.10202235035545583,0.008534928116045852,0.3895978838348308,-0.008386561562356102,0.534798594685899,-0.0018653315788860784
663,0.0,2089.964584056552,0.03848753928310828,0.002509196077728573,0.20857725165646027,-0.0012530213287125255,0.4369321917770673,-0.0016816385038340123
664,0.0,2091.694405805566,0.0,0.003141151675272776,0.8510600632696612,-0.00159067331144586,0.5611705532248454,-0.0016543489461175666
665,0.0,2096.3179119913348,0.07974476170251396,0.007825416273486515,0.1563224864887194,-0.007811666572770309,0.4397161332040076,-0.003501544234113389
666,0.0,2098.9855487624477,0.0,0.0041656961243312215,0.7181025764848745,-0.0036883987778579355,0.5232320661882677,-0.003557600597236753
667,0.0,2106.022085239657,0.0025622923163736372,0.010863848532343066,0.6102832881953151,-0.010863775725432817,0.5493474327903819,-0.005749453135695572
668,0.0,2110.573941400811,0.0,0.0055797119313581185,0.7671244960127125,-0.005537639166294756,0.614680551757081,-0.005685908944875327
669,0.0,2113.2643811323546,0.011600670080812009,0.0019832758346919554,0.4279055576796336,0.0006208437816696169,0.5586480535338467,-0.0037938831269118435
670,0.0,2122.2611291776266,0.2665783285892683,0.01266232481311671,0.1021486737502063,-0.01266232481311671,0.4216982395987546,-0.006454415632773303
671,0.0,2129.7333159239834,0.1773825383867003,0.011346160146345088,0.09358112882823483,-0.011346160146345088,0.3232631063675986,-0.007921938986844838
672,0.0,2136.6080474697555,0.07051321151249527,0.007268926978434685,0.2488717304749973,-0.007268926978434685,0.30094569359981815,-0.007726035384321792
673,0.0,2147.966331264125,0.19689460444494727,0.015089153319293456,0.15952555436385338,-0.015089153319293456,0.2585196518290287,-0.00993497076481329
674,0.0,2156.6349368754604,0.10731980660239647,0.00959768438307811,0.31263589576642664,-0.00959768438307811,0.27475452501024805,-0.009833784850292735
675,0.0,2161.8164821063137,0.0,0.001517343145007538,0.7778280068497393,-3.621698216869004e-05,0.42567656956209543,-0.006894514489855522
676,0.0,2168.3778811435113,0.0,0.003359841108956826,0.6162905117035641,-0.003138784004696078,0.482860752204536,-0.005767795344307688
677,0.0,2175.510735564258,0.010118386032067807,0.007579957669021704,0.6081685262638088,-0.007438002643610231,0.5204530844223179,-0.006268857534098451
678,0.0,2179.959441687646,0.008602303341755406,0.00338554666705309,0.6291296996483194,-0.002998815209484037,0.5530560689901183,-0.005287844836714127
679,0.0,2188.6796865332626,0.14397155694315777,0.011416789962151357,0.10479179561568838,-0.011416789962151357,0.4185767869777893,-0.007126528374345296
680,0.0,2193.2410243281065,0.0,0.003798072303554782,0.5997029644963471,-0.0036976766854172056,0.4729146402333566,-0.006097872867666869
681,0.0,2195.2969278146343,0.0,0.002573460480221355,0.7907836599785374,0.003394412829163296,0.5682753461569108,-0.003250187158617819
682,0.0,2198.7044069785184,0.0,0.0015226301718008638,0.675546161928684,-0.0006115395559960335,0.6004565908884427,-0.0024585928778312833
683,0.0,2202.0073986512994,0.0,0.003850770093644467,0.6718175058486862,-0.0033931796581573143,0.6218648653765158,-0.0027389689119290926
684,0.0,2203.444423859827,0.0,0.0022637666290215423,0.9548749070541959,-0.0003186445653617253,0.7217678778798198,-0.0020128716079588823
685,0.0,2208.9955024883143,0.11414810346635183,0.008646902417476033,0.3235668336190469,-0.008627784875756153,0.602307564601588,-0.003997345588298063
686,0.0,2212.7273838605192,0.0,0.005553051839929838,0.7349040581881372,-0.005511455534290805,0.6420865126775528,-0.004451578572095886
687,0.0,2220.0836994514257,0.20940519872523458,0.010976273386073704,0.1962423342062625,-0.010976273386073704,0.5083332591361657,-0.006408987016289231
688,0.0,2224.2043219145717,0.0013040290419116614,0.003782557483170268,0.5158524196621251,-0.0036805279932756634,0.5105890072939535,-0.005590449309385161
689,0.0,2227.903399728614,0.021562266884046725,0.0026162155762459076,0.4873250247621107,-0.0007974485827300013,0.5036098125344006,-0.004152549091388612
690,0.0,2232.5185870938058,0.0,0.0036549241648404984,0.6449643563855819,-0.0036185661013968633,0.546016175689755,-0.0039923541943910875
691,0.0,2240.6577755559497,0.1031551461332526,0.012464722567837776,0.21174237643928118,-0.012464722567837776,0.44573403591461286,-0.006534064706425094
692,0.0,2246.8575531038678,0.009495004154639448,0.008485248242904392,0.6127153058543191,-0.008485248242904392,0.4958284168965247,-0.007119419767368882
693,0.0,2256.4890846462094,0.22212272230504831,0.012962730820377539,0.07276321885038106,-0.012962730820377539,0.3689088574826816,-0.008872413083271479
694,0.0,2265.9459794976437,0.15994343362573699,0.011916118137676485,0.22519269342130313,-0.011916118137676485,0.325794008264268,-0.00978552459959298
695,0.0,2281.135522781291,0.4212356240684077,0.021995054687540715,0.00405576298222293,-0.021995054687540715,0.22927253467965447,-0.013448383625977299
696,0.0,2292.688769536274,0.17381868924590163,0.013315659963889954,0.3235859111930108,-0.013315659963889954,0.2575665476336613,-0.013408566527351095
697,0.0,2299.299157786652,0.0,0.0007043353097966828,0.6793834014650985,0.0007957810274125569,0.38411160378309245,-0.009147262260921999
698,0.0,2309.5788139983,0.029242888685482887,0.007067557714071897,0.4883821556187186,-0.007067557714071897,0.4153927693337803,-0.008523350896866969
699,0.0,2312.211858473957,0.0,0.0002774118708167862,0.825051246237736,0.0043980284848780336,0.5382903124049669,-0.004646937082343467
700,0.0,2317.8864686977745,0.08194350022252642,0.0034374057331976304,0.46060577088362126,-0.002749991736953364,0.5149849499485633,-0.004077853478726436
701,0.0,2329.3978834306918,0.28984797639414295,0.018971644004521723,0.1773337741907257,-0.018971644004521723,0.41368959722121196,-0.008545990636465021
702,0.0,2335.029757987906,0.0,0.007129225010671432,0.69578113332129,-0.007129225010671432,0.4983170580512354,-0.008120960948726944
703,0.0,2345.6084513318033,0.19785186534427687,0.012798497513936786,0.2655095187254743,-0.012798497513936786,0.42847479625350704,-0.009524221918289897
704,0.0,2353.1545493536605,0.0,0.006984377217182186,0.6790606540258267,-0.006864860644016895,0.5036505535852029,-0.008726413536007996
705,0.0,2365.379717232884,0.09122979729882089,0.015184434686164292,0.41927342865137407,-0.015184434686164292,0.47833741610505426,-0.010663819881054883
706,0.0,2373.853842518079,0.08090795317362619,0.008642666362229866,0.33854146543394875,-0.00812008774910451,0.4363986309037226,-0.009900700241469771
707,0.0,2380.2986949147116,0.046371031817081715,0.0027215461017016974,0.20298916496547179,-0.001906100940158433,0.36637579112224733,-0.00750232045107637
708,0.0,2386.043082078233,0.0,0.002730448722886707,0.7262820583675196,-0.0013416471536761264,0.474347671295829,-0.005654118461856297
709,0.0,2394.2069211195467,0.0,0.008957492596954804,0.46967327762647326,-0.008957492596954804,0.4729453531950223,-0.006645130702385848
710,0.0,2397.4061193408334,0.0,0.0023191730715825132,0.712774940351487,-0.0004984091173143804,0.5448942293419617,-0.004801114226864408
711,0.0,2401.1372292455417,0.0,0.001429124688483218,0.5946554016249858,-0.0006510880603708961,0.5598225810268689,-0.003556106376916354
712,0.0,2406.16944965462,0.0,0.00548961914691771,0.6028832997239861,-0.005334460766892008,0.572740796636004,-0.00408961269390905
713,0.0,2410.327642133367,0.0,0.004820921466748979,0.8155699460365613,-0.004788222992521648,0.6455895414561711,-0.004299195783492829
714,0.0,2416.6798732516586,0.0,0.00879466844930657,0.6774379066114243,-0.00879466844930657,0.6551440510027471,-0.005647837583236951
715,0.0,2421.547498140418,0.09434800806308806,0.005430345519009467,0.4305476164890226,-0.005427229677808865,0.5877651206486297,-0.0055816552116085254
716,0.0,2424.619916062029,0.0009745752572769129,0.0013567600208159263,0.712840317617601,-0.00028513755366703044,0.6252876797393211,-0.0039926999142260765
717,0.0,2427.055802833124,0.0,0.0016201073300852397,0.7519929033773228,0.0009058225687374033,0.6632992468307215,-0.002523143169337032
718,0.0,2431.3640925786854,0.0,0.0047803772388158115,0.6866730302647749,-0.004711410260545659,0.6703113818609375,-0.00317962329669962
719,0.0,2431.87614780832,0.0012424809700102804,0.001698077164073695,0.47602444767732893,0.0016939767103483264,0.6120253016058549,-0.0017175432945852357
720,0.0,2437.1859110973332,0.07482460140793526,0.007678334947440755,0.29409889617783924,-0.007678334947440755,0.5166473799774501,-0.003505780790441891
721,0.0,2439.0911255938913,0.0,0.0030325796275361594,0.8468476519299245,-0.0020340150697000523,0.6157074615631924,-0.0030642510742193395
722,0.0,2445.834185318021,0.12909348817286107,0.010268508973801747,0.4195122680510511,-0.010268508973801747,0.5568489035095501,-0.005225528444094062
723,0.0,2454.431233873216,0.12684388963733143,0.01450085926917431,0.08087225205684781,-0.01450085926917431,0.4140559080737394,-0.008008127691618135
724,0.0,2458.5170769885217,0.0,0.003520539445621725,0.8810338458701489,-0.0027352423738043266,0.5541492894126623,-0.006426262096273992
725,0.0,2468.7272347058483,0.13119925103917113,0.012661601311649858,0.35611281410278434,-0.012661601311649858,0.49473834681969886,-0.00829686386088675
726,0.0,2475.215511880019,0.07480464633193959,0.006477518435033761,0.43275505613615856,-0.006477518435033761,0.4761433596146367,-0.007751060233130854
727,0.0,2482.2719639467396,0.0,0.0057354144408640366,0.6195955094953806,-0.0057354144408640366,0.5191790045788598,-0.007146366495450808
728,0.0,2484.1863319116096,0.0,0.00013471477809448814,0.9058616632491524,0.004383519753343235,0.6351838021799475,-0.0036874006208125953
729,0.0,2489.253073383227,0.000691413120854776,0.0038580740779131286,0.7097548150165031,-0.0029579379405742456,0.6575551060309142,-0.00346856181674109
730,0.0,2492.7270484594956,0.024821300643538546,0.0038146611866115327,0.5085215843527349,-0.0032518823531826786,0.6128450495274603,-0.0034035579776735664
731,0.0,2500.3695881208523,0.0845738007566214,0.012346451716262518,0.1437413631069435,-0.012167057486317464,0.4721139436013052,-0.006032607830266735
732,0.0,2502.633240664755,0.0,0.0036715852477095857,0.7127378866593672,-0.0009192112467917344,0.5443011265187238,-0.004498588855224235
733,0.0,2507.4760546565403,0.2352376955845227,0.0045385362614876875,0.05964824557090631,-0.0036177881240593156,0.3989052622343785,-0.004234348635874759
734,0.0,2514.532117303117,0.22867029652829168,0.009837669263014022,0.056592541194822626,-0.009837669263014022,0.2962114459225117,-0.005915344824016538
735,0.0,2517.4484949418948,0.007772734008722076,0.0029202629189451486,0.5283851682577926,-0.0014185342174178176,0.36586356262309594,-0.004566301642036921
736,0.0,2519.8974088005248,0.0003780168780812022,0.002302206820548652,0.5635043877177701,0.001250176221290491,0.42515581015149817,-0.0028213582830386975
737,0.0,2519.6112709400954,0.0,0.0004448559529808395,0.8769315646932573,0.00547024134814328,0.5606885365140258,-0.0003338783936841041
738,0.0,2520.6276103137884,0.048628131250195446,0.003009861284995969,0.4588819513903258,0.0008354527827083866,0.5301465609769158,1.6920959233643112e-05
739,0.0,2526.052506151976,0.10891136745820379,0.010954781376105147,0.1932378898182122,-0.010954781376105147,0.4290739596293047,-0.003274589741367994
740,0.0,2527.5965557848026,0.0,0.004492271951676332,0.6332183940466338,-0.003097954828367407,0.4903172899545034,-0.003221599267467818
741,0.0,2531.931151378591,0.2033322023902841,0.006780013660550841,-0.06062704935302455,-0.005485143203656395,0.325033988162245,-0.003900662448324391
742,0.0,2535.187308289475,0.0,0.003400995389047923,0.8287001733683046,-0.003265300058714845,0.47613384372406287,-0.003710053731441527
743,0.0,2538.7597350518868,0.0,0.003969137692979901,0.6510560536763373,-0.003224780132543433,0.5286105067097452,-0.0035644716517720986
744,0.0,2544.6086952044034,0.03170319425189447,0.008176542999712407,0.5277331677654824,-0.008172174695334222,0.5283473050264663,-0.004946782564840735
745,0.0,2547.8511857265335,0.0,0.004481170879040229,0.6684564006344369,-0.0028360813436399544,0.5703800337088575,-0.004313572198480501
746,0.0,2549.0261973920256,0.019546415104208813,8.175236117451662e-05,0.37280816518520976,0.0028846897102034873,0.5111084731517631,-0.0021540936258753044
747,0.0,2552.148809462548,0.0,0.002243252589405074,0.6630865870250722,-0.0019223835390921836,0.5567019073137558,-0.0020845805998403683
748,0.0,2554.9537498754553,0.00721113647631412,0.004408252525269141,0.6216078143290603,-0.0035129208082763158,0.5761736794183472,-0.0025130826623711525
749,0.0,2553.048006639815,0.0,4.534095666212888e-05,0.7334785990055829,0.00624644831001666,0.6233651552945179,0.00011477662934519122
750,0.0,2553.1106584301115,0.014238137315837467,0.000696220931193096,0.4075662404432292,0.0024824875172953635,0.5586254808391312,0.0008250898957302428
751,0.0,2553.210540156713,0.00026730066581259277,0.0021240760144819746,0.5831737152128527,-0.0003620246649759169,0.5659899511512476,0.0004689555275183948
752,0.0,2560.7028802411214,0.3045533856772579,0.016488050297551033,0.19134433314585092,-0.016488050297551033,0.4535962657496286,-0.004618146220002433
753,0.0,2567.557629078449,0.19169363383489546,0.014576799326429826,0.23576933402297057,-0.014576799326429826,0.38824818623163115,-0.007605742151930651
754,0.0,2572.91833444117,0.03400702081470904,0.006096454109344075,0.5159308211268125,-0.006040661270170207,0.42655297670018555,-0.007136217887402516
755,0.0,2580.475430925542,0.06888617571474505,0.007588973092471992,0.2084315690140279,-0.0075239605222048285,0.3611165543943382,-0.007252540677843209
756,0.0,2586.6427627513726,0.005327091635053918,0.00543745809539644,0.5247441996715998,-0.005112858476192398,0.41020484797751666,-0.006610636017347965
757,0.0,2595.4911043099746,0.0964659426422319,0.010603871873611241,0.33757537487596695,-0.010603871873611241,0.38841600604705173,-0.007808606774226947
758,0.0,2603.1479224480972,0.02801219886002103,0.00874143180798748,0.5374710627501152,-0.008740266654092646,0.43313252305797073,-0.008088104738186656
759,0.0,2609.4997057647865,0.030932453833244243,0.0062946354231366766,0.31670204199684254,-0.004761912155857139,0.39820337873963224,-0.0070902469634878005
760,0.0,2617.030306959625,0.012388658605449406,0.006968216430156855,0.36016736247769443,-0.006968216430156855,0.38679257386105087,-0.007053637803488517
761,0.0,2625.3278310204164,0.0,0.009632223120584543,0.7005334740869263,-0.009606932964538016,0.48091484392881345,-0.007819626351803366
762,0.0,2626.2434597814786,0.0,0.0006133851929929423,0.7285051137143794,0.005765797224413839,0.5551919248644832,-0.003743999278938204
763,0.0,2630.8048016348434,0.004255481686807075,0.003107686717755514,0.43056958815784474,-0.0012013514414261947,0.5178052238524917,-0.0029812049276846013
764,0.0,2633.9654198647763,0.0,0.0031599375581280683,0.7521412014695089,-0.0025604051914795973,0.5881060171375969,-0.0028549650068231
765,0.0,2640.6902916671725,0.15804917903911367,0.01078577091336891,0.047702395620392385,-0.01078577091336891,0.42598493068243554,-0.005234206778786842
766,0.0,2641.879916073646,0.0,0.002561175319007157,0.7068252235893363,0.0007136296510697102,0.5102370185545058,-0.003449855849829876
767,0.0,2645.459189539564,0.0,0.002959708571936803,0.8302287289023796,-0.0018607769990165778,0.606234531658868,-0.0029731321945858868
768,0.0,2651.153875411196,0.031565910939075174,0.008146448547553036,0.4258135824877498,-0.008146448547553036,0.5521082469075325,-0.0045251271004760315
769,0.0,2653.989869015171,0.022637254551474452,0.003367706200693343,0.5757139442982562,-0.0026227603430663982,0.5591899561247495,-0.003954417073253141
770,0.0,2659.1329936678108,0.0,0.006127134862452876,0.8687270023394744,-0.00583640158528565,0.652051069989167,-0.004519012426862894
771,0.0,2666.0432475348402,0.05443887462832146,0.010088885587220311,0.2596716280087108,-0.010088885587220311,0.5343372373950301,-0.006189974374970118
772,0.0,2671.629742692802,0.0,0.006673311368814977,0.8277041905705599,-0.006673311368814977,0.622347323347689,-0.0063349754731235755
773,0.0,2675.847005182627,0.0,0.0032731395328390723,0.794885941155429,-0.0020741162351607403,0.6741089086900109,-0.005056717701734725
774,0.0,2681.4161240169906,0.004209998497189186,0.005344372889374576,0.561055914072618,-0.004792701549515255,0.640193010304793,-0.004977512856068884
775,0.0,2686.650589426063,0.013305161129006987,0.005703926792259285,0.32487476737277055,-0.00543032562725704,0.5455975374251862,-0.0051133566874253305
776,0.0,2689.5428889371315,0.0,0.0027253609027612052,0.8769315646932573,-0.0006276582276774857,0.6449977456056075,-0.0037676471495009765
777,0.0,2695.1737002964205,0.15734213848947767,0.0072433230873269,0.03630838482230067,-0.006247458484554823,0.46239093737061543,-0.00451159055001713
778,0.0,2700.0967544921114,0.02255688687530669,0.006376252429869334,0.4663291756610248,-0.006143747520709227,0.4635724088577382,-0.005001237641224759
779,0.0,2703.6833993918444,0.031975573618218976,0.002752135359456936,0.3978558932420676,-0.00256421848312444,0.443857454173037,-0.004270131893794662
780,0.0,2711.426853180105,0.1378369248462529,0.01074465068702531,0.33011486848604543,-0.01074465068702531,0.4097346784669395,-0.006212487531763856
781,0.0,2716.988515426233,0.04947508422861943,0.006880765230220317,0.4426350467562622,-0.006879888642906912,0.4196047889537363,-0.006412707865106773
782,0.0,2722.371304278678,0.0,0.004564128012945183,0.5522105693380476,-0.004475606102627934,0.4593865230690297,-0.005831577336363121
783,0.0,2731.2679227079643,0.1576313316686474,0.011611735312511725,0.2296718382536963,-0.011611735312511725,0.3904721176244297,-0.007565624729207701
784,0.0,2737.1781137645416,0.0013040290419116614,0.006663020991050731,0.5774650387801837,-0.005923103945440629,0.44656999397115593,-0.007072868494077579
785,0.0,2741.1636132602016,0.04648716119290678,0.0010392732613780915,0.4885501268062141,-0.00012756200244621254,0.45916403382167337,-0.004989276546588169
786,0.0,2744.357018313382,0.0004553693345490983,0.0017465976279387935,0.6298190893449201,0.0009225306766464716,0.5103605504786474,-0.003215734379617776
787,0.0,2754.0252070356205,0.20041621590210285,0.014810907836149903,0.28317465939033143,-0.014810907836149903,0.4422047831521526,-0.006694286416577414
788,0.0,2759.6146750346566,0.012547568000840318,0.008016073085198907,0.43475728906347905,-0.008016073085198907,0.4399705349255505,-0.007090822417163862
789,0.0,2766.7138536315883,0.015216861003329552,0.007650390189132363,0.5548874599471795,-0.0075212894589582625,0.47444561243203914,-0.007219962529702181
790,0.0,2769.937045811589,0.0,0.0016460468581055397,0.639969905167009,0.0009721214149481882,0.5241029002525301,-0.00476233734630707
791,0.0,2775.6085334090867,0.03098392844811532,0.005293374128393451,0.5815673199570752,-0.004096374136916668,0.5413422261638936,-0.0045625483834899495
792,0.0,2781.120539114993,0.01783829150408086,0.0063362133127447175,0.5603799828628404,-0.0063324709689228965,0.5470535531735776,-0.005093525159119833
793,0.0,2787.450562215972,0.10369529659787514,0.008893949062631908,0.40002589325164617,-0.008222663345941007,0.5029452551969982,-0.006032266615166185
794,0.0,2792.1619002802663,0.0,0.004681028294182814,0.7735782976706956,-0.004258187817564175,0.5841351679391074,-0.0055000429758855825
795,0.0,2798.535848837678,0.0,0.006847371003558997,0.8233406726952739,-0.0067662799798146765,0.6558968193659572,-0.005879914077064311
796,0.0,2807.6421188166682,0.13128435940135164,0.0129971879364714,0.2602520199904829,-0.0129971879364714,0.5372033795533149,-0.008015096234886436
797,0.0,2807.3455563412003,0.02661499442483032,1.5297767621886731e-06,0.45928011900049726,0.007076711330619659,0.5138264013874696,-0.003487553965234607
798,0.0,2812.00162725024,0.0,0.0019961723727725516,0.7102034338876325,-0.0012057744006062107,0.5727395111375184,-0.0028030200958460883
799,0.0,2812.6376289513064,0.012787454076238354,0.0006299336665761547,0.441606997293914,0.0024246576738901427,0.5333997569844371,-0.0012347167649252187
800,0.0,2818.7529609966355,0.05936618245054734,0.009769015962723504,0.4488278233444748,-0.009769015962723504,0.5080281768924484,-0.003795006524264704
801,0.0,2822.079747936799,0.05665824754814551,0.005560773437553398,0.3681699357069791,-0.005486517556699298,0.46607070453680755,-0.004302459833995083
802,0.0,2828.146224131338,0.051904355423708005,0.008506091116097597,0.4461965677835543,-0.008506091116097597,0.46010846351083157,-0.005563549218625837
803,0.0,2829.3017184230735,0.0,0.0006266766634498605,0.7514511496684749,0.0023062637700719127,0.5475112693581246,-0.0032026053220165123
804,0.0,2830.4500588808346,0.0,0.00026065458781192584,0.6951611790842785,0.003536429704149947,0.5918062422759707,-0.0011808948141665745
805,0.0,2834.9528202552965,0.007772734008722076,0.007078143008237958,0.6882266305562517,-0.005995501702437462,0.620732358760055,-0.0026252768806478404
806,0.0,2833.6898510819074,0.0,0.0005321340694490532,0.6835324264923173,0.003970671079344724,0.6395723790797336,-0.0006464924926500712
807,0.0,2836.8153081755077,0.005515735115298068,0.004293959829881833,0.46642008799046686,-0.0037497683404660097,0.5876266917529536,-0.0015774752469948528
808,0.0,2839.425800831588,0.0,0.005144046367642788,0.5559083719149719,-0.004699368551698272,0.578111195801559,-0.0025140432384058785
809,0.6004573014222503,2847.0536217331633,0.277163128621067,0.014143338361061852,-0.24758706495904295,-0.014143338361061852,0.3304017175733784,-0.00600283177520267
810,0.0,2848.29402596054,0.0,0.0025505538780640417,0.4822806486568038,0.00028473755693817957,0.37596539689840597,-0.0041165609755604154
811,0.0,2851.17391778354,0.0,0.0010450163691160213,0.7036552815387043,0.00042469850856680536,0.47427236229049546,-0.002754183130322249
812,0.0,2855.9618001920608,0.010299728797606472,0.005592303464502294,0.40837511250824354,-0.005571913037778229,0.45450318735581985,-0.003599502102559043
813,0.0,2861.3346430513834,0.1591713546881586,0.008177827872587095,-0.002691518210713599,-0.008174502608563512,0.3173447756858598,-0.004972002254360383
814,0.0,2868.2525304010505,0.23918820898643173,0.010527164485343183,0.2643179796071846,-0.010455617194376782,0.3014367368622572,-0.006617086736365303
815,0.0,2871.580818384464,0.0011026708755108464,0.0031493458020414107,0.45425277546299203,-0.0014790523364703564,0.3472815484424776,-0.005075676416396819
816,0.0,2876.307809555792,0.027468953020088463,0.004156323040750756,0.5540027993957387,-0.00274361307253638,0.4092979237284559,-0.004376057413238687
817,0.0,2882.194096565919,0.030431260736893985,0.006992386014302509,0.4318324716224626,-0.006793599278467144,0.4160582880966579,-0.005101319972807224
818,0.0,2886.1407470904883,0.0,0.004483811148817548,0.576469498566371,-0.0034512404551946736,0.4641816512375718,-0.004606296117523458
819,0.0,2891.45260516217,0.23746077992807646,0.0062542960989255166,-0.13404896006018122,-0.005560567006099488,0.2847124678482459,-0.004892577384096267
820,0.0,2892.1118903490806,0.00613685395092034,0.0008842418863681573,0.4605674060242829,0.00362857170736069,0.337468949301057,-0.00233623265665918
821,0.0,2897.132137314765,0.007553754556421783,0.00563334168737031,0.6324905826553034,-0.005265070042714151,0.4259754393073309,-0.003214883872475671
822,0.0,2900.9514361805745,0.006066755252952568,0.0054168458358764,0.428137852465447,-0.00538934345839767,0.4266241632547657,-0.0038672217482522706
823,0.0,2900.9304772406026,0.0,0.0008904898528499121,0.7138272386862,0.0035536360649474448,0.512785085884196,-0.0016409644042923559
824,0.0,2904.0234295275623,0.04829088825452325,0.004981015971090595,0.2367908858379118,-0.00234692109322476,0.42998682587031073,-0.0018527514109720768
825,0.0,2904.971818291191,0.03814328928687681,0.0016066639097365716,0.4372113206913569,-0.00018927402763132983,0.4321541743166245,-0.0013537081959698527
826,0.0,2906.5604818653246,0.0,0.0032187392040110546,0.6604043307282778,-0.001323361884848941,0.5006292212401204,-0.0013446043026335791
827,0.0,2910.747583267736,0.05065602250682506,0.008205617494553046,0.4561850254430124,-0.0072569900382785995,0.487295962500988,-0.003118320023327085
828,0.0,2913.813729707546,0.2494748886945741,0.005647555373239212,0.04130877128396334,-0.004857245600055289,0.3534998051358806,-0.003639997696345546
829,0.0,2918.4004712090564,0.011391389294891401,0.006504136704475993,0.42102984179179953,-0.006155794866499954,0.37375881613265627,-0.004394736847391868
830,0.0,2925.868295216197,0.0,0.011583188379208118,0.692328911733144,-0.011583188379208118,0.4693298448128026,-0.006551272306936743
831,0.0,2925.009204643471,0.0,0.0002683226330328383,0.7188280313015628,0.006640592588668179,0.5441793007594307,-0.002593712838255266
832,0.0,2931.411428252872,0.02135525040856529,0.007054351344226182,0.4905906191938508,-0.006405652498266022,0.5281026962897567,-0.003737294736258493
833,0.0,2935.0630162020307,0.0016789762830520377,0.005381652637584177,0.7216329458331455,-0.0047499700735534195,0.5861617711527733,-0.004041097337446971
834,0.0,2941.76695106581,0.103851224903609,0.010011960774297524,0.37064292844798713,-0.00990513656021151,0.5215061183413374,-0.005800309104276332
835,0.0,2944.397252801648,0.000691413120854776,0.0020516100610515875,0.6065113683524997,-0.0010286393438092452,0.5470076933446861,-0.0043688081761362055
836,0.0,2948.0407755659535,0.0013426483424633332,0.002253052370386246,0.46300947855752805,-0.0013666501013429437,0.5218082289085386,-0.0034681607536982267
837,0.0,2952.1193232720293,0.009702367070684838,0.005537231982803965,0.4188031429529322,-0.003801625839445644,0.4909067031218567,-0.003568200279422452
838,0.0,2955.639486912306,0.0,0.00373216684074757,0.7011750589676468,-0.003572331787164766,0.5539872098755937,-0.003569439731745146
839,0.0,2956.351141689961,0.012292285905944726,0.0009970088594774792,0.6718175058486862,0.0023829878264398944,0.5893362986675214,-0.0017837114642896335
840,0.0,2959.417843934931,0.0,0.003830431105016858,0.7380443301579203,-0.0025964753121079914,0.633948708114641,-0.002027540618635141
841,0.0,2960.5852452680247,0.0,0.0029299017600132706,0.9179543764621704,-0.0004895724762003683,0.7191504086188998,-0.001566150175904709
842,0.0,2960.22754994736,0.015737420169917384,0.0007350888887908787,0.319418075092325,0.002922476319792325,0.5992307085609274,-0.00021956222719559878
843,0.0,2961.332798019146,0.0030691947026178696,0.003040041537948129,0.6348969752566636,-0.0006620452901862514,0.6099305885696482,-0.00035230714609279455
844,0.0,2961.7119859087065,0.021020964723088936,0.0038774781007673838,0.33749523917326685,-0.0005465846521693323,0.5281999837507338,-0.00041059039791575586
845,0.0,2964.7816009348885,0.1339737700981455,0.006131317812810085,-0.0031605412237647188,-0.006010936760785765,0.36879182625838425,-0.0020906943067767587
846,0.0,2967.770285375853,0.0,0.005899417669161851,0.5666830421189873,-0.005711615324731918,0.4281591910165652,-0.0031769706121633065
847,0.0,2971.0528712800633,0.002697590545700612,0.005178866527450505,0.43095516942157,-0.004528540288705545,0.4289979845380666,-0.003582441515125978
848,0.0,2973.8926774927886,0.0025220116819262115,0.0028579480414314485,0.3786788171140796,-0.0024576501590432994,0.4139022343108705,-0.0032450041083011746
849,0.0,2979.147255166335,0.037175957669709686,0.007086827591751397,0.3367862044187175,-0.007080118403786652,0.39076742534322456,-0.004395538396946818
850,0.0,2981.3600612364844,0.0,0.002133173328781256,0.7003457488757003,-0.0010466526001254232,0.4836409224029673,-0.0033908726579003996
851,0.0,2984.6850404365805,0.0,0.0025101795941197464,0.7486070299788773,-0.002207067809301864,0.5631307546757403,-0.0030357312033208383
852,0.0,2987.967879737098,0.009213375577465446,0.004226808685969603,0.46805419518400804,-0.003180600723959895,0.5346077868282206,-0.003079192059512555
853,0.0,2993.3269082199986,0.0,0.007874123000103497,0.6513392258438627,-0.007874123000103497,0.5696272185329132,-0.004517671341689837
854,0.0,3000.965640346376,0.27265436391982617,0.012519540080762231,-0.020331223393829437,-0.012518297228723966,0.3926396859548904,-0.0069178591078000755
855,0.0,3007.0183307520915,0.08388624593831737,0.007725997806404588,0.17524579200173626,-0.007615619901488782,0.3274215177689441,-0.007127187345906687
856,0.0,3013.252828372669,0.01596018772030953,0.006230315199794387,0.25103467001259216,-0.005485467332830617,0.30450546344203855,-0.006634671341983866
857,0.0,3016.650685213199,0.0,0.0017877560218415303,0.6334022738048513,0.0006217297067978839,0.4031745065508824,-0.004457751027349341
858,0.0,3022.4534326769603,0.03538643527814843,0.005217324954913567,0.24007097258232604,-0.004992201608797077,0.35424344636031546,-0.004618086201783661
859,0.0,3027.510421647043,0.0,0.005754824888781701,0.8327614690054124,-0.005699482775776581,0.49779885315384453,-0.004942505173981537
860,0.0,3034.469797475398,0.05877188713643981,0.009554977318557095,0.2865386939820339,-0.009482255466632273,0.4344208054023013,-0.006304430261776758
861,0.0,3037.722388718584,0.003464447832213068,0.00365635708280937,0.7376082121329057,-0.00136510427283361,0.5253770274214826,-0.004822632465093813
862,0.0,3041.126392165768,0.0,0.0013566403529409112,0.8114941148897381,-0.00032361597290153036,0.6112121536619592,-0.003472927517436128
863,0.0,3045.2811241444356,0.047318375865871,0.003603549106766514,0.35658946485149967,-0.0034874108245257092,0.5348253470188213,-0.003477272509563002
864,0.0,3048.919986652505,0.0,0.00412411326854245,0.8769315646932573,-0.0038184443732503163,0.6374572123211522,-0.003579624068669196
865,0.0,3053.610618474558,0.019029994141128364,0.0060024492724983485,0.3561221823281005,-0.006000839762288433,0.5530567033232366,-0.004305988776754967
866,0.0,3061.714213811947,0.08373361396327607,0.012974299015664492,0.412274194652369,-0.012974299015664492,0.5108219507219763,-0.006906481848427824
867,0.0,3066.4183548400147,0.0,0.0055582250020890685,0.6236169205528648,-0.005027118755668957,0.5446604416712428,-0.0063426729206001635
868,0.0,3074.214621463264,0.03714610094403233,0.008783692167966574,0.40900729053587437,-0.008783692167966574,0.5039644963306322,-0.007074978694810086
869,0.0,3077.740361686284,0.015052925148564222,0.0023913578925559543,0.41785105863715855,-0.00044355039338272187,0.47813046502259016,-0.005085550204381876
870,0.0,3079.4327437931893,0.0,0.0005208472783245942,0.7364316430272491,0.004055871342890832,0.5556208184239878,-0.0023431237402000635
871,0.0,3084.302027567885,0.0,0.00546068716224191,0.7008449632945718,-0.004749262911876221,0.599188061885163,-0.0030649654917029104
872,0.0,3087.955234801421,0.006228879111038447,0.005666798827646781,0.35814516536806396,-0.005042387611670443,0.5268751929300333,-0.0036581921276931696
873,0.0,3088.576107207619,0.0,0.0012496702450145191,0.8433453589434582,0.0020516128795979222,0.6218162427340607,-0.0019452506255058417
874,0.0,3093.032529248858,0.003872035455829481,0.005411365696965723,0.4762958492281264,-0.005392543676837291,0.5781601246822804,-0.0029794385409052764
875,0.0,3092.8572196890927,0.0,0.0008786227145564873,0.7045609520716939,0.0025156742569497847,0.6160803728991044,-0.001330904701548758
876,0.0,3096.0079535305986,0.003084053954544142,0.003451352240394503,0.6470743976222454,-0.0034049926604636264,0.6253785803160468,-0.0019531310892232185
877,0.0,3096.6487524457457,0.0,0.001012073375489232,0.8933406894008219,0.00013274178627494725,0.7057672130414793,-0.0013273692265737688
878,0.0,3093.728635325853,0.0,8.148930719847006e-05,0.6309739861365807,0.008173395935491521,0.6833292449700097,0.0015228603220458182
879,0.0,3095.1870116196005,0.0,0.003925709889194385,0.8112950658629942,-0.0017190601810444946,0.721718991237905,0.0005502841711187243
880,0.0,3094.2956425657103,0.0,0.0023025170687988187,0.7233476340262097,0.00024777751967590487,0.7222075840743963,0.00045953217568587846
881,0.0,3091.253845854292,0.0,0.00019208852906700059,0.6135581809249859,0.005744716629885958,0.6896127631295732,0.0020450875119459025
882,0.0,3089.0770740343282,0.0,0.00040615829148565836,0.7374540046789495,0.0039710499622544766,0.7039651355943861,0.0026228762470384744
883,0.0,3088.4530055073856,0.0,0.0038236134760923123,0.8543802803554879,-0.0009394432374401953,0.7490896790227166,0.0015541804016948734
884,0.0,3086.670811504969,0.0,0.0019266299998428453,0.6673712670897664,0.0009159838976314051,0.7245741554428315,0.0013627214504758327
885,0.0,3086.151066037657,0.02788782286407326,0.0039716972326124395,0.464242258835595,-0.000592914921967584,0.6464745864606606,0.0007760305387428077
886,0.0,3086.908703017152,0.011315067205307174,0.004057008534304961,0.5072559608317462,-0.0030302464906420295,0.6047089987719863,-0.00036585257007264345
887,0.0,3087.289321506543,0.0,0.0027314987028916964,0.7252437121308968,-0.0015860764736677897,0.6408694127796594,-0.0007319197411511873
888,0.0,3087.9427699644543,0.0005984379198039019,0.0017020854933703254,0.6516822373017023,-0.0009497578709416439,0.6441132601362722,-0.0007972711800883242
889,0.0,3091.7183700231085,0.1767310301670269,0.007479264765012012,-0.00663125240301743,-0.007070197425993856,0.4488899063744853,-0.0026791490538599838
890,0.0,3093.5963589989547,0.0,0.003145111006647111,0.6278043195253122,-0.0029703550098425418,0.5025642303197333,-0.002766510840654751
891,0.0,3096.197731454509,0.0,0.003998314215544336,0.6608218492375678,-0.0025134743996063575,0.5500415159950836,-0.0026905999083402326
892,0.0,3101.243198235866,0.09402528306224044,0.007517498672631514,0.07161255050089173,-0.007517498672631514,0.40651282634682595,-0.004138669537627617
893,0.0,3100.561925733006,0.0,0.0016152505860800388,0.6725610806797222,0.00439447051621379,0.4863273026466948,-0.0015787275214751949
894,0.0,3104.3766820781893,0.03766686713998851,0.0037165393362177824,0.40037327044723564,-0.003570514637374032,0.4605410929868571,-0.002176263656244846
895,0.0,3103.8141302725144,0.026405692945751465,0.00023595032154802295,0.39023651205832244,0.002907168415702567,0.43944971870829663,-0.000651234034660622
896,0.0,3106.1420430678663,0.0,0.002874005933070163,0.6875367750630473,-0.0025557422636172415,0.5138758356147218,-0.0012225865033476079
897,0.0,3106.4316472996734,0.0,0.002077416789199229,0.7456585670327316,0.00012596774081218782,0.5834106550401247,-0.0008180202300996691
898,0.0,3106.3072629316707,0.025957993639831787,0.0023933331764105195,0.3651584964961823,0.001566745883914,0.517935007476942,-0.0001025903958955684
899,0.0,3109.835114577053,0.027569703984225497,0.00729590712381894,0.3969646669969617,-0.00649331192169711,0.4816439053329479,-0.0020198068536360306
900,0.0,3111.79552521916,0.0,0.004105900807238457,0.7256070496163148,-0.003893165223095983,0.5548328486179579,-0.002581814364474016
901,0.0,3112.8344611231255,0.0,0.0027478454602571033,0.5195847449117147,4.709127112909878e-05,0.544258417506085,-0.0017931426737930816
902,0.0,3113.5379362838835,0.00024143279887690024,0.0011765123273931597,0.5819056634707838,0.0012985309894887266,0.5555525912954946,-0.0008656405748085392
903,0.0,3113.725639804651,0.010960336162003996,0.0013269713157926537,0.47615917052702944,0.0015128763075520108,0.531734565064955,-0.00015208551010037415
904,0.0,3114.724454364902,0.10007207198357243,0.0022184397122076687,0.12500317988393694,-0.0011728178388430508,0.4097151495106496,-0.0004583052087231771
905,0.0,3117.8334495880654,0.025961935357650748,0.0063356239928900075,0.4823180428901118,-0.006299554924872046,0.4314960175244882,-0.002210680123567838
906,0.0,3119.021363345971,0.08287700586417907,0.0027796633265974083,0.2412149918734697,-0.0019053073980680496,0.3744117098291826,-0.0021190683059179012
907,0.0,3123.5731885575287,0.12424509270774485,0.0070918828826150426,0.1996932718034166,-0.0070918828826150426,0.3219961784214528,-0.003610912678927044
908,0.0,3125.822834180048,0.009375093259658311,0.003082321163456613,0.5770196703934585,-0.002328944199962222,0.39850322601305443,-0.0032263221352375974
909,0.0,3127.0259395838916,0.0,0.0008250720772358788,0.4507568778121721,0.001389327871509606,0.4141793215527897,-0.0018416271332134361
910,0.0,3130.8694029051335,0.028179793860238365,0.005052766794581717,0.6073633410616676,-0.00456972856449699,0.47213452740545303,-0.002660057562598502
911,0.0,3133.6255814717833,0.05714672537771095,0.00386637070628094,0.4832841684469222,-0.0037128413516484466,0.47547941971789376,-0.0029758926993134855
912,0.0,3132.9390379564397,0.0,0.0001735280519306646,0.7392290722871006,0.004325187813810369,0.5546043154886557,-0.0007855685453763291
913,0.0,3138.027686329889,3.867622823394803e-05,0.007682368796666349,0.6266924129028808,-0.00746873052684361,0.5762307447129232,-0.002790517139816513
914,0.0,3138.98917883025,0.004431628882407051,0.0018036711665296787,0.50452462269389,-0.0010685372601585337,0.5547189081072132,-0.0022739231759191193
915,0.0,3138.4331796166884,0.0,0.00033985604727043895,0.8362432286373889,0.004159867181225018,0.6391762042662659,-0.000343786068775878
916,0.0,3142.709986622157,0.0,0.006568725878592273,0.8646247211625829,-0.0065270202002782425,0.7068107593351609,-0.002198756308226587
917,0.0,3145.3791226141243,6.674601285958583e-05,0.00513024703336563,0.6097389364852578,-0.0051109746487802915,0.67768921248019,-0.0030724218103926984
918,0.0,3149.950601523581,0.06165989058545194,0.007105525664865893,0.39680663041626896,-0.007105525664865893,0.5934244378610136,-0.004282352966734656
919,0.0,3153.331975095207,0.0,0.003922402543907065,0.7661699729171885,-0.003665657514780239,0.645248098377866,-0.004097344331148331
920,0.0,3159.3389736447334,0.0,0.00788369384971331,0.8687270023394744,-0.007883073290700385,0.7122917695663484,-0.005233063019013946
921,0.0,3159.013136184687,0.06363433792380134,0.00031152592925115546,0.37264642264991066,0.0051649393458344335,0.6103981654914171,-0.0021136623095594324
922,0.0,3163.435610254645,0.14448515508103787,0.004764371509741179,0.2749392832505349,-0.003674311071373228,0.5097605008191525,-0.002581856938103571
923,0.0,3164.435972070281,0.011965674835884418,0.0009668863843347147,0.36097165687739846,0.0002252218289697741,0.4651238476366263,-0.0017397333079815672
924,0.0,3168.679646331584,0.016843349484744592,0.006085660345419671,0.4041300751135076,-0.0060790648460241565,0.44682571587969067,-0.003041532769394344
925,0.0,3169.975188835177,0.01448466264856144,0.0019772386968718086,0.6733359859898621,-0.0007600941546131804,0.5147787969127421,-0.0023571011849599943
926,0.0,3170.4609368941187,0.00013719397143200458,0.001174136777807394,0.5425976931262863,0.0022545007280307503,0.5231244657768053,-0.0009736206110627707
927,0.0,3175.279954569733,0.032655014870968696,0.00757606562193196,0.48740671509911376,-0.00754373889773582,0.5124091405734978,-0.002944656097064685
928,0.0,3172.9101535115583,0.0,0.001361542261383858,0.8478086901163536,0.006073967678431538,0.6130290054363545,-0.0002390689644158181
929,0.0,3176.012235282075,0.0,0.0035993289805402126,0.6413014777407888,-0.0033853590472826024,0.6215107471276848,-0.0011829559892758534
930,0.0,3182.6100594481136,0.179296703906984,0.013447147008427867,0.19411434032943317,-0.013447147008427867,0.49329182508820935,-0.0048622132950214576
931,0.0,3180.358427375626,0.0,0.0010019071244913396,0.8525752822407692,0.006125738193803587,0.6010768622339773,-0.001565827848373944
932,0.0,3183.0824228022966,0.005614990006867296,0.0018543681992277258,0.5636309287948041,-0.0005449421295675527,0.5898430822022253,-0.0012595621327320266
933,0.0,3182.559838339226,0.028502999764724715,0.0003585539130251843,0.4067369255348394,0.0027722700623165914,0.5349112352020094,-5.0012474217441135e-05
934,0.0,3185.2424234494324,0.0698235845103569,0.005599142548045392,0.3443272314284656,-0.004274591238241944,0.4777360340699463,-0.0013173861034247918
935,0.0,3183.971927056716,0.004209998497189186,0.0019046787849951534,0.4708662196465918,0.0027538548997779514,0.4756750897429399,-9.60138024639688e-05
936,0.0,3187.4720456967,0.003782211662069194,0.0066060328588700016,0.4152331790359399,-0.005915636067129844,0.4575425165308399,-0.0018419004818637315
937,0.0,3185.181592060877,0.0,0.0003759614067648745,0.7675692285202529,0.004948538638943002,0.5505505301276638,0.00019523125437828875
938,0.0,3187.372306223939,0.002098645849303127,0.003000859441622201,0.7374540046789495,-0.0026534761400369505,0.6066215724930495,-0.000659380963946283
939,0.0,3191.6689629446123,0.08190474132542412,0.009265690456511292,0.4093199066088022,-0.009127259851215305,0.5474310727277752,-0.0031997446301269892
940,0.0,3196.0905748126684,0.006523315516706328,0.008406225521639641,0.4763779669680787,-0.008391513528084224,0.5261151409998662,-0.004757275299514159
941,0.0,3199.393490072921,0.0003959388448399873,0.004261953565689423,0.7211398904930985,-0.003349786331663634,0.5846225658478359,-0.004335028609159001
942,0.0,3201.5858798840122,0.0,0.0015439263140072054,0.7027309786686452,0.0005686425226026173,0.6200550896940786,-0.0028639272696305155
943,0.0,3207.7347506494734,0.00013899860347129137,0.008727125849313259,0.7148052953239011,-0.008175162323937115,0.6484801513830254,-0.0044572977859224944
944,0.0,3209.055271148128,0.0,0.0015771192093643163,0.6824618268060009,0.00041789394141580086,0.658674654009918,-0.002994740267721006
945,0.0,3216.7509048383686,0.08999963858900878,0.011264770816510075,0.38468718965163334,-0.011264770816510075,0.5764784147024326,-0.005475749432357726
946,0.0,3215.8283447381714,0.0,0.00027686666973589886,0.8378100886191368,0.005269677547301678,0.6548779168774438,-0.002252121338459905
947,0.0,3222.0050198691556,0.0012264441550949945,0.007070329141741518,0.49776828413622326,-0.007070329141741518,0.6077450270550776,-0.0036975836794443887
948,0.0,3221.114321849656,0.0,0.0007289991494003988,0.8153973470398858,0.004355646588163051,0.67004072305052,-0.0012816145991621567
949,0.0,3225.331045242875,0.009469566813933314,0.005370290900747598,0.439808717025334,-0.004879790128152838,0.6009711212429641,-0.002361067257859361
950,0.0,3228.164387650705,0.0,0.004873637540614688,0.6480596242059558,-0.004469403673107596,0.6150976721318616,-0.0029935681824338313
951,0.0,3231.48449397894,0.017703903200464045,0.004983896439577283,0.6472038187873381,-0.004332711115951253,0.6247295161285046,-0.0033953110624890576
952,0.0,3232.257767817922,0.0,0.0015685764485143404,0.8865860175322857,0.001648784319759812,0.7032864665496389,-0.0018820824478143967
953,0.0,3238.0805227487367,0.0,0.008515536980446249,0.5950522591899593,-0.008515536980446249,0.670816204341735,-0.0038721188076039524
954,0.0,3241.267254342501,0.021783247654497538,0.0049605768500254905,0.6072108916710243,-0.004517183320219792,0.6517346105405217,-0.004065638161388704
955,0.0,3247.383427579119,0.07695213137680318,0.008749797460676893,0.19501593013180146,-0.00853916889497524,0.5147190064179057,-0.005407697381464665
956,0.0,3254.5359480478596,0.3350741715332643,0.01045350289315779,-0.17692181893548803,-0.010440723834202116,0.30722675881188755,-0.0069176053172859
957,0.0,3262.7400476224366,0.11151657087957295,0.011170622453123528,0.42392745373290447,-0.011170622453123528,0.34223696728819264,-0.008193510458037187
958,0.0,3274.126202141691,0.1799615336119447,0.016173920107188128,0.18805341234052908,-0.016173920107188128,0.2959819008038935,-0.010587633352782469
959,0.0,3284.6811701234064,0.22856875080311703,0.013013458511752075,0.21399931272040307,-0.013013458511752075,0.2713871243788464,-0.01131538090047335
960,0.0,3291.6239259810345,0.0,0.0030452027174281563,0.6484669213499032,-0.0029638157567239477,0.3845110634701634,-0.00880991135734853
961,0.0,3307.9985905474614,0.09530433396706013,0.021959949768840824,0.09702535459644918,-0.021959949768840824,0.29826535080804906,-0.012754922880796217
962,0.0,3316.4339949502987,0.016553033591690525,0.00799780011390422,0.3358938203888222,-0.00786531305530618,0.309553891682281,-0.011288039933149207
963,0.0,3327.4620081556936,0.08205132233353875,0.009218314513195344,0.3740980451935774,-0.009218314513195344,0.3289171377356699,-0.010667122307163046
964,0.0,3339.6245002703326,0.03065992292578296,0.013135686879003166,0.30788951051006586,-0.013135686879003166,0.32260884956798863,-0.011407691678715082
965,0.0,3346.5422247381607,0.0,0.003058299367670807,0.6773541294509222,-0.002825019751400355,0.4290324335328687,-0.008832890100520664
966,0.0,3360.167853634079,0.37940160191316447,0.016135677613645885,0.013939087487658682,-0.016135677613645885,0.30450442971930564,-0.01102372635445823
967,0.0,3366.064422807443,0.0,0.0034167512155560066,0.6768651870788056,-0.0026242699916979506,0.4162126569271556,-0.008503889445630144
968,0.0,3373.9467439569557,0.0,0.004584125382022358,0.6142764661044567,-0.004584125382022358,0.47563179968034586,-0.007327960226547808
969,0.0,3384.072624643129,0.07652497693407768,0.011932034914223035,0.1012894340946435,-0.011932034914223035,0.36332909000463515,-0.008709182632850376
970,0.0,3396.8615060705215,0.32080387649836756,0.018647328461377816,0.09715049996380394,-0.018647328461377816,0.28347551299238577,-0.011690626381408607
971,0.0,3404.5323016845273,0.003221566530589979,0.006427176225783013,0.5904617240526243,-0.006421649520734533,0.37557137631045734,-0.010109933323206383
972,0.0,3418.7096989787906,0.4334332190898922,0.016937261327281208,0.03785081267186795,-0.016937261327281208,0.2742552072188805,-0.012158131724428829
973,0.0,3428.149177305587,0.01795958344355311,0.008627810480633684,0.1951796788695387,-0.008627810480633684,0.25053254871407793,-0.011099035351290285
974,0.0,3435.2379225026157,0.0,0.0029711496245258193,0.9302612199928453,-0.0016410388078927248,0.4544511500977081,-0.008261636388271015
975,0.0,3444.4463097503794,0.17914520971525175,0.007302096262796619,0.2511160102775941,-0.00727841009240293,0.3934506081516739,-0.007966668499510589
976,0.0,3451.0381126831057,0.013088222100102645,0.005903633984200367,0.4416996601654216,-0.004795107017917453,0.40792532375579815,-0.007015200055032648
977,0.0,3462.436575377277,0.2500995584212771,0.015155884256908475,0.12683200627198038,-0.015155884256908475,0.3235973285106528,-0.009457405315595396
978,0.0,3470.4155945756575,0.012083141882397097,0.00892139805114951,0.5740775164293296,-0.00892139805114951,0.3987413848862558,-0.00929660313626163
979,0.0,3476.9554983456346,0.00789282462351008,0.00406143527475333,0.25228955128640734,-0.0033859771863635267,0.35480583480630123,-0.007523415351292199
980,0.0,3485.683232354018,0.06179337228258031,0.008185341944222413,0.015353671673262938,-0.008185341944222413,0.25297018586638975,-0.007721993329171263
981,0.0,3492.0429292067706,0.03556222087178682,0.00544128969788962,0.6014125800419959,-0.0050907277302571574,0.3575029041190716,-0.006932613649497031
982,0.0,3500.5614108000036,0.02254647307982419,0.009414234699286332,0.34819044188794607,-0.009414234699286332,0.35470916544973397,-0.007677099964433821
983,0.0,3506.038233187678,0.022296735197922,0.003909942030381688,0.4705955597048341,-0.0038686949242440114,0.389475083726264,-0.006534578452376877
984,0.0,3515.2132054549943,0.04028320632010158,0.010845272325107737,0.5417295746073766,-0.010845272325107737,0.4351514309905977,-0.007827786614196135
985,0.0,3518.601098286768,0.0,0.0017276189821284766,0.7107741715220807,7.490026395625815e-05,0.5178382531500426,-0.005456980550750416
986,0.0,3523.72636291595,0.00012809561823393342,0.003881346076252481,0.6821802483727429,-0.002296316064727476,0.5671408517168527,-0.004508781204943533
987,0.0,3527.668988506424,0.0,0.0025453409270621476,0.668952069854217,-0.002341582689583874,0.5976842171580619,-0.0038586216503356356
988,0.0,3535.5900230958173,0.012168191996163966,0.011644732403989349,0.23993266907375127,-0.011644732403989349,0.4903587527327687,-0.006194454876431749
989,0.0,3539.2897811594526,0.07380113560422857,0.003846909409998883,0.49346344991978114,-0.003430329460289774,0.4912901618888724,-0.005365217251589156
990,0.0,3543.081947991746,0.0,0.0017999895494001605,0.7491543318320935,-0.0012242396855112298,0.5686494128718387,-0.004122923981765778
991,0.0,3548.938658642311,0.0002751198600894415,0.006440924052365468,0.5160210258359884,-0.006440924052365468,0.5528608967610835,-0.004818324002945684
992,0.0,3553.193312551276,0.07809175290985693,0.004371962777630589,0.14411623836426538,-0.004368386329214513,0.4302374992420381,-0.004683342700826333
993,0.0,3560.8300248923388,0.0,0.010695590594944304,0.571495040229217,-0.010695590594944304,0.47261476153819176,-0.0064870170690617245
994,0.0,3563.1966301358143,0.0,0.0023058824679548116,0.8769315646932573,0.00021834676733152792,0.5939098024847114,-0.004475407918143748
995,0.0,3572.4554949926573,0.21617938011773602,0.012345517008226782,0.1074225292759328,-0.012345517008226782,0.4479636205220777,-0.006836440645168658
996,0.0,3576.910443251615,0.0,0.004352985270401813,0.856420158808801,-0.004334407264547332,0.5705005820080946,-0.00608583063098226
997,0.0,3582.656634824787,0.08373361396327607,0.004699599180236766,0.3269874781779226,-0.004596363829099934,0.49744665085904294,-0.005638990590417561
998,0.0,3584.2681851431475,0.0,0.000307188140619561,0.6783714334740172,0.0032169683519562287,0.5517240856435351,-0.0029822029077054245
999,0.0,3591.661568018745,0.11312590964818126,0.009509088637804657,0.14968008727459559,-0.009404674004655746,0.43111088613285325,-0.0049089442367905205
1000,0.0,3597.833565915456,0.032480815947264194,0.009550099243020433,0.39936671444849026,-0.009547328246088376,0.42158763462754434,-0.006300459439579877
1001,0.0,3600.2940332711946,0.0,0.002659149767922212,0.6959624823925189,0.0002500290655163565,0.5039000889570366,-0.004335312888051007
1002,0.0,3607.7977070873835,0.07762806155341537,0.00902518372263276,0.3948318908111395,-0.008889037163829466,0.47117962951326753,-0.005701430170784545
1003,0.0,3613.332540415537,0.0,0.0075286536665395394,0.5185903376225053,-0.006777392251483884,0.4854028419460389,-0.006024218794994346
1004,0.0,3618.332615364791,0.02152528232459558,0.004512270356397699,0.40513519906538636,-0.004226823933254005,0.4613225490818431,-0.005485000336472243
1005,0.0,3623.0319825336524,0.15884447142667776,0.004916968000526872,0.15655287561320846,-0.0032865786763211576,0.36989164704125266,-0.004825473838426917
1006,0.0,3625.761747164709,0.0,0.0020297826226913693,0.9384657823466289,0.00022759377905736354,0.5404638876328656,-0.0033095535531816327
1007,0.0,3630.11509365323,0.0013040290419116614,0.0048417607791194535,0.5882248363171605,-0.003905038538007299,0.554792172238154,-0.0034881990486293323
1008,0.0,3632.601799027398,0.0052215437774663365,0.002225783275064408,0.615961857482841,-0.0015878429512605598,0.57314307781156,-0.0029180922194187
1009,0.0,3635.5442577526264,0.005485075490098921,0.004499533444261108,0.35704800346287924,-0.002374994492761152,0.5083145555069557,-0.002755162901421435
1010,0.0,3638.2566599973798,0.013719693239497729,0.0028068431655249547,0.463360051897741,-0.002496360160448721,0.4948282044241913,-0.0026775220791296207
1011,0.0,3641.1693793616546,0.006981405135188086,0.003961740600307794,0.31868551086730446,-0.0030866405666279215,0.4419853963571252,-0.002800257625379111
1012,0.0,3642.7483187352414,0.0,0.0018237797491214337,0.8523178776319089,-0.000383694128155653,0.5650851407395603,-0.0020752885762120735
1013,0.0,3643.4637356807525,0.02159941060141067,0.0012363875042445192,0.6119392549350171,0.001512953413964436,0.5791413749981973,-0.0009988159791591207
1014,0.0,3650.2578556441376,0.160735344769789,0.01195104032436622,0.2859349999306228,-0.01195104032436622,0.49117946247792493,-0.0042844832827212504
1015,0.0,3655.940018558397,0.26113477665441914,0.010660061223679589,0.1232423681400306,-0.01061888595630276,0.3807983341765566,-0.006184804084795703
1016,0.0,3661.715226511984,0.0,0.007316123890260304,0.6783239929228019,-0.007310979646938444,0.47005603180043015,-0.006522656753438525
1017,0.0,3668.2729614240498,0.07276038125383827,0.00766461478563936,0.479290991382265,-0.006947666113748225,0.47282651967498057,-0.006650159561531435
1018,0.0,3674.2659921470836,0.002098645849303127,0.0055503196869699095,0.6064371551347341,-0.005413956573091288,0.5129097103129066,-0.006279298664999391
1019,0.0,3675.604979964701,0.0,0.0009261771209250791,0.6213537505878021,0.0043993290342664235,0.5454429223953752,-0.0030757103552196464
1020,0.0,3681.6817390985693,0.06428759943937207,0.006082019277413567,0.1656653796927903,-0.005990824154717419,0.43150965958459964,-0.0039502444950689775
1021,0.0,3683.139038514809,0.0,0.0014212569870442687,0.7046357552638178,0.0003324180234831186,0.5134474882883651,-0.0026654457395033485
1022,0.0,3682.1239962729214,0.0,0.0007669619490674131,0.7195530665656942,0.0063405695921093025,0.5752791617715638,3.635885998044667e-05
1023,0.0,3688.2805868293863,0.07641812463725046,0.010062744792476376,0.48339975997882606,-0.010051239299818916,0.5477153412337424,-0.002989920587959362
1024,0.0,3688.189677647276,0.0,0.0012928656614479394,0.8962267979898112,0.00027610034141564016,0.6522687782605631,-0.0020101143091468612
1025,0.0,3691.058607302349,0.08983497987628054,0.0032842670710865928,0.0915550471582312,-0.0027786814060650486,0.4840546589298635,-0.0022406844382223175
1026,0.0,3695.661573068291,0.003322252823508403,0.007439902297599498,0.2652650221083655,-0.007402281088757765,0.4184177678834141,-0.003789163433382952
1027,0.0,3697.2277454203154,0.002459465572982611,0.0027906472066137685,0.5492968245454916,-0.0007709309671787364,0.4576814848820373,-0.002883693693521687
1028,0.0,3700.0142867101135,0.004842569879360137,0.003573464836411548,0.42169650931383945,-0.0017380952067413227,0.4468859922115779,-0.0025400141474875774
1029,0.0,3701.443918235761,3.867622823394803e-05,0.0013651025519907138,0.5750904157443774,0.00013128250846405705,0.4853473192714177,-0.001738625150702087
1030,0.0,3704.435383548094,0.0,0.004095847686460466,0.4777233849155527,-0.0035139286157813672,0.48306013896465816,-0.002271216190225871
1031,0.0,3706.8951832497487,0.0,0.0042433483523576995,0.8728292835163665,-0.0032188808385405394,0.5999908823301706,-0.0025555155847202713
1032,0.0,3704.423284217988,0.0,0.0012566209883460241,0.835304345349745,0.007622119663682986,0.6705849212360429,0.0004977749898007061
1033,0.0,3704.751483364093,0.11008434899846248,0.0014379853500908475,0.26274493451790365,0.0019575065551228348,0.5482329252206011,0.0009356944593973448
1034,0.0,3709.4285992497425,0.10980296786496427,0.010301494311954254,0.2985566090277554,-0.010301494311954254,0.47333003036274734,-0.0024354621720081345
1035,0.0,3709.781820021742,0.0003062230921292958,0.00262758218880287,0.5220969407565547,-0.0016090807463696676,0.4879601034808895,-0.0021875477443165942
1036,0.0,3714.691915785999,0.0001015005359014395,0.0076012785903461005,0.577853129296212,-0.0076012785903461005,0.5149280112254863,-0.003811666998125446
1037,0.0,3718.4603234985875,0.002098645849303127,0.006277381820863156,0.5836892981714082,-0.0054133343759755455,0.5355563973092629,-0.004292167211480476
1038,0.0,3714.3301659639314,0.0,2.7130950358174622e-05,0.723162748131965,0.012753821620725693,0.5918383025560735,0.0008216294381813748
1039,0.0,3720.167935568804,0.012195090760989033,0.007842799454136065,0.4544224713403771,-0.0077252470581158925,0.5506135531913645,-0.0017424335107078055
1040,0.0,3719.6899987943148,0.0,0.0032975871555628333,0.6554083811411208,0.00021243901169207477,0.5820520015762913,-0.0011559717539878413
1041,0.0,3721.5049843714623,0.004122805331043067,0.0024826964379789183,0.4568596988305654,-0.0019180195556541641,0.5444943107525735,-0.001384586094487738
1042,0.0,3723.9112715084852,0.0,0.003943481449033,0.6964311929100344,-0.003751269871123452,0.5900753753998118,-0.002094591227478452
1043,0.0,3724.2373185213414,0.0038285232641035267,0.001614682077670209,0.43280640794766384,0.0008502872061183699,0.5428946851641674,-0.0012111276973994054
1044,0.0,3725.598583999026,0.004209998497189186,0.0025627541273019103,0.45622188361758154,-0.0006036402291594268,0.5168928447001916,-0.0010288814569274116
1045,0.0,3725.718153210551,0.0,0.0011405793679548047,0.8480567201051664,0.0010553588881518146,0.616242007321684,-0.0004036093534036438
1046,0.0,3729.1389384783597,0.04577526905792299,0.0066884397946198795,0.3045235400354668,-0.006038067400577126,0.5227264671358188,-0.0020939467675556885
1047,0.0,3731.6047273524914,0.024345019494169114,0.0050548389226040815,0.5155753510361165,-0.004629385962664213,0.5205811323059081,-0.002854578526088246
