episode,lam_util,lam_tp,util_gap,tp_gap
1,0.0004791666666666666,0.054166666666666675,-0.15208333333333335,-0.022916666666666665
2,0.0,0.020833333333333343,-0.1479166666666667,-0.016666666666666666
3,0.0,0.0,-0.22291666666666665,-0.01875
4,0.0005625000000000003,0.008333333333333333,0.05625000000000002,0.004166666666666667
5,0.0,0.004166666666666667,-0.08333333333333337,-0.0020833333333333333
6,0.0,0.0,-0.32291666666666663,-0.01875
7,0.0,0.004166666666666667,-0.05833333333333335,0.0020833333333333333
8,0.0,0.004166666666666667,-0.033333333333333326,0.0
9,0.0,0.0,-0.13749999999999996,-0.0125
10,0.0,0.0,-0.07291666666666663,-0.004166666666666667
11,0.0005833333333333335,0.008333333333333333,0.05833333333333335,0.004166666666666667
12,0.0,0.0,-0.275,-0.016666666666666666
13,0.0,0.0,-0.18541666666666667,-0.03125
14,0.0,0.0,-0.07291666666666663,-0.010416666666666666
15,0.0,0.0,-0.4041666666666667,-0.027083333333333334
16,0.0,0.0,-0.1333333333333333,-0.022916666666666665
17,0.0,0.0,-0.16874999999999996,-0.029166666666666667
18,0.0,0.0,-0.0,-0.00625
19,0.0008750000000000002,0.0,0.08750000000000002,-0.004166666666666667
20,0.0022916666666666667,0.016666666666666666,0.14166666666666666,0.008333333333333333
21,0.0005624999999999994,0.0,-0.17291666666666672,-0.025
22,0.001229166666666666,0.0,0.06666666666666665,0.0
23,0.0016249999999999995,0.0,0.03958333333333336,-0.0125
24,0.0020208333333333332,0.0,0.03958333333333336,-0.00625
25,0.0022291666666666666,0.0,0.020833333333333315,-0.0125
26,0.0025416666666666665,0.0,0.03125,-0.010416666666666666
27,0.0012916666666666664,0.0,-0.125,-0.010416666666666666
28,0.002479166666666667,0.0,0.11875000000000002,-0.008333333333333333
29,0.0044375000000000005,0.0,0.19583333333333336,0.0
30,0.005416666666666667,0.025,0.09791666666666665,0.0125
31,0.004395833333333334,0.020833333333333336,-0.1020833333333333,-0.0020833333333333333
32,0.0044375000000000005,0.008333333333333335,0.004166666666666652,-0.00625
33,0.004375,0.0,-0.006249999999999978,-0.010416666666666666
34,0.004625000000000001,0.008333333333333333,0.025000000000000022,0.004166666666666667
35,0.004875000000000001,0.0,0.025000000000000022,-0.00625
36,0.006812500000000001,0.0125,0.19375000000000003,0.00625
37,0.005854166666666667,0.0,-0.09583333333333333,-0.0125
38,0.0063125,0.0125,0.04583333333333334,0.00625
39,0.00625,0.0,-0.006249999999999978,-0.0125
40,0.00725,0.0,0.09999999999999998,-0.0020833333333333333
41,0.007500000000000001,0.0,0.025000000000000022,-0.00625
42,0.008395833333333335,0.016666666666666666,0.08958333333333335,0.008333333333333333
43,0.008083333333333335,0.016666666666666666,-0.03125,0.0
44,0.008062500000000002,0.016666666666666666,-0.002083333333333326,0.0
45,0.007250000000000001,0.0,-0.08125000000000004,-0.014583333333333334
46,0.0062291666666666684,0.0125,-0.1020833333333333,0.00625
47,0.004562500000000002,0.0,-0.16666666666666663,-0.014583333333333334
48,0.005875000000000003,0.016666666666666666,0.13125000000000003,0.008333333333333333
49,0.006000000000000003,0.0375,0.012500000000000011,0.010416666666666666
50,0.00560416666666667,0.004166666666666666,-0.039583333333333304,-0.016666666666666666
51,0.005708333333333336,0.012499999999999999,0.010416666666666685,0.004166666666666667
52,0.004895833333333335,0.0,-0.08125000000000004,-0.00625
53,0.004666666666666669,0.0,-0.022916666666666696,-0.0125
54,0.006854166666666669,0.025,0.21875,0.0125
55,0.008062500000000002,0.0125,0.12083333333333335,-0.00625
56,0.0060833333333333356,0.0,-0.19791666666666663,-0.016666666666666666
57,0.005500000000000002,0.0,-0.05833333333333335,-0.008333333333333333
58,0.004625000000000002,0.0,-0.08750000000000002,-0.0020833333333333333
59,0.003645833333333336,0.0,-0.09791666666666665,-0.0125
60,0.002937500000000003,0.0,-0.0708333333333333,-0.004166666666666667
61,0.0021250000000000028,0.0,-0.08125000000000004,-0.0125
62,0.0019583333333333354,0.0,-0.01666666666666672,0.0
63,0.0,0.0,-0.20208333333333328,-0.008333333333333333
64,0.0,0.0,-0.28541666666666665,-0.020833333333333332
65,0.0,0.0,-0.3041666666666667,-0.01875
66,0.0,0.0,-0.13124999999999998,-0.0125
67,0.00010416666666666685,0.0,0.010416666666666685,-0.00625
68,0.0,0.0,-0.28125,-0.03125
69,0.0007291666666666669,0.004166666666666667,0.07291666666666669,0.0020833333333333333
70,0.0,0.0,-0.16666666666666663,-0.0125
71,0.0,0.0,-0.09583333333333333,-0.020833333333333332
72,0.0,0.0,-0.18958333333333333,-0.014583333333333334
73,0.0,0.0,-0.16249999999999998,-0.010416666666666666
74,0.0,0.0,-0.1166666666666667,-0.010416666666666666
75,0.0,0.0,-0.15625,-0.01875
76,0.0,0.0,-0.21666666666666667,-0.022916666666666665
77,0.00020833333333333316,0.0,0.020833333333333315,-0.010416666666666666
78,0.0,0.0,-0.2833333333333333,-0.027083333333333334
79,0.0,0.0,-0.22083333333333333,-0.0125
80,0.0,0.0,-0.08958333333333335,0.0
81,0.0,0.0,-0.10416666666666663,-0.00625
82,0.0005416666666666664,0.008333333333333333,0.05416666666666664,0.004166666666666667
83,0.0,0.0,-0.07916666666666672,-0.010416666666666666
84,0.0012916666666666664,0.008333333333333333,0.12916666666666665,0.004166666666666667
85,0.0,0.008333333333333333,-0.17083333333333328,0.0
86,0.0,0.0,-0.1479166666666667,-0.020833333333333332
87,0.0005208333333333331,0.0,0.052083333333333315,-0.0125
88,0.0,0.0,-0.07708333333333328,-0.010416666666666666
89,0.0,0.0,-0.15208333333333335,-0.00625
90,0.00016666666666666663,0.016666666666666666,0.016666666666666663,0.008333333333333333
91,0.0006458333333333333,0.029166666666666667,0.04791666666666666,0.00625
92,0.0018333333333333335,0.03333333333333333,0.11875000000000002,0.0020833333333333333
93,0.002729166666666667,0.016666666666666666,0.08958333333333335,-0.008333333333333333
94,0.0030625,0.025,0.033333333333333326,0.004166666666666667
95,0.004416666666666667,0.03333333333333333,0.13541666666666669,0.004166666666666667
96,0.005979166666666667,0.029166666666666667,0.15625,-0.0020833333333333333
97,0.004458333333333334,0.0,-0.15208333333333335,-0.01875
98,0.005604166666666667,0.004166666666666667,0.11458333333333331,0.0020833333333333333
99,0.006416666666666667,0.0125,0.08124999999999999,0.004166666666666667
100,0.009958333333333333,0.037500000000000006,0.3541666666666667,0.0125
101,0.0095625,0.04583333333333334,-0.039583333333333304,0.004166666666666667
102,0.009895833333333333,0.037500000000000006,0.033333333333333326,-0.004166666666666667
103,0.0095,0.016666666666666673,-0.039583333333333304,-0.010416666666666666
104,0.012854166666666667,0.058333333333333334,0.33541666666666664,0.020833333333333332
105,0.014875,0.06666666666666667,0.20208333333333334,0.004166666666666667
106,0.0150625,0.06666666666666667,0.01874999999999999,0.0
107,0.014979166666666667,0.05416666666666667,-0.008333333333333304,-0.00625
108,0.01475,0.037500000000000006,-0.022916666666666696,-0.008333333333333333
109,0.0136875,0.008333333333333338,-0.10624999999999996,-0.014583333333333334
110,0.012979166666666667,5.204170427930421e-18,-0.0708333333333333,-0.004166666666666667
111,0.0125625,0.0,-0.04166666666666663,-0.014583333333333334
112,0.011270833333333334,0.0,-0.12916666666666665,-0.004166666666666667
113,0.010229166666666668,0.0,-0.10416666666666663,-0.010416666666666666
114,0.009083333333333334,0.0,-0.11458333333333337,0.0
115,0.008479166666666668,0.0,-0.060416666666666674,-0.00625
116,0.00875,0.0,0.027083333333333348,-0.0020833333333333333
117,0.007500000000000001,0.0,-0.125,-0.014583333333333334
118,0.006875000000000001,0.0,-0.0625,-0.00625
119,0.005062500000000001,0.0,-0.18125000000000002,-0.014583333333333334
120,0.004312500000000001,0.0,-0.07499999999999996,-0.010416666666666666
121,0.0016041666666666674,0.0,-0.27083333333333337,-0.0125
122,0.0004166666666666672,0.004166666666666667,-0.11875000000000002,0.0020833333333333333
123,0.0,0.0,-0.20208333333333328,-0.01875
124,0.0005625000000000003,0.004166666666666667,0.05625000000000002,0.0020833333333333333
125,0.0,0.0,-0.15000000000000002,-0.0020833333333333333
126,0.0,0.0,-0.15625,-0.016666666666666666
127,0.0,0.0,-0.043749999999999956,-0.008333333333333333
128,0.0,0.0,-0.23750000000000004,-0.025
129,0.0,0.0,-0.2875,-0.020833333333333332
130,0.0,0.0,-0.13124999999999998,-0.014583333333333334
131,0.0,0.0,-0.24583333333333335,-0.016666666666666666
132,0.0,0.0,-0.11458333333333337,-0.010416666666666666
133,0.0,0.0,-0.2875,-0.014583333333333334
134,4.1666666666666516e-05,0.0125,0.004166666666666652,0.00625
135,0.0,0.0,-0.14583333333333337,-0.0125
136,0.0,0.0,-0.12083333333333335,-0.008333333333333333
137,0.0003749999999999998,0.008333333333333333,0.03749999999999998,0.004166666666666667
138,0.0,0.0,-0.20833333333333337,-0.027083333333333334
139,0.0,0.0,-0.15208333333333335,-0.016666666666666666
140,0.0,0.0,-0.14375000000000004,-0.008333333333333333
141,0.0,0.0,-0.043749999999999956,-0.010416666666666666
142,0.0,0.0,-0.10416666666666663,-0.0125
143,0.0,0.0,-0.09166666666666667,0.0
144,0.0,0.0,-0.12291666666666667,-0.022916666666666665
145,0.0,0.0,-0.050000000000000044,-0.0125
146,0.0,0.0,-0.26249999999999996,-0.01875
147,0.0,0.0,-0.24583333333333335,-0.0125
148,0.0,0.0,-0.16666666666666663,-0.014583333333333334
149,0.0,0.0,-0.22083333333333333,-0.016666666666666666
150,0.0,0.0,-0.15833333333333333,-0.004166666666666667
151,0.0,0.0,-0.25,-0.01875
152,0.0,0.0,-0.13749999999999996,0.0
153,0.0004375000000000001,0.004166666666666667,0.04375000000000001,0.0020833333333333333
154,0.0,0.0,-0.08333333333333337,-0.004166666666666667
155,0.0,0.004166666666666667,-0.1166666666666667,0.0020833333333333333
156,0.0009166666666666668,0.0125,0.09166666666666667,0.004166666666666667
157,0.00022916666666666701,0.0,-0.06874999999999998,-0.00625
158,0.0,0.0,-0.11250000000000004,-0.010416666666666666
159,0.0,0.0,-0.06666666666666665,-0.00625
160,0.0009166666666666668,0.020833333333333332,0.09166666666666667,0.010416666666666666
161,0.0,0.016666666666666666,-0.1333333333333333,-0.0020833333333333333
162,0.00010416666666666685,0.0,0.010416666666666685,-0.0125
163,0.0,0.0,-0.025000000000000022,-0.004166666666666667
164,0.0,0.0,-0.039583333333333304,-0.004166666666666667
165,0.0,0.0,-0.08333333333333337,0.0
166,0.0,0.0,-0.12083333333333335,-0.008333333333333333
167,0.00033333333333333327,0.004166666666666667,0.033333333333333326,0.0020833333333333333
168,0.0,0.0,-0.11250000000000004,-0.01875
169,0.0,0.0,-0.1333333333333333,0.0
170,0.0,0.0,-0.15416666666666667,-0.020833333333333332
171,0.0005416666666666664,0.016666666666666666,0.05416666666666664,0.008333333333333333
172,0.0005416666666666664,0.025,-0.0,0.004166666666666667
173,0.0009999999999999998,0.037500000000000006,0.04583333333333334,0.00625
174,0.0,0.012500000000000004,-0.10416666666666663,-0.0125
175,0.00033333333333333327,0.025000000000000005,0.033333333333333326,0.00625
176,0.0,0.012500000000000004,-0.11250000000000004,-0.00625
177,0.000625,0.012500000000000004,0.0625,0.0
178,0.0,0.0,-0.07499999999999996,-0.008333333333333333
179,0.0,0.0,-0.19791666666666663,-0.004166666666666667
180,0.0,0.0,-0.11875000000000002,-0.0125
181,0.0002500000000000002,0.0125,0.025000000000000022,0.00625
182,0.000541666666666667,0.016666666666666666,0.029166666666666674,0.0020833333333333333
183,0.0,0.0125,-0.09583333333333333,-0.0020833333333333333
184,0.0,0.008333333333333335,-0.018750000000000044,-0.0020833333333333333
185,0.0,0.0,-0.05625000000000002,-0.00625
186,0.0008124999999999999,0.008333333333333333,0.08124999999999999,0.004166666666666667
187,0.0007083333333333336,0.020833333333333336,-0.01041666666666663,0.00625
188,0.0,0.0,-0.14583333333333337,-0.014583333333333334
189,6.249999999999978e-05,0.0,0.006249999999999978,-0.010416666666666666
190,0.0004374999999999996,0.025,0.03749999999999998,0.0125
191,0.00018749999999999935,0.008333333333333335,-0.025000000000000022,-0.008333333333333333
192,0.0,0.01666666666666667,-0.018750000000000044,0.004166666666666667
193,0.0008750000000000002,0.020833333333333336,0.08750000000000002,0.0020833333333333333
194,0.0027500000000000003,0.025,0.1875,0.0020833333333333333
195,0.003041666666666667,0.0125,0.029166666666666674,-0.00625
196,0.003166666666666667,0.037500000000000006,0.012500000000000011,0.0125
197,0.005145833333333334,0.05416666666666667,0.19791666666666669,0.008333333333333333
198,0.0058125,0.07083333333333333,0.06666666666666665,0.008333333333333333
199,0.005625,0.075,-0.018750000000000044,0.0020833333333333333
200,0.0063124999999999995,0.0625,0.06874999999999998,-0.00625
201,0.005479166666666666,0.05,-0.08333333333333337,-0.00625
202,0.006166666666666666,0.07916666666666666,0.06874999999999998,0.014583333333333334
203,0.006124999999999999,0.09999999999999999,-0.004166666666666652,0.010416666666666666
204,0.0049166666666666655,0.10416666666666666,-0.12083333333333335,0.0020833333333333333
205,0.004479166666666666,0.11249999999999999,-0.043749999999999956,0.004166666666666667
206,0.0033541666666666655,0.13333333333333333,-0.11250000000000004,0.010416666666666666
207,0.003312499999999999,0.1375,-0.004166666666666652,0.0020833333333333333
208,0.0029583333333333323,0.1375,-0.03541666666666665,0.0
209,0.001458333333333332,0.15000000000000002,-0.15000000000000002,0.00625
210,0.001062499999999999,0.17083333333333336,-0.039583333333333304,0.010416666666666666
211,0.00022916666666666528,0.16666666666666669,-0.08333333333333337,-0.0020833333333333333
212,0.0002708333333333318,0.1416666666666667,0.004166666666666652,-0.0125
213,0.0007083333333333319,0.16666666666666669,0.04375000000000001,0.0125
214,0.0005416666666666647,0.17500000000000002,-0.01666666666666672,0.004166666666666667
215,0.0020833333333333316,0.2041666666666667,0.15416666666666667,0.014583333333333334
216,0.001416666666666665,0.2,-0.06666666666666665,-0.0020833333333333333
217,0.0011666666666666648,0.17500000000000002,-0.025000000000000022,-0.0125
218,0.0009791666666666644,0.1791666666666667,-0.018750000000000044,0.0020833333333333333
219,0.004020833333333331,0.18750000000000003,0.3041666666666667,0.004166666666666667
220,0.0034583333333333306,0.1916666666666667,-0.05625000000000002,0.0020833333333333333
221,0.004229166666666664,0.2166666666666667,0.07708333333333334,0.0125
222,0.004541666666666664,0.22500000000000003,0.03125,0.004166666666666667
223,0.004437499999999998,0.2166666666666667,-0.01041666666666663,-0.004166666666666667
224,0.004083333333333331,0.2291666666666667,-0.03541666666666665,0.00625
225,0.0032708333333333305,0.20833333333333337,-0.08125000000000004,-0.010416666666666666
226,0.003666666666666664,0.2416666666666667,0.03958333333333336,0.016666666666666666
227,0.004166666666666664,0.27083333333333337,0.04999999999999999,0.014583333333333334
228,0.006687499999999997,0.2958333333333334,0.2520833333333333,0.0125
229,0.006729166666666664,0.3083333333333334,0.004166666666666652,0.00625
230,0.008166666666666664,0.34166666666666673,0.14375,0.016666666666666666
231,0.008062499999999998,0.3458333333333334,-0.01041666666666663,0.0020833333333333333
232,0.01125,0.3583333333333334,0.31875000000000003,0.00625
233,0.008625,0.35416666666666674,-0.26249999999999996,-0.0020833333333333333
234,0.008604166666666668,0.3500000000000001,-0.002083333333333326,-0.0020833333333333333
235,0.010520833333333335,0.3625000000000001,0.19166666666666665,0.00625
236,0.010833333333333335,0.3500000000000001,0.03125,-0.00625
237,0.01197916666666667,0.36666666666666675,0.11458333333333331,0.008333333333333333
238,0.01097916666666667,0.3583333333333334,-0.09999999999999998,-0.004166666666666667
239,0.00966666666666667,0.34166666666666673,-0.13124999999999998,-0.008333333333333333
240,0.008625000000000004,0.33333333333333337,-0.10416666666666663,-0.004166666666666667
241,0.00797916666666667,0.31250000000000006,-0.06458333333333333,-0.010416666666666666
242,0.006833333333333337,0.3041666666666667,-0.11458333333333337,-0.004166666666666667
243,0.006145833333333337,0.31250000000000006,-0.06874999999999998,0.004166666666666667
244,0.005083333333333337,0.30000000000000004,-0.10624999999999996,-0.00625
245,0.0026250000000000036,0.25833333333333336,-0.24583333333333335,-0.020833333333333332
246,0.0017500000000000033,0.2541666666666667,-0.08750000000000002,-0.0020833333333333333
247,0.0,0.2291666666666667,-0.22499999999999998,-0.0125
248,0.0,0.22083333333333338,-0.13749999999999996,-0.004166666666666667
249,0.0,0.1958333333333334,-0.18125000000000002,-0.0125
250,0.0,0.18750000000000006,-0.15833333333333333,-0.004166666666666667
251,0.0,0.1708333333333334,-0.15000000000000002,-0.008333333333333333
252,0.0,0.16250000000000006,-0.08125000000000004,-0.004166666666666667
253,0.0,0.12500000000000006,-0.38541666666666663,-0.01875
254,0.0,0.14166666666666672,-0.01041666666666663,0.008333333333333333
255,0.0,0.1333333333333334,-0.14375000000000004,-0.004166666666666667
256,0.0,0.10000000000000006,-0.30000000000000004,-0.016666666666666666
257,0.0,0.0833333333333334,-0.07708333333333328,-0.008333333333333333
258,0.0,0.0708333333333334,-0.05833333333333335,-0.00625
259,0.0,0.0708333333333334,-0.19999999999999996,0.0
260,0.0,0.058333333333333404,-0.1479166666666667,-0.00625
261,0.0,0.06666666666666674,-0.14375000000000004,0.004166666666666667
262,0.0,0.02500000000000007,-0.24791666666666667,-0.020833333333333332
263,0.0,0.0,-0.15416666666666667,-0.01875
264,0.0,0.0,-0.24791666666666667,-0.016666666666666666
265,0.0,0.0,-0.09583333333333333,-0.0125
266,0.0,0.0,-0.07499999999999996,-0.01875
267,0.0,0.0,-0.3354166666666667,-0.020833333333333332
268,0.0,0.0,-0.2645833333333333,-0.008333333333333333
269,0.0,0.0,-0.10624999999999996,-0.008333333333333333
270,0.0,0.0,-0.012499999999999956,0.0
271,0.0,0.0,-0.1875,-0.0020833333333333333
272,0.0,0.0,-0.08333333333333337,-0.00625
273,0.0,0.0,-0.17708333333333337,-0.00625
274,0.0,0.0,-0.15208333333333335,-0.004166666666666667
275,0.0,0.0,-0.11041666666666672,-0.008333333333333333
276,0.0,0.0,-0.2875,-0.014583333333333334
277,0.0,0.0,-0.27708333333333335,-0.016666666666666666
278,0.0,0.0,-0.32499999999999996,-0.004166666666666667
279,0.0,0.0,-0.0854166666666667,-0.010416666666666666
280,0.0,0.0,-0.13541666666666663,-0.008333333333333333
281,0.0,0.0,-0.1020833333333333,-0.010416666666666666
282,0.0,0.0,-0.15416666666666667,-0.022916666666666665
283,0.0,0.0,-0.31875,-0.01875
284,8.333333333333359e-05,0.0,0.00833333333333336,-0.004166666666666667
285,0.0,0.0,-0.11458333333333337,-0.00625
286,0.0,0.0,-0.14583333333333337,-0.01875
287,0.0,0.0,-0.33958333333333335,-0.0125
288,0.0,0.0,-0.14375000000000004,-0.020833333333333332
289,0.0,0.0,-0.20416666666666672,-0.014583333333333334
290,0.0,0.004166666666666667,-0.04166666666666663,0.0020833333333333333
291,0.0,0.0,-0.033333333333333326,-0.0125
292,0.0,0.0,-0.17291666666666672,-0.016666666666666666
293,0.0,0.0,-0.18333333333333335,-0.020833333333333332
294,0.0,0.0,-0.17708333333333337,-0.027083333333333334
295,0.0,0.0,-0.36458333333333337,-0.0125
296,0.0,0.0,-0.19374999999999998,-0.025
297,0.0,0.0,-0.01041666666666663,-0.010416666666666666
298,0.0,0.0,-0.17291666666666672,-0.016666666666666666
299,0.0,0.0,-0.1166666666666667,-0.014583333333333334
300,0.0,0.0,-0.0,-0.008333333333333333
301,0.0,0.0,-0.012499999999999956,-0.00625
302,0.0009166666666666668,0.0125,0.09166666666666667,0.00625
303,0.0,0.0,-0.15833333333333333,-0.020833333333333332
304,0.0,0.0,-0.022916666666666696,-0.0020833333333333333
305,0.0,0.0,-0.06666666666666665,-0.022916666666666665
306,0.0,0.0,-0.13541666666666663,-0.01875
307,0.0,0.0,-0.17291666666666672,-0.00625
308,0.00035416666666666653,0.0,0.03541666666666665,0.0
309,0.0,0.0,-0.17083333333333328,-0.016666666666666666
310,0.0010416666666666669,0.004166666666666667,0.10416666666666669,0.0020833333333333333
311,0.0010833333333333333,0.004166666666666667,0.004166666666666652,0.0
312,0.0014374999999999998,0.0,0.03541666666666665,-0.008333333333333333
313,0.00024999999999999957,0.0,-0.11875000000000002,-0.0125
314,0.0,0.0,-0.03125,-0.010416666666666666
315,0.0013750000000000001,0.0,0.1375,-0.0020833333333333333
316,0.0027708333333333335,0.0,0.13958333333333334,-0.008333333333333333
317,0.0031458333333333334,0.0,0.03749999999999998,0.0
318,0.0039375,0.0,0.07916666666666666,-0.00625
319,0.006791666666666666,0.008333333333333333,0.28541666666666665,0.004166666666666667
320,0.006895833333333333,0.0,0.010416666666666685,-0.00625
321,0.0043125,0.0,-0.2583333333333333,-0.014583333333333334
322,0.00225,0.0,-0.20625000000000004,-0.014583333333333334
323,0.003416666666666666,0.0,0.11666666666666664,-0.004166666666666667
324,0.004104166666666666,0.0,0.06874999999999998,-0.008333333333333333
325,0.004479166666666665,0.0,0.03749999999999998,-0.0020833333333333333
326,0.005812499999999999,0.0,0.13333333333333336,-0.014583333333333334
327,0.006541666666666666,0.020833333333333332,0.07291666666666669,0.010416666666666666
328,0.005958333333333333,0.0,-0.05833333333333335,-0.016666666666666666
329,0.007291666666666667,0.0,0.13333333333333336,-0.0020833333333333333
330,0.00875,0.004166666666666667,0.14583333333333331,0.0020833333333333333
331,0.009583333333333334,0.0,0.08333333333333331,-0.004166666666666667
332,0.008020833333333335,0.0,-0.15625,-0.014583333333333334
333,0.00875,0.0,0.07291666666666669,0.0
334,0.008854166666666668,0.004166666666666667,0.010416666666666685,0.0020833333333333333
335,0.007583333333333335,0.0,-0.12708333333333333,-0.016666666666666666
336,0.006437500000000001,0.0,-0.11458333333333337,-0.020833333333333332
337,0.004625000000000001,0.0,-0.18125000000000002,-0.016666666666666666
338,0.002854166666666667,0.0,-0.17708333333333337,-0.020833333333333332
339,0.0018541666666666674,0.0,-0.09999999999999998,-0.01875
340,0.0022916666666666675,0.0,0.04375000000000001,-0.008333333333333333
341,0.003000000000000001,0.008333333333333333,0.07083333333333336,0.004166666666666667
342,0.003104166666666668,0.0,0.010416666666666685,-0.01875
343,0.0,0.0,-0.3270833333333333,-0.01875
344,0.0,0.0,-0.35,-0.029166666666666667
345,0.0,0.0,-0.008333333333333304,-0.01875
346,0.00020833333333333316,0.0,0.020833333333333315,-0.010416666666666666
347,0.0,0.0,-0.09166666666666667,-0.0020833333333333333
348,0.0,0.0,-0.01666666666666672,-0.0125
349,0.0,0.0,-0.027083333333333348,-0.008333333333333333
350,0.0,0.0,-0.20625000000000004,-0.010416666666666666
351,0.0,0.0,-0.4125,-0.01875
352,0.00033333333333333327,0.0,0.033333333333333326,-0.0020833333333333333
353,0.0,0.0,-0.1020833333333333,-0.016666666666666666
354,0.0,0.020833333333333332,-0.15833333333333333,0.010416666666666666
355,0.0,0.0,-0.25625,-0.01875
356,0.0,0.0,-0.12916666666666665,-0.014583333333333334
357,0.0,0.0,-0.09166666666666667,-0.016666666666666666
358,0.0,0.0,-0.06874999999999998,-0.0020833333333333333
359,0.0,0.0,-0.0708333333333333,-0.00625
360,0.0007500000000000001,0.008333333333333333,0.07500000000000001,0.004166666666666667
361,0.0,0.0,-0.08333333333333337,-0.016666666666666666
362,0.0,0.0,-0.09999999999999998,-0.014583333333333334
363,0.0,0.0,-0.033333333333333326,-0.0125
364,0.0,0.0,-0.07916666666666672,-0.0125
365,0.0016249999999999997,0.004166666666666667,0.16249999999999998,0.0020833333333333333
366,0.000791666666666666,0.0,-0.08333333333333337,-0.014583333333333334
367,0.0,0.0,-0.08333333333333337,-0.014583333333333334
368,0.0,0.0,-0.14375000000000004,-0.016666666666666666
369,0.0008750000000000002,0.0,0.08750000000000002,-0.008333333333333333
370,0.0007083333333333331,0.0,-0.01666666666666672,-0.008333333333333333
371,0.0008541666666666665,0.0,0.014583333333333337,-0.0125
372,0.0013124999999999999,0.0,0.04583333333333334,-0.008333333333333333
373,0.0025833333333333333,0.0,0.12708333333333333,-0.0020833333333333333
374,0.0022916666666666667,0.004166666666666667,-0.029166666666666674,0.0020833333333333333
375,0.0027083333333333334,0.0,0.041666666666666685,-0.0020833333333333333
376,0.0044375000000000005,0.029166666666666667,0.17291666666666666,0.014583333333333334
377,0.003916666666666666,0.025,-0.05208333333333337,-0.0020833333333333333
378,0.004145833333333333,0.004166666666666669,0.02291666666666664,-0.010416666666666666
379,0.0038749999999999995,0.0,-0.027083333333333348,-0.00625
380,0.002208333333333333,0.0,-0.16666666666666663,-0.008333333333333333
381,0.0,0.0,-0.24791666666666667,-0.014583333333333334
382,0.00029166666666666675,0.0,0.029166666666666674,-0.00625
383,0.0,0.0,-0.06458333333333333,-0.010416666666666666
384,0.0003125,0.0,0.03125,-0.010416666666666666
385,0.0,0.0,-0.20416666666666672,-0.010416666666666666
386,0.0,0.0,-0.11458333333333337,-0.0125
387,0.0,0.0,-0.025000000000000022,-0.00625
388,0.0,0.0,-0.002083333333333326,-0.0020833333333333333
389,0.0,0.0,-0.06666666666666665,-0.00625
390,0.0,0.0,-0.029166666666666674,-0.010416666666666666
391,0.0,0.0,-0.16041666666666665,-0.016666666666666666
392,0.0,0.0,-0.03541666666666665,-0.016666666666666666
393,0.0,0.0,-0.14583333333333337,0.0
394,0.0,0.0,-0.12708333333333333,-0.01875
395,0.0,0.0,-0.07916666666666672,-0.0125
396,0.0,0.0,-0.1333333333333333,-0.022916666666666665
397,0.0009166666666666668,0.004166666666666667,0.09166666666666667,0.0020833333333333333
398,0.0013958333333333333,0.004166666666666667,0.04791666666666666,0.0
399,0.0023541666666666667,0.0,0.09583333333333333,-0.0020833333333333333
400,0.0033958333333333336,0.008333333333333333,0.10416666666666669,0.004166666666666667
401,0.004229166666666667,0.0,0.08333333333333331,-0.0125
402,0.0028333333333333335,0.0,-0.13958333333333328,-0.014583333333333334
403,0.0036666666666666666,0.0,0.08333333333333331,-0.008333333333333333
404,0.0037500000000000003,0.0,0.00833333333333336,-0.014583333333333334
405,0.0030625000000000006,0.0,-0.06874999999999998,-0.008333333333333333
406,0.0022500000000000003,0.004166666666666667,-0.08125000000000004,0.0020833333333333333
407,0.0025625,0.0,0.03125,-0.008333333333333333
408,0.0025833333333333333,0.0,0.002083333333333326,-0.00625
409,0.002083333333333333,0.0,-0.050000000000000044,-0.014583333333333334
410,0.003354166666666666,0.0,0.12708333333333333,-0.0125
411,0.002999999999999999,0.0,-0.03541666666666665,-0.0020833333333333333
412,0.0037083333333333326,0.0,0.07083333333333336,-0.0020833333333333333
413,0.0038958333333333323,0.0,0.01874999999999999,-0.00625
414,0.0027291666666666653,0.0,-0.1166666666666667,0.0
415,0.005104166666666665,0.016666666666666666,0.2375,0.008333333333333333
416,0.004812499999999998,0.029166666666666667,-0.029166666666666674,0.00625
417,0.003541666666666665,0.016666666666666666,-0.12708333333333333,-0.00625
418,0.0033541666666666646,0.0,-0.018750000000000044,-0.01875
419,0.0049374999999999974,0.0,0.15833333333333333,0.0
420,0.00514583333333333,0.0,0.020833333333333315,-0.004166666666666667
421,0.006791666666666664,0.0,0.16458333333333336,-0.0020833333333333333
422,0.006854166666666664,0.0,0.006249999999999978,0.0
423,0.007687499999999997,0.0,0.08333333333333331,-0.004166666666666667
424,0.00914583333333333,0.0,0.14583333333333331,-0.004166666666666667
425,0.00920833333333333,0.0,0.006249999999999978,-0.00625
426,0.00989583333333333,0.008333333333333333,0.06874999999999998,0.004166666666666667
427,0.010854166666666663,0.0,0.09583333333333333,-0.008333333333333333
428,0.01089583333333333,0.0,0.004166666666666652,-0.008333333333333333
429,0.01008333333333333,0.0,-0.08125000000000004,-0.0125
430,0.009145833333333329,0.0,-0.09375,0.0
431,0.008645833333333328,0.0,-0.050000000000000044,-0.008333333333333333
432,0.008937499999999996,0.0,0.029166666666666674,-0.010416666666666666
433,0.009104166666666663,0.0,0.016666666666666663,-0.00625
434,0.008062499999999997,0.016666666666666666,-0.10416666666666663,0.008333333333333333
435,0.008062499999999997,0.03333333333333333,-0.0,0.008333333333333333
436,0.007645833333333331,0.0,-0.04166666666666663,-0.022916666666666665
437,0.007854166666666664,0.0,0.020833333333333315,0.0
438,0.0072708333333333305,0.0,-0.05833333333333335,-0.020833333333333332
439,0.006166666666666663,0.0,-0.11041666666666672,-0.0020833333333333333
440,0.005437499999999997,0.0,-0.07291666666666663,-0.010416666666666666
441,0.004020833333333329,0.0,-0.14166666666666672,-0.008333333333333333
442,0.0028124999999999956,0.0,-0.12083333333333335,-0.008333333333333333
443,0.0,0.0,-0.3604166666666667,-0.0125
444,0.0,0.0,-0.06874999999999998,-0.00625
445,0.0,0.0,-0.1479166666666667,-0.010416666666666666
446,0.0,0.0,-0.2583333333333333,-0.01875
447,0.0,0.0,-0.38541666666666663,-0.010416666666666666
448,0.0,0.0,-0.2833333333333333,-0.004166666666666667
449,0.0,0.0,-0.09166666666666667,-0.00625
450,0.0,0.0,-0.1020833333333333,-0.008333333333333333
451,0.0,0.0,-0.2833333333333333,-0.014583333333333334
452,0.0,0.0,-0.08125000000000004,-0.010416666666666666
453,0.0,0.0,-0.15833333333333333,-0.008333333333333333
454,0.0,0.0,-0.12916666666666665,-0.016666666666666666
455,0.0,0.0,-0.17083333333333328,-0.00625
456,0.0,0.0,-0.18125000000000002,-0.00625
457,0.0,0.0,-0.17500000000000004,-0.00625
458,0.0,0.0,-0.018750000000000044,-0.010416666666666666
459,0.0,0.0,-0.01041666666666663,-0.00625
460,0.0,0.0,-0.018750000000000044,-0.014583333333333334
461,0.0,0.0,-0.08958333333333335,-0.008333333333333333
462,0.0,0.0,-0.14375000000000004,-0.00625
463,0.00014583333333333337,0.0,0.014583333333333337,-0.0125
464,0.0,0.0,-0.03125,-0.0125
465,0.0,0.0,-0.0854166666666667,-0.004166666666666667
466,0.0,0.0,-0.15833333333333333,-0.00625
467,0.0,0.0,-0.05833333333333335,-0.008333333333333333
468,0.0,0.0,-0.22291666666666665,-0.016666666666666666
469,0.0,0.0,-0.043749999999999956,-0.00625
470,0.0,0.0,-0.008333333333333304,-0.004166666666666667
471,0.0,0.004166666666666667,-0.05625000000000002,0.0020833333333333333
472,0.0,0.004166666666666667,-0.13124999999999998,0.0
473,0.0,0.0,-0.03749999999999998,-0.01875
474,0.0,0.0,-0.08750000000000002,-0.00625
475,0.0,0.0,-0.09375,-0.01875
476,0.0,0.0,-0.11458333333333337,-0.010416666666666666
477,0.0,0.0,-0.1333333333333333,-0.0125
478,0.0,0.016666666666666666,-0.07708333333333328,0.008333333333333333
479,0.0,0.020833333333333332,-0.24791666666666667,0.0020833333333333333
480,0.0,0.0,-0.1166666666666667,-0.020833333333333332
481,0.0,0.0,-0.09375,-0.0125
482,0.0,0.0,-0.09166666666666667,0.0
483,0.0,0.0,-0.050000000000000044,-0.0020833333333333333
484,0.0,0.0,-0.1020833333333333,-0.01875
485,0.0,0.0,-0.18541666666666667,-0.016666666666666666
486,0.0,0.0,-0.1875,-0.014583333333333334
487,0.0,0.0,-0.15833333333333333,-0.016666666666666666
488,0.0,0.0,-0.08750000000000002,-0.010416666666666666
489,0.0,0.0,-0.07708333333333328,-0.004166666666666667
490,0.0,0.0,-0.18958333333333333,-0.01875
491,0.0,0.0,-0.38541666666666663,-0.01875
492,0.0,0.0,-0.23750000000000004,-0.004166666666666667
493,0.0,0.0,-0.12708333333333333,-0.020833333333333332
494,0.0,0.0,-0.050000000000000044,-0.0020833333333333333
495,0.0,0.0,-0.07291666666666663,-0.00625
496,0.0,0.0,-0.03749999999999998,-0.014583333333333334
497,0.0006458333333333332,0.0125,0.06458333333333333,0.00625
498,0.0018749999999999995,0.029166666666666667,0.12291666666666662,0.008333333333333333
499,0.0013333333333333326,0.025,-0.054166666666666696,-0.0020833333333333333
500,0.0004166666666666659,0.0,-0.09166666666666667,-0.020833333333333332
501,0.00012499999999999914,0.0,-0.029166666666666674,-0.010416666666666666
502,0.0,0.0,-0.09375,0.0
503,0.0004583333333333334,0.020833333333333332,0.04583333333333334,0.010416666666666666
504,0.0006458333333333333,0.03333333333333333,0.01874999999999999,0.00625
505,0.0016041666666666665,0.04583333333333334,0.09583333333333333,0.00625
506,0.0005625000000000003,0.01666666666666667,-0.10416666666666663,-0.014583333333333334
507,0.0009583333333333338,0.0,0.03958333333333336,-0.0125
508,0.0020625000000000005,0.0,0.11041666666666666,-0.0020833333333333333
509,0.002270833333333334,0.025,0.020833333333333315,0.0125
510,0.002875000000000001,0.0125,0.060416666666666674,-0.00625
511,0.002562500000000001,0.0,-0.03125,-0.014583333333333334
512,0.0035833333333333346,0.004166666666666667,0.10208333333333336,0.0020833333333333333
513,0.0031875000000000015,0.004166666666666667,-0.039583333333333304,0.0
514,0.0037500000000000016,0.0,0.05625000000000002,-0.020833333333333332
515,0.004312500000000002,0.008333333333333333,0.05625000000000002,0.004166666666666667
516,0.004895833333333335,0.0,0.05833333333333335,-0.008333333333333333
517,0.0038958333333333353,0.0,-0.09999999999999998,-0.00625
518,0.002541666666666669,0.0,-0.13541666666666663,-0.0125
519,0.003104166666666669,0.0,0.05625000000000002,-0.00625
520,0.0036458333333333356,0.020833333333333332,0.05416666666666664,0.010416666666666666
521,0.003979166666666669,0.016666666666666666,0.033333333333333326,-0.0020833333333333333
522,0.0028541666666666685,0.0,-0.11250000000000004,-0.008333333333333333
523,0.003625000000000002,0.016666666666666666,0.07708333333333334,0.008333333333333333
524,0.004645833333333335,0.025,0.1020833333333333,0.004166666666666667
525,0.003458333333333335,0.03333333333333333,-0.11875000000000002,0.004166666666666667
526,0.0017916666666666686,0.016666666666666666,-0.16666666666666663,-0.008333333333333333
527,0.00029166666666666837,0.0125,-0.15000000000000002,-0.0020833333333333333
528,0.0016458333333333353,0.016666666666666666,0.13541666666666669,0.0020833333333333333
529,0.00010416666666666842,0.0,-0.15416666666666667,-0.008333333333333333
530,0.0,0.0,-0.11875000000000002,-0.010416666666666666
531,0.0,0.0125,-0.06874999999999998,0.00625
532,0.0004375000000000001,0.0,0.04375000000000001,-0.00625
533,0.0002916666666666673,0.004166666666666667,-0.014583333333333282,0.0020833333333333333
534,0.0013541666666666674,0.020833333333333332,0.10625000000000001,0.008333333333333333
535,0.001229166666666668,0.0,-0.012499999999999956,-0.010416666666666666
536,0.0015625000000000012,0.0,0.033333333333333326,-0.008333333333333333
537,0.001958333333333335,0.0375,0.03958333333333336,0.01875
538,0.002791666666666668,0.0375,0.08333333333333331,0.0
539,0.002645833333333335,0.04583333333333333,-0.014583333333333282,0.004166666666666667
540,0.0023541666666666685,0.05416666666666666,-0.029166666666666674,0.004166666666666667
541,0.0031666666666666683,0.049999999999999996,0.08124999999999999,-0.0020833333333333333
542,0.004541666666666668,0.06666666666666667,0.13749999999999996,0.008333333333333333
543,0.005062500000000001,0.0875,0.052083333333333315,0.010416666666666666
544,0.006500000000000001,0.10416666666666666,0.14375,0.008333333333333333
545,0.008104166666666668,0.09999999999999999,0.16041666666666665,-0.0020833333333333333
546,0.008895833333333334,0.12083333333333332,0.07916666666666666,0.010416666666666666
547,0.009479166666666667,0.12083333333333332,0.05833333333333335,0.0
548,0.009166666666666667,0.10416666666666666,-0.03125,-0.008333333333333333
549,0.009625,0.09166666666666666,0.04583333333333334,-0.00625
550,0.013083333333333332,0.14583333333333331,0.3458333333333333,0.027083333333333334
551,0.013645833333333333,0.15,0.05625000000000002,0.0020833333333333333
552,0.014791666666666667,0.15,0.11458333333333331,0.0
553,0.015604166666666665,0.13333333333333333,0.08124999999999999,-0.008333333333333333
554,0.016291666666666666,0.14583333333333334,0.06874999999999998,0.00625
555,0.017166666666666667,0.12916666666666668,0.08750000000000002,-0.008333333333333333
556,0.016375,0.11666666666666668,-0.07916666666666672,-0.00625
557,0.017979166666666668,0.10833333333333335,0.16041666666666665,-0.004166666666666667
558,0.01897916666666667,0.07916666666666669,0.09999999999999998,-0.014583333333333334
559,0.0205625,0.07916666666666669,0.15833333333333333,0.0
560,0.019729166666666666,0.07083333333333336,-0.08333333333333337,-0.004166666666666667
561,0.0201875,0.07916666666666669,0.04583333333333334,0.004166666666666667
562,0.021500000000000002,0.06250000000000003,0.13124999999999998,-0.008333333333333333
563,0.022770833333333334,0.07500000000000002,0.12708333333333333,0.00625
564,0.021979166666666668,0.029166666666666695,-0.07916666666666672,-0.022916666666666665
565,0.02279166666666667,0.020833333333333363,0.08124999999999999,-0.004166666666666667
566,0.022333333333333337,0.0,-0.04583333333333328,-0.014583333333333334
567,0.022020833333333337,0.0,-0.03125,-0.014583333333333334
568,0.023395833333333338,0.0,0.1375,-0.008333333333333333
569,0.02422916666666667,0.0,0.08333333333333331,-0.004166666666666667
570,0.025583333333333336,0.020833333333333332,0.13541666666666669,0.010416666666666666
571,0.02585416666666667,0.0,0.027083333333333348,-0.01875
572,0.025937500000000006,0.0,0.00833333333333336,-0.00625
573,0.025375000000000005,0.0,-0.05625000000000002,-0.01875
574,0.023979166666666673,0.0,-0.13958333333333328,-0.004166666666666667
575,0.02333333333333334,0.0,-0.06458333333333333,-0.008333333333333333
576,0.023500000000000007,0.0,0.016666666666666663,-0.0125
577,0.02089583333333334,0.0,-0.26041666666666663,-0.00625
578,0.019645833333333338,0.0,-0.125,-0.014583333333333334
579,0.018250000000000006,0.0,-0.13958333333333328,-0.014583333333333334
580,0.017750000000000005,0.004166666666666667,-0.050000000000000044,0.0020833333333333333
581,0.015625000000000007,0.0,-0.21250000000000002,-0.008333333333333333
582,0.014354166666666673,0.0,-0.12708333333333333,-0.0020833333333333333
583,0.012833333333333339,0.0,-0.15208333333333335,-0.020833333333333332
584,0.012625000000000006,0.0,-0.02083333333333337,-0.010416666666666666
585,0.010979166666666674,0.0,-0.1645833333333333,-0.008333333333333333
586,0.009270833333333341,0.0,-0.17083333333333328,-0.004166666666666667
587,0.007458333333333341,0.0,-0.18125000000000002,-0.0125
588,0.006395833333333342,0.008333333333333333,-0.10624999999999996,0.004166666666666667
589,0.004666666666666675,0.016666666666666666,-0.17291666666666672,0.004166666666666667
590,0.0016458333333333412,0.0,-0.30208333333333337,-0.016666666666666666
591,0.0,0.0,-0.30625,0.0
592,0.0,0.0,-0.2104166666666667,-0.01875
593,0.0,0.0,-0.25416666666666665,-0.00625
594,0.0,0.0,-0.2979166666666667,-0.027083333333333334
595,0.0,0.0,-0.29166666666666663,-0.0125
596,0.0,0.0,-0.33333333333333337,-0.004166666666666667
597,0.0,0.0,-0.17708333333333337,-0.004166666666666667
598,0.0,0.0,-0.15416666666666667,-0.008333333333333333
599,0.0,0.004166666666666667,-0.29166666666666663,0.0020833333333333333
600,0.0,0.0,-0.09999999999999998,-0.0020833333333333333
601,0.0,0.0,-0.35416666666666663,-0.0020833333333333333
602,0.0,0.004166666666666667,-0.4541666666666667,0.0020833333333333333
603,0.0,0.0,-0.2104166666666667,-0.010416666666666666
604,0.0,0.0,-0.24791666666666667,-0.014583333333333334
605,0.0,0.0,-0.19791666666666663,0.0
606,0.0,0.0,-0.3291666666666667,-0.008333333333333333
607,0.0,0.0,-0.13958333333333328,-0.00625
608,0.0,0.0,-0.2666666666666667,-0.004166666666666667
609,0.0,0.008333333333333333,-0.21458333333333335,0.004166666666666667
610,0.0,0.0,-0.16666666666666663,-0.00625
611,0.0,0.0,-0.31666666666666665,-0.008333333333333333
612,0.0,0.0,-0.2666666666666667,-0.004166666666666667
613,0.0,0.0,-0.2270833333333333,-0.0125
614,0.0,0.0,-0.10416666666666663,0.0
615,0.0,0.0,-0.25,-0.010416666666666666
616,0.0,0.0,-0.15833333333333333,-0.008333333333333333
617,0.0004583333333333334,0.008333333333333333,0.04583333333333334,0.004166666666666667
618,0.0,0.0375,-0.15625,0.014583333333333334
619,0.0,0.05,-0.20208333333333328,0.00625
620,0.0,0.04166666666666667,-0.26875000000000004,-0.004166666666666667
621,0.0,0.025000000000000005,-0.19166666666666665,-0.008333333333333333
622,0.0,0.037500000000000006,-0.22499999999999998,0.00625
623,0.0,0.03333333333333334,-0.12083333333333335,-0.0020833333333333333
624,0.0,0.02083333333333334,-0.09375,-0.00625
625,0.0,0.008333333333333338,-0.054166666666666696,-0.00625
626,0.0,0.0,-0.18125000000000002,-0.020833333333333332
627,0.0,0.0,-0.13124999999999998,-0.0125
628,0.0,0.004166666666666667,-0.014583333333333282,0.0020833333333333333
629,0.0,0.0,-0.2104166666666667,-0.0125
630,0.0,0.0,-0.17083333333333328,-0.025
631,0.0,0.0,-0.04583333333333328,-0.00625
632,0.00014583333333333337,0.0,0.014583333333333337,-0.004166666666666667
633,0.0,0.0,-0.20416666666666672,-0.0125
634,0.0,0.0,-0.27083333333333337,-0.022916666666666665
635,0.0,0.0,-0.04166666666666663,-0.008333333333333333
636,0.0,0.008333333333333333,-0.05833333333333335,0.004166666666666667
637,0.0004999999999999999,0.0125,0.04999999999999999,0.0020833333333333333
638,0.0,0.0,-0.15208333333333335,-0.008333333333333333
639,0.0,0.008333333333333333,-0.07916666666666672,0.004166666666666667
640,0.0,0.004166666666666667,-0.07916666666666672,-0.0020833333333333333
641,0.0007083333333333336,0.0,0.07083333333333336,-0.00625
642,0.0,0.0,-0.09999999999999998,0.0
643,8.333333333333359e-05,0.0125,0.00833333333333336,0.00625
644,0.0,0.020833333333333336,-0.022916666666666696,0.004166666666666667
645,0.0,0.012500000000000002,-0.07916666666666672,-0.004166666666666667
646,0.0,0.004166666666666669,-0.11250000000000004,-0.004166666666666667
647,0.0,0.004166666666666669,-0.05625000000000002,0.0
648,0.0,0.0,-0.30833333333333335,-0.00625
649,0.0010625,0.0375,0.10625000000000001,0.01875
650,0.005520833333333333,0.075,0.4458333333333333,0.01875
651,0.006875,0.0875,0.13541666666666669,0.00625
652,0.007895833333333335,0.09999999999999999,0.10208333333333336,0.00625
653,0.008541666666666668,0.11249999999999999,0.06458333333333333,0.00625
654,0.008854166666666668,0.10833333333333332,0.03125,-0.0020833333333333333
655,0.009333333333333334,0.12916666666666665,0.04791666666666666,0.010416666666666666
656,0.0098125,0.12083333333333332,0.04791666666666666,-0.004166666666666667
657,0.007791666666666667,0.10416666666666666,-0.20208333333333328,-0.008333333333333333
658,0.005875000000000001,0.08333333333333333,-0.19166666666666665,-0.010416666666666666
659,0.004958333333333334,0.04583333333333333,-0.09166666666666667,-0.01875
660,0.004812500000000001,0.008333333333333331,-0.014583333333333282,-0.01875
661,0.004604166666666667,0.0,-0.02083333333333337,-0.01875
662,0.0030208333333333337,0.0,-0.15833333333333333,0.0
663,0.003604166666666667,0.020833333333333332,0.05833333333333335,0.010416666666666666
664,0.0031666666666666675,0.012499999999999999,-0.043749999999999956,-0.004166666666666667
665,0.003562500000000001,0.041666666666666664,0.03958333333333336,0.014583333333333334
666,0.0033125000000000008,0.049999999999999996,-0.025000000000000022,0.004166666666666667
667,0.0024583333333333336,0.049999999999999996,-0.0854166666666667,0.0
668,0.00027083333333333343,0.041666666666666664,-0.21875,-0.004166666666666667
669,0.0,0.0375,-0.10624999999999996,-0.0020833333333333333
670,0.0,0.029166666666666667,-0.039583333333333304,-0.004166666666666667
671,0.0,0.03333333333333333,-0.14375000000000004,0.0020833333333333333
672,0.0,0.004166666666666666,-0.0708333333333333,-0.014583333333333334
673,0.0,0.012499999999999999,-0.22083333333333333,0.004166666666666667
674,0.0,0.0,-0.2895833333333333,-0.029166666666666667
675,0.0,0.0,-0.07291666666666663,-0.008333333333333333
676,0.0,0.0125,-0.07708333333333328,0.00625
677,0.0,0.0041666666666666675,-0.11250000000000004,-0.004166666666666667
678,0.0,0.0,-0.26875000000000004,-0.016666666666666666
679,0.0,0.0,-0.1333333333333333,-0.004166666666666667
680,0.0,0.0,-0.02083333333333337,-0.008333333333333333
681,0.0,0.0,-0.08333333333333337,-0.008333333333333333
682,0.0022708333333333335,0.041666666666666664,0.22708333333333336,0.020833333333333332
683,4.336808689942018e-19,0.016666666666666663,-0.2270833333333333,-0.0125
684,0.0,0.041666666666666664,-0.006249999999999978,0.0125
685,0.0,0.016666666666666663,-0.1875,-0.0125
686,0.0017083333333333334,0.04583333333333333,0.17083333333333334,0.014583333333333334
687,0.004041666666666667,0.05416666666666666,0.23333333333333334,0.004166666666666667
688,0.005708333333333334,0.04583333333333333,0.16666666666666669,-0.004166666666666667
689,0.004979166666666668,0.041666666666666664,-0.07291666666666663,-0.0020833333333333333
690,0.004791666666666668,0.0375,-0.018750000000000044,-0.0020833333333333333
691,0.004458333333333335,0.0375,-0.033333333333333326,0.0
692,0.006208333333333335,0.04583333333333333,0.175,0.004166666666666667
693,0.005666666666666668,0.033333333333333326,-0.054166666666666696,-0.00625
694,0.005458333333333334,0.020833333333333325,-0.02083333333333337,-0.00625
695,0.004291666666666668,0.01666666666666666,-0.1166666666666667,-0.0020833333333333333
696,0.007708333333333334,0.062499999999999986,0.3416666666666667,0.022916666666666665
697,0.007583333333333335,0.07083333333333332,-0.012499999999999956,0.004166666666666667
698,0.009875000000000002,0.09583333333333333,0.22916666666666669,0.0125
699,0.009458333333333336,0.09999999999999999,-0.04166666666666663,0.0020833333333333333
700,0.008250000000000002,0.05833333333333333,-0.12083333333333335,-0.020833333333333332
701,0.008020833333333335,0.04166666666666666,-0.022916666666666696,-0.008333333333333333
702,0.01229166666666667,0.07499999999999998,0.42708333333333337,0.016666666666666666
703,0.013500000000000003,0.045833333333333316,0.12083333333333335,-0.014583333333333334
704,0.011833333333333336,0.03333333333333331,-0.16666666666666663,-0.00625
705,0.011020833333333336,0.02499999999999998,-0.08125000000000004,-0.004166666666666667
706,0.011291666666666669,0.02499999999999998,0.027083333333333348,0.0
707,0.012145833333333335,0.03333333333333331,0.08541666666666664,0.004166666666666667
708,0.010854166666666668,0.016666666666666646,-0.12916666666666665,-0.008333333333333333
709,0.010604166666666668,0.01249999999999998,-0.025000000000000022,-0.0020833333333333333
710,0.009937500000000002,0.01249999999999998,-0.06666666666666665,0.0
711,0.008958333333333336,0.0,-0.09791666666666665,-0.014583333333333334
712,0.007583333333333336,0.0,-0.13749999999999996,-0.025
713,0.00560416666666667,0.0,-0.19791666666666663,-0.016666666666666666
714,0.004770833333333336,0.0,-0.08333333333333337,-0.00625
715,0.002895833333333336,0.0,-0.1875,0.0
716,0.0028333333333333366,0.0,-0.006249999999999978,-0.010416666666666666
717,0.0014791666666666703,0.0,-0.13541666666666663,-0.01875
718,0.0,0.0,-0.16666666666666663,-0.0125
719,0.0,0.0,-0.20416666666666672,-0.016666666666666666
720,0.0,0.0,-0.039583333333333304,0.0
721,0.0,0.0,-0.15416666666666667,-0.014583333333333334
722,0.0,0.0,-0.25,-0.014583333333333334
723,0.0,0.0,-0.15208333333333335,-0.0020833333333333333
724,0.0,0.0,-0.16874999999999996,-0.027083333333333334
725,0.0,0.0,-0.29166666666666663,-0.0020833333333333333
726,0.0,0.0,-0.2895833333333333,-0.00625
727,0.0,0.0,-0.41041666666666665,-0.01875
728,0.0,0.0,-0.22499999999999998,-0.025
729,0.0,0.0,-0.1166666666666667,-0.00625
730,0.0,0.0,-0.13541666666666663,-0.010416666666666666
731,0.0,0.0,-0.13541666666666663,-0.020833333333333332
732,0.0,0.0,-0.04583333333333328,-0.004166666666666667
733,0.0,0.0,-0.2583333333333333,-0.0125
734,2.0833333333333258e-05,0.0,0.002083333333333326,-0.014583333333333334
735,0.0,0.0,-0.2416666666666667,-0.008333333333333333
736,0.0,0.0,-0.16249999999999998,0.0
737,0.0,0.0,-0.0854166666666667,-0.004166666666666667
738,0.0,0.0,-0.1645833333333333,-0.00625
739,0.0014583333333333332,0.0,0.14583333333333331,-0.004166666666666667
740,0.0021249999999999997,0.0,0.06666666666666665,-0.01875
741,0.003208333333333333,0.008333333333333333,0.10833333333333334,0.004166666666666667
742,0.0029166666666666664,0.0,-0.029166666666666674,-0.008333333333333333
743,0.0001874999999999993,0.0,-0.2729166666666667,-0.01875
744,0.0,0.004166666666666667,-0.03125,0.0020833333333333333
745,0.00022916666666666642,0.008333333333333333,0.02291666666666664,0.0020833333333333333
746,0.0,0.0,-0.1645833333333333,-0.014583333333333334
747,0.0,0.0,-0.03125,-0.010416666666666666
748,0.0,0.0,-0.20625000000000004,-0.016666666666666666
749,0.0009999999999999998,0.03333333333333333,0.09999999999999998,0.016666666666666666
750,6.249999999999984e-05,0.0375,-0.09375,0.0020833333333333333
751,0.0008125,0.020833333333333332,0.07500000000000001,-0.008333333333333333
752,0.0,0.004166666666666666,-0.17291666666666672,-0.008333333333333333
753,0.0,0.004166666666666666,-0.2520833333333333,0.0
754,0.0,0.0,-0.03749999999999998,-0.010416666666666666
755,0.0,0.0,-0.01041666666666663,-0.004166666666666667
756,2.0833333333333258e-05,0.0,0.002083333333333326,-0.004166666666666667
757,0.0,0.0,-0.002083333333333326,-0.010416666666666666
758,0.0,0.004166666666666667,-0.022916666666666696,0.0020833333333333333
759,0.0,0.0,-0.06666666666666665,-0.008333333333333333
760,0.0,0.0,-0.19374999999999998,-0.008333333333333333
761,0.0,0.0125,-0.008333333333333304,0.00625
762,0.0,0.0,-0.06458333333333333,-0.01875
763,0.0,0.0,-0.027083333333333348,-0.00625
764,0.0,0.0,-0.1645833333333333,-0.010416666666666666
765,0.0010833333333333335,0.0,0.10833333333333334,-0.014583333333333334
766,0.0011875000000000004,0.0,0.010416666666666685,-0.008333333333333333
767,0.0003333333333333334,0.0,-0.0854166666666667,-0.00625
768,0.0006250000000000001,0.025,0.029166666666666674,0.0125
769,0.0003749999999999999,0.008333333333333335,-0.025000000000000022,-0.008333333333333333
770,0.00022916666666666707,0.0,-0.014583333333333282,-0.010416666666666666
771,0.00041666666666666696,0.020833333333333332,0.01874999999999999,0.010416666666666666
772,0.0014583333333333338,0.0375,0.10416666666666669,0.008333333333333333
773,0.0010000000000000009,0.024999999999999998,-0.04583333333333328,-0.00625
774,0.002958333333333334,0.058333333333333334,0.1958333333333333,0.016666666666666666
775,0.0036250000000000006,0.058333333333333334,0.06666666666666665,0.0
776,0.003187500000000001,0.025,-0.043749999999999956,-0.016666666666666666
777,0.0037708333333333344,0.025,0.05833333333333335,0.0
778,0.002520833333333334,0.004166666666666669,-0.125,-0.010416666666666666
779,0.0035000000000000005,0.0,0.09791666666666665,-0.00625
780,0.004875000000000001,0.029166666666666667,0.1375,0.014583333333333334
781,0.006270833333333334,0.04583333333333334,0.13958333333333334,0.008333333333333333
782,0.0063750000000000005,0.037500000000000006,0.010416666666666685,-0.004166666666666667
783,0.005208333333333334,0.025000000000000005,-0.1166666666666667,-0.00625
784,0.006125,0.02916666666666667,0.09166666666666667,0.0020833333333333333
785,0.006854166666666667,0.02916666666666667,0.07291666666666669,0.0
786,0.0066875,0.012500000000000004,-0.01666666666666672,-0.008333333333333333
787,0.005729166666666666,0.008333333333333338,-0.09583333333333333,-0.0020833333333333333
788,0.005791666666666666,0.004166666666666672,0.006249999999999978,-0.0020833333333333333
789,0.006458333333333333,5.204170427930421e-18,0.06666666666666665,-0.0020833333333333333
790,0.0075625,0.0,0.11041666666666666,-0.0020833333333333333
791,0.008604166666666666,0.0,0.10416666666666669,-0.004166666666666667
792,0.0070416666666666666,0.0,-0.15625,-0.008333333333333333
793,0.010333333333333333,0.05416666666666667,0.32916666666666666,0.027083333333333334
794,0.009645833333333333,0.05,-0.06874999999999998,-0.0020833333333333333
795,0.007375,0.04166666666666667,-0.2270833333333333,-0.004166666666666667
796,0.006874999999999999,0.05416666666666667,-0.050000000000000044,0.00625
797,0.004583333333333333,0.020833333333333336,-0.22916666666666663,-0.016666666666666666
798,0.0046875,0.012500000000000002,0.010416666666666685,-0.004166666666666667
799,0.003520833333333333,0.025,-0.1166666666666667,0.00625
800,0.00045833333333333273,0.008333333333333335,-0.30625,-0.008333333333333333
801,0.0008541666666666663,0.01666666666666667,0.03958333333333336,0.004166666666666667
802,0.0007708333333333332,0.0,-0.008333333333333304,-0.0125
803,0.0012916666666666662,0.008333333333333333,0.052083333333333315,0.004166666666666667
804,0.0027916666666666663,0.016666666666666666,0.15000000000000002,0.004166666666666667
805,0.0025833333333333324,0.0,-0.02083333333333337,-0.008333333333333333
806,0.0018541666666666663,0.0,-0.07291666666666663,-0.008333333333333333
807,0.002416666666666667,0.016666666666666666,0.05625000000000002,0.008333333333333333
808,0.0042291666666666675,0.0375,0.18125000000000002,0.010416666666666666
809,0.0013333333333333344,0.029166666666666667,-0.2895833333333333,-0.004166666666666667
810,0.0,0.016666666666666666,-0.14583333333333337,-0.00625
811,0.0,0.020833333333333332,-0.16666666666666663,0.0020833333333333333
812,0.0,0.020833333333333332,-0.027083333333333348,0.0
813,0.0,0.008333333333333331,-0.17291666666666672,-0.00625
814,0.0006458333333333332,0.016666666666666663,0.06458333333333333,0.004166666666666667
815,0.0,0.033333333333333326,-0.29166666666666663,0.008333333333333333
816,0.0022083333333333334,0.05833333333333333,0.22083333333333333,0.0125
817,0.002895833333333333,0.06249999999999999,0.06874999999999998,0.0020833333333333333
818,0.005958333333333333,0.11666666666666667,0.30624999999999997,0.027083333333333334
819,0.008020833333333333,0.14166666666666666,0.20625,0.0125
820,0.007916666666666667,0.11666666666666667,-0.01041666666666663,-0.0125
821,0.006916666666666667,0.125,-0.09999999999999998,0.004166666666666667
822,0.006541666666666668,0.1125,-0.03749999999999998,-0.00625
823,0.008479166666666668,0.12083333333333333,0.19375000000000003,0.004166666666666667
824,0.009562500000000002,0.12083333333333333,0.10833333333333334,0.0
825,0.011020833333333334,0.125,0.14583333333333331,0.0020833333333333333
826,0.0119375,0.13333333333333333,0.09166666666666667,0.004166666666666667
827,0.0123125,0.15416666666666667,0.03749999999999998,0.010416666666666666
828,0.013000000000000001,0.15833333333333335,0.06874999999999998,0.0020833333333333333
829,0.014666666666666668,0.2041666666666667,0.16666666666666669,0.022916666666666665
830,0.012708333333333335,0.18750000000000003,-0.1958333333333333,-0.008333333333333333
831,0.012416666666666668,0.16666666666666669,-0.029166666666666674,-0.010416666666666666
832,0.013270833333333334,0.17083333333333336,0.08541666666666664,0.0020833333333333333
833,0.014145833333333335,0.16250000000000003,0.08750000000000002,-0.004166666666666667
834,0.013270833333333334,0.13333333333333336,-0.08750000000000002,-0.014583333333333334
835,0.014750000000000001,0.13333333333333336,0.14791666666666664,0.0
836,0.016625,0.14583333333333337,0.1875,0.00625
837,0.016395833333333335,0.1291666666666667,-0.022916666666666696,-0.008333333333333333
838,0.01929166666666667,0.1541666666666667,0.2895833333333333,0.0125
840,0.020145833333333335,0.13333333333333336,0.08541666666666664,-0.010416666666666666
841,0.01972916666666667,0.12916666666666668,-0.04166666666666663,-0.0020833333333333333
842,0.018458333333333337,0.10833333333333335,-0.12708333333333333,-0.010416666666666666
843,0.018250000000000002,0.10000000000000002,-0.02083333333333337,-0.004166666666666667
844,0.018062500000000002,0.09583333333333335,-0.018750000000000044,-0.0020833333333333333
845,0.015583333333333334,0.08333333333333336,-0.24791666666666667,-0.00625
846,0.016104166666666666,0.07916666666666669,0.052083333333333315,-0.0020833333333333333
847,0.015395833333333333,0.07083333333333336,-0.0708333333333333,-0.004166666666666667
848,0.0155625,0.07500000000000002,0.016666666666666663,0.0020833333333333333
849,0.014374999999999999,0.05833333333333336,-0.11875000000000002,-0.008333333333333333
850,0.0156875,0.0666666666666667,0.13124999999999998,0.004166666666666667
851,0.014520833333333334,0.05000000000000003,-0.1166666666666667,-0.008333333333333333
852,0.011395833333333334,0.02500000000000003,-0.3125,-0.0125
853,0.011500000000000002,0.004166666666666697,0.010416666666666685,-0.010416666666666666
854,0.009583333333333334,0.004166666666666697,-0.19166666666666665,0.0
855,0.0080625,0.02500000000000003,-0.15208333333333335,0.010416666666666666
856,0.006604166666666666,0.0,-0.14583333333333337,-0.016666666666666666
857,0.0059791666666666665,0.0,-0.0625,-0.00625
858,0.002604166666666666,0.0,-0.3375,-0.004166666666666667
859,0.0021666666666666666,0.0,-0.043749999999999956,-0.014583333333333334
860,0.0,0.0,-0.30000000000000004,-0.00625
861,0.0,0.0,-0.027083333333333348,-0.00625
862,0.0,0.0,-0.0708333333333333,0.0
863,0.0001874999999999999,0.0,0.01874999999999999,-0.004166666666666667
864,0.0,0.0,-0.13541666666666663,-0.0125
865,0.0,0.0,-0.23124999999999996,-0.01875
866,0.0,0.0,-0.27083333333333337,-0.020833333333333332
867,0.0,0.0,-0.24375000000000002,-0.020833333333333332
868,0.0,0.0,-0.07291666666666663,-0.010416666666666666
869,0.0,0.020833333333333332,-0.15000000000000002,0.010416666666666666
870,0.0,0.020833333333333332,-0.22916666666666663,0.0
871,0.0,0.004166666666666666,-0.24791666666666667,-0.008333333333333333
872,0.0,0.0,-0.20416666666666672,-0.0125
873,0.0,0.0,-0.08958333333333335,-0.0020833333333333333
874,0.0,0.0,-0.17500000000000004,0.0
875,0.0,0.0,-0.06874999999999998,-0.016666666666666666
876,0.0,0.008333333333333333,-0.012499999999999956,0.004166666666666667
877,0.0,0.0,-0.31666666666666665,-0.008333333333333333
878,0.0,0.0,-0.0708333333333333,-0.008333333333333333
879,0.0,0.0,-0.18541666666666667,-0.00625
880,0.0,0.0,-0.3895833333333333,0.0
881,0.0,0.0,-0.12083333333333335,-0.020833333333333332
882,0.0,0.0,-0.30833333333333335,-0.01875
883,0.0,0.0,-0.11250000000000004,-0.016666666666666666
884,0.0,0.0,-0.20625000000000004,-0.0125
885,0.0,0.0,-0.1479166666666667,-0.008333333333333333
886,0.0,0.0,-0.3583333333333333,0.0
887,0.0006666666666666665,0.008333333333333333,0.06666666666666665,0.004166666666666667
888,0.0,0.0,-0.13749999999999996,-0.008333333333333333
889,0.0,0.0,-0.09583333333333333,-0.0020833333333333333
890,0.00029166666666666675,0.008333333333333333,0.029166666666666674,0.004166666666666667
891,0.0,0.0,-0.11458333333333337,-0.010416666666666666
892,0.0,0.004166666666666667,-0.3666666666666667,0.0020833333333333333
893,0.0,0.0,-0.20833333333333337,-0.008333333333333333
894,0.0,0.0,-0.12708333333333333,-0.00625
895,0.0,0.0,-0.2583333333333333,-0.010416666666666666
896,0.0,0.0,-0.25,-0.00625
897,0.0,0.0,-0.3104166666666667,-0.00625
898,0.004125,0.0625,0.4125,0.03125
899,0.001958333333333333,0.05416666666666667,-0.21666666666666667,-0.004166666666666667
900,0.000770833333333333,0.05416666666666667,-0.11875000000000002,0.0
901,0.0,0.03333333333333334,-0.11250000000000004,-0.010416666666666666
902,0.0,0.029166666666666674,-0.18541666666666667,-0.0020833333333333333
903,0.0,0.037500000000000006,-0.13541666666666663,0.004166666666666667
904,0.0,0.016666666666666673,-0.15833333333333333,-0.010416666666666666
905,0.0,0.012500000000000008,-0.08958333333333335,-0.0020833333333333333
906,0.0,0.020833333333333343,-0.17500000000000004,0.004166666666666667
907,0.0,0.016666666666666677,-0.033333333333333326,-0.0020833333333333333
908,0.0,0.012500000000000011,-0.05833333333333335,-0.0020833333333333333
909,0.0,1.0408340855860843e-17,-0.11458333333333337,-0.00625
910,0.0,0.0,-0.16874999999999996,-0.01875
911,0.0,0.0,-0.2583333333333333,-0.004166666666666667
912,0.0,0.0,-0.11875000000000002,-0.0125
913,0.0,0.0,-0.16666666666666663,-0.010416666666666666
914,0.0,0.0,-0.15833333333333333,-0.016666666666666666
915,0.0,0.0,-0.16249999999999998,-0.008333333333333333
916,0.0,0.0,-0.12291666666666667,-0.010416666666666666
917,0.0,0.0,-0.07916666666666672,-0.004166666666666667
918,0.0023125000000000003,0.03333333333333333,0.23125,0.016666666666666666
919,0.0010625000000000003,0.03333333333333333,-0.125,0.0
920,0.0009375000000000007,0.020833333333333332,-0.012499999999999956,-0.00625
921,0.00016666666666666794,0.0,-0.07708333333333328,-0.010416666666666666
922,0.0002708333333333348,0.0,0.010416666666666685,-0.00625
923,0.0,0.0,-0.3604166666666667,-0.025
924,0.0010625,0.025,0.10625000000000001,0.0125
925,0.0,0.0,-0.23958333333333337,-0.027083333333333334
926,0.0,0.0,-0.14166666666666672,-0.010416666666666666
927,0.0,0.0,-0.09999999999999998,-0.008333333333333333
928,0.0,0.0,-0.08958333333333335,-0.016666666666666666
929,0.0001874999999999999,0.0,0.01874999999999999,-0.004166666666666667
930,0.0,0.0,-0.15416666666666667,-0.004166666666666667
931,0.0,0.0,-0.07708333333333328,-0.004166666666666667
932,8.333333333333359e-05,0.020833333333333332,0.00833333333333336,0.010416666666666666
933,0.0002083333333333337,0.012499999999999999,0.012500000000000011,-0.004166666666666667
934,0.0,0.0,-0.08125000000000004,-0.025
935,0.0006041666666666668,0.008333333333333333,0.060416666666666674,0.004166666666666667
936,0.0002916666666666668,0.004166666666666667,-0.03125,-0.0020833333333333333
937,0.0009583333333333334,0.008333333333333333,0.06666666666666665,0.0020833333333333333
938,4.166666666666663e-05,0.0,-0.09166666666666667,-0.004166666666666667
939,0.0029791666666666664,0.05416666666666667,0.29375,0.027083333333333334
940,0.002,0.029166666666666667,-0.09791666666666665,-0.0125
941,0.0025,0.025,0.04999999999999999,-0.0020833333333333333
942,0.0020833333333333337,0.0125,-0.04166666666666663,-0.00625
943,0.002854166666666667,0.0,0.07708333333333334,-0.0125
944,0.0045000000000000005,0.020833333333333332,0.16458333333333336,0.010416666666666666
945,0.0030208333333333337,0.0,-0.1479166666666667,-0.022916666666666665
946,0.0014166666666666672,0.0,-0.16041666666666665,-0.016666666666666666
947,0.0004166666666666674,0.0,-0.09999999999999998,-0.020833333333333332
948,0.0019375000000000004,0.025,0.1520833333333333,0.0125
949,0.0012291666666666675,0.004166666666666669,-0.0708333333333333,-0.010416666666666666
950,0.00012500000000000033,0.0,-0.11041666666666672,-0.010416666666666666
951,0.0,0.0,-0.17083333333333328,-0.010416666666666666
952,0.002375,0.029166666666666667,0.2375,0.014583333333333334
953,0.0022708333333333335,0.03333333333333333,-0.01041666666666663,0.0020833333333333333
954,0.0045000000000000005,0.05,0.22291666666666665,0.008333333333333333
955,0.004541666666666667,0.04166666666666667,0.004166666666666652,-0.004166666666666667
956,0.0050416666666666665,0.008333333333333338,0.04999999999999999,-0.016666666666666666
957,0.004333333333333333,0.0,-0.0708333333333333,-0.008333333333333333
958,0.0046875,0.0,0.03541666666666665,-0.010416666666666666
959,0.0030833333333333333,0.0,-0.16041666666666665,-0.0020833333333333333
960,0.00625,0.016666666666666666,0.31666666666666665,0.008333333333333333
961,0.0067708333333333336,0.03333333333333333,0.052083333333333315,0.008333333333333333
962,0.005687500000000001,0.03333333333333333,-0.10833333333333328,0.0
963,0.0035833333333333338,0.029166666666666667,-0.2104166666666667,-0.0020833333333333333
964,0.0021041666666666665,0.020833333333333336,-0.1479166666666667,-0.004166666666666667
965,0.0013124999999999994,0.0,-0.07916666666666672,-0.014583333333333334
966,0.0014583333333333327,0.0,0.014583333333333337,-0.004166666666666667
967,0.0012916666666666656,0.0,-0.01666666666666672,-0.004166666666666667
968,0.0008124999999999983,0.0,-0.04791666666666672,-0.00625
969,0.002437499999999998,0.0,0.16249999999999998,-0.0020833333333333333
970,0.0013333333333333307,0.0,-0.11041666666666672,-0.0125
971,0.0,0.0,-0.14166666666666672,-0.0125
972,0.0,0.004166666666666667,-0.09583333333333333,0.0020833333333333333
973,0.0,0.0125,-0.025000000000000022,0.004166666666666667
974,0.0,0.0041666666666666675,-0.04583333333333328,-0.004166666666666667
975,0.0012291666666666668,0.0125,0.12291666666666667,0.004166666666666667
976,0.00027083333333333354,0.0125,-0.09583333333333333,0.0
977,0.0023750000000000004,0.05416666666666667,0.2104166666666667,0.020833333333333332
978,0.002854166666666667,0.04166666666666667,0.04791666666666666,-0.00625
979,0.0042291666666666675,0.05416666666666667,0.1375,0.00625
980,0.0030416666666666673,0.025,-0.11875000000000002,-0.014583333333333334
981,0.0027291666666666675,0.01666666666666667,-0.03125,-0.004166666666666667
982,0.0028541666666666676,0.0,0.012500000000000011,-0.010416666666666666
983,0.007270833333333334,0.03333333333333333,0.44166666666666665,0.016666666666666666
984,0.006625000000000001,0.025,-0.06458333333333333,-0.004166666666666667
985,0.007895833333333335,0.0125,0.12708333333333333,-0.00625
986,0.0071041666666666675,0.0,-0.07916666666666672,-0.010416666666666666
987,0.009979166666666667,0.03333333333333333,0.28750000000000003,0.016666666666666666
988,0.009562500000000002,0.04583333333333334,-0.04166666666666663,0.00625
989,0.009354166666666669,0.03333333333333334,-0.02083333333333337,-0.00625
990,0.009583333333333334,0.012500000000000008,0.02291666666666664,-0.010416666666666666
991,0.010166666666666668,6.938893903907228e-18,0.05833333333333335,-0.00625
992,0.008979166666666667,0.0,-0.11875000000000002,-0.016666666666666666
993,0.007854166666666666,0.0,-0.11250000000000004,-0.0125
994,0.008916666666666666,0.008333333333333333,0.10625000000000001,0.004166666666666667
995,0.008,0.0125,-0.09166666666666667,0.0020833333333333333
996,0.007125,0.008333333333333335,-0.08750000000000002,-0.0020833333333333333
997,0.007916666666666667,0.0125,0.07916666666666666,0.0020833333333333333
998,0.008270833333333333,0.0041666666666666675,0.03541666666666665,-0.004166666666666667
999,0.0076458333333333335,0.0,-0.0625,-0.010416666666666666
1000,0.0068125,0.0,-0.08333333333333337,-0.00625
1001,0.0058125,0.0,-0.09999999999999998,-0.008333333333333333
1002,0.004062499999999999,0.0,-0.17500000000000004,-0.01875
1003,0.0038541666666666655,0.0,-0.02083333333333337,-0.004166666666666667
1004,0.001312499999999999,0.0,-0.25416666666666665,-0.022916666666666665
1005,0.0,0.0,-0.2520833333333333,-0.014583333333333334
1006,0.0,0.0,-0.2979166666666667,-0.014583333333333334
1007,0.0,0.0,-0.125,0.0
1008,0.0,0.0,-0.10624999999999996,-0.00625
1009,0.0007500000000000001,0.0,0.07500000000000001,-0.0125
1010,0.0,0.0,-0.13541666666666663,-0.0125
1011,0.0,0.0,-0.06458333333333333,-0.0020833333333333333
1012,0.0,0.0,-0.20833333333333337,0.0
1013,0.0,0.020833333333333332,-0.050000000000000044,0.010416666666666666
1014,0.0,0.012499999999999999,-0.26041666666666663,-0.004166666666666667
1015,0.0,0.0,-0.10833333333333328,-0.010416666666666666
1016,0.0,0.0,-0.2416666666666667,-0.014583333333333334
1017,0.0,0.0,-0.1791666666666667,-0.004166666666666667
1018,0.0,0.0,-0.09583333333333333,-0.016666666666666666
1019,0.0,0.0,-0.06458333333333333,-0.004166666666666667
1020,0.0003125,0.0125,0.03125,0.00625
1021,0.0,0.0125,-0.03541666666666665,0.0
1022,0.0,0.0,-0.26249999999999996,-0.010416666666666666
1023,0.0,0.0,-0.3208333333333333,-0.014583333333333334
1024,0.0,0.0,-0.16249999999999998,-0.016666666666666666
1025,0.0,0.008333333333333333,-0.23333333333333328,0.004166666666666667
1026,0.0,0.004166666666666667,-0.22499999999999998,-0.0020833333333333333
1027,0.0009166666666666668,0.0,0.09166666666666667,-0.0125
1028,0.00029166666666666675,0.0,-0.0625,-0.010416666666666666
1029,0.0,0.0,-0.10624999999999996,-0.00625
1030,0.0,0.0,-0.15208333333333335,-0.014583333333333334
1031,0.0,0.016666666666666666,-0.18958333333333333,0.008333333333333333
1032,0.00041666666666666686,0.0125,0.041666666666666685,-0.0020833333333333333
1033,0.0008750000000000002,0.008333333333333335,0.04583333333333334,-0.0020833333333333333
1034,0.0014375000000000004,0.0,0.05625000000000002,-0.010416666666666666
1035,0.0022500000000000003,0.004166666666666667,0.08124999999999999,0.0020833333333333333
1036,0.002145833333333334,0.004166666666666667,-0.01041666666666663,0.0
1037,0.0039375,0.004166666666666667,0.17916666666666664,0.0
1038,0.004791666666666666,0.0,0.08541666666666664,-0.004166666666666667
1039,0.004145833333333333,0.0,-0.06458333333333333,-0.00625
1040,0.003958333333333333,0.0,-0.018750000000000044,-0.0125
1041,0.004229166666666667,0.0,0.027083333333333348,-0.010416666666666666
1042,0.004083333333333334,0.0,-0.014583333333333282,0.0
1043,0.0031250000000000006,0.0,-0.09583333333333333,-0.0020833333333333333
1044,0.0031250000000000006,0.0,-0.0,-0.010416666666666666
1045,0.002916666666666667,0.0,-0.02083333333333337,-0.0020833333333333333
1046,0.0015833333333333337,0.0,-0.1333333333333333,-0.0020833333333333333
1047,0.001458333333333334,0.0,-0.012499999999999956,-0.008333333333333333
1048,0.0010833333333333342,0.0,-0.03749999999999998,-0.01875
1049,0.0011250000000000006,0.0,0.004166666666666652,0.0
1050,0.0,0.0,-0.12291666666666667,-0.004166666666666667
1051,0.0,0.0,-0.0708333333333333,-0.020833333333333332
1052,0.0004583333333333334,0.0,0.04583333333333334,-0.008333333333333333
1053,0.0013333333333333335,0.0125,0.08750000000000002,0.00625
1054,0.002458333333333333,0.0,0.11249999999999999,-0.00625
1055,0.0030625,0.0,0.060416666666666674,-0.008333333333333333
1056,0.0023750000000000004,0.0,-0.06874999999999998,-0.0125
1057,0.0021458333333333334,0.0,-0.022916666666666696,-0.016666666666666666
1058,0.0007916666666666671,0.0,-0.13541666666666663,-0.020833333333333332
1059,0.0,0.0,-0.12291666666666667,-0.01875
1060,0.0,0.0,-0.0854166666666667,-0.0020833333333333333
1061,0.0014583333333333332,0.004166666666666667,0.14583333333333331,0.0020833333333333333
1062,0.0024166666666666664,0.0125,0.09583333333333333,0.004166666666666667
1063,0.0018124999999999994,0.0,-0.060416666666666674,-0.014583333333333334
1064,0.0018124999999999994,0.0,-0.0,-0.016666666666666666
1065,0.0018124999999999994,0.0,-0.0,-0.008333333333333333
1066,0.0018333333333333326,0.0,0.002083333333333326,-0.004166666666666667
1067,0.0016874999999999998,0.0,-0.014583333333333282,-0.014583333333333334
1068,0.00047916666666666615,0.0,-0.12083333333333335,-0.008333333333333333
1069,0.001208333333333333,0.0,0.07291666666666669,0.0
1070,0.001125,0.0,-0.008333333333333304,-0.016666666666666666
1071,0.0006249999999999995,0.0,-0.050000000000000044,-0.008333333333333333
1072,0.0024999999999999996,0.0125,0.1875,0.00625
1073,0.004104166666666666,0.0,0.16041666666666665,-0.00625
1074,0.005083333333333332,0.004166666666666667,0.09791666666666665,0.0020833333333333333
1075,0.0060624999999999984,0.0,0.09791666666666665,-0.004166666666666667
1076,0.0070624999999999985,0.0,0.09999999999999998,-0.00625
1077,0.008708333333333332,0.016666666666666666,0.16458333333333336,0.008333333333333333
1078,0.008416666666666664,0.0,-0.029166666666666674,-0.008333333333333333
1079,0.00952083333333333,0.0,0.11041666666666666,-0.0020833333333333333
1080,0.009229166666666663,0.0,-0.029166666666666674,-0.0020833333333333333
1081,0.008812499999999997,0.0,-0.04166666666666663,-0.016666666666666666
1082,0.009437499999999998,0.008333333333333333,0.0625,0.004166666666666667
1083,0.010437499999999997,0.029166666666666667,0.09999999999999998,0.010416666666666666
1084,0.011312499999999998,0.016666666666666666,0.08750000000000002,-0.00625
1085,0.010208333333333331,0.0,-0.11041666666666672,-0.008333333333333333
1086,0.011124999999999998,0.0,0.09166666666666667,-0.00625
1087,0.011916666666666664,0.0,0.07916666666666666,-0.010416666666666666
1088,0.011624999999999996,0.0,-0.029166666666666674,-0.016666666666666666
1089,0.011083333333333329,0.0,-0.054166666666666696,-0.008333333333333333
1090,0.011937499999999995,0.0,0.08541666666666664,0.0
1091,0.013020833333333329,0.0,0.10833333333333334,-0.0125
1092,0.012395833333333328,0.0,-0.0625,0.0
1093,0.012458333333333328,0.0,0.006249999999999978,-0.00625
1094,0.012208333333333328,0.0,-0.025000000000000022,-0.010416666666666666
1095,0.010645833333333328,0.0,-0.15625,-0.010416666666666666
1096,0.011333333333333327,0.03333333333333333,0.06874999999999998,0.016666666666666666
1097,0.010708333333333327,0.0125,-0.0625,-0.010416666666666666
1098,0.01029166666666666,0.025,-0.04166666666666663,0.00625
1099,0.01029166666666666,0.020833333333333336,-0.0,-0.0020833333333333333
1100,0.009062499999999994,0.0,-0.12291666666666667,-0.025
1101,0.007041666666666661,0.0,-0.20208333333333328,-0.004166666666666667
1102,0.004895833333333328,0.0,-0.21458333333333335,-0.010416666666666666
1103,0.0012291666666666614,0.0,-0.3666666666666667,-0.004166666666666667
1104,0.0015624999999999947,0.0,0.033333333333333326,-0.00625
1105,0.0014791666666666616,0.0,-0.008333333333333304,-0.016666666666666666
1106,0.0014791666666666616,0.0,-0.0,-0.00625
1107,0.0005833333333333281,0.0,-0.08958333333333335,-0.0020833333333333333
1108,0.0,0.0,-0.27708333333333335,-0.0125
1109,0.0,0.0,-0.2520833333333333,0.0
1110,0.0,0.0,-0.22916666666666663,-0.004166666666666667
1111,0.0,0.0,-0.18125000000000002,-0.008333333333333333
1112,0.0,0.0,-0.0,-0.00625
1113,0.0,0.0,-0.26875000000000004,-0.0125
1114,0.0,0.0,-0.13541666666666663,-0.004166666666666667
1115,0.0,0.0,-0.25416666666666665,-0.008333333333333333
1116,0.0,0.0,-0.32499999999999996,-0.010416666666666666
1117,0.0,0.0,-0.26041666666666663,-0.025
1118,0.0,0.0,-0.2520833333333333,-0.014583333333333334
1119,0.0,0.0,-0.22916666666666663,-0.010416666666666666
1120,0.0,0.004166666666666667,-0.2416666666666667,0.0020833333333333333
1121,0.0,0.0,-0.23750000000000004,-0.027083333333333334
1122,0.0,0.0,-0.07708333333333328,-0.00625
1123,0.0,0.0,-0.1479166666666667,-0.008333333333333333
1124,0.0,0.03333333333333333,-0.14375000000000004,0.016666666666666666
1125,0.0,0.04583333333333334,-0.20625000000000004,0.00625
1126,0.0,0.02916666666666667,-0.31666666666666665,-0.008333333333333333
1127,0.0,0.02916666666666667,-0.26875000000000004,0.0
1128,0.0,3.469446951953614e-18,-0.29374999999999996,-0.014583333333333334
1129,0.0,0.0,-0.09999999999999998,-0.004166666666666667
1130,0.0,0.008333333333333333,-0.10416666666666663,0.004166666666666667
1131,0.0,0.008333333333333333,-0.18541666666666667,0.0
1132,0.0,0.0,-0.060416666666666674,-0.01875
1133,0.0,0.0,-0.4125,-0.0125
1134,0.0,0.0,-0.26249999999999996,-0.020833333333333332
1135,0.0,0.0,-0.15208333333333335,-0.00625
1136,0.0,0.0,-0.2979166666666667,-0.020833333333333332
1137,0.0,0.0,-0.09166666666666667,-0.008333333333333333
1138,0.0,0.025,-0.1020833333333333,0.0125
1139,0.0,0.004166666666666669,-0.054166666666666696,-0.010416666666666666
1140,0.0,0.0,-0.36250000000000004,-0.022916666666666665
1141,0.0,0.0,-0.11250000000000004,-0.016666666666666666
1142,0.0,0.0,-0.3125,-0.016666666666666666
1143,0.0,0.0,-0.07291666666666663,-0.008333333333333333
1144,0.0,0.0,-0.043749999999999956,-0.008333333333333333
1145,0.0,0.0,-0.0708333333333333,-0.01875
1146,0.0,0.0,-0.10624999999999996,-0.0125
1147,0.0,0.0,-0.24583333333333335,-0.020833333333333332
1148,0.0,0.004166666666666667,-0.275,0.0020833333333333333
1149,0.0,0.020833333333333332,-0.2729166666666667,0.008333333333333333
1150,0.0012291666666666668,0.016666666666666666,0.12291666666666667,-0.0020833333333333333
1151,0.0,0.0,-0.24375000000000002,-0.0125
1152,0.0,0.0,-0.12916666666666665,-0.0125
1153,0.000625,0.008333333333333333,0.0625,0.004166666666666667
1154,0.0,0.004166666666666667,-0.0625,-0.0020833333333333333
1155,0.0,0.0,-0.1958333333333333,-0.00625
1156,0.0,0.0,-0.07499999999999996,0.0
1157,0.0,0.0,-0.012499999999999956,-0.008333333333333333
1158,0.0011666666666666663,0.0,0.11666666666666664,-0.0020833333333333333
1159,0.0013958333333333327,0.0,0.02291666666666664,-0.008333333333333333
1160,0.0013749999999999995,0.0,-0.002083333333333326,-0.010416666666666666
1161,0.0,0.0,-0.1479166666666667,-0.004166666666666667
1162,0.0,0.0,-0.02083333333333337,-0.0125
1163,0.0,0.004166666666666667,-0.054166666666666696,0.0020833333333333333
1164,8.333333333333359e-05,0.0,0.00833333333333336,-0.004166666666666667
1165,0.0,0.0,-0.0708333333333333,-0.014583333333333334
1166,0.0019583333333333336,0.041666666666666664,0.19583333333333336,0.020833333333333332
1167,0.0013541666666666667,0.016666666666666663,-0.060416666666666674,-0.0125
1168,0.0004791666666666665,0.0,-0.08750000000000002,-0.008333333333333333
1169,0.0005833333333333333,0.0,0.010416666666666685,-0.0125
1170,0.0006666666666666669,0.0,0.00833333333333336,-0.0020833333333333333
1171,0.0010833333333333337,0.004166666666666667,0.041666666666666685,0.0020833333333333333
1172,0.0010416666666666673,0.008333333333333333,-0.004166666666666652,0.0020833333333333333
1173,0.000625000000000001,0.0,-0.04166666666666663,-0.008333333333333333
1174,0.0017916666666666673,0.0,0.11666666666666664,-0.0020833333333333333
1175,0.002270833333333334,0.0,0.04791666666666666,-0.014583333333333334
1176,0.002645833333333334,0.0,0.03749999999999998,-0.004166666666666667
1177,0.005125000000000001,0.020833333333333332,0.24791666666666667,0.010416666666666666
1178,0.006229166666666668,0.008333333333333331,0.11041666666666666,-0.00625
1179,0.007479166666666668,0.024999999999999998,0.125,0.008333333333333333
1180,0.007250000000000001,0.0,-0.022916666666666696,-0.014583333333333334
1181,0.008583333333333335,0.0,0.13333333333333336,-0.004166666666666667
1182,0.008937500000000001,0.004166666666666667,0.03541666666666665,0.0020833333333333333
1183,0.009083333333333334,0.0125,0.014583333333333337,0.004166666666666667
1184,0.010604166666666668,0.0,0.15208333333333335,-0.00625
1185,0.011333333333333334,0.0,0.07291666666666669,-0.004166666666666667
1186,0.012041666666666668,0.0,0.07083333333333336,-0.0125
1187,0.011354166666666669,0.0,-0.06874999999999998,-0.01875
1188,0.010583333333333335,0.0,-0.07708333333333328,-0.01875
1189,0.011375000000000001,0.0,0.07916666666666666,0.0
1190,0.010208333333333335,0.004166666666666667,-0.1166666666666667,0.0020833333333333333
1191,0.007812500000000002,0.0,-0.23958333333333337,-0.010416666666666666
1192,0.008604166666666668,0.004166666666666667,0.07916666666666666,0.0020833333333333333
1193,0.0071666666666666675,0.0,-0.14375000000000004,-0.0125
1194,0.007666666666666667,0.0,0.04999999999999999,-0.004166666666666667
1195,0.005875,0.0,-0.1791666666666667,-0.00625
1196,0.005458333333333334,0.0,-0.04166666666666663,-0.0020833333333333333
1197,0.0043125,0.0,-0.11458333333333337,-0.0125
1198,0.002666666666666667,0.0,-0.1645833333333333,-0.010416666666666666
1199,0.0029583333333333336,0.0,0.029166666666666674,-0.00625
1200,0.0013958333333333336,0.0,-0.15625,0.0
1201,0.0,0.0,-0.3416666666666667,-0.008333333333333333
1202,0.0010416666666666669,0.0,0.10416666666666669,-0.010416666666666666
1203,0.0,0.004166666666666667,-0.32291666666666663,0.0020833333333333333
1204,0.0,0.0,-0.18958333333333333,-0.00625
1205,0.0003958333333333336,0.0,0.03958333333333336,0.0
1206,8.333333333333359e-05,0.0,-0.03125,-0.0020833333333333333
1207,0.00016666666666666718,0.0,0.00833333333333336,-0.0020833333333333333
1208,0.0,0.0,-0.4354166666666667,-0.00625
1209,0.0,0.0,-0.21875,-0.004166666666666667
1210,0.0,0.0,-0.002083333333333326,-0.0125
1211,0.0005625000000000003,0.0,0.05625000000000002,0.0
1212,0.0019166666666666672,0.0125,0.13541666666666669,0.00625
1213,0.0026875000000000007,0.0,0.07708333333333334,-0.00625
1214,0.003541666666666667,0.0,0.08541666666666664,-0.008333333333333333
1215,0.0041875,0.016666666666666666,0.06458333333333333,0.008333333333333333
1216,0.004104166666666667,0.004166666666666666,-0.008333333333333304,-0.00625
1217,0.0025416666666666673,0.0,-0.15625,-0.00625
1218,0.0001250000000000001,0.0,-0.2416666666666667,-0.014583333333333334
1219,0.0,0.0,-0.07499999999999996,-0.008333333333333333
1220,0.0,0.0,-0.39375000000000004,-0.0125
1221,0.0,0.0,-0.17083333333333328,-0.010416666666666666
1222,0.00022916666666666642,0.0,0.02291666666666664,-0.0020833333333333333
1223,0.0,0.020833333333333332,-0.09375,0.010416666666666666
1224,0.0,0.0,-0.17083333333333328,-0.0125
1225,0.0,0.0,-0.07291666666666663,0.0
1226,0.0002500000000000002,0.0,0.025000000000000022,-0.00625
1227,0.0,0.0,-0.14375000000000004,-0.008333333333333333
1228,0.0,0.0,-0.027083333333333348,-0.008333333333333333
1229,0.00010416666666666685,0.0,0.010416666666666685,-0.0020833333333333333
1230,0.0003125,0.0,0.020833333333333315,-0.010416666666666666
1231,0.0,0.0,-0.07499999999999996,-0.0020833333333333333
1232,0.0,0.008333333333333333,-0.0,0.004166666666666667
1233,0.0005208333333333331,0.0,0.052083333333333315,-0.0125
1234,0.0,0.004166666666666667,-0.08125000000000004,0.0020833333333333333
1235,0.0,0.0,-0.02083333333333337,-0.0020833333333333333
1236,0.0,0.0,-0.09375,-0.010416666666666666
1237,0.0,0.0,-0.07291666666666663,-0.014583333333333334
1238,0.0,0.008333333333333333,-0.03541666666666665,0.004166666666666667
1239,0.0005833333333333335,0.004166666666666667,0.05833333333333335,-0.0020833333333333333
1240,0.0020833333333333337,0.004166666666666667,0.15000000000000002,0.0
1241,0.0004166666666666674,0.0,-0.16666666666666663,-0.004166666666666667
1242,0.0016041666666666676,0.004166666666666667,0.11875000000000002,0.0020833333333333333
1243,0.002312500000000001,0.0125,0.07083333333333336,0.004166666666666667
1244,0.0,0.0,-0.27083333333333337,-0.01875
1245,0.00010416666666666685,0.0,0.010416666666666685,-0.004166666666666667
1246,0.0,0.0,-0.25625,-0.0125
1247,0.0,0.004166666666666667,-0.029166666666666674,0.0020833333333333333
1248,0.0001250000000000001,0.0,0.012500000000000011,-0.0020833333333333333
1249,0.003333333333333334,0.020833333333333332,0.32083333333333336,0.010416666666666666
1250,0.005479166666666667,0.03333333333333333,0.21458333333333335,0.00625
1251,0.006333333333333333,0.041666666666666664,0.08541666666666664,0.004166666666666667
1252,0.005541666666666666,0.04583333333333333,-0.07916666666666672,0.0020833333333333333
1253,0.010645833333333334,0.075,0.5104166666666666,0.014583333333333334
1254,0.012229166666666666,0.09583333333333333,0.15833333333333333,0.010416666666666666
1255,0.0129375,0.09999999999999999,0.07083333333333336,0.0020833333333333333
1256,0.014104166666666666,0.09166666666666666,0.11666666666666664,-0.004166666666666667
1257,0.0153125,0.0875,0.12083333333333335,-0.0020833333333333333
1258,0.014354166666666666,0.09166666666666666,-0.09583333333333333,0.0020833333333333333
1259,0.013645833333333333,0.0875,-0.0708333333333333,-0.0020833333333333333
1260,0.012687499999999999,0.09999999999999999,-0.09583333333333333,0.00625
1261,0.0169375,0.17083333333333334,0.425,0.035416666666666666
1262,0.0171875,0.15,0.025000000000000022,-0.010416666666666666
1263,0.0204375,0.17916666666666667,0.325,0.014583333333333334
1264,0.020875,0.175,0.04375000000000001,-0.0020833333333333333
1265,0.019395833333333334,0.14166666666666666,-0.1479166666666667,-0.016666666666666666
1266,0.018500000000000003,0.13333333333333333,-0.08958333333333335,-0.004166666666666667
1267,0.020625000000000004,0.14166666666666666,0.21250000000000002,0.004166666666666667
1268,0.019208333333333338,0.13333333333333333,-0.14166666666666672,-0.004166666666666667
1269,0.018729166666666672,0.10416666666666666,-0.04791666666666672,-0.014583333333333334
1270,0.021250000000000005,0.10833333333333332,0.2520833333333333,0.0020833333333333333
1271,0.020541666666666673,0.09166666666666666,-0.0708333333333333,-0.008333333333333333
1272,0.01895833333333334,0.05833333333333333,-0.15833333333333333,-0.016666666666666666
1273,0.01787500000000001,0.075,-0.10833333333333328,0.008333333333333333
1274,0.018145833333333344,0.0625,0.027083333333333348,-0.00625
1275,0.01675000000000001,0.07083333333333333,-0.13958333333333328,0.004166666666666667
1276,0.01579166666666668,0.07916666666666666,-0.09583333333333333,0.004166666666666667
1277,0.014208333333333347,0.0875,-0.15833333333333333,0.004166666666666667
1278,0.01297916666666668,0.03749999999999999,-0.12291666666666667,-0.025
1279,0.011437500000000014,0.04583333333333332,-0.15416666666666667,0.004166666666666667
1280,0.009250000000000013,0.04999999999999999,-0.21875,0.0020833333333333333
1281,0.007020833333333347,0.020833333333333322,-0.22291666666666665,-0.014583333333333334
1282,0.004083333333333347,0.016666666666666656,-0.29374999999999996,-0.0020833333333333333
1283,0.0022500000000000133,0.0,-0.18333333333333335,-0.0125
1284,0.0,0.0,-0.2583333333333333,-0.004166666666666667
1285,0.0,0.0,-0.3104166666666667,-0.020833333333333332
1286,0.0,0.0,-0.09583333333333333,-0.016666666666666666
1287,0.0,0.008333333333333333,-0.34791666666666665,0.004166666666666667
1288,0.0,0.0,-0.3291666666666667,-0.01875
1289,0.0,0.03333333333333333,-0.039583333333333304,0.016666666666666666
1290,0.00033333333333333327,0.04583333333333334,0.033333333333333326,0.00625
1291,0.0,0.025000000000000005,-0.30208333333333337,-0.010416666666666666
1292,0.0,0.07083333333333333,-0.012499999999999956,0.022916666666666665
1293,0.0,0.09166666666666666,-0.0854166666666667,0.010416666666666666
1294,0.0,0.0875,-0.3520833333333333,-0.0020833333333333333
1295,0.0,0.0875,-0.11250000000000004,0.0
1296,0.0,0.049999999999999996,-0.3125,-0.01875
1297,0.0,0.04583333333333333,-0.3375,-0.0020833333333333333
1298,0.0,0.024999999999999998,-0.11875000000000002,-0.010416666666666666
1299,0.0,0.0375,-0.3208333333333333,0.00625
1300,0.0,0.008333333333333331,-0.027083333333333348,-0.014583333333333334
1301,0.0012291666666666668,0.016666666666666663,0.12291666666666667,0.004166666666666667
1302,0.0,0.024999999999999994,-0.34791666666666665,0.004166666666666667
1303,0.0,0.02083333333333333,-0.1645833333333333,-0.0020833333333333333
1304,0.0,0.004166666666666662,-0.19374999999999998,-0.008333333333333333
1305,0.0,0.0,-0.32291666666666663,-0.004166666666666667
1306,0.0,0.0,-0.23333333333333328,-0.008333333333333333
1307,0.0,0.004166666666666667,-0.23541666666666672,0.0020833333333333333
1308,0.0,0.008333333333333333,-0.20833333333333337,0.0020833333333333333
1309,0.0,0.004166666666666667,-0.22499999999999998,-0.0020833333333333333
1310,0.0,0.016666666666666666,-0.2875,0.00625
1311,0.0,0.0,-0.22083333333333333,-0.022916666666666665
1312,0.0,0.020833333333333332,-0.4,0.010416666666666666
1313,0.0009166666666666668,0.016666666666666666,0.09166666666666667,-0.0020833333333333333
1314,0.0006458333333333333,0.0,-0.027083333333333348,-0.0125
1315,2.0833333333333316e-05,0.0,-0.0625,-0.0020833333333333333
1316,0.0009583333333333333,0.0,0.09375,0.0
1317,0.0014375,0.0,0.04791666666666666,-0.010416666666666666
1318,0.00043750000000000017,0.0,-0.09999999999999998,-0.0020833333333333333
1319,0.0,0.0,-0.20625000000000004,-0.0125
1320,0.0002916666666666662,0.0,0.02916666666666662,-0.0020833333333333333
1321,0.0,0.0,-0.11875000000000002,-0.004166666666666667
1322,0.0,0.0125,-0.15833333333333333,0.00625
1323,0.0,0.0,-0.31875,-0.016666666666666666
1324,0.0001874999999999999,0.0,0.01874999999999999,-0.014583333333333334
1325,0.0007291666666666664,0.0,0.05416666666666664,-0.004166666666666667
1326,0.0,0.0,-0.17083333333333328,-0.00625
1327,0.0,0.0,-0.16041666666666665,-0.004166666666666667
1328,0.0,0.0,-0.060416666666666674,-0.004166666666666667
1329,0.0,0.004166666666666667,-0.2729166666666667,0.0020833333333333333
1330,0.0011041666666666667,0.0,0.11041666666666666,-0.0020833333333333333
1331,0.005145833333333333,0.03333333333333333,0.4041666666666667,0.016666666666666666
1332,0.0029583333333333328,0.04583333333333334,-0.21875,0.00625
1333,0.002875,0.025000000000000005,-0.008333333333333304,-0.010416666666666666
1334,0.0004374999999999995,0.03333333333333334,-0.24375000000000002,0.004166666666666667
1335,0.0004583333333333328,0.008333333333333338,0.002083333333333326,-0.0125
1336,0.0,0.0,-0.3375,-0.00625
1337,0.0016458333333333336,0.0,0.16458333333333336,-0.008333333333333333
1338,0.0017916666666666669,0.016666666666666666,0.014583333333333337,0.008333333333333333
1339,0.0,0.0,-0.27083333333333337,-0.014583333333333334
1340,0.00041666666666666686,0.0,0.041666666666666685,-0.010416666666666666
1341,0.00047916666666666664,0.016666666666666666,0.006249999999999978,0.008333333333333333
1342,0.000625,0.0,0.014583333333333337,-0.0125
1343,0.0034583333333333332,0.0375,0.2833333333333333,0.01875
1344,0.0035833333333333333,0.020833333333333332,0.012500000000000011,-0.008333333333333333
1345,0.004166666666666667,0.012499999999999999,0.05833333333333335,-0.004166666666666667
1346,0.0029791666666666664,0.0,-0.11875000000000002,-0.00625
1347,0.002395833333333333,0.0,-0.05833333333333335,-0.00625
1348,0.0015624999999999994,0.0125,-0.08333333333333337,0.00625
1349,0.003145833333333333,0.025,0.15833333333333333,0.00625
1350,0.0046875,0.029166666666666667,0.15416666666666667,0.0020833333333333333
1351,0.0036458333333333334,0.03333333333333333,-0.10416666666666663,0.0020833333333333333
1352,0.005875,0.07916666666666666,0.2229166666666667,0.022916666666666665
1353,0.005875,0.07916666666666666,-0.0,0.0
1354,0.011875,0.11666666666666667,0.6,0.01875
1355,0.012458333333333333,0.1,0.05833333333333335,-0.008333333333333333
1356,0.01225,0.09166666666666667,-0.02083333333333337,-0.004166666666666667
1357,0.0114375,0.08333333333333334,-0.08125000000000004,-0.004166666666666667
1358,0.011625,0.06250000000000001,0.01874999999999999,-0.010416666666666666
1359,0.012979166666666667,0.07916666666666668,0.13541666666666669,0.008333333333333333
1360,0.013770833333333333,0.07083333333333335,0.07916666666666666,-0.004166666666666667
1361,0.013291666666666665,0.12083333333333335,-0.04791666666666672,0.025
1362,0.013770833333333333,0.12500000000000003,0.04791666666666672,0.0020833333333333333
1363,0.014270833333333333,0.13333333333333336,0.04999999999999999,0.004166666666666667
1364,0.014958333333333334,0.12916666666666668,0.06874999999999998,-0.0020833333333333333
1365,0.01597916666666667,0.12916666666666668,0.10208333333333336,0.0
1366,0.0165,0.11666666666666668,0.052083333333333315,-0.00625
1367,0.014750000000000001,0.09583333333333335,-0.17500000000000004,-0.010416666666666666
1368,0.0158125,0.07083333333333336,0.10625000000000001,-0.0125
1369,0.0155,0.08750000000000002,-0.03125,0.008333333333333333
1370,0.013729166666666666,0.08750000000000002,-0.17708333333333337,0.0
1371,0.012854166666666665,0.05416666666666669,-0.08750000000000002,-0.016666666666666666
1372,0.010354166666666664,0.05416666666666669,-0.25,0.0
1373,0.007187499999999998,0.05416666666666669,-0.31666666666666665,0.0
1374,0.005312499999999998,0.058333333333333355,-0.1875,0.0020833333333333333
1375,0.0033333333333333314,0.07083333333333336,-0.19791666666666663,0.00625
1376,0.002895833333333332,0.08333333333333336,-0.043749999999999956,0.00625
1377,0.0022499999999999985,0.0666666666666667,-0.06458333333333333,-0.008333333333333333
1378,0.0,0.07916666666666669,-0.3145833333333333,0.00625
1379,0.0,0.06250000000000003,-0.06458333333333333,-0.008333333333333333
1380,0.0,0.054166666666666696,-0.27708333333333335,-0.004166666666666667
1381,0.0,0.03333333333333337,-0.11041666666666672,-0.010416666666666666
1382,0.0016249999999999997,0.05000000000000003,0.16249999999999998,0.008333333333333333
1383,0.0013541666666666663,0.03333333333333337,-0.027083333333333348,-0.008333333333333333
1384,0.0010833333333333328,0.020833333333333367,-0.027083333333333348,-0.00625
1385,0.0,0.0416666666666667,-0.20833333333333337,0.010416666666666666
1386,0.0,0.054166666666666696,-0.275,0.00625
1387,0.0,0.07500000000000002,-0.07499999999999996,0.010416666666666666
1388,0.0,0.08333333333333336,-0.03125,0.004166666666666667
1389,0.0,0.07083333333333336,-0.23958333333333337,-0.00625
1390,0.0,0.08750000000000002,-0.20416666666666672,0.008333333333333333
1391,0.0,0.09166666666666669,-0.07499999999999996,0.0020833333333333333
1392,0.0,0.10416666666666669,-0.26249999999999996,0.00625
1393,0.0,0.09583333333333335,-0.25416666666666665,-0.004166666666666667
1394,0.0,0.10416666666666669,-0.39375000000000004,0.004166666666666667
1395,0.0,0.11250000000000002,-0.11250000000000004,0.004166666666666667
1396,0.0,0.11666666666666668,-0.2416666666666667,0.0020833333333333333
1397,0.0,0.12083333333333335,-0.3729166666666667,0.0020833333333333333
1398,0.0,0.10833333333333335,-0.06874999999999998,-0.00625
1399,0.0,0.10416666666666669,-0.17500000000000004,-0.0020833333333333333
1400,0.0,0.12916666666666668,-0.39583333333333337,0.0125
1401,0.0024166666666666664,0.12916666666666668,0.24166666666666664,0.0
1402,0.0038541666666666663,0.125,0.14375,-0.0020833333333333333
1403,0.0021249999999999993,0.10416666666666667,-0.17291666666666672,-0.010416666666666666
1404,0.0029791666666666656,0.09583333333333334,0.08541666666666664,-0.004166666666666667
1405,0.0,0.08333333333333334,-0.3145833333333333,-0.00625
1406,0.0,0.07083333333333335,-0.02083333333333337,-0.00625
1407,0.00022916666666666642,0.08333333333333334,0.02291666666666664,0.00625
1408,0.000625,0.08750000000000001,0.03958333333333336,0.0020833333333333333
1409,0.0,0.10416666666666667,-0.29374999999999996,0.008333333333333333
1410,0.0018541666666666667,0.10416666666666667,0.18541666666666667,0.0
1411,0.007145833333333334,0.15833333333333333,0.5291666666666667,0.027083333333333334
1412,0.0061666666666666675,0.13333333333333333,-0.09791666666666665,-0.0125
1413,0.0050416666666666665,0.1375,-0.11250000000000004,0.0020833333333333333
1414,0.0027916666666666667,0.125,-0.22499999999999998,-0.00625
1415,0.0005625000000000001,0.1375,-0.22291666666666665,0.00625
1416,0.0,0.1875,-0.1333333333333333,0.025
1417,0.003125,0.20416666666666666,0.3125,0.008333333333333333
1418,0.0030625000000000006,0.175,-0.006249999999999978,-0.014583333333333334
1419,0.0025208333333333337,0.17916666666666667,-0.054166666666666696,0.0020833333333333333
1420,0.0016250000000000001,0.1625,-0.08958333333333335,-0.008333333333333333
1421,0.0,0.16666666666666669,-0.2104166666666667,0.0020833333333333333
1422,0.0,0.14583333333333334,-0.25416666666666665,-0.010416666666666666
1423,0.0011875000000000002,0.14166666666666666,0.11875000000000002,-0.0020833333333333333
1424,0.0,0.11666666666666667,-0.17083333333333328,-0.0125
1425,0.0016458333333333336,0.13333333333333333,0.16458333333333336,0.008333333333333333
1426,0.00037500000000000033,0.10833333333333334,-0.12708333333333333,-0.0125
1427,0.0,0.07916666666666666,-0.38541666666666663,-0.014583333333333334
1428,0.0,0.07083333333333333,-0.36250000000000004,-0.004166666666666667
1429,0.0,0.05,-0.19999999999999996,-0.010416666666666666
1430,0.000625,0.02916666666666667,0.0625,-0.010416666666666666
1431,0.0,0.008333333333333338,-0.0708333333333333,-0.010416666666666666
1432,0.0078125,0.07083333333333333,0.78125,0.03125
1433,0.0034583333333333332,0.07083333333333333,-0.4354166666666667,0.0
1434,0.0075625,0.09166666666666666,0.41041666666666665,0.010416666666666666
1435,0.006166666666666667,0.12916666666666665,-0.13958333333333328,0.01875
1436,0.002395833333333333,0.11666666666666665,-0.3770833333333333,-0.00625
1437,0.0,0.12916666666666665,-0.4520833333333333,0.00625
1438,0.0017916666666666665,0.13749999999999998,0.17916666666666664,0.004166666666666667
1439,0.0010625,0.10833333333333331,-0.07291666666666663,-0.014583333333333334
1440,0.0,0.12499999999999997,-0.3270833333333333,0.008333333333333333
1441,0.0,0.11666666666666664,-0.07291666666666663,-0.004166666666666667
1442,0.0,0.11249999999999998,-0.043749999999999956,-0.0020833333333333333
1443,0.0,0.08333333333333331,-0.15833333333333333,-0.014583333333333334
1444,0.0,0.09999999999999998,-0.03541666666666665,0.008333333333333333
1445,0.0,0.10833333333333331,-0.41874999999999996,0.004166666666666667
1446,0.0,0.10416666666666664,-0.18958333333333333,-0.0020833333333333333
1447,0.0016249999999999997,0.08333333333333331,0.16249999999999998,-0.010416666666666666
1448,0.0,0.08749999999999998,-0.29374999999999996,0.0020833333333333333
1449,0.0,0.07083333333333332,-0.07916666666666672,-0.008333333333333333
1450,0.0,0.062499999999999986,-0.40208333333333335,-0.004166666666666667
1451,0.0,0.07083333333333332,-0.0708333333333333,0.004166666666666667
1452,0.0,0.08749999999999998,-0.01666666666666672,0.008333333333333333
1453,0.0,0.07083333333333332,-0.006249999999999978,-0.008333333333333333
1454,0.0004375000000000001,0.04999999999999999,0.04375000000000001,-0.010416666666666666
1455,8.333333333333359e-05,0.03749999999999999,-0.03541666666666665,-0.00625
1456,0.0,0.04583333333333332,-0.2875,0.004166666666666667
1457,0.0,0.062499999999999986,-0.01041666666666663,0.008333333333333333
1458,0.0007500000000000001,0.09166666666666665,0.07500000000000001,0.014583333333333334
1459,0.0,0.08333333333333331,-0.24791666666666667,-0.004166666666666667
1460,0.0,0.05416666666666665,-0.26041666666666663,-0.014583333333333334
1461,0.0,0.08333333333333331,-0.2833333333333333,0.014583333333333334
1462,0.0,0.09583333333333331,-0.08958333333333335,0.00625
1463,0.0,0.06666666666666665,-0.2104166666666667,-0.014583333333333334
1464,0.0,0.054166666666666655,-0.23541666666666672,-0.00625
1465,0.0,0.04999999999999999,-0.2833333333333333,-0.0020833333333333333
1466,0.0006874999999999997,0.05833333333333332,0.06874999999999998,0.004166666666666667
1467,0.0,0.04166666666666666,-0.1791666666666667,-0.008333333333333333
1468,0.0008958333333333336,0.04583333333333332,0.08958333333333335,0.0020833333333333333
1469,0.0032916666666666667,0.04999999999999999,0.23958333333333331,0.0020833333333333333
1470,0.0039375,0.033333333333333326,0.06458333333333333,-0.008333333333333333
1471,0.006229166666666668,0.03749999999999999,0.22916666666666669,0.0020833333333333333
1472,0.006541666666666668,0.004166666666666659,0.03125,-0.016666666666666666
1473,0.009187500000000001,0.01666666666666666,0.26458333333333334,0.00625
1474,0.011229166666666669,0.020833333333333325,0.20416666666666666,0.0020833333333333333
1475,0.012645833333333335,0.01666666666666666,0.14166666666666666,-0.0020833333333333333
1476,0.01385416666666667,0.02916666666666666,0.12083333333333335,0.00625
1477,0.013645833333333336,0.024999999999999994,-0.02083333333333337,-0.0020833333333333333
1478,0.014500000000000002,0.033333333333333326,0.08541666666666664,0.004166666666666667
1479,0.01691666666666667,0.06249999999999999,0.24166666666666664,0.014583333333333334
1480,0.017333333333333336,0.04999999999999999,0.041666666666666685,-0.00625
1481,0.013958333333333336,0.03749999999999999,-0.3375,-0.00625
1482,0.01335416666666667,0.02499999999999999,-0.060416666666666674,-0.00625
1483,0.009437500000000003,0.04583333333333332,-0.3916666666666667,0.010416666666666666
1484,0.008833333333333337,0.04166666666666666,-0.060416666666666674,-0.0020833333333333333
1485,0.006166666666666669,0.0,-0.2666666666666667,-0.020833333333333332
1486,0.004833333333333336,0.0,-0.1333333333333333,-0.00625
1487,0.003958333333333336,0.03333333333333333,-0.08750000000000002,0.016666666666666666
1488,0.0031875000000000037,0.016666666666666666,-0.07708333333333328,-0.008333333333333333
1489,0.0032916666666666706,0.004166666666666666,0.010416666666666685,-0.00625
1490,0.0012708333333333378,0.0,-0.20208333333333328,-0.0125
1491,0.0,0.0,-0.23750000000000004,-0.008333333333333333
1492,0.0,0.0,-0.1479166666666667,0.0
1493,0.00010416666666666685,0.0,0.010416666666666685,-0.0020833333333333333
1494,0.0020416666666666665,0.0,0.19374999999999998,-0.00625
1495,0.0018958333333333336,0.0,-0.014583333333333282,-0.00625
1496,0.0,0.0,-0.3145833333333333,-0.0020833333333333333
1497,0.0,0.008333333333333333,-0.23958333333333337,0.004166666666666667
1498,0.0,0.020833333333333336,-0.008333333333333304,0.00625
1499,0.0013124999999999999,0.029166666666666667,0.13124999999999998,0.004166666666666667
1500,0.0031041666666666665,0.04166666666666667,0.17916666666666664,0.00625
1501,0.0031249999999999997,0.05,0.002083333333333326,0.004166666666666667
1502,0.0031249999999999997,0.025,-0.0,-0.0125
1503,0.004145833333333333,0.05,0.10208333333333336,0.0125
1504,0.0038958333333333327,0.04583333333333334,-0.025000000000000022,-0.0020833333333333333
1505,0.004854166666666666,0.0625,0.09583333333333333,0.008333333333333333
1506,0.0045625,0.075,-0.029166666666666674,0.00625
1507,0.0042499999999999994,0.06666666666666667,-0.03125,-0.004166666666666667
1508,0.0006874999999999997,0.075,-0.35624999999999996,0.004166666666666667
1509,0.00275,0.08333333333333333,0.20625,0.004166666666666667
1510,0.0,0.08333333333333333,-0.2895833333333333,0.0
1511,0.0019583333333333336,0.08333333333333333,0.19583333333333336,0.0
1512,0.002625,0.07916666666666666,0.06666666666666665,-0.0020833333333333333
1513,0.0,0.10416666666666666,-0.30208333333333337,0.0125
1514,0.0015000000000000002,0.12499999999999999,0.15000000000000002,0.010416666666666666
1515,0.0,0.15,-0.33333333333333337,0.0125
1516,0.0,0.17916666666666667,-0.45833333333333337,0.014583333333333334
1517,0.0,0.18333333333333335,-0.04791666666666672,0.0020833333333333333
1518,0.0,0.2,-0.09375,0.008333333333333333
1519,0.0012291666666666668,0.19166666666666668,0.12291666666666667,-0.004166666666666667
1520,0.0,0.225,-0.40625,0.016666666666666666
1521,0.0015625,0.21666666666666667,0.15625,-0.004166666666666667
1522,0.0030833333333333338,0.225,0.15208333333333335,0.004166666666666667
1523,0.006520833333333333,0.23750000000000002,0.34375,0.00625
1524,0.005729166666666666,0.2416666666666667,-0.07916666666666672,0.0020833333333333333
1525,0.0075208333333333325,0.23333333333333336,0.17916666666666664,-0.004166666666666667
1526,0.010270833333333333,0.23750000000000004,0.275,0.0020833333333333333
1527,0.0079375,0.2541666666666667,-0.23333333333333328,0.008333333333333333
1528,0.008812500000000001,0.23750000000000004,0.08750000000000002,-0.008333333333333333
1529,0.006666666666666668,0.275,-0.21458333333333335,0.01875
1530,0.001979166666666668,0.3291666666666667,-0.46875,0.027083333333333334
1531,0.0008333333333333344,0.3041666666666667,-0.11458333333333337,-0.0125
1532,0.0,0.30000000000000004,-0.21666666666666667,-0.0020833333333333333
1533,0.0,0.2958333333333334,-0.22083333333333333,-0.0020833333333333333
1534,0.0004999999999999999,0.30000000000000004,0.04999999999999999,0.0020833333333333333
1535,0.0,0.3458333333333334,-0.44375,0.022916666666666665
1536,0.0,0.3791666666666667,-0.27708333333333335,0.016666666666666666
1537,0.0015416666666666669,0.3916666666666667,0.15416666666666667,0.00625
1538,0.0,0.42500000000000004,-0.4354166666666667,0.016666666666666666
1539,0.00035416666666666653,0.42500000000000004,0.03541666666666665,0.0
1540,0.0,0.4333333333333334,-0.22499999999999998,0.004166666666666667
1541,0.0,0.42916666666666675,-0.1166666666666667,-0.0020833333333333333
1542,0.0,0.44166666666666676,-0.27083333333333337,0.00625
1543,0.0,0.4375000000000001,-0.039583333333333304,-0.0020833333333333333
1544,0.0,0.4041666666666668,-0.11250000000000004,-0.016666666666666666
1545,0.0012083333333333336,0.3958333333333334,0.12083333333333335,-0.004166666666666667
1546,0.0,0.4000000000000001,-0.20416666666666672,0.0020833333333333333
1547,0.0,0.38750000000000007,-0.060416666666666674,-0.00625
1548,0.0,0.37500000000000006,-0.07499999999999996,-0.00625
1549,0.0,0.40416666666666673,-0.3375,0.014583333333333334
1550,0.0,0.4458333333333334,-0.275,0.020833333333333332
1551,0.0,0.43750000000000006,-0.07291666666666663,-0.004166666666666667
1552,0.0,0.4416666666666667,-0.12708333333333333,0.0020833333333333333
1553,0.0001250000000000001,0.4291666666666667,0.012500000000000011,-0.00625
1554,0.0,0.39583333333333337,-0.06874999999999998,-0.016666666666666666
1555,0.0,0.3541666666666667,-0.1166666666666667,-0.020833333333333332
1556,0.0,0.3666666666666667,-0.06666666666666665,0.00625
1557,0.0,0.35000000000000003,-0.08333333333333337,-0.008333333333333333
1558,0.0,0.36250000000000004,-0.38125,0.00625
1559,0.0,0.34166666666666673,-0.2875,-0.010416666666666666
1560,4.1666666666666516e-05,0.3208333333333334,0.004166666666666652,-0.010416666666666666
1561,8.333333333333303e-05,0.3333333333333334,0.004166666666666652,0.00625
1562,0.0,0.3333333333333334,-0.09999999999999998,0.0
1563,0.0,0.3291666666666668,-0.10833333333333328,-0.0020833333333333333
1564,0.0009583333333333333,0.34583333333333344,0.09583333333333333,0.008333333333333333
1565,0.0,0.3541666666666668,-0.27708333333333335,0.004166666666666667
1566,0.0,0.37083333333333346,-0.33125000000000004,0.008333333333333333
1567,0.0,0.34583333333333344,-0.15416666666666667,-0.0125
1568,0.0,0.3875000000000001,-0.47916666666666663,0.020833333333333332
1569,0.0,0.3875000000000001,-0.10624999999999996,0.0
1570,0.0,0.4250000000000001,-0.25416666666666665,0.01875
1571,0.0,0.4375000000000001,-0.08750000000000002,0.00625
1572,0.00033333333333333327,0.42083333333333345,0.033333333333333326,-0.008333333333333333
1573,0.0,0.4166666666666668,-0.14583333333333337,-0.0020833333333333333
1574,8.333333333333359e-05,0.4041666666666668,0.00833333333333336,-0.00625
1575,0.0,0.40833333333333344,-0.26875000000000004,0.0020833333333333333
1576,0.0,0.40833333333333344,-0.36250000000000004,0.0
1577,0.0,0.4166666666666668,-0.23750000000000004,0.004166666666666667
1578,0.0,0.43333333333333346,-0.15208333333333335,0.008333333333333333
1579,0.0,0.40833333333333344,-0.027083333333333348,-0.0125
1580,0.0,0.3958333333333334,-0.01041666666666663,-0.00625
1581,0.0,0.3916666666666668,-0.025000000000000022,-0.0020833333333333333
1582,0.0,0.3916666666666668,-0.1020833333333333,0.0
1583,0.0,0.42083333333333345,-0.32291666666666663,0.014583333333333334
1584,0.0,0.44166666666666676,-0.23333333333333328,0.010416666666666666
1585,0.0,0.41666666666666674,-0.125,-0.0125
1586,0.0,0.4125000000000001,-0.0708333333333333,-0.0020833333333333333
1587,0.0,0.42083333333333345,-0.04166666666666663,0.004166666666666667
1588,0.0,0.4125000000000001,-0.02083333333333337,-0.004166666666666667
1589,0.0,0.3958333333333334,-0.050000000000000044,-0.008333333333333333
1590,0.0,0.3708333333333334,-0.16041666666666665,-0.0125
1591,0.0,0.3708333333333334,-0.03541666666666665,0.0
1592,0.0,0.37500000000000006,-0.3354166666666667,0.0020833333333333333
1593,0.0,0.3583333333333334,-0.04791666666666672,-0.008333333333333333
1594,0.0,0.3708333333333334,-0.09791666666666665,0.00625
1595,0.0,0.37916666666666676,-0.033333333333333326,0.004166666666666667
1596,0.0,0.34583333333333344,-0.060416666666666674,-0.016666666666666666
1597,0.00041666666666666686,0.3291666666666668,0.041666666666666685,-0.008333333333333333
1598,0.0,0.34583333333333344,-0.21666666666666667,0.008333333333333333
1599,0.0001874999999999999,0.3208333333333334,0.01874999999999999,-0.0125
1600,0.0,0.30416666666666675,-0.25416666666666665,-0.008333333333333333
1601,0.00016666666666666663,0.29166666666666674,0.016666666666666663,-0.00625
1602,0.0022500000000000003,0.30416666666666675,0.20833333333333337,0.00625
1603,6.250000000000006e-05,0.27916666666666673,-0.21875,-0.0125
1604,0.0,0.29166666666666674,-0.05625000000000002,0.00625
1605,0.0010208333333333337,0.2833333333333334,0.10208333333333336,-0.004166666666666667
1606,0.001479166666666667,0.24166666666666672,0.04583333333333334,-0.020833333333333332
1607,0.0030000000000000005,0.24166666666666672,0.15208333333333335,0.0
1608,0.0033750000000000004,0.23750000000000004,0.03749999999999998,-0.0020833333333333333
1609,0.003770833333333334,0.2541666666666667,0.03958333333333336,0.008333333333333333
1610,0.003979166666666667,0.2541666666666667,0.020833333333333315,0.0
1611,0.0036875000000000007,0.2166666666666667,-0.029166666666666674,-0.01875
1612,0.004145833333333334,0.21250000000000002,0.04583333333333334,-0.0020833333333333333
1613,0.0038958333333333336,0.19166666666666668,-0.025000000000000022,-0.010416666666666666
1614,0.004354166666666667,0.17083333333333334,0.04583333333333334,-0.010416666666666666
1615,0.004083333333333333,0.17500000000000002,-0.027083333333333348,0.0020833333333333333
1616,0.003333333333333333,0.1375,-0.07499999999999996,-0.01875
1617,0.0026875,0.125,-0.06458333333333333,-0.00625
1618,0.002333333333333333,0.09583333333333333,-0.03541666666666665,-0.014583333333333334
1619,0.0013333333333333333,0.09999999999999999,-0.09999999999999998,0.0020833333333333333
1620,0.00012499999999999968,0.0875,-0.12083333333333335,-0.00625
1621,0.0,0.07083333333333333,-0.1645833333333333,-0.008333333333333333
1622,0.0,0.09583333333333333,-0.03749999999999998,0.0125
1623,0.0,0.09583333333333333,-0.24791666666666667,0.0
1624,0.00035416666666666653,0.07083333333333333,0.03541666666666665,-0.0125
1625,0.0007500000000000001,0.058333333333333334,0.03958333333333336,-0.00625
1626,0.00014583333333333332,0.058333333333333334,-0.060416666666666674,0.0
1627,0.0007500000000000001,0.0625,0.060416666666666674,0.0020833333333333333
1628,0.0023333333333333335,0.0625,0.15833333333333333,0.0
1629,0.003541666666666667,0.058333333333333334,0.12083333333333335,-0.0020833333333333333
1630,0.0035833333333333333,0.04166666666666667,0.004166666666666652,-0.008333333333333333
1631,0.0012500000000000007,0.058333333333333334,-0.23333333333333328,0.008333333333333333
1632,0.0023541666666666676,0.04583333333333334,0.11041666666666666,-0.00625
1633,0.0009375000000000004,0.01666666666666667,-0.14166666666666672,-0.014583333333333334
1634,0.00022916666666666734,0.0,-0.0708333333333333,-0.016666666666666666
1635,0.0022500000000000007,0.025,0.20208333333333334,0.0125
1636,0.00016666666666666696,0.04583333333333334,-0.20833333333333337,0.010416666666666666
1637,0.001,0.07500000000000001,0.08333333333333331,0.014583333333333334
1638,0.0,0.02916666666666668,-0.2270833333333333,-0.022916666666666665
1639,0.0006666666666666665,0.02083333333333335,0.06666666666666665,-0.004166666666666667
1640,0.00012499999999999957,0.033333333333333354,-0.054166666666666696,0.00625
1641,0.0,0.012500000000000022,-0.05833333333333335,-0.010416666666666666
1642,0.0,0.0,-0.3458333333333333,-0.022916666666666665
1643,0.0,0.0,-0.09583333333333333,-0.0125
1644,0.0,0.0,-0.03541666666666665,-0.0020833333333333333
1645,0.0,0.008333333333333333,-0.002083333333333326,0.004166666666666667
1646,0.0,0.0,-0.09583333333333333,-0.00625
1647,0.0,0.0,-0.22916666666666663,-0.025
1648,0.0,0.004166666666666667,-0.03125,0.0020833333333333333
1649,0.0,0.0,-0.03541666666666665,-0.0020833333333333333
1650,0.0,0.0,-0.03125,0.0
1651,0.00047916666666666664,0.0,0.04791666666666666,-0.020833333333333332
1652,0.005875,0.04583333333333333,0.5395833333333333,0.022916666666666665
1653,0.0068125,0.0375,0.09375,-0.004166666666666667
1654,0.006083333333333334,0.0,-0.07291666666666663,-0.020833333333333332
1655,0.005145833333333334,0.0,-0.09375,-0.020833333333333332
1656,0.003875000000000001,0.004166666666666667,-0.12708333333333333,0.0020833333333333333
1657,0.004729166666666667,0.020833333333333332,0.08541666666666664,0.008333333333333333
1658,0.005895833333333334,0.012499999999999999,0.11666666666666664,-0.004166666666666667
1659,0.002354166666666667,0.0,-0.35416666666666663,-0.014583333333333334
1660,0.0038333333333333336,0.0,0.14791666666666664,0.0
1661,0.0040625,0.029166666666666667,0.02291666666666664,0.014583333333333334
1662,0.0,0.020833333333333336,-0.44999999999999996,-0.004166666666666667
1663,0.0008750000000000002,0.01666666666666667,0.08750000000000002,-0.0020833333333333333
1664,0.0,0.0,-0.09791666666666665,-0.010416666666666666
1665,0.0,0.0,-0.21875,-0.0125
1666,0.0,0.025,-0.027083333333333348,0.0125
1667,0.0,0.0,-0.08750000000000002,-0.0125
1668,0.0,0.0,-0.2520833333333333,-0.020833333333333332
1669,0.0,0.0,-0.18958333333333333,-0.01875
1670,0.0,0.0,-0.14375000000000004,-0.014583333333333334
1671,0.0,0.0,-0.23333333333333328,-0.027083333333333334
1672,0.0,0.0,-0.13958333333333328,-0.008333333333333333
1673,0.0,0.0,-0.28125,-0.022916666666666665
1674,0.0,0.0,-0.06666666666666665,0.0
1675,0.0,0.0,-0.07499999999999996,-0.01875
1676,8.333333333333359e-05,0.0,0.00833333333333336,-0.0020833333333333333
1677,0.0,0.0,-0.07916666666666672,-0.00625
1679,0.0,0.0,-0.23541666666666672,-0.01875
1680,0.0,0.008333333333333333,-0.2416666666666667,0.004166666666666667
1681,0.0,0.0,-0.30625,-0.020833333333333332
1682,0.0,0.004166666666666667,-0.37916666666666665,0.0020833333333333333
1683,0.0,0.024999999999999998,-0.1479166666666667,0.010416666666666666
1684,0.0,0.024999999999999998,-0.2104166666666667,0.0
1685,0.0,0.0,-0.12916666666666665,-0.0125
1686,0.0,0.0,-0.1479166666666667,-0.008333333333333333
1687,0.0,0.0,-0.26875000000000004,-0.00625
1688,0.0,0.0,-0.12708333333333333,-0.0020833333333333333
1689,0.0,0.0,-0.10833333333333328,-0.0020833333333333333
1690,0.0,0.0,-0.11250000000000004,-0.004166666666666667
1691,0.0,0.025,-0.43125,0.0125
1692,0.0013333333333333337,0.025,0.13333333333333336,0.0
1693,0.003958333333333334,0.0625,0.2625,0.01875
1694,0.0005000000000000004,0.07083333333333333,-0.3458333333333333,0.004166666666666667
1695,0.0,0.041666666666666664,-0.27083333333333337,-0.014583333333333334
1696,0.0,0.04583333333333333,-0.09583333333333333,0.0020833333333333333
1697,0.0,0.024999999999999998,-0.09791666666666665,-0.010416666666666666
1698,0.0047708333333333335,0.05,0.4770833333333333,0.0125
1699,0.0042499999999999994,0.025,-0.05208333333333337,-0.0125
1700,0.0095,0.058333333333333334,0.525,0.016666666666666666
1701,0.014249999999999999,0.1,0.475,0.020833333333333332
1702,0.01620833333333333,0.12083333333333333,0.19583333333333336,0.010416666666666666
1703,0.017666666666666664,0.12916666666666668,0.14583333333333331,0.004166666666666667
1704,0.019374999999999996,0.13333333333333336,0.17083333333333334,0.0020833333333333333
1705,0.019749999999999997,0.1166666666666667,0.03749999999999998,-0.008333333333333333
1706,0.01870833333333333,0.10833333333333336,-0.10416666666666663,-0.004166666666666667
1707,0.017374999999999998,0.07500000000000004,-0.1333333333333333,-0.016666666666666666
1708,0.017833333333333333,0.07083333333333337,0.04583333333333334,-0.0020833333333333333
1709,0.016,0.07083333333333337,-0.18333333333333335,0.0
1710,0.012125,0.10000000000000003,-0.38749999999999996,0.014583333333333334
1711,0.011166666666666667,0.0916666666666667,-0.09583333333333333,-0.004166666666666667
1712,0.008208333333333335,0.08333333333333337,-0.2958333333333333,-0.004166666666666667
1713,0.009229166666666669,0.07083333333333337,0.10208333333333336,-0.00625
1714,0.009937500000000002,0.09583333333333338,0.07083333333333336,0.0125
1715,0.006270833333333335,0.10416666666666671,-0.3666666666666667,0.004166666666666667
1716,0.005812500000000002,0.09583333333333338,-0.04583333333333328,-0.004166666666666667
1717,0.004062500000000001,0.06250000000000006,-0.17500000000000004,-0.016666666666666666
1718,0.005208333333333334,0.04583333333333339,0.11458333333333331,-0.008333333333333333
1719,0.003270833333333334,0.02500000000000006,-0.19374999999999998,-0.010416666666666666
1720,0.0,0.054166666666666724,-0.4208333333333333,0.014583333333333334
1721,0.0012708333333333332,0.06250000000000006,0.12708333333333333,0.004166666666666667
1722,0.0,0.09166666666666673,-0.41666666666666663,0.014583333333333334
1723,0.0,0.04166666666666673,-0.24791666666666667,-0.025
1724,0.0007291666666666669,0.033333333333333395,0.07291666666666669,-0.004166666666666667
1725,0.0,0.0583333333333334,-0.44375,0.0125
1726,0.0,0.04583333333333339,-0.13124999999999998,-0.00625
1727,0.0023125000000000003,0.07083333333333339,0.23125,0.0125
1728,0.0017708333333333335,0.07500000000000005,-0.054166666666666696,0.0020833333333333333
1729,0.0,0.11666666666666672,-0.33333333333333337,0.020833333333333332
1730,0.0,0.0958333333333334,-0.11250000000000004,-0.010416666666666666
1731,0.006520833333333333,0.1708333333333334,0.6520833333333333,0.0375
1732,0.0030208333333333337,0.19166666666666674,-0.35,0.010416666666666666
1733,0.0,0.20000000000000007,-0.39375000000000004,0.004166666666666667
1734,0.00016666666666666663,0.22500000000000006,0.016666666666666663,0.0125
1735,0.0,0.20416666666666672,-0.20208333333333328,-0.010416666666666666
1736,0.0,0.2291666666666667,-0.34791666666666665,0.0125
1737,0.0,0.2166666666666667,-0.45833333333333337,-0.00625
1738,0.0,0.20000000000000004,-0.022916666666666696,-0.008333333333333333
1739,0.0,0.21250000000000005,-0.41041666666666665,0.00625
1740,0.0,0.22500000000000006,-0.39375000000000004,0.00625
1741,0.0004583333333333334,0.21666666666666673,0.04583333333333334,-0.004166666666666667
1742,0.0,0.17500000000000007,-0.10833333333333328,-0.020833333333333332
1743,0.0012916666666666664,0.17916666666666675,0.12916666666666665,0.0020833333333333333
1744,0.0,0.17500000000000007,-0.3375,-0.0020833333333333333
1745,0.0,0.1583333333333334,-0.025000000000000022,-0.008333333333333333
1746,0.0,0.13333333333333341,-0.11458333333333337,-0.0125
1747,0.0031666666666666666,0.17500000000000007,0.31666666666666665,0.020833333333333332
1748,0.0025624999999999997,0.16250000000000006,-0.060416666666666674,-0.00625
1749,0.0,0.1333333333333334,-0.36875,-0.014583333333333334
1750,0.0,0.11666666666666672,-0.4125,-0.008333333333333333
1751,0.0,0.0833333333333334,-0.19999999999999996,-0.016666666666666666
1752,0.0,0.11666666666666672,-0.17708333333333337,0.016666666666666666
1753,0.0,0.0958333333333334,-0.20208333333333328,-0.010416666666666666
1754,0.0,0.06666666666666674,-0.275,-0.014583333333333334
1755,0.0,0.045833333333333406,-0.05833333333333335,-0.010416666666666666
1756,0.0,0.037500000000000075,-0.3354166666666667,-0.004166666666666667
1757,0.004875,0.07916666666666675,0.4875,0.020833333333333332
1758,0.002166666666666666,0.033333333333333416,-0.27083333333333337,-0.022916666666666665
1759,0.0008333333333333331,0.004166666666666749,-0.1333333333333333,-0.014583333333333334
1760,0.0,0.008333333333333415,-0.18541666666666667,0.0020833333333333333
1761,0.0,0.0,-0.17291666666666672,-0.008333333333333333
1762,0.0008541666666666664,0.0,0.08541666666666664,-0.0020833333333333333
1763,0.0020416666666666665,0.0125,0.11875000000000002,0.00625
1764,0.0010416666666666667,0.0,-0.09999999999999998,-0.016666666666666666
1765,0.0,0.0,-0.26249999999999996,-0.0125
1766,0.0,0.0,-0.004166666666666652,0.0
1767,0.0,0.0,-0.25,-0.008333333333333333
1768,0.0,0.0,-0.35624999999999996,-0.022916666666666665
1769,0.0,0.0,-0.004166666666666652,-0.008333333333333333
1770,0.0,0.0,-0.1333333333333333,-0.022916666666666665
1771,0.0,0.0,-0.08125000000000004,-0.004166666666666667
1772,0.0,0.0,-0.025000000000000022,-0.014583333333333334
1773,0.00047916666666666664,0.0,0.04791666666666666,-0.0125
1774,0.0,0.0,-0.23541666666666672,-0.016666666666666666
1775,0.0012291666666666668,0.0,0.12291666666666667,-0.0020833333333333333
1776,0.0005416666666666671,0.0,-0.06874999999999998,-0.0125
1777,0.003812500000000001,0.029166666666666667,0.32708333333333334,0.014583333333333334
1778,0.003604166666666667,0.0,-0.02083333333333337,-0.01875
1779,0.007916666666666667,0.06666666666666667,0.43125,0.03333333333333333
1780,0.008625,0.0625,0.0708333333333333,-0.0020833333333333333
1781,0.009104166666666667,0.04583333333333334,0.04791666666666666,-0.008333333333333333
1782,0.009979166666666667,0.05416666666666667,0.08750000000000002,0.004166666666666667
1783,0.010416666666666668,0.05416666666666667,0.04375000000000001,0.0
1784,0.014541666666666668,0.07916666666666666,0.4125,0.0125
1785,0.011375000000000001,0.09583333333333333,-0.31666666666666665,0.008333333333333333
1786,0.013375000000000001,0.11249999999999999,0.2,0.008333333333333333
1787,0.010875000000000001,0.12916666666666665,-0.25,0.008333333333333333
1788,0.006604166666666667,0.09166666666666665,-0.42708333333333337,-0.01875
1789,0.005166666666666667,0.07499999999999998,-0.14375000000000004,-0.008333333333333333
1790,0.0021041666666666665,0.020833333333333315,-0.30625,-0.027083333333333334
1791,0.0007916666666666666,0.020833333333333315,-0.13124999999999998,0.0
1792,0.0006041666666666663,0.012499999999999982,-0.018750000000000044,-0.004166666666666667
1793,0.0,0.0,-0.3520833333333333,-0.008333333333333333
1794,0.0004375000000000001,0.0,0.04375000000000001,-0.0125
1795,0.0,0.004166666666666667,-0.3520833333333333,0.0020833333333333333
1796,0.0,0.0,-0.33125000000000004,-0.010416666666666666
1797,0.0,0.0,-0.3041666666666667,0.0
1798,0.0,0.0,-0.30625,-0.0125
1799,0.00041666666666666686,0.0,0.041666666666666685,-0.008333333333333333
1800,0.0,0.0,-0.30000000000000004,-0.01875
1801,0.0,0.0,-0.006249999999999978,-0.014583333333333334
1802,0.0013750000000000001,0.0,0.1375,-0.004166666666666667
1803,0.0,0.0,-0.1791666666666667,-0.004166666666666667
1804,0.0014583333333333332,0.0,0.14583333333333331,-0.0020833333333333333
1805,0.0,0.0,-0.3583333333333333,-0.00625
1806,0.0,0.008333333333333333,-0.30625,0.004166666666666667
1807,0.0,0.029166666666666667,-0.3145833333333333,0.010416666666666666
1808,0.0036249999999999998,0.0625,0.3625,0.016666666666666666
1809,0.004083333333333333,0.04583333333333334,0.04583333333333334,-0.008333333333333333
1810,0.0028958333333333327,0.025000000000000005,-0.11875000000000002,-0.010416666666666666
1811,0.006958333333333333,0.05416666666666667,0.40625,0.014583333333333334
1812,0.008708333333333332,0.037500000000000006,0.175,-0.008333333333333333
1813,0.010687499999999999,0.05416666666666667,0.19791666666666669,0.008333333333333333
1814,0.012666666666666666,0.05416666666666667,0.19791666666666669,0.0
1815,0.008770833333333334,0.05,-0.3895833333333333,-0.0020833333333333333
1816,0.006541666666666667,0.012500000000000004,-0.22291666666666665,-0.01875
1817,0.007166666666666667,0.0,0.0625,-0.014583333333333334
1818,0.007625,0.0,0.04583333333333334,-0.004166666666666667
1819,0.005104166666666667,0.020833333333333332,-0.2520833333333333,0.010416666666666666
1820,0.005479166666666666,0.0,0.03749999999999998,-0.014583333333333334
1821,0.0012499999999999985,0.0,-0.4229166666666667,-0.00625
1822,0.0,0.008333333333333333,-0.3041666666666667,0.004166666666666667
1823,0.0,0.016666666666666666,-0.14166666666666672,0.004166666666666667
1824,0.0,0.004166666666666666,-0.3291666666666667,-0.00625
1825,0.0,0.0,-0.4375,-0.00625
1826,0.0,0.0,-0.16666666666666663,-0.0020833333333333333
1827,0.0,0.0,-0.3145833333333333,-0.010416666666666666
1828,0.0004583333333333334,0.008333333333333333,0.04583333333333334,0.004166666666666667
1829,0.0,0.0,-0.35,-0.016666666666666666
1830,0.0,0.020833333333333332,-0.38749999999999996,0.010416666666666666
1831,0.0,0.008333333333333331,-0.008333333333333304,-0.00625
1832,0.0029583333333333336,0.024999999999999998,0.29583333333333334,0.008333333333333333
1833,0.0003541666666666671,0.020833333333333332,-0.26041666666666663,-0.0020833333333333333
1834,0.0,0.0,-0.30208333333333337,-0.01875
1835,0.00033333333333333327,0.0,0.033333333333333326,0.0
1836,0.0,0.0,-0.2666666666666667,-0.014583333333333334
1837,0.0,0.0,-0.16874999999999996,-0.0125
1838,0.0,0.008333333333333333,-0.24583333333333335,0.004166666666666667
1839,0.0,0.004166666666666667,-0.09166666666666667,-0.0020833333333333333
1840,0.0,0.0,-0.033333333333333326,-0.014583333333333334
1841,0.0009375,0.0,0.09375,0.0
1842,0.0,0.0,-0.13541666666666663,-0.010416666666666666
1843,0.0,0.0,-0.29166666666666663,-0.004166666666666667
1844,0.0,0.004166666666666667,-0.04791666666666672,0.0020833333333333333
1845,0.0,0.004166666666666667,-0.28541666666666665,0.0
1846,0.0,0.0,-0.054166666666666696,-0.00625
1847,0.0,0.0,-0.15208333333333335,-0.01875
1848,0.0,0.0,-0.35,-0.014583333333333334
1849,0.0,0.008333333333333333,-0.36875,0.004166666666666667
1850,0.0,0.0,-0.008333333333333304,-0.00625
1851,0.004333333333333334,0.020833333333333332,0.43333333333333335,0.010416666666666666
1852,0.0015833333333333337,0.016666666666666666,-0.275,-0.0020833333333333333
1853,8.333333333333348e-05,0.04166666666666667,-0.15000000000000002,0.0125
1854,0.0013333333333333335,0.05,0.125,0.004166666666666667
1855,0.0018541666666666667,0.06666666666666667,0.052083333333333315,0.008333333333333333
1856,0.000708333333333333,0.0375,-0.11458333333333337,-0.014583333333333334
1857,0.0011041666666666665,0.0375,0.03958333333333336,0.0
1858,0.0,0.05416666666666667,-0.25416666666666665,0.008333333333333333
1859,0.0001250000000000001,0.037500000000000006,0.012500000000000011,-0.008333333333333333
1860,0.004145833333333334,0.0625,0.40208333333333335,0.0125
1861,0.0018750000000000008,0.0625,-0.2270833333333333,0.0
1862,0.0,0.058333333333333334,-0.26875000000000004,-0.0020833333333333333
1863,0.0011666666666666663,0.04166666666666667,0.11666666666666664,-0.008333333333333333
1864,0.0026666666666666666,0.025000000000000005,0.15000000000000002,-0.008333333333333333
1865,0.00075,0.01666666666666667,-0.19166666666666665,-0.004166666666666667
1866,0.0017916666666666669,0.0,0.10416666666666669,-0.010416666666666666
1867,0.002354166666666667,0.0,0.05625000000000002,-0.0020833333333333333
1868,0.0011041666666666671,0.016666666666666666,-0.125,0.008333333333333333
1869,0.0028125000000000008,0.025,0.17083333333333334,0.004166666666666667
1870,0.0005416666666666677,0.03333333333333333,-0.2270833333333333,0.004166666666666667
1871,0.0,0.0125,-0.15208333333333335,-0.010416666666666666
1872,0.0020833333333333333,0.0125,0.20833333333333331,0.0
1873,0.0,0.0,-0.21666666666666667,-0.0125
1874,0.0026041666666666665,0.0125,0.26041666666666663,0.00625
1875,0.0004999999999999996,0.0,-0.2104166666666667,-0.016666666666666666
1876,0.0,0.004166666666666667,-0.2645833333333333,0.0020833333333333333
1877,0.0,0.024999999999999998,-0.23541666666666672,0.010416666666666666
1878,0.0,0.012499999999999997,-0.30833333333333335,-0.00625
1879,0.0,0.0,-0.34375,-0.016666666666666666
1880,0.0020416666666666665,0.0,0.20416666666666666,0.0
1881,0.00045833333333333316,0.0,-0.15833333333333333,-0.0020833333333333333
1882,0.0,0.0125,-0.30208333333333337,0.00625
1883,0.0003958333333333336,0.0125,0.03958333333333336,0.0
1884,0.0008958333333333336,0.0,0.04999999999999999,-0.008333333333333333
1885,0.0039375,0.025,0.3041666666666667,0.0125
1886,0.0015624999999999997,0.03333333333333333,-0.23750000000000004,0.004166666666666667
1887,0.0,0.041666666666666664,-0.31666666666666665,0.004166666666666667
1888,0.005958333333333334,0.0875,0.5958333333333333,0.022916666666666665
1889,0.00625,0.09583333333333333,0.029166666666666674,0.004166666666666667
1890,0.00825,0.10416666666666666,0.2,0.004166666666666667
1891,0.009770833333333334,0.12499999999999999,0.15208333333333335,0.010416666666666666
1892,0.006125,0.12499999999999999,-0.36458333333333337,0.0
1893,0.004791666666666667,0.12499999999999999,-0.1333333333333333,0.0
1894,0.0041875,0.14583333333333331,-0.060416666666666674,0.010416666666666666
1895,0.0,0.15416666666666665,-0.4229166666666667,0.004166666666666667
1896,0.0,0.15416666666666665,-0.2520833333333333,0.0
1897,0.003458333333333334,0.175,0.3458333333333334,0.010416666666666666
1898,0.004666666666666668,0.15416666666666665,0.12083333333333335,-0.010416666666666666
1899,0.0006250000000000014,0.16249999999999998,-0.4041666666666667,0.004166666666666667
1900,0.0,0.14166666666666664,-0.43125,-0.010416666666666666
1901,0.002979166666666667,0.1583333333333333,0.29791666666666666,0.008333333333333333
1902,2.0833333333334075e-05,0.15416666666666662,-0.2958333333333333,-0.0020833333333333333
1903,0.0,0.16249999999999995,-0.22916666666666663,0.004166666666666667
1904,0.004416666666666667,0.18749999999999994,0.44166666666666665,0.0125
1905,0.0004999999999999996,0.1791666666666666,-0.3916666666666667,-0.004166666666666667
1906,0.002541666666666666,0.19166666666666662,0.20416666666666666,0.00625
1907,0.0,0.1958333333333333,-0.2645833333333333,0.0020833333333333333
1908,0.0,0.20416666666666664,-0.18333333333333335,0.004166666666666667
1909,0.0,0.1958333333333333,-0.0625,-0.004166666666666667
1910,0.002,0.19166666666666662,0.2,-0.0020833333333333333
1911,0.0,0.21249999999999997,-0.41041666666666665,0.010416666666666666
1912,0.001479166666666667,0.21666666666666665,0.1479166666666667,0.0020833333333333333
1913,0.0,0.22083333333333333,-0.2895833333333333,0.0020833333333333333
1914,0.0,0.22916666666666666,-0.17500000000000004,0.004166666666666667
1915,0.0,0.24166666666666667,-0.36250000000000004,0.00625
1916,0.0,0.21666666666666667,-0.3895833333333333,-0.0125
1917,0.0,0.22916666666666669,-0.23541666666666672,0.00625
1918,0.0010416666666666669,0.22916666666666669,0.10416666666666669,0.0
1919,0.0,0.22916666666666669,-0.2875,0.0
1920,0.0004999999999999999,0.25,0.04999999999999999,0.010416666666666666
1921,0.0,0.2375,-0.36250000000000004,-0.00625
1922,0.0,0.22916666666666666,-0.3520833333333333,-0.004166666666666667
1923,0.0028125,0.24166666666666667,0.28125,0.00625
1924,0.0037083333333333334,0.2375,0.08958333333333335,-0.0020833333333333333
1925,0.0033125000000000003,0.2375,-0.039583333333333304,0.0
1926,0.0033541666666666668,0.22083333333333333,0.004166666666666652,-0.008333333333333333
1927,0.0055,0.23333333333333334,0.21458333333333335,0.00625
1928,0.005333333333333332,0.22083333333333333,-0.01666666666666672,-0.00625
1929,0.009999999999999998,0.275,0.4666666666666667,0.027083333333333334
1930,0.00945833333333333,0.25,-0.054166666666666696,-0.0125
1931,0.010041666666666664,0.25,0.05833333333333335,0.0
1932,0.007083333333333331,0.24166666666666667,-0.2958333333333333,-0.004166666666666667
1933,0.007833333333333331,0.26666666666666666,0.07500000000000001,0.0125
1934,0.005374999999999998,0.23333333333333334,-0.24583333333333335,-0.016666666666666666
1935,0.004687499999999998,0.20833333333333334,-0.06874999999999998,-0.0125
1936,0.0007708333333333308,0.19583333333333333,-0.3916666666666667,-0.00625
1937,0.0,0.22083333333333333,-0.2833333333333333,0.0125
1938,0.00010416666666666685,0.19999999999999998,0.010416666666666685,-0.010416666666666666
1939,0.0012083333333333336,0.1958333333333333,0.11041666666666666,-0.0020833333333333333
1940,0.0013750000000000004,0.20416666666666664,0.016666666666666663,0.004166666666666667
1941,0.0,0.17916666666666664,-0.2958333333333333,-0.0125
1942,0.003,0.18333333333333332,0.3,0.0020833333333333333
1943,0.0,0.19166666666666665,-0.30000000000000004,0.004166666666666667
1944,0.0,0.18749999999999997,-0.21666666666666667,-0.0020833333333333333
1945,0.0,0.19999999999999998,-0.01041666666666663,0.00625
1946,0.0,0.19999999999999998,-0.12291666666666667,0.0
1947,0.0,0.1958333333333333,-0.11041666666666672,-0.0020833333333333333
1948,0.0,0.1833333333333333,-0.12916666666666665,-0.00625
1949,0.0,0.16249999999999995,-0.20625000000000004,-0.010416666666666666
1950,0.0,0.1416666666666666,-0.4541666666666667,-0.010416666666666666
1951,0.0,0.13749999999999993,-0.2645833333333333,-0.0020833333333333333
1952,0.0,0.1291666666666666,-0.35,-0.004166666666666667
1953,0.0017499999999999998,0.14583333333333326,0.175,0.008333333333333333
1954,0.0,0.12499999999999993,-0.35416666666666663,-0.010416666666666666
1955,0.0,0.09999999999999992,-0.4458333333333333,-0.0125
1956,0.0,0.09999999999999992,-0.2979166666666667,0.0
1957,0.0009791666666666666,0.09166666666666659,0.09791666666666665,-0.004166666666666667
1958,0.0,0.049999999999999926,-0.3041666666666667,-0.020833333333333332
1959,0.0,0.041666666666666595,-0.09791666666666665,-0.004166666666666667
1960,0.0,0.029166666666666594,-0.43333333333333335,-0.00625
1961,0.0,0.016666666666666594,-0.26041666666666663,-0.00625
1962,0.00014583333333333337,0.029166666666666594,0.014583333333333337,0.00625
1963,0.0,0.049999999999999926,-0.33333333333333337,0.010416666666666666
1964,0.0,0.016666666666666594,-0.36875,-0.016666666666666666
1965,0.0,0.02083333333333326,-0.33125000000000004,0.0020833333333333333
1966,0.0,0.0,-0.07916666666666672,-0.010416666666666666
1967,0.0,0.0,-0.3208333333333333,-0.01875
1968,0.0,0.0,-0.36458333333333337,0.0
1969,0.0,0.0,-0.21458333333333335,-0.014583333333333334
1970,0.0,0.0,-0.22083333333333333,-0.008333333333333333
1971,0.0,0.0,-0.25,-0.010416666666666666
1972,0.0,0.0,-0.25,-0.020833333333333332
1973,0.0,0.004166666666666667,-0.2958333333333333,0.0020833333333333333
1974,0.0,0.0,-0.42500000000000004,-0.008333333333333333
1975,0.0,0.0,-0.22916666666666663,-0.0020833333333333333
1976,0.006229166666666667,0.06666666666666667,0.6229166666666667,0.03333333333333333
1977,0.0061875,0.10416666666666666,-0.004166666666666652,0.01875
1978,0.008666666666666666,0.12499999999999999,0.24791666666666667,0.010416666666666666
1979,0.006249999999999999,0.11249999999999999,-0.2416666666666667,-0.00625
1980,0.0033541666666666655,0.07916666666666666,-0.2895833333333333,-0.016666666666666666
1981,0.0007083333333333325,0.05416666666666666,-0.2645833333333333,-0.0125
1982,0.0025833333333333324,0.08333333333333333,0.1875,0.014583333333333334
1983,0.0,0.07916666666666666,-0.31666666666666665,-0.0020833333333333333
1984,0.0,0.041666666666666664,-0.13958333333333328,-0.01875
1985,0.0,0.029166666666666664,-0.039583333333333304,-0.00625
1986,0.0,0.0,-0.35,-0.01875
1987,0.0,0.008333333333333333,-0.18958333333333333,0.004166666666666667
1988,0.0,0.020833333333333336,-0.12916666666666665,0.00625
1989,0.0013750000000000001,0.008333333333333335,0.1375,-0.00625
1990,0.0,0.0,-0.3104166666666667,-0.0125
1991,0.0,0.0,-0.3520833333333333,-0.016666666666666666
1992,0.0,0.004166666666666667,-0.37083333333333335,0.0020833333333333333
1993,0.0,0.0,-0.25,-0.010416666666666666
1994,0.0,0.0,-0.03749999999999998,-0.00625
1995,0.0,0.0,-0.29374999999999996,-0.016666666666666666
1996,0.002916666666666667,0.041666666666666664,0.2916666666666667,0.020833333333333332
1997,0.0006458333333333338,0.020833333333333332,-0.2270833333333333,-0.010416666666666666
1998,0.0,0.016666666666666666,-0.36875,-0.0020833333333333333
1999,0.0,0.0,-0.025000000000000022,-0.010416666666666666
2000,0.0,0.0,-0.09583333333333333,-0.00625
2001,0.0,0.0,-0.20625000000000004,-0.008333333333333333
2002,0.00020833333333333316,0.0,0.020833333333333315,-0.004166666666666667
2003,0.0,0.0,-0.2104166666666667,-0.0125
2004,0.003270833333333333,0.016666666666666666,0.3270833333333333,0.008333333333333333
2005,0.0049375,0.058333333333333334,0.16666666666666669,0.020833333333333332
2006,0.006208333333333333,0.04583333333333334,0.12708333333333333,-0.00625
2007,0.003166666666666666,0.02916666666666667,-0.3041666666666667,-0.008333333333333333
2008,0.00020833333333333337,0.004166666666666669,-0.2958333333333333,-0.0125
2009,0.0,0.0,-0.10624999999999996,-0.00625
2010,0.0,0.0,-0.22916666666666663,-0.008333333333333333
2011,0.0,0.0,-0.18958333333333333,0.0
2012,0.0,0.020833333333333332,-0.1020833333333333,0.010416666666666666
2013,0.0,0.004166666666666666,-0.2729166666666667,-0.008333333333333333
2014,0.0,0.012499999999999999,-0.32291666666666663,0.004166666666666667
2015,0.0,0.0,-0.3604166666666667,-0.014583333333333334
2016,0.0,0.016666666666666666,-0.35624999999999996,0.008333333333333333
2017,0.0,0.020833333333333332,-0.28125,0.0020833333333333333
2018,0.0,0.03333333333333333,-0.2666666666666667,0.00625
2019,0.0,0.04583333333333334,-0.22916666666666663,0.00625
2020,0.0,0.04166666666666667,-0.16249999999999998,-0.0020833333333333333
2021,0.0,0.04583333333333334,-0.03541666666666665,0.0020833333333333333
2022,0.0,0.025000000000000005,-0.33333333333333337,-0.010416666666666666
2023,2.0833333333333258e-05,0.004166666666666673,0.002083333333333326,-0.010416666666666666
2024,0.0,0.0,-0.2416666666666667,-0.016666666666666666
2025,0.0,0.0,-0.19374999999999998,-0.008333333333333333
2026,0.0,0.016666666666666666,-0.19374999999999998,0.008333333333333333
2027,0.0,0.0,-0.2958333333333333,-0.010416666666666666
2028,0.0,0.0,-0.3041666666666667,-0.027083333333333334
2029,0.00047916666666666664,0.0,0.04791666666666666,-0.008333333333333333
2030,0.0,0.016666666666666666,-0.18958333333333333,0.008333333333333333
2031,0.0,0.03333333333333333,-0.1875,0.008333333333333333
2032,0.0,0.020833333333333332,-0.3375,-0.00625
2033,0.0,0.008333333333333331,-0.3729166666666667,-0.00625
2034,0.0,0.0,-0.18333333333333335,-0.004166666666666667
2035,0.0,0.016666666666666666,-0.18958333333333333,0.008333333333333333
2036,0.0,0.016666666666666666,-0.375,0.0
2037,0.0,0.04166666666666667,-0.09999999999999998,0.0125
2038,0.0,0.058333333333333334,-0.16874999999999996,0.008333333333333333
2039,0.0,0.04583333333333334,-0.2520833333333333,-0.00625
2040,0.0,0.05416666666666667,-0.21666666666666667,0.004166666666666667
2041,0.00014583333333333337,0.037500000000000006,0.014583333333333337,-0.008333333333333333
2042,0.0,0.029166666666666674,-0.26041666666666663,-0.004166666666666667
2043,0.0,0.016666666666666673,-0.4291666666666667,-0.00625
2044,0.0,0.02083333333333334,-0.39375000000000004,0.0020833333333333333
2045,0.00022916666666666642,0.04583333333333334,0.02291666666666664,0.0125
2046,0.0,0.04166666666666667,-0.35,-0.0020833333333333333
2047,0.0,0.02083333333333334,-0.19374999999999998,-0.010416666666666666
2048,0.004479166666666666,0.07916666666666668,0.44791666666666663,0.029166666666666667
2049,0.002374999999999999,0.07500000000000001,-0.2104166666666667,-0.0020833333333333333
2050,0.0018958333333333318,0.06250000000000001,-0.04791666666666672,-0.00625
2051,0.0,0.04583333333333335,-0.32291666666666663,-0.008333333333333333
2052,0.0,0.03750000000000002,-0.008333333333333304,-0.004166666666666667
2053,0.0,0.012500000000000018,-0.3041666666666667,-0.0125
2054,0.0,0.0,-0.08125000000000004,-0.010416666666666666
2055,0.0,0.0125,-0.15416666666666667,0.00625
2056,0.0,0.0,-0.2666666666666667,-0.010416666666666666
2057,0.0,0.008333333333333333,-0.01666666666666672,0.004166666666666667
2058,0.00033333333333333327,0.0,0.033333333333333326,-0.0125
2059,0.0,0.008333333333333333,-0.125,0.004166666666666667
2060,0.0,0.0,-0.2270833333333333,-0.010416666666666666
2061,0.0,0.0,-0.29374999999999996,-0.0020833333333333333
2062,0.0,0.0,-0.32499999999999996,0.0
2063,0.0030833333333333338,0.016666666666666666,0.30833333333333335,0.008333333333333333
2064,0.007229166666666667,0.06666666666666667,0.4145833333333333,0.025
2065,0.010416666666666666,0.11249999999999999,0.31875,0.022916666666666665
2066,0.013291666666666667,0.15416666666666665,0.2875,0.020833333333333332
2067,0.0189375,0.21249999999999997,0.5645833333333333,0.029166666666666667
2068,0.021208333333333333,0.2208333333333333,0.2270833333333333,0.004166666666666667
2069,0.018291666666666664,0.21249999999999997,-0.29166666666666663,-0.004166666666666667
2070,0.020166666666666666,0.2708333333333333,0.1875,0.029166666666666667
2071,0.017333333333333333,0.2583333333333333,-0.2833333333333333,-0.00625
2072,0.021166666666666667,0.2958333333333333,0.3833333333333333,0.01875
2073,0.017854166666666667,0.3083333333333333,-0.33125000000000004,0.00625
2074,0.023458333333333335,0.35,0.5604166666666667,0.020833333333333332
2075,0.029562500000000002,0.38749999999999996,0.6104166666666666,0.01875
2076,0.025791666666666668,0.3583333333333333,-0.3770833333333333,-0.014583333333333334
2077,0.022583333333333334,0.3499999999999999,-0.3208333333333333,-0.004166666666666667
2078,0.020229166666666666,0.34583333333333327,-0.23541666666666672,-0.0020833333333333333
2079,0.018833333333333334,0.35416666666666663,-0.13958333333333328,0.004166666666666667
2080,0.014854166666666667,0.3083333333333333,-0.3979166666666667,-0.022916666666666665
2081,0.01725,0.36666666666666664,0.23958333333333331,0.029166666666666667
2082,0.022958333333333334,0.44166666666666665,0.5708333333333333,0.0375
2083,0.020729166666666667,0.4458333333333333,-0.22291666666666665,0.0020833333333333333
2084,0.019854166666666666,0.43749999999999994,-0.08750000000000002,-0.004166666666666667
2085,0.017458333333333333,0.4541666666666666,-0.23958333333333337,0.008333333333333333
2086,0.014770833333333332,0.4416666666666666,-0.26875000000000004,-0.00625
2087,0.014458333333333332,0.4166666666666666,-0.03125,-0.0125
2088,0.015229166666666665,0.4124999999999999,0.07708333333333334,-0.0020833333333333333
2089,0.015270833333333332,0.3999999999999999,0.004166666666666652,-0.00625
2090,0.01175,0.37083333333333324,-0.3520833333333333,-0.014583333333333334
2091,0.013354166666666667,0.4124999999999999,0.1604166666666667,0.020833333333333332
2092,0.018875000000000003,0.46666666666666656,0.5520833333333334,0.027083333333333334
2093,0.0175625,0.44583333333333325,-0.13124999999999998,-0.010416666666666666
2094,0.013770833333333335,0.4208333333333332,-0.37916666666666665,-0.0125
2095,0.011354166666666667,0.40416666666666656,-0.2416666666666667,-0.008333333333333333
2096,0.010645833333333334,0.38333333333333325,-0.0708333333333333,-0.010416666666666666
2097,0.0069166666666666664,0.3583333333333332,-0.3729166666666667,-0.0125
2098,0.005187499999999999,0.3333333333333332,-0.17291666666666672,-0.0125
2099,0.002895833333333333,0.34999999999999987,-0.22916666666666663,0.008333333333333333
2100,0.0004999999999999996,0.32499999999999984,-0.23958333333333337,-0.0125
2101,0.0,0.31249999999999983,-0.35416666666666663,-0.00625
2102,0.0,0.2874999999999998,-0.27083333333333337,-0.0125
2103,0.0,0.31249999999999983,-0.3458333333333333,0.0125
2104,0.0,0.3208333333333332,-0.35624999999999996,0.004166666666666667
2105,0.0,0.29583333333333317,-0.27708333333333335,-0.0125
2106,0.0,0.2916666666666665,-0.3208333333333333,-0.0020833333333333333
2107,0.0,0.2916666666666665,-0.06666666666666665,0.0
2108,0.0,0.2916666666666665,-0.38125,0.0
2109,0.0,0.2916666666666665,-0.08958333333333335,0.0
2110,0.0,0.27499999999999986,-0.3666666666666667,-0.008333333333333333
2111,0.0,0.28749999999999987,-0.32499999999999996,0.00625
2112,0.0,0.25416666666666654,-0.20208333333333328,-0.016666666666666666
2113,0.0,0.22499999999999987,-0.3666666666666667,-0.014583333333333334
2114,0.0,0.22499999999999987,-0.22916666666666663,0.0
2115,0.0,0.1833333333333332,-0.30000000000000004,-0.020833333333333332
2116,0.0,0.12916666666666654,-0.4395833333333333,-0.027083333333333334
2117,0.0,0.11249999999999988,-0.23333333333333328,-0.008333333333333333
2118,0.0,0.10416666666666655,-0.3583333333333333,-0.004166666666666667
2119,0.0,0.10833333333333321,-0.31666666666666665,0.0020833333333333333
2120,0.0,0.09166666666666655,-0.18125000000000002,-0.008333333333333333
2121,0.0,0.049999999999999885,-0.3270833333333333,-0.020833333333333332
2122,2.0833333333333258e-05,0.05416666666666655,0.002083333333333326,0.0020833333333333333
2123,0.0,0.06666666666666655,-0.17708333333333337,0.00625
2124,0.0,0.04166666666666655,-0.29374999999999996,-0.0125
2125,0.0,0.06249999999999989,-0.01666666666666672,0.010416666666666666
2126,0.0,0.045833333333333226,-0.10624999999999996,-0.008333333333333333
2127,0.0,0.037499999999999895,-0.29374999999999996,-0.004166666666666667
2128,0.0,0.037499999999999895,-0.18958333333333333,0.0
2129,0.0,0.03333333333333323,-0.1166666666666667,-0.0020833333333333333
2130,0.0,0.024999999999999897,-0.08958333333333335,-0.004166666666666667
2131,0.0,0.0,-0.21666666666666667,-0.025
2132,0.0,0.0,-0.41041666666666665,-0.004166666666666667
2133,0.0,0.0,-0.27708333333333335,-0.010416666666666666
2134,0.0,0.0,-0.22916666666666663,-0.0125
2135,0.0,0.0,-0.40208333333333335,-0.01875
2136,0.0,0.0,-0.41041666666666665,-0.01875
2137,0.0,0.008333333333333333,-0.14166666666666672,0.004166666666666667
2138,0.0,0.0125,-0.3104166666666667,0.0020833333333333333
2139,0.0,0.0,-0.08750000000000002,-0.008333333333333333
2140,0.0,0.0,-0.36250000000000004,-0.01875
2141,0.0,0.004166666666666667,-0.3041666666666667,0.0020833333333333333
2142,0.0,0.0,-0.3125,-0.020833333333333332
2143,0.0,0.004166666666666667,-0.002083333333333326,0.0020833333333333333
2144,0.0,0.008333333333333333,-0.30833333333333335,0.0020833333333333333
2145,0.00014583333333333337,0.0125,0.014583333333333337,0.0020833333333333333
2146,0.000979166666666667,0.037500000000000006,0.08333333333333337,0.0125
2147,0.0,0.0,-0.38125,-0.020833333333333332
2148,0.0,0.0,-0.3104166666666667,0.0
2149,0.0,0.0,-0.03749999999999998,-0.00625
2150,0.0,0.008333333333333333,-0.014583333333333282,0.004166666666666667
2151,0.0,0.0125,-0.012499999999999956,0.0020833333333333333
2152,0.004291666666666667,0.025,0.4291666666666667,0.00625
2153,0.002229166666666666,0.025,-0.20625000000000004,0.0
2154,0.0005208333333333334,0.0125,-0.17083333333333328,-0.00625
2155,0.0,0.016666666666666666,-0.2416666666666667,0.0020833333333333333
2156,0.0,0.008333333333333333,-0.13958333333333328,-0.004166666666666667
2157,0.0,0.0,-0.27083333333333337,-0.00625
2158,0.0064375,0.05416666666666667,0.6437499999999999,0.027083333333333334
2159,0.006895833333333333,0.05416666666666667,0.04583333333333334,0.0
2160,0.003458333333333333,0.029166666666666667,-0.34375,-0.0125
2161,0.007875,0.14166666666666666,0.44166666666666665,0.05625
2162,0.016458333333333332,0.2375,0.8583333333333333,0.04791666666666667
2163,0.0189375,0.2833333333333333,0.24791666666666667,0.022916666666666665
2164,0.026354166666666665,0.35416666666666663,0.7416666666666667,0.035416666666666666
2165,0.028270833333333332,0.38749999999999996,0.19166666666666665,0.016666666666666666
2166,0.03214583333333333,0.4333333333333333,0.38749999999999996,0.022916666666666665
2167,0.03147916666666666,0.42499999999999993,-0.06666666666666665,-0.004166666666666667
2168,0.03170833333333333,0.40833333333333327,0.02291666666666664,-0.008333333333333333
2169,0.0295,0.38749999999999996,-0.22083333333333333,-0.010416666666666666
2170,0.03189583333333333,0.45833333333333326,0.23958333333333331,0.035416666666666666
2171,0.029583333333333333,0.44583333333333325,-0.23124999999999996,-0.00625
2172,0.033979166666666664,0.4749999999999999,0.4395833333333333,0.014583333333333334
2173,0.0379375,0.49583333333333324,0.3958333333333333,0.010416666666666666
2174,0.035625,0.4749999999999999,-0.23124999999999996,-0.010416666666666666
2175,0.03345833333333333,0.4749999999999999,-0.21666666666666667,0.0
2176,0.0331875,0.47083333333333327,-0.027083333333333348,-0.0020833333333333333
2177,0.03352083333333333,0.4666666666666666,0.033333333333333326,-0.0020833333333333333
2178,0.03166666666666667,0.43749999999999994,-0.18541666666666667,-0.014583333333333334
2179,0.03175,0.4291666666666666,0.00833333333333336,-0.004166666666666667
2180,0.0285,0.4166666666666666,-0.32499999999999996,-0.00625
2181,0.025645833333333333,0.39166666666666655,-0.28541666666666665,-0.0125
2182,0.02295833333333333,0.40416666666666656,-0.26875000000000004,0.00625
2183,0.01952083333333333,0.3958333333333332,-0.34375,-0.004166666666666667
2184,0.015374999999999998,0.39166666666666655,-0.4145833333333333,-0.0020833333333333333
2185,0.01295833333333333,0.40416666666666656,-0.2416666666666667,0.00625
2186,0.011479166666666664,0.4291666666666666,-0.1479166666666667,0.0125
2187,0.00945833333333333,0.40833333333333327,-0.20208333333333328,-0.010416666666666666
2188,0.006312499999999997,0.38749999999999996,-0.3145833333333333,-0.010416666666666666
2189,0.005312499999999997,0.3958333333333333,-0.09999999999999998,0.004166666666666667
2190,0.0042708333333333305,0.375,-0.10416666666666663,-0.010416666666666666
2191,0.002041666666666664,0.3416666666666667,-0.22291666666666665,-0.016666666666666666
2192,0.0006666666666666644,0.3375,-0.13749999999999996,-0.0020833333333333333
2193,0.0,0.33333333333333337,-0.19374999999999998,-0.0020833333333333333
2194,0.0,0.2791666666666667,-0.34375,-0.027083333333333334
2195,0.0,0.25833333333333336,-0.19166666666666665,-0.010416666666666666
2196,0.0,0.22916666666666669,-0.3666666666666667,-0.014583333333333334
2197,0.0,0.18333333333333335,-0.20416666666666672,-0.022916666666666665
2198,0.0,0.15000000000000002,-0.24583333333333335,-0.016666666666666666
2199,0.0,0.16250000000000003,-0.10624999999999996,0.00625
2200,0.0,0.15000000000000002,-0.275,-0.00625
2201,0.0,0.1541666666666667,-0.06458333333333333,0.0020833333333333333
2202,0.0,0.14583333333333337,-0.3104166666666667,-0.004166666666666667
2203,0.0,0.11250000000000004,-0.32291666666666663,-0.016666666666666666
2204,0.0,0.09583333333333338,-0.19166666666666665,-0.008333333333333333
2205,0.0,0.07916666666666672,-0.2958333333333333,-0.008333333333333333
2206,0.0,0.045833333333333386,-0.18333333333333335,-0.016666666666666666
2207,0.0,0.025000000000000053,-0.26249999999999996,-0.010416666666666666
2208,0.0,0.0,-0.2875,-0.025
2209,0.0,0.0,-0.275,-0.016666666666666666
2210,0.0,0.0,-0.07499999999999996,-0.008333333333333333
2211,0.0,0.0,-0.4,-0.004166666666666667
2212,0.0,0.0,-0.12083333333333335,-0.008333333333333333
2213,0.0,0.0,-0.30000000000000004,-0.00625
2214,0.0,0.0,-0.2958333333333333,-0.004166666666666667
2215,0.0,0.0,-0.35416666666666663,-0.022916666666666665
2216,0.0,0.0,-0.30625,-0.0125
2217,0.0,0.0,-0.3291666666666667,-0.014583333333333334
2218,0.0,0.0125,-0.15208333333333335,0.00625
2219,0.0,0.0,-0.30833333333333335,-0.010416666666666666
2220,0.0,0.0,-0.24791666666666667,-0.00625
2221,0.0,0.0,-0.22083333333333333,-0.010416666666666666
2222,0.0,0.0,-0.34375,-0.014583333333333334
2223,0.0,0.0,-0.13749999999999996,-0.00625
2224,0.0,0.0,-0.12291666666666667,-0.0020833333333333333
2225,0.0007708333333333334,0.0125,0.07708333333333334,0.00625
2226,0.0,0.0,-0.18125000000000002,-0.008333333333333333
2227,0.0,0.004166666666666667,-0.25416666666666665,0.0020833333333333333
2228,0.0,0.0,-0.30625,-0.01875
2229,0.0,0.0,-0.21458333333333335,-0.010416666666666666
2230,0.0,0.0,-0.09999999999999998,-0.008333333333333333
2231,0.0,0.0,-0.025000000000000022,-0.004166666666666667
2232,0.0038541666666666668,0.058333333333333334,0.3854166666666667,0.029166666666666667
2233,0.0005208333333333328,0.008333333333333331,-0.33333333333333337,-0.025
2234,0.0,0.012499999999999997,-0.08125000000000004,0.0020833333333333333
2235,0.0,0.0,-0.03749999999999998,-0.00625
2236,0.0003958333333333336,0.016666666666666666,0.03958333333333336,0.008333333333333333
2237,0.0,0.0,-0.2666666666666667,-0.014583333333333334
2238,0.0,0.0,-0.08333333333333337,-0.0020833333333333333
2239,0.0,0.0,-0.06874999999999998,0.0
2240,0.0,0.0,-0.1645833333333333,-0.004166666666666667
2241,0.0002708333333333335,0.0,0.027083333333333348,-0.0020833333333333333
2242,0.0,0.016666666666666666,-0.12708333333333333,0.008333333333333333
2243,0.0,0.008333333333333333,-0.14166666666666672,-0.004166666666666667
2244,0.0,0.0,-0.2833333333333333,-0.022916666666666665
2245,0.0,0.0,-0.2104166666666667,0.0
2246,0.0,0.0,-0.10624999999999996,-0.008333333333333333
2247,0.0008541666666666664,0.025,0.08541666666666664,0.0125
2248,0.0,0.0,-0.3416666666666667,-0.01875
2249,0.0,0.0,-0.3041666666666667,-0.014583333333333334
2250,0.0,0.0,-0.40208333333333335,-0.020833333333333332
2251,0.0,0.0,-0.32499999999999996,-0.008333333333333333
2252,0.0,0.0,-0.1479166666666667,-0.010416666666666666
2253,0.0,0.004166666666666667,-0.07291666666666663,0.0020833333333333333
2254,0.00029166666666666675,0.03333333333333333,0.029166666666666674,0.014583333333333334
2255,0.0,0.0,-0.2875,-0.016666666666666666
2256,0.0,0.0,-0.22291666666666665,-0.0125
2257,0.0,0.004166666666666667,-0.15625,0.0020833333333333333
2258,0.0,0.0,-0.16666666666666663,-0.004166666666666667
2259,0.0,0.0,-0.0708333333333333,-0.0020833333333333333
2260,0.0,0.0,-0.36458333333333337,-0.004166666666666667
2261,0.0,0.004166666666666667,-0.39583333333333337,0.0020833333333333333
2262,0.0,0.016666666666666666,-0.18333333333333335,0.00625
2263,0.0,0.0,-0.28541666666666665,-0.0125
2264,0.0,0.020833333333333332,-0.1333333333333333,0.010416666666666666
2265,0.0018958333333333334,0.075,0.18958333333333333,0.027083333333333334
2266,0.0,0.05416666666666667,-0.19791666666666663,-0.010416666666666666
2267,0.0,0.07083333333333333,-0.17500000000000004,0.008333333333333333
2268,0.0,0.0625,-0.21250000000000002,-0.004166666666666667
2269,0.0,0.012499999999999997,-0.38541666666666663,-0.025
2270,0.0,0.0,-0.30625,-0.00625
2271,0.0,0.016666666666666666,-0.15625,0.008333333333333333
2272,0.0,0.016666666666666666,-0.10833333333333328,0.0
2273,0.0,0.016666666666666666,-0.14166666666666672,0.0
2274,0.0,0.0,-0.20833333333333337,-0.008333333333333333
2275,0.0,0.0,-0.2979166666666667,-0.01875
2276,0.0,0.0,-0.2666666666666667,-0.016666666666666666
2277,0.0,0.0,-0.14375000000000004,-0.008333333333333333
2278,0.0,0.0,-0.2666666666666667,-0.022916666666666665
2279,0.0,0.0,-0.25,-0.016666666666666666
2280,0.0,0.0,-0.23124999999999996,-0.008333333333333333
2281,0.003104166666666667,0.07083333333333333,0.3104166666666667,0.035416666666666666
2282,0.001,0.0375,-0.2104166666666667,-0.016666666666666666
2283,0.0,0.024999999999999998,-0.17500000000000004,-0.00625
2284,0.0,0.008333333333333331,-0.09375,-0.008333333333333333
2285,0.0,0.0,-0.33333333333333337,-0.016666666666666666
2286,0.0,0.0,-0.09166666666666667,-0.004166666666666667
2287,0.0,0.0,-0.2520833333333333,-0.020833333333333332
2288,0.0,0.0,-0.14375000000000004,-0.008333333333333333
2289,0.0,0.0,-0.15208333333333335,-0.00625
2290,0.0,0.0,-0.18958333333333333,-0.010416666666666666
2291,0.0,0.0,-0.11041666666666672,-0.010416666666666666
2292,0.001354166666666667,0.016666666666666666,0.13541666666666669,0.008333333333333333
2293,0.0,0.0,-0.21250000000000002,-0.014583333333333334
2294,0.0,0.0,-0.33333333333333337,-0.014583333333333334
2295,0.0,0.0125,-0.13124999999999998,0.00625
2296,0.0,0.0,-0.16666666666666663,-0.014583333333333334
2297,0.0,0.0,-0.18125000000000002,-0.010416666666666666
2298,0.0,0.0,-0.19791666666666663,-0.0125
2299,0.003354166666666667,0.05416666666666667,0.3354166666666667,0.027083333333333334
2300,0.00029166666666666707,0.004166666666666666,-0.30625,-0.025
2301,0.0,0.0,-0.1333333333333333,-0.004166666666666667
2302,0.0,0.0,-0.012499999999999956,0.0
2303,0.0,0.0,-0.21666666666666667,-0.00625
2304,0.0,0.0,-0.10833333333333328,-0.004166666666666667
2305,0.0,0.0,-0.1166666666666667,-0.0020833333333333333
2306,0.0007083333333333336,0.0125,0.07083333333333336,0.00625
2307,0.0,0.0,-0.19999999999999996,-0.010416666666666666
2308,0.004125,0.09166666666666666,0.4125,0.04583333333333333
2309,0.0035624999999999997,0.07916666666666666,-0.05625000000000002,-0.00625
2310,0.0014374999999999995,0.049999999999999996,-0.21250000000000002,-0.014583333333333334
2311,0.0022708333333333326,0.09166666666666666,0.08333333333333331,0.020833333333333332
2312,0.0,0.05833333333333333,-0.2958333333333333,-0.016666666666666666
2313,0.0,0.03749999999999999,-0.20208333333333328,-0.010416666666666666
2314,0.0,0.033333333333333326,-0.0625,-0.0020833333333333333
2315,0.0,0.024999999999999994,-0.2104166666666667,-0.004166666666666667
2316,0.0,0.012499999999999994,-0.06874999999999998,-0.00625
2317,0.0,0.008333333333333328,-0.14583333333333337,-0.0020833333333333333
2318,0.0020833333333333333,0.075,0.20833333333333331,0.03333333333333333
2319,0.0,0.049999999999999996,-0.3291666666666667,-0.0125
2320,0.0,0.016666666666666663,-0.30000000000000004,-0.016666666666666666
2321,0.0,0.0,-0.20625000000000004,-0.01875
2322,0.0,0.0,-0.2958333333333333,-0.014583333333333334
2323,0.0,0.0,-0.04583333333333328,-0.00625
2324,0.0,0.0,-0.18541666666666667,-0.020833333333333332
2325,0.0032500000000000003,0.05416666666666667,0.325,0.027083333333333334
2326,0.001833333333333333,0.05,-0.14166666666666672,-0.0020833333333333333
2327,0.0004791666666666668,0.037500000000000006,-0.13541666666666663,-0.00625
2328,0.0010833333333333337,0.06666666666666668,0.060416666666666674,0.014583333333333334
2329,0.0,0.05416666666666668,-0.17083333333333328,-0.00625
2330,0.0,0.03750000000000002,-0.04166666666666663,-0.008333333333333333
2331,0.0,0.03750000000000002,-0.24375000000000002,0.0
2332,0.0,0.012500000000000018,-0.18125000000000002,-0.0125
2333,0.0,0.0,-0.21458333333333335,-0.0125
2334,0.0,0.0,-0.1020833333333333,0.0
2335,0.0,0.0,-0.1333333333333333,-0.0020833333333333333
2336,0.0,0.0,-0.23124999999999996,-0.025
2337,0.0047083333333333335,0.1,0.4708333333333333,0.05
2338,0.0050416666666666665,0.11666666666666667,0.033333333333333326,0.008333333333333333
2339,0.003270833333333333,0.10416666666666667,-0.17708333333333337,-0.00625
2340,0.0032291666666666666,0.1125,-0.004166666666666652,0.004166666666666667
2341,0.003395833333333333,0.1375,0.016666666666666663,0.0125
2342,0.0013333333333333326,0.1,-0.20625000000000004,-0.01875
2343,0.0006041666666666664,0.08333333333333334,-0.07291666666666663,-0.008333333333333333
2344,0.00041666666666666593,0.07916666666666668,-0.018750000000000044,-0.0020833333333333333
2345,0.0,0.07083333333333335,-0.10833333333333328,-0.004166666666666667
2346,0.0005416666666666664,0.09166666666666667,0.05416666666666664,0.010416666666666666
2347,0.004729166666666666,0.18333333333333335,0.41875,0.04583333333333333
2348,0.0022708333333333326,0.15416666666666667,-0.24583333333333335,-0.014583333333333334
2349,0.0018749999999999995,0.16666666666666669,-0.039583333333333304,0.00625
2350,0.000979166666666666,0.16666666666666669,-0.08958333333333335,0.0
2351,0.0,0.15833333333333335,-0.15416666666666667,-0.004166666666666667
2352,8.333333333333359e-05,0.18750000000000003,0.00833333333333336,0.014583333333333334
2353,0.0,0.1791666666666667,-0.04583333333333328,-0.004166666666666667
2354,0.00016666666666666663,0.23750000000000004,0.016666666666666663,0.029166666666666667
2355,0.0,0.22083333333333338,-0.23541666666666672,-0.008333333333333333
2356,0.0,0.20000000000000004,-0.25,-0.010416666666666666
2357,0.0,0.18750000000000003,-0.22291666666666665,-0.00625
2358,0.0,0.19583333333333336,-0.025000000000000022,0.004166666666666667
2359,0.0,0.17083333333333336,-0.3041666666666667,-0.0125
2360,4.1666666666666516e-05,0.19583333333333336,0.004166666666666652,0.0125
2361,0.0008333333333333332,0.20000000000000004,0.07916666666666666,0.0020833333333333333
2362,0.00016666666666666663,0.20833333333333337,-0.06666666666666665,0.004166666666666667
2363,0.0,0.2041666666666667,-0.1333333333333333,-0.0020833333333333333
2364,0.0,0.19583333333333336,-0.2729166666666667,-0.004166666666666667
2365,0.0001874999999999999,0.20000000000000004,0.01874999999999999,0.0020833333333333333
2366,0.0,0.1666666666666667,-0.22291666666666665,-0.016666666666666666
2367,0.0,0.1541666666666667,-0.13749999999999996,-0.00625
2368,0.0,0.1541666666666667,-0.19999999999999996,0.0
2369,0.0,0.14583333333333337,-0.18333333333333335,-0.004166666666666667
2370,0.0,0.1291666666666667,-0.19374999999999998,-0.008333333333333333
2371,0.0,0.10416666666666671,-0.21458333333333335,-0.0125
2372,0.0,0.08333333333333338,-0.17708333333333337,-0.010416666666666666
2373,0.0,0.06250000000000006,-0.08333333333333337,-0.010416666666666666
2374,0.0,0.08333333333333338,-0.13124999999999998,0.010416666666666666
2375,0.0,0.10000000000000005,-0.13958333333333328,0.008333333333333333
2376,0.0,0.05833333333333338,-0.3604166666666667,-0.020833333333333332
2377,0.0,0.05000000000000005,-0.1875,-0.004166666666666667
2378,0.0,0.06250000000000006,-0.04583333333333328,0.00625
2379,0.0010416666666666669,0.11250000000000006,0.10416666666666669,0.025
2380,0.0,0.08750000000000005,-0.15416666666666667,-0.0125
2381,0.0,0.08333333333333338,-0.060416666666666674,-0.0020833333333333333
2382,0.0,0.06250000000000006,-0.18125000000000002,-0.010416666666666666
2383,0.0,0.029166666666666723,-0.1645833333333333,-0.016666666666666666
2384,0.0,5.551115123125783e-17,-0.18333333333333335,-0.014583333333333334
2385,0.0,0.0,-0.15833333333333333,-0.016666666666666666
2386,0.0009999999999999998,0.008333333333333333,0.09999999999999998,0.004166666666666667
2387,0.00047916666666666604,0.025,-0.05208333333333337,0.008333333333333333
2388,0.0,0.04166666666666667,-0.09583333333333333,0.008333333333333333
2389,0.0,0.025000000000000005,-0.09791666666666665,-0.008333333333333333
2390,0.0,0.0,-0.20416666666666672,-0.020833333333333332
2391,0.0,0.0,-0.08750000000000002,-0.010416666666666666
2392,0.0,0.0,-0.18125000000000002,-0.01875
2393,0.0,0.0,-0.06874999999999998,-0.004166666666666667
2394,0.0,0.0,-0.01666666666666672,-0.00625
2395,0.0,0.0,-0.039583333333333304,-0.004166666666666667
2396,0.0010208333333333337,0.0,0.10208333333333336,0.0
2397,0.0,0.0125,-0.14583333333333337,0.00625
2398,8.333333333333359e-05,0.0125,0.00833333333333336,0.0
2399,0.0,0.0,-0.15833333333333333,-0.00625
2400,0.0,0.0,-0.22291666666666665,-0.01875
2401,0.0,0.0,-0.1479166666666667,0.0
2402,0.00016666666666666663,0.0,0.016666666666666663,-0.0020833333333333333
2403,0.00029166666666666675,0.0,0.012500000000000011,-0.010416666666666666
2404,0.0,0.0,-0.28541666666666665,-0.01875
2405,0.0,0.020833333333333332,-0.06458333333333333,0.010416666666666666
2406,0.0,0.0,-0.1875,-0.0125
2407,0.0006041666666666668,0.0125,0.060416666666666674,0.00625
2408,0.0,0.016666666666666666,-0.14375000000000004,0.0020833333333333333
2409,0.0,0.0,-0.08958333333333335,-0.010416666666666666
2410,0.0,0.0,-0.13124999999999998,-0.010416666666666666
2411,0.0,0.0,-0.21250000000000002,-0.010416666666666666
2412,0.0,0.0,-0.16666666666666663,-0.010416666666666666
2413,0.0,0.0,-0.15000000000000002,-0.008333333333333333
2414,0.0,0.0,-0.1645833333333333,-0.0125
2415,0.0,0.0,-0.02083333333333337,-0.0125
2416,0.0,0.0,-0.1166666666666667,0.0
2417,0.0,0.0,-0.17083333333333328,-0.014583333333333334
2418,0.0004375000000000001,0.008333333333333333,0.04375000000000001,0.004166666666666667
2419,0.0,0.0,-0.09999999999999998,-0.0125
2420,0.0,0.0,-0.15416666666666667,-0.0125
2421,0.0,0.0,-0.18125000000000002,-0.004166666666666667
2422,0.0,0.0,-0.2104166666666667,-0.008333333333333333
2423,0.0,0.0,-0.2729166666666667,-0.008333333333333333
2424,0.0,0.0,-0.07291666666666663,-0.010416666666666666
2425,0.0,0.0,-0.25625,-0.010416666666666666
2426,0.0,0.0,-0.23333333333333328,-0.0125
2427,0.0,0.0,-0.11250000000000004,-0.014583333333333334
2428,0.0010208333333333337,0.020833333333333332,0.10208333333333336,0.010416666666666666
2429,0.00018749999999999995,0.03333333333333333,-0.08333333333333337,0.00625
2430,0.0,0.025,-0.07708333333333328,-0.004166666666666667
2431,0.0,0.029166666666666667,-0.12291666666666667,0.0020833333333333333
2432,0.0,0.0,-0.3416666666666667,-0.022916666666666665
2433,0.0,0.008333333333333333,-0.004166666666666652,0.004166666666666667
2434,0.0,0.0,-0.18541666666666667,-0.014583333333333334
2435,0.0,0.0,-0.054166666666666696,-0.00625
2436,0.0,0.0,-0.17708333333333337,-0.008333333333333333
2437,0.0003958333333333336,0.0,0.03958333333333336,-0.0020833333333333333
2438,0.00041666666666666686,0.03333333333333333,0.002083333333333326,0.016666666666666666
2439,0.0,0.016666666666666666,-0.12708333333333333,-0.008333333333333333
2440,0.0,0.0,-0.19999999999999996,-0.0125
2441,0.0,0.0,-0.09583333333333333,-0.0125
2442,0.0,0.0,-0.004166666666666652,-0.008333333333333333
2443,0.0,0.0,-0.12291666666666667,0.0
2444,0.0,0.0,-0.4,-0.014583333333333334
2445,0.00033333333333333327,0.0,0.033333333333333326,0.0
2446,0.0,0.0,-0.11250000000000004,-0.010416666666666666
2447,0.0015625,0.0,0.15625,-0.004166666666666667
2448,0.0003749999999999999,0.0,-0.11875000000000002,-0.008333333333333333
2449,0.0,0.0,-0.20625000000000004,-0.004166666666666667
2450,0.001125,0.016666666666666666,0.11249999999999999,0.008333333333333333
2451,0.0009583333333333327,0.0,-0.01666666666666672,-0.008333333333333333
2452,0.0005416666666666664,0.004166666666666667,-0.04166666666666663,0.0020833333333333333
2453,0.0007916666666666666,0.029166666666666667,0.025000000000000022,0.0125
2454,0.0018333333333333335,0.058333333333333334,0.10416666666666669,0.014583333333333334
2455,0.0008541666666666669,0.058333333333333334,-0.09791666666666665,0.0
2456,0.0,0.04166666666666667,-0.16666666666666663,-0.008333333333333333
2457,0.001875,0.05416666666666667,0.1875,0.00625
2458,0.0,0.037500000000000006,-0.2895833333333333,-0.008333333333333333
2459,0.0,0.016666666666666673,-0.04791666666666672,-0.010416666666666666
2460,0.00010416666666666685,0.02500000000000001,0.010416666666666685,0.004166666666666667
2461,0.0008541666666666669,0.020833333333333343,0.07500000000000001,-0.0020833333333333333
2462,0.0,1.0408340855860843e-17,-0.09166666666666667,-0.010416666666666666
2463,0.00020833333333333316,0.029166666666666678,0.020833333333333315,0.014583333333333334
2464,0.0,0.029166666666666678,-0.02083333333333337,0.0
2465,0.0,0.016666666666666677,-0.1875,-0.00625
2466,0.0012291666666666668,0.012500000000000011,0.12291666666666667,-0.0020833333333333333
2467,0.0003749999999999998,0.020833333333333343,-0.0854166666666667,0.004166666666666667
2468,0.0003749999999999998,0.008333333333333342,-0.0,-0.00625
2469,0.0,0.0,-0.054166666666666696,-0.00625
2470,0.0,0.0,-0.054166666666666696,-0.0020833333333333333
2471,0.0,0.0,-0.13958333333333328,-0.008333333333333333
2472,0.0,0.0,-0.21875,-0.016666666666666666
2473,4.1666666666666516e-05,0.0,0.004166666666666652,-0.010416666666666666
2474,0.0,0.0,-0.15000000000000002,-0.010416666666666666
2475,0.0003958333333333336,0.016666666666666666,0.03958333333333336,0.008333333333333333
2476,0.0027916666666666667,0.05416666666666667,0.23958333333333331,0.01875
2477,0.002416666666666667,0.058333333333333334,-0.03749999999999998,0.0020833333333333333
2478,0.0013124999999999996,0.05416666666666667,-0.11041666666666672,-0.0020833333333333333
2479,0.0017499999999999998,0.05416666666666667,0.04375000000000001,0.0
2480,0.001145833333333333,0.04583333333333334,-0.060416666666666674,-0.004166666666666667
2481,0.0013958333333333331,0.04166666666666667,0.025000000000000022,-0.0020833333333333333
2482,0.0035833333333333333,0.04583333333333334,0.21875,0.0020833333333333333
2483,0.003083333333333333,0.03333333333333334,-0.050000000000000044,-0.00625
2484,0.0017916666666666665,0.012500000000000008,-0.12916666666666665,-0.010416666666666666
2485,0.0018541666666666663,0.004166666666666674,0.006249999999999978,-0.004166666666666667
2486,0.0008125000000000001,0.020833333333333343,-0.10416666666666663,0.008333333333333333
2487,0.0014166666666666668,0.029166666666666674,0.060416666666666674,0.004166666666666667
2488,0.0016458333333333331,0.03333333333333334,0.02291666666666664,0.0020833333333333333
2489,0.0022916666666666662,0.05,0.06458333333333333,0.008333333333333333
2490,0.003104166666666666,0.0625,0.08124999999999999,0.00625
2491,0.005395833333333333,0.058333333333333334,0.22916666666666669,-0.0020833333333333333
2492,0.006145833333333333,0.0625,0.07500000000000001,0.0020833333333333333
2493,0.005520833333333333,0.05,-0.0625,-0.00625
2494,0.0053124999999999995,0.05416666666666667,-0.02083333333333337,0.0020833333333333333
2495,0.004999999999999999,0.06666666666666667,-0.03125,0.00625
2496,0.010624999999999999,0.11249999999999999,0.5625,0.022916666666666665
2497,0.012020833333333333,0.15,0.13958333333333334,0.01875
2498,0.011375,0.15833333333333333,-0.06458333333333333,0.004166666666666667
2499,0.0165625,0.20833333333333331,0.51875,0.025
2500,0.0164375,0.22499999999999998,-0.012499999999999956,0.008333333333333333
2501,0.015416666666666667,0.21666666666666665,-0.1020833333333333,-0.004166666666666667
2502,0.018000000000000002,0.2333333333333333,0.25833333333333336,0.008333333333333333
2503,0.017625000000000002,0.22499999999999998,-0.03749999999999998,-0.004166666666666667
2504,0.01747916666666667,0.22499999999999998,-0.014583333333333282,0.0
2505,0.017687500000000005,0.2333333333333333,0.020833333333333315,0.004166666666666667
2506,0.022125000000000006,0.26249999999999996,0.44375,0.014583333333333334
2507,0.02114583333333334,0.27499999999999997,-0.09791666666666665,0.00625
2508,0.019875000000000007,0.3,-0.12708333333333333,0.0125
2509,0.019562500000000007,0.3125,-0.03125,0.00625
2510,0.01902083333333334,0.30416666666666664,-0.054166666666666696,-0.004166666666666667
2511,0.019666666666666673,0.3208333333333333,0.06458333333333333,0.008333333333333333
2512,0.01829166666666667,0.3083333333333333,-0.13749999999999996,-0.00625
2513,0.01804166666666667,0.3208333333333333,-0.025000000000000022,0.00625
2514,0.017770833333333336,0.3333333333333333,-0.027083333333333348,0.00625
2515,0.017062500000000005,0.3125,-0.0708333333333333,-0.010416666666666666
2516,0.016500000000000004,0.30416666666666664,-0.05625000000000002,-0.004166666666666667
2518,0.015937500000000004,0.29166666666666663,-0.05625000000000002,-0.00625
2519,0.015375000000000003,0.2708333333333333,-0.05625000000000002,-0.010416666666666666
2520,0.013979166666666671,0.25416666666666665,-0.13958333333333328,-0.008333333333333333
2521,0.012729166666666672,0.2375,-0.125,-0.008333333333333333
2522,0.012708333333333339,0.2708333333333333,-0.002083333333333326,0.016666666666666666
2523,0.014083333333333338,0.29583333333333334,0.1375,0.0125
2524,0.013479166666666672,0.2833333333333333,-0.060416666666666674,-0.00625
2525,0.013708333333333338,0.2833333333333333,0.02291666666666664,0.0
2526,0.012854166666666672,0.2708333333333333,-0.0854166666666667,-0.00625
2527,0.013958333333333338,0.29166666666666663,0.11041666666666666,0.010416666666666666
2528,0.012312500000000006,0.26249999999999996,-0.1645833333333333,-0.014583333333333334
2529,0.012708333333333339,0.27499999999999997,0.03958333333333336,0.00625
2530,0.011541666666666672,0.2708333333333333,-0.1166666666666667,-0.0020833333333333333
2531,0.009937500000000005,0.24583333333333332,-0.16041666666666665,-0.0125
2532,0.009770833333333338,0.26666666666666666,-0.01666666666666672,0.010416666666666666
2533,0.008375000000000006,0.2375,-0.13958333333333328,-0.014583333333333334
2534,0.00795833333333334,0.22083333333333333,-0.04166666666666663,-0.008333333333333333
2535,0.00533333333333334,0.17083333333333334,-0.26249999999999996,-0.025
2536,0.00352083333333334,0.14583333333333334,-0.18125000000000002,-0.0125
2537,0.0014791666666666725,0.12916666666666668,-0.20416666666666672,-0.008333333333333333
2538,0.004562500000000006,0.19583333333333336,0.30833333333333335,0.03333333333333333
2539,0.0035833333333333394,0.20000000000000004,-0.09791666666666665,0.0020833333333333333
2540,0.00414583333333334,0.20416666666666672,0.05625000000000002,0.0020833333333333333
2541,0.0036458333333333395,0.1958333333333334,-0.050000000000000044,-0.004166666666666667
2542,0.0019791666666666733,0.15833333333333338,-0.16666666666666663,-0.01875
2543,0.0,0.14583333333333337,-0.20625000000000004,-0.00625
2544,0.0,0.10000000000000003,-0.25625,-0.022916666666666665
2545,0.0,0.05000000000000003,-0.275,-0.025
2546,0.0,0.012500000000000032,-0.12916666666666665,-0.01875
2547,0.0011041666666666667,0.025000000000000033,0.11041666666666666,0.00625
2548,0.0,0.0,-0.3583333333333333,-0.01875
2549,0.0,0.0,-0.19791666666666663,-0.008333333333333333
2550,0.0,0.0,-0.06874999999999998,-0.010416666666666666
2551,0.0,0.0,-0.17291666666666672,-0.014583333333333334
2552,0.0,0.0,-0.24583333333333335,-0.016666666666666666
2553,0.0,0.0,-0.22083333333333333,-0.0020833333333333333
2554,0.0013333333333333337,0.025,0.13333333333333336,0.0125
2555,0.0014375000000000006,0.020833333333333336,0.010416666666666685,-0.0020833333333333333
2556,0.0,0.0,-0.16249999999999998,-0.0125
2557,0.0,0.020833333333333332,-0.13749999999999996,0.010416666666666666
2558,0.0,0.0,-0.20833333333333337,-0.01875
2559,0.0,0.0,-0.002083333333333326,-0.004166666666666667
2560,2.0833333333333258e-05,0.0,0.002083333333333326,0.0
2561,0.0,0.0,-0.16249999999999998,-0.010416666666666666
2562,0.0,0.0,-0.2979166666666667,-0.01875
2563,0.0,0.0,-0.22291666666666665,-0.014583333333333334
2564,0.0,0.0,-0.25416666666666665,-0.01875
2565,0.0,0.0,-0.1875,-0.008333333333333333
2566,0.0,0.0,-0.22083333333333333,-0.025
2567,0.0,0.004166666666666667,-0.0708333333333333,0.0020833333333333333
2568,0.0,0.0,-0.20208333333333328,-0.008333333333333333
2569,0.0,0.0,-0.26041666666666663,-0.010416666666666666
2570,0.0,0.0,-0.17708333333333337,-0.00625
2571,0.0,0.0,-0.12708333333333333,-0.010416666666666666
2572,0.0,0.0,-0.033333333333333326,-0.004166666666666667
2573,0.0,0.0,-0.21875,-0.008333333333333333
2574,0.0,0.004166666666666667,-0.033333333333333326,0.0020833333333333333
2575,0.0,0.0,-0.18541666666666667,-0.01875
2576,0.0005833333333333335,0.029166666666666667,0.05833333333333335,0.014583333333333334
2577,0.00016666666666666718,0.016666666666666666,-0.04166666666666663,-0.00625
2578,0.0,0.004166666666666666,-0.07708333333333328,-0.00625
2579,0.0,0.0,-0.0625,-0.004166666666666667
2580,0.0,0.0,-0.11458333333333337,-0.008333333333333333
2581,0.0,0.0,-0.1333333333333333,-0.004166666666666667
2582,0.0,0.008333333333333333,-0.12083333333333335,0.004166666666666667
2583,0.0,0.004166666666666667,-0.09999999999999998,-0.0020833333333333333
2584,0.00016666666666666663,0.004166666666666667,0.016666666666666663,0.0
2585,0.0,0.004166666666666667,-0.029166666666666674,0.0
2586,0.0,0.0,-0.17500000000000004,-0.00625
2587,0.0008958333333333336,0.020833333333333332,0.08958333333333335,0.010416666666666666
2588,0.0,0.0,-0.18541666666666667,-0.0125
2589,0.0,0.0,-0.11875000000000002,-0.004166666666666667
2590,0.0,0.0,-0.11041666666666672,-0.0125
2591,0.0,0.004166666666666667,-0.0,0.0020833333333333333
2592,0.0,0.0,-0.21458333333333335,-0.022916666666666665
2593,0.0,0.0,-0.16249999999999998,-0.014583333333333334
2594,0.0,0.0,-0.004166666666666652,-0.01875
2595,0.000583333333333333,0.0,0.05833333333333329,-0.0020833333333333333
2596,0.0,0.0,-0.23333333333333328,-0.0125
2597,0.0,0.0,-0.10416666666666663,-0.004166666666666667
2598,0.0,0.0,-0.20625000000000004,-0.014583333333333334
2599,0.0023333333333333335,0.020833333333333332,0.23333333333333334,0.010416666666666666
2600,0.0006041666666666663,0.0,-0.17291666666666672,-0.0125
2601,0.0,0.0,-0.17708333333333337,-0.008333333333333333
2602,0.0,0.0,-0.04791666666666672,-0.010416666666666666
2603,0.0,0.0,-0.20208333333333328,-0.0125
2604,0.0002500000000000002,0.0,0.025000000000000022,-0.014583333333333334
2605,0.0,0.0,-0.19166666666666665,-0.008333333333333333
2606,0.0,0.0,-0.05625000000000002,-0.0125
2607,0.0003125,0.0,0.03125,-0.0125
2608,0.0,0.0,-0.16249999999999998,-0.016666666666666666
2609,0.0,0.0,-0.12916666666666665,-0.0125
2610,0.0,0.025,-0.006249999999999978,0.0125
2611,0.0,0.0,-0.09791666666666665,-0.014583333333333334
2612,0.0,0.0,-0.054166666666666696,-0.0125
2613,0.0017083333333333334,0.016666666666666666,0.17083333333333334,0.008333333333333333
2614,0.0010625,0.016666666666666666,-0.06458333333333333,0.0
2615,0.0011458333333333338,0.0375,0.00833333333333336,0.010416666666666666
2616,0.002104166666666667,0.0375,0.09583333333333333,0.0
2617,0.0016458333333333342,0.041666666666666664,-0.04583333333333328,0.0020833333333333333
2618,0.0,0.024999999999999998,-0.23750000000000004,-0.008333333333333333
2619,0.0,0.012499999999999997,-0.10624999999999996,-0.00625
2620,0.0016458333333333336,0.012499999999999997,0.16458333333333336,0.0
2621,0.002729166666666667,0.012499999999999997,0.10833333333333334,0.0
2622,0.0026458333333333342,0.008333333333333331,-0.008333333333333304,-0.0020833333333333333
2623,0.0021875000000000015,0.004166666666666665,-0.04583333333333328,-0.0020833333333333333
2624,0.0015000000000000018,0.0,-0.06874999999999998,-0.0125
2625,0.0010000000000000013,0.0,-0.050000000000000044,-0.0125
2626,6.250000000000136e-05,0.0,-0.09375,-0.00625
2627,0.0,0.0,-0.10833333333333328,-0.0125
2628,0.0,0.0,-0.029166666666666674,-0.014583333333333334
2629,0.0,0.004166666666666667,-0.08750000000000002,0.0020833333333333333
2630,0.00014583333333333337,0.0,0.014583333333333337,-0.020833333333333332
2631,0.0,0.0,-0.03749999999999998,0.0
2632,0.0,0.0,-0.04791666666666672,-0.004166666666666667
2633,0.0009375,0.0125,0.09375,0.00625
2634,0.0,0.0,-0.2270833333333333,-0.014583333333333334
2635,0.004604166666666666,0.05416666666666667,0.46041666666666664,0.027083333333333334
2636,0.005104166666666666,0.04583333333333334,0.04999999999999999,-0.004166666666666667
2637,0.004520833333333332,0.037500000000000006,-0.05833333333333335,-0.004166666666666667
2638,0.005062499999999999,0.029166666666666674,0.05416666666666664,-0.004166666666666667
2639,0.0043124999999999995,0.04166666666666667,-0.07499999999999996,0.00625
2640,0.005270833333333333,0.04583333333333334,0.09583333333333333,0.0020833333333333333
2641,0.005520833333333333,0.058333333333333334,0.025000000000000022,0.00625
2642,0.0048125,0.07916666666666666,-0.0708333333333333,0.010416666666666666
2643,0.004854166666666666,0.08333333333333333,0.004166666666666652,0.0020833333333333333
2644,0.006770833333333333,0.08333333333333333,0.19166666666666665,0.0
2645,0.007270833333333332,0.09166666666666666,0.04999999999999999,0.004166666666666667
2646,0.008124999999999999,0.07083333333333333,0.08541666666666664,-0.010416666666666666
2647,0.008312499999999999,0.058333333333333334,0.01874999999999999,-0.00625
2648,0.008624999999999999,0.05416666666666667,0.03125,-0.0020833333333333333
2649,0.009104166666666665,0.03333333333333334,0.04791666666666666,-0.010416666666666666
2650,0.009354166666666665,0.037500000000000006,0.025000000000000022,0.0020833333333333333
2651,0.0089375,0.04166666666666667,-0.04166666666666663,0.0020833333333333333
2652,0.008791666666666666,0.037500000000000006,-0.014583333333333282,-0.0020833333333333333
2653,0.008791666666666666,0.037500000000000006,-0.0,0.0
2654,0.009458333333333332,0.05,0.06666666666666665,0.00625
2655,0.009479166666666665,0.0625,0.002083333333333326,0.00625
2656,0.010187499999999999,0.075,0.07083333333333336,0.00625
2657,0.008687499999999999,0.0375,-0.15000000000000002,-0.01875
2658,0.009979166666666666,0.041666666666666664,0.1291666666666667,0.0020833333333333333
2659,0.011083333333333332,0.0625,0.11041666666666666,0.010416666666666666
2660,0.012833333333333332,0.0625,0.175,0.0
2661,0.013104166666666665,0.06666666666666667,0.027083333333333348,0.0020833333333333333
2662,0.013062499999999998,0.07083333333333333,-0.004166666666666652,0.0020833333333333333
2663,0.010437499999999999,0.029166666666666667,-0.26249999999999996,-0.020833333333333332
2664,0.010604166666666666,0.025,0.016666666666666663,-0.0020833333333333333
2665,0.008875,0.004166666666666669,-0.17291666666666672,-0.010416666666666666
2666,0.008916666666666666,0.004166666666666669,0.004166666666666652,0.0
2667,0.008437499999999999,2.6020852139652106e-18,-0.04791666666666672,-0.0020833333333333333
2668,0.007999999999999998,0.0,-0.043749999999999956,-0.00625
2669,0.006270833333333331,0.0,-0.17291666666666672,-0.004166666666666667
2670,0.005979166666666665,0.0,-0.029166666666666674,-0.008333333333333333
2671,0.004062499999999998,0.0,-0.19166666666666665,-0.008333333333333333
2672,0.003895833333333331,0.0,-0.01666666666666672,-0.004166666666666667
2673,0.0027916666666666637,0.0,-0.11041666666666672,-0.0020833333333333333
2674,0.0006874999999999967,0.0,-0.2104166666666667,-0.00625
2675,0.0,0.0,-0.15416666666666667,0.0
2676,0.0,0.0,-0.1333333333333333,-0.00625
2677,0.0,0.0,-0.06666666666666665,-0.00625
2678,0.0,0.0,-0.2895833333333333,-0.014583333333333334
2679,0.00033333333333333327,0.0,0.033333333333333326,-0.008333333333333333
2680,0.0,0.0,-0.07499999999999996,-0.0020833333333333333
2681,0.0,0.0,-0.12708333333333333,-0.00625
2682,0.0,0.0,-0.17083333333333328,-0.010416666666666666
2683,0.0,0.0,-0.15416666666666667,-0.004166666666666667
2684,0.0,0.0,-0.09583333333333333,-0.014583333333333334
2685,0.0,0.004166666666666667,-0.09791666666666665,0.0020833333333333333
2686,0.0,0.0,-0.09583333333333333,-0.00625
2687,0.0,0.0,-0.15000000000000002,-0.0125
2688,0.0,0.0,-0.09791666666666665,0.0
2689,0.0,0.004166666666666667,-0.05208333333333337,0.0020833333333333333
2690,0.0,0.0,-0.08750000000000002,-0.00625
2691,0.0,0.0,-0.1875,-0.0125
2692,0.0,0.0,-0.05625000000000002,-0.008333333333333333
2693,0.0,0.0,-0.0854166666666667,-0.00625
2694,0.0,0.0,-0.12291666666666667,-0.010416666666666666
2695,0.0,0.004166666666666667,-0.050000000000000044,0.0020833333333333333
2696,0.0,0.016666666666666666,-0.0625,0.00625
2697,0.0,0.025,-0.07916666666666672,0.004166666666666667
2698,0.0,0.0,-0.07708333333333328,-0.0125
2699,0.0,0.0,-0.09583333333333333,0.0
2700,0.0,0.0,-0.25,-0.014583333333333334
2701,0.0,0.0,-0.1020833333333333,-0.008333333333333333
2702,0.0,0.0,-0.19166666666666665,-0.016666666666666666
2703,0.0,0.0,-0.17500000000000004,-0.004166666666666667
2704,0.0,0.0,-0.19374999999999998,-0.010416666666666666
2705,0.0,0.020833333333333332,-0.15208333333333335,0.010416666666666666
2706,0.0,0.012499999999999999,-0.18541666666666667,-0.004166666666666667
2707,0.0,0.016666666666666666,-0.1166666666666667,0.0020833333333333333
2708,0.0,0.016666666666666666,-0.027083333333333348,0.0
2709,0.0,0.025,-0.06874999999999998,0.004166666666666667
2710,0.0,0.0125,-0.039583333333333304,-0.00625
2711,0.0,0.0,-0.0708333333333333,-0.008333333333333333
2712,0.0,0.0,-0.125,0.0
2713,0.0011875000000000002,0.008333333333333333,0.11875000000000002,0.004166666666666667
2714,0.0005833333333333334,0.004166666666666667,-0.060416666666666674,-0.0020833333333333333
2715,0.0006041666666666666,0.0125,0.002083333333333326,0.004166666666666667
2716,0.0008124999999999997,0.016666666666666666,0.020833333333333315,0.0020833333333333333
2717,0.0,0.0125,-0.12916666666666665,-0.0020833333333333333
2718,0.0022083333333333334,0.016666666666666666,0.22083333333333333,0.0020833333333333333
2719,0.0019791666666666664,0.0,-0.022916666666666696,-0.0125
2720,0.0,0.0,-0.26041666666666663,-0.016666666666666666
2721,0.0,0.041666666666666664,-0.07708333333333328,0.020833333333333332
2722,0.0,0.041666666666666664,-0.0854166666666667,0.0
2723,0.0020625,0.0625,0.20625,0.010416666666666666
2724,0.0022916666666666667,0.05,0.02291666666666664,-0.00625
2725,0.0015625000000000005,0.0625,-0.07291666666666663,0.00625
2726,0.0001250000000000001,0.01666666666666667,-0.14375000000000004,-0.022916666666666665
2727,0.0,0.01666666666666667,-0.027083333333333348,0.0
2728,0.0,0.020833333333333336,-0.15416666666666667,0.0020833333333333333
2729,0.0025624999999999997,0.01666666666666667,0.25625,-0.0020833333333333333
2730,0.002354166666666666,0.008333333333333337,-0.02083333333333337,-0.004166666666666667
2731,0.005041666666666666,0.03333333333333334,0.26875,0.0125
2732,0.007083333333333332,0.03333333333333334,0.20416666666666666,0.0
2733,0.010833333333333332,0.07083333333333333,0.375,0.01875
2734,0.012166666666666666,0.08333333333333333,0.13333333333333336,0.00625
2735,0.011979166666666666,0.07083333333333333,-0.018750000000000044,-0.00625
2736,0.010916666666666667,0.0625,-0.10624999999999996,-0.004166666666666667
2737,0.0096875,0.05,-0.12291666666666667,-0.00625
2738,0.008854166666666666,0.05,-0.08333333333333337,0.0
2739,0.0081875,0.04166666666666667,-0.06666666666666665,-0.004166666666666667
2740,0.007625,0.05416666666666667,-0.05625000000000002,0.00625
2741,0.006562500000000001,0.04583333333333334,-0.10624999999999996,-0.004166666666666667
2742,0.0083125,0.05416666666666667,0.17500000000000004,0.004166666666666667
2743,0.006875,0.04166666666666667,-0.14375000000000004,-0.00625
2744,0.0066458333333333335,0.04166666666666667,-0.022916666666666696,0.0
2745,0.006562500000000001,0.04583333333333334,-0.008333333333333304,0.0020833333333333333
2746,0.0052291666666666676,0.025000000000000005,-0.1333333333333333,-0.010416666666666666
2747,0.004562500000000001,0.02083333333333334,-0.06666666666666665,-0.0020833333333333333
2748,0.0033125000000000003,0.008333333333333338,-0.125,-0.00625
2749,0.004541666666666667,5.204170427930421e-18,0.12291666666666667,-0.004166666666666667
2750,0.0033125000000000003,0.012500000000000006,-0.12291666666666667,0.00625
2751,0.002416666666666667,5.204170427930421e-18,-0.08958333333333335,-0.00625
2752,0.004208333333333333,0.020833333333333336,0.17916666666666664,0.010416666666666666
2753,0.0028125,0.004166666666666669,-0.13958333333333328,-0.008333333333333333
2754,0.002270833333333333,0.020833333333333336,-0.054166666666666696,0.008333333333333333
2755,0.0015416666666666669,0.004166666666666669,-0.07291666666666663,-0.008333333333333333
2756,0.0018958333333333334,0.01666666666666667,0.03541666666666665,0.00625
2757,0.0010833333333333328,0.012500000000000004,-0.08125000000000004,-0.0020833333333333333
2758,0.0,0.0,-0.21458333333333335,-0.0125
2759,0.0,0.025,-0.006249999999999978,0.0125
2760,0.0,0.0,-0.10833333333333328,-0.0125
2761,0.0,0.016666666666666666,-0.04791666666666672,0.008333333333333333
2762,0.0,0.0,-0.23333333333333328,-0.010416666666666666
2763,0.0,0.0,-0.07291666666666663,-0.0020833333333333333
2764,0.0,0.020833333333333332,-0.018750000000000044,0.010416666666666666
2765,0.0,0.016666666666666666,-0.22916666666666663,-0.0020833333333333333
2766,0.0,0.0,-0.23958333333333337,-0.01875
2767,0.0,0.0,-0.1958333333333333,-0.010416666666666666
2768,0.0,0.004166666666666667,-0.05833333333333335,0.0020833333333333333
2769,0.0,0.004166666666666667,-0.2520833333333333,0.0
2770,0.0006041666666666668,0.020833333333333332,0.060416666666666674,0.008333333333333333
2771,0.0,0.012499999999999999,-0.22916666666666663,-0.004166666666666667
2772,0.0,0.0375,-0.03749999999999998,0.0125
2773,0.0002708333333333335,0.024999999999999998,0.027083333333333348,-0.00625
2774,0.0,0.012499999999999997,-0.19999999999999996,-0.00625
2775,0.0,0.0,-0.07916666666666672,-0.0125
2776,0.0,0.0,-0.04166666666666663,0.0
2777,0.0,0.0,-0.12083333333333335,-0.014583333333333334
2778,0.0,0.0,-0.14583333333333337,-0.008333333333333333
2779,0.0,0.0,-0.12708333333333333,-0.014583333333333334
2780,0.0,0.0,-0.15833333333333333,-0.010416666666666666
2781,0.0,0.008333333333333333,-0.09375,0.004166666666666667
2782,0.0003125,0.020833333333333336,0.03125,0.00625
2783,0.0,0.025,-0.19791666666666663,0.0020833333333333333
2784,0.0,0.0,-0.13124999999999998,-0.016666666666666666
2785,0.0,0.025,-0.1333333333333333,0.0125
2786,0.0,0.037500000000000006,-0.13749999999999996,0.00625
2787,0.0,0.06666666666666668,-0.13541666666666663,0.014583333333333334
2788,0.0,0.06250000000000001,-0.16666666666666663,-0.0020833333333333333
2789,0.0,0.07083333333333335,-0.11875000000000002,0.004166666666666667
2790,0.0,0.05833333333333335,-0.23750000000000004,-0.00625
2791,0.0,0.05416666666666668,-0.01041666666666663,-0.0020833333333333333
2792,0.0024166666666666664,0.05416666666666668,0.24166666666666664,0.0
2793,0.0021249999999999997,0.07500000000000001,-0.029166666666666674,0.010416666666666666
2794,0.0,0.045833333333333344,-0.2416666666666667,-0.014583333333333334
2795,0.0,0.03333333333333334,-0.05625000000000002,-0.00625
2796,0.0,0.037500000000000006,-0.12916666666666665,0.0020833333333333333
2797,0.0012083333333333336,0.04583333333333334,0.12083333333333335,0.004166666666666667
2798,0.0,0.03333333333333334,-0.15625,-0.00625
2799,0.0,0.008333333333333338,-0.23333333333333328,-0.0125
2800,0.0005416666666666664,0.004166666666666672,0.05416666666666664,-0.0020833333333333333
2801,0.0006458333333333333,5.204170427930421e-18,0.010416666666666685,-0.0020833333333333333
2802,0.0008333333333333333,0.008333333333333338,0.01874999999999999,0.004166666666666667
2803,0.0,0.0,-0.20208333333333328,-0.00625
2804,0.0,0.0,-0.2666666666666667,-0.010416666666666666
2805,0.0003125,0.0,0.03125,-0.004166666666666667
2806,0.0,0.0,-0.1333333333333333,0.0
2807,0.0,0.0,-0.1875,-0.004166666666666667
2808,0.0002500000000000002,0.008333333333333333,0.025000000000000022,0.004166666666666667
2809,0.0008125000000000005,0.004166666666666667,0.05625000000000002,-0.0020833333333333333
2810,0.0,0.029166666666666667,-0.13958333333333328,0.0125
2811,0.0,0.025,-0.26249999999999996,-0.0020833333333333333
2812,0.0,0.0,-0.04583333333333328,-0.016666666666666666
2813,0.00041666666666666686,0.0,0.041666666666666685,-0.010416666666666666
2814,0.0,0.0,-0.2875,-0.014583333333333334
2815,0.0,0.0,-0.18333333333333335,-0.00625
2816,0.0007291666666666669,0.0,0.07291666666666669,-0.0020833333333333333
2817,0.0011041666666666667,0.0,0.03749999999999998,-0.0020833333333333333
2818,0.0,0.0,-0.28125,-0.0125
2819,0.0,0.0,-0.039583333333333304,-0.0125
2820,0.0004999999999999999,0.0,0.04999999999999999,0.0
2821,0.0030624999999999997,0.008333333333333333,0.25625,0.004166666666666667
2822,0.0,0.0,-0.42708333333333337,-0.01875
2823,0.004729166666666666,0.020833333333333332,0.47291666666666665,0.010416666666666666
2824,0.005895833333333333,0.04583333333333334,0.11666666666666664,0.0125
2825,0.0055625,0.05,-0.033333333333333326,0.0020833333333333333
2826,0.007979166666666666,0.058333333333333334,0.24166666666666664,0.004166666666666667
2827,0.009541666666666665,0.0625,0.15625,0.0020833333333333333
2828,0.007645833333333332,0.0375,-0.18958333333333333,-0.0125
2829,0.005437499999999998,0.024999999999999998,-0.22083333333333333,-0.00625
2830,0.004020833333333331,0.016666666666666663,-0.14166666666666672,-0.004166666666666667
2831,0.0029166666666666638,0.004166666666666662,-0.11041666666666672,-0.00625
2832,0.0036041666666666635,0.008333333333333328,0.06874999999999998,0.0020833333333333333
2833,0.005374999999999997,0.016666666666666663,0.17708333333333331,0.004166666666666667
2834,0.00470833333333333,0.004166666666666662,-0.06666666666666665,-0.00625
2835,0.003312499999999997,0.0,-0.13958333333333328,-0.020833333333333332
2836,0.0014999999999999966,0.0,-0.18125000000000002,-0.0125
2837,0.000604166666666663,0.0,-0.08958333333333335,-0.004166666666666667
2838,0.0024583333333333297,0.004166666666666667,0.18541666666666667,0.0020833333333333333
2839,0.002374999999999997,0.0,-0.008333333333333304,-0.0125
2840,0.0019166666666666642,0.0,-0.04583333333333328,-0.008333333333333333
2841,0.0013333333333333307,0.0,-0.05833333333333335,-0.0020833333333333333
2842,0.0012499999999999976,0.0,-0.008333333333333304,-0.00625
2843,0.0,0.0,-0.22083333333333333,0.0
2844,0.0,0.0,-0.125,-0.004166666666666667
2845,0.0002708333333333335,0.029166666666666667,0.027083333333333348,0.014583333333333334
2846,0.0007083333333333336,0.05,0.04375000000000001,0.010416666666666666
2847,0.002354166666666667,0.03333333333333334,0.16458333333333336,-0.008333333333333333
2848,0.002125,0.016666666666666673,-0.022916666666666696,-0.008333333333333333
2849,0.0031875000000000002,0.05,0.10625000000000001,0.016666666666666666
2850,0.0024375000000000004,0.020833333333333336,-0.07499999999999996,-0.014583333333333334
2851,0.0005208333333333339,0.01666666666666667,-0.19166666666666665,-0.0020833333333333333
2852,0.004479166666666667,0.05,0.3958333333333333,0.016666666666666666
2853,0.007791666666666667,0.0625,0.33125,0.00625
2854,0.010708333333333334,0.07916666666666666,0.2916666666666667,0.008333333333333333
2855,0.0123125,0.0875,0.16041666666666665,0.004166666666666667
2856,0.0119375,0.07083333333333333,-0.03749999999999998,-0.008333333333333333
2857,0.013270833333333334,0.075,0.13333333333333336,0.0020833333333333333
2858,0.018333333333333333,0.12083333333333332,0.5062500000000001,0.022916666666666665
2859,0.01891666666666667,0.12916666666666665,0.05833333333333335,0.004166666666666667
2860,0.018375000000000002,0.10416666666666666,-0.054166666666666696,-0.0125
2861,0.0165,0.08333333333333333,-0.1875,-0.010416666666666666
2862,0.015666666666666666,0.0875,-0.08333333333333337,0.0020833333333333333
2863,0.016895833333333332,0.10833333333333332,0.12291666666666667,0.010416666666666666
2864,0.01583333333333333,0.10833333333333332,-0.10624999999999996,0.0
2865,0.014187499999999999,0.09999999999999999,-0.1645833333333333,-0.004166666666666667
2866,0.014729166666666665,0.10833333333333332,0.05416666666666664,0.004166666666666667
2867,0.012395833333333332,0.11666666666666665,-0.23333333333333328,0.004166666666666667
2868,0.011229166666666665,0.10416666666666666,-0.1166666666666667,-0.00625
2869,0.010958333333333332,0.10416666666666666,-0.027083333333333348,0.0
2870,0.01570833333333333,0.14583333333333331,0.47500000000000003,0.020833333333333332
2871,0.01295833333333333,0.12083333333333332,-0.275,-0.0125
2872,0.014124999999999997,0.12499999999999999,0.11666666666666664,0.0020833333333333333
2873,0.014937499999999996,0.14166666666666666,0.08124999999999999,0.008333333333333333
2874,0.012062499999999997,0.09583333333333333,-0.2875,-0.022916666666666665
2875,0.010749999999999997,0.06249999999999999,-0.13124999999999998,-0.016666666666666666
2876,0.008437499999999997,0.03749999999999999,-0.23124999999999996,-0.0125
2877,0.006124999999999998,0.0,-0.23124999999999996,-0.01875
2878,0.006249999999999998,0.008333333333333333,0.012500000000000011,0.004166666666666667
2879,0.004749999999999997,0.004166666666666667,-0.15000000000000002,-0.0020833333333333333
2880,0.005437499999999997,0.0125,0.06874999999999998,0.004166666666666667
2881,0.003187499999999997,0.0041666666666666675,-0.22499999999999998,-0.004166666666666667
2882,0.0017499999999999968,0.0,-0.14375000000000004,-0.00625
2883,0.0,0.0,-0.17708333333333337,0.0
2884,0.00020833333333333316,0.0,0.020833333333333315,-0.00625
2885,0.0,0.0,-0.1958333333333333,-0.008333333333333333
2886,0.0,0.0,-0.09791666666666665,-0.010416666666666666
2887,0.0,0.0,-0.21875,-0.0125
2888,0.00035416666666666653,0.0,0.03541666666666665,-0.0125
2889,0.0,0.004166666666666667,-0.12083333333333335,0.0020833333333333333
2890,0.0,0.0,-0.006249999999999978,-0.010416666666666666
2891,0.0,0.0,-0.18125000000000002,-0.00625
2892,0.0,0.0,-0.11041666666666672,-0.00625
2893,0.0,0.0,-0.22083333333333333,-0.0125
2894,0.0,0.0,-0.2104166666666667,-0.010416666666666666
2895,0.0,0.0,-0.15416666666666667,-0.01875
2896,0.0,0.0,-0.08333333333333337,-0.00625
2897,0.0006458333333333332,0.004166666666666667,0.06458333333333333,0.0020833333333333333
2898,0.0,0.0,-0.13958333333333328,-0.008333333333333333
2899,0.0,0.0,-0.14375000000000004,-0.008333333333333333
2900,0.0,0.016666666666666666,-0.060416666666666674,0.008333333333333333
2901,0.0,0.0,-0.1791666666666667,-0.0125
2902,0.0,0.0,-0.14375000000000004,-0.00625
2903,0.0,0.020833333333333332,-0.10416666666666663,0.010416666666666666
2904,0.0,0.008333333333333331,-0.14166666666666672,-0.00625
2905,0.0,0.0,-0.17083333333333328,-0.008333333333333333
2906,0.0014791666666666664,0.008333333333333333,0.14791666666666664,0.004166666666666667
2907,0.0016249999999999997,0.016666666666666666,0.014583333333333337,0.004166666666666667
2908,0.000791666666666666,0.008333333333333333,-0.08333333333333337,-0.004166666666666667
2909,0.0,0.0,-0.2416666666666667,-0.01875
2910,0.0,0.0,-0.23124999999999996,-0.008333333333333333
2911,0.0006041666666666668,0.03333333333333333,0.060416666666666674,0.016666666666666666
2912,0.0,0.025,-0.18541666666666667,-0.004166666666666667
2913,0.0,0.0,-0.09375,-0.0125
2914,0.0002500000000000002,0.008333333333333333,0.025000000000000022,0.004166666666666667
2915,0.0,0.0125,-0.08958333333333335,0.0020833333333333333
2916,0.0,0.008333333333333335,-0.17500000000000004,-0.0020833333333333333
2917,0.0,0.0125,-0.21250000000000002,0.0020833333333333333
2918,0.0,0.016666666666666666,-0.05625000000000002,0.0020833333333333333
2919,0.00047916666666666664,0.0375,0.04791666666666666,0.010416666666666666
2920,0.0,0.024999999999999998,-0.13541666666666663,-0.00625
2921,0.0,0.012499999999999997,-0.26041666666666663,-0.00625
2922,0.0,0.012499999999999997,-0.20208333333333328,0.0
2923,0.0,0.0,-0.1791666666666667,-0.00625
2924,0.0,0.0,-0.2666666666666667,-0.01875
2925,0.0002708333333333335,0.004166666666666667,0.027083333333333348,0.0020833333333333333
2926,0.0,0.0,-0.2270833333333333,-0.008333333333333333
2927,0.0,0.0,-0.21666666666666667,-0.0020833333333333333
2928,0.0,0.0,-0.1791666666666667,-0.014583333333333334
2929,0.0,0.020833333333333332,-0.05208333333333337,0.010416666666666666
2930,0.00029166666666666675,0.008333333333333331,0.029166666666666674,-0.00625
2931,0.0012083333333333334,0.041666666666666664,0.09166666666666667,0.016666666666666666
2932,0.0006666666666666664,0.04583333333333333,-0.054166666666666696,0.0020833333333333333
2933,0.0,0.0375,-0.12291666666666667,-0.004166666666666667
2934,0.0,0.024999999999999998,-0.17083333333333328,-0.00625
2935,0.0001874999999999999,0.058333333333333334,0.01874999999999999,0.016666666666666666
2936,0.0,0.04166666666666667,-0.13541666666666663,-0.008333333333333333
2937,0.0014583333333333332,0.0875,0.14583333333333331,0.022916666666666665
2938,0.0,0.07916666666666666,-0.17708333333333337,-0.004166666666666667
2939,0.0,0.05416666666666666,-0.23124999999999996,-0.0125
2940,0.0,0.03749999999999999,-0.18541666666666667,-0.008333333333333333
2941,0.0,0.04166666666666666,-0.09166666666666667,0.0020833333333333333
2942,0.00047916666666666664,0.07499999999999998,0.04791666666666666,0.016666666666666666
2943,0.0018125000000000003,0.10416666666666666,0.13333333333333336,0.014583333333333334
2944,0.0041666666666666675,0.12499999999999999,0.23541666666666666,0.010416666666666666
2945,0.003666666666666667,0.12916666666666665,-0.050000000000000044,0.0020833333333333333
2946,0.004729166666666667,0.13333333333333333,0.10625000000000001,0.0020833333333333333
2947,0.004729166666666667,0.13333333333333333,-0.0,0.0
2948,0.004416666666666667,0.16666666666666666,-0.03125,0.016666666666666666
2949,0.0043125,0.17083333333333334,-0.01041666666666663,0.0020833333333333333
2950,0.0076458333333333335,0.2,0.3333333333333333,0.014583333333333334
2951,0.006958333333333334,0.17083333333333334,-0.06874999999999998,-0.014583333333333334
2952,0.007270833333333334,0.16666666666666666,0.03125,-0.0020833333333333333
2953,0.011416666666666669,0.2125,0.41458333333333336,0.022916666666666665
2954,0.009125000000000003,0.17083333333333334,-0.22916666666666663,-0.020833333333333332
2955,0.009020833333333337,0.16666666666666666,-0.01041666666666663,-0.0020833333333333333
2956,0.009333333333333338,0.16666666666666666,0.03125,0.0
2957,0.006500000000000004,0.16249999999999998,-0.2833333333333333,-0.0020833333333333333
2958,0.00629166666666667,0.15416666666666665,-0.02083333333333337,-0.004166666666666667
2959,0.004958333333333337,0.14999999999999997,-0.1333333333333333,-0.0020833333333333333
2960,0.005812500000000003,0.15416666666666665,0.08541666666666664,0.0020833333333333333
2961,0.006250000000000004,0.18749999999999997,0.04375000000000001,0.016666666666666666
2962,0.006208333333333337,0.17499999999999996,-0.004166666666666652,-0.00625
2963,0.006375000000000004,0.1583333333333333,0.016666666666666663,-0.008333333333333333
2964,0.0053958333333333375,0.1458333333333333,-0.09791666666666665,-0.00625
2965,0.001770833333333337,0.10833333333333328,-0.36250000000000004,-0.01875
2966,0.0,0.08749999999999995,-0.19166666666666665,-0.010416666666666666
2967,0.0,0.07916666666666662,-0.008333333333333304,-0.004166666666666667
2968,0.0,0.05416666666666662,-0.2520833333333333,-0.0125
2969,0.0004374999999999996,0.06249999999999995,0.043749999999999956,0.004166666666666667
2970,0.0,0.07916666666666662,-0.043749999999999956,0.008333333333333333
2971,0.0,0.05416666666666662,-0.10624999999999996,-0.0125
2972,0.0,0.05416666666666662,-0.002083333333333326,0.0
2973,0.001291666666666667,0.07499999999999996,0.1291666666666667,0.010416666666666666
2974,0.0,0.03749999999999996,-0.18541666666666667,-0.01875
2975,0.0,0.02083333333333329,-0.043749999999999956,-0.008333333333333333
2976,0.0,0.012499999999999957,-0.15000000000000002,-0.004166666666666667
2977,0.0010416666666666662,0.02499999999999996,0.10416666666666663,0.00625
2978,8.333333333333294e-05,0.04999999999999996,-0.09583333333333333,0.0125
2979,0.0,0.04999999999999996,-0.043749999999999956,0.0
2980,0.0017499999999999998,0.07499999999999996,0.175,0.0125
2981,0.00525,0.09583333333333328,0.35000000000000003,0.010416666666666666
2982,0.005895833333333334,0.07916666666666662,0.06458333333333333,-0.008333333333333333
2983,0.002729166666666667,0.03333333333333329,-0.31666666666666665,-0.022916666666666665
2984,0.0,0.029166666666666625,-0.2729166666666667,-0.0020833333333333333
2985,0.0,0.0,-0.37083333333333335,-0.01875
2986,0.0,0.004166666666666667,-0.08333333333333337,0.0020833333333333333
2987,0.0,0.0,-0.1958333333333333,-0.010416666666666666
2988,0.0,0.0,-0.3270833333333333,-0.010416666666666666
2989,0.0,0.020833333333333332,-0.07499999999999996,0.010416666666666666
2990,0.0,0.041666666666666664,-0.13749999999999996,0.010416666666666666
2991,0.0,0.049999999999999996,-0.006249999999999978,0.004166666666666667
2992,0.0,0.016666666666666663,-0.09791666666666665,-0.016666666666666666
2993,0.0,0.033333333333333326,-0.15000000000000002,0.008333333333333333
2994,0.00033333333333333327,0.020833333333333325,0.033333333333333326,-0.00625
2995,0.0013750000000000001,0.02499999999999999,0.10416666666666669,0.0020833333333333333
2996,0.0016875000000000002,0.008333333333333325,0.03125,-0.008333333333333333
2997,0.006041666666666667,0.03749999999999999,0.4354166666666667,0.014583333333333334
2998,0.0045000000000000005,0.03749999999999999,-0.15416666666666667,0.0
2999,0.003520833333333334,0.04166666666666666,-0.09791666666666665,0.0020833333333333333
3000,0.0030625000000000014,0.04999999999999999,-0.04583333333333328,0.004166666666666667
3001,0.00029166666666666794,0.033333333333333326,-0.27708333333333335,-0.008333333333333333
3002,0.0,0.004166666666666659,-0.13749999999999996,-0.014583333333333334
3003,0.0,0.0,-0.16874999999999996,-0.00625
3004,0.0,0.0,-0.3458333333333333,-0.0125
3005,0.0,0.004166666666666667,-0.31875,0.0020833333333333333
3006,0.0,0.0,-0.10624999999999996,-0.010416666666666666
3007,0.0,0.0,-0.0854166666666667,-0.004166666666666667
3008,0.0,0.004166666666666667,-0.1479166666666667,0.0020833333333333333
3009,0.0,0.0,-0.37083333333333335,-0.016666666666666666
3010,0.0018958333333333334,0.0125,0.18958333333333333,0.00625
3011,0.0,0.0,-0.23750000000000004,-0.010416666666666666
3012,0.0,0.0,-0.20208333333333328,0.0
3013,0.0020833333333333333,0.008333333333333333,0.20833333333333331,0.004166666666666667
3014,0.0033541666666666668,0.016666666666666666,0.12708333333333333,0.004166666666666667
3015,0.0008749999999999999,0.0125,-0.24791666666666667,-0.0020833333333333333
3016,0.0,0.020833333333333336,-0.12708333333333333,0.004166666666666667
3017,0.0003958333333333336,0.03333333333333334,0.03958333333333336,0.00625
3018,0.00375,0.08333333333333334,0.33541666666666664,0.025
3019,0.0037916666666666663,0.07500000000000001,0.004166666666666652,-0.004166666666666667
3020,0.002229166666666666,0.05416666666666668,-0.15625,-0.010416666666666666
3021,0.006812500000000001,0.09583333333333335,0.45833333333333337,0.020833333333333332
3022,0.007833333333333335,0.12083333333333335,0.10208333333333336,0.0125
3023,0.006187500000000001,0.11250000000000002,-0.1645833333333333,-0.004166666666666667
3024,0.005812500000000002,0.12500000000000003,-0.03749999999999998,0.00625
3025,0.007000000000000002,0.14583333333333337,0.11875000000000002,0.010416666666666666
3026,0.009416666666666669,0.16250000000000003,0.2416666666666667,0.008333333333333333
3027,0.00847916666666667,0.15833333333333335,-0.09375,-0.0020833333333333333
3028,0.012437500000000002,0.18750000000000003,0.3958333333333333,0.014583333333333334
3029,0.00916666666666667,0.1791666666666667,-0.3270833333333333,-0.004166666666666667
3030,0.007791666666666671,0.18333333333333338,-0.13749999999999996,0.0020833333333333333
3031,0.005500000000000005,0.1916666666666667,-0.22916666666666663,0.004166666666666667
3032,0.003916666666666672,0.1958333333333334,-0.15833333333333333,0.0020833333333333333
3033,0.003791666666666672,0.20416666666666672,-0.012499999999999956,0.004166666666666667
3034,0.0019791666666666716,0.1958333333333334,-0.18125000000000002,-0.004166666666666667
3035,0.0,0.17500000000000004,-0.20208333333333328,-0.010416666666666666
3036,0.002833333333333333,0.1916666666666667,0.2833333333333333,0.008333333333333333
3037,0.0008333333333333335,0.18333333333333338,-0.19999999999999996,-0.004166666666666667
3038,0.0031250000000000006,0.1916666666666667,0.22916666666666669,0.004166666666666667
3039,0.0,0.17083333333333336,-0.33125000000000004,-0.010416666666666666
3040,0.0001250000000000001,0.1791666666666667,0.012500000000000011,0.004166666666666667
3041,0.0003958333333333336,0.19583333333333336,0.027083333333333348,0.008333333333333333
3042,0.000270833333333334,0.22083333333333335,-0.012499999999999956,0.0125
3043,0.0,0.22083333333333335,-0.21458333333333335,0.0
3044,0.0,0.20833333333333334,-0.28541666666666665,-0.00625
3045,0.0,0.17083333333333334,-0.15208333333333335,-0.01875
3046,0.0012083333333333336,0.18333333333333335,0.12083333333333335,0.00625
3047,0.0,0.17500000000000002,-0.14166666666666672,-0.004166666666666667
3048,0.0,0.1625,-0.17083333333333328,-0.00625
3049,0.0,0.14166666666666666,-0.3833333333333333,-0.010416666666666666
3050,0.0,0.12916666666666665,-0.2645833333333333,-0.00625
3051,0.0012083333333333336,0.13749999999999998,0.12083333333333335,0.004166666666666667
3052,0.0038958333333333336,0.15,0.26875,0.00625
3053,0.0038958333333333336,0.1875,-0.0,0.01875
3054,0.0032500000000000003,0.18333333333333332,-0.06458333333333333,-0.0020833333333333333
3055,0.0015416666666666675,0.19583333333333333,-0.17083333333333328,0.00625
3056,0.0016458333333333344,0.21666666666666667,0.010416666666666685,0.010416666666666666
3057,0.0,0.2,-0.23333333333333328,-0.008333333333333333
3058,0.0,0.15000000000000002,-0.4229166666666667,-0.025
3059,0.0,0.10416666666666669,-0.2875,-0.022916666666666665
3060,0.0009999999999999998,0.10833333333333335,0.09999999999999998,0.0020833333333333333
3061,0.0009583333333333333,0.10833333333333335,-0.004166666666666652,0.0
3062,8.333333333333305e-05,0.09583333333333335,-0.08750000000000002,-0.00625
3063,0.0,0.04583333333333335,-0.21875,-0.025
3064,0.0,0.033333333333333354,-0.39583333333333337,-0.00625
3065,0.0,0.03750000000000002,-0.002083333333333326,0.0020833333333333333
3066,0.0,0.0041666666666666866,-0.15000000000000002,-0.016666666666666666
3067,0.00125,0.008333333333333352,0.125,0.0020833333333333333
3068,0.0,0.0,-0.23333333333333328,-0.010416666666666666
3069,0.0,0.004166666666666667,-0.08333333333333337,0.0020833333333333333
3070,0.0,0.0,-0.23958333333333337,-0.022916666666666665
3071,0.0010625,0.0,0.10625000000000001,0.0
3072,0.002416666666666667,0.0,0.13541666666666669,-0.0020833333333333333
3073,0.0055000000000000005,0.025,0.30833333333333335,0.0125
3074,0.005833333333333334,0.058333333333333334,0.033333333333333326,0.016666666666666666
3075,0.0038958333333333336,0.0875,-0.19374999999999998,0.014583333333333334
3076,0.002291666666666667,0.09583333333333333,-0.16041666666666665,0.004166666666666667
3077,0.002291666666666667,0.10833333333333332,-0.0,0.00625
3078,0.008770833333333334,0.14583333333333331,0.6479166666666667,0.01875
3079,0.006208333333333334,0.14583333333333331,-0.25625,0.0
3080,0.005437500000000001,0.14583333333333331,-0.07708333333333328,0.0
3081,0.005104166666666668,0.175,-0.033333333333333326,0.014583333333333334
3082,0.003437500000000002,0.14583333333333331,-0.16666666666666663,-0.014583333333333334
3083,0.0006458333333333355,0.12083333333333332,-0.2791666666666667,-0.0125
3084,0.0,0.12083333333333332,-0.06874999999999998,0.0
3085,0.002375,0.15,0.2375,0.014583333333333334
3086,0.0,0.13749999999999998,-0.30208333333333337,-0.00625
3087,0.0,0.12499999999999999,-0.15416666666666667,-0.00625
3088,0.0012291666666666668,0.12916666666666665,0.12291666666666667,0.0020833333333333333
3089,0.0,0.12916666666666665,-0.3208333333333333,0.0
3090,0.0001250000000000001,0.12916666666666665,0.012500000000000011,0.0
3091,0.0,0.0875,-0.37916666666666665,-0.020833333333333332
3092,0.00014583333333333337,0.08333333333333333,0.014583333333333337,-0.0020833333333333333
3093,0.0006458333333333333,0.10833333333333334,0.04999999999999999,0.0125
3094,0.0012916666666666667,0.125,0.06458333333333333,0.008333333333333333
3095,0.0,0.09583333333333333,-0.26249999999999996,-0.014583333333333334
3096,0.004208333333333334,0.11249999999999999,0.42083333333333334,0.008333333333333333
3097,0.0035833333333333338,0.10416666666666666,-0.0625,-0.004166666666666667
3098,8.333333333333413e-05,0.09583333333333333,-0.35,-0.004166666666666667
3099,0.0,0.12083333333333332,-0.012499999999999956,0.0125
3100,0.0,0.09583333333333333,-0.28125,-0.0125
3101,0.0,0.06666666666666665,-0.23124999999999996,-0.014583333333333334
3102,0.0,0.054166666666666655,-0.47291666666666665,-0.00625
3103,0.0,0.024999999999999988,-0.3375,-0.014583333333333334
3104,0.0,0.008333333333333321,-0.2520833333333333,-0.008333333333333333
3105,0.0021249999999999997,0.020833333333333322,0.21249999999999997,0.00625
3106,0.0,0.0,-0.26041666666666663,-0.010416666666666666
3107,0.0,0.0,-0.1645833333333333,-0.008333333333333333
3108,0.0,0.0,-0.33333333333333337,-0.00625
3109,0.0,0.016666666666666666,-0.3666666666666667,0.008333333333333333
3110,0.0,0.0,-0.30625,-0.010416666666666666
3111,0.0,0.0,-0.2791666666666667,-0.00625
3112,0.0009999999999999998,0.0,0.09999999999999998,0.0
3113,0.0021875,0.016666666666666666,0.11875000000000002,0.008333333333333333
3114,0.0,0.0,-0.26249999999999996,-0.010416666666666666
3115,2.0833333333333258e-05,0.0125,0.002083333333333326,0.00625
3116,0.0,0.0,-0.07291666666666663,-0.00625
3117,0.0,0.0,-0.13749999999999996,0.0
3118,0.0,0.0,-0.22291666666666665,0.0
3119,0.0022291666666666666,0.029166666666666667,0.22291666666666665,0.014583333333333334
3120,0.0033541666666666668,0.05416666666666667,0.11249999999999999,0.0125
3121,0.0019374999999999996,0.03333333333333334,-0.14166666666666672,-0.010416666666666666
3122,0.0,0.012500000000000008,-0.20625000000000004,-0.010416666666666666
3123,0.0,0.012500000000000008,-0.4041666666666667,0.0
3124,0.0,0.0,-0.21458333333333335,-0.008333333333333333
3125,0.00035416666666666653,0.0125,0.03541666666666665,0.00625
3126,0.0,0.0,-0.275,-0.0125
3127,0.0031458333333333334,0.029166666666666667,0.3145833333333333,0.014583333333333334
3128,0.004020833333333333,0.05,0.08749999999999997,0.010416666666666666
3129,0.0063125,0.05416666666666667,0.22916666666666669,0.0020833333333333333
3130,0.0052291666666666676,0.05,-0.10833333333333328,-0.0020833333333333333
3131,0.005875000000000001,0.07083333333333333,0.06458333333333333,0.010416666666666666
3132,0.009354166666666667,0.11249999999999999,0.34791666666666665,0.020833333333333332
3133,0.0105,0.12083333333333332,0.11458333333333331,0.004166666666666667
3134,0.006020833333333335,0.12083333333333332,-0.44791666666666663,0.0
3135,0.0038958333333333345,0.10833333333333332,-0.21250000000000002,-0.00625
3136,0.008083333333333335,0.13749999999999998,0.41874999999999996,0.014583333333333334
3137,0.010791666666666668,0.15833333333333333,0.2708333333333333,0.010416666666666666
3138,0.008250000000000002,0.13749999999999998,-0.25416666666666665,-0.010416666666666666
3139,0.006937500000000003,0.14166666666666666,-0.13124999999999998,0.0020833333333333333
3140,0.00460416666666667,0.12916666666666665,-0.23333333333333328,-0.00625
3141,0.0024791666666666694,0.08333333333333331,-0.21250000000000002,-0.022916666666666665
3142,0.0005416666666666697,0.045833333333333316,-0.19374999999999998,-0.01875
3143,0.0,0.03333333333333331,-0.23333333333333328,-0.00625
3144,0.00033333333333333327,0.03749999999999998,0.033333333333333326,0.0020833333333333333
3145,0.0,0.02083333333333331,-0.17708333333333337,-0.008333333333333333
3146,0.0,0.004166666666666645,-0.25625,-0.008333333333333333
3147,0.0,0.012499999999999978,-0.06458333333333333,0.004166666666666667
3148,0.0,0.00833333333333331,-0.19999999999999996,-0.0020833333333333333
3149,0.0,0.0,-0.37916666666666665,-0.020833333333333332
3150,0.0,0.0,-0.23333333333333328,-0.010416666666666666
3151,0.0,0.0,-0.08333333333333337,0.0
3152,0.0010416666666666669,0.004166666666666667,0.10416666666666669,0.0020833333333333333
3153,0.0007291666666666668,0.0125,-0.03125,0.004166666666666667
3154,0.0,0.0,-0.35416666666666663,-0.01875
3155,0.0,0.0,-0.09166666666666667,0.0
3156,0.0,0.0,-0.12083333333333335,-0.00625
3157,0.0016249999999999997,0.020833333333333332,0.16249999999999998,0.010416666666666666
3158,0.0,0.004166666666666666,-0.19999999999999996,-0.008333333333333333
3159,0.0,0.004166666666666666,-0.1166666666666667,0.0
3160,0.0017499999999999998,0.024999999999999998,0.175,0.010416666666666666
3161,0.0,0.0,-0.40208333333333335,-0.027083333333333334
3162,0.0008124999999999999,0.004166666666666667,0.08124999999999999,0.0020833333333333333
3163,0.0026666666666666666,0.0375,0.18541666666666667,0.016666666666666666
3164,0.002916666666666667,0.0375,0.025000000000000022,0.0
3165,0.002770833333333334,0.0625,-0.014583333333333282,0.0125
3166,0.0,0.05,-0.33125000000000004,-0.00625
3167,0.0,0.04166666666666667,-0.04791666666666672,-0.004166666666666667
3168,0.0,0.05,-0.08750000000000002,0.004166666666666667
3169,0.0,0.0625,-0.0,0.00625
3170,0.0,0.07916666666666666,-0.12708333333333333,0.008333333333333333
3171,0.0,0.07083333333333333,-0.23333333333333328,-0.004166666666666667
3172,0.0,0.05416666666666667,-0.23124999999999996,-0.008333333333333333
3173,0.0,0.05416666666666667,-0.05625000000000002,0.0
3174,0.0,0.03333333333333334,-0.28541666666666665,-0.010416666666666666
3175,0.0,0.012500000000000008,-0.14166666666666672,-0.010416666666666666
3176,0.0,0.016666666666666673,-0.07916666666666672,0.0020833333333333333
3177,0.0,0.02083333333333334,-0.0,0.0020833333333333333
3178,0.0,0.0,-0.2875,-0.025
3179,0.0,0.0,-0.17083333333333328,-0.01875
3180,0.0,0.0,-0.38125,-0.014583333333333334
3181,0.0,0.0,-0.21250000000000002,-0.016666666666666666
3182,0.00020833333333333316,0.0,0.020833333333333315,-0.0020833333333333333
3183,0.0012916666666666667,0.0125,0.10833333333333334,0.00625
3184,0.00014583333333333288,0.0,-0.11458333333333337,-0.01875
3185,0.000895833333333333,0.0,0.07500000000000001,-0.0020833333333333333
3186,0.0,0.0,-0.24375000000000002,-0.004166666666666667
3187,0.0,0.0,-0.012499999999999956,-0.010416666666666666
3188,0.00029166666666666675,0.041666666666666664,0.029166666666666674,0.020833333333333332
3189,0.005562500000000001,0.07083333333333333,0.5270833333333333,0.014583333333333334
3190,0.005916666666666667,0.10833333333333334,0.03541666666666665,0.01875
3191,0.00725,0.1375,0.1333333333333333,0.014583333333333334
3192,0.00825,0.15000000000000002,0.10000000000000003,0.00625
3193,0.008104166666666668,0.13333333333333336,-0.014583333333333282,-0.008333333333333333
3194,0.009666666666666667,0.16250000000000003,0.15625,0.014583333333333334
3195,0.005729166666666666,0.16250000000000003,-0.39375000000000004,0.0
3196,0.005416666666666666,0.16250000000000003,-0.03125,0.0
3197,0.0032708333333333326,0.15000000000000002,-0.21458333333333335,-0.00625
3198,0.0,0.09583333333333335,-0.41874999999999996,-0.027083333333333334
3199,0.0001250000000000001,0.11666666666666668,0.012500000000000011,0.010416666666666666
3200,0.0,0.10833333333333335,-0.26249999999999996,-0.004166666666666667
3201,0.0,0.08750000000000002,-0.33125000000000004,-0.010416666666666666
3202,0.0,0.058333333333333355,-0.18125000000000002,-0.014583333333333334
3203,0.0,0.03750000000000002,-0.28125,-0.010416666666666666
3204,0.000979166666666667,0.05000000000000002,0.09791666666666671,0.00625
3205,0.0,0.06666666666666668,-0.21666666666666667,0.008333333333333333
3206,0.0,0.08750000000000001,-0.125,0.010416666666666666
3207,0.0,0.05833333333333334,-0.2520833333333333,-0.014583333333333334
3208,0.0,0.04583333333333334,-0.17291666666666672,-0.00625
3209,0.0019166666666666666,0.05416666666666667,0.19166666666666665,0.004166666666666667
3210,0.0,0.04583333333333334,-0.2958333333333333,-0.004166666666666667
3211,0.0,0.025000000000000005,-0.27708333333333335,-0.010416666666666666
3212,0.0,0.004166666666666673,-0.30000000000000004,-0.010416666666666666
3213,0.002583333333333333,0.03333333333333334,0.2583333333333333,0.014583333333333334
3214,0.0055208333333333325,0.05416666666666667,0.29375,0.010416666666666666
3215,0.007916666666666666,0.06666666666666667,0.23958333333333337,0.00625
3216,0.004666666666666666,0.05416666666666667,-0.32499999999999996,-0.00625
3217,0.0027916666666666663,0.0625,-0.1875,0.004166666666666667
3218,0.0,0.0375,-0.38541666666666663,-0.0125
3219,0.0026666666666666674,0.0625,0.2666666666666667,0.0125
3220,0.0045000000000000005,0.06666666666666667,0.18333333333333335,0.0020833333333333333
3221,0.004062500000000001,0.07083333333333333,-0.043749999999999956,0.0020833333333333333
3222,0.0042291666666666675,0.08333333333333333,0.016666666666666663,0.00625
3223,0.002000000000000001,0.07916666666666666,-0.22291666666666665,-0.0020833333333333333
3224,0.0020625000000000005,0.09166666666666666,0.006249999999999978,0.00625
3225,0.0,0.07083333333333333,-0.21666666666666667,-0.010416666666666666
3226,0.0,0.06666666666666667,-0.23541666666666672,-0.0020833333333333333
3227,0.0,0.03333333333333333,-0.2270833333333333,-0.016666666666666666
3228,0.0002708333333333335,0.03333333333333333,0.027083333333333348,0.0
3229,0.0,0.04583333333333334,-0.07291666666666663,0.00625
3230,0.0,0.04583333333333334,-0.0625,0.0
3231,0.0,0.03333333333333334,-0.14166666666666672,-0.00625
3232,0.0,0.03333333333333334,-0.15625,0.0
3233,0.0,0.008333333333333338,-0.15833333333333333,-0.0125
3234,0.0009791666666666666,0.012500000000000004,0.09791666666666665,0.0020833333333333333
3235,0.0,0.008333333333333338,-0.17708333333333337,-0.0020833333333333333
3236,0.0,0.004166666666666672,-0.24791666666666667,-0.0020833333333333333
3237,0.0,0.0,-0.03749999999999998,-0.004166666666666667
3238,0.0006041666666666668,0.020833333333333332,0.060416666666666674,0.010416666666666666
3239,0.0,0.024999999999999998,-0.19374999999999998,0.0020833333333333333
3240,0.0,0.020833333333333332,-0.14375000000000004,-0.0020833333333333333
3241,0.0,0.0,-0.26041666666666663,-0.0125
3242,0.0,0.0125,-0.12291666666666667,0.00625
3243,0.0,0.037500000000000006,-0.008333333333333304,0.0125
3244,0.0,0.02083333333333334,-0.16874999999999996,-0.008333333333333333
3245,0.0013958333333333333,0.025000000000000005,0.13958333333333334,0.0020833333333333333
3246,0.0014166666666666666,0.03333333333333334,0.002083333333333326,0.004166666666666667
3247,0.0,0.016666666666666673,-0.25,-0.008333333333333333
3248,0.0,0.02500000000000001,-0.05625000000000002,0.004166666666666667
3249,0.0007083333333333336,0.029166666666666674,0.07083333333333336,0.0020833333333333333
3250,0.0,0.012500000000000008,-0.31875,-0.008333333333333333
3251,0.003979166666666667,0.05,0.3979166666666667,0.01875
3252,0.003000000000000001,0.037500000000000006,-0.09791666666666665,-0.00625
3253,0.00043750000000000126,0.0,-0.25625,-0.020833333333333332
3254,0.001458333333333335,0.041666666666666664,0.10208333333333336,0.020833333333333332
3255,0.005187500000000001,0.07083333333333333,0.3729166666666666,0.014583333333333334
3256,0.006062500000000001,0.075,0.08750000000000002,0.0020833333333333333
3257,0.006458333333333335,0.10416666666666666,0.03958333333333336,0.014583333333333334
3258,0.004541666666666669,0.09583333333333333,-0.19166666666666665,-0.004166666666666667
3259,0.0021250000000000015,0.06249999999999999,-0.2416666666666667,-0.016666666666666666
3260,0.0026250000000000015,0.075,0.04999999999999999,0.00625
3261,0.003979166666666668,0.09583333333333333,0.13541666666666669,0.010416666666666666
3262,0.005604166666666668,0.11249999999999999,0.16249999999999998,0.008333333333333333
3263,0.008812500000000001,0.12083333333333332,0.3208333333333333,0.004166666666666667
3264,0.007083333333333334,0.12083333333333332,-0.17291666666666672,0.0
3265,0.002333333333333334,0.11666666666666665,-0.475,-0.0020833333333333333
3266,0.0,0.09999999999999999,-0.3583333333333333,-0.008333333333333333
3267,0.002,0.12083333333333332,0.2,0.010416666666666666
3268,0.0003333333333333337,0.12499999999999999,-0.16666666666666663,0.0020833333333333333
3269,0.0,0.11249999999999999,-0.13124999999999998,-0.00625
3270,0.0,0.13333333333333333,-0.09375,0.010416666666666666
3271,0.0,0.14583333333333334,-0.21666666666666667,0.00625
3272,0.00010416666666666685,0.1375,0.010416666666666685,-0.004166666666666667
3273,0.0,0.12916666666666668,-0.18541666666666667,-0.004166666666666667
3274,0.0,0.13333333333333336,-0.15833333333333333,0.0020833333333333333
3275,0.0,0.10000000000000003,-0.37916666666666665,-0.016666666666666666
3276,0.0028541666666666667,0.13333333333333336,0.28541666666666665,0.016666666666666666
3277,0.00029166666666666707,0.12916666666666668,-0.25625,-0.0020833333333333333
3278,0.0,0.10416666666666669,-0.35416666666666663,-0.0125
3279,0.0,0.10000000000000002,-0.31666666666666665,-0.0020833333333333333
3280,0.0,0.10833333333333335,-0.26041666666666663,0.004166666666666667
3281,0.0013750000000000001,0.10416666666666669,0.1375,-0.0020833333333333333
3282,0.003604166666666667,0.11666666666666668,0.22291666666666665,0.00625
3283,0.003625,0.12916666666666668,0.002083333333333326,0.00625
3284,0.004958333333333334,0.1375,0.13333333333333336,0.004166666666666667
3285,0.004562500000000001,0.125,-0.039583333333333304,-0.00625
3286,0.004020833333333334,0.11666666666666667,-0.054166666666666696,-0.004166666666666667
3287,0.0026875000000000007,0.1125,-0.1333333333333333,-0.0020833333333333333
3288,0.0031875000000000007,0.12083333333333333,0.04999999999999999,0.004166666666666667
3289,0.002854166666666667,0.10833333333333334,-0.033333333333333326,-0.00625
3290,0.00025000000000000066,0.09166666666666667,-0.26041666666666663,-0.008333333333333333
3291,0.0008125000000000009,0.07500000000000001,0.05625000000000002,-0.008333333333333333
3292,0.0022291666666666675,0.09166666666666667,0.14166666666666666,0.008333333333333333
3293,0.0029166666666666672,0.09166666666666667,0.06874999999999998,0.0
3294,0.0047083333333333335,0.09166666666666667,0.17916666666666664,0.0
3295,0.0038541666666666663,0.08333333333333334,-0.0854166666666667,-0.004166666666666667
3296,0.000874999999999999,0.07500000000000001,-0.2979166666666667,-0.004166666666666667
3297,0.001812499999999999,0.06666666666666668,0.09375,-0.004166666666666667
3298,0.001499999999999999,0.06250000000000001,-0.03125,-0.0020833333333333333
3299,0.001624999999999999,0.041666666666666685,0.012500000000000011,-0.010416666666666666
3300,0.004791666666666665,0.06250000000000001,0.31666666666666665,0.010416666666666666
3301,0.005041666666666666,0.07083333333333335,0.025000000000000022,0.004166666666666667
3302,0.0019999999999999987,0.07500000000000001,-0.3041666666666667,0.0020833333333333333
3303,0.00041666666666666545,0.02916666666666668,-0.15833333333333333,-0.022916666666666665
3304,0.0,0.025000000000000015,-0.20416666666666672,-0.0020833333333333333
3305,0.0,0.025000000000000015,-0.1020833333333333,0.0
3306,0.0,1.3877787807814457e-17,-0.18333333333333335,-0.0125
3307,0.0043124999999999995,0.03333333333333335,0.43124999999999997,0.016666666666666666
3308,0.0016666666666666666,0.03333333333333335,-0.2645833333333333,0.0
3309,2.168404344971009e-19,0.02916666666666668,-0.16666666666666663,-0.0020833333333333333
3310,0.0,0.01666666666666668,-0.18541666666666667,-0.00625
3311,0.0,0.0,-0.4354166666666667,-0.010416666666666666
3312,0.0,0.0,-0.060416666666666674,-0.008333333333333333
3313,0.0,0.0,-0.1020833333333333,0.0
3314,0.0,0.0,-0.23750000000000004,-0.004166666666666667
3315,0.0,0.0,-0.2895833333333333,-0.01875
3316,0.0,0.0,-0.20208333333333328,-0.0020833333333333333
3317,0.0,0.0,-0.3125,-0.00625
3318,0.0,0.0,-0.0625,-0.010416666666666666
3319,0.0,0.0,-0.11041666666666672,-0.004166666666666667
3320,0.0,0.004166666666666667,-0.15000000000000002,0.0020833333333333333
3321,0.0014583333333333332,0.03333333333333333,0.14583333333333331,0.014583333333333334
3322,0.0019791666666666664,0.03333333333333333,0.052083333333333315,0.0
3323,0.0,0.016666666666666666,-0.20208333333333328,-0.008333333333333333
3324,0.0,0.008333333333333333,-0.1791666666666667,-0.004166666666666667
3325,0.003208333333333334,0.0375,0.32083333333333336,0.014583333333333334
3326,0.003333333333333334,0.0375,0.012500000000000011,0.0
3327,0.0016875000000000008,0.03333333333333333,-0.1645833333333333,-0.0020833333333333333
3328,0.0,0.020833333333333332,-0.20208333333333328,-0.00625
3329,0.0,0.0,-0.24375000000000002,-0.010416666666666666
3330,0.0012708333333333332,0.0,0.12708333333333333,-0.00625
3331,2.0833333333333207e-05,0.0,-0.125,-0.014583333333333334
3332,0.0039375,0.029166666666666667,0.3916666666666666,0.014583333333333334
3333,0.006208333333333333,0.0625,0.22708333333333336,0.016666666666666666
3334,0.007854166666666667,0.0625,0.16458333333333336,0.0
3335,0.005791666666666667,0.04166666666666667,-0.20625000000000004,-0.010416666666666666
3336,0.0025,0.02916666666666667,-0.3291666666666667,-0.00625
3337,0.0,0.012500000000000004,-0.36250000000000004,-0.008333333333333333
3338,0.00010416666666666685,0.02916666666666667,0.010416666666666685,0.008333333333333333
3339,0.0,0.004166666666666669,-0.09583333333333333,-0.0125
3340,0.001125,0.025,0.11249999999999999,0.010416666666666666
3341,0.0013750000000000001,0.029166666666666667,0.025000000000000022,0.0020833333333333333
3342,0.0,0.0125,-0.21875,-0.008333333333333333
3343,0.0,0.008333333333333335,-0.16041666666666665,-0.0020833333333333333
3344,0.0,0.0,-0.1479166666666667,-0.008333333333333333
3345,0.0026666666666666666,0.008333333333333333,0.26666666666666666,0.004166666666666667
3346,0.006,0.041666666666666664,0.3333333333333333,0.016666666666666666
3347,0.004958333333333334,0.03333333333333333,-0.10416666666666663,-0.004166666666666667
3348,0.0017291666666666675,0.020833333333333332,-0.32291666666666663,-0.00625
3349,0.0,0.012499999999999999,-0.43125,-0.004166666666666667
3350,0.001875,0.029166666666666667,0.1875,0.008333333333333333
3351,0.0,0.0,-0.21875,-0.014583333333333334
3352,0.0051875,0.041666666666666664,0.51875,0.020833333333333332
3353,0.007979166666666667,0.04583333333333333,0.2791666666666667,0.0020833333333333333
3354,0.008375,0.049999999999999996,0.03958333333333336,0.0020833333333333333
3355,0.004812500000000001,0.016666666666666663,-0.35624999999999996,-0.016666666666666666
