episode,lam_util,lam_tp,mean_util_gap,mean_tp_gap,mean_util_slack,mean_tp_slack,util_slack_ema,tp_slack_ema
1,0.0,0.0,0.014275864976453057,0.0006553388210764293,0.4534797328576467,0.004030055852048826,0.136043919857294,0.0012090167556146477
2,0.0,1.2544616554627452,0.08171449723534077,0.0047848622176054996,0.23390047508183723,-0.003758441758216306,0.16540088642465695,-0.00028122079853463836
3,0.0,0.0,0.0035163949372420786,0.0003967677356883528,0.4505816725878325,0.005304827160748718,0.2509551222736096,0.0013945935892503685
4,0.0,1.414094819699533,0.0,0.005253854029702552,0.600936540369727,-0.0037448375968752562,0.3559495477024448,-0.00014723576658731891
5,0.0,1.8194077958860848,0.12238860953130694,0.0037947605831980752,0.3333463595441111,-0.0022909688655833125,0.3491685912549447,-0.0007903556962861169
6,0.0,0.2719524859248905,0.0,2.9692247280162533e-05,0.8407978349478972,0.0060201739987794135,0.49665736436283037,0.0012528032122335422
7,2.0258802085509733,3.52055845084935,0.16991906643466312,0.005998451554014232,-0.07405252632091014,-0.005996842043804317,0.3254443971577082,-0.0009220903645778154
8,0.0,3.867589984802457,0.017762044274080024,0.00222362051337466,0.5398741559426942,-0.0019895652766215048,0.3897733247932039,-0.0012423328381909221
9,0.0,5.6685344611075275,0.005699642717082786,0.0034826624684681606,0.3358585500859829,-0.002739692994275717,0.3735988923810376,-0.0016915408850163606
10,0.0,8.619756054871248,0.051286329438998336,0.006672130855717113,0.17727087640267652,-0.004783800743683189,0.3147004875875293,-0.0026192188426164094
11,0.0,10.523017746471377,0.06185232848209011,0.0026377574589005995,0.33659821009214536,-0.0020939726504992096,0.32126980433891406,-0.002461644984981249
12,0.0,13.06435976012627,0.08855966140452197,0.0037741391807305166,0.07510932374768102,-0.0024635410263480523,0.24742166016154413,-0.0024622137973912897
13,0.0,14.931868060330725,0.0,0.0029252940125013525,0.5645012033682361,-0.0012238365245125075,0.3425455231235517,-0.002090700615527655
14,0.0,17.360982025920396,3.867622823394803e-05,0.004505680006575892,0.5540847194843066,-0.002408735530382238,0.40600728203177816,-0.00218611108998403
15,0.0,16.1511959663681,0.0,0.0007641522223449195,0.6718175058486862,0.004789288727324595,0.48575034917685056,-9.349114479144252e-05
16,0.0,15.783568710091185,0.0,0.0003040462729149758,0.9179543764621704,0.0030469846336765864,0.6154115573624466,0.0008486515887489662
17,0.0,15.656950261246443,0.0,0.0025850842844273446,0.5239196769438085,0.00032581456138642504,0.5879639932368551,0.0006918004805402038
18,0.1419855174303688,17.97345789122696,0.059109184834992674,0.006590009502760976,0.1758498299698347,-0.005738894654095425,0.46432974425674894,-0.0012374080598504848
19,0.0,14.62615976008005,0.0,2.7130950358174622e-05,0.8892384082239309,0.006304470941820459,0.5918023434469035,0.0010251556406507983
20,0.0,21.08889639435668,0.02066200200334892,0.012217782744092512,0.29732872705319124,-0.012217782744092512,0.5034602585287898,-0.002947725874772195
21,0.0,20.224317017362193,0.03708505475496674,0.002236019460101101,0.4960407986842826,0.0008561584878427849,0.5012344205754377,-0.0018065605659877007
22,0.0,25.12751755941872,0.04875500675372065,0.007212656663616997,0.3510076642511125,-0.007069179986147244,0.4561663936781401,-0.0033853463920355637
23,0.0,25.873460689031653,0.0013040290419116614,0.0017939103944274138,0.38925015480983344,0.00046884183587839504,0.4360915220176481,-0.002229089923661376
24,0.0,28.03427163665265,0.0,0.002368847460052952,0.5533122845672843,-0.0008824082356874732,0.47125775078253895,-0.0018250854172692052
25,0.9778904818740464,30.926973843340754,0.09793265327705475,0.005339009176427512,0.03110205949639661,-0.0036284490344000715,0.3392110433966962,-0.002366094502408465
26,0.0,31.930774466108115,0.0,0.0023338323652707647,0.924634694984731,-9.153338350956116e-05,0.5148381388731067,-0.001683726166738794
27,0.0,36.86824428362536,0.12286809371365842,0.008715311731600343,0.24847213595978412,-0.00775155842287133,0.4349283379991099,-0.003504075843578555
28,0.0,40.8771954665251,0.024865407411590077,0.006986092356963314,0.31695634176160864,-0.006452097047205772,0.3995367391278595,-0.004388482204666719
29,0.0,42.42757339865104,0.0,0.0033007944952693053,0.7060459690436521,0.0006029784036597283,0.49148950810259723,-0.0028910440221687848
30,0.0,45.25580918150559,0.0,0.002465558771977538,0.6187692456950683,-0.001200362083495445,0.5296734293803385,-0.0023838394405667827
31,0.0,47.23441848473649,0.0002000588453861383,0.0034279840684128863,0.39912173440583093,-0.0010112718819482672,0.4905079208879862,-0.0019720691729812278
32,0.0,47.38451187104991,0.0,0.0013247553582978599,0.6720694584652285,0.0022526410779783023,0.5449763821611588,-0.0007046560976933688
33,0.0,50.415361839310826,0.0013040290419116614,0.004908110463029833,0.47529229484886326,-0.004230671374617572,0.5240711559674701,-0.00176246068077063
34,0.0,52.79788116027546,0.0010138133710519306,0.004824391519509627,0.40674831257784416,-0.004156129288546937,0.48887430295058226,-0.002480561263103522
35,0.0,55.30108474262827,0.018336686652292565,0.004480974783166388,0.4624238161416957,-0.0032757542014696453,0.4809391569079163,-0.002719119144613359
36,0.0,56.987050139892574,0.010373993495368241,0.002725089504248565,0.5881307804782271,-0.0008152132975422407,0.5130966439790094,-0.0021479473904920236
37,0.0,59.77890162273554,0.0253193960376281,0.003992998643772572,0.532434956356093,-0.0028944436723467486,0.5188981376921344,-0.0023718962750484407
38,0.0,62.64872619002312,0.005167840551920997,0.00451691118962771,0.48108073793426,-0.0036425269719595997,0.5075529177647721,-0.0027530854841217884
39,0.0,65.31378572095684,0.010838132386215182,0.004231727986173829,0.3312968985350354,-0.002966770174431392,0.45467611199585106,-0.0028171908912146696
40,0.0,66.8206983979567,0.0,0.001840003089405094,0.5889847097320876,-0.0001542210773222345,0.49496869131672205,-0.002018299947046939
41,0.0,66.6493689800861,0.00012809561823393342,0.000591858601415587,0.46541487298426915,0.0033756059633726853,0.4861025458169862,-0.00040012817392105163
42,0.0,67.54156284642106,0.1441913103726013,0.0019321317096179405,0.3024790343278101,0.00026033056388940145,0.4310154923702333,-0.00020199055257791567
43,0.0,70.2057155026904,0.05811461092452039,0.005622207042345522,0.3298771262969595,-0.005125101579702641,0.4006739825482511,-0.0016789238607153331
44,0.0,70.27212226813006,0.011681776723473885,0.0025768060954998915,0.513567487105256,0.00014201455846584032,0.4345420339153525,-0.0011326423349609812
45,0.0,75.64074223318158,0.025296254382395373,0.009388552474988826,0.37857659336210786,-0.009388552474988826,0.4177524017493791,-0.003609415376969334
46,0.0,76.74800712007811,0.0028595197572749993,0.0032608959136658107,0.32548537091220886,-0.0009765737747430149,0.390072292498228,-0.0028195628963014383
47,0.0,78.86989095754403,9.942961995622623e-05,0.0020725902527638724,0.5873450875920607,-0.0005433018563650279,0.4492541310263778,-0.0021366845843205154
48,0.0,79.95861676088478,0.0,0.0015108125689733587,0.6650955162866985,0.0007578944510340856,0.514006546604474,-0.001268310873714135
49,0.0,81.30971106162667,0.031508197414647714,0.00237588533903459,0.37701924937240233,-0.0005362203981403284,0.47291035743485244,-0.001048683731041993
50,0.0,83.6702612987591,0.0,0.003811972378076578,0.6100353008600393,-0.0035529606784469032,0.5140478404624085,-0.001799966815263466
51,0.0,82.66692503783213,0.0,0.0013665777188635942,0.6066249068365376,0.0032576613807358914,0.5418209603746471,-0.0002826783564636587
52,0.0,81.28747470063134,0.010373993495368241,0.00016045047667455,0.41728858601141333,0.0047605985665871145,0.5044612480656769,0.0012303047204515732
53,0.04291254706600389,82.65123838705361,0.0940095108456692,0.0042021830829364806,0.14974560660090716,-0.002597980422082248,0.39804655562624597,8.18191776914269e-05
54,0.0,84.05964687742537,0.0013040290419116614,0.004981575043974265,0.47027121689239226,-0.004219160904482055,0.41971395400608985,-0.0012084748469606175
55,0.0,83.57441779480557,0.041191017043088,0.0009542024820370022,0.23262606987677245,0.0009760187306527187,0.3635875887672946,-0.0005531267736766166
56,0.0,82.2692513191851,0.0,0.0012458760749260158,0.684877344259838,0.004000971738696444,0.4599745154150576,0.0008131027800353016
57,0.0,80.55294597847595,0.01415391569569013,0.001464124756153963,0.3589316376212264,0.004117930566555711,0.4296616520769082,0.0018045511159914243
58,0.0,77.41488576357504,0.09297849670358845,0.0004193990749160473,0.3085667550510179,0.005615453755340484,0.3933331829691411,0.002947821907796142
59,0.0,74.31191950919387,0.0,0.0006250417256167994,0.70364199743782,0.004461946371311541,0.48642582730974476,0.003402059246850761
60,0.0,73.34183819491953,0.006029122998426449,0.003311155966866894,0.30292810373443885,-0.001191397551168193,0.431376510237153,0.0020240222074450745
61,0.0,72.32209759903395,0.0009745752572769129,0.002993733373789814,0.5031447798641147,-0.001503686399351467,0.45290699112524146,0.0009657096254061119
62,0.0,71.9486072921649,0.04301109377883695,0.001978618511159087,0.3704710808843602,-0.00137048956117001,0.42817621805297706,0.00026484986943327537
63,0.0,72.3346559720374,0.15296170923403762,0.0027071104476914755,0.16653791898274015,-0.0018212510207587982,0.349684728331906,-0.00036098039762434675
64,0.0,71.52158895635094,0.0,0.0004941155790829999,0.5669091362403071,0.0014330451852548234,0.4148520507044263,0.0001772272772394043
65,0.0,66.99806393820883,0.00553854045334424,4.0602890158104564e-05,0.45502876432899564,0.009792647232103067,0.42690506479179713,0.003061853263698503
66,0.0,69.09765464269424,0.0,0.005308145651748333,0.763771710785926,-0.004686336267456399,0.5279650585900357,0.0007373964043520323
67,0.0,68.78411580923792,0.0,0.0033354732569486787,0.8741177809017842,-0.002566949430166605,0.6318108752835603,-0.00025390734600355886
68,0.0,71.2531809482916,0.000691413120854776,0.0060401584984986195,0.5142566288430652,-0.005901427488145043,0.5965446013514117,-0.001948163388646004
69,0.0,73.64212578486321,0.006981405135188086,0.00570784580177532,0.4187182518334252,-0.004631308116243574,0.5431966964960158,-0.002753106806925275
70,0.005019779635298427,77.64645457869574,0.16890574471389885,0.0062119195228777825,0.17117166895113614,-0.006198302007022942,0.4315891882325518,-0.003786665366954575
71,0.0,79.30161153301746,0.02923482980875279,0.0025660570378151643,0.33790050025511564,-0.0004226463406666542,0.40348258183932095,-0.0027774596590681984
72,0.0,80.93293637536729,0.0,0.00149298433269351,0.5573841937039289,0.0006615771548100613,0.4496530653987033,-0.0017457486149047203
73,0.0,81.40281063437806,0.0,0.0016175902701145398,0.5709426691280992,0.0019870219642112988,0.486039946517522,-0.0006259174411699147
74,0.0,80.70997032024033,0.0,0.00032433606695872886,0.5321124692688046,0.003287985355028114,0.4998617033429068,0.0005482533976894939
75,0.0,81.13772385706756,0.0007725548928442359,0.0009984932590212357,0.4800705080834235,-0.0002619997587417812,0.4939243447650618,0.0003051774507601113
76,0.0,78.24852879016913,0.0016789762830520377,0.0010180810539413125,0.5669335664387765,0.005435343372996823,0.5158271112671762,0.0018442272274311246
77,0.0,81.15937897863907,0.03714610094403233,0.006894345484030569,0.3887756363938537,-0.006459007204997109,0.4777116688051794,-0.0006467431022973455
78,0.0,81.66974567305883,0.00012809561823393342,0.004387043448068268,0.5700522869361777,-0.0029573863460195275,0.5054138542444788,-0.001339936075414
79,0.0,81.31119870733937,0.06878711977413057,0.0007901519022339526,0.31297014339783485,0.0014764942466175327,0.4476807409904856,-0.0004950069788045401
80,0.0,84.89775942639663,0.013736280908747466,0.0061443378837607214,0.3586810974248763,-0.006055609462029524,0.42098084792080276,-0.002163187723772035
81,0.0,86.92903951095629,0.0,0.004192955169400106,0.527667809168109,-0.0036260684180873764,0.45298693629499454,-0.0026020519320666376
82,0.0,89.90533462918367,0.0,0.004235025145457968,0.5481113127194865,-0.0038388754535417314,0.48152424922234216,-0.0029730989885091656
83,0.7474467977081014,90.15624888348994,0.311559482028285,0.001912729223257355,0.06126980148808087,0.002311611857285893,0.35544791490206373,-0.0013876857347706476
84,0.0,94.50426525839927,0.0621371874547268,0.006191888178326534,0.42343008831183326,-0.005903569095748614,0.37584256692499457,-0.0027424507430640374
85,0.0,97.40540318113965,0.04319311862953191,0.005325176334845796,0.2269098554909752,-0.004484262584362026,0.33116275349478874,-0.0032649942954534336
86,0.0,101.40620089049717,0.060051953206947756,0.005995474057600359,0.40450337497642164,-0.005342234274825901,0.35316493993927855,-0.0038881662892651736
87,1.036478362123634,109.48369748160167,0.23201452071588202,0.013265075244984343,-0.14163027408976522,-0.013265075244984343,0.2047263757305654,-0.0067012389759809245
88,0.0,115.9669561352297,0.032675721316547085,0.009177397353074601,0.39527656549376805,-0.009177397353074601,0.2618914326595262,-0.007444086489109027
89,0.0,120.83554421883412,0.002623872767793934,0.0029189469128221954,0.4777007652965625,-0.0028522643038162345,0.32663423245063705,-0.006066539833521189
90,0.0,128.33789342886143,0.003075556915444356,0.007625094097060171,0.3352067862647862,-0.0076228649350049416,0.3292059985948818,-0.006533437363966315
91,0.0,131.0187939572822,0.0004553693345490983,0.0020209721733697355,0.5482459380074918,0.0010063294492065743,0.39491798041866477,-0.004271507320014448
92,0.0,129.80925680557152,0.1702343514296908,5.100060338092918e-05,0.23541318150180646,0.009503512458529446,0.34706654074360727,-0.00013900138645127997
93,0.0,130.98437343251834,0.14864613260113094,0.002093768186230215,0.15444437090808086,0.0020071188766446263,0.28927988979294933,0.0005048346924774919
94,0.0,129.3822233331359,0.005974364275273787,0.00020358608794061745,0.5271356558392207,0.0034615710390803207,0.3606366196068307,0.0013918555964583406
95,0.0,133.81699540148384,0.07151488863405148,0.009830801720684323,0.10155059651447701,-0.009822971930241349,0.28291081267912455,-0.0019725926615515666
96,0.0,126.87294074201682,0.0,0.0,0.8339468044731488,0.013099122321810115,0.44822161021733187,0.002548921833456937
97,0.0,131.88575459136146,0.015536650884239344,0.008535042924978135,0.2943040057210487,-0.008494783240079158,0.4020463288684469,-0.0007641896886038918
98,0.0,130.54953545137283,0.119559059273655,0.0015624645410319178,0.14840629235060884,0.00016050420215050148,0.3259543179130955,-0.0004867815213775737
99,0.0,134.09406301975525,0.0,0.006705495018568901,0.6120209622358929,-0.006568118945110284,0.4117743112099347,-0.0023111827484973866
100,0.0,135.67403227796618,0.005539215930676865,0.0033401480759174106,0.3291173874229461,-0.002688239255317014,0.3869772340738381,-0.002424299700543275
101,0.26546611377050766,141.93122245099195,0.2519622669366775,0.010527683022123162,-0.16407917725475774,-0.010527318343262974,0.22166031067525935,-0.004855205293359185
102,0.0,144.96930093933497,0.0,0.004932265584722503,0.7103536997579082,-0.0036017177754254157,0.368268327400054,-0.004479159037979054
103,0.0,150.21571422215055,0.1337117292884569,0.00597444802934977,0.2678335224661491,-0.005685890532034229,0.33813788591988253,-0.004841178486195606
104,0.0,152.76007823827226,0.16079640789740118,0.004041964031961876,0.2653625309185532,-0.0004332519321005398,0.3163052794194837,-0.003518800519967086
105,0.0,156.79091468450682,0.005960568766687318,0.004509429331030563,0.46658310102889905,-0.003208064984869629,0.36138862590230825,-0.003425579859437849
106,0.0,160.9194199032436,0.0,0.00585735805424466,0.552095964962705,-0.004792902836592629,0.4186008276204273,-0.003835776752584283
107,0.0,165.8051588064533,0.17330335348442294,0.006452067634969763,0.2405569929213571,-0.006450486330081462,0.3651876772107062,-0.0046201896258334365
108,0.0,169.50701159783978,0.0029127600985831194,0.003951929626234108,0.47539158994935643,-0.0035240846303701565,0.3982488510323013,-0.004291358127194452
109,0.0,171.415905913614,0.0,0.0015863749296673875,0.607702868688953,0.0010146409576799694,0.46108505632929675,-0.0026995584017321253
110,0.0,179.24181787739636,0.0599777424807981,0.01172133694198016,0.2529564485231844,-0.01172133694198016,0.39864647398746306,-0.0054060919638065355
111,0.0,184.33687376788112,0.1335007275259922,0.007668428273494629,0.14132917707952874,-0.007577405938213709,0.32145128491508274,-0.006057486156128687
112,0.0,188.11054309784353,0.11708267261015216,0.003136088671571677,0.27326922141662763,-0.0019780700519511575,0.3069966658655462,-0.004833661324875428
113,0.0,193.57524512553925,0.09162288791384476,0.005816286588128432,0.1547340104238286,-0.004873511923195556,0.2613178692330309,-0.004845616504371466
114,0.0,199.5705710925289,0.09779268086379707,0.007255372182657454,0.11185053749977439,-0.007253297863467683,0.21647766971305396,-0.0055679209121003315
115,0.0,204.5128704801711,0.012344691802788245,0.005203766187931204,0.41555153662986616,-0.005016943160863516,0.2761998297880976,-0.005402627586729287
116,0.0,211.33071402186442,0.03419883043061637,0.008179506978232675,0.24964333782498146,-0.0081788136123095,0.26823288219916275,-0.00623548339440335
117,0.0,213.16981207597067,0.16625624182024576,0.0031298773232569326,0.20247076051922883,0.0020560945982217994,0.24850424569518254,-0.0037480099966158056
118,0.0,218.36453978853663,0.12751070860103356,0.004781682987761323,0.31505735492248643,-0.004170887115483229,0.2684701784633737,-0.003874873132276032
119,0.0,220.70365199741454,0.0,0.00225042261042323,0.5465610084848296,-0.0008075203081760525,0.35189742746981045,-0.0029546672850460382
120,0.0,225.54384015444504,0.13940767134659887,0.006141489754294195,0.16442312086508165,-0.005924288010815744,0.2956551354883918,-0.0038455535027769497
121,0.0,226.63771487516507,0.05398258366363256,0.0030272110670481822,0.3292822524491448,0.0009591041497052252,0.30574327057661765,-0.0024041562070322973
122,0.0,227.98324998982181,0.0028038120296541486,0.0020652785453431524,0.4992820336195054,0.0013027599184841216,0.36380489948948397,-0.0012920813693773716
123,0.0,229.08082633481717,0.0005538779365367165,0.0010057894584509287,0.38730827828549297,0.00027154872064237724,0.37085591312828664,-0.000822992342371447
124,0.0,227.92984202042012,0.0,0.0002316134367355913,0.6646695626491569,0.003778093429027455,0.4590000079845477,0.0005573333890482236
125,0.0,230.7160966495203,0.11053942521284141,0.005752834299923403,0.29924378858258666,-0.004970635678532151,0.41107314216395935,-0.0011010573312258886
126,0.0,228.4429430660002,0.163298022207492,0.0001451397401284903,0.19722441777819974,0.004201058407542739,0.34691852484823144,0.0004895773904046997
127,0.0,227.92441073940333,0.06399471465564772,0.002229229754152249,0.19929667873140236,0.0022068113425035953,0.3026319710131827,0.0010047475760343683
128,0.0,225.73543353796714,0.03733187254792784,0.0010850400618080778,0.32649857005792776,0.004008528238985736,0.3097919507266062,0.0019058817749197784
129,0.0,226.92802720310254,0.010727554674456859,0.004379926132316292,0.3810184109711837,-0.0036105939346895437,0.33115988879997943,0.0002509390620369818
130,0.0,231.07558067414288,0.08208316157535524,0.010636485707793707,0.27017085154455334,-0.010636485707793707,0.3128631776233516,-0.0030152883689122246
131,0.0,231.64560589156787,0.06413811110705687,0.0020714492924435693,0.17776929319794194,-0.0013233103772192693,0.27233501229572865,-0.0025076949714043376
132,0.0,235.93644397395104,0.0,0.005857029549698079,0.5764658947649903,-0.005693833330206176,0.36357427703650713,-0.0034635364790448894
133,0.0,239.34472620105097,0.007865280789458291,0.0047856336052326445,0.5277360030172469,-0.004344091691285154,0.41282279483072903,-0.0037277030427169686
134,0.0,244.26064850148728,0.268136714100386,0.006676071532581855,0.059567476470174456,-0.006478333333457372,0.30684619932256263,-0.004552892129939089
135,0.0,249.3073611936225,0.18544927084339655,0.006490784807071519,0.28583476091836335,-0.00644125693370403,0.30054276780130285,-0.005119401571068571
136,0.0,254.47713905343053,0.24235090448914406,0.006043055398476564,0.017293482357314247,-0.005814466173785658,0.21556798216810627,-0.005327920951883697
137,0.0,255.82253582683157,0.09227100146073858,0.0011715995914054684,0.352331274877773,0.0027517967316060894,0.2565969699810063,-0.0029040056468367607
138,0.0,258.0555926417426,0.09334087487156532,0.0013779315493089436,0.3964216315565072,0.0010187161957657086,0.29854436845365656,-0.0017271890940560198
139,0.0,266.2858921209857,0.1028655501275252,0.01404948515404911,0.1285104901317881,-0.01404948515404911,0.24753420495709602,-0.005423877912053947
140,0.0,268.456143847966,0.14566491387464214,0.003573580719104928,0.28869858729509495,-0.002496207545231771,0.2598835196584957,-0.004545576802007294
141,0.0,273.04736823617117,0.2110171725882012,0.004716843039000175,0.10438017445168514,-0.0037257789502876276,0.21323251609645252,-0.004299637446491394
142,0.0,277.9544593589556,0.1863183343840012,0.005441470478222397,0.08082621379046463,-0.005308979110106102,0.17351062540465614,-0.004602439945575806
143,0.0,281.3595395671447,0.010170762086881443,0.003565091515026458,0.41141012786622305,-0.0024233597625664153,0.2448804761431262,-0.003948715890672989
144,0.0,287.5337349452656,0.14052443123448466,0.007904168932332416,0.23230485228188127,-0.007904168932332416,0.2411077889847527,-0.005135351803170816
145,0.0,290.4952713266939,0.22465639020053702,0.00212584175319946,0.12766148743137182,-0.0018426487500592115,0.20707389851873842,-0.004147540887237335
146,0.0,295.04104527515966,0.21275259975104463,0.004050675759016628,0.22161090141869272,-0.003948223394032634,0.2114349993887247,-0.004087745639275924
147,0.0,298.94789850251453,0.0,0.0041813522435938414,0.5853681508372449,-0.003648599731147177,0.3236149448232808,-0.0039560018668373
148,0.0,303.9645598456294,0.16700479025856088,0.006133770078167322,0.28376783561874175,-0.006028476012792011,0.3116608120619191,-0.004577744110623713
149,0.0,308.36905043114086,0.07907330756034023,0.004864447437250723,0.34018509794374313,-0.004864447437250723,0.3202180978264663,-0.004663755108611816
150,0.0,316.0151875815519,0.024212514593585473,0.010966645818597727,0.4523415477618949,-0.010966645818597727,0.3598551328070949,-0.006554622321607589
151,0.0,316.38311932845914,0.061614375950312876,8.408413546663003e-07,0.2842576552870771,0.00436466302881438,0.33717588955108957,-0.003278836716480998
152,0.0,322.23516525749096,0.024625336001234906,0.005557099318827434,0.3453364402612272,-0.00522741257062182,0.3396240547641308,-0.003863409472723244
153,0.0,324.96682991893414,0.003221699197251384,0.0022838815323367313,0.5104655552891256,-0.0021145377369754096,0.3908765049216293,-0.0033387479519988938
154,0.0,330.33048299086835,0.2693505753886667,0.007224228426083636,-0.06979023412074871,-0.007010777867776295,0.2526764832089159,-0.004440356926732114
155,0.0,333.4415667684409,0.13260786663905022,0.004348105390868868,0.2941166810701446,-0.002818547214663417,0.2651085425672845,-0.003953814013111505
156,0.0,335.54272127918955,0.1605595855280549,0.001861806990800721,0.15073548033493983,0.00041270881849914473,0.2307966238975811,-0.0026438571636283096
157,0.0,340.6370859280134,0.04653712267543925,0.006461114267415502,0.15424514528237604,-0.006384542706240639,0.20783118031301956,-0.003766062826412008
158,0.0,343.35945423335676,0.022589487856835243,0.0036841730184710626,0.46441589086565704,-0.002760663472918731,0.28480659347881077,-0.0034644430203640245
159,0.0,350.18504110642186,0.024773039528024666,0.010152793591723521,0.2690793524554164,-0.010152638748858061,0.28008842117179245,-0.0054709017389122355
160,0.0,355.452754606953,0.0,0.007137654074105974,0.622674671753841,-0.007137654074105974,0.38286429634640695,-0.005970927439470357
161,0.0,361.68616717632983,0.09520775793365416,0.007038631564856807,0.15208638034583788,-0.007038631564856807,0.31363092154623623,-0.006291238677086291
162,0.0,364.30086408534675,0.06565803068696051,0.0013310033254872809,0.3966028879678081,0.0010345658005415234,0.3385225114727078,-0.0040934973337979465
163,0.0,369.525059098513,0.10402742115603378,0.005364726410106426,0.2359836129452011,-0.004159803599889798,0.30776084191445574,-0.004113389213625502
164,0.0,374.61943384161793,0.20008085780930798,0.006218903967885684,0.004266977993573511,-0.006177829774861346,0.21671268273819105,-0.004732721381996255
165,0.0,378.7360648628508,0.07245271695951594,0.005964164977941614,0.1344440213125594,-0.00409433747245865,0.19203208431050153,-0.004541206209134973
166,0.0,381.5205994812225,0.0,0.0025193154683619346,0.6288660370104608,-0.000681978756647573,0.3230822701204893,-0.003383437973388753
167,0.0,385.163656913232,0.10445247594376116,0.0030081341733642457,0.33405879985937303,-0.0027183032666130012,0.32637522904215444,-0.003183897561356027
168,0.0,387.34293238225234,0.16525304368454874,0.0027872171547260976,0.1611818328255517,-0.0008830802731226512,0.2768172101771736,-0.002493652374886014
169,0.0,386.75665783453604,0.16650203209942965,0.0001595216263017587,0.23504321965517647,0.004641867449775111,0.26428501302057444,-0.0003529964274876763
170,0.0,387.03117479018783,0.0,0.00118649820167635,0.44987793613481053,0.0020403524173769803,0.31996288995484523,0.00036500822597172066
171,0.0,388.44994776850126,0.0,0.003558643179839249,0.583845510439375,-0.0026032811022688256,0.39912767610020417,-0.0005254785725004432
172,0.0,388.1068586284009,0.0,0.0012648307441837784,0.47649056188156363,0.0003564470803427682,0.422336541834612,-0.00026090087664747976
173,0.0,393.21481394327685,0.20057128134227153,0.010725444777151677,0.14354203393585432,-0.010083329189776485,0.3386981894649847,-0.003207629370586181
174,0.0,392.81680572171825,0.0,0.0025955063976856696,0.68123814310345,0.00123460676519578,0.4414601755565243,-0.0018749585298515929
175,0.0,395.79614828343887,0.016721970438295677,0.0034206205666931903,0.3427467164591546,-0.0027875598038133325,0.4118461378273134,-0.0021487389120401147
176,0.0,398.2288414937069,0.04162100514588029,0.004320023965125737,0.4101811958771845,-0.0030254982647948186,0.4113466552422747,-0.002411766717866526
177,0.0,399.3588411078069,0.0,0.0010179326101068295,0.8328543099142782,-1.5405882755371638e-05,0.5377989516438757,-0.0016928584673331795
178,0.0,398.41516373671465,0.008801773884729896,0.00039058248342728344,0.48569179244691396,0.004548787290358679,0.5221668038847871,0.00017963525997437822
179,0.0,397.5725193000737,0.1059815014681553,1.5815851701221343e-05,0.30449137589322006,0.0035114186773084807,0.45686417548731695,0.0011791702851746088
180,0.0,400.41784364080223,0.1709843391034943,0.006164011200873475,0.25517459971246004,-0.006164011200873475,0.3963573027548598,-0.0010237841606398161
181,0.0,406.0085408796536,0.16453829659317057,0.012832930621303855,0.26231205534363844,-0.012832930621303855,0.3561437285314934,-0.0045665280988390275
182,0.0,406.39762387536683,0.10251193513865833,0.001526384325293801,0.3154424413235132,0.00044612426371549524,0.34393334236909934,-0.0030627323900726706
183,0.0,408.8095669209776,0.24746936035190514,0.001624977785005183,0.08843939257243806,-0.00014046739247881003,0.26728515743010095,-0.0021860528907945123
184,0.0,415.74348700644254,0.21658924258408035,0.0111642350679431,0.19316057152430843,-0.0111642350679431,0.2450477816583632,-0.004879507543939088
185,0.0,415.4419158032121,0.022126107536539683,0.0005479440258819808,0.3467769657102255,0.003108724582305175,0.27556653687392185,-0.0024830379060658088
186,0.0,418.35536637224203,0.13182350385600314,0.002402078930799694,0.20822620647346538,-0.0008834084144565288,0.2553644377537849,-0.002003149058583025
187,0.0,417.765265097643,0.009900314397701504,0.0012688658942409802,0.4563836327091619,0.0038993400183408764,0.315670196240398,-0.00023240233550585448
188,0.0,421.7673617727647,0.0018264750191083205,0.006407281526866074,0.44940224506811427,-0.006241404373166716,0.35578981088871287,-0.002035102946804113
189,0.0,423.477120251422,0.01799905062534445,0.003294949399427637,0.43312698745567396,-0.0032351151082673788,0.37899096385880116,-0.0023951065952430924
190,0.0,429.13477005857675,0.17225816855752857,0.009568199989260994,0.07646959317782127,-0.009567075420516437,0.28823455265450715,-0.004546697242825096
191,0.0,433.8246507302214,0.2970171863153225,0.007086236310763687,0.15375543956198046,-0.007086236310763687,0.24789081872674915,-0.005308558963206672
192,0.0,438.89512992545417,0.18470404468750398,0.005606165405325235,0.08244050348696198,-0.005606165405325235,0.198255724154813,-0.005397840895842241
193,0.0,445.3037302910902,0.0007792390675785807,0.007684678168998738,0.45548525426121933,-0.007596591804407947,0.2754245831867349,-0.006057466168411952
194,0.0,449.5893751590264,0.10295703622923123,0.0035110914251617253,0.32320190258672316,-0.003053281451347637,0.2897577790067314,-0.005156210753292657
195,0.0,452.05055033429363,0.0,0.0011781347963093047,0.5810507382767529,0.0013972544250095906,0.3771456667877378,-0.0031901711998019826
196,0.0,450.2137749350728,0.028070474009005034,0.00046655552960343945,0.3851194671466,0.009330592083048372,0.37953780689539646,0.0005660577850531241
197,0.0,455.73555281265516,0.0,0.008604807338333928,0.689275198708374,-0.008204194652880126,0.47245902443928967,-0.002065017946326851
198,0.0,459.0847242281969,0.051313109495854395,0.00748124812562015,0.38465352892008825,-0.007481041560711947,0.4461173757835292,-0.00368982503064238
199,0.0,463.3623017260568,0.1958820942504409,0.006606816716840888,0.18515175161970787,-0.006606816716840888,0.3678276885343828,-0.004564922536501932
200,0.0,468.8625157371108,0.008987349031317869,0.0074250063437558385,0.4648103769577805,-0.0074250063437558385,0.3969224950614021,-0.005422947678678104
201,0.0,474.5502899910723,0.15837999696592087,0.006868445900285385,0.2882903477344906,-0.006868445900285385,0.3643328508633286,-0.005856597145160288
202,0.0,478.4103509280365,0.07595868858271092,0.0036016597345214546,0.21818304712928832,-0.002148864905670833,0.32048790974311653,-0.004744277473313452
203,0.0,483.2603381593365,0.1722794082482732,0.004256195126694295,0.15542478232228726,-0.003805839810945001,0.2709689715168677,-0.004462746174602916
204,0.0,488.076812705778,0.030386231022492546,0.00490641851310986,0.41597057516625874,-0.00490641851310986,0.314469452611685,-0.004595847876154999
205,0.0,492.82797583752244,0.09509926648936616,0.005591840822067343,0.26585590031599615,-0.005058068931083041,0.29988538692297834,-0.004734514192633411
206,0.0,494.244650111397,0.0011734343817129788,0.001149264938873095,0.39075267749916115,0.002033208225115881,0.32714557409583317,-0.0027041974673086234
207,0.0,493.2720502528579,0.0,2.0766093625313442e-05,0.44916575139357334,0.007070710217087551,0.3637516272851552,0.00022827483801022902
208,0.0,493.940367211934,0.002522333233147372,0.0003231681182780375,0.4384152524506864,0.0014150339121207264,0.38615071483481456,0.0005843025602433783
209,0.0,495.3921084954966,0.08475224437976456,0.003497580001923026,0.362704705220523,-0.003286593237026073,0.3791169119505271,-0.000576966178937457
210,0.0,500.83969079043015,0.026956723351117342,0.01193373802390941,0.41991370869235417,-0.01193373802390941,0.3913559509730752,-0.003983997732429042
211,0.0,508.5343237696633,0.04740126668802989,0.015263479031491212,0.35193613186886324,-0.015263479031491212,0.3795300052418116,-0.0073678421221476924
212,0.0,512.2925889535423,0.03738675888386009,0.003436113844671992,0.2628806121782478,-0.003372728073378476,0.34453518732274246,-0.006169307907516927
213,0.0,518.774446046503,0.04637803819004638,0.005629109398182782,0.19408605417378647,-0.005571978903617708,0.29940044737805566,-0.00599010920634716
214,0.0,525.489624818649,0.21127688389563107,0.00756526651615829,0.21898433609721504,-0.007314005488042612,0.27527561399380346,-0.006387278090855795
215,0.0,530.661944279049,0.0,0.004442877808165929,0.5232942764321677,-0.004269831865436182,0.3496812127253127,-0.005752044223229911
216,0.0,537.5074412304045,0.08720443846517409,0.007368368794714741,0.16361829929862795,-0.007368368794714741,0.29386233869730727,-0.006236941594675359
217,0.0,544.9772880682543,0.04969926814278422,0.009311472200524421,0.3266569316614753,-0.009310595613211018,0.3037007165865577,-0.007159037800236056
218,0.0,554.8317178337485,0.015200821841526739,0.013734954608649487,0.42241889935534493,-0.013734954608649487,0.33931617141719383,-0.009131812842760085
219,0.0,565.1751765906673,0.0543499304901692,0.013711049166553262,0.3517570197527485,-0.013711049166553262,0.3430484259178602,-0.010505583739898038
220,0.0,572.5416051742354,0.04382827615707365,0.005591527552070242,0.4435425124549454,-0.005396688515396164,0.37319665187898576,-0.008972915172547474
221,0.0,581.9915596690657,0.026134575806055983,0.008370217336313329,0.4013903490855513,-0.008370217336313329,0.3816547610409554,-0.008792105821677231
222,0.0,592.047339910206,0.24398429066769114,0.011236417788401972,0.20268605403272041,-0.011236417788401972,0.3279641489384849,-0.009525399411694653
223,0.0,597.8646372906045,0.02199895319982406,0.002829673254396043,0.41449413489204995,-0.002564034336095814,0.3539231447245544,-0.007436989889015
224,0.0,600.1441058117074,0.0,0.00025182695075083805,0.4941005794040373,0.005483272880259703,0.3959763751283992,-0.003560911058232589
225,0.0,609.6644366348999,0.2572070463875168,0.011938786786500353,0.021537070726159218,-0.011938786786500353,0.28364458380772717,-0.006074273776712918
226,0.0,613.6490873782835,0.01639311723923879,0.0044590248988822445,0.46013045848608425,-0.004338978622360647,0.3365903462112343,-0.005553685230407236
227,0.0,622.2025308571691,0.002032738793238389,0.011260901845668874,0.49417676567842456,-0.011260901845668874,0.38386627205139134,-0.007265850214985727
228,0.0,632.2210137275067,0.3897098341188204,0.014784006772571362,0.028244542343351407,-0.014784006772571362,0.27717975313897936,-0.009521297182261418
229,0.0,635.000040709227,0.07858342618939575,0.0005811529935753393,0.3029014135163063,0.002175675144620309,0.28489625125217743,-0.006012205484196899
230,0.0,643.212375583633,0.14875727455605747,0.006940504528315319,0.15433322895315435,-0.006940504528315319,0.2457273445624705,-0.006290695197432425
231,0.0,646.9366949813899,0.1969433487757511,0.0025683752138538764,0.21280646533263775,-0.0012341723993952764,0.23585108079352068,-0.00477373835802128
232,0.0,655.5558296468664,0.021220802457434632,0.011204817290832952,0.3286695879288783,-0.011204817290832952,0.26369663293412793,-0.006703062037864782
233,0.0,661.1811716752782,0.023644060793828334,0.006467524184674365,0.19591439049838222,-0.006467524184674365,0.2433619602034042,-0.006632400681907656
234,0.0,671.0292583027604,0.26977555084594496,0.013258140822732646,-0.10125960667615516,-0.013258140822732646,0.1399754901395364,-0.008620122724155153
235,0.0,677.0491340760061,0.0745682543003141,0.005426485505831508,0.30988986994019035,-0.005273485370435122,0.19094980407973255,-0.007616131518039144
236,0.0,686.3961419774354,0.0007057402471200193,0.010176299810397612,0.5369118578868973,-0.010176299810397612,0.29473842022188196,-0.008384182005746683
237,0.0,695.5970747087815,0.057510652331710835,0.010885798608774228,0.24680669422604853,-0.010885798608774228,0.28035890242313194,-0.009134666986654945
238,0.0,701.7527838875395,0.05421105168301737,0.0037390049118340442,0.27400308997592865,-0.003710260075315825,0.27845215868897094,-0.007507344913253208
239,0.0,710.196519194285,0.2423985545363579,0.007763031073235637,0.1960672278102707,-0.007763031073235637,0.2537366794253608,-0.007584050761247936
240,0.0,718.6105958825652,0.15771141725275853,0.009393173367559656,0.2498493555838562,-0.009393173367559656,0.25257048227290946,-0.008126787543141452
241,0.0,726.1173474775073,0.07814873884525694,0.007407596348423591,0.34983383357664166,-0.0074003967988652405,0.2817494876640291,-0.007908870319858588
242,0.0,734.06083631278,0.12458321344217585,0.0077539951193849295,0.2512508108795885,-0.0077539951193849295,0.2725998846286969,-0.00786240775971649
243,0.0,738.6573373820665,0.0030691947026178696,0.0023258951603691933,0.563634946284896,-0.0010100369878394536,0.3599104031255566,-0.005806696528153378
244,0.0,746.1339903050003,0.10648128389503057,0.007699157469885217,0.04283215144673753,-0.00714440648440099,0.2647869276219109,-0.006208009515027662
245,0.0,753.0450765719517,0.0896317129798131,0.008090787109529296,0.24271829127099448,-0.008090787109529296,0.25816633671663597,-0.006772842793378151
246,0.0,759.8948489712722,0.0009745752572769129,0.007751348207419659,0.3285769871450472,-0.007521480804040001,0.2792895318451593,-0.006997434196576705
247,0.0,766.7761937343265,0.025808125349507837,0.006989530588403482,0.40391968622935576,-0.006989530588403482,0.3166785781604182,-0.006995063114124738
248,0.0,771.1548407404273,0.027376721544023708,0.002122591624377445,0.44453616403662366,-0.0015417263448542955,0.35503585392327985,-0.005359062083343605
249,0.0,779.7345715824086,0.10015907765354659,0.010364620923441838,0.359744750595281,-0.010364620923441838,0.35644852292488016,-0.006860729735373074
250,0.0,784.8509637910582,8.251120499868675e-06,0.004795379429946728,0.5370125530570891,-0.004790930358896476,0.4106177319645428,-0.006239789922430095
251,0.0,791.6057839246482,0.05918084691338507,0.006665957223864546,0.24281682796166243,-0.006665957223864546,0.3602774607636787,-0.00636764011286043
252,0.0,798.1944503429687,0.12000014053433619,0.006972599566933281,0.31026107945850956,-0.006961288864267035,0.34527254637212795,-0.006545734738282412
253,0.0,805.4699210622765,0.014901390556932098,0.008251533266899834,0.49929149980915605,-0.008251533266899834,0.39147823240323637,-0.0070574742968676375
254,0.0,808.7325300814338,0.029916198621045716,0.0016704688563173198,0.5098427980830537,0.00031543299150236137,0.42698760210718156,-0.004845602110356638
255,0.0,814.5893037161977,0.0,0.004801588067459339,0.5605961696838317,-0.004648175925256049,0.46707017238017656,-0.0047863742548264615
256,0.0,820.335805892603,0.06319724604852682,0.006724945075271891,0.19782898842897995,-0.006724945075271891,0.3862978171948176,-0.00536794550096009
257,0.0,829.1143091617315,0.03155435664031987,0.013079077566033385,0.4366342355164365,-0.013079077566033385,0.40139874269130327,-0.007681285120482078
258,0.0,836.710364937265,0.02095649215004079,0.00991345275550788,0.45790479683055146,-0.00991345275550788,0.4183505589330777,-0.008350935410989819
259,0.0,843.0353598259156,0.13870574143800218,0.004863224609206579,0.22591897972458092,-0.004827778375395253,0.36062108517052865,-0.007293988300311449
260,0.0,852.6485500807427,0.21159159316514622,0.011024672465262514,0.10380575387473988,-0.011024672465262514,0.283576485781792,-0.008413193549796767
261,0.0,860.0471782786271,0.0,0.007465354534859974,0.5104983001352508,-0.007465354534859974,0.35165303008782967,-0.008128841845315728
262,0.0,866.7393655039219,0.10976853718621916,0.004852960897811698,0.2687352221315477,-0.00483961169477108,0.32677768770094506,-0.0071420728001523335
263,0.0,875.2207981141344,0.2186710756312176,0.00890452131573251,0.08441942787799446,-0.00890452131573251,0.25407020975405986,-0.007670807354826385
264,0.0,884.0327088728438,0.04745841011239013,0.010598871274034841,0.4135115414734156,-0.010598871274034841,0.30190260926986656,-0.008549226530588922
265,0.0,892.2674737384561,0.2689595730362642,0.008809118036640279,0.13258567871834176,-0.008809118036640279,0.2511075301044091,-0.008627193982404328
266,0.0,900.7935475414049,0.0,0.008497743037512887,0.5555318074232631,-0.008497743037512887,0.3424348133000653,-0.008588358698936895
267,0.0,905.6950852250475,0.09270004959564893,0.001806979257174136,0.28054195375968505,-0.0008670281634619181,0.32386695543795124,-0.006271959538294402
268,0.5886079882083024,914.2857432259992,0.36224297308916653,0.008689665543161163,-0.22803284269712903,-0.008689665543161163,0.15829701599742713,-0.0069972713397544305
269,0.0,920.9317829864485,0.1464982305616732,0.007021072009389614,0.13224588655200262,-0.007021072009389614,0.15048167716379976,-0.007004411540644986
270,0.0,930.0699737707762,0.029055624594963192,0.011457222674244996,0.390026843534399,-0.011457222674244996,0.2223452270749795,-0.008340254880724988
271,0.0,935.86740019669,0.21113095955203662,0.004466525803314473,0.1329823557260895,-0.004434199079118333,0.1955363656703125,-0.007168438140242991
272,0.0,942.663784539741,0.22438622253893864,0.00540980099753397,0.19767043510012428,-0.005172683624757504,0.196176586499256,-0.006569711785597345
273,0.0,952.1373243119787,0.2539673734524754,0.011995680138342188,0.11886191006389063,-0.011995680138342188,0.1729821835686464,-0.008197502291420798
274,0.0,952.1909377128948,0.1914883667006778,0.0002930090477277653,0.27979566506108217,0.00707331778689774,0.2050262280163771,-0.0036162562679252362
275,0.0,960.1596936445909,0.08604354154336473,0.007913906945496468,0.29227252719250624,-0.007911832626306696,0.2312001177692158,-0.004904929175439674
276,0.0,961.6935528159653,0.10794263101931849,0.0006550300757704301,0.22796612190502447,0.0007757657210353632,0.23022991900995837,-0.003200720706497162
277,0.0,963.0846852696382,0.08342248458796868,0.0011769345977206706,0.3402519580973149,0.0023444719753684343,0.2632365307361653,-0.0015371629019374834
278,0.0,965.5338785651106,0.34734242858513886,0.0024958454415108795,0.03369141728500989,-0.0017043535087187744,0.1943729967008187,-0.0015873200839718706
279,0.0,967.4978404860346,0.005033203023002436,0.0031643359573070694,0.32327119279444466,-0.0024242376422412824,0.23304245552890648,-0.0018383953514526943
280,0.0,970.4724467179487,0.0007316620273890879,0.0046396428327949435,0.44266542683035015,-0.004467038089373307,0.2959293469193396,-0.0026269881728288778
281,0.0,972.0610643916741,0.09264523522433346,0.0015374288383737103,0.31577123753041375,-0.0012851671552965745,0.30188191410266185,-0.002224441867569187
282,0.0,973.527798026766,0.13607298381400848,0.002474228949986498,0.33110876677086,-0.00022656398192950057,0.31064996990312127,-0.001625078501877281
283,0.0,980.0160973374126,0.22714766505013392,0.01113245168088404,0.21542039847338665,-0.01113245168088404,0.2820810984742009,-0.004477290455579309
284,0.0,986.2633528651991,0.1511503614876995,0.011135771807783782,0.2760347475118284,-0.011135771807783782,0.2802671931854891,-0.0064748348612406505
285,0.0,991.6909710539929,0.27750912598696764,0.006375401765428527,0.06882724463801829,-0.006373908882873586,0.21683520862124783,-0.006444557067730531
286,0.0,1000.6006918811617,0.0010326036948880434,0.01154877553165384,0.466631380921133,-0.01154877553165384,0.29177406031121333,-0.007975822606907523
287,0.0,1002.1126893299221,0.07253428936266482,0.0008357023740521565,0.2797835882692439,0.003895411535922956,0.2881769186986225,-0.004414452364058379
288,0.0,1009.6132940987885,0.004255322418311245,0.00716074366634746,0.38953592031585066,-0.007134175871107435,0.31858461918379094,-0.0052303694161730955
289,0.0,1015.9401733529465,0.045362533657454365,0.008364678507927763,0.3203679664608042,-0.008364678507927763,0.3191196233668949,-0.006170662143699495
290,0.0,1014.3681247225147,0.03839239674494261,0.000417229780576247,0.42636543873473914,0.00898051371123393,0.3512933679772482,-0.0016253093872194671
291,0.0,1017.6617347229952,0.0593710063368013,0.0015853558099785542,0.3503788077715876,-0.0003661932101796565,0.35101899991554997,-0.0012475745341075238
292,0.0,1021.1255247599576,0.07724284718106893,0.005471216359730016,0.22647581793180943,-0.005471216359730016,0.3136560453204278,-0.0025146670817942714
293,0.0,1022.8844687703328,0.05949013427732769,0.0027264067490552343,0.40636291583283446,-0.0022601320868453154,0.34146810647414977,-0.0024383065833095846
294,0.0,1028.6757492370905,0.11142131902081885,0.009344126654571797,0.2492652221288292,-0.009344126654571797,0.3138072411705536,-0.004510052604688248
295,0.0,1030.5447415675983,0.013168859426009762,0.002280038933137899,0.35896325143596597,-0.0011659124724146973,0.3273540442501773,-0.0035068105650061824
296,0.0,1033.663909401957,0.04741099425165169,0.0034491488362317644,0.3946127046065604,-0.0016541777514886633,0.3475316423570922,-0.002951020720950927
297,0.0,1040.801642324975,0.23201874187992566,0.011094390054366849,0.14901510399022308,-0.011094390054366849,0.2879766808470315,-0.005394031520975703
298,0.0,1044.2547181097764,0.05696801597768314,0.004042199632284903,0.37570248611078094,-0.0038951766539713963,0.3142944224261563,-0.0049443750608744105
299,0.0,1048.2947504516123,0.13616149124088997,0.002861426048598077,0.33922482169776147,-0.0025919355836055277,0.3217735422076378,-0.004238643217693745
300,0.0,1060.1674863980068,0.34833113895309037,0.01940786573250694,-0.1236158061498765,-0.01940786573250694,0.18815673770038352,-0.008789409972137703
301,0.0,1068.5679717981375,0.3672491986671971,0.012719532483002075,-0.002624477504614102,-0.012719532483002075,0.13092237313888422,-0.009968446725397014
302,0.0,1072.6829480005383,0.0009446330933473862,0.0035572238382146175,0.39057654092720007,0.0009981202461993783,0.20881862347537897,-0.006678476633918096
303,0.0,1077.5730040824196,0.04346059813407877,0.0011252823191951324,0.4000399965206385,0.00047445169478293526,0.2661850353889568,-0.004532598135307786
304,0.0,1082.939189146719,0.22340445853148486,0.004081529622553238,0.10032554648041787,-0.004033947467987849,0.21642718871639513,-0.004383002935111804
305,0.0,1085.2100654200408,0.18267702776685105,0.001408451294291435,0.23527734869532074,0.0001730892771544064,0.22208223671007282,-0.003016175271431941
306,0.0,1092.7992482988088,0.32037792520118924,0.01111949563704845,0.007326265369371146,-0.01111949563704845,0.1576554453078623,-0.005447171381116894
307,0.0,1099.3779219006478,0.27012477316001715,0.01033675528854323,0.12321591624080595,-0.01033675528854323,0.1473235865877454,-0.0069140465533447945
308,0.0,1109.145089972849,0.039567271899394026,0.01438604468869994,0.4087319878192976,-0.01438604468869994,0.22574610695721103,-0.009155645993951338
309,0.0,1115.754809463871,0.07501663788841746,0.006206931320715544,0.30923218271170144,-0.006186631863480162,0.2507919296835581,-0.008264941754809985
310,0.0,1121.5230564673916,0.03252578714936359,0.0034111727774427886,0.31047381230701143,-0.0021356774405179428,0.2686964944705941,-0.006426162460522372
311,0.0,1128.911495933531,0.06738517613606947,0.006516288259899232,0.401228308319225,-0.006515511124008432,0.3084560386251834,-0.006452967059568189
312,0.0,1131.4379736614324,0.09919356020931062,0.0018484173900203908,0.2592894319627507,0.0016992975907320217,0.29370605662645355,-0.004007287664478125
313,0.0,1137.6074830468804,0.05330952927501492,0.006079776049170953,0.28850265102016465,-0.005964333546613299,0.2921450349445669,-0.004594401429118678
314,0.0,1138.7935752416795,0.11207690478970955,0.0007405871911475348,0.3018331098441252,0.001894665970880092,0.2950514574144344,-0.0026476812091190466
315,0.0,1146.3997647865422,0.0,0.010950073346085592,0.528649319917988,-0.010950073346085592,0.36513081616550047,-0.00513839885020901
316,0.0,1148.2709040824443,0.0067648806463701215,0.0020802399754252356,0.3737307490747335,-0.0009261056548716162,0.3677107960382704,-0.0038747108916077915
317,0.0,1156.3499052374764,0.029989940122207407,0.01131730731686543,0.3235791930500856,-0.01131730731686543,0.35447131514181496,-0.006107489819185083
318,0.0,1163.605028266341,0.11920715087973474,0.010827946066065255,0.29416764571339826,-0.010824203722243436,0.3363802143132899,-0.007522503990102588
319,0.0,1171.446600743884,0.02601184313711355,0.009661203100309271,0.37076025490998216,-0.009661203100309271,0.34669422649229753,-0.008164113723164593
320,0.0,1175.276724354987,0.00919800878559896,0.002352914216810677,0.6012978907838975,0.0001966888716906615,0.42307532577977747,-0.005655872944708017
321,0.0,1180.0947190165668,0.016643081996421807,0.003179327833544963,0.34447359762223445,-0.0012975423772985581,0.3994948073325145,-0.004348373774485179
322,0.0,1188.0915470431723,0.015435991888557288,0.01058734183075383,0.4282687636937321,-0.01058734183075383,0.4081269942408798,-0.006220064191365774
323,0.0,1187.9917532607587,0.0,0.0016204604465652282,0.6134623640131164,0.004996629069757621,0.46972760517255074,-0.002855056213028755
324,0.0,1195.4791931941725,0.0,0.00900063898639649,0.4233048079761603,-0.00900063898639649,0.4558007660136336,-0.004698731045039076
325,0.0,1197.4324626885243,0.0,0.0014659079626946313,0.7619331317491874,-0.0008995140977852092,0.5476404757342997,-0.0035589659608629156
326,0.0,1202.7509885330303,0.0314460212530355,0.006111595930279837,0.3022686266602441,-0.006037460422435779,0.474028921012083,-0.004302514299334774
327,0.0,1206.6139154684793,0.0,0.00474936093697903,0.7546224636211288,-0.004161236810481011,0.5582069837947967,-0.004260131052678645
328,0.0,1211.3689774905308,0.0,0.005594127998808836,0.5546792191768787,-0.005247088023605072,0.5571486544094213,-0.004556218143956573
329,0.0,1216.1400720036738,0.0,0.005553258038599018,0.6336691109838317,-0.0053123012998431704,0.5801047913817444,-0.004783043090722552
330,0.0,1221.2252067442191,0.00012809561823393342,0.005663878343723697,0.45797880691054,-0.005648676680734109,0.5434669960403831,-0.005042733167726019
331,0.0,1221.1656136413233,0.0,0.0005565010355924053,0.7174951868982955,0.005316602732524136,0.5956754532977567,-0.0019349323976509721
332,0.0,1224.0582780901616,0.0,0.002646968216886037,0.8420274901766128,-0.000692915035463292,0.6695810643614135,-0.0015623271889946679
333,0.0,1222.4684133623305,3.867622823394803e-05,0.00048819549816692316,0.695884248413487,0.005392869730076083,0.6774720195770355,0.0005242318867265572
334,0.0,1228.8693378273795,0.16776832842965098,0.01172967814226242,0.15993586214090927,-0.01172967814226242,0.5222111723461976,-0.0031519411219701355
335,0.0,1229.268772986485,0.0,0.0024397164310059373,0.7605197119100705,-0.0012469005833949615,0.5937037342153595,-0.0025804289603975827
336,0.0,1229.5880176434564,0.0,0.00105705448361383,0.5179561142386991,0.0027256968400447487,0.5709794482223614,-0.0009885912202648832
337,0.0,1239.5165671379434,8.421381091025343e-05,0.017955339978922666,0.6091875086472566,-0.017955339978922666,0.5824418663498299,-0.006078615847862217
338,0.0,1242.840389255793,0.005515735115298068,0.0060164835279297455,0.5226681739868009,-0.0056415712307496075,0.5645097586409211,-0.005947502462728434
339,0.0,1244.913273016831,0.0,0.001281389995302854,0.6372386625551262,0.0022611962753075906,0.5863284298151826,-0.003484892841317626
340,0.0,1247.7608349564844,0.0,0.00101607797892256,0.8609378828624704,0.00040809822611901053,0.6687112657293689,-0.002316995521086635
341,0.0,1252.1677526397793,0.13114011045953688,0.006143429713183424,0.151567082783452,-0.005454440317113759,0.5135680108455938,-0.003258228959894772
342,0.0,1254.8609711858983,0.0,0.0032133804787028105,0.9548749070541959,-0.003061575429953171,0.6459600797081744,-0.0031992329009122916
343,0.0,1255.7625523466468,0.0,0.0021826404314285626,0.7029606258035899,0.0016489957858690284,0.6630602435367989,-0.0017447642948778953
344,0.0,1258.238680037784,0.0,0.002434628259769135,0.6425292763731516,-0.0017533665724657418,0.6569009533877047,-0.0017473449781542493
345,0.0,1259.0363725254522,0.0,0.0015198951469462022,0.8378405171887234,0.00022840949861185344,0.7111828225280103,-0.0011546186351244184
346,0.0,1259.6975965618328,0.0,0.0014652288412119814,0.7395585052155587,0.0004907100529148367,0.7196955273342748,-0.0006610200287126419
347,0.0,1263.173314658965,0.0381315416484915,0.006050880380001231,0.5134448861185643,-0.006010809122907221,0.6578203349695616,-0.0022659567569710153
348,0.0,1263.4174591694382,0.0,0.001747856159509209,0.9589771882310867,0.0002743429979634695,0.7481673909480191,-0.0015038668304906697
349,0.0,1265.3329671885292,0.0,0.0026403189900396314,0.5955229064163194,-0.0015676089666575776,0.7023740455885092,-0.001522989471340742
350,0.0,1266.8281654781463,0.0009745752572769129,0.0029874730197467585,0.5821340865494858,-0.0014850105936350822,0.6663020578768022,-0.001511595808029044
351,0.0,1266.1244038428733,0.0,0.0009828415279738631,0.7046357552638177,0.0031156005981334747,0.6778021670929069,-0.00012343688618028832
352,0.0,1275.0824596622865,0.0016789762830520377,0.017082894120157028,0.6348969752566636,-0.017082894120157028,0.6649306095420338,-0.00521127405637331
353,0.0,1278.5545241603393,0.0,0.007288382855898427,0.8761148461066903,-0.006887751195489762,0.7282858805114307,-0.005714217198108246
354,0.0,1280.505029082342,0.011315067205307174,0.0009561424790635858,0.48452081146005527,0.0016029509378040036,0.655156359796018,-0.003519066757334571
355,0.0,1285.3899063570334,0.0,0.005318178937581657,0.9179543764621706,-0.0040778902926889805,0.7339957647958637,-0.0036867138179408937
356,0.0,1291.6586133661015,0.028079430717746576,0.009240498654254149,0.4790102905347897,-0.009240498654254149,0.6575001225175414,-0.005352849268834871
357,0.0,1294.7115373415666,0.0,0.0029011820710179528,0.8167138991558918,-0.00229689600232849,0.7052642555090465,-0.004436063288882956
358,0.0,1295.0645516003635,0.0,0.00041037269297717976,0.7259652081025528,0.005025274252912407,0.7114745412870983,-0.0015976620263443472
359,0.0,1299.8422441457335,0.0,0.0052822406448233,0.6011058665480671,-0.0052660576258366145,0.6783639388653889,-0.0026981807061920273
360,0.0,1303.2291212602859,0.0,0.0055638321353181875,0.8236019093936684,-0.005279338515117811,0.7219353300238727,-0.0034725280488697623
361,0.0,1303.4785934565668,0.0,0.0008594230882629256,0.6006089533331174,0.0024355598287343428,0.685537417016646,-0.0017001016855885307
362,0.0,1305.6951063767117,0.0,0.002918852267196391,0.6791171003018698,-0.0009296809624958794,0.6836113220022131,-0.0014689754686607352
363,0.0,1308.9104781318945,0.0,0.005238258914033706,0.6253716557595368,-0.004866544589615199,0.6661394221294101,-0.0024882462049470744
364,0.0,1311.485867652094,0.0,0.005105392735341368,0.43582171153286775,-0.0037315351286876146,0.5970441089504475,-0.0028612328820692362
365,0.0,1314.5697358907912,0.0,0.00446205230094774,0.8162941730066506,-0.003713584330380242,0.6628191281673084,-0.003116938316562538
366,0.0,1319.2072666651045,0.0,0.007026895347382375,0.9384657823466288,-0.006551199097806757,0.7455131244211044,-0.0041472165509358035
367,0.0,1326.0863019398307,0.0013427052701456095,0.010911712052971274,0.5487490705419438,-0.010911712052971274,0.6864839082573562,-0.006176565201546445
368,0.0,1321.3783076053353,0.0,9.647994252914531e-06,0.8614133092127665,0.01438569565415438,0.7389627285439793,-7.88694483619748e-06
369,0.0,1328.2839069203987,0.04031385082441812,0.007952414532069768,0.20402659735267428,-0.007952414532069768,0.5784818891865877,-0.0023912452210062686
370,0.0,1333.528830048989,0.00653495153313504,0.010819072399483192,0.5612532929076347,-0.010819072399483192,0.5733133103029018,-0.004919593374549345
371,0.0,1338.4443664961418,0.043404221203195,0.007723307867706213,0.43625048911717434,-0.007544837435747638,0.5321944639471835,-0.005707166592908833
372,0.0,1341.736513884076,0.0,0.0023498793722251843,0.6047452609155283,-0.0014962653516692559,0.5539597030376869,-0.0044438962205369595
373,0.0,1346.2297259219768,0.03067135308748508,0.004153678627281343,0.2175770108498677,-0.003230730868824441,0.4530448953813412,-0.0040799466150232035
374,0.0,1348.9095276211426,0.0,0.001901559853822413,0.8318064717474518,-0.0007838638679096467,0.5666733682911743,-0.0030911217908891364
375,0.0,1352.1022074319178,0.0,0.003581334755718433,0.5605108670225607,-0.002272675140512388,0.5648246179105902,-0.002845587795776112
376,0.0,1357.4542940044819,3.867622823394803e-05,0.007833010097649992,0.6677077665835559,-0.007811695669175423,0.5956895625124798,-0.004335420157795904
377,0.0,1364.0242542589076,0.0,0.010542620736211592,0.7567632878368908,-0.010542620736211592,0.6440116801098031,-0.006197580331320611
378,0.0,1367.9110033615793,0.0,0.003889506151194047,0.8353066228171856,-0.0033230987857236828,0.7014001629220179,-0.005335235867641532
379,0.0,1374.343330142593,0.0,0.006747111419783348,0.634381485345702,-0.006722566454168119,0.6812945596491231,-0.005751435043599508
380,0.0,1376.5913900506166,0.0011828998250277899,0.002588885049370608,0.4602090931134529,0.0011137223472273495,0.614968919688422,-0.00369188782635145
381,0.0,1384.3026733287295,0.000691413120854776,0.009920266666221225,0.5237734089454249,-0.009920266666221225,0.587610266465523,-0.005560401478312382
382,0.0,1391.1723841860378,0.0,0.01048373878565187,0.848215596455018,-0.010234497738679781,0.6657918654623713,-0.0069626303564226015
383,0.0,1396.0583359946795,0.0,0.004215533910075242,0.6421656939293211,-0.004096871796577077,0.6587040140024563,-0.006102902788468944
384,0.0,1401.0328922601336,0.06000933810090662,0.00373678250410602,0.3236576335894099,-0.002856631315569447,0.5581900998785423,-0.005129021346599095
385,0.0,1405.0408987912026,0.12739402644883108,0.0034814782566943278,0.14661479880911296,-0.0017791139789641044,0.4347175095577135,-0.0041240491363085975
386,0.0,1408.6917564910393,0.0,0.0031531177756578613,0.634026276008282,-0.0020913875912732037,0.494510139492884,-0.0035142506727979792
387,0.0,1411.3612479146323,0.0,0.0025734808293734865,0.6683696246785444,-0.0011191288374631989,0.546667985048582,-0.002795714122197545
388,0.0,1412.3781033944385,0.0,0.0008875765831817357,0.6111227192180277,0.0016587169563263228,0.5660044052994158,-0.0014593847986403845
389,0.0,1415.6286523438368,0.0,0.005838983585834765,0.856420158808801,-0.0037989670673477883,0.6531291313522313,-0.0021612594792526055
390,0.0,1419.1337482870795,0.023694857461588295,0.0064953524976294535,0.3078219649077618,-0.005692038238202742,0.5495369814188904,-0.0032204931069376463
391,0.0,1419.6480997833626,0.0,0.0018661253371789566,0.4697451816466255,0.0013139335530876924,0.5255994414872109,-0.0018601651089300445
392,0.0,1428.1570074496956,0.03323909180448996,0.01429470377226234,0.31601923172165014,-0.01429470377226234,0.4627253785575427,-0.005590526707929732
393,0.0,1434.1196427314583,0.0,0.010251546235705847,0.7401649235685996,-0.010251546235705847,0.5459572420608597,-0.006988832566262567
394,0.0,1436.5296207994654,0.0,0.0010108682042442685,0.5701316539778211,0.001093879036006153,0.5532095656359481,-0.004564019085581951
395,0.0,1437.1542316911118,0.031882641491346266,2.0124726580671353e-06,0.3496368763544537,0.006168928694159164,0.4921377588514998,-0.0013441347516596164
396,0.0,1442.9104280210547,0.0,0.0071849908181407,0.5116409914437456,-0.007181883525247347,0.49798872862917354,-0.0030954593837359354
397,0.0,1443.9133293268408,0.0,0.002257593896956041,0.771042851248178,-0.0005602598797529781,0.5799049654148748,-0.0023348995325410482
398,0.0,1445.3657820631422,0.028087714049904736,0.002080519769822311,0.3705204338345097,0.0002957811379533557,0.5170896059407653,-0.001545695331392727
399,0.0,1449.4269492798717,0.0031972903208518032,0.005994525445027698,0.38241441414196065,-0.005964174049648295,0.47668704840112386,-0.002871238946869397
400,0.0,1447.2536973895078,0.0,0.0002633320108568864,0.5452603402380483,0.006257342364578373,0.4972590359522011,-0.000132664553435066
401,0.0,1452.3843773336077,0.0,0.0076961736595634045,0.651115345626715,-0.007692514957493307,0.5434159288545553,-0.002400619674652538
402,0.0,1453.7875482473712,0.0,0.003575335721313673,0.6327438849421045,-0.0026850546740681946,0.57021431568082,-0.0024859501744772345
403,0.0,1451.882239716007,0.0,0.00013744106670792838,0.7738881378931243,0.0065736195253753025,0.6313164623445112,0.00023192073547852643
404,0.0,1455.2035389344508,0.0,0.004973167927913725,0.7975715963094425,-0.004339505303989031,0.6811930025339905,-0.0011395070763617406
405,0.0,1455.1303429690215,0.0013040290419116614,0.002773252979011067,0.6981490452623045,-4.1613043297506764e-05,0.6862798153524847,-0.0008101388664424704
406,0.0,1457.266861179955,0.012193742428374704,0.0033882787759136087,0.4330738277153565,-0.0032303372821326374,0.6103180190613462,-0.0015361983911495204
407,0.0,1460.1100153830293,0.10014888721150081,0.005219156280752038,0.023650060822265305,-0.005015335004229569,0.4343176315896219,-0.0025799393750735346
408,0.0,1462.1174989463866,0.0,0.004318262200125421,0.6551910602078159,-0.002474553292252249,0.50057966017508,-0.002548323550227149
409,0.0,1463.7314471258603,0.017673157646720186,0.0029469173183068013,0.41637086514545474,-0.000568775043608828,0.47531702166619244,-0.0019544589982416526
410,0.0,1465.321638898409,0.0,0.002767786284536824,0.6471852086764074,-0.0005769600363965551,0.5268774777692569,-0.0015412093096881232
411,0.0,1470.8865289112268,0.0,0.009912201433608539,0.5549448614239908,-0.009493409015631631,0.535297692865677,-0.003926869221471175
412,0.0,1474.1434692337873,0.00026730066581259277,0.005638385818048564,0.6258970284698809,-0.005016246423514321,0.5624774935469381,-0.004253682382084119
413,0.0,1480.7249152678062,0.004832703143455386,0.009443620365919633,0.6297104723685175,-0.009443620365919633,0.5826473871934119,-0.005810663777234772
414,0.0,1483.0124116705329,0.009791522427127827,0.002572300061884591,0.4763028296107053,-9.258736695857533e-05,0.5507440199185999,-0.004095240854151912
415,0.0,1484.7842037073858,0.0,0.00026537522199823716,0.6394041420725118,0.0025321763934325605,0.5773420565647734,-0.0021070156798765702
416,0.0,1486.0580589001827,0.008525750002276289,0.0014321594273182154,0.5453209707020028,0.0016998032247427578,0.5677357308059422,-0.0009649700084907718
417,0.0,1487.2337936775793,0.0,0.001351732073901496,0.6268298995014074,-0.000214432369351059,0.5854639814145818,-0.000739808716748858
418,0.0,1486.3324536395435,0.0,0.0019501997658769523,0.7122815438597809,0.0029137942012845935,0.6235092501481415,0.00035627215866117755
419,0.0,1487.4097905200026,0.0,0.0021881302685769805,0.8892384082239309,-0.0014886624276210713,0.7032279975708783,-0.0001972082172234971
420,0.0,1488.343345075788,0.0,0.003690085251201842,0.5330116213901536,-0.0023078051474400237,0.6521630847166608,-0.0008303872962884551
421,0.0,1487.0373536149923,0.0026970498958997185,0.0004702099592018272,0.45735536082374906,0.002960840240277427,0.5937207675487872,0.00030698096468130954
422,0.0,1489.9682926113971,0.0,0.0059053585603913526,0.649307487949152,-0.00525392701573851,0.6103967836688966,-0.0013612914294446363
423,0.0,1490.436538744754,0.0,0.0024239343783383754,0.819499628216777,-0.001238564139809317,0.6731276370332606,-0.0013244732425540403
424,0.0,1491.1411913428155,0.0024185925463739008,0.0015480142594407297,0.5349585925401589,5.172044816015276e-06,0.63167692368533,-0.0009255796563430235
425,0.0,1493.2517493215876,0.007166771723771249,0.0032701100668946423,0.5987070524245441,-0.002978770342433287,0.6217859623070943,-0.0015415368621701025
426,0.0,1500.0083481443478,0.06006219924634408,0.013047871369469978,0.1955116894318359,-0.013047871369469978,0.49390368044451677,-0.004993437214360064
427,0.0,1499.8055407193804,0.0,0.0016988227173661123,0.7273630649005683,0.0022363429173743975,0.5639414957813322,-0.002824503174839726
428,0.0,1500.6449062294266,0.0,0.0007168873090021257,0.6790357936613752,0.0035705065846471174,0.5984697851453451,-0.0009060002469936728
429,0.0,1504.110206948076,0.0,0.004706511165578151,0.8225455056828003,-0.0042394356797703075,0.6656925013065816,-0.0019060308768266633
430,0.0,1504.3354738897906,0.0,0.00208830724813542,0.9056475329314982,0.0005538620819142445,0.7376790107940565,-0.0011680629892043908
431,0.0,1505.065524124969,0.0,0.0016338615619115526,0.8167059736986414,0.000513180131289719,0.7613870996654319,-0.0006636900530561579
432,0.0,1510.2663940758018,0.0,0.009662592610330511,0.7247418813229368,-0.009590759698270068,0.7503935341626833,-0.0033418109466203305
433,0.0,1513.460063964221,0.03753563785145478,0.0059754509962644895,0.3972012481032407,-0.005822893006163921,0.6444358483448505,-0.004086135564483407
434,0.0,1516.1956173334638,0.0,0.0027371185850585244,0.4639707315010037,-0.0020477608013393443,0.5902963132916964,-0.0034746231355401885
435,0.0,1521.0040884808952,0.0,0.005757770954173052,0.6089840703016548,-0.005616481046830887,0.5959026403946839,-0.004117180508927398
436,0.0,1525.4511849098585,0.0,0.005883836346220781,0.6152986548141228,-0.005473835939613723,0.6017214447205155,-0.0045241771381332955
437,0.0,1525.9570533197937,0.011315067205307174,0.0014286876402802246,0.5346187025037125,0.0034233445568567123,0.5815906220554745,-0.002139920629636293
438,0.0,1530.255447771738,0.0,0.00422364061235998,0.7941862985851514,-0.004153140563093846,0.6453693250143776,-0.002743886609673559
439,0.0,1535.7939089320819,0.0,0.009195048152775552,0.5556623508995253,-0.009195048152775552,0.6184572327799218,-0.0046792350726041565
440,0.0,1541.6410063602157,0.026778223945619184,0.00913428897728665,0.4205817088618127,-0.009128269628843411,0.559094575604489,-0.006013945439475933
441,0.0,1545.1535065509538,0.00012809561823393342,0.0031322681994957655,0.5107436874747796,-0.0021929244700969832,0.5445893091655762,-0.0048676391486622474
442,0.0,1549.6717588092424,0.000691413120854776,0.004195222385139448,0.5615755721084165,-0.0029456807407863745,0.5496851880484284,-0.004291051626299485
443,0.0,1549.4524494715208,0.02730007564760112,0.001107921513904253,0.3834139046199656,0.005706145717873022,0.4998038030198895,-0.0012918924230477331
444,0.0,1551.5497102748093,0.013303035840563675,0.003036422501757752,0.4300131698291469,0.0001543809548373913,0.4788666130626667,-0.0008580104096821957
445,0.0,1553.663553324783,0.026193403982039086,0.00409128753940394,0.4442059625110784,-0.0030223679796998774,0.4684684178971902,-0.0015073176806875
446,0.0,1555.3205055065337,0.0,0.004032573185102441,0.5923931354783396,-0.002495417965199505,0.505645833171535,-0.0018037477660411015
447,0.0,1557.2082138022627,0.0163147119514783,0.00249931951550894,0.4981318644365447,-0.002287446875134562,0.5033916425510379,-0.0019488574987691397
448,0.0,1558.6514626712285,0.0063375315026051645,0.0016644777220479591,0.3594635479227059,-0.001046662158270461,0.46021321416253824,-0.001678198896619536
449,0.0,1559.4893267779478,0.015351338724917906,0.0015030570402842082,0.47825269268758075,0.0003544346262447454,0.46562505772005097,-0.0010684088397602514
450,0.0,1562.7929354261528,0.07039732076887284,0.005219078684321406,0.3306147201597278,-0.0050898771314581955,0.425121956451954,-0.002274849327269635
451,0.0,1561.8953155210436,0.0,0.0006067516920248604,0.7448191187663652,0.0030777527323636077,0.5210311051462773,-0.0006690687093796619
452,0.0,1561.6683868650425,0.0,0.000658257375038205,0.785249016628373,0.0028702806121323273,0.600296478590906,0.0003927360870739349
453,0.0,1561.894443581478,0.0,0.002839047853772566,0.6640049022063865,0.00020963107606853027,0.6194090056755501,0.0003378045837723135
454,0.0,1564.6793823883233,0.005515735115298068,0.006456562110995184,0.43751481836310885,-0.006225131129287208,0.5648407494818177,-0.0016310761301455427
455,0.0,1568.5363740159378,3.867622823394803e-05,0.00850869079288087,0.5606997477960892,-0.008319317493536496,0.5635984489760991,-0.003637548539162829
456,0.0,1572.5612155182107,0.0,0.006638212443696707,0.7127567135301971,-0.006534484305035343,0.6083459283423285,-0.004506629268924582
457,0.0,1572.2491296791775,0.0015177566517893357,0.0002863169637146753,0.4584884176108668,0.0046270681124859344,0.5633886751228899,-0.001766520054501427
458,0.0,1576.7583850515598,0.0,0.005256034353891337,0.5645682180680774,-0.004626271535062623,0.5637425380064461,-0.0026244454986697856
459,0.0,1579.557831979643,0.0,0.0046274427686708785,0.7339841589548461,-0.0038827041476233223,0.6148150242909661,-0.0030019230933558466
460,0.0,1580.9737906518158,0.002098645849303127,0.0010744742599660964,0.4523219043555176,-9.103637702239871e-05,0.5660670883103316,-0.002128657078455812
461,0.0,1583.9699748535213,0.0,0.0038234554046782535,0.7420910622377332,-0.003026353153038905,0.6188742804885521,-0.00239796590083074
462,0.0,1594.5875441318715,0.11293376109184713,0.019802669627303277,0.12054372103244058,-0.019802669627303277,0.4693751126517186,-0.007619377018772501
463,0.0,1596.0774390115507,0.0,0.002283707196889355,0.8338182582009082,-0.0002885924768513334,0.5787080563164755,-0.00542014165619615
464,0.0,1598.5451380521445,0.0,0.0012449890153328502,0.5916668414483386,0.003021650628993059,0.5825956918560344,-0.0028876039706393873
465,0.0,1602.2875650689111,0.014239940988239433,0.004563446450333388,0.48750255052299857,-0.0020304252276163023,0.5540677494561237,-0.0026304503477324616
466,0.0,1604.6470202117239,3.867622823394803e-05,0.0024831005033388396,0.5301180973745798,-0.0017980086469549781,0.5468828538316605,-0.0023807178374992163
467,0.0,1607.0995076730592,0.0,0.0033152837142392264,0.8378984199122728,-0.0022700998556649627,0.6341875236558441,-0.00234753244294894
468,0.0,1606.6346268446687,0.0,0.0008726735301670851,0.5533695234286394,0.0035462299916650735,0.6099421235876826,-0.000579403712564736
469,0.0,1610.703109354933,0.010462907267826704,0.006102168662110154,0.3189260623886438,-0.00600651711362273,0.5226373052279709,-0.002207537732882134
470,0.0,1609.0982565166248,0.0,0.0015462266467761152,0.9043812487143608,0.004038969685934239,0.6371604882738879,-0.00033358550723722223
471,0.0,1610.3660793448582,0.0,0.0018240288385349371,0.8810338458701489,-0.0003278796909322981,0.7103224955527662,-0.00033187376234574496
472,0.0,1610.2476186018941,0.0,0.0020859259095514183,0.6967546860579013,0.0006081061913115551,0.7062521527043066,-4.987977624855495e-05
473,0.0,1611.5546735686344,0.029821405125395235,0.0026654774102106856,0.4828226209960634,-0.0023752510209214183,0.6392232931918336,-0.0007474911496504139
474,0.0,1612.8580993590256,0.0068295697203016705,0.0037958620387936247,0.4675853554510343,-0.0026323668318204837,0.5877319118695937,-0.0013129538543014347
475,0.0,1612.8804246127893,0.0,0.002283239933464031,0.7838626817383393,0.0007868320794738227,0.6465711428302174,-0.0006830180741688574
476,0.0,1615.4368737200346,0.00026730066581259277,0.0040141496299378535,0.6123870254409144,-0.0039298162887733855,0.6363159076134265,-0.0016570575385502157
477,0.0,1615.4548851600196,0.0,0.0020378375917283436,0.8563874204647979,0.00074299739139669,0.702337361468838,-0.0009370410595661439
478,0.0,1616.78297631607,0.0,0.0025896302256412413,0.6998545068007767,-0.0010017115949668407,0.7015925050684195,-0.0009564422201863529
479,0.0,1618.7574841673745,0.00037773402396817896,0.004769359192647878,0.48757213976156605,-0.0030976218273286132,0.6373863954763634,-0.001598796102329031
480,0.0,1619.22581801192,0.0,0.0010456416708760552,0.6664201079379461,8.721497415466169e-05,0.6460965092148383,-0.0010929927793839232
481,0.0,1618.5757878342615,0.0,0.0011382481408030959,0.7057355483641543,0.0030651835091893673,0.6639882209596331,0.00015446010718806402
482,0.0,1619.2247662651341,0.0,0.0032129710915953643,0.5922927181542468,-0.00021994009025943815,0.6424795701180172,4.2140047953813365e-05
483,0.0,1618.889138903197,0.0,0.002538818056609538,0.5090227449353836,0.0005365718903836288,0.6024425225632271,0.00019046960068275798
484,0.0,1617.2762068842221,0.002124121168253402,0.0010795933968864922,0.48852894574258426,0.003308442922883707,0.5682684495170341,0.0011258615973430426
485,0.0,1615.9405995287827,0.09671417387924677,0.001936091914419532,0.3384950284785918,0.002537198589898141,0.4993364232055014,0.001549262695109572
486,0.0,1615.7281713808497,0.0,0.0022114298801655585,0.7430439764559992,-0.0007947664680015031,0.5724486891806507,0.0008460539461762494
487,0.0,1615.044383390214,0.0,0.0019327609182444398,0.47937873573542994,-0.00022450924133911708,0.5445277031470845,0.0005248849899216393
488,0.0,1615.259784044482,0.015216861003329552,0.002010979564202509,0.3952412874000513,-0.0013519277649055317,0.4997417784229745,-3.815883652651201e-05
489,0.0,1614.184206925843,0.0,0.0009643074488450122,0.8650968056828037,0.001695620417518396,0.6093482866009232,0.0004819749396869604
490,0.0,1615.3398847338342,0.008602303341755406,0.0035332881294616197,0.4979569437548124,-0.002387995601086004,0.57593088374709,-0.0003790162225449289
491,0.0,1617.9183157784717,0.0,0.006119071881243008,0.7023183585221793,-0.005857996229229592,0.6138471261796168,-0.0020227102245503276
492,0.0,1619.1514833296617,0.012292285905944726,0.004045164559783014,0.4955235181799735,-0.002090010907139072,0.5783500437797238,-0.002042900429326951
493,0.0,1620.2206462623963,0.0,0.0023550813667024147,0.8344938172736482,-3.531210806846848e-05,0.655193175827901,-0.0014406239329494061
494,0.0,1622.1777685765196,0.1760598930786606,0.0030605137943962727,0.18871694818015,-0.0018892908766682023,0.5152503075335757,-0.0015752240160650448
495,0.0,1623.3267056224113,0.0,0.0019086743905347644,0.6845074161193538,-0.0008273345814494775,0.5660274401093092,-0.0013508571856803745
496,0.0,1623.8509105506814,0.0026521757213098943,0.0015497462437111173,0.5303264152252832,0.0006050504655749613,0.5553171326441013,-0.0007640848903037738
497,0.0,1623.693528049048,0.00044924371659290556,0.00023733802937802166,0.4542559278413942,0.001766859983915937,0.5249987712032891,-4.801428037860605e-06
498,0.0,1625.104513317771,0.0,0.003717502486234038,0.6222723815418036,-0.0021434308229383832,0.5541808543048434,-0.0006463902465080174
499,0.0,1630.0123516047897,0.02010542396662839,0.010192728683478248,0.3795425571996592,-0.010192728683478248,0.5017893651732881,-0.0035102917775990867
500,0.0,1631.5878752386718,0.0,0.003224449405516851,0.6595002349578413,-0.0024627555730749595,0.549102626108654,-0.0031960309162418483
501,0.0,1638.9219217672958,0.0,0.011489541711457564,0.6882266305562517,-0.011489541711457564,0.5908398274429333,-0.005684084154806562
502,0.0,1644.13969220909,0.10631683460093276,0.007308126660264291,0.3322874181654743,-0.007304319376202168,0.5132741046596956,-0.006170154721225243
503,0.0,1650.9694580356806,0.0,0.008050668030755534,0.8125407178226425,-0.008050668030755534,0.6030540886085797,-0.0067343087140843295
504,0.0,1655.2913492322984,0.049097035974375876,0.003328327449818891,0.3360107558492704,-0.002296099295257606,0.5229410887807868,-0.005402845888436312
505,0.0,1659.225533071768,0.0,0.0023972142597908645,0.819499628216777,-0.0009561928430389008,0.6119086506115838,-0.004068849974817088
506,0.0,1666.5295291790483,0.00852495088528751,0.009434846525839789,0.5447241418215201,-0.009419158674095198,0.5917532979745647,-0.005673942584600521
507,0.0,1669.2964211017452,0.09163047989302733,0.0021217780135110876,0.2947081397926249,-0.0012895585074924978,0.5026397505199827,-0.004358627361468114
508,0.0,1674.5417255634006,0.0,0.005658690996948496,0.559728839701764,-0.004835751296095397,0.5197664772745171,-0.004501764541856298
509,0.0,1674.9164597553317,0.013305161129006987,0.0007354567286189884,0.5239526007059765,0.003947114124250258,0.5210223143039548,-0.0019671009420243308
510,0.0,1675.8547454363752,0.0,0.00088708771603278,0.5092161911666091,0.002816538768177298,0.517480477362751,-0.0005320090289638421
511,0.0,1678.9043363510998,0.0,0.004582053103402793,0.6744672056616198,-0.00428208388152699,0.5645764958524117,-0.0016570314847327865
512,0.0,1676.3416132545772,0.0,0.00033673663262984073,0.7357570526804834,0.00596222550145628,0.6159306629008332,0.0006287456111239334
513,0.0,1674.2214452689857,0.0,0.0007374308677875175,0.7637048467025352,0.0061168933661153975,0.6602629180413437,0.0022751899376213724
514,0.0,1678.9343699961541,0.022778858815447757,0.010568336107255704,0.34120315814010793,-0.010568336107255704,0.5645449900709729,-0.0015778678758417504
515,0.0,1677.3296075085061,0.008602303341755406,0.001570664498640741,0.4222603063652853,0.0010390101590710369,0.5218595849592667,-0.0007928044653679142
516,0.0,1679.3034865898169,0.00026730066581259277,0.0028564088096580988,0.6776356333422469,-0.002435602196005469,0.5685923994741607,-0.0012856437845591806
517,0.0,1680.65911386399,0.0,0.002409187351177577,0.5892849158550444,-0.0019448170120789005,0.5748001543884258,-0.0014833957528150965
518,0.0,1684.6500267638328,0.0,0.006913381442722707,0.6589345727626971,-0.006913381442722707,0.6000404799007072,-0.00311239145978738
519,0.0,1685.9525668295034,0.0,0.0018545755385757055,0.6893716658069485,-0.0010387382501402284,0.6268398356725795,-0.002490295496893234
520,0.0,1692.4353208133746,0.0,0.010192227440945117,0.7114851618272393,-0.010159900716748977,0.6522334335189774,-0.004791177062849957
521,0.0,1692.5999342539906,0.0,0.0008975687486726875,0.6441171108969885,0.002450745518932321,0.6497985367323807,-0.002618600288315273
522,0.0,1693.6286554127046,0.0,0.0008693667231117009,0.7250504215367637,0.002956748705161107,0.6723741021736955,-0.000945995590272359
523,0.0,1698.7557202575376,0.0,0.007941564693437986,0.8523178776319089,-0.007914259976812535,0.7263572348111595,-0.003036474906234412
524,0.0,1700.094847660077,0.0,0.002615464327268827,0.6677152246717951,-0.0016779168943303546,0.7087646317693502,-0.0026289075026631947
525,0.0,1701.9559603283503,0.09537912518695447,0.0023611806719886007,0.3005002575327144,-0.0006047855522971498,0.5862853194983594,-0.002021670917553381
526,0.0,1706.517916726795,0.06607880306066886,0.006730940207315545,0.27655357426359256,-0.006681394226588002,0.4933657959279293,-0.003419587910263767
527,0.0,1707.153247062057,0.0,0.0010778730353516244,0.48415593668251755,0.000924785170249696,0.4906028381543057,-0.002116275986109728
528,0.0,1716.2071055326378,0.0,0.015211956241097252,0.5843635184881308,-0.015211956241097252,0.5187310422544532,-0.006044980062605985
529,0.0,1715.7678809925599,0.0,0.0008093870091192522,0.5631527391650926,0.00337137944663517,0.532057551327645,-0.0032200722098336375
530,0.0,1721.5566879473058,0.0,0.005628990581763156,0.8192211650325025,-0.005628990581763156,0.6182066354391023,-0.003942747721412493
531,0.0,1725.4462584047853,0.03097119123246911,0.005093808662919067,0.4559279722736348,-0.004584748746113392,0.569523036489462,-0.004135348028822762
532,0.0,1728.3416161843254,0.00395380726072132,0.002829250341582692,0.4682098109360458,-0.0017526603297027704,0.5391290688234371,-0.0034205417190867646
533,0.0,1731.3780415633057,0.0,0.003444828274952597,0.6997455238699237,-0.001875709437889934,0.5873140053373831,-0.002957092034727715
534,0.0,1734.22862224143,0.006569971504705115,0.004241745462357776,0.3990261323453878,-0.002252433287263433,0.5308276434397845,-0.0027456944104884305
535,0.0,1739.1227009479094,0.07651766792202788,0.007118456891540478,0.24307330772776084,-0.007001289168553933,0.44450134272617736,-0.004022372837908081
536,0.0,1741.3424344006528,0.0,0.0032472317104434373,0.48696183543731075,-0.0015967474807100975,0.4572394905395174,-0.003294685230748686
537,0.0,1745.4670020259546,0.0,0.004711655661161926,0.728718931211705,-0.004265598961943339,0.5386833227411736,-0.003585959350107082
538,0.0,1745.49254368661,0.038696894034885666,0.0006610394015435333,0.35848344559626155,0.003528166961918405,0.4846233595977,-0.001451721456499436
539,0.0,1750.9323136000633,0.004752493417625273,0.007613584264227377,0.4827368808091145,-0.007536991269312131,0.4840574159611243,-0.003277302400343244
540,0.0,1752.799140433882,0.011315067205307174,0.004199047515627804,0.293299150181258,-0.0022404584532539546,0.42682993622716436,-0.002966249216216457
541,0.0,1756.8629020906199,0.02535398034927279,0.005468644877706031,0.39078589915432693,-0.004928719733837443,0.4160167251053131,-0.0035549903715027522
542,0.0,1760.4986848706583,0.011496523394592234,0.004639129104071728,0.35210759382887213,-0.004336579926042362,0.3968439857223808,-0.0037894672378646346
543,0.0,1764.1401784696716,0.1405378354696116,0.004776659931348353,0.058089833347163486,-0.0037254355593849013,0.2952177400098156,-0.0037702577343207144
544,0.0,1765.025991536894,0.004720046925912262,0.00040066927957480475,0.29735436286164235,0.0022590118883262476,0.29585872686536363,-0.001961476847526626
545,0.0,1769.1539801778756,0.0,0.004791761372486205,0.6486279504640603,-0.004590896326814129,0.4016894939449726,-0.0027503026913128768
546,0.0,1777.0299206795937,0.116115190334609,0.014250408383601075,0.0926082884813707,-0.014250408383601075,0.30896513230589207,-0.006200334398999335
547,0.0,1782.9906229389849,0.16384063458987155,0.00946489707469621,0.21353972202410634,-0.009294883803655792,0.28033750922135636,-0.007128699220396271
548,0.0,1794.3558208330612,0.16695004593963164,0.016921784812851243,0.10787985866588932,-0.016921784812851243,0.22860021405471623,-0.010066624898132762
549,0.0,1799.4774851032955,0.0,0.0034026347347782216,0.6803834423784698,-0.0028249628376534434,0.3641351825518423,-0.007894126279988966
550,0.0,1806.7345973631857,0.0,0.004384843796117822,0.7351637146941208,-0.004303994344216713,0.4754437421945258,-0.006817086699257289
551,0.0,1814.2937217674566,0.027515973565433966,0.007490099416805113,0.22997527775771284,-0.007241082354773956,0.40180320286348187,-0.006944285395912289
552,0.0,1821.0543641942622,0.0,0.006721527152306902,0.5864582407328155,-0.0066941945192887115,0.45719971422428196,-0.006869258132925216
553,0.0,1822.5377515980229,3.867622823394803e-05,0.000403286727209072,0.4049875048281094,0.004429459285112689,0.4415360514054302,-0.0034796429075138443
554,0.0,1830.4210766638314,0.0,0.009123131544157883,0.6945567894538011,-0.009123131544157883,0.5174422728199414,-0.005172689498507056
555,0.0,1833.852622837335,0.0020334497973584485,0.004158968538166007,0.4638466793935474,-0.0033088977703675023,0.5013635947920232,-0.004613551980065189
556,0.05804426443658173,1840.7817478640072,0.19257778112428642,0.008855848137799108,-0.09019392256512812,-0.00885522757878618,0.3238963395848778,-0.0058860546596814865
557,0.0,1844.8757429914313,0.006720562133415969,0.004366220567871318,0.5109163949462424,-0.003478120925411649,0.38000235619328715,-0.005163674539400535
558,0.0,1846.5821064575805,0.0,0.0007334040505217314,0.7538631293865148,0.0027915361551653518,0.4921605881512554,-0.0027771113310307684
559,0.0,1847.5339167977802,0.0,0.0008728140449804847,0.7943199786519723,0.003511602408585489,0.5828084053014705,-0.000890497209145891
560,0.0,1851.244852635818,0.0,0.004836828489888757,0.7291547429637828,-0.0048011879757066025,0.6267123066001642,-0.0020637044391141044
561,0.0,1855.4101540944982,0.00018994820934469683,0.0076641224277609835,0.44867110190079945,-0.0076641224277609835,0.5732999451903547,-0.003743829835708168
562,0.0,1856.3556967115123,0.02630198476847861,0.0028174113465067453,0.30384071165745286,0.0003358045817853218,0.49246217513048407,-0.002519939510460121
563,0.0,1860.5365572417968,0.0,0.005403307560216549,0.775203577017005,-0.004705305879626849,0.5772845956964403,-0.0031755494212101394
564,0.0,1865.569117468386,0.006556405205484737,0.007911198705202972,0.39441471473171663,-0.007727248922780899,0.5224236314070232,-0.004541059271681367
565,0.0,1867.5793820286995,0.03274974515627177,0.003245202826815915,0.4333688996073716,-0.0006909763839057903,0.4957072118671277,-0.0033860344053486934
566,0.0,1872.8464345333487,0.00043997392565172733,0.006106223888490048,0.41843322885199247,-0.006101671209794536,0.4725250169625871,-0.004200725446682446
567,0.0,1879.3380799821198,0.0,0.009822111952423869,0.5235145942302071,-0.009822111952423869,0.487821890142873,-0.005887141398404873
568,0.0,1886.8920426874706,0.06092538800183521,0.01111636907091945,0.20400654719392236,-0.01111636907091945,0.4026772872581878,-0.007455909700159246
569,0.0,1887.9592898335595,0.0,0.0007680867034312112,0.7758063825665698,0.004219670306492801,0.5146160158507024,-0.003953235698163632
570,0.0,1892.7772247844473,0.001185107533824457,0.002622717650500778,0.5836837816709736,-0.0021060737225930795,0.5353363455967837,-0.003399087105492466
571,0.0,1893.5324932951098,0.0,0.0009327787296506625,0.7237241329855615,0.0026861064177686952,0.591852681813417,-0.0015735290485141178
572,0.0,1897.8973859157768,0.0032246906921387384,0.005839355651980662,0.544898530943641,-0.005487246847813761,0.5777664365524842,-0.002747644388304011
573,0.0,1898.0778754485934,0.00019799455388319314,0.0013590307360496527,0.5281941188083803,0.0013775580816807746,0.562894741229253,-0.001510083647308575
574,0.0,1896.0402793786307,0.00014660225696365184,0.0009489726228026114,0.6547912303442092,0.007170041535543404,0.5904636879637398,0.0010939539075470186
575,0.0,1899.486108761846,0.0,0.006162422697909973,0.5207545516781854,-0.005651388828566548,0.5695509470780735,-0.0009296489132870514
576,0.0,1902.845410803984,0.0010760667757626571,0.008104842791819021,0.6537856615942474,-0.008099345870095186,0.5948213614329256,-0.0030805580003294914
577,0.0,1901.8365857141011,0.0,0.0006538912357150278,0.619636038960453,0.0031984598052773403,0.6022657646911839,-0.0011968526586474417
578,0.0,1906.7037341552596,0.002749137862998981,0.007379672737595158,0.45923857521621025,-0.006881109141293174,0.5593576078486918,-0.0029021296034411614
579,0.0,1905.7608175398843,3.867622823394803e-05,0.000895826958579638,0.38481606001316593,0.003332053201599332,0.506995143498034,-0.0010318747619290133
580,0.0,1906.9626735481324,0.0,0.0014008179212880213,0.6853941392737961,0.0005621797681475078,0.5605148422307626,-0.0005536584029060569
581,0.0,1914.1141277037486,0.0,0.013800924180402997,0.6480481761298195,-0.013800924180402997,0.5867748424004797,-0.0045278381361551386
582,0.0,1919.3751746103196,0.008154279781164854,0.010195126963322735,0.32445712778040287,-0.010195126963322735,0.5080795280144567,-0.006228024784305417
583,0.0,1925.4053078612858,0.0030691947026178696,0.0075927563295929736,0.39611214712135184,-0.007586778515004872,0.47448931374652514,-0.006635650903515253
584,0.0,1926.4823119697419,0.0,0.0003975548938531787,0.5680362461492873,0.004520252712014002,0.5025533934673537,-0.0032888798188564763
585,0.0,1933.1685474917874,0.13083166484447079,0.007059445479051789,0.15995199513406688,-0.006880484320647219,0.39977297396736766,-0.004366361169393699
586,0.0,1940.401728725791,0.015382077037401043,0.011501296535112664,0.2644327368255697,-0.011461279377473191,0.3591709028248282,-0.0064948366318175466
587,0.0,1939.03602934899,0.0,8.358846201256766e-05,0.7559155281526815,0.007664118112779268,0.4781942904231842,-0.002247150208438502
588,0.0,1940.1679199249888,0.0,0.0011386400758702634,0.6992017366797632,0.004500980716830624,0.5444965243001578,-0.00022271093085776423
589,0.0,1943.6808749997647,0.0,0.005510020006134901,0.6595106623180119,-0.004968595316539986,0.5790007657055141,-0.0016464762465624309
590,0.0,1944.3955860512203,0.0,0.002322133155546966,0.7216224243917595,-0.0011883876272819618,0.6217872633113877,-0.00150904966077829
591,0.0,1948.428197630194,0.0,0.006678283496207262,0.8318064717474518,-0.0066233176301606,0.6847930258422068,-0.003043330051592983
592,0.0,1948.8947689098293,0.0,0.0011390826583417958,0.4687368568326263,0.0007267086495535492,0.6199761751393327,-0.0019123184412490233
593,0.0,1949.8868258089917,0.00555324617370505,0.0014545979555725514,0.39550155837364126,0.0011830301988724919,0.5526337901096252,-0.0009837138492125687
594,0.0,1951.326663618957,0.07938888837561728,0.001977610511453543,0.3257426309205466,-0.0009666756507421799,0.4845664423529016,-0.000978602389671452
595,0.0,1953.1566566331855,0.0,0.0032954473056907374,0.8430461339010845,-0.0027470084204769523,0.5921103498173564,-0.001509124198913102
596,0.0,1954.8898722608026,0.0,0.0026365917523499412,0.6177941125795254,-0.0025286082266726545,0.5998154786460071,-0.0018149694072409676
597,0.0,1955.6693709338308,0.0004092892464884254,0.0013351068630503826,0.4714316340628198,2.3672530360433393e-05,0.5613003252710509,-0.001263376825960547
598,0.0,1955.812578216778,0.10838823642959065,0.000595713224263048,0.26837033733067645,0.0016448853274843365,0.4734213288889385,-0.0003908981799270819
599,0.0,1959.8432287420305,0.0,0.007076477558061076,0.8452485702483326,-0.007064883643070258,0.5849695012967566,-0.0023930938188700345
600,0.0,1962.1550969641776,0.11729644663630465,0.005322081535556377,0.28197420585026084,-0.004309494282929429,0.4940709126628079,-0.0029680139580878524
601,0.0,1965.8066181273507,0.0,0.005070843913927162,0.6104184400384342,-0.0049908624470339485,0.5289751708754957,-0.003574868504771681
602,0.0,1968.3841291405754,0.0,0.003248774312591651,0.7558595030373025,-0.002129180550178251,0.5970404705240377,-0.003141162118393652
603,0.0,1965.8285883855015,0.0018417814905894233,2.890223317351252e-05,0.4925219621022142,0.009178746353808342,0.5656849179974907,0.000554810423266946
604,0.0,1962.7042157679916,0.020444511739467094,0.0005134128627335091,0.4418120346808998,0.009758036392168903,0.5285230530025133,0.0033157782139375327
605,0.0,1964.2201344406442,0.05866960951566773,0.00563289684854731,0.19537587193112121,-0.0038742488511766876,0.42857889868109567,0.0011587700944032664
606,0.0,1959.8641276472429,0.0,0.00017495224055727609,0.40146264917471275,0.005572796426134479,0.4204440238291808,0.00248297799392263
607,0.0,1963.400758229538,0.0,0.008678489977864879,0.6253752017528953,-0.008678489977864879,0.4819233772062951,-0.0008654623976136228
608,0.0,1964.0553929320108,0.15238024876794312,0.00590818603172957,0.062479389454421747,-0.003914196773920422,0.3560901808807331,-0.0017800827105056624
609,0.0,1963.972846379236,0.0036220279528452544,0.0021076490522940524,0.35657026705012407,0.0011476654287327747,0.3562342067315504,-0.0009017582687341312
610,0.0,1966.5847585957788,0.0,0.0037959924961680123,0.6979432021819846,-0.003549657699824032,0.4587469053666806,-0.0016961280980611014
611,0.0,1968.806607469507,0.0025905833538490243,0.00421641955869028,0.5194688152062606,-0.0036188482862501868,0.47696347831855457,-0.002272944154517827
612,0.0,1973.3792649287675,0.025475318763162065,0.007925904287090264,0.44748921322633545,-0.007664863598207358,0.4681211987908888,-0.0038905199876246863
613,0.0,1973.455989615971,0.0,0.0017046040146415223,0.6984096096698301,0.0023699120620999108,0.5372077220545712,-0.002012390372707307
614,0.0,1980.5692897569763,0.012458928655783647,0.010684923537414086,0.4836378311289303,-0.01068290070778929,0.5211367547768789,-0.004613543473231902
615,0.0,1983.8375082826128,0.0,0.004784659781942108,0.7383855596880864,-0.0045203176454549085,0.5863113962502411,-0.004585575724898804
616,0.0,1988.4445012483634,0.0013909044575443617,0.004673935576925242,0.5699976507608718,-0.00460106190549276,0.5814172726034302,-0.004590221579076991
617,0.0,1997.1974759402208,0.007508142428774115,0.013267463328805329,0.3782424418910878,-0.013267463328805329,0.5204648233897274,-0.0071933941039954916
618,0.5297494807752914,2003.6153265976488,0.3021821995047457,0.008719801282994738,-0.2884449987521992,-0.008289316637103042,0.27779187674714945,-0.007522170863927756
619,0.0,2008.8161299239482,0.0004553693345490983,0.0040932143904344204,0.39448491996327834,-0.003028464285464816,0.3127997897119881,-0.006174058890388873
620,0.0,2020.2661887617803,0.0,0.015761442141793154,0.5830987295774502,-0.015761442141793154,0.3938894716716267,-0.009050273865810157
621,0.0,2023.7276143291328,0.0,0.002568612257241409,0.6435978201352297,-0.00040289717675346114,0.4688019762107075,-0.006456060859093148
622,0.0,2032.2030351309904,0.0004553693345490983,0.008001370736838924,0.48103861129709946,-0.007960755524522346,0.4724729667366251,-0.006907469258721906
623,0.0,2032.4139204620194,0.0,0.0001876062793467413,0.8605198622316049,0.006573530174358363,0.588887035385119,-0.002863169428797825
624,0.0,2037.9552899414591,0.03560619671089391,0.005163989239507948,0.3655595081646332,-0.0042299405447974,0.5218887772189732,-0.0032732007635976976
625,0.0,2042.6923056956446,0.0,0.006760208176978373,0.8236019093936684,-0.006749931301071958,0.6124027168713817,-0.004316219924839975
626,0.0,2044.5190207748312,0.00665315282720158,0.0023698375031173486,0.5834924456387617,-0.0002162297893563325,0.6037296355015956,-0.0030862228841948823
627,0.0,2046.1974632965423,0.0,0.002191167854345701,0.664252394705524,0.0011278997883185829,0.6218864632627741,-0.0018219860824408426
628,0.0,2050.504252265831,0.05419437783449502,0.006390161597837732,0.2905503261217531,-0.0056817454282126765,0.5224856221204678,-0.0029799138861723922
629,0.0,2047.6865712208146,0.0,6.080330888426959e-06,0.5568694546425913,0.00789223409158309,0.5328007718771048,0.0002817305071542526
630,0.0,2050.152055623004,0.0037988335907284503,0.003773826316449079,0.45438502804753794,-0.002044087644262887,0.5092760487282347,-0.00041601493827088924
631,0.0,2051.616414193107,0.0,0.004145461573372979,0.4563639308710792,-0.0033268823435736454,0.49340241337108803,-0.001289275159861716
632,0.0,2051.6633973459593,0.0,0.0031601709660097773,0.8908321852123608,0.00038918712391767054,0.6126313449234698,-0.0007857364747279
633,0.0,2051.0199963902774,0.08603273402509806,0.0015162316213539649,0.18991727084249269,0.0027161526356408437,0.48581712269917665,0.0002648302583827232
634,0.0,2052.646599895693,0.005400328998679201,0.003979781316115908,0.5383215071521011,-0.0025813164025384394,0.5015684380350539,-0.0005890137398936255
635,0.0,2051.4029920030166,0.026443642758088286,0.003555165761750591,0.5407733674741976,0.002339527163088635,0.513329916866797,0.0002895485310010527
636,0.0,2052.3224556973137,0.0,0.002732042008120763,0.6449058350338671,-0.0013140579061878238,0.552802692316918,-0.00019153340015561025
637,0.0,2049.0768804108866,0.0,0.0007491018703779679,0.6017205917138333,0.006467982685269511,0.5674780621359926,0.001806321425471926
638,0.0,2054.305572887807,0.15752733209561534,0.01076885876115035,0.25632476318966463,-0.01076885876115035,0.4741320724520942,-0.0019662326305147568
639,0.0,2054.915662243771,0.008078027431671705,0.00490705457962057,0.35573150732922276,-0.003070677950186799,0.4386119029152328,-0.002297566226416369
640,0.0,2056.519695799843,0.0,0.0028521806477715614,0.7378296437523023,-0.0011978456589304745,0.5283772251663537,-0.0019676500561706008
641,0.0,2054.8851292702448,0.0,0.0007620706414548835,0.4728752380011564,0.0058806305081865115,0.5117266290167944,0.0003868341131365331
642,0.0,2055.9206955460945,0.0,0.001140527368219699,0.7161500851647993,-0.00012391235422230538,0.5730536658611959,0.00023361017292888154
643,0.0,2057.8754783340537,0.0,0.005460819823509485,0.760250616720067,-0.004485150099971431,0.6292127511188572,-0.001182017908941212
644,0.0,2055.7886221408507,0.010373993495368241,0.0012067537558368337,0.2737978493022075,0.004153523885244926,0.5225882805738622,0.0004186446293146293
645,0.0,2055.5743314263623,0.0,0.000991793585900964,0.8153973470398858,0.0016602641174423918,0.6104310005136693,0.000791130475752958
646,0.0,2054.8347889323536,0.0,0.0025632164353999293,0.4180601381412579,0.0010716616038262017,0.5527197418019458,0.000875289814174931
647,0.0,2055.565568474484,0.0,0.004131642841714933,0.580666745471718,-0.0023830220339386946,0.5611038429028775,-0.00010220374025915664
648,0.0,2058.526714609428,0.052919099910295614,0.007283700454813917,0.26591970745712784,-0.007076556181721078,0.47254860226915263,-0.002194509472697733
649,0.0,2056.847764670814,0.0,0.00033009951699562165,0.7010102418554669,0.0036957124962451867,0.5410870941450469,-0.00042744288201485687
650,0.0,2059.9090738915124,0.0457812785728849,0.004122819326199488,0.3843053784520226,-0.004073970055644674,0.4940525794371396,-0.001521401034103802
651,0.0,2059.1422992729254,0.0,0.002262636086243875,0.676302704317963,0.0021060918339093028,0.5487276169013866,-0.0004331531736998705
652,0.0,2063.390890546327,0.00781525331379915,0.00737058817407576,0.2956236638681369,-0.007248391026824758,0.47279643099141166,-0.0024777245296373368
653,0.0,2063.4447285727742,0.0,0.0027877614311826414,0.5884399788458167,0.00044227718957375576,0.5074894953477331,-0.0016017240138740088
654,0.0,2068.2181074647096,0.049369156811696936,0.007496233680680562,0.35590293140259915,-0.007296837805915792,0.4620135261641929,-0.0033102581514865437
655,0.0,2071.504121274013,0.0,0.005388035055295911,0.7979996977413555,-0.005039472165284163,0.5628093776373416,-0.003829022355625829
656,0.0,2070.5421182574573,0.0,0.0007942013255206736,0.5389403167423266,0.0056119011237734644,0.5556486593688371,-0.0009967453118060411
657,0.0,2073.634044834447,0.0,0.004639509323959293,0.5710330723363765,-0.002411417693625985,0.5602639832590989,-0.001421147026352024
658,0.0,2078.9250076646726,0.06503263138506167,0.01003737693975808,0.28253852580982824,-0.009925348403739967,0.4769463460243177,-0.003972407439568407
659,0.0,2080.862596990204,0.003618655286169327,0.0032277411519157514,0.35262985855661355,-0.0023907659657590946,0.43965139978400647,-0.003497914997425613
660,0.0,2082.1486536152343,0.0,0.0011218468895135452,0.8311429947329793,0.0016043862389639018,0.5570988782686983,-0.0019672246265087586
661,0.0,2084.185550149968,0.00026730066581259277,0.0023407142738945882,0.5157962624118873,-0.000517905298939866,0.544708093511655,-0.0015324288282380907
662,0.0,2084.025154382118,0.0,0.0012324081106341574,0.6981520583842405,0.002447201370143499,0.5907412829734306,-0.00033853976872361363
663,0.0,2085.8604171363654,0.0,0.00386006373457691,0.8063882201361088,-0.0022130782182363706,0.655435364122234,-0.0009009013035774407
664,0.0,2086.3843350615025,0.0,0.002920136184350837,0.7026657529100443,-0.0007013125306328392,0.669604480758577,-0.0008410246716940602
665,0.0,2085.129370139073,0.015133935817985555,0.0012145023704172603,0.42047384278171124,0.0035879918076083942,0.5948652893655173,0.000487680272096676
666,0.0,2085.015781421097,0.0,0.002519159530796919,0.6142459995938636,0.0010923905174598444,0.6006795024340211,0.0006690933457056266
667,0.0,2089.329295103749,0.05462614973891794,0.00953592078142968,0.11041027100486386,-0.009522366011696088,0.4535987330052739,-0.0023883444615148876
668,0.0,2089.0177202041086,0.03753642671601119,0.0014136244890841606,0.2904844394393519,5.165649170312758e-05,0.4046644449354973,-0.001656344175549483
669,0.0,2090.0551095403944,0.2205384100711687,0.0027719929647052584,0.12283641953603966,0.00039564537079621705,0.32011603731566,-0.001040747311645773
670,0.0,2093.5253137031964,0.0,0.005460869018320524,0.6807970481828154,-0.005460869018320524,0.4283203405758066,-0.002366783823648198
671,0.0,2097.3278469821407,0.26443430085545344,0.006780323781279625,-0.012072484101222664,-0.006739216555517846,0.2962024931726978,-0.0036785136432090923
672,0.0,2097.1431871418245,0.0,0.00047606425637924124,0.7493034909551595,0.0030033792187595895,0.4321327925074363,-0.0016739457846184876
673,0.0,2101.854370303555,0.006125019733241132,0.006839920573349063,0.4911452239122315,-0.005913432134236334,0.4498365219288748,-0.0029457916895038413
674,0.0,2105.184274407382,0.0430098715066153,0.005415846557710405,0.3974434278231143,-0.005070865370266665,0.4341185936971466,-0.0035833137937326884
675,0.0,2103.345694225714,0.0,0.000498151385442797,0.8206121565432657,0.007048213129780243,0.5500666625509824,-0.000393855716678809
676,0.0,2104.2174564733455,0.004599787144028531,0.00078689935589825,0.38949519429682355,0.0019328578407670765,0.5018952220747347,0.00030415835055495666
677,0.0,2103.179094192801,0.006764143289711666,0.0013812870861343639,0.6486296802266796,0.00256084785806859,0.5459155595203181,0.0009811652028090467
678,0.0,2103.157620984383,0.0,0.002418659056190228,0.7172605583440332,-0.00031297764773988526,0.5973190591674327,0.000592922347644367
679,0.0,2104.709493425192,0.015030911177432318,0.005088455621527568,0.25058748625287397,-0.0042798197690969274,0.49329958729306506,-0.0008689002873780213
680,0.0,2110.6796033793644,0.09172470263936879,0.01301915233801469,-0.022911671310888393,-0.01301915233801469,0.338436209711879,-0.004513975902569021
681,0.0,2110.3351562730804,0.0,0.001969020945206936,0.7353133298035441,0.0018107849333834785,0.4574993457393785,-0.002616547651783271
682,0.0,2113.7951423657387,0.0,0.003857992938487753,0.6196027809805195,-0.002397223309037281,0.5061303763117208,-0.002550750348959474
683,0.0,2114.97960812868,0.0006140606643868802,0.0016260494740489744,0.4596205206430835,0.0003642147290201568,0.49217741961112954,-0.0016762608255655846
684,0.0,2115.96734694785,0.0,0.001887277413908213,0.8030905035092111,0.0006690866079609054,0.5854513447805539,-0.0009726565955076376
685,0.0,2117.8899216996265,0.0,0.003839440297872921,0.5973391290342996,-0.0022187316814246804,0.5890176800566775,-0.0013464791212827504
686,0.0,2123.0478842655675,0.09016303831637244,0.009676468095336331,0.35675805298877256,-0.009676468095336331,0.519339791936306,-0.0038454758134988244
687,0.0,2124.6160611365126,0.0,0.0028034379042003103,0.5823307349032233,-0.001704224570904434,0.5382370748263812,-0.0032031004407205074
688,0.0,2130.9715382456307,0.0,0.009101410819904428,0.49282683043242714,-0.009101410819904428,0.5246140015081949,-0.004972593554475683
689,0.0,2133.884383918952,0.02217393641811021,0.003322551446149201,0.451962051489978,-0.0025246741288985886,0.5028184165027298,-0.004238217726802555
690,0.0,2136.2322431349817,0.013279293262071295,0.0009935676677735065,0.5386934923371579,0.0004650039911336997,0.5135809392530583,-0.002827251211421678
691,0.0,2139.2117363235575,0.0025622923163736372,0.0020686517918681205,0.49410849712489113,-0.0016746652103036327,0.5077392066146081,-0.0024814754110862643
692,0.0,2143.172703152716,0.0,0.006092959767763549,0.7387462767696834,-0.005203566073388285,0.5770413276611307,-0.0032981026097768703
693,0.0,2144.630575489577,0.0014273950971294047,0.0023188302252435977,0.6565432783603651,-0.0003149428731708726,0.6008919128709009,-0.0024031546887950707
694,0.0,2148.907010814465,0.023331350443841915,0.005419699781660969,0.3683046508785851,-0.005373585262966588,0.5311157342732061,-0.0032942838610465256
695,0.0,2150.883924912771,0.02615873517013027,0.002827294330432878,0.48930721295190843,-0.0014780230764315895,0.5185731778768168,-0.0027494056256620446
696,0.0,2153.728916219932,0.0,0.0036778023806555643,0.6193118677505783,-0.0023809609669272554,0.5487947848389452,-0.0026388722280416077
697,0.0,2151.484323374967,0.0,0.00010956261911440596,0.7137922820585989,0.007650152296577675,0.5982940340048413,0.000447835129344177
698,0.0,2152.6104812846934,0.0,0.0022813980432256405,0.577790075412083,0.00038400312855643715,0.5921428464270138,0.000428685529107855
699,0.0,2150.494428666345,0.0004553693345490983,0.0016899722188760307,0.5805942055387038,0.003924086131446611,0.5886782541605208,0.0014773057098094815
700,0.0,2153.8273056828084,0.09748351411161765,0.00745742821567985,0.3489041626786712,-0.007451595615028509,0.5167460267159659,-0.0012013646876419158
701,0.0,2148.502700331897,0.0,0.0,0.639608738002838,0.009604124561999047,0.5536048401020275,0.0020402820872503728
702,0.0,2147.1837253788717,0.1383690126972705,0.0014541367364703166,0.11041099780725666,0.003914274281460622,0.42064668741359623,0.0026024797455134474
703,0.0,2145.278278702794,0.0,0.001577786713403679,0.7488705256519844,0.0017359500782138386,0.5191138388851126,0.0023425208453235645
704,0.0,2149.1540847946712,0.0020732210739519137,0.010883117461542862,0.3474741629594836,-0.010883117461542862,0.46762193610742386,-0.0016251706467363635
705,0.0,2151.1950518985773,0.11384416081366257,0.0069377123464187535,0.2858682496949039,-0.0066244252367366665,0.41309583018366786,-0.003124947023736454
706,0.0,2153.59216754676,0.022500397585361168,0.005058802330386534,0.3640233706453641,-0.003170898717373208,0.3983740923221767,-0.00313873253182748
707,0.0,2155.0819029723525,0.0,0.002944918202350816,0.6281402825969586,0.0002823182018996762,0.46730394940461123,-0.002112417311709333
708,0.0,2158.8057941579723,0.07739515775862611,0.004598822199936319,0.17317796457246015,-0.004400576194733095,0.3790661539549659,-0.002798864976616461
709,0.0,2161.346746755054,0.003618655286169327,0.003969081152493398,0.5679103659855066,-0.0029765971701979127,0.43571941756412813,-0.0028521846346908964
710,0.0,2162.558270975901,0.21285230761702986,0.0024436592188978906,0.011863025186184359,0.0005103165836563698,0.30856249985074496,-0.0018434342691867167
711,0.0,2165.547087641215,0.0,0.00341012411229138,0.6584527319456308,-0.0031788659637179196,0.4135295694792107,-0.002244063777546077
712,0.0,2166.1219602735305,0.015182461864294549,0.0011920289258983319,0.34116495895588667,0.0008160953704765967,0.3918201863222135,-0.001326016033139275
713,0.0,2169.2694319699635,0.0016789762830520377,0.0048004652857649875,0.4859457876920368,-0.004164415597911322,0.4200578667331605,-0.002177535902570889
714,0.0,2173.058993926956,0.0006631550699497524,0.00706689651878706,0.4635722380524464,-0.006422923379940249,0.4331121781289462,-0.003451152145781697
715,0.0,2175.964704615153,0.02440536958157756,0.004712781944797714,0.2968668877681542,-0.003641499362491917,0.39223859102070857,-0.0035082563107947627
716,0.0,2180.404611207662,0.13410659705419078,0.006251476443303621,0.018818553456595236,-0.005508677902921486,0.28021257975147457,-0.00410838278843278
717,0.0,2180.0107162774266,0.00026730066581259277,0.00044123943244599596,0.5176878574396403,0.004646230711253467,0.3514551630579243,-0.0014819987385269056
718,0.0,2185.500311434733,0.015812376154198417,0.007142684006245558,0.4339625500454518,-0.007095341225664655,0.37620737915418256,-0.0031660014846682303
719,0.0,2188.4945848268726,0.012142098933567921,0.005755908911005848,0.23237247258539076,-0.00456240415246403,0.333056907183545,-0.00358492228500697
720,0.0,2192.5623544007435,0.0,0.005511034986204827,0.7179161825033964,-0.005027229970493232,0.44851468977950043,-0.004017614590652849
721,0.0,2195.3155053337846,0.0,0.003539194573312472,0.6255604723984202,-0.0018340364556760215,0.5016284245651763,-0.0033625411501598005
722,0.0,2200.605961984694,0.0004553693345490983,0.006721552772548446,0.757965410563406,-0.0066966636095419155,0.5785295203646452,-0.004362777887974435
723,0.0,2201.7318555551055,0.0,0.0019331425314639541,0.685065811334942,0.0013388178383921792,0.6104904076557343,-0.0026522991700644507
724,0.0,2209.735568276679,0.1133949022252035,0.012019328737884973,0.3385159890872977,-0.012019328737884973,0.5288980820852033,-0.005462408040410607
725,0.0,2210.762479765226,0.002775532333390059,0.0016215755597471424,0.44008231008254733,0.0008510130360262918,0.5022533504844064,-0.0035683817174795374
726,0.0,2211.700516844814,0.0,0.0015064774228098494,0.8181960090463347,0.003884447031182197,0.5970361480529849,-0.001332533092881017
727,0.0,2216.729220073907,0.009047934742759644,0.006914296926090386,0.5054443676440485,-0.006703878559365639,0.5695586139303039,-0.002943936732826403
728,0.0,2216.0630372607366,0.0,0.0008221728907009285,0.7682080625091997,0.002898600196390101,0.6291534485039727,-0.0011911756540614515
729,0.0,2221.3511764586174,0.14932511876287152,0.007900723579971859,-0.07648260836929667,-0.007900723579971859,0.41746263144199186,-0.0032040400318345736
730,0.0,2223.2256278479786,0.0,0.003485710615379217,0.700785844766723,-0.0025307974201952883,0.5024595954394112,-0.003002067248342788
731,0.0,2227.1068323389754,0.0,0.004628203268285801,0.4565751666480659,-0.004623214854400506,0.4886942668020076,-0.0034884115301601027
732,0.0,2229.8828710171297,0.004466074627941805,0.0027824527978750685,0.5025061158810242,-0.0025109100487084217,0.4928378215257126,-0.003195161085724598
733,0.0,2226.2444091929697,0.0,0.0006140469211436273,0.5498936026932859,0.011347022522821496,0.5099545558759846,0.0011674939968392304
734,0.0,2226.0292865146107,0.0,0.0001898462317339303,0.4993076501283883,0.003727819461009675,0.5067604841517057,0.001935591636090364
735,0.0,2226.876451975969,0.059533085987805906,0.005291064641295031,0.15547765013496168,-0.003061717276041737,0.4013756339466825,0.00043639896245073354
736,0.0,2226.113479763412,0.07890882631177479,0.0021822045147508315,0.26110220778946003,-0.0004448991348688847,0.3592936060995157,0.00017200953325484806
737,0.0,2227.666869150304,0.006838605187193272,0.003783084727279133,0.19022542494634315,-0.0036979772057965936,0.3085731517535639,-0.0009889864884605843
738,0.0,2225.4770745714595,0.013890511197002195,0.0011212294928799548,0.4030353541973312,0.004424103212471286,0.3369118124866941,0.0006349404218189767
739,0.0,2224.6411239371437,0.14262294689286517,0.0007993294222446045,0.07434184386408225,0.0027453022293951372,0.25814082189991056,0.001268048964091825
740,0.0,2226.3335133151404,0.10083281725472562,0.004484084251759185,0.25806122292941736,-0.00424004285039208,0.2581169422087626,-0.00038437858025334656
741,0.0,2225.0515904632116,0.004842569879360137,0.0016681913143651128,0.5501577151068832,0.001365804044766876,0.34572917407819875,0.0001406762072527202
742,0.0,2225.842086322472,0.0,0.002357745137372778,0.5934880512443133,-0.0012523335276636038,0.4200568372280331,-0.000277226713222177
743,0.0,2226.427472743883,0.0,0.002247103192658103,0.7005334740869263,-0.0013545416474434865,0.5041998282857011,-0.0006004211934885699
744,0.0,2227.67113219931,0.04799334239046552,0.0026097032554562934,0.09813225675768159,-0.0022771618228050435,0.38237955682729524,-0.0011034433822835119
745,0.0,2229.0323515757964,0.001534428850807121,0.0036694559100137573,0.5858707025570552,-0.0021644581502009903,0.44342690054622325,-0.0014217478126587553
746,0.0,2226.1112092506196,0.015472716463555627,2.884475016593734e-05,0.3875136426181292,0.007294372859524995,0.426652923167795,0.0011930883889963695
747,0.0,2228.2064712228353,0.010101130686493267,0.003943125221286513,0.4133448098934067,-0.0029338538201386104,0.4226604891854785,-4.4994273744124505e-05
748,0.0,2228.9790267381463,0.0030691947026178696,0.003071789455893701,0.7005334740869263,-0.0028504163006970533,0.5060223846559129,-0.0008866208818300032
749,0.0,2229.5033255775193,0.0003654600790856787,0.0017545548377693762,0.5392812609484772,-0.0010084776768006128,0.5160000475436821,-0.000923177920321186
750,0.0,2233.1373050686834,0.0004553693345490983,0.006675014133890253,0.5121912390926948,-0.0066087614413386135,0.514857405008386,-0.002628852976626414
751,0.0,2236.6343266798885,0.0,0.006214282482316708,0.8810338458701489,-0.006214282482316708,0.6247103372669148,-0.003704481828333502
752,0.0,2240.043533445981,0.0016789762830520377,0.005154353187211429,0.5047157929215509,-0.004209772169193654,0.5887119739633055,-0.0038560689305915472
753,0.0,2240.8699398113154,0.0,0.0012357944799670137,0.6580456278469502,0.0022978248488422517,0.6095120701283989,-0.002009900796761407
754,0.0,2244.293776117109,0.001187210253009989,0.0039324041514303375,0.35474502155558457,-0.003032507967838089,0.5330819555565546,-0.0023166829480844114
755,0.0,2244.8929446516618,0.0,0.0024244558696967866,0.6497825732597055,0.0009419073391436727,0.5680921408674998,-0.001339105861915986
756,0.0,2248.544676448058,0.013556687289547698,0.005481082457461866,0.3338077502550545,-0.0051387670939910335,0.49780682368376616,-0.0024790042315385
757,0.0,2251.259469671981,0.0,0.004937850167051428,0.6676654260498565,-0.004157625434029038,0.5487644043935932,-0.0029825905922856617
758,0.0,2255.953190465735,0.028909912810299674,0.0071951724091424895,0.18167897283104506,-0.007072014304456617,0.4386387749248287,-0.004209417705936948
759,0.0,2258.9051841729492,0.019057872097463704,0.004860098746685265,0.23770944933025073,-0.002867729285318279,0.3783599772464553,-0.003806911179751347
760,0.0,2263.799389921422,0.0009745752572769129,0.005832429189230682,0.5366392863001548,-0.005652830566477143,0.4258437699625651,-0.004360686995769086
761,0.0,2267.3112347337697,0.19873910776837983,0.004602825239981622,-0.0615957536140472,-0.003169115588660181,0.2796119128895814,-0.0040032155736364145
762,0.0,2270.5946520913462,0.026334303077666845,0.00465971989946033,0.3680904387679778,-0.002131269892123767,0.30615547065310034,-0.0034416318691826197
763,0.0,2275.05894640961,0.0,0.005273399256653051,0.712840317617601,-0.004987195612629583,0.4281609247424505,-0.0039053009922167085
764,0.0,2279.4369351023456,0.008301731595148042,0.006667239028579415,0.33089678356874863,-0.005373055704791372,0.3989816823903399,-0.004345627405989107
765,0.0,2285.150881270042,0.0,0.007663588870475439,0.6390467411156668,-0.00765496484055922,0.471001200007938,-0.005338428636360141
766,0.09138653404563435,2297.107793843534,0.3813334033900072,0.020161104787020642,-0.3813334033900072,-0.020161104787020642,0.2153008189885544,-0.009785231481558292
767,0.0,2301.3714726362914,0.0,0.004587222306094285,0.7018965876582431,-0.0029140830103048902,0.361279549589461,-0.007723886940182271
768,0.0,2304.6356955624856,0.0,0.0009201378489742217,0.8157156796170314,0.0037143136528922484,0.4976103885977321,-0.004292426762259915
769,0.0,2313.0097300185375,0.03564843700555796,0.009357892197553728,0.5153331665781795,-0.009221338438991042,0.5029272219918663,-0.005771100265279253
770,0.0,2314.5533308981303,0.0,0.0016433074215080707,0.8892384082239309,0.0014959052225901387,0.6188205778614857,-0.0035909986189184354
771,0.0,2321.7466287587026,0.0032571495229441532,0.008837453226343855,0.41569626144441374,-0.008824849490739386,0.557883282936364,-0.00516115388046472
772,0.0,2323.384246518766,0.015435991888557288,0.0020544185499352893,0.4018397221439797,0.0005439679729270899,0.5110702146986487,-0.003449617324447177
773,0.0,2324.080776040374,0.0,0.0013038013058164408,0.5397705994633224,0.0040688328439868965,0.5196803301280507,-0.0011940822739169548
774,0.0,2326.5654612273293,0.0005372056668985168,0.0021392385092588446,0.5826134390311007,-0.0015333226651127944,0.5385602627989656,-0.0012958543912757066
775,0.0,2326.0318088401136,0.0,0.0012358585019238426,0.7307533102149354,0.002409605441667704,0.5962181770237566,-0.00018421644139268332
776,0.0,2329.5829681118594,0.0,0.006450986579220829,0.786425627966522,-0.006040724473500707,0.6532804123065862,-0.0019411688510250903
777,0.0,2324.816072458271,0.0,0.00041154104294914134,0.7251471611482755,0.010203806773552712,0.6748404369590929,0.0017023238363482506
778,0.0,2326.6047247569372,0.0,0.0034220669963162904,0.6532728985129647,-0.001775238228919164,0.6683701754252543,0.0006590552167680262
779,0.0,2329.0844776173253,0.0027137411498432736,0.007159024695058686,0.5224859779617403,-0.006966866422702452,0.6246049161862001,-0.0016287212750731176
780,0.0,2329.9338640704577,0.0,0.0034342763525932463,0.5890400764866732,-0.002388207575031692,0.6139354642763419,-0.0018565671650606897
781,0.0,2330.231414291735,0.0,0.001146092639724176,0.5844261249339822,0.0011540453324191324,0.605082662473634,-0.0009533834158167429
782,0.0,2334.377560630352,0.007060060599463598,0.006664156432855236,0.21123574978218235,-0.006664156432855236,0.4869285886661985,-0.0026666153209282907
783,0.0,2335.8691397468942,0.0016789762830520377,0.003949228260028161,0.51740264481591,-0.0020032397962810315,0.49607080551111193,-0.002467602663534113
784,0.0,2339.6322947826593,0.0,0.005198124740061531,0.7405827997834633,-0.004959365254230656,0.5694244037928173,-0.0032151314407430753
785,0.0,2344.946920766114,0.039948878794099016,0.008499927870443789,0.28190622402082205,-0.008367754214318485,0.4831689498612187,-0.004760918272815698
786,0.0,2350.734981008311,0.020233519584862324,0.008523646564570065,0.44917332442604985,-0.008510991992435001,0.472970262230668,-0.005885940388701489
787,0.0,2352.486201053093,0.0009745752572769129,0.0012713385471672502,0.6266924129028808,0.0015561622904154257,0.5190869074323319,-0.0036533095849664143
788,0.0,2361.9353105283394,0.07482847383940613,0.013402235602492759,0.28077446967867464,-0.013402235602492759,0.44759317610623467,-0.006577987390224317
789,0.0,2362.5735692006024,0.0006419774496946276,0.00030183798179500804,0.5023261551861068,0.002749908058385946,0.4640130698301963,-0.0037796187556412377
790,0.0,2367.051812854857,0.005331702058362019,0.002639504404214206,0.3327752296443932,-0.0023201199667282,0.42464171777445536,-0.003341769118967326
791,0.0,2369.0149808540964,0.0,0.002783191561262373,0.6668789976984436,-1.3590081332232761e-05,0.49731290175165177,-0.0023433154076767976
792,0.0,2370.5676574056843,0.030637540744084382,0.0012600789327479771,0.4911510944370192,0.00034390482510254387,0.495464359557262,-0.0015371493378429951
793,0.0,2373.393778745176,0.035154132034532666,0.0036717629414267233,0.3103454013109037,-0.003382751351867582,0.4399286720833545,-0.002090829942050371
794,0.0,2380.0993187887516,0.15019381374035715,0.012281559949610268,0.005926194522487372,-0.012281559949610268,0.30972792881509437,-0.00514804894431834
795,0.0,2384.5351733299126,0.11223945990454606,0.00718765851942504,0.1767598717956184,-0.006848913731769994,0.2698375117092516,-0.005658308380553836
796,0.0,2385.6801298816017,0.0,0.0005711976431536041,0.79898822233232,0.0032129876835036942,0.4285827248961721,-0.002996919561336577
797,0.0,2387.4145586707846,0.0,0.0014815837079808882,0.681966622986183,0.0024055495673340954,0.5045978943231754,-0.001376178822735375
798,0.0,2388.2247564095533,0.0,0.0010968234917204803,0.6800220682024692,0.0014912200382387792,0.5572251464869635,-0.0005159591644431287
799,0.0,2393.223561010569,0.0721669735267509,0.009065606025753258,0.29443641662285724,-0.00895915834658239,0.47838852752773164,-0.003048918919084907
800,0.0,2394.7592721766982,0.0,0.003098786460373602,0.6271136888624063,-0.0025349025115131182,0.5230060759281341,-0.0028947139968133703
801,0.0,2399.7749012957406,0.047686509764743125,0.007184140431066485,0.11041612437687352,-0.007152657040757046,0.3992290904627559,-0.004172096909996472
802,0.0,2402.0800614779714,0.0,0.0040434973681719565,0.6105806393359631,-0.001613252595050261,0.462634555124718,-0.003404443615512609
803,0.0,2403.810502635113,0.0,0.0023090426047442415,0.35798038917617714,0.0008827003545142692,0.4312383053401557,-0.0021183004245045453
804,0.0,2406.4095169939196,0.0,0.0026151958363951544,0.7179360013044216,-0.001780055297001078,0.5172476141294354,-0.002016826886253505
805,0.0,2412.86817719936,0.02146324040386789,0.01116494469888069,0.3925037080331834,-0.01116494469888069,0.47982444230055976,-0.00476126223004166
806,0.0,2416.675117743071,0.0,0.0059162061397254155,0.6089925170081921,-0.00563187886663248,0.5185748647128494,-0.005022447221018906
807,0.0,2418.8437124413745,0.011315067205307174,0.002324482306787254,0.5627176668621905,0.0006510111690372187,0.5318177053576517,-0.003320409704002068
808,0.0,2423.4352786840723,0.028598820581209272,0.006675059701473633,0.5588881213055454,-0.004195696746058696,0.5399388301420198,-0.0035829958166190565
809,0.0,2422.916190014504,0.0,0.0005994483373209248,0.8318064717474518,0.004689486328961747,0.6274991226236494,-0.0011012511729448153
810,0.0,2427.3646860188996,0.00012809561823393342,0.005522616439358302,0.4679871947786405,-0.005489527234640019,0.5796455442701467,-0.0024177339914533765
811,0.0,2425.8564446416503,0.059017710723202436,0.0001534523087313777,0.35603225640769953,0.004390045090731948,0.5125615579114124,-0.0003754002667977789
812,0.0,2425.4829123725526,0.0009745752572769129,0.0009008649350670134,0.6800220682024692,0.0033123068128342132,0.5627997109987295,0.0007309118570918187
813,0.0,2429.30744016896,0.014353217432920954,0.007865808743053615,0.5972097016359641,-0.007607178958647694,0.5731227081898999,-0.0017705153876300351
814,0.0,2430.8676811557693,0.0,0.0042311859730625925,0.8359087529243435,-0.003938097099171195,0.6519585216102329,-0.0024207899010923834
815,0.0,2434.272933154297,0.0,0.005246610805203796,0.802118469466644,-0.005149121888939777,0.6970065059671562,-0.0032392894974466015
816,0.0,2437.2157926440764,0.0005346198335005527,0.004063231143124044,0.6175184295649122,-0.003474330727675184,0.673160083046483,-0.003309801866515176
817,0.0,2443.0571958554547,0.022568222456346616,0.00865742171942659,0.4670119781617333,-0.00865742171942659,0.611315651581058,-0.004914087822388599
818,0.0,2445.917277942812,0.0004553693345490983,0.0032823582609922877,0.4939936321702807,-0.002306040411774532,0.5761190457578248,-0.004131673599204379
819,0.0,2451.1216925790204,0.012116871848601956,0.006314753265133163,0.43226720006955494,-0.0055515359438134465,0.5329634920513437,-0.0045576323025870984
820,0.0,2449.800906188086,0.0,0.00025738403394599124,0.658645197147071,0.007245366326224579,0.570668003580062,-0.001016732713943595
821,0.0,2452.105654055521,0.0,0.0017530176258425375,0.8892384082239309,-1.1660545546391433e-05,0.6662391249732226,-0.0007152110634244339
822,0.0,2452.9306280562564,0.0,0.0017022824976080822,0.5800918637507048,-0.0006297987968650917,0.6403949466064672,-0.0006895873834566311
823,0.0,2454.569887880119,0.008694352197787589,0.004788860276510904,0.4511321014882021,-0.00264138030100316,0.5836160930709877,-0.0012751252587205899
824,0.0,2449.246703773528,0.0,3.647856692473576e-06,0.7018071298005288,0.011861417298945272,0.61907340408985,0.0026658375085791687
825,0.0,2453.2935069323103,0.17924361780273318,0.007234975427627656,0.014380072423308398,-0.007213660999153087,0.4376654045898875,-0.00029801204374050824
826,0.0,2457.129689924865,0.09306376195045342,0.010756544804102722,0.12924811025179472,-0.010756544804102722,0.34514021628845964,-0.003435571871849172
827,0.0,2458.0780037925356,0.0012831100981508497,0.0020597564681526866,0.4640196652584253,-0.0015220758507570955,0.3808040509794493,-0.0028615230655215486
828,0.0,2460.1838057695904,0.05200974311010042,0.0023514550126499797,0.18800480294082295,-0.000689136624624599,0.3229642765678614,-0.0022098071332524636
829,0.0,2462.4293213651563,0.010223036633154197,0.0036058310213115214,0.2711484306410191,-0.0016053290002917308,0.3074195227898087,-0.0020284636933642435
830,0.0,2466.6715565693303,0.03400702081470904,0.006451588257668163,0.5458837456556581,-0.006451588257668163,0.37895878964956353,-0.003355401062655419
831,0.0,2464.7951816081154,0.0,0.0009024441780886805,0.5429251473639044,0.006161905894063618,0.4281486969638657,-0.0005002089756397077
832,0.0,2467.669378216955,0.0008695490545080301,0.0028525919227724117,0.5476388718249527,-0.0024718581208311757,0.4639957494221918,-0.001091703719197148
833,0.0,2465.680815944306,0.0,0.0006023558861538871,0.5893300473733972,0.004709376739276114,0.5015960388075533,0.0006486204183448306
834,0.0,2464.5687463868985,0.0,0.0008923694558900086,0.576411579274785,0.0034269771013321414,0.5240407009477228,0.0014821274232410238
835,0.0,2468.2421246665726,0.0,0.008390272994398316,0.6305958348398596,-0.008390272994398316,0.5560072411153638,-0.0014795927020507782
836,0.0,2469.6450680752173,0.0,0.00482737900681298,0.7002223011896578,-0.004405031804633892,0.599271759137652,-0.002357224432825712
837,0.0,2472.543739442077,0.0,0.004492242482925254,0.5375256044922284,-0.004399438598286933,0.5807479127440248,-0.0029698886824640787
838,0.0,2474.330931868082,0.0,0.002271973239303824,0.692328911733144,-0.0011441300748816063,0.6142222124407606,-0.002422161100189337
839,0.0,2475.0356563495975,0.0013040290419116614,0.001831343105745139,0.7163679145207613,0.0017263814202519035,0.6448659230647608,-0.0011775983440569645
840,0.0,2482.295734643274,0.004842569879360137,0.012553012034793398,0.5271946670482645,-0.012553012034793398,0.6095645462598118,-0.004590222451277894
841,0.0,2484.4126201962213,0.000691413120854776,0.0030280948023791708,0.7103283750632593,-0.002992254024778212,0.639793694900846,-0.004110831923327989
842,0.0,2488.9156113130553,0.0013040290419116614,0.005003940907585665,0.6343788096927393,-0.00442846510985023,0.638169229338414,-0.004206121879284661
843,0.0,2495.0443031321274,0.008602303341755406,0.008310736291297345,0.5651581952495094,-0.008310736291297345,0.6162659191117426,-0.005437506202888466
844,0.0,2500.0811660497225,0.000691413120854776,0.0065240416586565,0.47638899965583714,-0.005885524695613922,0.5743028432749709,-0.005571911750706103
845,0.0,2505.242887173366,0.013533793762645057,0.005068528037405627,0.39355565417820854,-0.004857353723301895,0.5200786865459421,-0.0053575443424848405
846,0.0,2513.6980136618154,0.09911636629208391,0.011587541096349038,-0.030798815125598736,-0.011587541096349038,0.35481543604447985,-0.0072265433686441
847,0.0,2517.3033802010073,0.0,0.0035131213578310032,0.7456585670327316,-0.0016292989595346151,0.47206837534095536,-0.005547370045911254
848,0.0,2519.5854375227605,0.0351044165810969,0.0014242125766119195,0.14622250745965207,0.003004503673931386,0.3743146149765643,-0.0029818079299584617
849,0.0,2522.905052213582,0.0,0.0026815301787636585,0.5487271029089359,-0.0010131114776388201,0.42663836135627575,-0.002391198994262569
850,0.0,2523.4316113788095,0.0,0.0016367634152154662,0.5685110187034007,0.0021086849575764023,0.4692001585604132,-0.0010412338087108777
851,0.0,2522.1882605328365,0.0,0.0008985154245012921,0.8230069456741572,0.005124531290163827,0.5753421946945363,0.0008084957209515337
852,0.0,2525.889462519339,0.0,0.0066617024394383184,0.6822791394136777,-0.006659906242846194,0.6074232781102786,-0.0014320248681877845
853,0.0,2525.2804862755347,0.000572160059385732,0.0019636174728057836,0.5198319488321149,0.00048618516810920004,0.5811458793268295,-0.0008565618572986891
854,0.0,2526.2466890423466,0.0,0.0023530924314895682,0.4943305153148437,-0.00048553978244146053,0.5551012701232336,-0.0007452552348415206
855,0.0,2524.3333201446435,0.0,0.0005029378585966473,0.8605224399856913,0.004909489439685784,0.6467276210819709,0.0009511681675166707
856,0.0,2525.3730597140507,0.0,0.002293907606906273,0.81988269495677,-0.001429448573619302,0.6986741432444106,0.00023698314517587893
857,0.0,2522.5677104074243,0.0,0.0012183837796949407,0.675919787025578,0.004843803249926986,0.6918478363787608,0.001619029176601211
858,0.0,2522.459183846969,0.0,0.0020222612798304986,0.6554083811411208,-8.821999096830022e-05,0.6809159998074688,0.0011068544263303575
859,0.0,2522.740900249424,0.0,0.0027939301028107703,0.8348542782594504,-0.0023195168318377,0.7270974833430632,7.894304887994018e-05
860,0.0,2521.688164698952,0.0051845737544660995,0.00307680860806042,0.5036239775961383,0.0010369364090200507,0.6600554316189857,0.00036634105692197333
861,0.0,2522.561999409732,0.00026730066581259277,0.0040975991483192635,0.6143855693722068,-0.0019179855340805563,0.646354472944952,-0.0003189569203787856
862,0.0,2525.185544996875,0.0,0.005908014518405257,0.6527950211202781,-0.0058340353691598715,0.6482866373975498,-0.0019734804550131115
863,0.0,2526.2840529302216,0.0,0.002092438034561028,0.5311225561892922,-0.0018740830501189536,0.6131374130350724,-0.0019436612335448642
864,0.0,2526.080792368573,0.0,0.0010208970063178163,0.7169425987944921,0.00256015419547167,0.6442789687628983,-0.0005925166048399039
865,0.0,2532.501571558749,0.0,0.011327288002722594,0.372757521724579,-0.011327288002722594,0.5628225346514024,-0.003812948024204711
866,0.0,2534.146791649401,0.0,0.003525065766950775,0.7907836599785374,-0.0026514642244751074,0.6312108722495429,-0.00346450288428583
867,0.0,2535.5577742595406,0.0,0.0005371050680076972,0.7571215596021839,0.0011766280409350792,0.6689840784553351,-0.002072163606719557
868,0.0,2541.540887338633,0.06424654125716318,0.008773366379411314,0.14449864970962836,-0.008769621593365366,0.5116384498316231,-0.004081401002713299
869,0.0,2545.5529982673775,0.0,0.006218245878448185,0.7465331287179579,-0.006030002302770038,0.5821068534975234,-0.00466598139273032
870,0.0,2547.876652769699,0.0009745752572769129,0.0023181227056249484,0.530673312501159,-0.00039507161064710074,0.566676791198614,-0.0033847084581053537
871,0.0,2550.6676137945437,0.0,0.002071018897767493,0.848215596455018,-0.0008130753319122456,0.6511384327755352,-0.002613218520247421
872,0.0,2554.7499157188918,0.0025622923163736372,0.004918263068864108,0.4201891036898047,-0.004870173593522156,0.581853634049816,-0.0032903050422298415
873,0.0,2557.9840611438776,0.07307073494573943,0.004128969630267205,0.3456822554636029,-0.003878604300036236,0.511002220473952,-0.00346679481957176
874,0.0,2557.0067212379763,0.0,0.0012886541533227783,0.726282889754507,0.005607975673765139,0.5755864212581185,-0.0007443636715706902
875,0.0,2557.5642113897484,0.0,0.002453243845817539,0.8109838238930832,0.002480821940511222,0.646205642048608,0.00022319201205388349
876,0.0,2556.569438733607,0.0,0.0017545774554832774,0.8112950658629942,0.0028385221910118275,0.6957324691929239,0.0010077910657412667
877,0.0,2558.9825743123115,0.018600371918329115,0.005693404557581272,0.5646775853935494,-0.00530184876259693,0.6564160040531115,-0.0008851008827601922
878,0.0,2561.794324037557,0.0,0.007363204015899036,0.805336173358948,-0.006870715084293663,0.7010920548448625,-0.002680785143220233
879,0.0,2566.6850137524093,0.004677241577492279,0.009171620634268105,0.4080795640631759,-0.009155257438765307,0.6131883076103565,-0.0046231268318837546
880,0.0,2568.7432249280714,0.0005557311258032084,0.003203132659563346,0.49649724688319125,-0.0013028251404475569,0.5781809893922069,-0.003627036324452895
881,0.0,2571.3431569695645,0.02766649138612645,0.0025898330366112086,0.27365133441485046,-0.00044964145637903024,0.4868220928989999,-0.002673817864030735
882,0.0,2572.39586703794,0.0,0.0009543998114254141,0.8318064717474518,0.0016964259398575742,0.5903174065535355,-0.0013627447228642424
883,0.0,2569.614126267595,0.008878329573215764,0.0005197216466753635,0.47993673119301566,0.008637301243369718,0.5572032039453796,0.0016372690670059457
884,0.0,2565.5060960201768,0.0,0.00011156455265881986,0.7770115460218107,0.009909702557313958,0.6231457065683088,0.00411899911409835
885,0.0,2567.8109978367143,0.00026730066581259277,0.006743324693737446,0.5996490720875508,-0.006678992359005326,0.6160967162240814,0.0008796016721672466
886,0.0,2567.276337863896,0.0,0.004034441193344213,0.7740091897455187,-0.0032133992034875983,0.6634704582805125,-0.00034829859052920695
887,0.0,2567.625514607331,0.0,0.005046058069865256,0.6964311929100344,-0.0016291908493912869,0.673358678669369,-0.0007325662681878309
888,0.0,2569.0393399680743,0.0,0.003180487872918678,0.8030905035092111,-0.0025521348752397376,0.7122782261213216,-0.0012784368503034028
889,0.0,2566.136599198316,0.0,6.646177632747024e-06,0.9548749070541959,0.006863734668454653,0.7850572304011838,0.0011642146053240142
890,0.0,2568.3340935677,0.015511699185636777,0.003391169134864596,0.30441022103507404,-0.0032949171590398525,0.6408631275913509,-0.00017352492398514576
891,0.0,2567.0188741722773,0.0,0.0017697867002209118,0.6893013118812336,0.0015345470650845981,0.6553945828783156,0.00033889667273577734
892,0.0,2561.640870492466,0.0,0.0,0.9075719924141447,0.0113708087673949,0.7310478057390644,0.003648470301133514
893,0.0,2562.63059351809,0.0,0.0031534347547137395,0.9155358533364059,-0.002566959933364455,0.7863942200182668,0.0017838412307841231
894,0.0,2560.1103770212467,0.0,0.0015562068845654759,0.7083138825501648,0.0013756344201274074,0.7629701187778362,0.0016613791875871083
895,0.0,2559.886206682677,0.039066924504033894,0.004233947291724167,0.28665474389884893,-0.0014603705428623613,0.62007550631414,0.0007248542684522674
896,0.0,2560.1488951100196,0.0,0.004183270033758171,0.7333517235020578,-0.002308073138553106,0.6540583714705153,-0.0001850239536493447
897,0.0,2563.0471276902176,0.0,0.006790475983637651,0.6820360899670246,-0.006785331740315792,0.662451687019468,-0.002165116289649279
898,0.0,2562.674947377819,0.0,0.0017660304840104843,0.8277041905705599,0.0010583221146176576,0.7120274380847955,-0.0011980847683691978
899,0.0,2563.585452754534,0.0,0.003230440616788344,0.6245979796171107,0.0004083634655766068,0.68579860054449,-0.0007161502981854564
900,0.0,2562.2830814685176,0.0,0.0003812614391219628,0.6020787258415325,0.003991118075343962,0.6606826381336027,0.0006960302138733693
901,0.0,2562.5578971462155,0.0,0.003080161186796186,0.6964311929100344,0.00014445597316084839,0.6714072045665322,0.000530557941659613
902,0.0,2564.4806914444675,0.0,0.005275628909756332,0.8071927846861038,-0.0047529595083790465,0.7121428786024037,-0.0010544972933519848
903,0.0,2565.2709483916137,0.0035927874192336344,0.0037070963036874337,0.5487749384088796,-0.002155095775226284,0.6631324965443464,-0.0013846768379142745
904,0.0,2563.026787631194,0.0,0.0012905055242229922,0.62153043248208,0.0058314644663618916,0.6506518773256664,0.0007801655533685753
905,0.0,2569.018999498987,0.0,0.011074116481372884,0.5557074989798604,-0.011073909916464682,0.6221685638219245,-0.0027760570875814015
906,0.0,2568.1773776729556,0.01198273250591126,0.003484178693825089,0.45439660347344146,0.0010563753981227668,0.5718369757173796,-0.0016263273418701508
907,0.0,2571.3718083568133,0.00012809561823393342,0.004654276650785315,0.5617198403889264,-0.0036955741525617957,0.5688018351188435,-0.0022471013850776443
908,0.0,2573.87917389376,0.0,0.004776887911610196,0.6807854932058005,-0.0034359579964789856,0.6023969325449305,-0.0026037583684980466
909,0.0,2576.8804702745824,0.0005827552920417543,0.006274328579368845,0.565218498575278,-0.003803480251903624,0.5912434023540347,-0.0029636749335197193
910,0.0,2576.2104778761886,0.0,0.00023839359623374626,0.7068585624005485,0.004231552252735415,0.6259279503679889,-0.0008051067776431789
911,0.0,2578.940990488895,0.0,0.0038342420688647055,0.7582338288848938,-0.0025678604383200746,0.6656197139230603,-0.0013339328758462474
912,0.0,2580.527628460702,0.0014079771842433247,0.0034194389273477332,0.44335922532519784,-0.0024112623447258975,0.5989415673437015,-0.0016571317165101425
913,0.0,2587.0758136956515,0.015216563374728377,0.012183492005616517,0.4379874787658754,-0.012183492005616517,0.5506553407703537,-0.004815039803242055
914,0.0,2587.2777138158344,0.0,0.0021215070621336293,0.6410196240130944,0.0015061802794520008,0.5777646257431759,-0.002918673778433838
915,0.0,2588.498944497705,0.02667250204412509,0.00044486635703108214,0.3311106558672249,0.0025930472819148606,0.5037684347803906,-0.0012651574603292283
916,0.0,2589.0919441453043,0.004209998497189186,0.0008135472372910745,0.594593073149848,0.001857584147549752,0.5310158262912278,-0.0003283349779655342
917,0.0,2588.076520779414,0.0,0.0007920408590030872,0.7636183796730401,0.003447018324196414,0.6007965923057714,0.0008042710126830502
918,0.0,2588.8422957225553,0.04501388151600983,0.003986476974815755,0.32533814559236995,-0.0012868601550257972,0.5181590582917509,0.0001769316623703959
919,0.0,2589.4035239804707,0.0371890727841546,0.0026817375136036683,0.37149521809978114,-0.0020143799947997614,0.47415990623415993,-0.00048046183478065124
920,0.0,2590.890631531885,0.0,0.003398026648816356,0.7100907485266692,-0.0032624253039668883,0.5449391589219127,-0.0013150508755365223
921,0.0,2592.140219290977,0.0,0.003115629565510366,0.8810338458701489,-0.0020480329670635278,0.6457675650063835,-0.0015349455029946238
922,0.0,2595.7343428341233,0.0,0.00667200077304901,0.9179543764621706,-0.006053956656913205,0.7274236084431196,-0.002890648849170198
923,0.0,2596.902434891712,0.0,0.0017290171299304512,0.7497608482096239,-0.0007141798523092417,0.7341247803730708,-0.002237708150111911
924,0.0,2600.0205831130897,0.0,0.00429608186309687,0.7661699729171885,-0.0033918117370636937,0.7437383381363061,-0.0025839392261974457
925,0.0,2599.9306561596895,0.1282602739004051,0.0003932641888032396,0.16382896822052107,0.002625957943708893,0.5697655271615706,-0.001020970075225544
926,0.0,2606.030231239744,0.026390439863745344,0.009974797185577889,0.37565625123527213,-0.009973304303022948,0.511532744383681,-0.003706670343564765
927,0.0,2608.0837141732145,0.0,0.003651097529375349,0.6841243493793608,-0.003060134352054494,0.563310225882385,-0.003512709546111684
928,0.0,2613.4009900498886,0.13879681940500674,0.00719040793999724,0.03926677417293362,-0.007070180237437433,0.40609719036954955,-0.004579950753509409
929,0.0,2616.45179671595,0.0016789762830520377,0.0035191639004082823,0.5077510263022359,-0.0025059434956975586,0.43659334114935544,-0.003957748576165853
930,0.0,2619.4545685661055,0.0,0.002024796431326481,0.470216655529676,-0.0013200864622446497,0.44668033546345154,-0.003166449941989492
931,0.0,2618.0970228374485,0.0,5.7598182674007505e-05,0.8819010523044135,0.007082810449123818,0.57724655051574,-9.167182465549904e-05
932,0.0,2619.892555061043,0.008602303341755406,0.002882462826742466,0.37115953143511843,-0.0004384871168888737,0.5154204447915535,-0.00019571641232551143
933,0.0,2622.115463379259,0.00026730066581259277,0.005181794586600082,0.46105348990647554,-0.004527412661754166,0.49911035832603007,-0.0014952252871541075
934,0.0,2623.3094407536455,3.867622823394803e-05,0.003358724426576292,0.7019732664843873,-0.0022212805468334947,0.5599692307735372,-0.0017130418650579235
935,0.0,2622.372380279767,0.0,0.0009375705442860283,0.6176132338649146,0.00358111240574248,0.5772624317009504,-0.0001247955838178025
936,0.0,2623.0225072830967,0.0,0.002762358512714429,0.5176263035376973,0.0004351871684912967,0.5593715932519745,4.319924187492728e-05
937,0.0,2622.55202943179,0.12666917316993923,0.0015642027397035115,0.2504145116195454,0.0011083576216217531,0.46668446876224573,0.000362746755798975
938,0.0,2624.455390648169,0.025296254382395373,0.005444923103479492,0.46341267964247623,-0.004025449525902283,0.46570293202631485,-0.0009537121287114024
939,0.0,2621.1316389405933,0.0,0.0007502141977796406,0.8267775795658794,0.006586359525521398,0.5740253262881843,0.0013083093675584376
940,0.0,2619.3373062959477,0.0,0.0004819115488414135,0.750023724667377,0.004677130253437629,0.6268248458019421,0.002318955633322195
941,0.0,2616.424499435009,0.0,0.00041171336497978415,0.635016931045676,0.004608902217695031,0.6292824713750622,0.003005939608634046
942,0.0,2611.8051417634974,0.0,0.0003360118637407322,0.5438178533660797,0.007082835547244749,0.6036430859723674,0.004229008390217256
943,0.0,2611.023593496533,0.05273739567943458,0.0033663788633231354,0.43519181421083913,-0.0016791702190762474,0.5531077044439089,0.0024565548074292048
944,0.0,2611.17082898715,0.0,0.005013577279874146,0.671083926619627,-0.004814314128904621,0.5885005710966242,0.0002752941265290571
945,0.0,2611.196727921057,0.021192163187306483,0.0027782626573223555,0.3895478249738676,-0.0026243379586511225,0.5288147472597972,-0.0005945954990249967
946,0.0,2613.4558454636635,0.0,0.006045572947575979,0.7010169560241376,-0.0049684847831054525,0.5804754098890993,-0.0019067622842491333
947,0.0,2617.1440990873325,0.04039867411103903,0.0069851313983150575,0.5036239775961383,-0.006985042975981699,0.557419980201211,-0.003430246491768903
948,0.0,2619.545188986796,0.0,0.005164267400083718,0.7640237382492632,-0.0028731329739660636,0.6194011076156266,-0.0032631124364280507
949,0.0,2620.4601125339022,0.00019548801746353857,0.0004193057520100962,0.48042285797132134,0.001803045723972613,0.5777076327223349,-0.0017432649883078514
950,0.0,2624.955679100215,0.04376235065404417,0.0062496905267141545,0.4119783133893409,-0.005894052184025761,0.5279888369224367,-0.002988501147023224
951,0.0,2628.2142579087904,0.010373993495368241,0.005587403703708474,0.6307946940797722,-0.004848283940585973,0.5588305940696373,-0.0035464359850920484
952,0.0,2631.9763990606043,0.000855612253872674,0.00475844521583208,0.5226081170258902,-0.00457700387208331,0.5479638509565131,-0.0038556063511894266
953,0.0,2634.9914075002503,0.0,0.00401003559803012,0.7083726909152552,-0.002426413166826257,0.5960865029441357,-0.0034268483958804757
954,0.0,2638.0985836927543,0.0030691947026178696,0.003839860949608862,0.5999038291500045,-0.002314241768732069,0.5972317008058963,-0.0030930664077359537
955,0.0,2639.649831221341,0.0004553693345490983,0.0014069085767465723,0.44584513348277777,0.000466745828140955,0.5518157306089607,-0.002025122736972881
956,0.0,2640.410812755391,0.0,0.002244460674667246,0.6679747844406603,0.001720946092828818,0.5866634467584706,-0.0009013020880323713
957,0.0,2645.1602477332654,0.08922023303190768,0.00830195710547154,0.3095461392926797,-0.007747599099223042,0.5035282545187333,-0.0029551911913895724
958,0.0,2646.6221575755144,0.012533962700302421,0.002663345304104643,0.4879510829761386,-0.0019836561966783597,0.4988551030559548,-0.0026637306929762085
959,0.0,2649.466453947267,0.0,0.004063635535565826,0.8033032129661822,-0.0027363045045795415,0.590189536029023,-0.0026855028364572084
960,0.0,2649.490820750303,0.0,0.0021060870824494895,0.7210827239744195,0.0028358512503768437,0.6294574924126419,-0.0010290966104069925
961,0.0,2651.27475087567,0.0,0.0018247782232691204,0.820523242461626,-0.0008762432811035823,0.6867772174273371,-0.0009832406116159695
962,0.0,2652.4123037644667,0.0,0.0023653443036778894,0.6546259913182966,-0.001256957857002105,0.6771318495946249,-0.0010653557852318102
963,0.0,2652.105061598653,0.0,0.0006441327449516353,0.705075901374364,0.0017086866402645725,0.6855150651285467,-0.00023314305758289538
964,0.0,2650.249736343257,0.018064505717644383,0.0017548849695865768,0.4698732936856535,0.004984720852421932,0.6208225336956787,0.001332216115418553
965,0.0,2651.981514555087,0.018888172496276875,0.004115450027368036,0.3090977220587363,-0.0034205229278050095,0.5273050902045959,-9.360559754851585e-05
966,0.0,2654.2470075603583,0.12884790484131467,0.006103601981312237,-0.005602424717004293,-0.006103601981312237,0.36743283572811586,-0.0018966045126776322
967,0.0,2657.09430509841,0.01663862483447663,0.0057816810099017785,0.45691107480318566,-0.005755338852133654,0.3942763074506368,-0.003054224814514439
968,0.0,2657.2456729540468,0.012613177494208204,0.00226991975282629,0.40766926840979406,0.001787539368734263,0.398294195738384,-0.0016016955595398283
969,0.0,2658.7688796467414,0.0,0.0021413875924843717,0.6666058305216215,7.487422031875147e-05,0.4787876861733552,-0.0010987246255822543
970,0.0,2662.8967017158693,0.009469566813933314,0.007238270981939736,0.4980075652988716,-0.00688541624342876,0.4845536499110101,-0.002834732110936206
971,0.0,2666.403787466065,0.02438505617083381,0.0069990265266188,0.33052135378138253,-0.006043809989970044,0.4383439610721218,-0.003797455474646357
972,0.0,2670.4649479301497,0.0,0.006173328441862698,0.7724682714401789,-0.0053496777065084895,0.538581254182539,-0.004263122144204996
973,0.0,2671.450649992296,0.0016789762830520377,0.0025439780293640708,0.6003412048909059,0.002079766912627317,0.557109239395049,-0.002360255427155302
974,0.0,2672.8967582699606,0.0,0.0013215508816990667,0.5893915688346911,0.0015263706312091333,0.5667939382269416,-0.0011942676096459712
975,0.0,2678.6489960719296,0.1078097816767366,0.009475468200412137,0.06607175362592675,-0.009475468200412137,0.41657728284663714,-0.003678627786875821
976,0.0,2680.1030433951514,0.0013040290419116614,0.0037346759349923464,0.5458436300895508,-0.0016319603388773275,0.4553571870195112,-0.0030646275524762725
977,0.0,2686.305661094083,0.05473893789826087,0.008994850170954888,0.43297467098737474,-0.008962523446758746,0.4486424322098702,-0.004833996320761015
978,0.0,2687.304261657805,0.04255627413437132,0.002318541908712973,0.45934116093893207,0.0013133190394393492,0.4518520508285887,-0.0029898017127009055
979,0.0,2691.385604000651,0.0,0.004138013764079471,0.5473754860531389,-0.00334280864210633,0.4805090813959537,-0.0030957037915225324
980,0.0,2691.7812654832815,0.0,0.0012438898883754467,0.9466703447004122,0.002419069686562837,0.6203574603872912,-0.0014412717480969213
981,0.0,2694.6411425367955,0.0,0.004456265570512995,0.6580272485198551,-0.002673332755814918,0.6316583968270604,-0.00181089005041232
982,0.0,2695.653179102248,0.0,0.002035381728654591,0.8309725616763142,-0.0005316310216589133,0.6914526462818364,-0.001427112341786298
983,0.0,2695.651913385833,0.0,0.0003855224649418328,0.9261589388159537,0.0019484437259523245,0.7618645340420716,-0.0004144455214647111
984,0.0,2693.4241928911697,0.0012584971508478233,1.3681706597023412e-05,0.5074052981244009,0.006144928283303346,0.6855267632667703,0.001553366619965706
985,0.0,2696.16517543948,0.051167452538143726,0.0056206109911994566,0.26331267551754767,-0.005343389833286729,0.5588625369420035,-0.0005156603160100246
986,0.0,2696.5869904222354,0.0,0.003284310288732712,0.7784768164478628,-0.0024753855967040686,0.6247468207937612,-0.0011035779002182377
987,0.0,2701.5165357772808,0.0,0.009686757581324939,0.6472038187873381,-0.009686757581324939,0.6314839201918343,-0.003678531804550248
988,0.0,2702.035361594765,3.867622823394803e-05,0.0027261412715889983,0.4966793866550277,0.00022194535149240203,0.5910425601307923,-0.002508388657737453
989,0.0,2704.754081395281,0.0,0.003064564940326389,0.7370380457349385,-0.001727679427263031,0.6348412058120361,-0.002274175888595126
990,0.0,2706.85989884769,0.0,0.0038471054021603154,0.8277041905705599,-0.0016794575120171213,0.6927001012395931,-0.0020957603756217246
991,0.0,2712.054648337625,0.0,0.008374497053789242,0.6410616251856777,-0.00836613820442818,0.6772085584234184,-0.003976873724263661
992,0.0,2710.275865443097,0.0,5.100060338092918e-05,0.4342229273297565,0.006054584493385146,0.6043128690953198,-0.0009674362589690189
993,0.0,2715.217660388587,0.06870872293960298,0.006139301482746913,0.2600198338569577,-0.006112519496206332,0.5010249585238111,-0.002510961230140213
994,0.0,2716.7067633278807,0.0,0.005028309586124058,0.9027125495478753,-0.0019899283025138844,0.6215312358310303,-0.002354651351852314
995,0.0,2715.618276457159,0.0,0.00034438139017778656,0.762067691740298,0.004981376068392851,0.6636921726038105,-0.00015384312577876422
996,0.0,2716.136209288781,0.0,0.0011366084924859597,0.6987288780796573,0.0013801452225411927,0.6742031842465646,0.0003063533787172229
997,0.0,2711.4172598021587,0.0,3.647856692473576e-06,0.5422457636839133,0.009978633295703827,0.6346159580777692,0.003208037353813204
998,0.0,2714.1551333567727,0.0,0.006196645147534677,0.8405584285388534,-0.006156689564685382,0.6963986992160944,0.0003986192782636281
999,0.0,2713.7821344937784,0.0,0.003347380227126214,0.8440334080225006,-0.002581233748912146,0.7406891118580162,-0.0004953366298891041
1000,0.0,2713.6393490039436,3.867622823394803e-05,0.0026420036255449665,0.5049736049640483,-9.71196181238707e-05,0.6699744597898257,-0.00037587152635953404
1001,0.0,2713.9886252048987,0.0,0.002237365631124822,0.5021640827751379,-0.0001960217822568311,0.6196313466854193,-0.0003219166031287231
1002,0.0,2716.794272725781,0.006228879111038447,0.006364641345078392,0.6115779368859805,-0.005440152970083436,0.6172153237455876,-0.001857387513215137
1003,0.0,2717.4200192803564,0.0,0.0018634737906851073,0.9207562533686228,-0.0008909177140556339,0.7082776026324982,-0.001567446573467286
1004,0.0,2720.9871121541896,0.018970526747384153,0.006293045672627911,0.6237250289452335,-0.0054313545536584925,0.6829118305263188,-0.002726618967524648
1005,0.0,2725.938402442568,3.867622823394803e-05,0.00866301724710928,0.4479625900508291,-0.00856882212978123,0.6124270583836718,-0.0044792799162016225
1006,0.0,2726.9623184373354,0.0,0.0020436456206395235,0.5894610779469968,0.0008937064319146077,0.6055372642526693,-0.002867384011766753
1007,0.0,2734.024715260823,0.0,0.009966140340285768,0.6172993093327377,-0.009927935802398771,0.6090658777766897,-0.004985549548956358
1008,0.0,2734.4229372677732,0.0,0.0010882589848259063,0.7871341222834793,0.002364960395650914,0.6624863511287267,-0.002780396565574176
1009,0.0,2736.363945366745,0.0,0.0016741070670847954,0.7737898874199681,0.0012653637642034,0.6958774120160991,-0.0015666684666409032
1010,0.0,2740.4916690411355,0.0,0.005722737656412194,0.5931136171555533,-0.005637900046395579,0.6650482735579354,-0.0027880379405673056
1011,0.0,2741.5773704748217,0.0,0.003927907515381899,0.6198202616557743,-0.0005137634199051539,0.651479869987287,-0.00210575558436866
1012,0.0,2745.4314606577896,0.0,0.005557006139828994,0.68185311692089,-0.00503740854374352,0.6605918440673678,-0.002985251472181118
1013,0.0,2749.8306498645147,0.026365062700682496,0.006927005490439101,0.38662941630935793,-0.006847096635619822,0.5784031157399648,-0.004143805021212729
1014,0.0,2756.1032216615595,0.024309587090067992,0.009800973378763903,0.28734833887924566,-0.009785562417770606,0.49108668268174904,-0.005836332240180092
1015,0.0,2758.74561041791,0.0,0.0029890514825265447,0.5661388274268113,-0.0009453325019587579,0.5136023261052677,-0.004369032318713691
1016,0.0,2762.353148366406,0.0,0.002671219112378891,0.7865281749289837,-0.001254148295899228,0.5954800807523825,-0.0034345671118693522
1017,0.0,2764.4021236196945,0.0,0.0020346176887970266,0.8453844118705587,0.000425483850636597,0.6704513800878353,-0.0022765518231175675
1018,0.0,2770.0179650076566,0.0,0.008270862071298775,0.7303402582284666,-0.008027139157427265,0.6884180435300247,-0.004001728023410476
1019,0.0,2774.263598131552,0.0,0.006406961338075659,0.8464316114937505,-0.006306922191391201,0.7358221139191423,-0.004693286273804694
1020,0.0,2776.6132801800622,0.0,0.002388821535293919,0.6586115854522312,-0.0005311506486019795,0.712658955379069,-0.0034446455862438795
1021,0.0,2783.411792889437,0.0,0.009187607105882949,0.7305001938642213,-0.009131201376556982,0.7180113269246147,-0.00515061232333781
1022,0.0,2788.103373837239,0.0,0.006020871927584878,0.5562981922767339,-0.005971345642110986,0.6694973865302505,-0.005396832318969763
1023,0.0,2790.928907031834,0.010468175501898509,0.0025588771859234023,0.4409324200078122,-0.00029643830530594323,0.600927896573519,-0.0038667141148706168
1024,0.0,2794.1339681116297,0.012155267213462329,0.0033311914885953975,0.24424866829817823,-0.0008943971625263179,0.4939241280909167,-0.0029750190291673267
1025,0.0,2800.0649577193394,0.0,0.008204442020190756,0.5324030370268495,-0.008204442020190756,0.5054678007716965,-0.004543845926474355
1026,0.0,2804.856167982137,0.03027648783435823,0.007011662159719879,0.3462690140343615,-0.00669338297850955,0.45770816475049597,-0.005188707042084913
1027,0.0,2804.7232122519954,0.0,0.0002549284382258712,0.5445063159123,0.0052263600712933525,0.48374761009903716,-0.0020641869080714327
1028,0.0,2807.310366304723,0.0,0.0019271260875474928,0.9712840317617603,0.00010100668015833695,0.630008536597854,-0.0014146288316025017
1029,0.0,2813.611426067315,0.0,0.010918070274841403,0.6236536037280934,-0.010918070274841403,0.6281020567369258,-0.004265661264574172
1030,0.0,2815.210537672577,0.003707224293266331,0.003119025518525369,0.45903825348387844,-0.0016801749253541783,0.5773829157610115,-0.003490015362808174
1031,0.0,2815.6526296223883,0.0,0.0003069269035503973,0.6906077049738927,0.003667789561942257,0.6113503525248758,-0.0013426738853830446
1032,0.0,2820.3129050581297,0.013848604669408827,0.0060175297429776835,0.461470614238427,-0.0060175297429776835,0.5663864310389412,-0.002745130642661436
1033,0.0,2822.778560689059,0.0,0.005794351318893339,0.5114139382327021,-0.0036237834903846307,0.5498946831970695,-0.003008726496978394
1034,0.0,2820.4921317769754,0.0,0.0,0.7622869040727498,0.007748268256987222,0.6136123494597736,0.000218371929211291
1035,0.0,2821.3887968224158,0.0,0.002903865586553462,0.7890571888669085,0.0012569390926350046,0.666245801281914,0.0005299420782384051
1036,0.0,2826.309543146819,0.06944016372880056,0.010501106522029591,0.3588784581178202,-0.010501106522029591,0.5740355983326858,-0.0027793725018419937
1037,0.0,2827.666431869134,0.06840720259567894,0.004152180261481944,0.3306638546757834,-0.0032630673154109484,0.501024075235615,-0.00292448094591268
1038,0.0,2829.9018471653753,0.0,0.0023503264405093675,0.4535860637600835,-0.0016400821383372572,0.4867926717929555,-0.002539161303640053
1039,0.0,2830.880947176696,0.0,0.0026169351497202114,0.7736341331742146,0.0011123410160600224,0.5728451102073332,-0.0014437106077300303
1040,0.0,2834.203340943412,0.002906095146582698,0.0050608241638445675,0.4235570134929736,-0.004216539380712851,0.5280586811930252,-0.0022755592396248763
1041,0.0,2831.878079872734,0.007772734008722076,0.0009960826575012192,0.5386244563558228,0.0064429740819496395,0.5312284137418645,0.0003400007568474784
1042,0.0,2833.0078284711317,3.867622823394803e-05,0.001537917291305911,0.6595106623180119,2.564596412056223e-06,0.5697130883147087,0.00023876990871685172
1043,0.0,2834.3480242590513,0.05354206787808823,0.004882614816015705,0.31063689218266866,-0.003156190759411647,0.49199022947509663,-0.0007797182917216979
1044,0.0,2836.007019658975,0.0,0.004452653951017466,0.5969584599667991,-0.003672470809266284,0.5234806986226074,-0.0016475440469850737
1045,0.0,2834.8874106146827,0.0016789762830520377,0.00031439779165285444,0.5548072666450115,0.0032133730647758993,0.5328786690293286,-0.00018926891345678182
1046,0.0,2835.0187804345087,0.0,0.0023263351285914046,0.7464215796188783,0.001450390795701165,0.5969415422061934,0.00030262899929060224
1047,0.0,2836.930716706171,0.0,0.0044131806444561135,0.7784768164478629,-0.003798654989417532,0.6514021244786943,-0.0009277561973218381
1048,0.0,2836.854651047196,0.0,0.0022072336631947737,0.709881262684211,-0.00011811190984086719,0.6689458659403493,-0.0006848629110775468
1049,0.0,2840.076961670614,0.0,0.005776811704139122,0.7324325858392767,-0.005718198471947959,0.6879918819100275,-0.0021948635793386704
1050,0.0,2841.6297218781415,0.0,0.003566807803921685,0.6749785803906432,-0.0024300655841715127,0.6840878914542121,-0.002265424180788523
1051,0.0,2843.150210657392,0.00026730066581259277,0.0035025520013660326,0.5782517995022717,-0.0007869760540939617,0.65233706386863,-0.0018218897427801546
1052,0.0,2843.9366347669497,0.0,0.001550160432740833,0.6522769201481601,0.0007973453660253719,0.6523190207524889,-0.0010361192101384965
1053,0.0,2845.4279250802415,0.18418767474538247,0.0022387958883641344,0.1102914356492563,-0.0011658813702062818,0.4897107452215191,-0.0010750478581588322
1054,0.0,2847.231230401408,0.0,0.004849445524636181,0.6370035736937188,-0.00263280158111319,0.5338985937631789,-0.0015423739750451393
1055,0.0,2855.6423979141696,0.05251780168362427,0.016339158550377018,0.1910424014286385,-0.016339158550377018,0.43104173606281676,-0.005981409347644703
1056,0.0,2856.951887160985,0.0,0.002873055893041265,0.8420491214045353,-0.000872237650708187,0.5543439516653323,-0.004448657838563748
1057,0.0,2858.5925308021247,0.0,0.0010588598238871353,0.8161538782550275,0.0029979878946962937,0.6328869296422408,-0.0022146641185857357
1058,0.0,2857.017509984865,0.0,0.0007523092395964536,0.6335420349534939,0.008007589622734762,0.6330834612356167,0.0008520120038104134
1059,0.0,2862.662637435107,0.1110696461723734,0.009551018484120224,0.08294957914372246,-0.009489240897970153,0.46804329660804833,-0.002250363866723756
1060,0.0,2861.705287760378,0.0,0.0021184516956120115,0.8236019093936684,0.0012007311461634223,0.5747108804437343,-0.0012150353628576026
1061,0.0,2864.1145903999895,0.022296735197922,0.004106053240632278,0.5257896969807293,-0.0026246249979004262,0.5600345254048328,-0.0016379122533704497
1062,0.0,2869.869836567692,0.08876498087457674,0.010656808561526846,0.12537072908590785,-0.01065618800251392,0.4296353865091553,-0.004343394978113491
1063,0.0,2870.8851910151543,0.0,0.002697828913895369,0.9138520952852808,-0.00022818837753099333,0.574900399141993,-0.0031088329979387414
1064,0.0,2874.15963057374,0.0,0.0024862228752047222,0.8996770539839816,-0.002167844603271085,0.6723333955945896,-0.0028265364795384447
1065,0.0,2880.377274866609,0.010373993495368241,0.0095972855506434,0.6558250623519845,-0.0095972855506434,0.667380895621808,-0.0048577612008699304
1066,0.0,2881.3737223022176,0.0,0.0022262089209963824,0.7850778810045318,0.0010707833920377255,0.7026899912366251,-0.0030791978229976332
1067,0.0,2884.3029177806666,0.0,0.00308758115658144,0.6773331928486138,-0.0009140227532379695,0.6950829517202217,-0.002429645302069734
1068,0.0,2887.985769369527,0.005034846452397623,0.004742558030127531,0.3690599663627755,-0.004363874523583429,0.5972760561129878,-0.0030099140685238427
1069,0.0,2888.0217278923196,0.0,0.0008260040571540226,0.8857042015775588,0.002581380020025316,0.6838044997523591,-0.001332525841959095
1070,0.0,2887.2739381578044,0.0,0.0004485126479482683,0.8318093778469289,0.004748744345034731,0.72820596318073,0.0004918552141390527
1071,0.0,2887.2419318384177,0.0,0.00032487103624450703,0.5555104281211436,0.0014342336168404704,0.676397302662854,0.000774568734949478
1072,0.0,2888.252713739549,0.002098645849303127,0.00468988572214872,0.6632726730133661,-0.0026504185060407543,0.6724599137680076,-0.00025292743734759175
1073,0.0,2890.6920989005052,0.0,0.0059099065330887116,0.7901265683080724,-0.005878356207674969,0.7077599101300269,-0.0019405560684458045
1074,0.0,2893.369891964341,0.0,0.005788497719166572,0.7163692655525928,-0.005234412966235269,0.7103427167567966,-0.0029287131377826437
1075,0.0,2892.973734964235,0.0,0.001011072948772212,0.5947887442110745,0.002968769368926319,0.67567652499308,-0.0011594683857699545
1076,0.0,2893.9482275396895,0.0005942340620394973,0.0019136887897353266,0.5232265162996348,0.0010688611690683305,0.6299415223850464,-0.0004909695193184689
1077,0.0,2896.3095000241715,0.0,0.0038551482519669673,0.8137863016378402,-0.003691081044190307,0.6850949561608846,-0.0014510029767800202
1078,0.0,2893.884808214641,0.0,0.00012869570717196122,0.6762580205156012,0.005623326309845164,0.6824438754672995,0.0006712958092075351
1079,0.0,2894.517098292007,0.0,0.001358487377726844,0.69722667488598,0.00016621978091589857,0.6868787152929036,0.0005197730007200441
1080,0.0,2892.2309345349195,0.004842569879360137,0.0016329516326077608,0.44704373173068024,0.00404191748431222,0.6149282202242365,0.0015764163457976967
1081,0.0,2889.5814212387545,0.0,0.0009089337380504473,0.8081944394761372,0.004912705143518823,0.6729080859998067,0.0025773029851140347
1082,0.0,2886.2332124195805,0.0,0.0011899619726171483,0.6493124893683897,0.005225947055360357,0.6658294070103815,0.0033718962061879314
1083,0.0,2885.5059920991,0.0030691947026178696,0.0022784765425383304,0.47496401740890243,-0.0013101439504168459,0.6085697901299377,0.001967284159206498
1084,0.0,2883.99855917219,0.0,0.002716580174233752,0.7094689630967894,-0.0004538767903511032,0.6388395420199932,0.0012409358743392176
1085,0.0,2884.5061561393727,0.0,0.0036154506743107293,0.8332502386718307,-0.0031584536755678255,0.6971627510155444,-7.88809906328953e-05
1086,0.0,2885.9305456444313,0.0,0.00445510985319573,0.9384657823466289,-0.004256832963365253,0.7695536604148697,-0.0013322665824526026
1087,0.0,2887.1867166715824,0.0030691947026178696,0.004381476812536732,0.5171581540451308,-0.0024793441670535768,0.6938350085039481,-0.001676389857832895
1088,0.0,2886.8335772485866,0.0,0.0012991188754427948,0.674601113237777,0.00219333439870595,0.6880648399240967,-0.0005154725808712413
1089,0.0,2891.2747142063117,0.0,0.007689266448388592,0.6958801089634589,-0.007484651202482606,0.6904094206359053,-0.0026062261673546507
1090,0.0,2893.5449800720216,0.0,0.004200789274556703,0.7509760403043116,-0.004084177191515394,0.7085794065364271,-0.0030496114746028733
1091,0.0,2895.3931916200895,0.0,0.002042844219368917,0.8339573082327094,-0.0010085546560380022,0.7461927770453118,-0.002437294429033412
1092,0.0,2897.8341289730674,0.0,0.003618157206289297,0.6560818018055691,-0.0018070535981166156,0.7191594844733891,-0.0022482221797583734
1093,0.0,2901.838237640374,0.0,0.005754449385282211,0.8377767293487083,-0.005709368769155029,0.7547446579359848,-0.00328656615657737
1094,0.0,2904.397402406431,0.0,0.004128058943493085,0.8248944117201389,-0.0028527549021801456,0.775789584071231,-0.0031564227802582025
1095,0.0,2905.384170691627,2.6924048671290097e-05,0.001589721690906314,0.5446755304395895,0.0014992567681213064,0.7064553679817385,-0.0017597189157443497
1096,0.0,2906.2801162678747,0.0004553693345490983,0.0008355560052823997,0.605396681261272,0.0014947087337417932,0.6761377619655985,-0.0007833906208985068
1097,0.0,2910.448209682186,0.0006640695214403609,0.00692162143630196,0.6004276128204907,-0.006817846133377589,0.6534247172220662,-0.0025937272746422314
1098,0.0,2907.2967063473784,0.0,0.0,0.7476781340646179,0.007489735814062364,0.6817007422748317,0.00043131165196914727
1099,0.0,2905.6472571095246,0.0,0.0006009400987359354,0.6887202173025744,0.0061201805044481545,0.6838065847831545,0.0021379723077128493
1100,0.0,2906.7116487862286,0.017905504450395935,0.0040113888278739945,0.4105939125210529,-0.0027558478100898425,0.601842783104524,0.0006698262723720416
1101,0.0,2902.088579972171,0.0,0.0001595216263017587,0.7825790976247552,0.007376429447404699,0.6560636774605934,0.002681807224881839
1102,0.0,2901.1371540249484,0.0,0.0010490925616687334,0.9138520952852808,0.0011726597219557933,0.7334002028079996,0.002229062974004025
1103,0.0,2900.2552737658325,0.04971246531392312,0.002512330124951799,0.4742656493607691,-0.0010491762766773579,0.6556598367738304,0.00124559119879961
1104,0.0,2898.908644606258,0.0034759092647077827,0.0017283676635838424,0.4295637887605179,0.00043163718457561875,0.5878310223698366,0.0010014049945324124
1105,0.0,2901.4766808063,0.007165102810754384,0.006701256177560462,0.4844546896443906,-0.006689291456943593,0.5568181225522029,-0.0013058039409103894
1106,0.0,2903.985430726242,0.0,0.006242266317642476,0.9343635011697369,-0.006215284038312483,0.6700817361374631,-0.0027786479701310176
1107,0.0,2904.73022283452,0.0,0.0030746690946021242,0.7448756291888143,-7.566078837557117e-05,0.6925199040528685,-0.0019677518156043837
1108,0.0,2906.793272990161,0.0,0.00303527564978851,0.6562893718978317,-0.001321606529714613,0.6816507444063573,-0.0017739082298374523
1109,0.0,2908.627208222412,0.0,0.0026243980416884205,0.6562250327341025,-0.0016970440830244285,0.6740230309046809,-0.001750848985793545
1110,0.0,2910.474508485328,0.0013040290419116614,0.0036051573700592544,0.6225901317259893,-0.0019277691005863263,0.6585931611510734,-0.0018039250202313791
1111,0.0,2916.519554804757,0.09871343131347184,0.01069488192943235,0.13266260894584145,-0.01069488192943235,0.5008139954895038,-0.00447121209299167
1112,0.0,2915.045171297448,0.0,0.0009555086061989524,0.7109547261828325,0.005137021373508792,0.5638562146975024,-0.0015887420530415316
1113,0.0,2915.6897107695077,0.0,0.0012717421789217205,0.6656970862574604,0.0033809196156193277,0.5944084761654898,-9.784355244327387e-05
1114,0.0,2917.5383667383026,0.0,0.0026777729939472337,0.6897001902359192,-0.002192350148386032,0.6229959903866186,-0.0007261955312261012
1115,0.0,2920.722632562289,0.0,0.006987799854529263,0.7998360018386351,-0.006501708619042409,0.6760479938222235,-0.002458849457570993
1116,0.0,2921.3306000766047,0.0,0.001847979808870833,0.7064816321478248,-0.00040769324906438765,0.6851780853199039,-0.0018435025950190114
1117,0.0,2925.2182526861748,0.0,0.005506964889137439,0.7394223354593986,-0.0054611621435084355,0.7014513603617523,-0.0029288004595658386
1118,0.0,2929.3835092663717,0.0004553693345490983,0.007008298122570717,0.5982821589481662,-0.006635269319783432,0.6705005999376764,-0.004040741117631116
1119,0.0,2929.7517008507857,0.0,0.001261438947023083,0.8441133152781264,0.0024521322244196223,0.7225844145398114,-0.0020928791150158946
1120,0.0,2928.6369789751498,0.0,0.0005169823875413704,0.6925121766831042,0.006618645868231608,0.7135627431827991,0.0005205783799583563
1121,0.0,2931.0069977888525,0.001966382138663192,0.0043463936366065475,0.4746758262715451,-0.0027791475495696502,0.6418966681094229,-0.0004693393989000457
1122,0.0,2933.84601015856,0.0,0.006535001833434451,0.8410957601595559,-0.006437322441060285,0.7016563957244628,-0.0022597343115481174
1123,0.0,2935.32779401359,0.00019917809808123128,0.003153533980666758,0.5579529416365904,-0.002503998894477317,0.658545359498101,-0.0023330136864268772
1124,0.0,2936.828613660932,0.012747655240493826,0.0029807368584375445,0.4221364810732946,-0.0006756087871652987,0.5876226959706591,-0.0018357922166484036
1125,0.0,2935.842110797421,0.0,0.00019310645973402685,0.8441193871149968,0.004561928231371031,0.6645717033139604,8.352391775742676e-05
1126,0.0,2936.2006969482627,0.012716333411484844,0.0013446660103441379,0.45559000833712376,0.001161748914847854,0.6018771948209094,0.00040699141688455487
1127,0.0,2935.9665883169687,0.0,0.0017985895965544833,0.5920481798384879,0.0003837642584957523,0.5989284903261829,0.00040002326936791404
1128,0.0,2935.803224683674,0.0,0.0030107734350737683,0.5856696011339666,-0.00010027612611479646,0.5949508235685179,0.00024993345072310086
1129,0.0,2934.600094325493,0.000691413120854776,0.0015075830125637337,0.45150874321012147,0.0020794167801722495,0.551918199460999,0.0007987784495578454
1130,0.0,2933.5698822061518,0.0,0.0017480368868328297,0.8328092101761775,0.0018526454687260356,0.6361855026755525,0.0011149385553083024
1131,0.0,2932.919568556566,0.0,0.0014933731833142265,0.678851127065358,0.0004763034452093311,0.6489851899924941,0.0009233480222786109
1132,0.0,2930.2854433247503,0.0,0.0011258968092323703,0.7823660915033166,0.004287893736908094,0.6889994604457408,0.0019327117366674557
1133,0.0,2929.339708178086,0.0016067288058633923,0.0020048665201935403,0.41466838077985896,0.0009279310433158882,0.6067001365459762,0.0016312775286619853
1134,0.0,2927.11628465187,0.0,0.0006066027612714691,0.6489425771788427,0.0025509210568934347,0.6193728687358362,0.00190717058713142
1135,0.0,2930.1994803299435,0.017703903200464045,0.008211549743838711,0.49541941524235494,-0.008202037196138667,0.5821868326877918,-0.0011255917478496058
1136,0.0,2930.785554346342,0.0,0.004689772029625869,0.7305606151778344,-0.0031607239062658873,0.6266989674348046,-0.0017361313953744902
1137,0.0,2931.582745093575,0.00026730066581259277,0.0024124362936048366,0.613333217823783,-0.00041598384458481493,0.622689242551498,-0.0013400871301375876
1138,0.0,2931.8966849940284,0.0,0.0006072692296428432,0.8892384082239309,0.001210265707992171,0.7026539922532278,-0.0005749812786986599
1139,0.0,2934.227019954824,0.20379964544939536,0.004137076943553399,0.0355452777045794,-0.0034349828544840057,0.5025213778886333,-0.0014329817514342636
1140,0.0,2937.4447182404388,0.0,0.006063862088106048,0.8221779640898014,-0.006044891690077007,0.5984183537489837,-0.0028165547330270867
1141,0.0,2934.9028651507597,0.0,0.0009914764170326797,0.6059311406700071,0.0069055730417837986,0.6006721898252907,0.00010008359941617896
1142,0.0,2939.241024136386,0.03661609964495393,0.0065122793846437215,0.47189429302675123,-0.006108090189792179,0.5620388207857289,-0.0017623685373463285
1143,0.0,2943.440708590559,0.02135525040856529,0.008831348476751722,0.31991333399434285,-0.008780164339863564,0.489401174748313,-0.003867707278101499
1144,0.0,2945.965202546941,0.0,0.004195600001654911,0.7157374607567092,-0.0032624073794724874,0.5573020605508319,-0.003686117308512795
1145,0.0,2951.174890877757,0.0,0.007061326974030597,0.79898822233232,-0.0066710673866577285,0.6298079090852783,-0.0045816023319562756
1146,0.0,2955.9501954652037,0.0,0.006010526967776505,0.8851361270470399,-0.005917945596980789,0.7064063744738067,-0.004982505311463629
1147,0.0,2956.739723642214,0.0,0.000827585436799695,0.6751732687494855,0.003335256448327926,0.6970364427565103,-0.002487176783526162
1148,0.0,2964.4561021760355,0.010773595855844979,0.011306560503053915,0.4708057281810069,-0.010782046546707023,0.6291672283838592,-0.00497563771248042
1149,0.0,2965.4274169923174,0.0,0.0022618475491716365,0.6790562596718878,0.0007745548536063609,0.6441339377702677,-0.0032505799426543855
1150,0.0,2971.6627851143994,0.0,0.00767195347289344,0.6608476929771142,-0.00767195347289344,0.6491480643323216,-0.004576992001726102
1151,0.0,2974.092846843058,0.0,0.0030077948836831543,0.6808493808267885,-0.001485899827701651,0.6586584592806617,-0.0036496643495187663
1152,0.0,2978.7736327103867,0.0012850058195755037,0.005310155951739993,0.5808218612743414,-0.004831867873907042,0.6353074798787656,-0.004004325406835249
1153,0.0,2978.0399422544792,0.0,0.00016663255495800403,0.7614022084673374,0.005497102372506757,0.6731358984553371,-0.0011538970730326475
1154,0.0,2984.563792476976,0.0030691947026178696,0.0093721032867037,0.5040005965411521,-0.0093721032867037,0.6223953078810815,-0.003619358937133963
1155,0.0,2985.1619401583516,0.0,0.0015356722643826376,0.8646247211625829,0.00010664173725560623,0.695064131865532,-0.002501558734817092
1156,0.0,2987.663209129526,0.041862470958168904,0.003687857549204681,0.3208414588913503,-0.001336579849814111,0.5827973299732774,-0.0021520650693161976
1157,0.0,2990.8131746354934,0.0,0.0054551796626551565,0.825397564821694,-0.0038669684107763775,0.6555774004278023,-0.0026665360717542516
1158,0.0,2990.783517554973,0.0,0.0011853247596942985,0.612492812608452,0.002414625701278566,0.6426520240819972,-0.0011421875398444062
1159,0.0,2996.0048338455317,0.0,0.008123706814655055,0.5532395536718054,-0.008052509383092536,0.6158282829589397,-0.003215284092818845
1160,0.0,2998.8365633628887,0.01764111187580433,0.005863017982461238,0.37351619527807517,-0.004575687636622759,0.5431346566546803,-0.003623405155960019
1161,0.0,3000.318248114872,0.0006135095489242938,0.002659658615853122,0.4454564590481935,0.00041338624488662136,0.5138311973727342,-0.0024123677357060264
1162,0.0,3004.0322921213174,7.6257873625452525e-06,0.004911566925044784,0.3902204376951344,-0.0038626959869826325,0.47674796946945425,-0.002847466211089008
1163,0.0,3004.699073805454,0.0,0.002037987671769351,0.8359087529243435,0.0012423989748712148,0.584496204505921,-0.0016205066553009414
1164,0.0,3008.4525114272406,0.0030691947026178696,0.004935325415627891,0.45266233989730875,-0.004786029964865388,0.5449460451233373,-0.002570163648170275
1165,0.0,3009.8160657754142,0.0,0.002587707507750992,0.5669794798207337,-0.0010456203074155734,0.5515560755325563,-0.0021128006459438646
1166,0.0,3010.2854078201303,0.0,0.0005176388066613017,0.5773070354382043,0.0017874912339327332,0.5592813635042506,-0.000942713081980885
1167,0.0,3009.559061728352,0.0,0.0006131132726971361,0.5707355444292503,0.0037533347424789872,0.5627176177817504,0.0004661012653570767
1168,0.0,3011.7484918033942,0.0,0.004731002008612507,0.6701432200124481,-0.003598740748665145,0.5949452984509597,-0.0007533513388495899
1169,0.0,3010.418963804521,0.0,0.0017886326442833325,0.5913032302603775,0.002315717485358388,0.5938526779937849,0.00016736930841280365
1170,0.0,3006.0655660897787,0.0037931691908002843,0.0005100464487865099,0.42928045955995503,0.009847345829164491,0.5444810124636359,0.0030713622646383098
1171,0.0,3004.8479857971415,0.04653813153789552,0.0020598861257981075,0.36710790871982424,0.002234309152371035,0.49126908134049235,0.0028202463309581274
1172,0.0,3005.2874047621485,0.0,0.0049926979711718295,0.8112950658629942,-0.0042323021332187705,0.5872768766972429,0.0007044817917050579
1173,0.0,3006.3927806356637,0.0,0.005331346562109504,0.6925962883899958,-0.005269976405893416,0.6188727002050687,-0.0010878556675744844
1174,0.0,3010.208368899239,3.867622823394803e-05,0.008665431592043107,0.5837607900518926,-0.008637650095991068,0.6083391271591159,-0.0033527939960994596
1175,0.0,3012.4682981765613,0.0,0.004107794611216473,0.7292494423251661,-0.0034353032575290716,0.644612221708931,-0.003377546774528343
1176,0.0,3016.614098737539,0.012205107167826254,0.005997478370964703,0.34631694326673174,-0.0050038596404939515,0.5551236381762712,-0.0038654406343180256
1177,0.0,3020.2350619594786,3.867622823394803e-05,0.0042506109094588625,0.5597709643985024,-0.0038643354624761724,0.5565178360429406,-0.003865109082765469
1178,0.0,3022.7757061371026,0.00569430588724022,0.0027146859485895855,0.397807867401461,-0.001105461830854505,0.5089048454504966,-0.0030372149071921798
1179,0.0,3027.2765413928987,0.03103307090369,0.005410813594193795,0.4083257268656032,-0.005224034200560444,0.4787311098750286,-0.0036932606952026588
1180,0.0,3028.9265311559134,0.0,0.0013862831493985529,0.9179543764621704,-0.00011982728232237138,0.6104980898511712,-0.0026212306713385724
1181,0.0,3029.7722657962745,0.0,0.001024922682989011,0.6375570274093258,0.002194417334723479,0.6186157711186175,-0.0011765362695199569
1182,0.0,3032.864902463153,0.005675121232659022,0.0049034833590839,0.5417336539442357,-0.003663522095456629,0.5955511359663029,-0.0019226320173009583
1183,0.0,3031.396560774999,0.0,0.0008530995209567085,0.4979311331761917,0.00436471346512621,0.5662651351292696,-3.64283725728077e-05
1184,0.0,3035.1654169601616,0.0,0.005923875530282869,0.5404657371331884,-0.005847524185542508,0.5585253157304452,-0.0017797571164637179
1185,0.0,3035.5098777038843,0.0,0.002519610610448348,0.7090553077256935,-0.0006055237814725406,0.6036843133290196,-0.0014274871159663646
1186,0.0,3035.443320403355,0.0,0.0013464039912143447,0.7312071701310705,0.002052053335583872,0.6419411703696348,-0.0003836249805012935
1187,0.0,3037.5009973587303,0.02135525040856529,0.00449280780776513,0.3822298211870568,-0.002783876870379288,0.5640277656148613,-0.0011037005474646916
1188,0.0,3037.4913562272245,0.003448442271906786,0.002102831355053304,0.5339861566842099,0.0004656825681369081,0.5550152829356658,-0.0006328856127842116
1189,0.0,3038.4489676462454,0.0,0.0028820546256738697,0.7449794150715985,-0.0008189654854856207,0.6120045225764457,-0.0006887095745946343
1190,0.0,3041.531251815668,0.07043345058833636,0.005761189670164533,0.08058032040639955,-0.005733473274037224,0.4525772619254318,-0.002202138684427411
1191,0.0,3043.2439185952417,0.0,0.0036211877924791757,0.6503304067960739,-0.002758894205391691,0.5119032053866244,-0.0023691653407166948
1192,0.0,3045.9030698358665,3.867622823394803e-05,0.0038619943902131492,0.6611608659176034,-0.003147288732492527,0.556680503545918,-0.0026026023582494443
1193,0.0,3046.75014241765,0.0,0.0014818716507272872,0.7087291712976588,0.0008115877827912083,0.6022951038714403,-0.0015783453159372482
1194,0.0,3049.6258377641575,0.0,0.0036103845940404188,0.8318064717474518,-0.0032142234605509585,0.6711485142342437,-0.002069108759321361
1195,0.0,3055.2383139076805,0.042228070963462795,0.009976235024883562,0.4265382330090194,-0.00996233606326613,0.5977654298666764,-0.004437076950504792
1196,0.0,3057.5633576715013,0.0,0.0037892331708235384,0.7251471611482755,-0.002503641344063049,0.6359799492511561,-0.003857046268572269
1197,0.0,3060.977168175801,0.00012809561823393342,0.003540893964183967,0.7047855104095447,-0.0023294397993237656,0.6566216175986727,-0.003398764327797718
1198,0.0,3062.153320326242,0.0,0.0010770024696397662,0.9579785843322162,0.0017090547300014846,0.7470287076187356,-0.001866418610457957
1199,0.0,3065.9460467108306,0.0,0.005265813940973572,0.848215596455018,-0.004283366351001376,0.7773847742696203,-0.0025915029326209825
1200,0.0,3068.448096234874,0.12954880165108132,0.0044779211910437105,0.03943348833022914,-0.003160437833670068,0.5559993884878028,-0.002762183402935708
1201,0.0,3071.3501103841695,0.034427530062330715,0.004099028845733515,0.4252281284528927,-0.003231289614430189,0.5167680104773298,-0.002902915266384052
1202,0.0,3072.4197506687788,0.0,0.001954599488133395,0.8056751600512738,0.0007698119212213541,0.603440155349513,-0.0018010971101024302
1203,0.0,3074.8249502607778,0.0,0.003837121057896871,0.7472406988211298,-0.0019119167012598662,0.6465803183909979,-0.0018343429874496608
1204,0.0,3075.241984390962,0.0,0.0022000206029557847,0.6952333221267905,0.0010837526762835646,0.6611762195117357,-0.0009589142883296932
1205,0.0,3075.252298508056,0.0,0.0016626534563331178,0.7414114830351167,0.0019292409633286083,0.6852467985687499,-9.246771283220271e-05
1206,0.0,3073.1728925277407,0.0,0.0010420640462948901,0.8362707354553501,0.005334817664033678,0.7305539796347299,0.0015357179002275614
1207,0.0,3076.2393760346667,0.0,0.006436389301013452,0.5100307827991013,-0.0063561750177389,0.6643970205840413,-0.0008318499751623772
1208,0.0,3074.61160134457,0.002914987248661611,0.0009334403709906164,0.39982349629625713,0.0018261515405965877,0.585024963297706,-3.444952043468773e-05
1209,0.0,3076.5105456992133,0.044629062208208684,0.005165471611962917,0.3531562964767699,-0.0030881882846951216,0.5154643632514252,-0.0009505711497128179
1210,0.0,3078.711804680766,0.0,0.0048727755769799935,0.5438852729479701,-0.004510464163210763,0.5239906361603885,-0.0020185390537622015
1211,0.0,3079.105577875197,0.0,0.0017747216159738706,0.7497608482096239,0.00025392325312668045,0.5917216997751591,-0.0013368003616955368
1212,0.0,3082.638164836512,0.0,0.005305027857352605,0.8112950658629942,-0.005201211306666455,0.6575937096015096,-0.0024961236451868122
1213,0.0,3084.084570570458,0.0,0.003366055146887332,0.6956198828213791,-0.0015168397504048935,0.6690015615674705,-0.0022023384767522365
1214,0.0,3085.373216491923,0.002098645849303127,0.0017025841706719196,0.6841243493793608,7.213897215276894e-06,0.6735383979110375,-0.0015394727645619826
1215,0.0,3090.1124690055235,0.006981405135188086,0.008412429714934912,0.47016814308729504,-0.007515195458194185,0.6125273214639148,-0.0033321895726516433
1216,0.0,3092.239177326167,0.0634887266486232,0.003256190089547881,0.19601651506229179,-0.0026881836393950176,0.4875740795434278,-0.0031389877926746553
1217,0.0,3095.5982152772795,0.0,0.0035523577735669413,0.7374540046789495,-0.003396173768610184,0.5625380570840843,-0.003216143585455314
1218,0.0,3098.762571889942,0.007772734008722076,0.0039616451963518364,0.5619762107379569,-0.003188624676283378,0.562369503180246,-0.0032078879127037333
1219,0.0,3100.500636777302,0.0,0.0016229406407234348,0.810210042409502,-0.00013715695078829292,0.6367216649490228,-0.002286668624129101
1220,0.0,3103.9625223207977,0.0,0.0045962748469482555,0.6380234822020031,-0.0037754337805442134,0.6371122101249169,-0.0027332981710536347
1221,0.0,3104.461368797135,0.0,0.00085277545549532,0.812961651934245,0.0014565704148928713,0.6898670426677154,-0.0014763375952696828
1222,0.0,3103.2072540080603,0.0,0.001788313409490274,0.5856971222404701,0.005521438805222704,0.6586160665395417,0.0006229953248780332
1223,0.0,3107.98031122844,0.05980938055188984,0.009161089957852213,0.20107287148652114,-0.008431975685921687,0.5213531080236355,-0.0020934959783618827
1224,0.0,3111.7333237061403,0.0,0.008380500459526348,0.5594500525639244,-0.008380500459526348,0.5327821913857222,-0.003979597322711222
1225,0.0,3112.595517521261,0.0,0.00236189026947931,0.58420191451618,0.000550304417739272,0.5482081083248596,-0.0026206268005760733
1226,0.0,3120.2129773926304,0.0700092442455646,0.01163146459967429,0.2825545568697817,-0.011615101404171494,0.46851204288833614,-0.0053189691816547
1227,0.0,3122.820071956756,0.0,0.0030270906307838293,0.6513060999642293,-0.0024800037087586127,0.5233502600111041,-0.004467279539785873
1228,0.0,3129.371201668911,3.867622823394803e-05,0.007921457355275411,0.5333146845653863,-0.007921457355275411,0.5263395873773887,-0.005503532884432734
1229,0.0,3134.783629834137,0.0,0.006514787652856228,0.7342898127035744,-0.00639316195342594,0.5887246549752444,-0.005770421605130695
1230,0.0,3138.2823796726902,0.005515735115298068,0.0030585541456925043,0.5670722762034492,-0.001315781175488241,0.5822289413437058,-0.004434029476237959
1231,0.0,3141.4710171918614,8.928004545772318e-05,0.0024121507849929487,0.6082782420581259,-0.0004473877647514439,0.5900437315580318,-0.003238036962792004
1232,0.0,3143.0142277466375,0.0,0.0023934841585823464,0.8532483253734128,0.0015386769220799394,0.6690051097026462,-0.0018050227973304205
1233,0.0,3146.8171911620325,0.0,0.0046321867340500845,0.6068573322627178,-0.004474675995942433,0.6503607764706676,-0.002605918756914024
1234,0.0,3149.5000127511935,0.0,0.0051899117428916355,0.8769315646932573,-0.0036003996153277764,0.7183320129374444,-0.0029042630144381493
1235,0.0,3151.563792439593,0.010093197645410825,0.002916323946745546,0.5478198409363243,-0.001464031353445125,0.6671783613371084,-0.002472193516140242
1236,0.0,3156.112404609614,0.011315067205307174,0.0063519719469468106,0.4709417143951042,-0.006347993317665124,0.6083073672545071,-0.0036349334565977066
1237,0.0,3159.32792380271,0.0,0.004553601692020921,0.5766323785866149,-0.003972341178945261,0.5988048706541393,-0.003736155773301973
1238,0.0,3158.244446542817,0.0,0.0008310197728922232,0.8593602418479404,0.006199306465952417,0.6769714820122796,-0.000755517101525656
1239,0.0,3162.249713118355,0.0,0.004609922346343576,0.616773547701377,-0.004420996555950626,0.6589121017190088,-0.001855160937853147
1240,0.0,3166.9190950784896,0.1042117774203775,0.008873056825950666,0.12055064607279316,-0.008863583730447407,0.4974036650251441,-0.003957687775631425
1241,0.0,3170.47386849002,0.032454948080328505,0.00563276777743018,0.46262703369415986,-0.005308414973106776,0.48697067562584884,-0.00436290593487403
1242,0.0,3170.79526218141,0.0,0.0017182779561452305,0.6442208026720008,0.0036348089898405648,0.5341457137396944,-0.0019635914574596515
1243,0.0,3178.1098793517012,0.08577686370455251,0.01061227577855221,0.02720576392057841,-0.01061227577855221,0.3820637287939596,-0.004558196753787418
1244,0.0,3181.490486672412,0.0016789762830520377,0.0052969430219826155,0.5774650387801837,-0.004807599285219319,0.44068412178982685,-0.0046330175132169886
1245,0.0,3185.8284957623678,0.0,0.004863832814974677,0.6450191653354445,-0.004096354922495304,0.5019846348535121,-0.004472018736000483
1246,0.0,3186.2968706391875,0.0,0.0008541242692354366,0.6716628044343168,0.004036613030226686,0.5528880857277535,-0.001919429206132332
1247,0.0,3187.87142581662,0.006981405135188086,0.0021457831094375173,0.5733572606815687,0.0014580057806050457,0.559028838213898,-0.0009061987101111185
1248,0.0,3189.244165615057,0.0,0.003446308562997581,0.6104959860658126,-0.0008227108774351189,0.5744689825694724,-0.0008811523603083186
1249,0.0,3194.6495174819347,0.007114520747324034,0.010280478051282006,0.39933398610379656,-0.010280478051282006,0.5219284836297696,-0.0037009500676004245
1250,0.0,3197.8714452337035,0.012052969778420283,0.006550688002763473,0.3881424195525764,-0.005640276188047373,0.4817926644066116,-0.004282747903734509
1251,0.0,3202.583381689379,0.002098645849303127,0.005782930132918279,0.6976366286906104,-0.005782930132918279,0.5465458536918112,-0.00473280257248964
1252,0.0,3203.409963503947,0.002259174977130234,0.0016796231496689687,0.36043692103110664,0.0029363503932271495,0.4907131738935998,-0.002432056682774603
1253,0.0,3205.6955577494173,0.0012846397055295952,0.001388453016755922,0.6178871778467061,0.0002696836967299507,0.5288653750795317,-0.0016215345689232369
1254,0.0,3206.6940145617787,0.0,0.0017873900524926704,0.79898822233232,0.0005208379591758643,0.6099022292553682,-0.0009788228104935066
1255,0.0,3209.1671112060485,0.0,0.004101793402562703,0.6464431736974691,-0.0034224018824968866,0.6208645125879984,-0.0017118965320945204
1256,0.0,3212.570964642795,0.028079430717746576,0.006642229332581469,0.4838506857967874,-0.006000425210119348,0.5797603645506351,-0.0029984551355019687
1257,0.0,3215.3555925198766,0.09766798604923341,0.004466399525006029,0.16570373473297598,-0.0038931468923428607,0.4555433756053373,-0.003266862662554236
1258,0.0,3218.276266793656,0.0,0.004447172433732622,0.7275942570184979,-0.0028252280266199714,0.5371586400292855,-0.0031343722717739565
1259,0.0,3221.8765463783097,0.0,0.005140928342184637,0.7251471611482755,-0.00396700168321039,0.5935551963649824,-0.003384161095204886
1260,0.0,3224.054856875818,0.0,0.0027501207345744455,0.9302612199928453,-0.0011321690410775402,0.6945670034533413,-0.002708563478966682
1261,0.0,3224.20839040126,0.0,0.0013499902938270796,0.8359087529243433,0.0033181631077914575,0.7369695282946418,-0.0009005455029392402
1262,0.0,3228.0938230497636,0.022127842316954263,0.005642956760315347,0.40372484599087155,-0.005235708331170069,0.6369961236035107,-0.002201094351408489
1263,0.0,3230.039114531771,0.01887414601882659,0.0044571883447076304,0.3886162113476938,-0.003022910090644572,0.5624821499267656,-0.002447639073179314
1264,0.0,3232.9195606537555,0.04682941895501152,0.0038944329137621894,0.3046457304027155,-0.0036061378433692517,0.4851312240695505,-0.002795188704236295
1265,0.0,3233.278507108906,0.0,0.002088131326938907,0.6824580280857089,0.0019182851156757548,0.544329265274398,-0.00138114655826268
1266,0.0,3236.041523367333,0.007062167322247727,0.0037186118235466754,0.34555029946321925,-0.0027870811982161595,0.4846955755310443,-0.0018029269502487237
1267,0.0,3238.0775357253374,0.0052722751153270585,0.00432787451941114,0.6719125163704014,-0.002727876124726341,0.5408606577828514,-0.0020804117025920088
1268,0.0,3241.3703549786437,0.028079430717746576,0.006376558332857585,0.387494362772095,-0.00489530738360377,0.49485076927962446,-0.0029248804068955367
1269,0.0,3245.7252128767677,0.00045865132380311336,0.007219888808495373,0.5857288235059928,-0.0067836550806044055,0.522114185547535,-0.004082512809008197
1270,0.0,3247.0137957964607,0.0,0.003069018310240313,0.7907836599785376,0.00053230737486499,0.6027150278768357,-0.002698066753846241
1271,0.0,3253.5665754432716,0.06773906110936029,0.0092865873067292,0.255795362148676,-0.0092865873067292,0.4986391281583878,-0.004674622919711128
1272,0.0,3254.699083227961,0.004209998497189186,0.003200601297169305,0.7005334740869263,0.0006458709388072584,0.5592074319369493,-0.003078474762155612
1273,0.0,3257.8550516261216,0.0,0.002966580684802808,0.74334269254932,-0.00157726550637802,0.6144480101206604,-0.0026281119854223343
1274,0.0,3259.665153371326,0.0,0.0029605032235067263,0.856420158808801,-0.00045479609253846397,0.6870396547271025,-0.001976117217557173
1275,0.0,3260.3115283460916,0.0,0.001846616510838567,0.5062316641870209,0.0014733403381185718,0.632797257565078,-0.0009412799508544496
1276,0.0,3264.9038851339624,0.0,0.007470552539164813,0.8769315646932573,-0.007469734541823267,0.7060375497035317,-0.002899816328145095
1277,0.0,3268.335326642476,0.0063569747292723825,0.006053343447575281,0.5077262587730297,-0.00604751084692394,0.6465441624243811,-0.003844124683778748
1278,0.0,3269.658510638679,0.0,0.001958864873888181,0.8821931549782922,0.00042418054488586746,0.7172388601905544,-0.002563633115179363
1279,0.0,3271.1446453252424,0.0,0.0015591482045974087,0.8728292835163662,0.0010150006617284924,0.7639159871882979,-0.0014900429821070064
1280,0.0,3268.023719813113,0.0,0.00010823709177142793,0.828912939751295,0.00923446443616938,0.7834150729571969,0.0017273092433759095
1281,0.0,3268.788344945721,0.012747655240493826,0.0029063370328537897,0.4693221179248717,-0.00011281213837905727,0.6891871864474992,0.0011752728288494194
1282,0.0,3268.0267446725784,0.0,0.0023169757964336,0.8477011499204387,-0.0002615829273382008,0.736741375489381,0.0007442161019931332
1283,0.0,3267.8879257270023,0.00026730066581259277,0.0020693696833469044,0.6800220682024691,-0.0009660453976842611,0.7197255833033074,0.00023113765208991496
1284,0.0,3267.073501920434,0.0,0.00143375759739005,0.6882266305562517,0.0009118604219376382,0.7102758974791906,0.0004353544830442319
1285,0.0,3271.5041481630237,0.0013040290419116614,0.009489421163115975,0.6194302076627648,-0.009489421163115975,0.6830221905342628,-0.00254207821080383
1286,0.0,3273.6673451930724,0.0,0.005982314919760534,0.5887365449686873,-0.004854234806988076,0.6547364968645901,-0.0032357251896591036
1287,0.0,3275.158847145273,0.0,0.0013883781882739585,0.4642453178252954,-0.00032447571459436633,0.5975891431528016,-0.002362350347139682
1288,0.0,3278.70854270082,0.0004553693345490983,0.004576672462498895,0.6636129434949036,-0.003926220737031666,0.6173962832554323,-0.002831511464107277
1289,0.0,3279.999701555607,0.0,0.0018960893488748315,0.9138520952852808,-0.00011115302486366316,0.7063330268643868,-0.0020154039323341927
1290,0.0,3280.835231570954,9.978545461685867e-05,0.0006388028769344893,0.6627387468432613,0.001292778740319519,0.6932547428580491,-0.001022949130538079
1291,0.0,3283.546855825423,0.0,0.004509974196457136,0.6003367743921817,-0.0035072152201896752,0.6653793523182889,-0.0017682289574335577
1292,0.0,3286.8210417333075,0.07011541523246423,0.005958891332315906,0.35814077613931755,-0.005681972423889451,0.5732077794645974,-0.0029423519973703254
1293,0.0,3283.6668471080066,0.0,3.0823860133652626e-07,0.9055216124229791,0.008535741966594403,0.6729019293521119,0.0005010761918190932
1294,0.0,3283.4465142144018,0.0,0.0002190837595227937,0.7637220052404322,0.003503098684277297,0.700147952118608,0.0014016829395565543
1295,0.0,3284.04494853629,0.017709982745227733,0.003263730257342981,0.5265338796327401,-0.001827095992893797,0.6480637303728476,0.0004330492598214489
1296,0.0,3284.606231504181,0.0,0.0031102265162889463,0.8071927846861039,-0.002647469630969254,0.6958024466668244,-0.0004911064074157619
1297,0.0,3284.368734610541,0.0,0.0013616489249519295,0.7848040036404789,6.415498307827027e-05,0.7225029137589207,-0.00032452799026755217
1298,0.0,3287.558159297965,0.09771336076476429,0.006119543591481625,0.05058592386790415,-0.006119543591481625,0.5209278167916157,-0.002063032670631774
1299,0.0,3286.5769405318692,0.0,0.001423491016563366,0.7512999887557442,0.00246821544717205,0.5900394683808543,-0.0007036582352906267
1300,0.0,3286.7567367347756,0.0,0.0014092077487194926,0.5590964909262509,0.0018037360356570537,0.5807565751444732,4.856004599367741e-05
1301,0.0,3285.841113934682,0.0,0.0009518344450422679,0.692328911733144,0.002638501493372305,0.6142282761210744,0.0008255424802072656
1302,0.0,3289.5008869179105,0.03655813934480323,0.007712623874178036,0.28422837390601247,-0.0077095080329774345,0.5152283054565558,-0.0017349726737481445
1303,0.0,3290.060745105203,0.011958774921191623,0.0028813040910442684,0.260454526991989,-0.001954020779002228,0.4387961719171858,-0.0018006871053243695
1304,0.0,3292.5910274031876,0.0,0.004244854943721434,0.7068645210768167,-0.003389129622925669,0.519216676665075,-0.002277219860604759
1305,0.0,3293.498295086411,0.060287473208505776,0.0028369846763366866,0.24842730043375427,8.045888885685153e-05,0.43797986379567877,-0.0015699162357662756
1306,0.0,3292.4662397286074,0.0,0.0004750088440811906,0.720554222129476,0.004587632526710988,0.5227521712958179,0.00027734839297690337
1307,0.0,3289.046455262848,0.0,1.1177771015103203e-05,0.794885941155429,0.008748324199547687,0.6043923022537012,0.002818641134948139
1308,0.0,3290.291060244625,0.0,0.0036846634866855277,0.5997299823017959,-0.002999275002008604,0.6029936062681296,0.0010732662938611158
1309,0.0,3290.58009153589,0.0,0.003985200748621799,0.7371259003877795,-0.0035829524679505194,0.6432332945040246,-0.00032359933468237474
1310,0.0,3289.0842090969386,0.0,0.002356564714694663,0.6466638171405167,0.00201191933065426,0.6442624512949722,0.00037705626491861576
1311,0.0,3291.7042654733737,0.002098645849303127,0.005524901385161629,0.692328911733144,-0.005137078821649844,0.6586823894264238,-0.0012771842610519223
1312,0.0,3296.9090267836723,0.031099697547665745,0.011182803661535467,0.30185310487950867,-0.011182803661535467,0.5516336040623492,-0.004248870081196986
1313,0.0,3298.2182797769983,0.06796568436258316,0.003240666642273606,0.2206177551270714,-0.0012201738774501563,0.4523288493817658,-0.003340261220072937
1314,0.0,3306.2380181752605,0.000691413120854776,0.012142704444297138,0.5815673199570752,-0.012142704444297138,0.4911003905543586,-0.005980994187340197
1315,0.0,3308.324997976867,0.0,0.0023977050640686345,0.7825790976247552,-0.0006192277246316709,0.5785440026754776,-0.004372464248527639
1316,0.0,3311.1941446105952,0.01986838508590896,0.002554776281347841,0.508594849923587,0.00043499946856827005,0.5575592568499104,-0.002930225133398866
1317,0.0,3313.312182315381,0.0,0.0027893514522329063,0.757965410563406,0.00026416442113641047,0.6176811029639591,-0.001971908267038283
1318,0.0,3318.293098218366,0.0,0.007425943078467829,0.794885941155429,-0.007242427439468931,0.6708425544214001,-0.003553064018767477
1319,0.0,3317.4174247060237,0.004209998497189186,0.00011872043345025299,0.7164194861684338,0.004026435262994362,0.6845156339455102,-0.0012792142342389254
1320,0.0,3322.9334855868588,0.0,0.008210876787820377,0.7890096621315066,-0.00773738455576406,0.7158638424013091,-0.0032166653306964655
1321,0.0,3324.7614675197283,0.0,0.003820492337058958,0.7292494423251661,-0.0023417531440326836,0.7198795223784662,-0.002954191674697331
1322,0.0,3327.38636895082,0.013024264806215134,0.00224958189250891,0.4410669025345705,-0.0019947602755191166,0.6362357364252974,-0.0026663622549438666
1323,0.0,3326.3622975369385,0.0,2.2149824330717124e-05,0.7957252802879312,0.0053218635340183396,0.6840825995840875,-0.0002698945182552047
1324,0.0,3329.9379356600407,0.0,0.0049762090602556725,0.6063361251080059,-0.004660539802635923,0.6607586572412629,-0.0015870881035694201
1325,0.0,3331.578352203154,0.0,0.003837837563016625,0.7768785706365414,-0.003070265670654353,0.6955946312598464,-0.0020320413736948997
1326,0.0,3335.7964589568546,0.01347284975450116,0.007413122870606351,0.36015589714444424,-0.00704983723842209,0.5949630110252258,-0.0035373801331130567
1327,0.0,3338.073806502915,0.0,0.00368610572084864,0.8030905035092111,-0.0024803734511471653,0.6574012587704213,-0.0032202781285232893
1328,0.0,3340.2847593182087,3.867622823394803e-05,0.0038026649366503765,0.6390766088900228,-0.0007872024711801036,0.6519038638063017,-0.0024903554313203333
1329,0.0,3344.7090385040306,0.0,0.006259493362853625,0.8153973470398858,-0.005759027110279701,0.7009519087763769,-0.0034709569350081437
1330,0.0,3346.3121400346445,0.0,0.001676114357162534,0.9261589388159536,-0.0006010514088611316,0.7685140177882499,-0.00260998527716404
1331,0.0,3347.153290980746,0.0,0.001848402840400153,0.9179543764621706,0.0019719317228036114,0.8133461253904262,-0.0012354101771737446
1332,0.0,3351.7167669872956,0.00971760435075408,0.0073044078455545055,0.41524127985621645,-0.006737031592549096,0.6939146717301632,-0.0028858966017863497
1333,0.0,3354.064404691047,0.0,0.004038850073906008,0.8318064717474518,-0.003483780589851244,0.7352822117353497,-0.003065261798205818
1334,0.0,3355.835451163307,0.015865371880872,0.0027796099414495665,0.4707253433498248,-0.000555818615423026,0.6559151512196922,-0.0023124288433709803
1335,0.0,3354.887092871,0.002774357688198209,0.0004899079064445547,0.5548059784670175,0.005265078683912196,0.6255823993938898,-3.917658518602738e-05
1336,0.0,3359.2554832218843,0.0,0.0066989758089898346,0.6307946940797722,-0.006690400828115563,0.6271460877996545,-0.002034543858064888
1337,0.0,3356.341593622631,0.0,0.00020397358309086575,0.4328576199938938,0.00619618493543163,0.5688595474579263,0.00043467477998406726
1338,0.0,3358.729213778565,0.00012809561823393342,0.0033185149898463375,0.6554090594964261,-0.0028730035885430037,0.5948244010694762,-0.0005576287305740541
1339,0.0,3357.243481413002,0.0,0.0019639908710519277,0.8153973470398858,0.00266572406287897,0.660996284860599,0.00040937710746185305
1340,0.0,3359.805763344373,0.0,0.005325340747977605,0.6431015376104465,-0.00477428147548571,0.6556278606855532,-0.0011457204674224157
1341,0.0,3362.2242430832935,0.0,0.00544115426918285,0.762067691740298,-0.005417195590214769,0.6875598100019766,-0.0024271630042601213
1342,0.0,3364.8630061786894,0.0,0.004549808261829015,0.8071927846861038,-0.0042028325033330646,0.7234497024072147,-0.002959863853982004
1343,0.0,3369.580810882199,0.004209998497189186,0.007717554695855797,0.5364422270112698,-0.007177137342289894,0.6673474597884312,-0.004225045900474371
1344,0.0,3369.8827470947167,0.0,0.00039834394249265874,0.8212339469676179,0.002630201317672333,0.7135134059421872,-0.0021684717350303594
1345,0.0,3372.188728769592,0.0016789762830520377,0.0012228988947091896,0.39154267730222597,-0.0003126860207046758,0.6169221873501988,-0.0016117360207326542
1346,0.0,3372.968380201413,0.00014761828084830888,0.001158355316323155,0.6676238862720424,0.0007017065752285531,0.6321326970267518,-0.0009177032419442919
1347,0.0,3373.1644157557794,0.00010508487632659567,0.0018977014074386058,0.6857013104230272,0.001308721918413915,0.6482032810456344,-0.00024977569383682983
1348,0.0,3373.9741187578893,0.0,0.005618715975334143,0.6718175058486862,-0.0007205330567933459,0.6552875484865499,-0.0003910029027237846
1349,0.0,3376.040194943331,0.0008963869186332862,0.004286582160679593,0.28448171553820467,-0.004027850584310131,0.5440457986020463,-0.0014820572071996886
1350,0.0,3376.7243972662577,0.0,0.00368376885391939,0.6800220682024692,-0.0009563744321264241,0.5848386794821732,-0.0013243523746777092
1351,0.0,3376.9111390411617,0.0,0.001809867559318226,0.6932142917434438,0.0012099455753941386,0.6173513631605543,-0.0005640629896561548
1352,0.0,3377.695124243087,0.009847534397207777,0.003673799164896283,0.46670344700411515,-0.00023026615581893552,0.5721569883136225,-0.00046392393950498903
1353,0.0,3381.1060138811245,0.0,0.006608386984417608,0.8245599364273074,-0.006499124300873675,0.6478778727477279,-0.002274484047915595
1354,0.0,3381.0860585806777,0.0,0.0020379753475298933,0.708738036440709,0.0006195978149117,0.6661359218556222,-0.0014062594890674063
1355,0.0,3382.102430346616,0.028437633973194293,0.0025548662392396193,0.46802001218208156,0.00031040718291810786,0.60670114895356,-0.0008912594874717521
1356,0.0,3383.476688007171,0.0,0.0020409780970368704,0.885432110038216,-0.0013610473463995434,0.6903204372789568,-0.0010321958451500893
1357,0.0,3387.186943420174,0.0,0.00676759952321141,0.5515583514515081,-0.006758295317425452,0.6486918115307221,-0.002750025686832698
1358,0.0,3392.1257795609436,0.05800358954944906,0.009099453550953577,0.186694272459145,-0.009099453550953577,0.5100925498092489,-0.004654854046068961
1359,0.0,3390.1842248702455,0.0,0.00020822623882475684,0.8441133152781264,0.007103467947990291,0.6102987794499122,-0.0011273574478511852
1360,0.0,3392.837433322817,0.0,0.0035029916356665207,0.778106386068573,-0.0006317380845405811,0.6606410614355104,-0.000978671638858004
1361,0.0,3394.578757638039,0.02961239285225332,0.005170242999987071,0.2710377419211016,-0.0024126503302485227,0.5437600655811877,-0.0014088652462751596
1362,0.0,3397.2736621300605,0.0,0.004570226355223299,0.8659695778958058,-0.0045362320159730634,0.640422919275573,-0.0023470752771845307
1363,0.0,3399.1605393487002,0.0,0.003631997998221873,0.7594626239690927,-0.0023656314374135745,0.6761348306836289,-0.002352642125253244
1364,0.0,3404.149127534511,0.0,0.008135514955707968,0.8130907212910191,-0.007849995218154182,0.7172215978658459,-0.004001848053123525
1365,0.0,3407.080752221929,0.0,0.00453292222369098,0.6966561599404331,-0.0034901388827667276,0.711051966488222,-0.0038483353020164856
1366,0.0,3409.242967093054,0.0,0.0034458194327969694,0.8691813777894808,-0.00017567528859035235,0.7584907898785995,-0.0027465372979886458
1367,0.0,3415.120169333651,0.010108198789772071,0.008151132772720433,0.4295954303338478,-0.008121049674226442,0.659822182015174,-0.004358891010859984
1368,0.0,3416.0425110533233,0.0,0.0015435566922909895,0.9261589388159536,0.001121051561539937,0.7397232090554078,-0.0027149082391400075
1369,0.0,3419.576236677271,0.0,0.0035386676142317944,0.7661699729171885,-0.0027082957369473637,0.747657238213942,-0.002712924488482214
1370,0.0,3422.677258669655,0.0,0.004018508997602103,0.700243004300388,-0.003519394548010132,0.7334329680398758,-0.0029548655063405893
1371,0.0,3423.0191965332087,0.003813411200852422,0.002304900859001458,0.5126318629519802,0.0022367118558641493,0.667192636513507,-0.0013973922976791677
1372,0.0,3421.280259085454,0.0,0.0002596062316817087,0.81264139633487,0.0067589959309971755,0.7108272644599158,0.0010495241709237353
1373,0.0,3422.405865367155,0.002098645849303127,0.0025170894834705576,0.4663810739475927,-0.0009331262839160485,0.6374934073062188,0.0004547290344718001
1374,0.0,3427.59403501537,0.01734401815606123,0.011920888154930349,0.15917420630102305,-0.011920888154930349,0.49399764700466003,-0.0032579561223488444
1375,0.0,3427.7249676084,0.0,0.0032392856852264153,0.9002657638410084,-0.0006107041412895392,0.6158780820555645,-0.002463780528031053
1376,0.0,3428.3844210412835,0.0,0.0008902990275555937,0.8384828995589096,0.002122500497607132,0.682659527306568,-0.0010878962203395974
1377,0.0,3430.181493840563,0.015677346240818686,0.0021686754655146122,0.48879047587942764,-0.001132134605951922,0.6244988118784258,-0.0011011677360232947
1378,0.0,3432.6786820072043,0.058842593318255004,0.004620111451905526,0.30076624134666885,-0.004023368128647823,0.5273790407188987,-0.001977827853810653
1379,0.0,3436.885898687532,0.0,0.007591678472258121,0.6969895959372477,-0.00753557553175113,0.5782622072844034,-0.0036451521571927957
1380,0.0,3439.1492418860744,0.0,0.0032024893037282003,0.6555788539900589,-0.0025031796426937263,0.6014572012960999,-0.0033025604028430744
1381,0.0,3442.603220514658,0.022413096001328417,0.005066183727856812,0.6084017045767555,-0.0032611486290221336,0.6035405522802966,-0.0032901368706967915
1382,0.0,3443.8386906658343,0.0,0.0016649040509985917,0.7100407868465388,0.0010033599742897525,0.6354906226501692,-0.0020020878172008283
1383,0.0,3445.871932018683,0.0,0.0017153142854787957,0.7777811768053847,-0.0007252732524087033,0.6781777888967339,-0.0016190434477631908
1384,0.0,3444.9608314662482,0.0,0.002075402706080013,0.7636181356437448,0.0040510944374800165,0.7038098929208371,8.199791780977143e-05
1385,0.0,3444.8594948531068,0.0,0.0013178863572152338,0.87205486522239,0.0018942049555555767,0.7542833846113028,0.000625660029133513
1386,0.0,3444.809889715748,0.0,0.0012015815167703344,0.8143832001138755,-8.13962943503987e-06,0.7723133292620746,0.0004355201315629471
1387,0.0,3445.645775700744,0.0,0.003647667826697671,0.8153973470398858,-0.002411305004569974,0.7852385345954179,-0.00041852740927692927
1388,0.0,3446.9856846096013,0.0,0.005555717205801046,0.4233729632846041,-0.003227705055112102,0.6766788632021739,-0.001261280703027481
1389,0.0,3447.902158340399,0.0,0.002023528295169815,0.7743745352709722,-0.001420800858539135,0.7059875648228133,-0.0013091367496809773
1390,0.0,3448.103207586986,0.0,0.002560705140613559,0.8584603724504231,0.0009495288331672473,0.7517294071110963,-0.00063153707482651
1391,0.0,3454.635672500283,0.0,0.012219303743666657,0.8071927846861038,-0.012219303743666657,0.7683684203835984,-0.004107867075478554
1392,0.0,3458.660971509425,0.008602303341755406,0.007852464234279755,0.46830898352323486,-0.007557027354622711,0.6783505893254893,-0.005142615159221801
1393,0.0,3460.7993385286,0.0,0.001522876467383716,0.6287299871462994,3.837254530973011e-05,0.6634644086717323,-0.0035883188478623416
1394,0.0,3461.871863887622,0.0,0.0018258232898257685,0.7669229147543297,0.003271976244887883,0.6945019604965115,-0.0015302303200372743
1395,0.0,3465.3442147077217,0.0,0.004835252726013714,0.7864870308800636,-0.0034324724786824155,0.722097481611577,-0.0021009029676308166
1396,0.0,3465.2030338329037,0.0,0.0018750139958968214,0.8112950658629942,0.0019756543628941907,0.7488567568870022,-0.0008779357684733142
1397,0.0,3464.2268882877092,0.0,0.0015386000246495272,0.79898822233232,0.004258657800790135,0.7638961965205975,0.0006630423023057204
1398,0.0,3465.55749944539,0.000691413120854776,0.003729928510782473,0.5554437402601818,-0.0018852169156047412,0.7013604596424727,-0.00010143546306741816
1399,0.0,3468.100388521613,0.0,0.0060646363490263,0.6964230471468209,-0.005984128162737893,0.6998792358937771,-0.0018662432729685604
1400,0.0,3467.958037245287,0.0,0.0027098579380309233,0.6857512791164851,0.00047998723608030984,0.6956408488605894,-0.0011623741202538994
1401,0.0,3475.188786058724,0.06624505698633121,0.013071624363640984,0.2632437016596786,-0.013071624363640984,0.5659217047003161,-0.004735149193270024
1402,0.0,3477.1234832434793,0.0,0.0030912881711727606,0.8194169441523,-0.0026225148765893695,0.6419702765359112,-0.004101358898265827
1403,0.0,3482.9762412376763,0.010298932393884873,0.007239985857329604,0.3999280372219483,-0.007089908790825716,0.5693576047417224,-0.004997923866033794
1404,0.0,3486.984214157849,3.867622823394803e-05,0.004308896662166822,0.6214932685855183,-0.0038694479035807443,0.5849983038948612,-0.004659381077297879
1405,0.0,3494.5971293287353,0.0,0.010459928367341189,0.6882266305562516,-0.010459928367341189,0.6159668018932782,-0.006399545264310871
1406,0.0,3501.4852951514613,0.10035682502558477,0.009371614197071476,0.19788839556145668,-0.009230175789147392,0.49054327999373176,-0.007248734421761827
1407,0.0,3506.188875919179,0.0,0.0030752821020760407,0.6894257498557624,-0.002830903014848401,0.5502080209523409,-0.005923384999687798
1408,0.0,3508.4290696078847,0.0,0.0013494013619416475,0.6462613149081499,0.003130502546185872,0.5790240091390836,-0.0032072187359256966
1409,0.0,3511.3814570569843,0.00018994820934469683,0.0027684612174355564,0.5787220115232624,0.00015301963638011926,0.5789334098543373,-0.0021991472242339515
1410,0.0,3515.802249278097,0.10466872625226169,0.00591343997258671,0.1409469666662365,-0.005777499809718025,0.447537476897907,-0.0032726529998791734
1411,0.0,3515.329742989595,0.0025622923163736372,0.001572888425191337,0.5476286087437829,0.003411527001282789,0.4775648164516697,-0.0012673989995305847
1412,0.0,3517.321033761056,0.0,0.0024388676076905883,0.5570428596333364,-0.000686700607355145,0.5014082294061697,-0.0010931894818779527
1413,0.0,3519.544811473796,0.0,0.003950184969847376,0.6904250877744286,-0.0032671133819523906,0.5581132869166473,-0.0017453666519002841
1414,0.0,3524.0718522197985,0.0,0.008226643368339726,0.6677152246717951,-0.008219872233386596,0.5909938682431917,-0.003687718326346178
1415,0.0,3525.675490712487,0.0,0.003112938253876775,0.7651948574356217,-0.0013691683337725528,0.6432541650009206,-0.0029921533285740902
1416,0.0,3530.1247998579265,0.0,0.005349922284076045,0.8196538356707331,-0.0053033477410316335,0.6961740662018643,-0.003685511652311353
1417,0.0,3532.2139136663172,0.0,0.0018866409547766351,0.9114740598540721,-0.0010819310647032143,0.7607640642975266,-0.0029044374760289113
1418,0.0,3532.698499764664,0.004209998497189186,0.001760985815850034,0.45385100851582183,0.0029505384944364887,0.6686901475630151,-0.001147944684889291
1419,0.0,3532.515480651988,0.04621077784931873,0.0013991740401314249,0.3851486476437238,0.003454576550809569,0.5836276975872277,0.00023281168582036705
1420,0.0,3534.540425911433,0.0,0.0030567853212207963,0.7534961572505435,-0.0030325607306601306,0.6345882354862225,-0.0007468000391237822
1421,0.0,3533.9668724549356,0.0,0.0005465256425736113,0.8703706941118916,0.000983507529936455,0.7053229730739232,-0.00022770776840571097
1422,0.0,3530.293232711747,0.01906936826379659,0.00044828437018416356,0.4846705886959902,0.008440820662747662,0.6391272577605432,0.002372850760940301
1423,0.0,3528.5825269826614,0.0,0.0007838386692629503,0.6304315662236205,0.003702297079311501,0.6365185502994664,0.0027716846564516608
1424,0.0,3525.1687108026404,0.012292285905944726,0.0004946828627245557,0.5061205545326555,0.004524910638378841,0.597399151569423,0.003297652451029815
1425,0.0,3525.7869956873956,0.0,0.004362414578768641,0.6716171156179059,-0.004312667212503342,0.6196645407839678,0.0010145565519698676
1426,0.0,3525.247296564013,0.011760366095783499,0.0031097535760485815,0.4357274881069915,-0.0023529546524416064,0.5644834249808749,4.303190646425393e-06
1427,0.0,3524.0644105327765,0.0,0.0020055547408237917,0.5701145263569587,0.0014073368571648323,0.5661727553936999,0.0004252132906019475
1428,0.0,3522.0981764240937,0.0,0.00020012637125924393,0.6437402632338243,0.004074121349055489,0.5894430077457372,0.00151988570813801
1429,0.0,3524.7723770808534,0.00012809561823393342,0.006641857268564234,0.6636129434949036,-0.006077510450464129,0.6116939884704871,-0.0007593331394426318
1430,0.0,3524.038120642274,0.0,0.0020806833976330934,0.8142228098738977,-2.1874484793865602e-05,0.6724526348915102,-0.0005380955430480019
1431,0.0,3524.88657512118,0.0,0.0034907300624612454,0.5965807492853058,-0.0009542208298407283,0.6496910692096488,-0.0006629331290858198
1432,0.0,3521.8673181845666,0.011026607301386613,0.00013477728090415523,0.48978986761075843,0.006878257022330774,0.6017207087299816,0.0015994239163391582
1433,0.0,3518.8804273854475,0.0,0.00018737688187514233,0.7284219042326094,0.006846601844448616,0.6397310673807699,0.0031735772947719953
1434,0.0,3519.3691113934397,0.025296254382395373,0.0038459022392999206,0.5214031810235424,-0.002816390650117778,0.6042327014736016,0.001376586911305063
1435,0.0,3522.490895230383,0.0,0.009866883796991811,0.8892384082239309,-0.009866883796991811,0.6897344134987003,-0.0019964543011839996
1436,0.0,3524.2632276383442,0.0,0.005081342648339778,0.8063560531117251,-0.005043118286645797,0.7247209053826077,-0.0029104534968225383
1437,0.0,3524.81803228657,0.008624449234755735,0.0008291419874644072,0.44797206348669666,0.0010450657756307384,0.6416962528138344,-0.0017237977150865553
1438,0.0,3523.76458532721,0.0,0.00015974185092665742,0.7123660736082011,0.005298228462651728,0.6628971990521444,0.0003828101382349297
1439,0.0,3525.261851586503,0.0,0.002933062751271356,0.79898822233232,-0.0013396325094052084,0.7037245060361971,-0.00013392265605711176
1440,0.0,3525.074964416147,0.011860160428181266,0.0039214217217971815,0.4825489610125534,-3.832178416779177e-06,0.637371842529104,-9.489551276501199e-05
1441,0.0,3528.0417198009445,0.034788168471248666,0.006051109793277386,0.36770713219617196,-0.006037283638570205,0.5564724294292244,-0.0018776119505065697
1442,0.0,3526.550497132334,0.0,0.0006094329531452258,0.6729887763789693,0.003283797216673657,0.5914273335141478,-0.00032918920035250143
1443,0.0,3529.2013704504243,0.0049019474253323625,0.004214878407018662,0.35231780805228236,-0.003553090747562914,0.5196944758755881,-0.0012963596645156252
1444,0.0,3530.011584539348,0.1878485049772977,0.0022061907583821923,-0.018572677788358357,-0.0012910256155362653,0.35821432977640416,-0.0012947594498218173
1445,0.0,3529.824710800208,0.0004553693345490983,0.00216935453705409,0.5561386052563089,0.001793643250823074,0.41759161242037557,-0.00036823863962834986
1446,0.0,3531.9164198007566,0.016338888062959953,0.0048351913187940215,0.4288013175865878,-0.0029936760475956356,0.42095452397023925,-0.0011558698620185355
1447,0.0,3528.9946017630023,0.0,7.255713522057487e-05,0.6323677716948467,0.006518864072519342,0.4843784982876215,0.0011465503183428279
1448,0.0,3529.2407304421595,0.00034261362835862004,0.001011487990679547,0.4881514098959868,0.0006434900947603956,0.48551037177013107,0.0009956322512680981
1449,0.0,3530.172089498476,0.0,0.003582454805568642,0.550914721214587,-0.0031761392927348205,0.5051316766034678,-0.0002558992119327775
1450,0.0,3529.594152024,0.0,0.0015020590010964687,0.7526351538439647,0.0001775819439177952,0.5793827197756168,-0.0001258548651776057
1451,0.0,3531.4463879599884,0.038977581906462534,0.005155179259711358,0.24119632521204729,-0.0035870192348296795,0.477926801406546,-0.001164204176073228
1452,0.0,3534.359341226793,0.0,0.005939554291699404,0.9794885941155435,-0.005889045313945921,0.6283953392192452,-0.0025816565174350357
1453,0.0,3536.4789931211644,0.0,0.004191671561901765,0.5449096830634984,-0.0030956597416383095,0.6033496423725211,-0.0027358574846960177
1454,0.0,3540.683381885693,0.0030691947026178696,0.006453090202473487,0.5008787663161195,-0.0059559236585768486,0.5726083795556006,-0.003701877336860267
1455,0.0,3541.4178781094965,0.0,0.0019075701995989061,0.9220566576390624,0.0014738959693361415,0.6774428629806392,-0.002149145345001344
1456,0.0,3547.9906965689934,0.0,0.009747701842013496,0.780084879282248,-0.009747701842013496,0.7082354678711218,-0.00442871229410499
1457,0.0,3548.671024963669,0.018888172496276875,0.0011758253196011172,0.5413110293029822,0.0010058719243904082,0.6581581363006799,-0.0027983370285563705
1458,0.0,3557.3762731652064,0.0,0.01340609440398714,0.6898240108059183,-0.01340609440398714,0.6676578986522513,-0.005980664241185601
1459,0.0,3562.704686773813,0.0,0.008226061831150948,0.8318064717474518,-0.007936732936468224,0.7169024705808114,-0.006567484849770388
1460,0.0,3567.7599648153587,0.0,0.0052485524979603865,0.635855037753456,-0.004028325466579395,0.6925882407326047,-0.00580573703481309
1461,0.0,3572.7453465657436,0.0,0.005254965337891499,0.7251471611482755,-0.003303176218339276,0.7023559168573059,-0.0050549687898709455
1462,0.0,3577.292297883365,0.0,0.004005452219166541,0.9261589388159537,-0.003214548800869275,0.7694968234449002,-0.004502842793170444
1463,0.0,3582.8531087956085,0.0,0.006955863488928826,0.8060869376411094,-0.0061318117946756985,0.7804738577037629,-0.00499153349362202
1464,0.0,3583.507393430249,0.0,0.0007439203690925791,0.8703160286561066,0.003535348816285394,0.807426508989466,-0.002433468800649796
1465,0.0,3587.303173566922,0.007765935411544919,0.0029312383287184085,0.5161479540387263,-0.0026069666955191237,0.720042942504244,-0.002485518169110594
1466,0.0,3589.020253719029,0.06676425355447065,0.003910773621950948,0.17110519271839017,-0.0009388237258325486,0.5553616175684878,-0.0020215098361271804
1467,0.0,3592.87857837082,0.028079430717746576,0.006567165392724691,0.4591648762665835,-0.005364865355235539,0.5265025951779165,-0.003024516491859688
1468,0.0,3593.9169966642507,0.0,0.0038177488965064114,0.4615625483763503,6.838948847838468e-05,0.5070205811374466,-0.002096644697758266
1469,0.0,3599.8304527181053,0.0,0.009166970825869376,0.638999256433555,-0.00908180190410309,0.5466141837262791,-0.004192191859661713
1470,0.0,3602.8426367495595,0.0,0.004384390088903173,0.7157350674635058,-0.003916703844545984,0.597350448847447,-0.004109545455126994
1471,0.0,3603.2454956160523,0.0,0.000902503023732512,0.9384657823466289,0.003698808275918067,0.6996850488972015,-0.0017670393358134757
1472,0.0,3606.5765824456216,0.016939934868215527,0.0038633099745909645,0.3555955846370699,-0.0025853610735197584,0.596458209619162,-0.0020125358571253605
1473,0.0,3605.6812915119,0.0,0.0006874031707417908,0.7901448134366167,0.003789711080772043,0.6545641907643983,-0.0002718617757561392
1474,0.0,3607.528205471977,0.0,0.003189002732611624,0.544902860120297,-0.0017400183249972464,0.6216657915711679,-0.0007123087405284713
1475,0.0,3607.0572877214295,0.0,0.002353019211508035,0.6964311929100344,0.0012939475275750242,0.6440954119728277,-0.00011043186009742262
1476,0.0,3614.6667950593373,0.1343064426835006,0.015106550688420636,0.16161508786443232,-0.015106550688420636,0.4993513147403091,-0.0046092675085943864
1477,0.0,3616.1812174544975,0.0,0.0030949922461714486,0.7110235178143177,-0.002847960656124102,0.5628529756625117,-0.004080875452853301
1478,0.0,3618.0200925003664,0.0,0.002512308492572949,0.7015497619471276,0.00114036711976103,0.6044620115478965,-0.0025145026810690016
1479,0.0,3622.022962695848,0.0,0.004332983260947027,0.8810338458701489,-0.003983630032152488,0.6874335618445722,-0.0029552408863940476
1480,0.0,3623.1078855521064,0.0,0.0011636158993754745,0.7409645055199883,0.0004821527125083213,0.703492844947197,-0.0019240228067233366
1481,0.0,3628.8355207431437,0.0030691947026178696,0.008774029774387094,0.6677152246717951,-0.008774029774387094,0.6927595588645764,-0.0039790248970224635
1482,0.0,3627.2492609482324,0.0,0.0005871272328363916,0.6683469059429866,0.005474691033777416,0.6854357629880994,-0.0011429101177824997
1483,0.0,3627.066784108214,0.0,0.0001369868964715997,0.9261589388159537,0.004572598939345589,0.7576527157364557,0.000571742599355927
1484,0.0,3629.6044141851007,0.0,0.0041416632366350035,0.8277041905705599,-0.004120020562464579,0.7786681581866869,-0.0008357863491902247
1485,0.0,3626.537654526905,0.0,0.00036816567528679696,0.7554178315123348,0.0058283418447947636,0.7716930601843812,0.0011634521090052718
1486,0.0,3625.5343147738436,0.00023395864731519188,0.000943917353377438,0.4505543010197746,0.002912424761409143,0.6753514324349992,0.0016881439047264331
1487,0.0,3631.18069402981,0.0,0.013045558726174506,0.7864787089862265,-0.013045558726174506,0.7086896154003673,-0.0027319668845438485
1488,0.0,3633.6536296380777,0.0,0.006813506520830466,0.6085803811000471,-0.006796600464458173,0.6786568451102712,-0.0039513569585181455
1489,0.0,3634.4256859373418,0.0,0.0018519658060461542,0.6681907303575522,0.0014019880878710417,0.6755170106844555,-0.0023453534446013892
1490,0.0,3639.2103783693387,0.004323153598470206,0.0057543893413450325,0.5283238424915175,-0.0057543893413450325,0.6313590602265741,-0.0033680642136244823
1491,0.0,3643.0504074962323,0.0,0.005428153659991769,0.7122939586692014,-0.005416648167334311,0.6556395297593622,-0.003982639399737431
1492,0.0,3649.1495009082314,0.0,0.009070857432866588,0.8028982253567472,-0.00903210107748383,0.6998171384385776,-0.00549747790306135
1493,0.0,3652.46972478406,0.0,0.003428225719265239,0.489097635067105,-0.0025394887872888655,0.6366012874271358,-0.004610081168329605
1494,0.0,3654.6790886905287,0.0,0.0009412798520093021,0.7781880334155599,0.0013157847258927686,0.679077311223663,-0.0028323214000628926
1495,0.0,3658.3701027889365,0.0,0.004144114266659554,0.6434123400793742,-0.0027694314296698476,0.6683778198803763,-0.002813454408944979
1496,0.0,3663.5711129130696,0.0,0.007767875699839548,0.7908093412133175,-0.007767875699839548,0.7051072762802586,-0.004299780796213349
1497,0.0,3666.674913434456,0.0,0.003597917421441486,0.7516943610361899,-0.003356411877061958,0.719083401707038,-0.004016770120467932
1498,0.0,3669.136379791484,0.0,0.0023563982409618473,0.6086737382685569,-0.00048175115940116305,0.6859605026754937,-0.002956264432147901
1499,0.0,3671.379353148133,0.0,0.002582800210132894,0.8277041905705599,-0.0003655479328573942,0.7284836090440135,-0.0021790494823607487
1500,0.0,3676.6185066513394,0.15159234833991483,0.008419694094183151,0.04708720394691088,-0.007744667286427361,0.5240646875148828,-0.0038487348235807326
1501,0.0,3677.2815249683767,0.0,0.002911666588079578,0.7954532220625347,0.001048919001279608,0.6054812478791783,-0.0023794386761226303
1502,0.0,3679.0819446241617,0.0,0.00200346324948242,0.7896583136774067,0.00035736776984945267,0.6607343676186468,-0.0015583967423310053
1503,0.0,3680.4128860031115,0.0,0.0031486745569091878,0.6677152246717951,-0.0002292793875857239,0.6628286247345913,-0.0011596615359074209
1504,0.0,3683.9631740039313,0.012863495134110085,0.0057910813659124,0.4056701630544654,-0.0057247841644512505,0.5856810862305535,-0.0025291983244705696
1505,0.0,3684.868709380195,0.0,0.00422602536738016,0.8660994937812928,-0.000573168003792182,0.6698066084957752,-0.0019423892282670534
1506,0.0,3687.6763316851097,0.0009745752572769129,0.003917741580972373,0.586108018381942,-0.003133698662737791,0.6446970314616253,-0.0022997820586082747
1507,0.0,3688.42643275741,0.045592190038607525,0.001640796868803698,0.3187880869747263,0.0005564357979277208,0.5469243481155556,-0.001442916701647476
1508,0.0,3691.39297407327,0.011922383001420088,0.00431528311203205,0.408151662601046,-0.003724566567756433,0.5052925424612027,-0.0021274116614801632
1509,0.0,3693.263857626667,0.0,0.003667781333482337,0.6964311929100344,-0.002305993686131345,0.5626341375958521,-0.0021809862688755175
1510,0.0,3694.221431322266,0.0,0.0022288584577729014,0.6569617511516505,0.00031198304274614603,0.5909324216625916,-0.0014330954753890184
1511,0.0,3695.910351135676,0.006981405135188086,0.002606852861356313,0.4808022928009424,-0.0011870099363840523,0.5578933830040969,-0.0013592698136875286
1512,0.0,3698.20389164627,0.0,0.00385530923075052,0.5096554157618174,-0.00322876536797056,0.543421992831413,-0.0019201184799724378
1513,0.0,3697.462368109818,0.0,0.00011793568151934366,0.7171580334350873,0.003040751693532836,0.5955428050125153,-0.00043185742792085566
1514,0.0,3698.377836203765,0.000999945958444454,0.001306064289443589,0.45796494751199673,0.00011089228041122169,0.5542694477623598,-0.00026903251542123244
1515,0.0,3698.1557027480967,0.07188167110465431,0.001380307375416899,0.4147248504612124,0.0009238392082029822,0.5124060685720155,8.882900166603196e-05
1516,0.0,3699.6494374526033,0.04604888045817509,0.004237654150024259,0.289737023064607,-0.0028354063058940657,0.445605354919793,-0.0007884415906019973
1517,0.0,3698.019637181417,0.0,0.0007543832510298619,0.9302612199928453,0.0033357387545104185,0.5910021144417086,0.0004488125129317275
1518,0.0,3699.965165741294,0.08210245854889929,0.004258627391384694,0.19885828785819834,-0.0032505916975723434,0.4733589664666555,-0.0006610087502194938
1519,0.0,3701.6284156771353,0.0,0.0045167805044025585,0.6949246497210871,-0.0039050750360483627,0.539828671442985,-0.0016342286359681542
1520,0.0,3704.152940821299,0.0,0.00471710768892786,0.675919787025578,-0.0045027837423637675,0.5806560061177628,-0.0024947951678868383
1521,0.0,3706.4723021620066,0.0,0.003227703537777144,0.7374540046789495,-0.003025731498678072,0.6276954056861188,-0.002654076067124208
1522,0.0,3710.510144996403,0.0,0.00572195864403388,0.6251537169840972,-0.005702841102314,0.6269328990755123,-0.0035687055776811452
1523,0.0,3715.0361501227376,0.006868562843959571,0.006529724556089761,0.48943173396336337,-0.006515818710871683,0.5856825495418676,-0.0044528395176383065
1524,0.0,3722.004374909926,0.005125920664487803,0.010857169861697578,0.4275108297090995,-0.010614198349989138,0.5382310335920372,-0.006301247167343556
1525,0.0,3723.5552640228952,0.008991167253658687,0.002154210325284262,0.5642053723809707,0.0016699074774930503,0.5460233352287172,-0.003909900773892573
1526,0.0,3727.5023883845442,0.0,0.0024749373176861933,0.7108175859454098,-0.001496464088540507,0.5954616104437249,-0.003185869768286953
1527,0.0,3729.4817401096157,0.0,0.002080041775049985,0.713472920215067,8.190845258556084e-05,0.6308650033751275,-0.002205536302025199
1528,0.0,3729.3432752398962,0.019511075792678474,0.0004031684879691908,0.4777157807736419,0.003698980166465465,0.5849202365946817,-0.0004341813614779995
1529,0.0,3730.5755258269437,0.0,0.0025165940428142405,0.6178844751424198,-0.0002516641850111841,0.5948095081590031,-0.00037942620853795484
1530,0.0,3731.447423431548,0.0,0.0032786211788614805,0.692328911733144,-0.0013483716660297503,0.6240653292312454,-0.0006701098457854934
1531,0.0,3732.7647135447733,0.0005435325033556643,0.0033623991595259934,0.5915129046995926,-0.0023211975250852597,0.6142996018717495,-0.0011654361495754234
1532,0.0,3735.347537960288,0.0,0.00527786051218503,0.6578955510019389,-0.004634293270062681,0.6273783866108062,-0.0022060932857216006
1533,0.0,3740.6070931242775,0.0,0.009719716195111482,0.7407372458777535,-0.009651490048932681,0.6613860443908903,-0.004439712314684925
1534,0.0,3738.606353480906,0.0,0.00045740966137992184,0.46500060402654425,0.006651209442762633,0.6024704122815865,-0.0011124357874506574
1535,0.0,3743.1598199305527,0.0011587204162979918,0.004979546200047272,0.6420486447445097,-0.004815336617823565,0.6143438820204634,-0.0022233060365625295
1536,0.0,3745.5056375545655,0.048635212597504585,0.004948443809749019,0.3631843056780504,-0.0036356950199090687,0.5389960091177395,-0.002647022731566491
1537,0.0,3748.9740138058833,0.0,0.004893354237797719,0.8455173906270199,-0.004799547455011496,0.6309524235705235,-0.003292780148599992
1538,0.0,3749.2518321129683,0.00010982264558596372,0.0023557325108554007,0.4866106711786139,0.002315726378479519,0.5876498978529505,-0.0016102281904761388
1539,0.0,3751.588971077877,0.009734569249116016,0.0021681804037773493,0.4207821433828773,-0.0013719673474985722,0.5375895715119285,-0.0015387499375828688
1540,0.0,3750.7612580276327,0.0036753971655640004,0.002324840303904233,0.5785713889850644,0.003465837800486506,0.5498841167538693,-3.737361616205632e-05
1541,0.0,3750.656272531164,0.0,0.0018414779819978372,0.8348791955051149,0.0018231415366321405,0.635382640379243,0.0005207809296762027
1542,0.0,3753.756632932623,0.016398826137734267,0.006662807829410008,0.5066522321654545,-0.006441852524939696,0.5967635179151064,-0.001568009106708567
1543,0.0,3757.611506190005,0.004842569879360137,0.008521389708924769,0.6359734011110918,-0.008508132375178775,0.608526482873902,-0.0036500460872496295
1544,0.0,3755.8408595159694,0.0,0.0005332142567486633,0.7333517235020578,0.005474275310696157,0.6459740550623487,-0.0009127496678658935
1545,0.0,3757.322331292635,0.0,0.0017607410761397387,0.7233353894874501,0.000753763042326495,0.6691824553898791,-0.0004127958548081769
1546,0.0,3760.716917049438,0.0,0.006111218340289087,0.44481914717471543,-0.006104072928694692,0.60187346292533,-0.0021201789769741313
1547,0.0,3761.264782986418,0.0,0.0018775260206320154,0.8858466937335144,-0.0006230508959091058,0.6870654321677853,-0.0016710405526546234
1548,0.0,3764.0710968615554,0.0,0.0035891626635582547,0.7989882223323201,-0.00356834078249478,0.7206422692171457,-0.00224023062160667
1549,0.0,3763.4369215864835,0.044619493165977034,0.0005509906003697108,0.5158149836463704,0.003155208674649423,0.659194083545913,-0.000621598832729842
1550,0.0,3763.808722967487,0.026112124925379263,0.002309886078956385,0.3651864705404952,0.0015848873051134678,0.5709917996442876,4.034700862315095e-05
1551,0.0,3766.6708836381563,0.03331831882677412,0.006219007121576515,0.347572333637191,-0.005317017071826978,0.5039659598421586,-0.0015668622155118877
1552,0.0,3766.7328356012604,0.0,0.0032328403317872017,0.6861655584054739,-0.00010580879813722416,0.5586258394111532,-0.0011285461902994886
1553,0.0,3764.6818822706746,0.0,0.0008725335544751061,0.6965854003639907,0.005951990337808579,0.6000137076970045,0.0009956147681329315
1554,0.0,3764.290531883148,0.0,0.0019859486589989283,0.8496497827320556,0.0019493983069031441,0.6749045302075198,0.0012817498297639954
1555,0.0,3761.266991704266,0.0,0.0011290117115219044,0.6106538325974048,0.005208537079625278,0.6556293209244852,0.00245978600472238
1556,0.0,3759.5516431359774,0.00026730066581259277,0.0007592608502826025,0.6052632641461405,0.0021359956944007083,0.6405195038909818,0.0023626489116258783
1557,0.0,3756.367591930612,0.0,0.0012213748383411384,0.5459879013788796,0.003972719218274354,0.6121600231373511,0.0028456700036204206
1558,0.0,3755.3871263031406,0.0,0.0022199664972707687,0.6233655947845073,-0.0005370254758628158,0.6155216946314979,0.0018308613597754497
1559,0.0,3753.652518198285,0.0005707651215564773,0.0013353214348681367,0.4726323277284484,0.0005732414080205916,0.572654884560583,0.0014535753742489924
1560,0.0,3757.682360368959,0.0,0.010363217412596552,0.7651953320106935,-0.010363217412596552,0.6304170187956161,-0.0020914624618046706
1561,0.0,3760.140815661174,0.006942728906954136,0.006553146908760829,0.3530444290282376,-0.006548778604382644,0.5472052418654025,-0.0034286573045780623
1562,0.0,3761.3834205936546,0.0,0.001216670117646489,0.6918924123156809,-0.0002672928239291908,0.590611393000486,-0.0024802479603834005
1563,0.0,3765.1209701999933,0.0004553693345490983,0.00470979107047098,0.6878521791289041,-0.004111699989255101,0.6197836288390114,-0.0029696835690449105
1564,0.0,3767.983000696926,0.06112009540468874,0.004390038192695164,0.35565384855695914,-0.003255235094499914,0.5405446947543957,-0.003055349026681411
1565,0.0,3771.8434444424847,0.031439297782664424,0.004867206214714528,0.4092715105276356,-0.004821864542713726,0.5011627394863677,-0.0035853036814911055
1566,0.0,3772.120186629405,0.0,0.000985926137605852,0.4593623127322043,0.0027554966667711804,0.48862261146011865,-0.0016830635770124197
1567,0.0,3775.1727236784996,0.0,0.0037472609692990105,0.545976247602139,-0.00255463320168549,0.5058287023027248,-0.0019445344644143407
1568,0.0,3781.52713956294,0.0,0.011404152930512305,0.7251471611482755,-0.011404152930512305,0.57162423995639,-0.004782420004243729
1569,0.0,3788.2155760636333,0.0520215026367757,0.011709418475835724,0.4498471304278275,-0.011709418475835724,0.5350911070978213,-0.006860519545721327
1570,0.0,3792.203505775554,0.0,0.0035340005294121958,0.6273702911661413,-0.003040644414342007,0.5627748623183173,-0.00571455700630753
1571,0.0,3797.2885116074945,0.0,0.003688235368730675,0.8285110485063987,-0.0032092810811539274,0.6424957181747417,-0.004962974228761449
1572,0.0,3806.446682485282,0.0,0.012920068520955254,0.6383495274738042,-0.012920068520955254,0.6412518609644604,-0.00735010251641959
1573,0.0,3806.298551766191,0.0,0.00029689842408869345,0.6331569207649841,0.005784624757917185,0.6388233789046175,-0.003409684334118557
1574,0.0,3811.4195082908896,0.002866883463256969,0.005336958593537853,0.4635576404146294,-0.0028702324579304153,0.5862436573576211,-0.0032478487712621143
1575,0.0,3814.365687021172,0.0,0.003220809813365008,0.7851144957081347,-0.0024507908079133603,0.6459049088627752,-0.003008731382257488
1576,0.0,3810.4688430058704,8.928004545772318e-05,0.0003423260669382085,0.5238527374883156,0.011626964642871634,0.6092892574504373,0.0013819774252812485
1577,0.0,3813.9978497798397,0.0009301578583042748,0.00612384288725217,0.44937167681045825,-0.004275584648638606,0.5613139832584435,-0.000315291196894708
1578,0.0,3814.514210226099,0.0,0.002939287121566719,0.4783065537243654,-0.0025021736145035786,0.5364117543982201,-0.0009713559221773691
1579,0.0,3817.650285712115,0.0,0.006167153534368508,0.5328295608067607,-0.006164589102344651,0.5353370963207822,-0.0025293258762275534
1580,0.0,3817.994696026679,0.009728158193524806,0.0016654550699789425,0.3709904439062362,0.00039969617510197795,0.48603310059641835,-0.0016506192608286938
1581,0.0,3820.2005756883755,0.04192931941890505,0.0039719000043470344,0.37212125808831764,-0.0018920923715961535,0.45185954784398813,-0.0017230611940589318
1582,0.0,3822.152277704405,0.0,0.003334794500241523,0.5431711406455502,-0.002274856586945269,0.4792530256844567,-0.0018885998119248328
1583,0.0,3824.7758542659935,0.0,0.004092359304159834,0.8974429705777152,-0.00359223743400019,0.6047100091524342,-0.00239969109854744
1584,0.0,3828.6825636000785,0.0,0.006240222902774234,0.6989875864115963,-0.006071699179483234,0.6329932823301828,-0.003501293522828178
1585,0.0,3833.4685712207283,0.04426310988608165,0.00735217514912714,0.4118778945902764,-0.0073252837519165665,0.5666586660082108,-0.004648490591554694
1586,0.0,3834.750046906153,0.0,0.0022053123567114235,0.5884114650700698,0.0011711268496265041,0.5731845057267685,-0.0029026053592003348
1587,0.0,3834.7848436640093,0.004177684058678187,0.0009055270059907417,0.4004932395077733,0.00489062634396862,0.5213771258610699,-0.000564635848249648
1588,0.0,3833.3949882328047,0.0,0.00011695796693944697,0.5256572222595968,0.005942605891186672,0.5226611547806279,0.001387536673581248
1589,0.0,3839.402617902129,0.0009745752572769129,0.01198591150942456,0.5103870201422223,-0.011985546830564374,0.5189789143891061,-0.0026243883776624383
1590,0.0,3843.3749084338533,0.022637254551474452,0.009611606460337327,0.4543966034734414,-0.009611606460337327,0.4996042211144067,-0.004720553802464905
1591,0.0,3841.8057844966725,0.0,9.262731680024356e-05,0.8357800755997064,0.006199435837627937,0.6004569774599966,-0.0014445569104370522
1592,0.0,3847.535043163536,0.0,0.006976636267879432,0.5965091419262329,-0.00695852214046288,0.5992726267998675,-0.0030987464794448
1593,0.0,3851.2060652982896,0.0,0.00622835011181046,0.5745664487539716,-0.006014101562387838,0.5918607733860987,-0.003973353004327711
1594,0.0,3854.4918551427877,0.0,0.0034862025369061843,0.4474537740279211,-0.0034519782181030717,0.5485386735786454,-0.003816940568460319
1595,0.0,3861.562464431391,0.009315359359977057,0.010432487448061736,0.576024939929501,-0.010432487448061736,0.556784553483902,-0.005801604632340744
1596,0.0,3866.4768095631925,0.043506159417576316,0.006582932124335802,0.39311857705653774,-0.006020505739426121,0.5076847605556927,-0.005867274964466357
1597,0.0,3869.444905385109,0.0,0.0031797557379254155,0.6058136017403272,0.00010427498654871636,0.537123412911083,-0.0040758099791618355
1598,0.0,3873.382204392978,0.0,0.003661492596851836,0.6599245403136361,-0.0019211360959433686,0.5739637511318489,-0.0034294078141962952
1599,0.0,3876.8630837341257,0.007772734008722076,0.004178272192715322,0.4089397534490793,-0.0028633045735064816,0.524456551827018,-0.0032595768419893508
1600,0.0,3877.2302659994757,0.0,0.0006648889816511305,0.6027408804503347,0.0029431524553909173,0.547941850414013,-0.00139875805277527
1601,0.0,3876.1301101867334,0.0,0.0014770146028721092,0.6371407514665544,0.005745665405818826,0.5747015207297754,0.0007445689848029589
1602,0.0,3873.8255515960054,0.004508492445533309,0.0007786643539611302,0.39664819619328523,0.006227179661290645,0.5212855233688284,0.002389352187749265
1603,0.0,3876.8714934268914,0.1059574013389493,0.007221067746247053,0.22236217584074325,-0.0072208611813388505,0.4316085191104028,-0.0004937118229771697
1604,0.0,3873.8228349188657,0.0,0.002951276844337572,0.5350031215228531,0.003883034688771371,0.4626268998341379,0.0008193121305473927
1605,0.0,3877.632087195992,0.000691413120854776,0.007486765687214053,0.5113793607434822,-0.00745579710051809,0.4772526381069412,-0.001663220638772252
1606,0.0,3876.755509929194,0.0,0.0016615079510579047,0.6636129434949036,0.0010420533631245055,0.5331607297233298,-0.0008516384382032246
1607,0.0,3880.9435953197644,0.0,0.007072713135830653,0.6046865552090058,-0.006957171463374456,0.5546184773690326,-0.002683298345754594
1608,0.0,3881.9883820167543,0.04076078720711252,0.002252984688331168,0.43419240459394487,-0.001177711481194398,0.5184906555365062,-0.002231622286386535
1609,0.0,3883.074568120533,0.0,0.0027412147232609083,0.8395922436783599,0.0006251989892213314,0.6148211319790622,-0.001374575903704175
1610,0.0,3885.3175419736813,0.0,0.004230802305246306,0.7333263627579037,-0.0022909816497513535,0.6503727012127146,-0.0016494976275183283
1611,0.0,3887.933042793769,0.0,0.00396944113774496,0.7625195921132969,-0.0039483810743449164,0.6840167684828893,-0.002339162661566305
1612,0.0,3892.6728931570105,0.028002078261278682,0.008369724549012946,0.5652355477059773,-0.00805899645052246,0.6483824022498157,-0.004055112798253151
1613,0.0,3893.410984463066,0.0011386928205799386,0.0018725485293829781,0.4945281023190921,0.0010679005847753565,0.6022261122705985,-0.0025182087833445985
1614,0.0,3898.2971055258795,0.0,0.006435524954375167,0.6403690282744818,-0.005850417683374518,0.6136689870717635,-0.003517871453353574
1615,0.0,3901.297216435697,8.297240337863625e-06,0.004642975640723719,0.5310663898419644,-0.003480518935579576,0.5888882079028238,-0.0035066656980213746
1616,0.0,3903.655045866016,0.07394397061186614,0.0019532530942324502,0.351506766924221,-0.0011015841451706017,0.517673775609243,-0.0027851412321661427
1617,0.0,3910.737717300859,0.006138389405235739,0.011040443240442427,0.4913171340654636,-0.010986741169143964,0.5097667831461091,-0.005245621213259489
1618,0.0,3906.848721193504,0.0,0.00033973324939922067,0.8657278219079634,0.01122183155771619,0.6165550947746654,-0.0003053853819667846
1619,0.0,3909.67926358082,0.0,0.0024170378407349876,0.6470314948202428,-0.0004200501521822433,0.6256980147883386,-0.00033978481303142223
1620,0.0,3912.922237214252,0.0,0.006485563359904855,0.8318064717474518,-0.006423927596225301,0.6875305518760726,-0.002165027647989586
1621,0.0,3913.7882904872995,0.01419956366673517,0.0026704435749637526,0.45918282510084235,-0.0013601256532736953,0.6190262338435035,-0.0019235570495748186
1622,0.0,3910.9856104610185,0.0,2.0766093625313442e-05,0.47474735128252227,0.00817430206513899,0.5757425690752092,0.0011058006848393238
1623,0.0,3913.8088033078097,0.0,0.0054338155054040336,0.7570751372824754,-0.003924021532709031,0.6301423395373891,-0.0004031459804251826
1624,0.0,3914.8215146202465,0.0021638447379649295,0.0034645415688513044,0.33178404426307784,-0.0032448931984332646,0.5406348509550957,-0.0012556701458276071
1625,0.0,3916.8926287743725,0.0,0.004367447292338139,0.881028348948425,-0.0038425578354098857,0.6427529003530945,-0.0020317364527022907
1626,0.0,3917.3802536069793,0.000691413120854776,0.0017773318601937123,0.6657807474564796,0.0003767603528347725,0.64966125448411,-0.0013091874110411717
1627,0.0,3917.310073588825,0.0,0.000542631695938303,0.6030598193081226,0.0023171499848460893,0.6356808239313138,-0.00022128619227499335
1628,0.0,3920.6637031799896,0.0,0.006355550531908124,0.4321992167844114,-0.005613771170413511,0.574636341787243,-0.0018390316857165485
1629,0.0,3924.177941248152,0.0,0.0073172818553104806,0.693849164875157,-0.007014196538146887,0.6104001887136172,-0.0033915811414456497
1630,0.0,3933.6472838400427,0.2499903947494706,0.017670823179590574,-0.11578026435743266,-0.017670823179590574,0.39254605279230226,-0.007675353752889126
1631,0.0,3935.3385584415087,0.0028295929821862296,0.003768450174532963,0.4275481167920447,0.0003292146756564288,0.403046671992225,-0.005273983224325459
1632,0.0,3939.8505721340816,0.0,0.0030507782253827677,0.823893595640505,-0.001185119065920595,0.529300749086709,-0.004047323976804
1633,0.0,3940.9151080896722,0.0,0.0010156346197545754,0.6212792646817992,0.003444587783558878,0.556894303765236,-0.0017997504486951365
1634,0.0,3943.960004106266,0.0,0.0027165909233949474,0.7038814729508164,-0.0020525812900367433,0.60099045452091,-0.0018755997010976185
1635,0.0,3945.949991611911,0.0,0.004290964477470152,0.5867400116419547,-0.0021929172651582282,0.5967153216572234,-0.0019707949703158013
1636,0.0,3945.2808282048204,0.06141490617686523,0.0015652755578965446,0.40182570479658203,0.00342995657717848,0.538248436599031,-0.0003505695060675169
1637,0.0,3945.971829790014,0.0,0.002850603509793975,0.726898121325179,0.0006279318543454503,0.5948433420168754,-5.701909794362674e-05
1638,0.0,3945.965982721762,0.0,0.0014879669610185354,0.5242776613946585,0.0003797337567599944,0.5736736378302103,7.40067584674596e-05
1639,0.0,3950.7226317270747,0.0724652029081686,0.009853374148979858,0.12821498725018654,-0.009853374148979858,0.44003604265620316,-0.0029042075137667355
1640,0.0,3952.089599331469,0.0,0.0034043947905863584,0.6823765111523092,-0.0028039309028181406,0.512738183205035,-0.002874124530482157
1641,0.0,3953.930792729101,0.0,0.002298880901184522,0.5312641066173406,-0.0006908482294558552,0.5182959602287266,-0.002219141640174266
1642,0.0,3955.6709838733786,0.0,0.0030991905530547404,0.4165635553110181,-0.0005390542629851554,0.487776238753414,-0.0017151154270175326
1643,0.0,3955.165082101718,0.0,0.001810417377759239,0.53092157080065,0.0034370310422672207,0.5007198383675848,-0.00016947148623210648
1644,0.0,3955.530588341257,0.0,0.0016002518359386358,0.8633367957458428,0.0010321685493626317,0.6095049255810622,0.00019102052444631496
1645,0.0,3955.28893654395,0.004927312309834169,0.0021536634541678623,0.47255717172412304,0.0006720148540295353,0.5684205994239804,0.0003353188233212811
1646,0.0,3956.3374348337106,0.0,0.00373708887829102,0.5210920069978932,-0.0023973227676051183,0.5542220216961542,-0.0004844736539566387
1647,0.0,3955.079834235229,0.0,0.0009413539028797997,0.6716418880232017,0.002290897208125817,0.5894479815942684,0.000348137604668098
1648,0.0,3950.5677075308117,0.0,6.646177632747024e-06,0.6503400444259773,0.009890418290213985,0.607715600443781,0.0032108218103318637
1649,0.0,3949.0023928038777,0.0,0.0003198059347193951,0.7293293916708774,0.0027646447674861147,0.6441997378119099,0.003076968697478139
1650,0.0,3948.725112816502,0.0,0.004309863465586691,0.5659112852645584,-0.0028951464411253853,0.6207132020477044,0.0012853341558970814
1651,0.0,3949.830734598379,0.012287158066842479,0.005598612810732547,0.47889215807914626,-0.005562110028611325,0.578166888857137,-0.0007688990994554406
1652,0.0,3948.5898418204392,0.006890390971584266,0.0017771896238648651,0.45329139939084834,0.0012783410041251912,0.5407042420172503,-0.00015472706838125109
1653,0.0,3949.2722325258565,0.0,0.0017443466395786296,0.5161927138155312,-0.000614263779836784,0.5333507835567346,-0.00029258808181791094
1654,0.0,3947.646226401009,0.0,0.001363312852737095,0.7458850892154477,0.0035608779597389485,0.5971110752543485,0.0008634517306491468
1655,0.0,3951.4968012602835,0.0018160131516702306,0.007929676183522352,0.5170425796329318,-0.007753228860372208,0.5730905265679235,-0.0017215524466572597
1656,0.0,3949.7226423185757,0.0023151845247408325,0.0006506376307072843,0.4575524390471207,0.0028684669277429862,0.5384291003116826,-0.0003445466343371859
1657,0.0,3952.1139603180536,0.0,0.003940157243823644,0.7035769265271414,-0.0031742725905474847,0.5879734481763202,-0.0011934644212002756
1658,0.0,3952.0336423834087,0.0,0.0015112032909629669,0.5398798694105402,0.0005759594588281238,0.5735453745465862,-0.0006626372571917557
1659,0.0,3956.1270145257786,0.009816346077476562,0.0074346469830901705,0.2984591180204523,-0.007257056638803805,0.49101949758874597,-0.00264096307167537
1660,0.0,3960.2190141985698,0.00549227876915776,0.00772471204742129,0.425123380114828,-0.00772471204742129,0.47125066234657054,-0.004166087764399145
1661,0.0,3962.285129545144,0.0,0.00398332280265683,0.7134448481240192,-0.001379816782183882,0.5439089180798051,-0.003330206469734566
1662,0.0,3964.135371222023,0.021449345716668074,0.0016555384139505906,0.46685548277130534,0.0006237631973233295,0.5207928874872552,-0.002144015569617197
1663,0.0,3967.088992518787,0.0,0.0035671158647677943,0.6378282130975209,-0.0025950786468839195,0.5559034851703348,-0.0022793344927972137
1664,0.0,3969.23010725207,0.0,0.0025967136076857677,0.5480270390903909,-0.002132333872121825,0.5535405513463516,-0.002235234306594597
1665,0.0,3971.527969026426,0.04807599573434135,0.002807767735684804,0.4848949300079228,-0.0023197705038031555,0.5329468649448229,-0.0022605951657571647
1666,0.0,3974.5347201200016,0.0,0.00456524808192718,0.7359823426614994,-0.0038415042436741333,0.5938575082598259,-0.002734867889132255
1667,0.0,3975.559720902253,0.11573265719219118,0.001387508248854184,0.11000363889795553,0.0003333211633538387,0.4487013474512647,-0.0018144111733864267
1668,0.0,3976.7056625479495,0.0,0.003454324853886359,0.43301693304484756,0.0005370427548690109,0.4439960231293395,-0.0011089749949097954
1669,0.0,3975.5001615189963,0.03253473607032121,0.001096103419357603,0.5640367695821711,0.004447679407384417,0.48000824706518896,0.0005580213257784685
1670,0.0,3975.5085056201874,0.0006326041433118039,0.00200206075964985,0.530396783789899,0.0011145478536427088,0.49512480808260195,0.0007249792841377406
1671,0.0,3976.7741430803276,0.0,0.0037578466244430693,0.6439430790886,-0.0032482243931500118,0.5397702893844013,-0.000466981819048585
1672,0.0,3978.4034272754616,0.010373993495368241,0.004266708552965602,0.3857418339818492,-0.004130071251711621,0.4935617527636356,-0.0015659086488474957
1673,0.0,3978.04410131276,0.0063569747292723825,0.002641439904317554,0.44979696220918053,0.0013002813441710319,0.48043231559729904,-0.0007060516509419374
1674,0.0,3977.936580934296,0.0014221401084125028,0.0014759914016779562,0.5239633783452364,0.0018845744498060199,0.4934916344216802,7.113617928244974e-05
1675,0.0,3981.145279635362,0.0,0.005963787990950639,0.46554993849241477,-0.005952282498293179,0.48510912564290054,-0.0017358894239902388
1676,0.0,3985.512811667909,0.01839531632131882,0.009126440907058105,0.33019323063167033,-0.009100796528558034,0.43863435713953147,-0.0039453615553605775
1677,0.0,3986.6259703921482,0.0,0.001427321371531961,0.6770019655496806,-0.00034647246070300527,0.5101446396625762,-0.0028656948269633054
1678,0.0,3985.426398607521,0.0,0.0011769183916420457,0.7531086614133756,0.006728263455930614,0.583033846187816,1.2492657904870572e-05
1679,0.0,3987.908207857379,0.0,0.0028459315203394034,0.5886182481529662,-0.002185857686529549,0.584709166777361,-0.0006470124454254554
1680,0.0,3991.773624654906,0.012233389664912565,0.008143226465922814,0.4763121851976085,-0.008039005994939785,0.5521900723034352,-0.0028646105102797543
1681,0.0,3993.8835398251467,0.11590084243769355,0.005394168575421223,0.07526836507218186,-0.0036023265360873168,0.4091135601340592,-0.003085925318022023
1682,0.0,3998.1769972556585,0.0043040142442926435,0.006721348391177717,0.44058173492346403,-0.005832153477107785,0.4185540125708806,-0.003909793765747752
1683,0.0,4003.844453715229,0.09509451088084343,0.008449524496188677,0.18718832578458164,-0.00842978734425848,0.3491443065349909,-0.00526579183930097
1684,0.0,4009.362442653892,0.0,0.007216296379587853,0.6495409579734833,-0.007203700456256406,0.4392633019665386,-0.0058471644243876
1685,0.0,4013.4929757462223,0.0023427140350021753,0.0029879764026485038,0.5584307540912918,-0.0028764455920675465,0.4750135376039646,-0.004955948774691583
1686,0.0,4020.2318707671975,0.043401224662429266,0.007838259164783893,0.2849064569428036,-0.007742070486015737,0.41798141340561623,-0.0057917852880888295
1687,0.0,4020.6143486090523,0.0,0.0016314291278603467,0.8140978895853777,0.004606942190110067,0.5368163562595446,-0.002672167044629161
1688,0.0,4025.874848989792,0.00044028237661430816,0.005413538869809523,0.44052584372688836,-0.004814925824589316,0.5079292024997477,-0.0033149946786172075
1689,0.0,4030.744017999434,0.016506319569662118,0.007564190828509336,0.4528039061272832,-0.0072224699869900795,0.4913916135880083,-0.004487237271129069
1690,0.0,4032.6076488267386,0.013690400252606877,0.0021839728027129427,0.4154496874912775,-0.0002424765470268607,0.46860903575898905,-0.0032138090538984063
1691,0.0,4037.398180719571,0.0,0.0053074295465286745,0.6317688324706425,-0.005172160575396885,0.5175569747724851,-0.0038013145103479497
1692,0.0,4042.0159382347647,0.05463740419930082,0.006115715170132846,0.2748562871545061,-0.006114222287577904,0.4447467684870914,-0.004495186843516936
1693,0.0,4047.274790311124,0.0,0.0068357537626586844,0.600902881234045,-0.0068089397589895725,0.49159360231117744,-0.005189312718158727
1694,0.0,4050.058134363616,0.0,0.002790304385275268,0.7452122961771166,-0.0008999257841051492,0.5676792104709592,-0.0039024966379426532
1695,0.0,4054.512687379229,0.0164975627816053,0.004238585029707877,0.2500707708178221,-0.0037121806745309925,0.472396678575018,-0.0038454018489191546
1696,0.0,4055.2564788581735,0.0,0.001111818902562386,0.5666347858947359,0.002675760160427598,0.5006681107709333,-0.0018890532461151286
1697,0.0,4060.252925303875,0.011315067205307174,0.006714948863840084,0.3880703533379839,-0.006324925950665972,0.46688878354104846,-0.0032198150574803816
1698,0.0,4061.969929645221,0.0,0.0026299648202585085,0.5407823883164491,-0.0014751696190380766,0.4890568649736686,-0.00269642142594769
1699,0.0,4064.2511819732285,0.0,0.0018086840397008137,0.638610127876676,-0.0012862841057257682,0.5339228438445708,-0.0022733802298811135
1700,0.0,4066.572055067915,0.057496682468703854,0.00330146467677976,0.3049064066942495,-0.0019316557856557932,0.4652179126994744,-0.0021708628966135173
1701,0.0,4068.7286378254607,0.0,0.00404332456562219,0.8062769904877027,-0.0020343237180699574,0.5675356360359428,-0.002129901143050449
1702,0.0,4069.2776349295673,0.00860289912915683,0.001806596821657282,0.4365742917886677,0.0012063174313780003,0.5282472327617602,-0.0011290355707219142
1703,0.0,4067.968147078149,0.0,0.0005378840267216323,0.8660046129527645,0.00499378986324657,0.6295744468190615,0.000707812059468631
1704,0.0,4069.023395705665,0.00012809561823393342,0.0025275427657886944,0.39310693579514283,-0.0010518480903006495,0.5586341935118859,0.00017991401453784677
1705,0.0,4067.87403119276,0.00045223155778666477,0.0019077827181058905,0.4725432281657632,0.0016497087559989533,0.5328069039080491,0.0006208524369761786
1706,0.0,4070.0330298075146,0.021040794104259523,0.005159106606215035,0.41776114148959875,-0.004711193064089531,0.498293175182514,-0.0009787612133435343
1707,0.0,4070.4458755419873,0.0,0.003169575135136733,0.6698127865124484,-0.001466034851445103,0.5497490585814943,-0.0011249433047740049
1708,0.0,4074.1043611342266,0.08271971009145158,0.0066083243087112055,0.09560286906537824,-0.0065554294155668125,0.4135052017266594,-0.002754089138011847
1709,0.0,4077.4921478800165,0.01208049323989462,0.005791144885536835,0.309208117502338,-0.005771319397171935,0.38221607645936295,-0.003659258215759873
1710,0.0,4078.7034445767267,0.0,0.0008952004024923474,0.75673276840771,0.0004977771596056504,0.49457108404386707,-0.002412147603150216
1711,0.0,4082.2636726040105,0.12388896662915064,0.0038424456231569122,0.14738704780299625,-0.0035049082652931626,0.3904158731716058,-0.0027399758017930998
1712,0.0,4085.990244915872,0.0,0.005183294079370199,0.5960191937359673,-0.00513687290468899,0.45209686934091425,-0.0034590449326618667
1713,0.0,4089.7023113984656,0.003618655286169327,0.0048001782688768015,0.4333589278546789,-0.00473520350634006,0.4464754868950437,-0.0038418925047653246
1714,0.0,4090.6947470019686,0.0,0.0016756077347959495,0.5962790713395505,0.0016956764852564341,0.4914165622283957,-0.0021806218077587967
1715,0.0,4092.1002591606584,0.148133524765244,0.000890635344673205,0.21030117877242402,0.001164680270515636,0.4070819471916042,-0.0011770311842764667
1716,0.0,4097.25791736753,0.17176652728243227,0.008452151656758044,-0.08047992017700126,-0.008424597248555392,0.2608133869810225,-0.003351301003560144
1717,0.0,4098.939206382197,0.0,0.0038379074433981092,0.8128230698446237,-0.002136973755119027,0.4264162918401029,-0.002987002829027809
1718,0.0,4099.933494266298,0.011315067205307174,0.003081202338521449,0.5074023961342096,0.0015439639047063578,0.45071212312833486,-0.001627712808907559
1719,0.0,4104.095073801405,0.0,0.005903887086140369,0.4408110091812699,-0.005490674717531642,0.44774178894421535,-0.0027866013814947838
1720,0.0,4106.534826220896,8.944545335198034e-05,0.003988103139206309,0.42768829083308857,-0.003271174973766251,0.44172573951087735,-0.002931973459176224
1721,0.0,4108.601129488023,0.0,0.0024304495453652555,0.5454396826362947,-0.0012799231399886685,0.47283992244850254,-0.002436358363419957
1722,0.0,4110.12223240065,0.0,0.001306537439934741,0.6036682833650325,-1.3310449521614959e-05,0.5120884307234614,-0.0017094439892504543
1723,0.0,4115.0054598401575,0.00042265300241770286,0.007578184025779375,0.41756907032877905,-0.007564290370858015,0.4837326226050567,-0.0034658979037327222
1724,0.0,4119.143443023831,0.10862227176225644,0.007473557272977338,0.021613030027531135,-0.006695715064530679,0.345096744831799,-0.004434843051972109
1725,0.0,4126.459118552726,0.03511129846311091,0.011445895241642157,0.04589353325226062,-0.011445895241642157,0.25533578135793744,-0.006538158708873123
1726,0.0,4126.639900140304,0.0,0.0006667668585913616,0.6005754808190071,0.004515423151220862,0.3589076911962583,-0.003222084150844927
1727,0.0,4134.258929574047,0.04587005821761366,0.00892814249226922,0.2093520044555528,-0.00892814249226922,0.31404098517404666,-0.004933901653272215
1728,0.0,4135.074905387658,0.0,0.0003241535198140915,0.7592086233068501,0.0018619672809935606,0.44759127661388765,-0.0028951409729924818
1729,0.0,4143.053778076499,0.0,0.011362539672384884,0.513327907538625,-0.011362539672384884,0.4673122658913088,-0.005435360582810202
1730,0.0,4147.092146361911,0.1837546035502239,0.005182845686926417,0.1685746470495948,-0.005171022056790045,0.3776909802387946,-0.005356059025004155
1731,0.0,4147.820278926369,0.0,8.540625100245626e-05,0.5283247116694361,0.004368060223847994,0.42288109966798704,-0.00243882325034851
1732,0.0,4150.125335258963,0.0,0.001973110345506354,0.6639431163037091,0.0008786450935711269,0.4951997046587036,-0.0014435827471726188
1733,0.0,4149.868035973247,0.014325421942750993,0.0006810071361333204,0.16382529712689126,0.0031366303454870847,0.3957873823991599,-6.95188193747077e-05
1734,0.0,4151.364700318125,0.12595303597992683,0.0034764566809218447,-0.009240011030636663,-0.0016114220727152986,0.27427916437022093,-0.0005320897953768849
1735,0.0,4154.348770983675,0.01597435403838429,0.006128044704585476,0.39233655890424113,-0.006122228041573885,0.309696382730427,-0.0022091312692359847
1736,0.0,4156.873506213005,0.0,0.0055473671399662375,0.64489553707677,-0.004613557721367082,0.4102561290343299,-0.0029304592048753136
1737,0.0,4155.698128786732,0.0009819270794487525,0.0002812834061442151,0.44629818156072176,0.004871983843725646,0.42106874479224743,-0.0005897262902950257
1738,0.0,4161.568312738887,0.012292285905944726,0.009242639150550304,0.34758612467002525,-0.009152416299811398,0.3990239587555807,-0.0031585332931499373
1739,0.0,4157.191630294124,0.0,0.0004887352537089861,0.6230916571981726,0.009863992199527029,0.46624426828835824,0.0007482243546531524
1740,0.0,4159.200753491339,0.03352172607688208,0.0021777055779203056,0.4830601406412091,-0.0009267104952799826,0.4712890299942135,0.0002457438996732119
1741,0.0,4157.260889290598,0.0,0.0007200879134426796,0.6226025166228473,0.0032517440529612534,0.5166830759828036,0.0011475439456596244
1742,0.0,4160.063097187391,0.15764835575251504,0.006975185305498665,0.024081596681008108,-0.006141730678213355,0.36890263219226493,-0.0010392384415022693
1743,0.0,4159.923761071528,0.021338496253968484,0.0026242672316555402,0.3249858807625538,-0.0008617731002851324,0.3557276067633516,-0.0009859988391371281
1744,0.0,4159.841927808055,0.0,0.0019106952551865028,0.45581601078438705,0.0012941092937654888,0.3857541279696622,-0.000301966399266343
1745,0.0,4160.376446356869,0.14223832763179015,0.0016693301684882454,0.06048473057925899,-7.391625262461123e-05,0.2881733087525412,-0.00023355135527382346
1746,0.0,4158.50602426074,0.0,0.0011799111390671756,0.8021190333986534,0.004220992339307508,0.44235702614637484,0.001102811753100576
1747,0.0,4160.874271637503,0.013305161129006987,0.005334783892351248,0.5049110003608032,-0.004736516529559405,0.4611232184107033,-0.0006489867316974182
1748,0.0,4163.480859075397,0.06610064221422828,0.006780319595696751,0.22553916907447166,-0.006552111624605904,0.3904480036098338,-0.0024199241995699634
1749,0.0,4162.048378405014,3.867622823394803e-05,0.000499114832708724,0.5179222986066838,0.0037611927504668462,0.42869029210888876,-0.0005655891145589203
1750,0.0,4161.146529621341,0.0,0.0008886519573420604,0.7166567413162707,0.0044231722203094655,0.5150802268711033,0.0009310392859015954
1751,0.0,4162.76543327579,0.0,0.003138921945753334,0.7109438012723343,-0.002822353922681441,0.5738392991914726,-0.00019497867667331553
1752,0.0,4163.682604135068,0.038957444403040574,0.003425209202458424,0.23795725413877464,-0.0028724811014475783,0.4730746856756632,-0.0009982294041055943
1753,0.0,4161.985366982921,0.0,0.0005826229887081941,0.662346424345384,0.0037806064136802985,0.5298562072765794,0.00043542134123017353
1754,0.0,4160.52855488658,0.0,0.0005556735250340292,0.7125322005331217,0.004056704940767833,0.5846590052535421,0.0015218064210914713
1755,0.0,4167.268624506612,0.2647819857890993,0.014558784206391905,-0.2079716672114041,-0.014558784206391905,0.3468698035140582,-0.003302370767153542
1756,0.0,4167.704448094688,0.0,0.005156637599289534,0.9015452517546055,-0.0023555820484987633,0.5132724379862224,-0.003018334151557108
1757,0.0,4173.486576041428,0.0,0.008480366416943155,0.6388782199221925,-0.008480366416943155,0.5509541725670134,-0.004656943831172922
1758,0.0,4178.022342131365,0.018862304629341183,0.006302396197813225,0.3583578907543372,-0.006111375286530752,0.49317528802321053,-0.005093273267780271
1759,0.0,4181.841690462159,0.0,0.0031178801455949783,0.557397152808455,-0.0028937728121931176,0.5124418474587839,-0.004433423131104125
1760,0.0,4185.6108415276285,0.0,0.0025150926257137994,0.8137623218892324,-0.0023621791019935758,0.6028379897879184,-0.0038120499223709596
1761,0.0,4182.718885763024,0.0,0.0,0.5487757065157277,0.010801892351256396,0.5866193048062611,0.000572132759717247
1762,0.0,4187.433776187995,0.012131068448593471,0.006046550303233039,0.3134539518717953,-0.005875641914539579,0.5046696989259214,-0.0013621996425598006
1763,0.0,4185.714590275225,0.0380094804877346,0.002054316742829609,0.27163632137811555,0.0030424240120047567,0.43475968566157963,-4.081254619043347e-05
1764,0.0,4185.386677163457,0.0,0.001104709032485423,0.4714353538530324,0.0021038107999404557,0.4457623861190154,0.0006025744576488333
1765,0.0,4183.204734625992,0.0,0.00039348891255551336,0.5885131024996554,0.004563119419599117,0.48858760103320736,0.0017907379462339182
1766,0.0,4182.227535062353,0.01855323849283412,0.003346294399002078,0.25924460095661345,0.0013335366164382648,0.4197847010102292,0.001653577547295222
1767,0.0,4183.642915091486,0.0,0.005910253485777026,0.8851361270470399,-0.00488295948582622,0.5593901288212724,-0.0003073835626412106
1768,0.0,4184.497723164044,0.006040187397306512,0.00401212325943666,0.3587361666273073,-0.003490519114484467,0.4991939401630828,-0.0012623242281941875
1769,0.0,4187.009764538936,0.011157388686700496,0.0054747448457491315,0.4605645235338015,-0.0048606314770974785,0.4876051151742984,-0.002341816402865175
1770,0.0,4193.346689818499,0.017372246781259454,0.011789430911269237,0.3483539025292401,-0.011789430911269237,0.44582975138078085,-0.0051761007553863935
1771,0.0,4193.355147333772,0.0022957306339963335,0.00042200265311545255,0.4138960449014865,0.002637443127640892,0.4362496394369925,-0.002832037590478208
1772,0.0,4197.17560339931,0.00012809561823393342,0.0030106023239887367,0.7360395980826877,-0.002449510283405078,0.5261866270307011,-0.002717279398356269
1773,0.0,4199.039391932557,0.10693616227305551,0.0015910060506529253,0.35210539695905396,-0.0008196336459189138,0.4739622580092069,-0.0021479856726250622
1774,0.0,4200.697631771331,0.12760667096190312,0.003460995184222035,0.298560518974551,-0.0005346675544654321,0.4213417362988101,-0.001663990237177173
1775,0.0,4204.831870084269,0.0,0.007323516348805596,0.7323608727052556,-0.006306178483087525,0.5146474772207438,-0.0030566467109502784
1776,0.0,4203.8985285054405,0.0,0.0004596223890573857,0.708653090207411,0.003805145065908121,0.5728491611167439,-0.0009981091778927585
1777,0.0,4210.011663434902,0.0,0.009521681196293102,0.48016810799464976,-0.009510102896725393,0.5450448451801156,-0.0035517072935425486
1778,0.0,4217.214973169497,0.0,0.013819210416204182,0.6819091733067176,-0.013819210416204182,0.5861041436180962,-0.006631958230341038
1779,0.0,4219.729220131756,0.0,0.00402881488547097,0.4681779360161585,-0.0012619878143329947,0.5507262813375149,-0.005020967105538625
1780,0.0,4227.446486809217,0.06987853807656202,0.008960142125376488,0.15664490317475,-0.008960142125376488,0.4325018678886854,-0.006202719611489983
1781,0.0,4231.76215982574,0.05935721397383727,0.0036433526527221627,0.4069893234200403,-0.003502364732341077,0.42484810454809185,-0.005392613147745312
1782,0.0,4233.712803026964,3.867622823394803e-05,0.0011278711478569603,0.4954025151640705,0.002622018473909205,0.44601442773288547,-0.002988223661248956
1783,0.0,4236.68552102953,0.0,0.0020208466384662093,0.8480397530858513,-0.0004513478238921877,0.5666220253387753,-0.0022271609100419252
1784,0.0,4235.780741599811,0.0013663645273288246,0.0006914860301258662,0.5979785768759943,0.005090488496966024,0.576028990799941,-3.1866087939540384e-05
1785,0.0,4235.8891832783,0.023951048698056168,0.001825306588299853,0.5938741634877496,0.0020953668714384257,0.5813825426062835,0.0006063037998738494
1786,0.0,4239.198170212759,0.004842569879360137,0.00694651827072193,0.36061689514419415,-0.006885791596844497,0.5151528483676567,-0.0016413248191416542
1787,0.0,4240.469933451931,0.06679623399003544,0.003502053657931581,0.2728673756310242,-0.0032126846723468157,0.44246720654666694,-0.0021127327751032025
1788,0.0,4242.809813976827,0.06361602690758908,0.004735434428547025,0.389278203733804,-0.0030770072079649813,0.426510505702808,-0.002402015104961736
1789,0.0,4245.639046580792,0.08608251804937338,0.003725523570517933,0.2456101630365208,-0.003593387321488513,0.3722404029029218,-0.002759426769919769
1790,0.0,4247.506321095963,0.031108718754831614,0.003913492686638775,0.25265277598879404,-0.001273080056857836,0.33636411482868345,-0.002313522756001189
1791,0.0,4252.082941296866,0.0,0.006585583242632729,0.6640095339351508,-0.006563825751713587,0.4346577405606237,-0.003588613654714908
1792,0.0,4255.123423379043,0.0,0.004257824966951211,0.5426501689588686,-0.0037748925647554713,0.46705546908009715,-0.0036444973277270773
1793,0.0,4258.104205394385,0.0,0.0032449605741407253,0.5262838126082404,-0.002319969252979123,0.4848239721385401,-0.003247138905302691
1794,0.0,4264.956763005535,0.000691413120854776,0.010344512852460089,0.5651581952495094,-0.010344512852460089,0.5089242390718309,-0.005376351089449911
1795,0.0,4267.743498070729,0.0,0.002890528028362918,0.6636543144189483,-0.002199247064070881,0.5553432616759661,-0.004423219881836201
1796,0.0,4272.6974179363,0.12461487697555143,0.005315764015263809,0.16244887305158348,-0.0045359998400164745,0.4374749450886513,-0.004457053869290283
1797,0.0,4276.456792647472,0.0,0.003841141587917512,0.7705671452525478,-0.0030387993601424866,0.5374026051378202,-0.004031577516545944
1798,0.0,4277.782908355925,0.036572205663775906,0.0019833245154492612,0.3409632216042431,0.002048005784423432,0.47847079007774707,-0.0022077025262551312
1799,0.0,4283.0058786946065,0.031112316728300407,0.006969746470769152,0.4402229876684933,-0.006589640687257412,0.46699644935497087,-0.0035222839745558156
1800,0.0,4285.428395195161,0.0066379267447379455,0.004956804325009981,0.35140064547173083,-0.0026004574123665238,0.4323177081899988,-0.0032457360058990277
1801,0.0,4292.524816037401,0.0,0.010988127743896885,0.5330122761377996,-0.010979925280926001,0.46252607857433903,-0.00556599278840712
1802,0.0,4296.052344069234,0.0009745752572769129,0.004267339620587436,0.4994137351290693,-0.0037361253606560015,0.47359237554075806,-0.005017032560081784
1803,0.0,4299.450062002108,0.0,0.0032820386792174316,0.7907836599785374,-0.0010716268488941195,0.5687497608720918,-0.0038334108467254846
1804,0.0,4306.544689302995,0.007250905851265622,0.009394863152833157,0.540126534572851,-0.009394672508149095,0.5601627929823195,-0.005501789345152568
1805,0.0,4309.351805603032,3.867622823394803e-05,0.0029501718919780285,0.6554083811411209,-0.0016257814370213943,0.5887364694299599,-0.004338986972713216
1806,0.0,4314.778234703561,0.08108273539070382,0.005577796370360605,0.20889690474156836,-0.005393238934373871,0.47478460002344247,-0.004655262561211412
1807,0.0,4318.500858215792,0.011315067205307174,0.0034347808364895414,0.5672588265112158,-0.003041718280519469,0.5025268679697744,-0.004171199277003829
1808,0.0,4319.424352287933,0.0,0.0008891007737567198,0.7124003671571034,0.003099085820841155,0.5654889177259731,-0.0019901137476503335
1809,0.0,4324.277267448779,0.004862118169973998,0.005821051815202672,0.3329013702555288,-0.005682319265398406,0.4957126534848398,-0.0030977754029747552
1810,0.0,4325.889081319693,0.00010149151848574424,0.0033874493620430443,0.49168036517781905,-0.0011558364354768813,0.49450296699273355,-0.002515193712725393
1811,0.0,4327.446959429006,0.0,0.0029757305550754637,0.6712608639922029,8.606972172565807e-05,0.5475303360925743,-0.0017348146823900775
1812,0.0,4327.132469355422,0.0,0.0014625530062956328,0.8974429705777152,0.0033474650491552237,0.6525041264381166,-0.00021013076292648717
1813,0.0,4328.24372297652,0.001235470853071875,0.0027367840972772305,0.6226899615333189,-0.0004992576346758145,0.6435598769666773,-0.0002968688244512854
1814,0.0,4328.136082413423,0.0,0.0026961423142015896,0.7488862982820822,0.00045550691885101014,0.6751578033612987,-7.115610146059674e-05
1815,0.0,4325.719671820483,0.0,0.0011354042381593033,0.48586884881201503,0.005346391931657265,0.6183711169965136,0.0015541083084747618
1816,0.0,4325.538676797046,0.022251898741274968,0.002219385307712666,0.22789950510667517,0.00038643939166315273,0.5012296334295621,0.001203807633431279
1817,0.0,4325.025501674049,0.0,0.0022619552665419525,0.621398707296127,-0.0005999066331457592,0.5372803555895315,0.0006626933534581675
1818,0.0,4324.628041605555,0.0,0.0027346699059629734,0.7894275035562652,-0.0004535366985213256,0.6129244999795516,0.0003278243378643195
1819,0.0,4328.652505257233,0.01440260551013872,0.009088264198260027,0.43955299229184425,-0.009088264198260027,0.5609130476732394,-0.0024970022229729846
1820,0.0,4329.983569838743,0.02181297384842604,0.003358199203478043,0.22426291643462407,-0.0030104931374652514,0.45991800830165475,-0.0026510494973206646
1821,0.0,4332.3122174772325,0.010035354078677125,0.0029093787898006106,0.4870316218270877,-0.002139844868864797,0.4680520923592846,-0.0024976881087839043
1822,0.0,4336.071827215924,0.017193156978465216,0.0050927968488014,0.35891641065347774,-0.00496694005803364,0.43531138784754253,-0.003238463693558825
1823,0.0,4338.52701053458,0.0,0.005201151600421366,0.6094996469633905,-0.002378270813318879,0.4875678655822969,-0.002980405829486841
1824,0.0,4341.326349757805,0.0013040290419116614,0.0032528354895230687,0.37358228516189007,-0.0023343734580323744,0.45337219145617486,-0.002786596118050501
1825,0.0,4344.366411024194,0.02010542396662839,0.0032118955940032183,0.5599411506346618,-0.0031127633943439804,0.48534287920972097,-0.0028844463009385446
1826,0.0,4344.31312961792,0.0,0.00065557657143756,0.5494272600605408,0.003133892481912912,0.5045681934649668,-0.0010789446660831076
1827,0.0,4347.924474438453,0.0980477857717969,0.004903286062484034,0.06889956446203532,-0.004474047451547803,0.37386760476408737,-0.002097475501722516
1828,0.0,4346.699417421388,0.0,0.001347507039588287,0.6691064827405715,0.0037634976252953227,0.46243926815703257,-0.0003391835636171643
1829,0.0,4349.723971886265,0.0061921171983128406,0.0044472580370951914,0.5527397557505437,-0.004102152172381995,0.4895294144350859,-0.0014680741462466135
1830,0.0,4351.060026876764,0.11423157850716059,0.003913671943602355,0.30762992611967716,-0.0023689619286799083,0.4349595679404633,-0.001738340480976602
1831,0.0,4352.891934405212,0.011333444112019189,0.002869363986134477,0.4477715318382363,-0.0022147992618855626,0.4388031571097952,-0.0018812781152492903
1832,0.0,4357.211773948349,0.09997047801105212,0.00711315118102224,0.19796889389687206,-0.007110507792384519,0.36655287814591825,-0.003450047018389859
1833,0.0,4356.693458649995,0.0,0.0008820518172068797,0.7231735020054451,0.003183240200725352,0.4735390653037762,-0.0014600608526552955
1834,0.0,4360.9885308998155,0.002098645849303127,0.005510082125808422,0.5352486966903038,-0.005293432340778518,0.49205195471973445,-0.002610072299092262
1835,0.0,4362.576063699973,0.04500642238048582,0.003950831682348189,0.43047522054733944,-0.0016777102663501537,0.4735789344680159,-0.0023303636892696294
1836,0.0,4364.767098427677,0.034138266947499066,0.004867220188226182,0.322511916885149,-0.0017487318841097864,0.42825882919315583,-0.0021558741477216764
1837,0.0,4365.219743845357,0.025262390889520835,0.002006339251878821,0.4112116459972699,0.0015742789789779197,0.42314467423439006,-0.0010368282097117975
1838,0.0,4368.644944314686,0.023065887315381624,0.005463160756943177,0.32207610367958084,-0.0048469308984863116,0.3928241030679473,-0.002179859016344152
1839,0.0,4366.911295427583,0.0,0.0011667537396585794,0.7469037731764424,0.0047826253589295506,0.4990480041004958,-9.111370376204092e-05
1840,0.0,4368.307973973225,0.0,0.004214204624982583,0.4889592597161105,-0.0006352640904045937,0.4960213807851802,-0.0002543588197548068
1841,0.0,4368.798664179279,0.0,0.0028421203015887085,0.643685351122905,-0.000916762870370505,0.5403205718864976,-0.00045308003493951625
1842,0.0,4368.339474983685,0.0,0.001939156526599524,0.6572224611124501,0.0012404795961863564,0.5753911386542834,5.498785439824556e-05
1843,0.0,4369.705385986221,0.0,0.002770354838584423,0.47168822479206807,-0.002375980712820027,0.5442802644956187,-0.0006743027157672363
1844,0.0,4370.651659773291,0.04912865439902257,0.0027725988508798993,0.42078747370541686,-0.0020005867915705855,0.5072324272585581,-0.001072187938508241
1845,0.0,4371.534309619911,0.015435991888557288,0.0027707451939583475,0.40978071838362506,-0.0010917806874309844,0.4779969145960782,-0.001078065763185064
1846,0.0,4372.868277422788,0.02826820767739217,0.0037388352987103328,0.3590119803951117,-0.0016173177465809202,0.44230143433578817,-0.0012398413582038208
1847,0.0,4371.155385402716,0.0,0.0006718159904932522,0.6594513964538167,0.004743170268393722,0.5074464229711967,0.000555062129775442
1848,0.0,4374.948346528962,0.018850141988067348,0.006958769911705861,0.26492206675477037,-0.006633628520291161,0.4346891161062688,-0.0016015450652445387
1849,0.0,4377.001449383521,0.12218074458776698,0.005845850456501781,0.026111213585168932,-0.004788756287793441,0.31211574534993886,-0.0025577084320092093
1850,0.0,4379.76310580594,0.0,0.005664479263582737,0.6378365387664805,-0.003978603585741374,0.40983198337490134,-0.0029839769781288585
1851,0.0,4383.379635993162,0.10460171119068382,0.004902530957818777,0.33528141463351524,-0.00474582589927982,0.38746681275248546,-0.003512531654474147
1852,0.0,4385.898494170212,0.008602303341755406,0.0035614889828279755,0.5856880717361128,-0.0019929563643697125,0.4469331904475736,-0.0030566590674428163
1853,0.0,4387.422207305543,0.07497841595195388,0.0027393213717275293,0.1568647936146556,0.0006118455692809529,0.35991267139769817,-0.0019561076764256858
1854,0.0,4391.4143315538595,0.10746355628204622,0.005495947165543798,0.2577064817393389,-0.005051401168888738,0.3292508145001904,-0.002884695724164601
1855,0.0,4393.353416345389,0.003618655286169327,0.002816929297024297,0.5117116434577011,-0.0018819521642336303,0.38398906318744364,-0.0025838726561853097
1856,0.0,4395.923518244181,0.0,0.002905049283926479,0.6688412391747331,-0.0022418262158048693,0.46944471598363047,-0.0024812587240711772
1857,0.0,4399.1762087741945,0.012292285905944726,0.004835429590673223,0.3169295461420281,-0.003981518807166649,0.42369016503114976,-0.0029313367489998184
1858,0.0,4400.802737205288,0.0013003689014150007,0.002320243699704116,0.621428933930883,-0.0006818173626618849,0.4830117957010698,-0.0022564809330984383
1859,0.0,4397.88274921145,0.0,0.00024288244044108373,0.7313926539769868,0.009230804139583312,0.5575260531838448,0.001189704588706087
1860,0.0,4395.734245822893,0.00013311511437641202,3.6458369117050275e-05,0.4750994654749624,0.006776978673607662,0.5327980768711801,0.0028658868141765593
1861,0.0,4396.995781487045,0.03982153833269004,0.005239756864934404,0.25998448597259005,-0.003986886864142013,0.45095399960160304,0.0008100547106809875
1862,0.0,4400.683783376411,0.0,0.010702388313891234,0.5752740241206502,-0.010702388313891234,0.4882500069573172,-0.0026436781966906794
1863,0.0,4400.815295090234,0.010773595855844979,0.0033207201337780556,0.4559392174340962,-0.0010076364692292712,0.4785567701003509,-0.002152865678452257
1864,0.0,4405.145385251353,0.0,0.0062999533279022865,0.5039501017281025,-0.006177486977510005,0.48617476958867634,-0.0033602520681695813
1865,0.0,4406.62284544382,0.10766712575197919,0.0038184627112864463,0.050993345520805956,-0.0006954631497435198,0.3556203423683152,-0.0025608153926417626
1866,0.0,4406.9155409643345,0.0,0.0012071137232020517,0.5998421095133885,0.0029971808779651254,0.4288868725118371,-0.0008934165114596961
1867,0.0,4409.9883278458165,0.0,0.004086473491196109,0.8350805509991885,-0.0036968976144425253,0.5507449760580425,-0.0017344608423545448
1868,0.0,4415.511922323603,9.772305286817174e-06,0.010504577094186947,0.6300340489899037,-0.010504577094186947,0.5745316979376008,-0.004365495717904265
1869,0.0,4417.3025566398865,0.0,0.0022986828567425357,0.6617182439065561,-0.001741862459892679,0.6006876617282875,-0.003578405740500789
1870,0.0,4419.6616320468775,0.002460177466324211,0.002201390250574008,0.5530938098438231,-0.00021824881922572585,0.5864095061629482,-0.00257035866411827
1871,0.0,4424.037018122843,0.0,0.005357537357246027,0.5027420265963657,-0.00528078340090083,0.5613092622929734,-0.0033834860851530376
1872,0.0,4430.741144350593,0.004842569879360137,0.01114911467148807,0.4693883779590421,-0.011148494112475144,0.533732996992794,-0.005712988493349669
1873,0.0,4436.070547133866,0.0028065628257333886,0.007493035306731528,0.4611313978346458,-0.007340416605897888,0.5119525172453495,-0.0062012169271141344
1874,0.0,4440.794331138283,0.001790482282176545,0.004352678800300383,0.48071489338543233,-0.0036318029566670147,0.5025812300873743,-0.005430392735979998
1875,0.0,4442.147477710584,0.0,0.00021436898261076515,0.7697194754761016,0.003866811970783667,0.5827227037039925,-0.002641231323950898
1876,0.0,4444.619671413213,0.0,0.0016565152542151822,0.6466713785882233,0.0006163068579999818,0.6019073061692617,-0.0016639698693656341
1877,0.0,4448.420579000172,0.0,0.00512695228531836,0.6956741627486055,-0.005097942765827619,0.6300373631430648,-0.0026941617383042294
1878,0.0,4447.412512564296,0.012134969177136107,0.0005380931075418891,0.43315860695707764,0.0039456970944289765,0.5709737362872687,-0.0007022040884842675
1879,0.0,4454.473044707482,0.05837349223771067,0.011875839303073536,0.13040091920432817,-0.011873764983883765,0.4388018911623865,-0.004053672357104117
1880,0.0,4455.141372397726,0.0005169017184938807,0.0015693786008744734,0.5872498183534125,-0.0004919837476258015,0.48333626931969426,-0.002985165774260622
1881,0.0,4456.356161177341,0.05331498262707398,0.0024836067968536384,0.32485240826023615,0.0018161473217106169,0.4357911110018568,-0.00154477184546925
1882,0.0,4461.714442156009,0.0,0.008019888796215466,0.7829101189001428,-0.00798917219714074,0.5399268133713426,-0.003478091950970697
1883,0.0,4460.936909970316,0.0,0.0008072798069623441,0.7682250924985169,0.003373916557180878,0.6084162971094949,-0.0014224893985252246
1884,0.0,4461.8316517031835,0.0,0.0009857433187398911,0.4963975814460082,0.001818237563725482,0.5748106824104489,-0.00045027130985001264
1885,0.0,4461.094634230624,0.0,0.0014643471456978131,0.5763011000336457,0.003035974162540255,0.5752578076974079,0.0005956023318670677
1886,0.0,4467.672167240741,0.0,0.013258977920478459,0.48888494066620336,-0.013258977920478459,0.5493459475880464,-0.00356077174383659
1887,0.0,4467.175961632676,0.008018763441743779,0.0006744280629595774,0.4656425647118618,0.0005617080771032136,0.524234932725191,-0.0023240277975546484
1888,0.0,4472.282353366573,0.02915986549597055,0.006832964946571559,0.2541749863510101,-0.0068323443875586325,0.44321694881293666,-0.0036765227745558437
1889,0.0,4475.284913356375,0.0,0.00420423651526476,0.6942554523694907,-0.003681282574026619,0.5185284998799029,-0.0036779507143970764
1890,0.0,4478.583355739092,0.005425630928469979,0.002955691314027374,0.5282609899412024,-0.0028887957940672733,0.5214482468982927,-0.0034412042382981354
1891,0.0,4483.67383558142,0.06957694518438014,0.006658576561236323,0.35300338381250707,-0.006630584167422883,0.470914787972557,-0.00439801821703556
1892,0.0,4490.248586955233,0.0329541627879635,0.010129978216872343,0.3334396277373323,-0.009929560188173682,0.42967223990198955,-0.006057480808376996
1893,0.0,4493.108496257625,0.0,0.002045863330434191,0.7442098561223157,-0.0011244803702212427,0.5240335247680874,-0.00457758067693027
1894,0.0,4497.43192619121,0.00030847462510703015,0.003747245714016785,0.4256142197261285,-0.0025065373247023315,0.4945077332554997,-0.003956267671261888
1895,0.0,4499.560501275968,0.0,0.001602572962016521,0.7006665099722766,0.0004986262648576969,0.5563553662705327,-0.0026197994904260126
1896,0.0,4505.180225699617,0.05372626896546444,0.00759321327476472,0.1594833754301063,-0.007477488746270723,0.4372937690184048,-0.004077106267179426
1897,0.0,4508.815478722334,0.001956412588136421,0.0049464768427911,0.4831554673122358,-0.004674606567001518,0.45105227850655405,-0.004256356357126053
1898,0.0,4510.615236156423,0.00014278789225490845,0.0008514500955159416,0.5440530086083527,0.0006748392221730238,0.4789524975370937,-0.0027769976833363296
1899,0.0,4517.2851271517175,0.0,0.009346193464718097,0.848215596455018,-0.009346193464718097,0.589731427212471,-0.00474775641775086
1900,0.0,4521.797165204054,0.0,0.006311159681698414,0.7230839982414062,-0.0063095501714884985,0.6297371985211515,-0.005216294543872151
1901,0.0,4524.757782853078,0.00037707039226253926,0.0032453496807783593,0.4441879392376374,-0.001005028227647043,0.5740724207360972,-0.003952914649004618
1902,0.0,4529.847633666465,0.06805142356950843,0.005227804521745037,0.21969069976422959,-0.00500551093431375,0.4677579044445369,-0.004268693534597357
1903,0.0,4529.745563301393,0.12333244080727244,0.0005450630529117366,0.1683798809360616,0.004508128250553802,0.3779444973919943,-0.0016356469990520097
1904,0.0,4532.187385169515,0.1621001838990749,0.002712217729144902,0.1589883476640873,-0.0005724211684197963,0.3122576524736222,-0.0013166792498623455
1905,0.0,4535.417936478093,2.5129069936564474e-05,0.006159723522565447,0.5262089994365009,-0.004971654633447399,0.3764430565624858,-0.0024131718649378613
1906,0.0,4535.1582725465205,0.0012332731122843684,0.0019405207736728045,0.3434745194673827,0.0020130562370882467,0.36655249543395485,-0.0010853034343300291
1907,0.0,4539.754761157656,0.004209998497189186,0.00716858044277901,0.4320869469920311,-0.007017076270790055,0.3862128309013777,-0.002864835285268037
1908,0.0,4542.7262271235195,0.0,0.005001641784975962,0.520268660947695,-0.004940661547903184,0.42642957991527286,-0.003487583164058581
1909,0.0,4543.762305874918,0.02164624654132975,0.002046627810437153,0.46229126742057086,0.0009710219885751434,0.4371880861668622,-0.0021500016182684632
1910,0.0,4544.826316032037,0.001904422027641459,0.0013147990219761635,0.4369117512224999,0.0015057947026579522,0.4371051856835535,-0.0010532627219905387
1911,0.0,4544.870455761818,0.0,0.002054647042801759,0.5619920623949868,0.0021915131954012234,0.4745712486969834,-7.982994677301005e-05
1912,0.0,4545.052489955863,0.06519544058921824,0.0031535170762281603,0.41806770155599426,0.0007212370122632468,0.45762018455468667,0.000160490140937867
1913,0.0,4544.7151178756585,0.0,0.0011616130115046253,0.7381085521115799,0.000779327605774295,0.5417666948217545,0.0003461413803887954
1914,0.0,4544.995160627032,0.007932667410503212,0.0036018349222849784,0.377118005370408,-0.0007650221863545716,0.49237208798635057,1.2792310365785286e-05
1915,0.0,4540.307477471084,0.0022818701539407448,0.0001328786772564371,0.5545693572275562,0.009404909624056068,0.5110312687587122,0.0028304275044728705
1916,0.0,4541.160050925526,0.0018772948298635616,0.004469911491897193,0.3705118015069128,-0.0019074544994068898,0.4688754285831723,0.0014090629033089424
1917,0.0,4538.71117140436,0.0,0.0021292660113423592,0.6211000387137653,0.002094759397632078,0.5145428116223502,0.0016147718516058831
1918,0.0,4537.604400794402,0.09107072993184591,0.002257691499901878,0.16493266939435713,0.0007707160859825611,0.40965976895395223,0.0013615551219188864
1919,0.0,4538.911143424263,0.014446446725535996,0.004556927761791034,0.40690272862279503,-0.004461165954380368,0.408832656854605,-0.0003852612009708899
1920,0.0,4538.612049005382,0.0,0.002366631979236905,0.5743983972098612,-0.0007791206626211875,0.45850237896118184,-0.0005034190394659792
1921,0.0,4540.9406430751815,0.0,0.004846166271495474,0.5969168888150261,-0.0044289481010923925,0.500026731917335,-0.0016810777579539032
1922,0.0,4543.023299281254,0.10098101709232261,0.004279610275661297,0.267574854350912,-0.003744427356627963,0.4302911686474081,-0.002300082637556121
1923,0.0,4545.4833904039215,0.029245173980769496,0.00450787221601686,0.20396397061494634,-0.003278230397787848,0.36239300923766954,-0.002593526965625639
1924,0.0,4547.4085961398905,0.14094458151724368,0.0037935275472384808,0.035657772829381054,-0.001506862245582065,0.264372438315183,-0.0022675275496125665
1925,0.0,4549.302272785291,0.04252450180041301,0.001901242496608865,0.12742390788401867,-0.0011490887741574508,0.22328787918583368,-0.0019319959169760317
1926,0.0,4553.720341139879,0.0030691947026178696,0.006872221765938852,0.432417122834841,-0.0067618013780042525,0.28602665228053586,-0.0033809375552844977
1927,0.0,4558.299450523609,0.03888214239260547,0.00738644307111854,0.3106701524679622,-0.00738644307111854,0.29341970233676373,-0.00458258921003471
1928,0.0,4561.870999005914,0.002098645849303127,0.004697178192010501,0.3654123406007339,-0.0037279748342938764,0.3150174938159548,-0.00432620489731246
1929,0.0,4562.510434101558,0.0,0.0006463070115268595,0.7617765715976212,0.0036216325152504027,0.4490452171504547,-0.0019418536735436008
1930,0.0,4561.992070634107,0.007450726994950839,0.00039901607902398677,0.5219354348179266,0.005667297894952981,0.4709122824506963,0.00034089179700537366
1931,0.0,4564.384922629205,0.0002765305545491272,0.004163399981559499,0.5480861487140583,-0.0029765479047187595,0.4940644423297048,-0.0006543401135118664
1932,0.0,4565.222583660078,0.0,0.0032125006863727708,0.7206728204737857,-0.002072958598138326,0.5620469557729291,-0.001079925658899804
1933,0.0,4566.435570429685,0.0,0.003236171060035325,0.5038450843782346,-0.0018004545826497084,0.5445863943545207,-0.0012960843360247754
1934,0.0,4567.617347001561,0.0,0.0027336744344785315,0.715427510143738,-0.0012831084493875988,0.5958387290912859,-0.0012921915700336223
1935,0.0,4572.727353419524,0.0,0.009241917538646015,0.6987639634684185,-0.009241917538646015,0.6267162994044256,-0.0036771093606173403
1936,0.0,4571.385282418152,0.0,0.000962961324659475,0.6281565370805356,0.004295227028336646,0.6271483707072586,-0.0012854084439311445
1937,0.0,4574.871494284352,0.16509635872513345,0.004071372663765953,-0.06840267238575208,-0.003379060452107956,0.41848305777935535,-0.0019135040463841876
1938,0.0,4574.53430439417,0.0,0.0007082431613856428,0.6204229449717599,0.0021211754022373176,0.4790650239370767,-0.000703100211797736
1939,0.0,4578.637169938226,0.01567996113129019,0.006836166878693275,0.25164701428576486,-0.0065251073263087826,0.4108396210416831,-0.00244970234615105
1940,0.0,4581.725866205681,0.0,0.005681528572247111,0.6174365670406132,-0.005600316905485396,0.4728187048413621,-0.0033948867139513535
1941,0.0,4584.845417848381,0.0,0.004032444580012371,0.39338104229042564,-0.0038058390319688547,0.4489874060760812,-0.0035181724093566033
1942,0.0,4587.336668028726,0.0,0.0033306976207708758,0.4700141680017232,-0.001507173698299026,0.45529543465377376,-0.0029148727960393297
1943,0.0,4593.630117006737,0.009968206763173388,0.009334536366532628,0.393631546277387,-0.009325136077939618,0.4367962681408577,-0.004837951780609416
1944,0.0,4597.196653252574,0.017628359183245863,0.0044296629192911935,0.3576821706373458,-0.004192376692094968,0.41306203888980414,-0.004644279254055081
1945,0.0,4602.328874866062,0.003928458224043379,0.005613917835250378,0.42540641405392,-0.005459083621045141,0.4167653514390389,-0.004888720564152098
1946,0.0,4605.669595589718,0.013305161129006987,0.003118410238780997,0.34601158958473244,-0.0019183472611359362,0.39553922288274695,-0.00399760857324725
1947,0.0,4609.7588133340505,0.0,0.00411511054130258,0.793153099124758,-0.003260219355816021,0.5148233857553502,-0.0037763918080178814
1948,0.0,4614.505402871376,0.03098392844811532,0.006718867148897193,0.4540831117726319,-0.0055672029469600445,0.4966013035605347,-0.0043136351497005294
1949,0.0,4615.278474101642,0.0,0.0009567834571817746,0.6514796575015843,0.002502911201533674,0.5430648097428497,-0.002268671244330268
1950,0.0,4616.296044914063,0.009801224546991527,0.0010955005350106522,0.41373616451964573,0.0024679587235746123,0.5042662161758884,-0.000847682253958804
1951,0.0,4620.392170068316,8.928004545772318e-05,0.006377487106797438,0.5000731328925675,-0.006135074764599997,0.5030082911908921,-0.0024339000071511617
1952,0.0,4620.207495296115,0.0,0.0022398441193876074,0.7636078567480468,0.0013691539569227757,0.5811881608580385,-0.0012929838179289803
1953,0.0,4624.113062642079,0.020079556099692697,0.0059531801536589005,0.6021045937084682,-0.0055474118042283665,0.5874630907131674,-0.002569312213818796
1954,0.0,4626.572342085918,0.06251267793741469,0.004773466855152724,0.22927609778801866,-0.003669586022077622,0.48000699283562276,-0.0028993943562964433
1955,0.0,4630.222717722156,0.008938158306652384,0.005235480470720599,0.3549029714221574,-0.004807774254590571,0.44247578641158314,-0.0034719083257846815
1956,0.0,4630.52737344224,0.0,0.000983646164839276,0.628136596381807,0.0025301658845428973,0.49817402940265026,-0.0016712860626864076
1957,0.0,4632.918865691472,0.009429129938417028,0.002087325986645455,0.3922926221111391,-0.0012960674272633602,0.4664096072151969,-0.0015587204720594933
1958,0.0,4636.30456313674,0.02095504969860249,0.006078289459573109,0.31842117465597347,-0.00524766667600672,0.42201307744742983,-0.0026654043332436615
1959,0.0,4640.0887039943345,0.006267555339272397,0.006714319726604004,0.47907436787463614,-0.006148901114375532,0.4391314645755917,-0.0037104533675832224
1960,0.0,4641.235508207345,0.0,0.0009610717787893014,0.5960412046278503,0.0005418896270062328,0.4862043865912693,-0.002434750469206386
1961,0.0,4645.916233911744,0.06423388840416504,0.005948069929885597,0.4198806582460934,-0.005785008356714565,0.4663072680877165,-0.0034398278354588396
1962,0.0,4644.402853350476,0.07581748596699846,0.0003979258935803387,0.34089171019986547,0.005832400734539939,0.42868260072136116,-0.0006581592644592058
1963,0.0,4649.761139938354,0.001962963946778401,0.007972069053149131,0.46655576062304366,-0.0075525197601235584,0.4400445486918659,-0.0027264674131585115
1964,0.0,4653.37699339252,0.05432499760543773,0.0067491334474435736,0.23142544579529103,-0.00673384265348317,0.37745881782289337,-0.003928679985255909
1965,0.0,4655.158173376878,0.004209998497189186,0.0035342276662012123,0.46758451314045274,-0.0007070264126545186,0.40449652641816114,-0.0029621839134754916
1966,0.0,4659.844731783557,0.07685053046811118,0.006785087016125276,0.18615007993645746,-0.005547864032878319,0.33899259247365,-0.0037378879492963395
1967,0.0,4663.218211683059,0.0,0.00514851004948922,0.62891015721393,-0.003786729549538113,0.425967861895734,-0.0037525404293688716
1968,0.0,4666.86250741644,0.0013533052442128944,0.003730748164458242,0.5839968951230857,-0.0035422936461369844,0.47337657186393944,-0.0036894663943993055
1969,0.0,4668.823904746306,0.0,0.0018996209086098942,0.686662326329626,-2.3620390194403116e-05,0.5373622982036453,-0.0025897125931378345
1970,0.0,4672.160636479206,0.0,0.004783974608864964,0.4774332569674748,-0.003000425591328468,0.5193835858327942,-0.0027129264925950247
1971,0.0,4673.840842887761,0.0,0.002287030872792867,0.6571175558869126,-0.0006897741294453705,0.5607037768490297,-0.002105980783650128
1972,0.0,4675.068777119018,0.06627729265582014,0.0012828293809269973,0.3393058252237049,0.0003555179806513109,0.49428439136143226,-0.0013675311543596964
1973,0.0,4677.291027664747,0.09235549680298942,0.0031078063377426605,0.3264909491595009,-0.0023789781892023134,0.4439463587008528,-0.0016709652648124814
1974,0.0,4681.9262549550685,0.0723371486663039,0.00820891610806026,0.26426853782767135,-0.008162588349676054,0.3900430124388984,-0.0036184521902715527
1975,0.0,4686.026976724662,0.004422524860760528,0.0076134054788306845,0.23283545471497138,-0.006651812694547486,0.34288074512172023,-0.004528460341554333
1976,0.0,4689.31709967217,0.016675062220568776,0.004544298982349272,0.578042945791289,-0.0028965159282102995,0.41342940532259087,-0.004038877017551123
1977,0.0,4694.102022296551,0.007643511095785188,0.006375503240188373,0.4512337813604908,-0.005083156069275002,0.42477071813396083,-0.0043521607330682865
1978,0.0,4697.189595100477,0.0,0.0033673099988817635,0.5573437548769221,-0.002043939751018804,0.4645426291568492,-0.0036596944384534413
1979,0.0,4697.235905755399,0.05597065130190216,0.0010430944214670228,0.383752031149221,0.00458950750079477,0.4403054497545607,-0.001184933856678978
1980,0.0,4704.145795823578,0.0,0.010615883057654561,0.7770671725145836,-0.010534050357956837,0.5413339665825676,-0.003989668807062335
1981,0.0,4709.2256914298705,0.1718393869113928,0.009182573545442028,0.21329674013564756,-0.009182573545442028,0.4429227986484916,-0.005547540228576243
1982,0.0,4708.859575056422,0.006293928607458136,0.001231072174322608,0.41497628633504496,0.005149794961567409,0.4345388449544576,-0.0023383396715331473
1983,0.0,4711.738047877379,0.01574273067801755,0.003481672135374752,0.44522082438532934,-0.0001206998192452987,0.4377434387837191,-0.0016730477158467926
1984,0.0,4712.694426873641,0.0,0.0009737823521592865,0.529398421869078,0.0005130245704623545,0.46523993370932676,-0.0010172260299540483
1985,0.0,4716.074759365784,0.0,0.005449311076782895,0.7963382072630508,-0.005257216903378525,0.564569415775444,-0.0022892232919813913
1986,0.0,4717.653650841114,0.11085071896301094,0.004131083063101849,0.22585324536379853,-0.0021343624885666918,0.4629545646519503,-0.0022427650509569816
1987,0.0,4717.476634619216,0.0,0.001814715111563014,0.7538631293865148,0.0028468399352224276,0.5502271340723196,-0.0007158835551031588
1988,0.0,4720.473826781429,0.005104868432855758,0.004083028885015088,0.31554100097248083,-0.0038781082617348962,0.47982129414236796,-0.00166455096709268
1989,0.0,4723.2938738756575,0.04814599304640234,0.005379462379142328,0.19232773744858803,-0.005060029786112052,0.393573227134234,-0.0026831946127984915
1990,0.0,4722.434037561314,0.0025622923163736372,0.0017281804715360422,0.5965172112919139,0.003637032687802842,0.45445642238153794,-0.0007871264226180913
1991,0.0,4724.337397469249,0.0,0.0019812332161152357,0.7985478806800499,-0.0011375418189231844,0.5576838598710915,-0.0008922510415096192
1992,0.0,4723.231629110776,0.0,0.0013600318364594074,0.8668609471476257,0.0031607845637736886,0.6504369860540518,0.00032365964007537314
1993,0.0,4723.875668411414,0.025313539098255594,0.002929423347274644,0.2999959841242952,-0.00042580619309387,0.5453046854751248,9.881989012460021e-05
1994,0.0,4724.257431654581,0.0004553693345490983,0.00382767897338368,0.4780639580221693,-0.0011366030437640533,0.5251324672392381,-0.00027180699004199585
1995,0.0,4724.429059386417,0.021399349162289753,0.0019557828737747133,0.33141633267372483,-0.00044916986895308225,0.4670176268695841,-0.00032501585371532175
1996,0.0,4723.845743842475,0.0,0.0020682709877892537,0.383185254114947,0.0015119153250790901,0.44186791504319295,0.0002260634999230018
1997,0.0,4724.079033622183,4.3539974050176e-06,0.0025133263220121042,0.5868303643209919,-0.00015688150593668943,0.4853566498265326,0.00011117999816509443
1998,0.0,4725.705901770546,0.0,0.003908198666452079,0.8112950658629942,-0.0036294239547650826,0.5831381746374711,-0.0010110011877139586
1999,0.0,4727.048058646881,0.1779954969900157,0.003677054734739146,0.050000847727308534,-0.002869847607632488,0.4231969765644223,-0.0015686551136895174
2000,0.0,4730.79887532944,0.024014423448076427,0.0066996634637881015,0.18939183404791993,-0.006695714555058078,0.3530554338094715,-0.0031067729461000853
2001,0.0,4733.819484076698,0.0,0.004783728501590105,0.49194495008627737,-0.004529470273939773,0.39472228869251325,-0.003533582144451991
2002,0.0,4736.74979611134,0.045145382730771455,0.004716155547362461,0.2575595912769215,-0.0027213623306329756,0.3535734794678357,-0.0032899162003062867
2003,0.0,4738.925558807156,0.00012809561823393342,0.0014235030864087562,0.549846088768954,-0.0007149443741341836,0.4124552622581712,-0.0025174246524546557
2004,0.0,4737.610243208128,0.0,0.00016317879323236845,0.5179298075124708,0.00627212956714864,0.44409762583446105,0.00011944161342633303
2005,0.0,4739.405857943547,0.012590177025247496,0.0025244996079990243,0.3099439698932545,-0.0011235234197105495,0.4038515290520991,-0.0002534478965147317
2006,0.0,4741.388046215951,0.04286698932469436,0.005022154512217964,0.31359949122719283,-0.004243416919138739,0.37677591770462715,-0.0014504386033019339
2007,0.0,4747.369158976746,0.0030691947026178696,0.012142041018298903,0.5608075586641447,-0.012136208417647561,0.43198540999248236,-0.004656169547605622
2008,0.0,4749.66001736844,0.0,0.004206941749962215,0.7535782591500855,-0.003067741039774462,0.5284632647397632,-0.004179640995256274
2009,0.0,4753.551255523289,0.0,0.00479672695531982,0.9037624500049595,-0.003082417835708643,0.6410530203193221,-0.003850474047391985
2010,0.0,4754.978484613248,0.0,0.0017580320203588711,0.6008589032622109,0.0015408351846187445,0.6289947852021887,-0.002233081277788766
2011,0.0,4758.480508997916,0.0,0.0037514398239674013,0.8840569353623501,-0.0031919286154523767,0.705513430250237,-0.002520735479087849
2012,0.0,4759.281895216277,0.05401954229854504,0.0016215390285263622,0.31715754112417155,0.0007616023544087983,0.5890066635124174,-0.0015360341290388546
2013,0.0,4757.853483678721,0.0,0.0005367503466684841,0.4810157932603423,0.0056656249160013964,0.5566094024367948,0.0006244635844732207
2014,0.0,4756.952395637987,0.002098645849303127,0.0008146725507971048,0.5412259956057869,0.003451282986591202,0.5519943803874924,0.001472509405108615
2015,0.0,4757.659867587785,0.0,0.002881824006538584,0.8951492543284003,-0.00218573735445055,0.6549408425697647,0.0003750353772408654
2016,0.0,4759.969872881884,0.010656129399034332,0.006562189130697625,0.5300589572350847,-0.0063620014670808704,0.6174762769693607,-0.0016460756760556553
2017,0.0,4760.750399862779,0.0,0.003134466606732185,0.6138290057719246,-0.0019481732416542115,0.6163820956101298,-0.0017367049457352223
2018,0.0,4762.340921906717,0.0016841147709536985,0.003551475942874024,0.5264087008775846,-0.0015265627229070137,0.5893900771903662,-0.0016736622788867596
2019,0.0,4769.023434777047,0.07049584040041965,0.012043098233094476,0.19677545865231438,-0.012043098233094476,0.4716056916289506,-0.004784493065149074
2020,0.0,4770.165377901853,0.0,0.0026191013455690144,0.6334690445412526,-0.0004362960917905426,0.5201646975026412,-0.003480033973141515
2021,0.0,4775.582303130884,0.18426647686369693,0.0063471942370397485,-0.05292424758493292,-0.006156412535402259,0.34823801397636894,-0.004282947541819738
2022,0.0,4778.4970744775665,0.004018901149986938,0.003278723126821281,0.5963526491032591,-0.0022689487693240825,0.422672404514436,-0.003678747910071041
2023,0.0,4781.730262988178,0.0567060348672672,0.0034823867570276603,0.13742846362323569,-0.0021211245447935482,0.3370992222470759,-0.003211460900487793
2024,0.0,4786.626774988353,0.0,0.006245792165674214,0.8181330718238278,-0.006235226723186368,0.48140937712010146,-0.004118590647297365
2025,0.0,4790.815991127166,0.018405760998788104,0.005936484826758094,0.3455714481072391,-0.005210653907546329,0.44065799841624276,-0.004446209625372054
2026,0.0,4792.134702824607,0.0,0.0011894601745885398,0.5304004411202603,0.0017281412889880755,0.467580731227448,-0.002593904351064015
2027,0.0,4795.808860432459,0.3600406268592013,0.003172548322784608,-0.3600406268592013,-0.002914947308634084,0.21929432380145317,-0.0026902172383350357
2028,0.0,4796.677285085206,0.0,0.0018152415083315288,0.814489371920954,0.0010048580573993973,0.39785283823730344,-0.0015816946496147056
2029,0.0,4801.0577094444325,0.0,0.006890667446374308,0.6471711022567826,-0.006257670514720527,0.47264831744314717,-0.002984487409146452
2030,0.0,4801.629448635643,0.004624823172778272,0.003094211423959373,0.35463462592618417,0.0005808289203745055,0.43724420998805824,-0.0019148925102901648
2031,0.0,4805.7678406250225,0.0,0.0060320505258045455,0.6775781856454258,-0.005433021738750735,0.5093444026852685,-0.002970331278828336
2032,0.0,4805.21135883763,0.004209998497189186,0.0029475468542930175,0.49301475428152525,0.0032777805585718447,0.5044455081641455,-0.0010958977276082818
2033,0.0,4805.905553397073,0.0035578878924159185,0.0010313400460119104,0.3067811550928169,0.0016935188219210548,0.4451462022427468,-0.0002590727627494807
2034,0.0,4807.824725894758,0.009620526120034847,0.003511781350306775,0.4506904404710025,-0.002845921205469258,0.4468094737112235,-0.0010351272955654138
2035,0.0,4810.480480673651,0.0,0.005604164471900622,0.5809453711404979,-0.0052198246908501935,0.48705024294000576,-0.002290536514150848
2036,0.0,4812.625235550581,0.011578530913777717,0.0038208435803206453,0.31416936786487054,-0.003294542705967136,0.43518598041746515,-0.002591738371695734
2037,0.0,4817.037485117096,0.10005606664546296,0.00676488668802809,0.1227346064215896,-0.006698221962511767,0.34145056821870245,-0.003823683448940544
2038,0.0,4816.363316657433,0.0,0.0005895929979735447,0.603844239428535,0.004263565238522493,0.4201686695816522,-0.001397508842701633
2039,0.0,4820.076593247405,0.0,0.004293603274763712,0.6581494177145234,-0.0036947597680176314,0.49156289402151354,-0.0020866841202964326
2040,0.0,4821.776380000001,0.06363489258751592,0.002289714891866419,0.18555816536826067,-0.0019985388517475434,0.39976147542553764,-0.002060240539731766
2041,0.0,4821.448363652623,0.008602303341755406,0.0016395745095932723,0.5126663191415736,0.0029428400381690694,0.4336329285403484,-0.0005593163663615154
2042,0.0,4826.72583543982,0.0,0.008825344145841496,0.5061314236301103,-0.008825344145841496,0.45538247706727697,-0.0030391247002055093
2043,0.0,4828.145446619846,0.0030691947026178696,0.0032167123204811803,0.5320161433673578,-0.0022482718809190973,0.4783725769573012,-0.0028018688544195858
2044,0.0,4831.961351293909,0.0020452664619654056,0.00499950633405318,0.4691792940999515,-0.0046673019726479565,0.47561459210009627,-0.003361498789888097
2045,0.0,4834.173270721159,0.0037419327260860844,0.0030336791699985583,0.41988590167600853,-0.001549489633840278,0.45889598497286993,-0.002817896043073751
2046,0.0,4838.463078528679,0.0,0.00533309065067879,0.8933406894008219,-0.005318126024406617,0.5892293963012555,-0.0035679650374736104
2047,0.0,4841.634417596033,0.0,0.0036926430263170785,0.599724948540406,-0.003522982802223321,0.5923780619730006,-0.0035544703668985234
2048,0.0,4840.383680677825,0.0,0.0008483002871600713,0.724392758214269,0.006470435092254837,0.6319824708453811,-0.0005469987291525152
2049,0.0,4846.31269242442,0.0,0.008626742892838131,0.7539576989637108,-0.008626742892838131,0.6685750392808799,-0.0029709219782581998
2050,0.0,4853.672751472058,0.19056626121525083,0.0146398775906168,-0.07062801117091733,-0.0146398775906168,0.4468141241453407,-0.006471608661965779
2051,0.0,4856.210947036284,0.0,0.0029078776346172265,0.5842726011505073,-0.0019235466705388757,0.48805166724689064,-0.005107190064537708
2052,0.0,4860.326327757317,0.03580079480201134,0.0038683199751709282,0.3316780043595567,-0.0016196512265806682,0.4411395683806904,-0.0040609284131505954
2053,0.0,4866.97308160726,0.042066769891835006,0.008539286284426918,0.3726254665211625,-0.008358208852941255,0.42058533782283203,-0.005350112545087793
2054,0.0,4869.3181219406615,0.016553033591690525,0.002833692557942797,0.33856178639551726,-0.00043244557484275196,0.39597827239463756,-0.0038748124540142806
2055,0.0,4869.959943900486,0.0,0.00043740281197635983,0.8860539643644672,0.004397355337080996,0.5430009799855864,-0.0013931621166856977
2056,0.0,4873.539160008314,0.0,0.004130084013617549,0.5215643683486189,-0.0033623888301789542,0.5365699964944961,-0.0019839301307336744
2057,0.0,4877.721483821494,0.05615818436204132,0.0072461803298819885,0.11840352857025584,-0.007179300317130025,0.41112005611722396,-0.0035425411866525794
2058,0.0,4882.413075030735,0.006981405135188086,0.0077773504988940525,0.6520083482729274,-0.0075599485836275624,0.483386543763935,-0.004747763405745073
2059,0.0,4886.726450734237,0.0,0.005481905089826905,0.5752455434244413,-0.005098228837628887,0.5109442436620868,-0.004852903035310217
2060,0.0,4892.672069583636,0.01465816680855493,0.007244166318591055,0.16102542575693368,-0.007238914762123346,0.4059685982905408,-0.0055687065533541556
2061,0.0,4895.94793795973,0.0,0.0027578770339881553,0.6033383773218356,-0.0015375890153592794,0.46517953199992923,-0.004359371291955692
2062,0.0,4897.854650093473,0.0017556059375135862,0.0014526168616517715,0.49945491986143753,0.002010059518279112,0.4754621483583817,-0.0024485420488852506
2063,0.0,4899.898913635115,0.0,0.0024944579119232967,0.7822385968012422,0.00038415196940407107,0.5674950828912398,-0.001598733843398454
2064,0.0,4898.789307963937,0.0,0.00019689641370743233,0.753255937182283,0.0049288570260155795,0.6232233391785528,0.0003595434174257562
2065,0.0,4899.883996626626,0.0,0.0023306320480566693,0.667658711415837,-0.0006302346027878891,0.636553950849738,6.261001136166261e-05
2066,0.0,4905.871643693149,0.029843380470977413,0.012851397865547034,0.3345074373102103,-0.012851397865547034,0.5459399967878796,-0.003811592351710946
2067,0.0,4909.082768352555,0.03810969930552099,0.0067467216043541585,0.2571870615376652,-0.006596245454276455,0.45931411621281526,-0.004646988282480598
2068,0.0,4911.615026808829,0.0,0.002565667149634306,0.4908196249354393,-0.0011115052391020104,0.4687657688296024,-0.0035863433694670217
2069,0.0,4916.5856666417385,0.0,0.005416073447449641,0.7736456854775595,-0.005365455883918652,0.5602297438239895,-0.0041200771238025105
2070,0.0,4921.141641410149,0.16331709107778386,0.00601538476894708,0.17466758442027772,-0.00558416987750103,0.44456109600287597,-0.004559304949912066
2071,0.0,4923.865861139725,0.0,0.0017191568475636702,0.7497608482096239,-0.0011937397264077123,0.5361210216649003,-0.0035496353828607594
2072,0.0,4924.954832658336,0.008602303341755406,0.002059430968107718,0.48454132143415657,0.002628486800004008,0.5206471115956771,-0.001696198728001329
2073,0.0,4930.948130992148,0.04936409944217297,0.008717826391295027,0.26812722946441137,-0.008717826391295027,0.4448911469562974,-0.0038026870269894384
2074,0.0,4929.688053359127,0.0,0.0006851399907208169,0.7866865256589985,0.004550480703252693,0.5474297605671077,-0.001296736707916799
2075,0.0,4932.483993772702,0.052460361822732386,0.0032164268555688836,0.4443489242427126,-0.001809712845668964,0.5165055096697891,-0.0014506295492424486
2076,0.0,4934.578385064634,0.004291086656829413,0.003948540814302127,0.35102206259283636,-0.0029521048895590793,0.4668604755467033,-0.0019010721513374378
2077,0.0,4942.001925393527,0.17956866799872656,0.013875425231762713,-0.00964722522902806,-0.013875425231762713,0.32390816531398386,-0.005493378075465021
2078,0.0,4948.737553396439,0.022457267518051438,0.011823384095275877,0.4150116473869542,-0.011823384095275877,0.35123920993587493,-0.007392379881408277
2079,0.0,4946.031324163105,0.0,0.00019790180305280367,0.6961650790934383,0.011668262226446971,0.4547169706831439,-0.0016741872490517026
2080,0.0,4949.949790260907,0.01685727529643567,0.0020464165368188226,0.42628976549897935,-0.00039331752524503536,0.4461888091278945,-0.0012899263319097022
2081,0.0,4952.1950389443045,0.00012809561823393342,0.003739772784472159,0.640005309694316,-0.002879909442153596,0.5043337592978209,-0.0017669212649828701
2082,0.0,4952.064684949897,0.0,0.0009147747426641648,0.8745086770708094,0.0016888658034643876,0.6153862346297174,-0.0007301851444486928
2083,0.0,4952.683097922647,0.0,0.0024189649383729015,0.8003264234881148,0.0005826070054805214,0.6708682912872366,-0.0003363474994699285
2084,0.0,4954.293218803156,0.0,0.0037489142095377755,0.8694078334381539,-0.002579794496450062,0.7304301539325118,-0.0010093815985639685
2085,0.0,4957.269996964202,0.011463646899745002,0.005874856292227588,0.28925578421982023,-0.00580920162362274,0.5980778430187043,-0.0024493276060816
2086,0.0,4960.226947217645,0.0036104120612224827,0.005087316475094648,0.37985023348417235,-0.005006818545918166,0.5326095601583447,-0.0032165748880325696
2087,0.0,4962.052539298865,0.0,0.003702776519655866,0.6154146501274529,-0.0011179099592036517,0.5574510871490772,-0.002586975409383894
2088,0.0,4966.807476798419,0.0,0.006574657780895327,0.7737014428620056,-0.006447730306979381,0.6223261938629556,-0.00374520187866254
2089,0.0,4966.579895817431,0.0029272365810687887,0.0006276817757313002,0.26604860150050297,0.003324943173443792,0.5154429161542198,-0.0016241583630306402
2090,0.0,4972.198747286236,0.011315067205307174,0.00869689390307579,0.49188710423904036,-0.007737015337942049,0.5083761725796659,-0.003458015455504063
2091,0.0,4970.241563055303,0.009828912697289026,0.0008355016113287217,0.36414407804010296,0.005913382753243226,0.46510654421779707,-0.0006465959928798762
2092,0.0,4967.788856578465,0.00011727671349277856,0.0005183151786525419,0.5195452919674161,0.008738846092600455,0.48143816854268273,0.002169036632764223
2093,0.0,4969.689777815754,0.01317785362621862,0.0037059915815884467,0.3155202276444512,-0.003377091611465336,0.43166278627321325,0.0005051981594953552
2094,0.0,4970.979962026955,0.006981405135188086,0.005045072080036765,0.4374874811231189,-0.004968346855777491,0.4334101947281849,-0.0011368653450864986
2095,0.0,4973.659919041553,0.0,0.0063775622628574795,0.8635859835508675,-0.006062122473841636,0.5624629313749896,-0.00261444248371304
2096,0.0,4976.5875571616025,0.005841408324226698,0.005227491626102081,0.5062138102538467,-0.004806076245483801,0.5455881950386468,-0.0032719326122442683
2097,0.0,4976.835769727293,0.006725213898720219,0.0014177328467137411,0.5446228088028604,0.002342598600857339,0.5452985791679108,-0.0015875732483137859
2098,0.0,4978.752191256884,0.0,0.002823880075578012,0.6842932045516512,-0.0005181328302155202,0.5869969667830329,-0.001266741122884306
2099,0.0,4976.028669787516,0.0,0.00012024651394537751,0.8884641273664372,0.007380506074963067,0.6774371149580541,0.001327433036469906
2100,0.0,4976.503164157976,0.0,0.002366847336195591,0.6082033217732589,0.0002756823546930408,0.6566669770026156,0.0010119078319368463
2101,0.0,4976.153821704374,0.0,0.0017073168116021225,0.3226086770990016,-0.0006971087943156353,0.5564494870315313,0.0004992028440611019
2102,0.0,4979.747490775035,0.1904617310758693,0.008736036129237785,-0.05684052760605734,-0.008561681340646986,0.37246248264025467,-0.0022190624113513245
2103,0.0,4976.607382042278,0.0,0.00036835880234929193,0.8675600675759623,0.006114351164484821,0.5209917581209669,0.0002809616613995193
2104,0.0,4979.3481524840745,0.0,0.003890973359835014,0.8917116589930252,-0.003410121811141816,0.6322077283825843,-0.0008263633803628813
2105,0.0,4979.287797507934,0.0,0.00233617940770943,0.6174301155572872,-0.00013249705615004403,0.6277744445349951,-0.0006182034830990301
2106,0.0,4976.899754015231,0.0,0.0002669908247421978,0.7237083515461896,0.005861644276136448,0.6565546166383535,0.0013257508446716134
2107,0.0,4976.861979200859,0.0,0.0030822006916321663,0.8153973470398858,0.0006674198729769236,0.7042074357588131,0.0011282515531632065
2108,0.0,4976.702108299558,0.0,0.003166800023807196,0.5721031238251857,-0.0010949365668719586,0.6645761421787248,0.0004612951171526569
2109,0.0,4976.169976189298,0.013176868952659689,0.0012173256361560371,0.3909006063561743,-8.587410138359299e-05,0.5824734814319596,0.00029714435159178195
2110,0.0,4973.9210386719515,0.0,0.0003663308040639561,0.46727868277353174,0.004192389732788903,0.5479150418344313,0.0014657179659509183
2111,0.0,4974.980045090848,0.028418789301619857,0.003889042800003891,0.24515999799879432,-0.002576860320858453,0.45708852868374017,0.0002529444799081069
2112,0.0,4974.947662877028,0.0006991552391434577,0.00277595644734751,0.36676427731802036,-0.0014698659557364228,0.4299912532740242,-0.000263898650785252
2113,0.0,4975.553452206742,0.0,0.001979736018009557,0.8500441668644619,-0.0015145491596917418,0.5560071273511555,-0.000639093803457199
2114,0.0,4975.251397191777,0.0,0.001759197234247074,0.7699350648314418,0.0009308046175550011,0.6201855085952415,-0.00016812427715353896
2115,0.0,4975.070322452058,0.0,0.0015905049516716802,0.6881698835550003,0.001049966931231502,0.640580821083169,0.00019730308536197326
2116,0.0,4974.893450487464,0.0,0.001543896559083945,0.6792424240153161,0.0005353917530490484,0.6521793019628132,0.00029872968566809583
2117,0.0,4976.536560545534,0.00023586490582788223,0.004004536768354093,0.468828443796763,-0.0036411170718002425,0.597174044512998,-0.0008832243415724057
2118,0.0,4977.817865694558,0.01282735786459967,0.002988772002041881,0.45223938741226244,-0.0029437614688074825,0.5536936473827774,-0.0015013854797429286
2119,0.0,4978.706460821724,0.000691413120854776,0.0029602765643588175,0.5190449525038899,-0.0008686567641341376,0.5432990389191111,-0.0013115668650602913
2120,0.0,4978.751222007949,0.10327856566563401,0.0021156488096112716,0.25548611576983765,0.0015253393561413696,0.45695516197432906,-0.00046049499869979304
2121,0.0,4981.128815444878,0.01736339810971273,0.004798985387672757,0.16418509090139605,-0.0035679168842172385,0.36912414065244914,-0.0013927215643550267
2122,0.0,4981.557808051586,0.05281043437950938,0.003216370025071226,0.41140985327284557,-0.00035602224181523467,0.381809854438568,-0.001081711767593089
2123,0.0,4983.960827824809,0.014009566797511586,0.004593011237222789,0.5442440075321148,-0.0035104682410283376,0.43054010036663204,-0.0018103387096236635
2124,0.0,4980.836061786641,0.0,7.075851772684732e-05,0.892319782803436,0.007712143116994252,0.5690740050976733,0.0010464058383617113
2125,0.0,4981.217749910857,0.0,0.0015493519635958574,0.603335752718216,0.0010469856538116024,0.5793525293838361,0.0010465797829966785
2126,0.0,4981.0471721421445,0.0,0.0027586745728851226,0.7335480426854143,-0.0007782432211035248,0.6256111833743094,0.0004991328817666174
2127,0.0,4983.796263596945,0.0013040290419116614,0.006857374492933563,0.6277989935157514,-0.006838258341529139,0.626267526416742,-0.0017020844852221094
2128,0.0,4988.643579272599,0.0649372889876147,0.010561410377273794,0.14573343579270395,-0.010547584222566615,0.48210729922953055,-0.004355734406425461
2129,0.0,4990.218952909768,0.0004553693345490983,0.004228419612670627,0.7487284084127707,-0.0013275348050630202,0.5620936319845026,-0.0034472745260167286
2130,0.0,4993.265343811266,0.09658597540523842,0.002185970602155066,0.1951670127927011,-0.0016657879328426212,0.4520156462269621,-0.002912828548064496
2131,0.0,4998.233829342068,0.0,0.006650057206990047,0.6134868282735271,-0.006638732701732963,0.5004570008409316,-0.004030599794165035
2132,0.0,5000.7362768595885,0.004802552921750287,0.003713890728283288,0.29356676328938247,-0.002011294265844357,0.43838992957546685,-0.0034248081356688317
2133,0.0,5001.147180843879,2.255167966953417e-05,0.0012430485354915275,0.4724371598383885,0.0034851918239677732,0.44860409865434336,-0.0013518081477778502
2134,0.0,5001.797641163658,0.0007427895123895275,0.0011705358885645376,0.5028644678752383,0.002268708147941501,0.4648822094206118,-0.00026565325906204485
2135,0.0,5002.887418784987,0.03158249966835384,0.002693741381232235,0.296955187893352,-0.0008511676713734354,0.41450410296243384,-0.000441307582755462
2136,0.0,5002.547931968311,0.0,0.002005131530363431,0.6922284612358406,0.0010023741622125154,0.4978214104444558,-8.20305926506874e-06
2137,0.0,4998.984722458029,0.0,0.0006028204042763798,0.6121838341971211,0.007883390339259238,0.5321301375702554,0.002359274960292223
2138,0.0,4995.756454970785,0.0,0.00011555672353938084,0.7021742815292721,0.006635798995146106,0.5831433807579604,0.003642232170748388
2139,0.0,4993.988950320058,0.0,0.0012398910738439044,0.6719883969724262,0.0010729635982620084,0.6097968856223001,0.002871451599002474
2140,0.0,4992.6820436053185,0.0,0.002942558269049258,0.6231752514642078,-0.001190913338779355,0.6138103953748724,0.0016527421176679251
2141,0.0,4988.981282308473,0.04886151674350343,0.000528021655189081,0.4725149810734172,0.004649959697897308,0.5714217710844358,0.0025519073917367402
2142,0.0,4989.182214800721,0.08194559546387063,0.002897524058491157,0.02673203525344823,-0.0022465452060745125,0.4080148503351395,0.0011123716123933643
2143,0.0,4987.637924841794,0.004209998497189186,0.003184281068258119,0.42823154222715354,0.0005126850641898697,0.4140798579027437,0.0009324656479323159
2144,0.0,4988.805712849767,0.2034316556483698,0.004274879758611578,0.024594629458201726,-0.0036304648481835216,0.29723428936938107,-0.0004364135009024354
2145,0.0,4986.961773152445,0.002686127962624805,0.0016158917985616284,0.5601433390154799,0.002888406548695915,0.3761070042632107,0.0005610325139770698
2146,0.0,4983.872402678922,0.0,0.0010088615071860098,0.8318064717474518,0.006867409528528757,0.5128168445084831,0.0024529456183425757
2147,0.0,4987.045172400765,0.07468666359944545,0.007748575054562909,0.1557814076240185,-0.007296551856664264,0.40570621344314367,-0.00047190362415947614
2148,0.0,4985.883927256476,0.0004553693345490983,0.0036150610421628454,0.5618229623577803,-0.00011622831749600621,0.45254123811753466,-0.0003652010321604351
2149,0.0,4982.799663359874,0.0,0.000133493239933636,0.5923536837999522,0.006932332769426788,0.4944849718222599,0.001824059108315732
2150,0.0,4983.280298951937,0.0,0.003776264450859887,0.5131369626215316,-0.0006969088711435465,0.5000805690620415,0.0010677687144779486
2151,0.0,4981.398115452441,0.00959766243216725,0.0011992793728904884,0.2972779771347806,0.0019766636896840434,0.43923979148386316,0.001340437207039777
2152,0.0,4979.767239142492,0.0,0.0013193838855904895,0.493551433703103,0.0022295483511837392,0.4555332841496351,0.0016071705502829655
2153,0.0,4981.590667356887,0.022637254551474452,0.006597217246331856,0.4749794190402401,-0.005262062976916238,0.4613671246168166,-0.00045359950787679537
2154,0.0,4983.319491085676,0.004196031180720104,0.0056180038496857695,0.2735698780306191,-0.00525695211202715,0.40502795064095737,-0.001894605289121902
2155,0.0,4985.895819153719,0.04951561460018037,0.005800997522002379,0.20191193386370962,-0.004815908767339434,0.34409314560778304,-0.0027709963325871613
2156,0.0,4991.121083753355,0.06835640375671713,0.008804266378293507,0.22519278347307697,-0.0087969625592156,0.30842303696737117,-0.004578786200575693
2157,0.0,4991.561295399113,0.0,0.0015259686810960942,0.6281749195062437,0.00216012967614102,0.4043486017290329,-0.0025571114375606786
2158,0.0,4998.280878957718,0.000691413120854776,0.009123017144929937,0.5717212688338947,-0.009123017144929937,0.4545604018604914,-0.004526883149771455
2159,0.0,5000.6422503423355,0.02852241991445584,0.0027767025021744117,0.3090662304265298,-0.0020672458392529793,0.4109121504303029,-0.003788991956615912
2160,0.0,5001.31507217502,0.0,0.0005536645091498737,0.7174207055113533,0.0034716657944451204,0.502864716954618,-0.0016107946312976025
2161,0.0,5003.327296474428,0.0,0.002210281745618673,0.49374522497285206,-0.0001781508926553326,0.5001288693600883,-0.0011810015097049216
2162,0.0,4998.902550081524,0.0,0.0,0.747387232195324,0.01094534112239053,0.574306378210659,0.002456901279923714
2163,0.0,5003.574599934823,0.01807187015568872,0.008642078762718679,0.41787260320823366,-0.008605598175093274,0.5273762457099314,-0.0008618485565813822
2164,0.0,5004.343147050439,0.02887100343952406,0.004216442914706766,0.38276675185483505,-0.004124501634263839,0.4839933975534024,-0.0018406444798861193
2165,0.0,5008.271804698062,0.011848801807555272,0.007306346080089728,0.3872043702161462,-0.007210250999445437,0.4549566893522255,-0.0034515264357539146
2166,0.0,5008.973316513811,8.928004545772318e-05,0.002789860469115026,0.6123001475462391,0.0005996686518927439,0.5021597268104295,-0.002236167909459917
2167,0.0,5009.34100058023,0.013781678388423124,0.0004898907206650077,0.5208495603846444,0.0029225052284327663,0.507766676882694,-0.0006885659680921119
2168,0.0,5009.6922579104685,0.003336495368430462,0.003215330824950513,0.48637217140829764,0.0016262457163616706,0.501348325240375,5.877537244022813e-06
2169,0.0,5010.536278873564,0.007020081363422033,0.002242624146915211,0.41040258739652336,-0.0010413656870727555,0.4740646038872195,-0.00030829543005101063
2170,0.0,5010.44013612868,0.0,0.001233960915736414,0.5350433737600725,0.00020702059346492136,0.49235823484907537,-0.00015370062299623104
2171,0.0,5014.012202714623,0.0,0.007139045446980752,0.8359087529243433,-0.007114260121786068,0.5954233902716557,-0.002241868472633182
2172,0.0,5016.79963642937,0.0,0.005811343330573313,0.5350636794308077,-0.005553637570408446,0.5773154770194012,-0.003235399201965761
2173,0.0,5011.127359788688,0.0,4.545745187053627e-05,0.7073186793666173,0.014287330960495621,0.616316437723566,0.002021419846772654
2174,0.0,5014.252286210159,0.029777632227578434,0.004216990073621724,0.24060020735318957,-0.003224281702964189,0.5036015686124531,0.00044770938185160125
2175,0.0,5013.047491604932,0.0,0.0012180210636201546,0.8378945890802622,0.0003856885295914318,0.6038894747527958,0.0004291031261735504
2176,0.0,5016.763549199085,0.0886248199803315,0.008272221922627866,-0.004518853828199844,-0.008226029890841851,0.42136697617849705,-0.00216743677893107
2177,0.0,5018.641077589261,0.0,0.004766748559291913,0.8523178776319089,-0.004268190036841164,0.5506522466145205,-0.0027976627563040977
2178,0.0,5022.699542433009,0.0595279516218944,0.006341278642880741,0.47088577343241744,-0.0060808191649086045,0.5267223046598896,-0.0037826096788854493
2179,0.0,5026.053119234722,0.05391495396983856,0.004196585505131736,0.020926132013648756,-0.0039147775624617884,0.3749834528660173,-0.003822260043958351
2180,0.0,5031.571149536435,0.1307146558033488,0.007617949840908458,0.04959278866547671,-0.007396417211232878,0.27736625360585515,-0.004894507194140709
2181,0.0,5036.251874742902,0.0,0.0056778717966671334,0.7743745352709722,-0.005566052167928463,0.4264687381053902,-0.005095970686277035
2182,0.0,5040.255606434006,0.2094709322472383,0.004190436744813314,-0.012751689915347822,-0.0030303305839747092,0.2947026096991688,-0.004476278655586337
2183,0.0,5043.382669425273,0.0,0.0027344104109739984,0.6655678738363415,-0.0010199001562849121,0.40596218894032055,-0.003439365105795909
2184,0.0,5048.861428099825,0.012797871871549273,0.006838729669314413,0.2555303378381934,-0.006607983426337758,0.3608326336096824,-0.004389950601958463
2185,0.0,5050.773483540589,0.0,0.002387481754203774,0.7977783845063782,-0.00021786224130717542,0.49191635887869106,-0.003138324093763077
2186,0.0,5053.155587950777,0.0,0.001987018002706629,0.8237097599550789,-0.0002590888069429633,0.5914543792016074,-0.0022745535077170424
2187,0.0,5057.218652145808,0.03568086398804087,0.005274562806044784,0.2887919248515629,-0.0051008564124906805,0.500655642896594,-0.003122444379149134
2188,0.0,5058.128863824735,0.0,0.0007044976487189305,0.4263928213807476,0.0006031540885710599,0.47837679644184006,-0.0020047648388330755
2189,0.0,5058.961357322529,0.06118633553980104,0.00044921288417908286,0.3656587606426956,0.001601716642828655,0.4445613857020967,-0.0009228203943345563
2190,0.0,5060.362839309027,0.0,0.0016296459938437541,0.4636815951873343,-0.0007930065816552897,0.45029744854766796,-0.0008838762505307763
2191,0.0,5062.896235356618,0.0,0.0050963073401431545,0.6280008406385185,-0.004279809011276255,0.5036084661749232,-0.0019026560787544196
2192,0.0,5065.377108360262,0.025296254382395373,0.0051965034336568326,0.36243011386281965,-0.004168503660009083,0.46125496048129205,-0.0025824103531308183
2193,0.0,5067.123376897891,0.0,0.0031645917741523946,0.8359087529243435,-0.0015485256066439493,0.5736510982142075,-0.0022722449291847574
2194,0.0,5068.331639502243,0.0,0.0019238825541582946,0.7551675416399072,0.0002674738974933173,0.6281060312419173,-0.001510329281181335
2195,0.0,5071.598557717951,0.12079653522556684,0.004662672031126472,0.23520144842556198,-0.004376227428108795,0.5102346563970107,-0.002370098725259573
2196,0.0,5074.51219767207,0.0,0.004711741967563729,0.9060858910689582,-0.004398069456299441,0.628990026798595,-0.0029784899445715334
2197,0.0,5076.554262644113,0.05264185140221,0.001959187393264181,0.41089879285679304,-0.001661345438586001,0.5635626566160543,-0.0025833465927758738
2198,0.0,5078.952676507216,0.1044750692441284,0.002346048009889775,0.02801809690926513,-0.0017864624145018495,0.40289928870401753,-0.0023442813392936662
2199,0.0,5082.097129597333,0.04931925606784929,0.0037874979687733948,0.23971621457168713,-0.003762279514467931,0.35394436646431837,-0.0027696807918459456
2200,0.0,5079.421677341556,1.5991118436241916e-05,0.00016613701620842337,0.44227878251485636,0.008131221960962286,0.3804446912794798,0.0005005900339965239
2201,0.0,5083.465339612474,0.006981405135188086,0.005657468460041969,0.3598522863869224,-0.00556007015765726,0.37426696981171254,-0.0013176080234996112
2202,0.0,5088.080747104108,0.14033229563442218,0.010081979892003465,0.2332376505136302,-0.010081979892003465,0.33195817402228783,-0.003946919584050767
2203,0.0,5090.271796240415,0.016553033591690525,0.0034203123829573082,0.541032429703378,-0.0030277223601594605,0.39468045072661484,-0.0036711604168833747
2204,0.0,5092.161764287595,0.0,0.0012324016730989292,0.7251057942282924,0.00032690615246629503,0.49380805377711806,-0.0024717404460784737
2205,0.0,5094.269531748843,0.04843424614997565,0.0020878271529772762,0.31753211922788654,-0.0004640675914292823,0.44092527341234855,-0.001869438589683716
2206,0.0,5097.040984710058,0.0,0.00320244391317421,0.3037102563826891,-0.0031212374299605756,0.3997607683034507,-0.002244978241766774
2207,0.0,5100.655960082147,0.01483729822696177,0.005682848605242891,0.3354989550364414,-0.0054903260675248314,0.3804822243233479,-0.003218582589494191
2208,0.0,5104.985198761555,0.004209998497189186,0.007200930462706,0.5154350197973129,-0.006546620639029443,0.42096806296553735,-0.0042169940043547665
2209,0.0,5105.893043523738,0.0,0.0015692505857593832,0.5496275799728052,0.0016370550263559215,0.4595659180677176,-0.0024607792951415602
2210,0.0,5108.819525792826,0.004842569879360137,0.003550187013762813,0.5337614006575935,-0.0016016035021014332,0.48182456284468034,-0.002203026557229522
2211,0.0,5111.572507188268,0.04431682435141545,0.003107725362367042,0.22047979376445082,-0.0030802733681803344,0.4034211321206114,-0.0024662006005147655
2212,0.0,5109.207974996934,0.0,0.0003814550306030237,0.6287831285548134,0.007323686420749662,0.47102973105087204,0.00047076550586456264
2213,0.0,5113.031237736946,0.0,0.005816097310190851,0.7150817305950262,-0.005415786978901418,0.5442453309141183,-0.0012952002395652314
2214,0.0,5115.063081305552,0.1187157878943414,0.004950286901148077,0.2102536107119286,-0.00466942149322122,0.44404781485346134,-0.002307466615662028
2215,0.0,5117.70320314083,0.07630050152383773,0.0054394954347964115,0.1793040806623535,-0.004054942464963391,0.364624694596129,-0.002831709370452437
2216,0.0,5121.404426664692,0.0,0.0053096971137314266,0.643253363163789,-0.005189283392963214,0.448213295166427,-0.0035389815772056696
2217,0.0,5124.209271303027,0.0,0.0035062663311514327,0.8391424763947835,-0.00274627150325912,0.5654920495349338,-0.0033011685550217045
2218,0.0,5125.864193507208,0.000691413120854776,0.002143118284369608,0.6307946940797722,0.0003762332406722854,0.5850828428983853,-0.0021979480163135073
2219,0.0,5127.160856427175,0.012442346266339426,0.0016623896242996714,0.48863365993069385,0.0008289173288963867,0.5561480880080778,-0.001289888412750539
2220,0.0,5128.424696725557,0.17524042502341933,0.0019299266505661274,0.19758885849294647,-0.00028972608743811266,0.44858031915353835,-0.0009898397151568111
2221,0.0,5131.156475186183,0.007772734008722076,0.005445472644415428,0.5143354613456318,-0.004306328041557817,0.4683068618111663,-0.001984786213077113
2222,0.0,5134.943237418645,0.01541814694361148,0.006895904175480991,0.2890343710909525,-0.006775305522130309,0.41452511459510216,-0.0034219420057930716
2223,0.0,5138.9017457372365,0.0020077136190801807,0.006569492133033805,0.279820562729915,-0.006036825774865177,0.374113749035546,-0.004206407136514703
2224,0.0,5141.667308662563,0.017131118022828348,0.003135237046956959,0.3400139232125198,-0.0020217995410435952,0.3638838012886381,-0.0035510248578733707
2225,0.0,5146.126496797283,0.018888172496276875,0.005007899522755175,0.6718175058486862,-0.004760341811050334,0.45626391265665245,-0.0039138199438264595
2226,0.0,5151.53512256433,0.00033090811542787395,0.007429476631169357,0.4632419869344804,-0.007405910290070193,0.45835733494000075,-0.0049614470476995794
2227,0.0,5156.08001201756,0.10426527421744215,0.005197855970080547,0.10389134943899292,-0.005184896959090083,0.35201753928969837,-0.005028482021116731
2228,0.0,5158.822275665297,0.07701857509896388,0.0017109409094331165,0.25680111099539676,-0.00033535517388604084,0.32345261080140786,-0.0036205439669475233
2229,0.0,5162.272353189468,0.0,0.004181782826586883,0.4450635422691101,-0.0017988034047361633,0.3599358902417185,-0.003074021798284115
2230,0.0,5162.256839449269,0.0,0.0006995419722527635,0.7363073039368512,0.003931804499245832,0.4728473143502583,-0.0009722739090251308
2231,0.0,5162.255889991933,0.09706838591080813,0.002008508220077532,0.18964797184906723,0.003244595488873263,0.3878875115999009,0.0002927869103443873
2232,0.0,5162.537706302082,0.03911616459325414,0.0012423286002452556,0.32597607650802823,0.00041346855449198033,0.3693140810723391,0.0003289914035886652
2233,0.0,5163.445142971227,0.0,0.0033564765350874858,0.7444447095105102,-0.0022091874008101343,0.48185326960379044,-0.00043246223773097466
2234,0.0,5166.21318874279,0.0,0.006343318217035588,0.6228667633072198,-0.006091442142923799,0.5241573177148192,-0.0021301562092888218
2235,0.0,5168.320416344225,0.05443004732145308,0.0046922930662527595,0.5470388100490413,-0.0038508194966332195,0.5310217654150858,-0.002646355195492141
2236,0.0,5169.414182969409,0.007882802375681928,0.0018253469617895276,0.2916916624698205,5.049704868908378e-05,0.4592227345315062,-0.0018372995222377736
2237,0.0,5172.530744895081,0.02694453349850235,0.0037922524438596863,0.48834975010781695,-0.003659663203084479,0.4679608392043994,-0.002384008626491785
2238,0.0,5171.946669799823,0.0036565902408095944,0.0007490132965440291,0.28318724879038626,0.0032300104768877374,0.4125287620801954,-0.0006998028954779284
2239,0.0,5177.257461926433,0.018198714956898777,0.008551649490531787,0.27223748963452404,-0.008551649490531787,0.370441380346494,-0.003055356873994086
2240,0.0,5178.902268919119,0.01342878854997517,0.0029642932413795975,0.43210053862212194,-0.0025704133488886143,0.3889391278291824,-0.002909873816462444
2241,0.0,5180.012607277783,0.012551176803879146,0.0018818455456393064,0.33098132618244996,0.000990703238879443,0.37155178733516264,-0.0017397006998598776
2242,0.0,5180.574764415734,0.004774766021087107,0.0005729250374373587,0.2988881212572329,0.0019324453839129395,0.3497526875117837,-0.0006380568747280324
2243,0.0,5179.267389644891,0.05749139065588241,0.00033613818389876805,0.4147578195746597,0.004562471371387404,0.3692542271306465,0.0009221015991065985
2244,0.0,5180.288884619495,0.0,0.002993409696781647,0.7417652979518587,-0.0015018928525440715,0.48100754837701015,0.00019490326361139748
2245,0.0,5181.608361795891,0.0011660688825065701,0.004418761171791871,0.35114746457194607,-0.0037175542525462674,0.4420495232354909,-0.000978833991235902
2246,0.0,5183.0056606200405,0.003254903829191566,0.004249900226049891,0.41962617469169705,-0.00307327870027085,0.4353225186723527,-0.0016071674039463864
2247,0.0,5185.890500876243,0.07343193526736315,0.006232131994436338,0.16406992502790507,-0.004923499817721332,0.35394674057901837,-0.00260206712807887
2248,0.0,5191.850560159923,0.09332591736058082,0.010691894641278144,0.0850633401738495,-0.01063423799821929,0.2732817204574677,-0.005011718389120996
2249,0.0,5193.537170600593,0.0,0.001683106884511044,0.33309250144545116,-0.0005944635601002875,0.29122495475386273,-0.003686541940414783
2250,0.0,5196.542485973396,0.0,0.002218581336585462,0.665851261608115,-0.0008869277904875369,0.4036128468101384,-0.0028466576954366087
2251,0.0,5198.686689363101,0.0,0.0036122924927575123,0.5793785544097992,-0.0005083318033105946,0.4563425590900366,-0.0021451599277988046
2252,0.0,5199.464059759748,0.02084712125529375,0.002477229391576938,0.39385957412981243,0.00143512843672352,0.4375976636019694,-0.0010710734184421072
2253,0.0,5198.388171063408,0.0,0.0003489297357457124,0.7065215772290577,0.004520604434602047,0.5182748376900959,0.000606429937471139
2254,0.0,5201.479401409246,0.06080053080578457,0.005386405180589316,0.3069697360095636,-0.00534962965701389,0.45488330718593617,-0.0011803879408743697
2255,0.0,5202.1736372692785,0.0,0.002430534049782526,0.8062819017993763,-0.0020288397290648204,0.5603028855699681,-0.001434923477331505
2256,0.0,5202.901312303137,0.0,0.0014151327480808435,0.5036879980029613,-0.0002266304039027713,0.543318419299866,-0.001072435555302885
2257,0.0,5207.121545113987,0.0,0.007289813214491012,0.6411473012665975,-0.007252754918915402,0.5726670838898854,-0.00292653136438664
2258,0.0,5206.671114865083,0.0,0.0019912732377934273,0.6474414254459532,0.0021774555288417824,0.5950993863567058,-0.0013953352964181133
2259,0.0,5211.215725319495,0.0,0.006614778228607555,0.6491835965219531,-0.006361329304771905,0.61132464940628,-0.0028851334989242507
2260,0.0,5214.242779546171,0.04067482727902735,0.004739257330866499,0.30630612138031277,-0.004732674809350564,0.5198190909984898,-0.0034393958920521444
2261,0.0,5216.652562635659,3.867622823394803e-05,0.0021506388217648028,0.2823816808203574,-0.0018717258795541653,0.44858786794505,-0.00296909488830275
2262,0.0,5218.597237456037,0.0,0.0025113736249241358,0.6789642083017831,-0.00034498953455433946,0.5177007700520699,-0.002181863282178227
2263,0.0,5218.800699547751,0.0,0.0015639422956624767,0.8089771008022647,0.0027598387876679857,0.6050836692771283,-0.0006993526612243632
2264,0.0,5216.963961259023,0.003618655286169327,0.0006275861285456535,0.4785445967311605,0.006128452048003607,0.567121947513338,0.0013489887515440277
2265,0.0,5217.968725693951,0.017455994391844757,0.002810045586556216,0.4266244750091387,-0.0014209747486386656,0.5249727057620782,0.0005179997014892197
2266,0.0,5221.455859940646,0.027399891099365536,0.008976444604810703,0.27747746970973725,-0.0086916429510381,0.4507241349463759,-0.0022448930942689763
2267,0.0,5226.209678770012,0.12722714349168612,0.01034983503796513,0.054307652185251784,-0.01034983503796513,0.33179919011803866,-0.004676375677377822
2268,0.0,5226.458907744391,0.000691413120854776,0.001534845742770699,0.46193658903232204,0.0020140522631290556,0.37084040979232363,-0.0026692472952257584
2269,0.0,5233.410725800688,0.029956737839494943,0.009514337137423728,0.36348450762826745,-0.009500510982716547,0.36863363914310676,-0.004718626401472995
2270,0.0,5231.987963455791,0.0,0.0003013225149911945,0.5513239694866178,0.005941163584458395,0.42344073824616,-0.0015206894056935775
2271,0.0,5237.580098108477,0.022102653219849267,0.006778111029666335,0.26019097439155153,-0.006671682632991051,0.37446580908977745,-0.0030659873738828197
2272,0.0,5241.050506545023,0.25543306384755177,0.005775924098238705,-0.20880557613131798,-0.0055182166379636926,0.1994843935234488,-0.0038016561531070813
2273,0.0,5244.214242710627,0.056633269932752334,0.003998316901324883,0.39925030245835297,-0.0032389778241662132,0.25941416620392005,-0.0036328526544248205
2274,0.0,5245.340968037187,0.006029027868856906,0.0010836916803712772,0.3624244614306815,0.0017640829230883863,0.2903172547719485,-0.0020137719811708582
2275,0.0,5246.897685773958,0.0,0.002277199173166343,0.6736786370973311,0.0006249667293014263,0.4053256694695633,-0.0012221503680291726
2276,0.0,5248.64630184263,0.0020782952187007936,0.003269458241495573,0.47014327805957246,-0.0014943480640135338,0.424770952046566,-0.001303809676824481
2277,0.0,5251.917571572861,0.0,0.005694587017782261,0.6897825594023372,-0.005487746568081004,0.5042744342532973,-0.0025589907442014376
2278,0.0,5253.522580780902,0.0,0.0032724303947719376,0.5314267861240191,-0.00187900948905417,0.5124201398145138,-0.0023549963676572573
2279,0.0,5250.822644700681,0.0,0.00016440862573028828,0.442607427390277,0.00838860704098989,0.49147632608724273,0.0008680846549368867
2280,0.0,5250.070352836514,0.01377932176460451,0.0003062228353725987,0.6192833325250432,0.003984225739368988,0.5298184280185829,0.001802926980266517
2281,0.0,5253.709079746737,0.0,0.00856005786936832,0.6605183913057712,-0.00856005786936832,0.5690284170047394,-0.001305968474623934
2282,0.0,5258.200107187689,0.16578344043251217,0.0111799407533191,-0.060404351277885446,-0.0111799407533191,0.3801985865199519,-0.0042681601582324835
2283,0.0,5260.571264277258,0.1229195230851505,0.004766660886570905,0.290759581267139,-0.00340168676894107,0.35336688494410806,-0.00400821814144506
2284,0.0,5262.70143761706,0.0,0.002206226311598966,0.720710354199465,0.0001751481294649409,0.4635699257207151,-0.0027532082601720593
2285,0.0,5265.505487269989,0.01149906294336539,0.0029402019107214812,0.4327061630474658,-0.001551825868755967,0.4543107969187402,-0.0023927935427472315
2286,0.0,5269.719599975557,0.10700666103646017,0.006104472819982444,0.08687413493621213,-0.0058117764679744615,0.3440797983239818,-0.0034184884203154004
2287,0.0,5270.77484086006,0.0,0.002298099978455659,0.7619608008372801,0.00043651178182689196,0.46944409907797124,-0.0022619883596727126
2288,0.0,5272.06332138233,0.0,0.0008808502652600615,0.600169272193534,0.0009708405314177703,0.50866165101264,-0.0012921396923455677
2289,0.0,5275.518102435126,0.002234511795536815,0.005348023947382806,0.405408219740733,-0.004787383498149545,0.47768562163106787,-0.002340712834086761
2290,0.0,5277.83742093267,0.0,0.004321576478110865,0.484036315742965,-0.003388404988936288,0.47959082986463697,-0.0026550204805416188
2291,0.0,5281.2035666291895,0.012569553269694986,0.005145590875591055,0.328570784878759,-0.0044639351455532375,0.4342848163688735,-0.003197694880045104
2292,0.0,5284.152998014745,0.00888882637510184,0.0044435672229077555,0.3582008128954116,-0.0032457650993396032,0.4114596153268349,-0.003212115945833454
2293,0.0,5286.219070739553,0.09306253722304766,0.002346696985160563,0.0016376854748883483,-0.0008395478455584777,0.2885130363712509,-0.0025003455157509608
2294,0.0,5288.820262574986,0.01648518362849378,0.002796220039807932,0.43929282566985867,-0.0019690144837555047,0.33374697316083324,-0.002340946206152324
2295,0.0,5290.422810966419,0.0,0.001917301415417255,0.5042163429699258,-0.0006365764779867472,0.384887784103561,-0.001829635287702651
2296,0.0,5295.644940053881,0.08096383122262457,0.008499911880446093,0.22360305483075663,-0.008364715163816382,0.3365023653217197,-0.0037901592505367706
2297,0.0,5296.973636628661,0.03678889745723059,0.0037783515780931685,0.2845781150544317,-0.0007043244706616464,0.32092509024153326,-0.0028644088165742333
2298,0.0,5297.595661547226,0.0,0.0015576587643796247,0.43999166638919296,0.0027715476729862753,0.35664506308583116,-0.0011736218697060807
2299,0.0,5300.795261760637,0.0034026748912147882,0.003828405614900203,0.48894432490544953,-0.0036331736827689715,0.3963348416317166,-0.0019114874136249478
2300,0.0,5304.129198369613,0.00012809561823393342,0.005682108221495842,0.5483517422681344,-0.0056435331788543255,0.4419399118226419,-0.003031101143193761
2301,0.0,5309.015930417239,0.01784476877284711,0.008072795619638792,0.24712841633411264,-0.008063263162396065,0.3834964631760831,-0.0045407497489544524
2302,0.0,5309.5492743724835,0.07370771482545033,0.0006898850077145769,0.2922680158067862,0.0022354616902751073,0.356127928965294,-0.0025078863171855846
2303,0.34821532219954143,5320.2028526024915,0.46176276995314947,0.017360511727475277,-0.4609247225371721,-0.017360511727475277,0.11101213351455416,-0.006963673940272492
2304,0.0,5324.85442449155,0.0,0.00678948295966476,0.5116269114887124,-0.006788240107626495,0.23119656690680163,-0.0069110437904786924
2305,0.0,5330.530573930402,0.030032717548906712,0.005227977358574004,0.28650007830448193,-0.004283524151887685,0.24778762032610568,-0.006122787898901389
2306,0.0,5333.8003790120365,0.0,0.0022048649991873405,0.7819685862114382,0.0006420261907982264,0.40804191009170543,-0.004093343671991504
2307,0.0,5334.21893923998,0.09852384594872583,0.0008478360938694719,0.24626178997134066,0.005676459572806623,0.359507874055596,-0.001162402698552066
2308,0.0,5340.526496392216,0.17936862608216833,0.009004140575635188,0.12782415860393506,-0.008828410963063294,0.2900027594200977,-0.003462205177905434
2309,0.0,5346.737856838607,0.08293745777850549,0.011585239569908024,0.35531084186677986,-0.011585239569908024,0.3095951841541023,-0.005899115495506211
2310,0.0,5349.688828705768,0.0,0.0034459873502697526,0.6584221172348833,-0.002295597850621923,0.41424326407833656,-0.004818060202040924
2311,0.0,5358.807476875606,0.13930407757167532,0.012651519204259335,-0.027462452896193822,-0.012651519204259335,0.2817315489859774,-0.007168097902706447
2312,0.0,5363.057435940024,0.06211340390907063,0.004182481375666627,0.24666023092988454,-0.003536597927799448,0.2712101535691495,-0.006078647910234347
2313,0.0,5368.645857658558,0.036322061610514426,0.004119448988777688,0.4137487186480727,-0.003922499602032279,0.31397172309282645,-0.005431803417773726
2314,0.0,5374.972092029101,0.0,0.006621404889729137,0.738928330555708,-0.006621404889729137,0.44145870533169085,-0.00578868385936035
2315,0.0,5378.090558641854,0.0006051578443665549,0.0046343067635596594,0.38387017947172875,-0.0005974817222478205,0.4241821475737022,-0.004231323218226591
2316,0.0,5380.717901354734,0.003265739695385578,0.0014799034739539868,0.47800721472341984,0.0007325535024282962,0.4403296677186175,-0.0027421602020301244
2317,0.0,5383.069263872429,0.09300156797978555,0.002211299163716739,0.195250989266203,-0.00037678688446137935,0.36680606418289313,-0.002032548206759501
2318,0.0,5382.59409693505,0.0,0.0004757520041178852,0.5466588244550123,0.003931037505266224,0.42076189226452887,-0.00024347249315178352
2319,0.0,5385.373875625706,0.002098645849303127,0.004100751849109771,0.5607904941409514,-0.0036638232029439005,0.4627704728274556,-0.0012695777060894187
2320,0.0,5390.525462986205,0.16768519604135534,0.010425957416251956,-0.11760431432631302,-0.010425957416251956,0.288658036681325,-0.00401649161913818
2321,0.0,5392.525959835666,0.0,0.003128340957126595,0.5966083625146905,-0.0026778711750710055,0.38104313443133464,-0.003614905485918027
2322,0.0,5392.550629481282,0.0016784945056719193,0.00021729524214633857,0.47281389737318275,0.004283071403483607,0.408574363313889,-0.0012455124190975365
2323,0.0,5398.098242037021,0.0,0.008003695874499926,0.6247909645215007,-0.007740103259163115,0.4734393436761725,-0.0031938896711172097
2324,0.0,5403.418266304554,0.08558602687613619,0.009658728985157721,0.15234433260402194,-0.00965289638450638,0.3771108403545273,-0.00513159168513396
2325,0.0,5404.929881006007,0.18608867839685936,0.001885871811735483,0.08286658850942014,0.0003915874329326034,0.2888375648009951,-0.003474637949713991
2326,0.0,5407.717768201457,0.09068008305982195,0.002393760452326231,0.30409607974947955,-0.00031791373726763075,0.2934151192855404,-0.002527620685980083
2327,0.0,5410.574042415104,0.010397024260096501,0.0025432724082391947,0.5849398637299504,-0.002225839218893841,0.3808725426188634,-0.00243708624585421
2328,0.0,5411.59462281139,0.0,0.00180330388690333,0.7231261147147772,0.0006082743158743693,0.4835486142476375,-0.0015234780773356361
2329,0.0,5411.8896136944595,0.015216861003329552,0.0006871166607592235,0.5644590239761608,0.0019875454195944537,0.5078217371661945,-0.0004701710282566091
2330,0.0,5413.515777170894,0.0,0.002203763806158984,0.7260775976909575,-0.001781293785838557,0.5732984953236233,-0.0008635078555311935
2331,0.0,5416.864687092106,0.004948007752479056,0.006451154687442376,0.4858517982237438,-0.006451154687442376,0.5470644861936594,-0.002539801905104548
2332,0.0,5415.844941624941,0.06274933471148392,0.0003135709902094925,0.4008853856113678,0.003129782152149763,0.5032107560189719,-0.0008389266879282547
2333,0.0,5419.786410683473,0.3000734339734854,0.00572358637852822,0.07528564260211786,-0.005530811608792379,0.3748332219939157,-0.002246492164187492
2334,0.0,5419.591439733191,0.0,0.0013173774323949586,0.6437180261768226,0.0013736752865209964,0.45549866324878774,-0.0011604419289749455
2335,0.0,5419.4196008849885,0.0,0.0007537737397785155,0.6754918664865205,0.002746445351823872,0.5214966242201076,1.1624255264699795e-05
2336,0.0,5421.238253880016,0.03786258753836917,0.004115111470569091,0.3881591443173127,-0.0025805510742594553,0.4814953802492691,-0.0007660283435925466
2337,0.0,5420.532835240363,0.0005882406384895536,0.0014179358789537474,0.2603405780664733,0.0014894314143562599,0.41514893959443033,-8.939041620790474e-05
2338,0.0,5422.773725222449,0.004343607951446764,0.004647662383101979,0.5646316959848825,-0.0038668500040956104,0.459993766511566,-0.0012226282925742163
2339,0.0,5424.649466173544,0.07629321250437683,0.005021013074970137,0.16355860198564606,-0.003763735785707101,0.37106321715379,-0.0019849605405140814
2340,0.0,5427.073995313843,0.0,0.004770578682533895,0.8405794756145942,-0.003694824548335592,0.5119180946920312,-0.0024979197428605347
2341,0.0,5429.4712601329975,0.0,0.0036997008614938804,0.7835680900006302,-0.0028225544875840605,0.5934130932846109,-0.0025953101662775924
2342,0.0,5431.527708744732,0.0076443944217015085,0.00332833204689971,0.46804841441319184,-0.0015741302853725147,0.5558036896231852,-0.002288956202006069
2343,0.0,5434.360421603961,0.000691413120854776,0.00592171534027034,0.6822980554857025,-0.0031026638584397753,0.5937519993819403,-0.002533068498936181
2344,0.0,5438.267086602409,0.10090491421228427,0.005691770809504089,0.2084344875820639,-0.005649011515553732,0.47815674584197737,-0.0034678514039214463
2345,0.0,5441.844574332952,0.0,0.005144229667531847,0.6636251871948341,-0.0046699926104099366,0.5337972782478344,-0.003828493765867993
2346,0.0,5444.209848556081,0.0003785278407190669,0.0021624915052343686,0.5194089295254406,-0.0011557888455201325,0.5294807736311162,-0.0030266822897636347
2347,0.0,5445.56167940032,0.07325514991171071,0.0008699851612252841,0.21776009273791108,0.001297811842687172,0.43596456936315464,-0.0017293340500283926
2348,0.0,5445.887237862092,0.0007544958358275223,0.0005580653894654888,0.3604883623809512,0.0025466028418958584,0.4133217072684936,-0.00044655298245111733
2349,0.0,5443.670599306853,0.04819928258082471,0.0003668187013354244,0.4222765554947368,0.006437992999797379,0.41600816173636657,0.0016188108122234313
2350,0.0,5445.404404035435,0.00012809561823393342,0.0037555291624785147,0.5599399846274643,-0.0032143842783364227,0.45918770860369584,0.00016885228505547504
2351,0.0,5447.831717325486,0.0,0.006867484073892951,0.4493155094244106,-0.006750199462215769,0.45622604884991025,-0.001906863239125898
2352,0.0,5447.844278965824,0.0,0.0019930090382224495,0.7200892353147443,-0.0001226052460052235,0.5353850047893605,-0.0013715858411896956
2353,0.0,5451.54902601151,0.0,0.006312415396826741,0.7350827877957083,-0.0056747577277089,0.5952943396912649,-0.0026625374071454566
2354,0.0,5459.16522876459,0.15214775204152117,0.014327414759045672,0.08294876231816674,-0.014327414759045672,0.44159066647933537,-0.006162000612715521
2355,0.0,5462.554198946351,0.0004553693345490983,0.0049873357174037205,0.6734824259527379,-0.00403012805402793,0.5111581943213561,-0.005522438845109242
2356,0.0,5467.864090713339,0.003777622132355164,0.005547655063676077,0.49363907861442907,-0.004413422257765717,0.505902459609278,-0.005189733868906184
2357,0.0,5474.308632258093,0.05850645905912336,0.007457348843380942,0.08154526702249451,-0.007457348843380942,0.37859530183324297,-0.005870018361248611
2358,0.0,5479.735148014687,0.14527559119694938,0.005679308723517301,0.04254505744147402,-0.005654684281075428,0.27778022851571227,-0.0058054181371966565
2359,0.0,5485.645109830362,0.0017609832926170782,0.005968442859515037,0.37515634276301585,-0.005955925567304812,0.30699306278990335,-0.005850570366229102
2360,0.0,5490.6913527597035,0.08093269195971928,0.00492853615211297,0.09789722265335304,-0.004221921777955804,0.24426431074893823,-0.005361975789747112
2361,0.0,5496.626686530702,0.03728822898546849,0.006871416129374307,0.3880775962540018,-0.006047518900186394,0.2874082964004573,-0.005567638722878896
2362,0.0,5497.881815966624,0.033554800855452704,0.0006087023861017267,0.28976546993305474,0.003202523402934914,0.2881154484602365,-0.002936590085134753
2363,0.0,5500.0083209545855,0.0,0.0012585205100812498,0.6978208072422581,0.0014917628649599377,0.411027056094843,-0.001608084200106346
2364,0.0,5505.85590560745,0.0307077650727566,0.009059633516732144,0.22393284331826285,-0.009056516513114928,0.35489879226186893,-0.0038426138940089206
2365,0.0,5506.159387205697,0.000691413120854776,0.000933330295730909,0.46598223575531134,0.0012029432910112836,0.3882238253099016,-0.0023289467385028593
2366,0.0,5508.839952758649,0.00522841228815465,0.0027133445783830926,0.5755929895074894,-0.0014847493149511848,0.4444345745691779,-0.002075687511437357
2367,0.0,5510.604609518159,0.0,0.0015929839999722407,0.6690943161235999,-0.0011638950833956047,0.5118324970355045,-0.0018021497830248312
2368,0.0,5509.285531039046,0.08164261734773948,0.0006026612943859072,0.37976946461202493,0.004985344230192509,0.4722135873084606,0.00023409842094037096
2369,0.0,5511.322462691112,0.0016789762830520377,0.0027332633890889786,0.36694938983779585,-0.002376122352027027,0.44063432806726116,-0.0005489678109498484
2370,0.0,5517.160852992768,0.030057141829230978,0.012384291991471051,0.2197428104722149,-0.012384291991471051,0.37436687278874725,-0.004099565065106209
2371,0.0,5518.962539588952,0.03273832454912957,0.0048888456070566065,0.2746916340166038,-0.0030108570612630246,0.3444643011571042,-0.003772952663953253
2372,0.0,5522.831592938852,0.10616930743280788,0.003977516840916189,-0.017856061966892225,-0.003632941175143309,0.23576819221990525,-0.0037309492173102695
2373,0.0,5527.754367133996,0.15058197343049085,0.0062621090424878284,-0.07039969564001748,-0.006170164330877311,0.14391782586192842,-0.004462713751380382
2374,0.0,5536.453076880491,0.40291455948864996,0.014049960130857476,-0.3678980060444774,-0.014049960130857476,-0.009626923709993337,-0.00733888766522351
2375,0.0,5540.007589498274,0.003618655286169327,0.003680936701323065,0.664304215569194,-0.0024507874766441437,0.19255241807376283,-0.005872457608649699
2376,0.0,5548.035743544028,3.867622823394803e-05,0.008835960543684162,0.6266924129028808,-0.008835960543684162,0.3227944165224982,-0.006761508489160038
2377,0.0,5548.061934335379,0.0,0.000493930466716362,0.570319352432141,0.006344308714077641,0.39705189729539103,-0.0028297633281887348
2378,0.0,5549.851966504539,0.0,0.0012328127609279134,0.6470826484654082,0.0034319111291338505,0.47206112264639616,-0.0009512609909919593
2379,0.0,5550.315299962088,0.0,0.0017659588394682395,0.7019489492607492,0.002022027971592613,0.541027470630702,-5.9274302216587695e-05
2380,0.0,5553.476850959432,0.038162013791361346,0.00563908312972837,0.3017920125370701,-0.005593197949594096,0.4692568332026124,-0.0017194513964298402
2381,0.0,5555.822494851778,0.0,0.004817130096170752,0.5198745899920207,-0.0047533702360610785,0.48444216023943487,-0.0026296270483192113
2382,0.0,5559.752871026399,0.0,0.0065585530116540735,0.6802150628045692,-0.006287620698830407,0.5431740310089751,-0.00372702514347257
2383,0.0,5559.754835933168,0.0,0.0024673010490614948,0.5197699469340837,0.002890394000541779,0.5361528057865077,-0.0017417994002682652
2384,0.0,5561.774293007802,0.0,0.0035637266112569198,0.6897547561828192,-0.00025230940602710136,0.5822333909054012,-0.001294952401995916
2385,0.0,5559.69492363115,0.0,0.00011731521984352667,0.8628076461423515,0.006200350260053879,0.6664056674764862,0.0009536383966190224
2386,0.0,5560.504251845629,0.0,0.002401413161482186,0.7234407310650284,-0.0003769266279421257,0.6835161865530488,0.0005544688892506779
2387,0.0,5560.8527415854505,0.0,0.0029748951044293406,0.6920421859386645,-0.0017424964914913468,0.6860739863687335,-0.0001346207249719295
2388,0.0,5560.543747654043,0.0,0.002194704168675161,0.6042337421142644,7.177479433636846e-05,0.6615219130923927,-7.270206917944011e-05
2389,0.0,5563.331818996017,0.058639862710850255,0.00588358884887597,0.15578071234706667,-0.005665222787718798,0.5097995528687949,-0.0017504582847412474
2390,0.0,5564.007676844066,0.0,0.0018916095835607885,0.6775222714397621,-0.0012593700995093726,0.560116368440085,-0.0016031318291716847
2391,0.0,5566.677734918461,0.004459503139367073,0.004773986556750898,0.44714581335066855,-0.0036724297821695046,0.52622520191326,-0.0022239212150710307
2392,0.0,5566.087611343023,0.005763370577259971,0.0014926860670344986,0.4794680622388958,0.0029920164881781144,0.5121980600109508,-0.0006591399040962872
2393,0.0,5567.764406028221,0.06152548714146161,0.0016964750114233848,0.3839660822306531,-0.0011492734991257333,0.47372846667686147,-0.0008061799826051209
2394,0.0,5569.2901202723315,0.0018176000357082952,0.002718082326197238,0.2675611528731494,-0.002458376442522397,0.4118782725357478,-0.0013018389205803039
2395,0.0,5569.996249425782,0.0054157853793009155,0.003455430893486358,0.3173313583781157,-0.0005770882994485873,0.3835141982884582,-0.0010844137342407888
2396,0.0,5569.6249486610495,0.0013040290419116614,0.002202568101234198,0.5063370125429553,0.0021748093743906823,0.4203610425648073,-0.00010664680165134747
2397,0.0,5568.507993076906,0.061254954541837325,0.0005837982525321246,0.2822554407310906,0.003461032056867339,0.3789293620146923,0.0009636568559042584
2398,0.0,5566.410468352432,0.0,0.0003172524530585042,0.528637555610233,0.004440781225379589,0.42384182009335447,0.0020067941667468573
2399,0.0,5568.857746655204,0.0013396142379653367,0.006718016855188364,0.49188574967339294,-0.006185922112623641,0.444254998967366,-0.00045102071706429217
2400,0.0,5566.863767853051,0.00012809561823393342,0.0012563835393012502,0.6340396450697655,0.0020825044439990153,0.5011903927980859,0.0003090368312547001
2401,0.0,5570.605468092323,0.0,0.007338272119507026,0.6666182059832431,-0.007338272119507026,0.550818736753633,-0.001985155853973817
2402,0.0,5572.730293610896,0.0,0.004679353882525257,0.6186620921030718,-0.004665918369002304,0.5711717433584647,-0.0027893846084823632
2403,0.0,5573.420129924046,0.0,0.0023072147316935483,0.5600547169013113,0.0007469360541808362,0.5678366354213186,-0.0017284884096834033
2404,0.0,5578.189447847456,0.027726882404626726,0.0070913370144532984,0.5070039527576868,-0.006958449689532014,0.549586830622229,-0.0032974767936379866
2405,0.0,5579.125048098319,0.0,0.0028632644368719504,0.7999331733317084,-1.1263562812082573e-05,0.6246907334350729,-0.002311612824390215
2406,0.0,5582.2797474045055,0.003480048061270533,0.003911558827017503,0.46055053492619313,-0.0030411013601633237,0.575448673882409,-0.002530459385122148
2407,0.0,5580.354541748423,0.0,0.0006067571824903404,0.7989882223323201,0.006524210949956647,0.6425105384173823,0.00018594171540149067
2408,0.0,5583.356182393677,0.0,0.003986090335807659,0.5790114636590752,-0.0036252703895866536,0.6234608159898901,-0.0009574219160949527
2409,0.0,5585.558115755222,0.09673915123561519,0.005410595325898394,0.31360083523387733,-0.0047411578769237135,0.5305028217630863,-0.002092542704343581
2410,0.0,5585.533689273141,0.0,0.0022839368487674433,0.6246040442629136,0.0011353922796152308,0.5587331885130344,-0.0011241622091559373
2411,0.0,5590.974672021539,0.27476861174329953,0.009158907555391423,-0.24808485817042347,-0.00910880865008748,0.316687774507997,-0.0035195561414354
2412,0.0,5588.157125322033,0.0,0.00018480078650771705,0.5646547245718792,0.007187539431068662,0.3910778595271617,-0.0003074274696841812
2413,0.0,5587.76047643997,0.0016789762830520377,0.0006363925876918145,0.47311181112013695,0.0045053656295281205,0.41568804500505424,0.0011364104600795092
2414,0.0,5590.592532991422,0.019301013517616747,0.005851811292302486,0.3122794958092325,-0.00562723130377203,0.3846654802463077,-0.0008926820690759524
2415,0.0,5589.90944017201,0.0025126790824640606,0.0023461975417043866,0.685821668794086,0.00027654423073445963,0.4750123368106412,-0.0005419141791328288
2416,0.0,5587.806361401152,0.033040420987921204,0.0005995313502983055,0.3614891771752789,0.00533387101870592,0.4409553889200325,0.0012208213802187959
2417,0.0,5587.907934994597,0.03098392844811532,0.0021009141574336965,0.32966235243749814,0.0003020147260778321,0.40756747797527215,0.0009451793839765066
2418,0.0,5589.931588386021,0.04887841355166682,0.005620916973279688,0.261236319098485,-0.005527015977525665,0.36366813031223594,-0.0009964792244741448
2419,0.0,5587.910429628116,0.02995595871161016,0.0018044167312794923,0.30165552542927765,0.003267705521680693,0.34506434884734843,0.00028277619937230663
2420,0.0,5590.348603532937,1.108622868672531e-05,0.00566895664613525,0.4369992076411936,-0.0040533121178571874,0.3726448064855019,-0.0010180502957965417
2421,0.0,5592.881455912653,0.07793224156045542,0.005944166952405971,0.21196842803918334,-0.005528915569763278,0.3244418929516063,-0.0023713098779865626
2422,0.0,5593.863309388961,0.021895640755362433,0.002656768903592647,0.20333962102512237,-0.0008862544392714557,0.2881112113736611,-0.0019257932463720305
2423,0.0,5593.643167346466,0.00458637864289227,0.0009863030283269825,0.6023349170780004,0.003008985096698957,0.38237832308496283,-0.00044535974345073423
2424,0.0,5598.05304770988,0.0,0.0072106858238184125,0.5022653803451274,-0.0071626594694975555,0.41834444026301215,-0.0024605496612647806
2425,0.0,5601.489875476486,0.009540184104878608,0.006824485274672011,0.4370561154025469,-0.006593618545117132,0.42395794280487253,-0.003700470326420486
2426,0.0,5599.981610914954,0.0,4.226190730714076e-05,0.7132897450283038,0.00585947666394382,0.5107574834719019,-0.0008324862293111941
2427,0.0,5600.645598511783,0.09434001275441553,0.0015455358721764242,0.26169083701440066,0.002506036022849189,0.4360374895346515,0.00016907044633692077
2428,0.0,5599.419702366215,0.05080898224746447,0.0022198816951012647,0.25827503600552104,0.0034140788568687,0.3827087534759123,0.0011425729694964546
2429,0.0,5604.663375388474,0.09315682652974967,0.011148041051704157,0.11267619963826751,-0.011148041051704157,0.30169898732461886,-0.0025446112368637287
2430,0.0,5602.264516532666,0.006120731054336103,0.0008473369417884681,0.47607452530971245,0.003913467907912013,0.3540116487201469,-0.000607187493431006
2431,0.0,5605.326881728186,0.07873493776132065,0.004561559955647552,0.15396137557384304,-0.0037039913067075324,0.29399656677625574,-0.0015362286374139638
2432,0.0,5602.94652993213,0.0,6.0503756191626366e-05,0.8508055201386885,0.005655562740666593,0.46103925278498553,0.0006213087760102035
2433,0.0,5606.518729448493,3.867622823394803e-05,0.006052180146022321,0.5269929135279398,-0.005867732027449999,0.4808253510078717,-0.0013254034650278573
2434,0.0,5609.2831824016785,0.0,0.0068565896229418385,0.7226516814509494,-0.006351248483104654,0.553373250140795,-0.002833156970450896
2435,0.0,5614.496080326794,0.12942736721404163,0.009362147753163684,0.04670971416788094,-0.009361527194150758,0.4013741893489207,-0.004791668037560854
2436,0.0,5616.10426384254,0.007772734008722076,0.002647640577912847,0.45345999507503176,-0.00019952431201849372,0.41699993106675404,-0.0034140249198981463
2437,0.0,5620.891119532767,0.06359637782147062,0.005968534588826021,0.1582857959327629,-0.0048390441105191,0.33938569052655665,-0.003841530677084432
2438,0.0,5624.346109701361,0.0,0.004332462117295564,0.7671302490855209,-0.003481556448131256,0.4677090580942459,-0.003733538408398479
2439,0.0,5626.24734142892,0.1450809844914562,0.0018096417200689622,0.20723689314045277,0.00019625912322957244,0.38956740860810796,-0.002554599148910063
2440,0.0,5630.065632429511,0.024383707612413815,0.0045315056844882,0.3292751257329404,-0.003959228777945197,0.37147972374555766,-0.0029759880376206034
2441,0.0,5627.421894762081,0.0,0.00038288201841939657,0.6673344222495972,0.008292827088828676,0.4602361332967695,0.0004046565003141805
2442,0.0,5631.618581366715,0.0,0.005714819114463077,0.5235427103632952,-0.005659970241314546,0.4792281064167272,-0.0014147315221744374
2443,0.0,5634.119778629068,0.15286274419982002,0.0060228052822047275,-0.02939863115187038,-0.0055733976709691916,0.3266400851461479,-0.0026623313668128635
2444,0.0,5636.244238685156,0.0,0.004505157638968419,0.5299291528281639,-0.0028413493076354327,0.3876268054507527,-0.002716036749059634
2445,0.0,5640.547937574682,0.0,0.0060968490976862225,0.4110742484749663,-0.0060796093148700195,0.39466103835801675,-0.0037251085188027494
2446,0.0,5639.379424839998,0.0,0.0007950305398646599,0.5228526065496736,0.0054188193324758525,0.4331185088155138,-0.0009819301634191686
2447,0.0,5641.580740071379,0.00026730066581259277,0.002760620451308138,0.6676315436167154,-0.0006648382681479453,0.5034724192558742,-0.0008868025948378016
2448,0.0,5642.943700234658,3.867622823394803e-05,0.0029905251689475282,0.5258360396013049,-0.0017797063118170048,0.5101815053595034,-0.0011546737099315625
2449,0.0,5647.052006850958,0.017883755307166356,0.0078212266741723,0.1908359242862442,-0.007587108009755432,0.41437783103752557,-0.0030844039998787235
2450,0.0,5644.648852220259,0.0,4.226190730714076e-05,0.7979148485150415,0.0063378740951302295,0.5294389362807803,-0.00025772057137603776
2451,0.0,5647.349002502998,0.0,0.0033545373693890128,0.7420365950082703,-0.002401653898693648,0.5932182338990273,-0.0009009005695713207
2452,0.0,5649.3190414941555,0.04973351360401205,0.004142756743723125,0.3650449464512585,-0.0037982514459934803,0.5247662476646966,-0.0017701058324979685
2453,0.0,5648.508319840382,0.0,0.00024295312991592097,0.730361019790589,0.002701195948349471,0.5864446793024642,-0.00042871529824373665
2454,0.0,5649.787550235119,0.0,0.002574576946357268,0.6007023337587687,-0.0008033399427546026,0.5907219756393556,-0.0005411026915969964
2455,0.0,5649.143752893414,0.0,0.0015313522697184441,0.9220566576390624,0.0018103688430396831,0.6901223802392676,0.0001643387687940075
2456,0.0,5651.638510773548,0.0,0.0049020045996039496,0.8088222871251249,-0.00464061106189849,0.7257323523050248,-0.0012771461804137417
2457,0.0,5655.103074115039,0.08402104081040568,0.007811226973140697,0.1845001178344666,-0.007335812088082139,0.5633626819638573,-0.0030947459527142607
2458,0.0,5658.133041997447,0.005463449371371537,0.004993915672899629,0.3689950007235682,-0.004853124735723509,0.5050523775917706,-0.003622259587617035
2459,0.0,5662.543274120051,0.0,0.005847174277311928,0.8193404051793396,-0.005813362405196749,0.5993387858680412,-0.0042795904328909486
2460,0.0,5669.131939542665,0.0,0.009775247637501455,0.5231382993650416,-0.00977488295864127,0.5764786399171413,-0.005928178190616045
2461,0.0,5672.044185810468,0.009983866993020092,0.0034333540179546378,0.3055771578273642,-0.0013622655990513323,0.49520819529020815,-0.004558404413146631
2462,0.0,5674.268450054032,0.0,0.0008509016069947415,0.5633435726319372,0.0017312352916827288,0.5156488084927269,-0.002671512501697823
2463,0.0,5678.60977661507,0.0,0.004800307535953028,0.4355396944615724,-0.004184779384230891,0.4916160742833805,-0.0031254925664577432
2464,0.0,5680.368604595842,0.004540376895421004,0.0032907665377140197,0.3655169851860784,-0.0007511705804057722,0.45378634755418984,-0.0024131959706421516
2465,0.0,5679.803169441243,0.09288205187411533,0.0001702350496855146,0.18181021668220104,0.004534261160919197,0.3721935082925932,-0.0003289588311737471
2466,0.0,5676.005040302224,0.0,0.00011904771291904669,0.766190910569966,0.010440221460339755,0.490392728975805,0.0029017952562803034
2467,0.0,5676.117049117302,0.0,0.0024981840724310274,0.6211028066548888,-1.1594384617779555e-05,0.5296057522795301,0.0020277783640108783
2468,0.0,5676.41429446642,0.0,0.0045141284829429825,0.7907836599785374,-0.003726455301123348,0.6079591245892323,0.00030150826447061037
2469,0.0,5673.95022474488,0.004604996446199871,0.0004284097257148745,0.5858161924594256,0.003008646613012762,0.6013162449502902,0.0011136497690332559
2470,0.0,5675.180004766381,0.008602303341755406,0.004206589630269471,0.5111315578194671,-0.0029225148939937213,0.5742608388110433,-9.719962987483725e-05
2471,0.0,5676.031940516799,0.0,0.0029904905323195107,0.6030618870330969,-0.002930868004870471,0.5829011532776593,-0.0009473001423735273
2472,0.0,5676.374807392562,0.00026730066581259277,0.0027901405265128355,0.457367224977391,-0.0005735855374509285,0.5452409747875788,-0.0008351857608967477
2473,0.0,5679.284748854949,0.0030691947026178696,0.005487563054338088,0.561055914072618,-0.005040807658296811,0.5499854565730905,-0.0020968723301167664
2474,0.0,5681.912123571819,0.0615298476966762,0.004906200672845242,0.22081157162061518,-0.004516342478792247,0.4512332910873479,-0.0028227133747194106
2475,0.0,5682.534950917054,0.1139720096132455,0.002310864878448404,0.3077428953910562,0.0010042980985802018,0.4081861723784604,-0.001674609932729527
2476,0.0,5686.076527673537,0.0,0.004826803839714637,0.5885709189168113,-0.004368183063478545,0.4623015963399657,-0.0024826818719542324
2477,0.0,5686.463944437894,0.0,0.0018699667478438468,0.6333280274153676,0.0010407121655164034,0.5136095256625863,-0.0014256636607130415
2478,0.0,5689.779253754417,8.421381091025343e-05,0.005273548404410361,0.46487554271452053,-0.004261364806942375,0.49898933077816654,-0.0022763740045818413
2479,0.0,5691.200088686471,0.0,0.002500289350045489,0.5977826530118593,-0.0013801575450120055,0.5286273274482743,-0.0020075090667108905
2480,0.0,5693.9617816922455,0.004080799285485264,0.004271215898492768,0.402117486452785,-0.0032986579628113,0.49067437514962753,-0.0023948537355410133
2481,0.0,5698.124850923085,0.0004553693345490983,0.006661588446467988,0.6851797500900942,-0.006482120047444112,0.5490259876317675,-0.0036210336291119427
2482,0.0,5701.254198186499,0.0,0.004028907379216504,0.741556285855841,-0.0038739577563765178,0.6067850770989895,-0.003696910867291315
2483,0.0,5702.804618588037,0.00012809561823393342,0.0028975108223698786,0.4981974889130576,0.0006959054799250256,0.5742088006432099,-0.002379065963126413
2484,0.0,5703.136948364303,0.003416030707960451,0.0009569882906121446,0.5250590488403681,0.0032577228680033834,0.5594638751023573,-0.000688029313787474
2485,0.0,5701.89934532244,0.0,0.0004827031026495058,0.7450183112370656,0.005085201270212792,0.6151302059427698,0.0010439398614126058
2486,0.0,5700.202650837477,9.33936804962849e-05,0.000613540797096531,0.621953898863003,0.004207979884642224,0.6171773138188397,0.001993151868381491
2487,0.0,5700.196055403152,0.0,0.0034821390169599976,0.6313236697120608,-0.0011567448619763064,0.6214212205868059,0.0010481828492741518
2488,0.0,5696.866357315757,1.2808361298255496e-05,0.0003154480701519909,0.5982128618395783,0.0048169968671210655,0.6144587129626377,0.002178827054628226
2489,0.0,5699.519926328404,0.034824154294341395,0.007041453283949678,0.27019100613698777,-0.006710910371617554,0.5111784009149427,-0.0004880941732455081
2490,0.0,5697.328630727939,0.01640112853944384,0.0007197822207768062,0.33711007654857217,0.0023159249096173493,0.4589579036050315,0.0003531115516133491
2491,0.0,5697.989979701233,0.058662564565235636,0.0017278544519580676,0.33443175051329566,-0.0008840919118834138,0.42160005767751074,-1.804948743567978e-05
2492,0.0,5697.971642475095,0.0,0.0029233550345531905,0.754944588112349,-0.00032886991649905094,0.5216034168079622,-0.00011129561615469112
2493,0.0,5697.801474006442,0.0004553693345490983,0.0033510167166036805,0.40942931917272274,0.00037795650977816145,0.4879511875173903,3.548002162516465e-05
2494,0.0,5698.49857578812,0.0,0.002135948091260532,0.6493985414297856,-0.0013378407792373173,0.5363853936911089,-0.0003765162186335799
2495,0.0,5700.468002131594,0.004672712243616095,0.004243553104330035,0.335976970441012,-0.004124241728984449,0.47626286671607987,-0.0015008338717388406
2496,0.0,5703.7190892178005,0.0,0.006324159193432307,0.6298451611074988,-0.006318358957197729,0.5223375550335055,-0.0029460913973765068
2497,0.0,5710.423439450614,0.14268271970740365,0.012281273893742633,-0.07882423076155148,-0.012281273893742633,0.34198901929498843,-0.0057466461462863435
2498,0.0,5711.962242417963,0.01098484396486289,0.002974293032475133,0.32550928890356456,0.00010244927971742976,0.33704510017756123,-0.003991917518485212
2499,0.0,5719.59003157561,0.10007644491689816,0.00973880777944707,0.07442851658890354,-0.00973880777944707,0.2582601251009639,-0.005715984596773769
2500,0.0,5722.029896704523,0.0,0.003014298393193154,0.8412745648509828,-0.0006866389119468131,0.4331644570259696,-0.004207180891325681
2501,0.0,5725.644379348186,0.0,0.0025778917728966864,0.605590213642339,-0.001400722348853215,0.4848921840108804,-0.0033652433285839413
2502,0.0,5731.2915449313205,0.03389855772415077,0.007555224418126908,0.3641464175818299,-0.00724222973104129,0.4486684540821652,-0.004528339249321146
2503,0.0,5735.075677791432,0.0,0.005326353356620541,0.6936075413542359,-0.004189467522569032,0.5221501802637865,-0.0044266777312955115
2504,0.0,5739.808758857568,0.00041719575499446455,0.005121207466408385,0.5273999293599334,-0.004959120597602023,0.5237251049926305,-0.004586410591187464
2505,0.0,5741.983269810494,0.020482294762632684,0.0011925411037739706,0.46176989579842853,0.00027199192613573247,0.5051385422343698,-0.0031288898359905053
2506,0.0,5748.868486128005,0.09261956144128651,0.009532081795952165,0.1884851359055325,-0.009436319219164454,0.4101425203357186,-0.00502111865094269
2507,0.0,5749.351995934695,0.006827197681231825,0.0006962747476055756,0.5674612473368597,0.002461161425677829,0.45733813843606086,-0.0027764346279565344
2508,0.0,5753.146538713546,0.0,0.002629745040569181,0.6143863166355703,-0.0025592807517097692,0.5044525918959137,-0.0027112884650825047
2509,0.0,5756.063106634909,0.0,0.004509058554371147,0.7925925794411632,-0.0030710934126729366,0.5908945881594886,-0.002819229949359634
2510,0.0,5756.961971613322,0.0025622923163736372,0.0011293791025992859,0.423412270874435,0.0010690913606569397,0.5406498929739725,-0.0016527335563546615
2511,0.0,5757.708794283823,0.11833760656778468,0.0008334891213810876,0.2996167698943869,0.0014496811985546167,0.46833995605009676,-0.0007220091298818781
2512,0.0,5760.689149828998,0.04838091691918668,0.005723852072601339,0.30953335711434177,-0.00445739288416759,0.42069797636937023,-0.0018426242561675917
2513,0.0,5763.008287126432,0.07257783963793461,0.004537937280125138,0.2892423316007935,-0.004002667182020159,0.3812612829387972,-0.0024906371339233615
2514,0.0,5768.310507450301,0.03714610094403233,0.009082832206944665,0.3987687826294259,-0.009023115527305305,0.3865135328459858,-0.004450380651937944
2515,0.0,5770.682571634675,0.182298929193908,0.0027841376812779784,0.25616685315272064,-0.002161954175778956,0.3474095289380062,-0.0037638527090902477
2516,0.0,5777.519562873039,0.2763271968596081,0.009456923971928674,-0.24234527361627756,-0.009451091371277334,0.17048308817172103,-0.005470024307746373
2517,0.0,5781.87925537445,0.0032992598280909896,0.005357891697750498,0.4350228379515936,-0.004934095126480751,0.2498450131056828,-0.005309245553366686
2518,0.0,5787.748003155308,0.0008551721831747386,0.006998858646546828,0.3685687595927641,-0.006307397324825741,0.2854621370518072,-0.005608691084804402
2519,0.0,5790.8284761357345,3.867622823394803e-05,0.0023747755003273438,0.7497608482096239,-0.0006534924625999817,0.42475175039915214,-0.004122131498143076
2520,0.0,5798.117460738587,0.020032256667558035,0.00917638680683863,0.5318195394155065,-0.009171242563516771,0.45687208710405847,-0.005636864817755184
2521,0.0,5804.238488774601,0.23513370713796328,0.00825506856575715,-0.16993890438686016,-0.008223385397056282,0.2688287896567828,-0.006412820991545514
2522,0.0,5804.820723376512,0.0,3.647856692473576e-06,0.7074814864621568,0.004925946305827455,0.400424598698395,-0.0030111908023336227
2523,0.0,5806.698747573631,0.0,0.0010168394997979438,0.7034160055210626,0.0028929377389598646,0.49132202074519526,-0.0012399522399455763
2524,0.0,5807.468377268444,0.0,0.0004111556258458947,0.775423845688706,0.0015849265649008387,0.5765525682282484,-0.00039248859849165177
2525,0.0,5811.388035770113,0.13924452781071212,0.0068579846035948895,0.2376991960043496,-0.0068579846035948895,0.47489655656107876,-0.002332137400022623
2526,0.0,5811.7155564531595,0.001149821587955402,0.0030075047821804196,0.5279233882059062,-0.00017632007458734056,0.4908046060545269,-0.0016853922023920382
2527,0.0,5812.9834502234,0.0,0.0017039528666399986,0.595969557049314,-0.00014191088787781974,0.522354091352963,-0.0012223478080377725
2528,0.0,5815.593429661156,0.01298519182473576,0.0053863409927292945,0.4959952377469411,-0.003630909125829476,0.5144464352711564,-0.0019449162033752833
2529,0.0,5818.360942018379,0.0,0.004767788272360271,0.506816375595455,-0.0044113336023699525,0.512157417368446,-0.002684841423073684
2530,0.0,5819.605406253866,0.0,0.0020846095390522784,0.5804542145994929,-0.00045481105278656164,0.53264645653776,-0.0020158323119875473
2531,0.0,5823.202097901399,0.006981405135188086,0.005353847414906786,0.5977276959276798,-0.004612404770324207,0.5521708283547359,-0.002794804049488545
2532,0.0,5823.594454093164,0.0,0.001723456874467477,0.6178346906198046,0.0013988667608689166,0.5718699870342565,-0.0015367028063813066
2533,0.0,5823.157940608696,0.0,0.0002377114634081272,0.6616301025838052,0.0038846865944579087,0.5987980216991211,8.971401387045802e-05
2534,0.0,5825.155959961029,0.04397498983214819,0.004109499496844241,0.4191267487725098,-0.0025655463112896843,0.5448966398211377,-0.0007068640836775846
2535,0.0,5825.134636103395,0.11630892310322626,0.0009333040843528582,0.22587783545485624,-1.9574724225219935e-05,0.4491909985112532,-0.0005006772758418751
2536,0.0,5827.031241653359,0.0016789762830520377,0.003632490167506627,0.4843327460545157,-0.0031940832554338532,0.4597335227742319,-0.0013086990697194685
2537,0.0,5829.440370807045,0.0,0.0049815452258573124,0.6356040217153581,-0.004442951113270928,0.5124946724565698,-0.0022489746827849062
2538,0.0,5831.438657223264,0.0,0.00291948448212222,0.3828150085781955,-0.0027061612243849094,0.47359077329305743,-0.0023861306452649072
2539,0.0,5835.071310604434,0.001128267145987338,0.005233915977870614,0.40369074158796653,-0.005125923805983297,0.4526207637815301,-0.0032080685934804238
2540,0.0,5841.514971407755,0.016590832587580148,0.010805071060039934,0.2700779464016679,-0.010805071060039934,0.3978579185675714,-0.005487169333448277
2541,0.0,5841.148384716171,0.0570366594339461,0.0006515987475464059,0.36036400753915215,0.004334092447901561,0.3866097452590456,-0.0025407907990433252
2542,0.0,5845.613513965422,0.007821852952543498,0.0040225871609409335,0.3919153020782439,-0.003480684930304005,0.38820141230480504,-0.002822759038421529
2543,0.0,5846.697017043946,0.0,0.003774132839572183,0.5399733577032939,0.000506973962011693,0.43373299592435166,-0.0018238391382915623
2544,0.0,5847.741059109854,0.0,0.0029352418676629505,0.5073168463872,0.0008412796584783766,0.45580815106320616,-0.0010243034992605806
2545,0.0,5849.4561684386135,0.004842569879360137,0.0032234764083780847,0.4471240782943903,-0.0016306326867261839,0.4532029292325614,-0.0012062022555002615
2546,0.0,5853.338952855735,0.009469566813933314,0.0069770372066168965,0.46124252245002456,-0.006971892963295037,0.45561480719780034,-0.0029359094678386944
2547,0.0,5853.364269668682,0.0,0.0010345680220919086,0.5662023718062725,0.0013260468836659152,0.488791076580342,-0.0016573225623873116
2548,0.0,5858.025057615686,0.03037317574206341,0.006964726491507912,0.41705426433098447,-0.006582680753827228,0.4672700329055347,-0.003134930019819286
2549,0.0,5859.919469460003,0.0011805832683334093,0.002719485635415755,0.3944086451595393,-0.0020896915890134212,0.44541161658173606,-0.0028213584905775265
2550,0.0,5861.687566935618,0.0,0.001935827008091115,0.6451731450492484,-0.0003004276997792839,0.5053400751219898,-0.0020650792533380537
2551,0.0,5861.391345279933,0.0,1.1673712718432545e-05,0.5844238774856042,0.003642088512582513,0.529065215831074,-0.0003529289235618836
2552,0.0,5863.615248605371,0.0,0.0030957431539582175,0.6776365900091602,-0.0024673023339508177,0.5736366280844998,-0.0009872409466785638
2553,0.0,5863.932266654455,0.01584836376682376,0.0032136473344127774,0.41681926723500556,-0.0002516849341029017,0.5265914198296515,-0.0007665741429058651
2554,0.0,5868.304032947913,0.2049403468218692,0.008556497513116632,-0.033759378493676474,-0.008047529869293574,0.3584861803326531,-0.002950860860822178
2555,0.0,5866.50629011784,0.0,0.0007407844036336367,0.7061698238860239,0.004666764830714411,0.4627912733986643,-0.0006655731533612012
2556,0.0,5867.002278393369,0.044044824727779874,0.0004454569621825774,0.24075635338321585,0.0020682367040597118,0.3961807973940298,0.00015456980386507267
2557,0.0,5869.415512341558,0.03307288021102189,0.004389861194996704,0.20037210195606228,-0.004340705765803641,0.3374381887626395,-0.0011940128670355416
2558,0.0,5871.819047224151,0.0,0.0051647260264271015,0.6483798171798775,-0.005118624014968969,0.4307206772878108,-0.00237139621141557
2559,0.0,5872.83917157393,0.00012809561823393342,0.0017644109733336215,0.566494461835498,-0.0007826874834024411,0.47145281265211697,-0.0018947835930116313
2560,0.0,5876.700447646877,0.0376535908351428,0.005616810380345144,0.3901754671566626,-0.005495171448706982,0.44706960900348064,-0.0029748999497202365
2561,0.0,5881.2574578794265,0.0009745752572769129,0.007799089521123339,0.4500567223095864,-0.007396084243851138,0.44796574299531233,-0.004301255237959507
2562,0.0,5882.109317402649,0.0,0.00239595770528008,0.6322106214453804,0.0015033657424928016,0.5032392065303327,-0.002559868943823814
2563,0.0,5881.1855434956815,0.0,0.0003147678525578348,0.6591661378497593,0.006511664385049669,0.5500172859261607,0.00016159105483823095
2564,0.0,5884.73921734361,0.028165385724342448,0.0049624568930783505,0.3307713768452227,-0.0047436899939862906,0.4842435132018793,-0.0013099932598091256
2565,0.0,5885.312763504276,0.004043769959894782,0.0032979946634672046,0.4369445492295495,-0.0013086287976845218,0.4700538240101803,-0.0013095839211717444
2566,0.0,5889.779687935036,0.15571150227284233,0.008076587496012255,0.017797822151140896,-0.007886950255068578,0.33437702345246845,-0.0032827938213407944
2567,0.0,5893.164415001148,0.02866397914194854,0.005909521088384206,0.46854203455731314,-0.005550581727290583,0.37462652678392183,-0.003963130193125731
2568,0.0,5896.366420528647,0.000691413120854776,0.0045438025853866745,0.6846126895553094,-0.0030861375270120578,0.46762237561533815,-0.0037000323932916287
2569,0.0,5898.609205200808,0.0,0.0027859429562404133,0.3736163969645197,-0.00039003943277514353,0.4394205820200926,-0.002707034505136683
2570,0.0,5900.765950901579,0.12995684250660433,0.0017964364171707773,0.17661476571201928,-0.0005262266958805882,0.3605788371276706,-0.002052792162359854
2571,0.0,5903.651742987977,0.0,0.0035151654700746634,0.6237923712207426,-0.0031067062303786535,0.43954289735559215,-0.002368966382765494
2572,0.0,5903.4808568719,0.021769370283505583,0.0004910248522128162,0.15582019283670467,0.0025930448435667157,0.35442608599992587,-0.000880363014865831
2573,0.0,5899.896670548504,0.0,0.0,0.8113147962356992,0.009971409948075284,0.49149269907065785,0.0023751688740165037
2574,0.0,5903.817725520763,0.03813200072475327,0.007419621999514859,0.39203295957175355,-0.0073507850881384534,0.4616547772209865,-0.0005426173146299835
2575,0.0,5903.408879615329,0.0025622923163736372,0.0030501816745540683,0.507088280653504,-0.0015997628860063612,0.47528482825074175,-0.0008597609860428969
2576,0.0,5904.382716693621,3.565652242469922e-05,0.0028854513002512434,0.5872780700177195,-0.0014277775026160543,0.508882800780835,-0.001030165941014844
2577,0.0,5908.463502535612,0.0009745752572769129,0.007954023733450177,0.6386252040075493,-0.00756312922947727,0.5478055217488493,-0.0029900549275535715
2578,0.0,5910.802223043624,0.006665293772985956,0.004106684685803345,0.3794839712452428,-0.0036746592478191747,0.49730905659776736,-0.003195436223633252
2579,0.0,5913.369461500387,0.01595995865239702,0.00305630277907354,0.5909826993527415,-0.0021006297260712154,0.5254111494242596,-0.002866994274364641
2580,0.0,5914.516671396458,0.0006539332214387808,0.0028452677850227797,0.5698531307788867,0.0010580168775695489,0.5387437438306477,-0.001689490928784384
2581,0.0,5919.44082333095,0.18355550232638349,0.0072057350275324915,-0.142172418578215,-0.007201802039026605,0.33446889510798883,-0.00334318426185705
2582,0.0,5923.104943380054,0.09359490716683447,0.005860394145773641,0.1547741747415396,-0.0057343977072397195,0.28056047899805403,-0.004060548295471851
2583,0.0,5925.958295416844,0.0,0.0034704392969367682,0.9225043296462202,-0.00229281029156825,0.4731436341925039,-0.00353022689430077
2584,0.0,5927.322273240684,0.0,0.0019270089157695084,0.6029969313770341,0.0015352101287120319,0.512099623347863,-0.0020105957873969293
2585,0.0,5931.162926008453,0.07445174941091476,0.0047071049579100075,0.20273428596220358,-0.0042402654268137415,0.4192900221321651,-0.002679496679221973
2586,0.0,5932.407915738757,0.002501019435603956,0.0025245795700609645,0.42787269893707036,-0.0003877122979592992,0.42186482517363666,-0.001991961364843171
2587,0.0,5937.63617055257,0.005438382658830172,0.008058681128145012,0.3612358719367961,-0.008018056764385847,0.4036761392025845,-0.0037997899847059735
2588,0.0,5940.229454780724,0.038465209438259956,0.0038109184477250558,0.24970183126095746,-0.0031693911375799983,0.3574838468200964,-0.0036106703305681808
2589,0.0,5941.125490288967,0.0027103288690266034,0.0007581969859954307,0.34380005515891976,0.002241818522337334,0.35337870932174337,-0.0018549236746965264
2590,0.0,5943.614560331295,0.1733316663222526,0.0018618283474105422,0.1291262724405841,-0.0013471591740638722,0.28610297825739556,-0.00170259432450673
2591,0.0,5945.232540784815,0.0,0.002263942994785123,0.6015681021199583,-0.0013676390201669362,0.38074251541616433,-0.0016021077332047918
2592,0.0,5949.2176764726555,0.005515735115298068,0.006776266653994954,0.6225901317259893,-0.006462075772757109,0.4532968003091118,-0.0030600981450704867
2593,0.0,5951.312444034666,0.005515735115298068,0.0035471090061968166,0.5269233518520932,-0.0025677327760549548,0.47538476577200617,-0.002912388534365827
2594,0.0,5952.254237162469,0.0,0.0018596585164661027,0.576550748539826,0.0013468827404588268,0.5057345606023521,-0.0016346071519184305
2595,0.0,5957.620265531413,0.08879930536801554,0.008077379080673764,0.15858706227252756,-0.008077379080673764,0.4015903111034047,-0.00356743873054503
2596,0.0,5959.119648694094,0.04984541543528831,0.0033059402350077123,0.3142985664420391,-0.0012723558585632597,0.375402787704995,-0.0028789138689504987
2597,0.0,5964.7105947105865,0.029290615770923463,0.008200733226079174,0.26624865098279143,-0.00781176744550197,0.3426565466883339,-0.0043587699419159395
2598,0.0,5969.572997831369,0.0855199475232581,0.00787991044330831,0.14017499356805993,-0.006949522473892775,0.2819120807522517,-0.00513599570150899
2599,0.0,5978.040335906882,0.08013889805862219,0.012885902480261231,0.09385204679011655,-0.012885902480261231,0.22549407056361115,-0.007460967735134662
2600,0.0,5986.911658877353,0.08556248679684911,0.012821053677112022,0.2978463464031945,-0.012821053677112022,0.24719975331548613,-0.009068993517727868
2601,0.0,5991.780981922726,0.0010325417834870496,0.00436429311882344,0.5922524400669728,-0.0019947068905206314,0.3507155593409321,-0.006946707529565697
2602,0.0,5998.297990754157,0.0069040526787201885,0.003907589451195893,0.5358411823534225,-0.00384078733744958,0.40625324624467923,-0.006014931471930862
2603,0.0,5999.294687924635,0.0030691947026178696,0.0007534829340048204,0.5425900423151583,0.00541032338279828,0.44715428506582294,-0.002587355015512119
2604,0.0,6003.345374605147,0.03098392844811532,0.00457121392352989,0.34858205423217764,-0.0020655705088263383,0.41758261581572936,-0.0024308196635063847
2605,0.0,6002.266096792258,0.0,8.646447288600422e-05,0.7285698790405187,0.005044941070656763,0.5108787947831661,-0.00018809144325744034
2606,0.0,6005.102563102522,0.022730539602046813,0.0034492337080997302,0.34667446482265046,-0.0033693638534271243,0.46161749579501143,-0.0011424731663083455
2607,0.0,6006.898961147537,0.0,0.0036848365840940847,0.6433620275442785,-0.0034989642917937092,0.5161408553197916,-0.0018494205039539546
2608,0.0,6007.021160329597,0.0,0.0015147826028490813,0.7453184187136717,0.0010125537732796322,0.5848941243379556,-0.0009908282207838786
2609,0.0,6007.295351981134,0.0,0.0013062171959812912,0.5904471562129697,0.0013965315934461634,0.5865600339004599,-0.000274620276514866
2610,0.0,6009.186736621704,0.01872259772491883,0.0044582106544468255,0.4325780168889529,-0.002896829426347579,0.5403654287970078,-0.00106128302146468
2611,0.0,6010.093767665398,0.0,0.003345550887641551,0.535287155050976,-0.0015593650937659942,0.5388419466731982,-0.0012107076431550742
2612,0.0,6005.077350746422,0.0,2.7130950358174622e-05,0.7140564186576108,0.011606817880357832,0.5914062882685219,0.0026345500138987973
2613,0.0,6007.117525497387,0.0,0.004793619407679183,0.5766506518943553,-0.0030989831868018644,0.5869795973562719,0.0009144900536885987
2614,0.0,6005.1055984381555,0.06302608178305603,0.0015046030917592668,0.3779742228804994,0.0014090880233504903,0.5242779850135402,0.001062869444587166
2615,0.0,6005.484757446302,0.006981405135188086,0.0029567372957384993,0.44442738710797297,-0.0017867946330870823,0.50032280564187,0.00020797022128489148
2616,0.0,6003.065486416145,0.03576992902694179,0.0012944168225147723,0.34843833866192175,0.00392432688216132,0.45475746554788554,0.0013228772195478201
2617,0.0,6002.676741064592,0.0034115021617267733,0.0015300250926240926,0.5631951406827627,0.0005381306177493734,0.48728876808834864,0.001087453239008286
2618,0.0,6005.749198286353,0.023877650818497662,0.00784954208765816,0.18776710037203959,-0.0078242602006575,0.3974322677734559,-0.0015860607928914498
2619,0.0,6004.160725048266,0.023166640570195247,0.0019568864156009,0.39749214521550114,0.0022426413217538953,0.39745023100606947,-0.0004374501584978463
2620,0.0,6008.9264221587555,0.0,0.008258161897653833,0.7494704588218363,-0.008258161897653833,0.5030562993507994,-0.0027836636802446423
2621,0.0,6006.830942728092,0.00026730066581259277,0.00045778147794301046,0.6556424357430172,0.004937245382326859,0.5488321402684647,-0.0004673909614731917
2622,0.0,6009.362932818786,0.0,0.003356852261534583,0.6716196836731863,-0.002355855065297191,0.5856684032898811,-0.0010339301926203914
2623,0.0,6008.557444492647,0.0,0.0016364240934272755,0.6709684223403527,0.0022080466890167572,0.6112584090050226,-6.133712812924686e-05
2624,0.0,6008.907768339724,0.00012809561823393342,0.0029236307864331295,0.5384360949728328,0.000349724982908312,0.5894117147953657,6.198150518202081e-05
2625,0.0,6008.645140838938,0.0,0.003005830704128436,0.69074221339072,0.00060845090572274,0.6198108643739719,0.00022592232534423656
2626,0.0,6011.157767738713,0.039746535579858286,0.005603019423336161,0.20451318582155423,-0.005308616872654805,0.49522156080824664,-0.0014344394340554758
2627,0.0,6014.218921272085,0.07990950346633037,0.006736751922086511,0.23270135386727167,-0.006552970640337148,0.4164654987259542,-0.0029699987959399777
2628,0.0,6018.7179960879375,0.00012809561823393342,0.008003099088640829,0.5568833852843703,-0.007755114839388291,0.458590864693479,-0.004405533608974471
2629,0.0,6023.5752995152825,0.002098645849303127,0.007057332963647442,0.4709596116342233,-0.006842069494157514,0.4623014887757022,-0.005136494374529383
2630,0.0,6024.759882603708,0.0,0.002310442245752777,0.7787056041171597,0.0023352366740665687,0.5572227233781395,-0.0028949750599505976
2631,0.0,6028.499306642398,0.06008597453832922,0.004064454294353907,0.22201711275501818,-0.0023193278129717875,0.45666104019120307,-0.0027222808858569543
2632,0.0,6030.407430817522,0.006811600423017811,0.001363647807769564,0.56454097668206,-0.0008462313071494053,0.48902502113846014,-0.0021594660122446893
2633,0.0,6033.638989404569,0.10741736812805878,0.0049541167302976676,0.03573748788193493,-0.0038067267164013244,0.35303876116150257,-0.0026536442234916797
2634,0.0,6038.723863063049,0.15036413896642736,0.008377135257755918,-0.026040157060823757,-0.008233474516435689,0.23931508569480467,-0.004327593311374882
2635,0.0,6036.639437338136,0.13403064610764293,6.646177632747024e-06,0.2921282927083113,0.00728708271434732,0.2551590477988567,-0.0008431905036582212
2636,0.0,6041.284705064963,0.00028910223583703757,0.005591373813651931,0.44335705258473723,-0.005134598460556002,0.3116184492346208,-0.0021306128907275556
2637,0.0,6040.586146757385,0.0739025565991115,0.0015571698623375388,0.31217816706657436,0.002422428785878734,0.31178636458420683,-0.0007647003877456686
2638,0.0,6040.98628504063,0.004446578340068211,0.001480634108560678,0.3390048407181876,0.0014176295205717857,0.31995190742440105,-0.00011000141525043222
2639,0.0,6043.725864255484,0.07086507250222071,0.005227143845972582,0.2005434867191106,-0.004906310401409446,0.2841293812128139,-0.0015488941110981362
2640,0.0,6045.072509757185,0.19869120206983248,0.0037049956659516757,0.22482127170236657,-0.002626389399695575,0.2663369483596797,-0.0018721426976773677
2641,0.0,6048.38097013267,0.0,0.006235876016517878,0.4604136049072387,-0.005201188470796223,0.3245599453239474,-0.002870856429613024
2642,0.0,6047.29172272287,0.0,0.00034735152579238785,0.4620923537354408,0.004339033098398202,0.3658196678473954,-0.0007078895712096564
2643,0.0,6057.49739647496,0.317459947366382,0.018241849470539164,-0.23702853122382944,-0.018241849470539164,0.18496520812602796,-0.005968077541008508
2644,0.0,6059.085516427979,0.005515735115298068,0.004291923192389337,0.63652998314662,-0.0023225283679051897,0.32043464063220556,-0.004874412789077512
2645,0.0,6061.55773416696,0.0,0.0011408799249557015,0.5522730572464353,0.0012693943485522412,0.3899861656164745,-0.003031270647788586
2646,0.0,6066.658975679041,0.03814811806037259,0.005603647794319238,0.4585004011513927,-0.0054237702178904406,0.4105404362769499,-0.0037490205188191426
2647,0.0,6064.842045187694,0.0016789762830520377,0.00022539924228022373,0.5804188464070232,0.007099054636707304,0.4615039593159719,-0.0004945979721612086
2648,0.0,6069.328214027331,0.3508480594225053,0.0068563924311093,-0.25518268682463696,-0.005420347126638491,0.24649796547378922,-0.0019723227185043934
2649,0.0,6071.922425905134,0.21307721070306995,0.0051684783282633035,0.018298829556243415,-0.004807221744483425,0.17803822469852548,-0.002822792426298103
2650,0.0,6074.891430133055,0.0,0.004426733191826001,0.661350101511515,-0.004013306291964275,0.3230317877424223,-0.0031799465859979545
2651,0.0,6080.0384979386945,0.0,0.007666445516695126,0.7099782547322373,-0.007650151376604116,0.4391157278393668,-0.004521008023179803
2652,0.0,6081.68728265935,0.0025006561467957617,0.0021292121989601167,0.5560666266229464,6.585152668330156e-05,0.47420099747444067,-0.0031449501582208714
2653,0.0,6084.395295548674,0.0,0.0025033677491660532,0.41620261239186523,-0.0008012705720208217,0.45680148194966796,-0.0024418462823608566
2654,0.0,6085.727603302983,0.0,0.0020604401974279045,0.5085310456697928,0.0006020921884344431,0.4723203510657054,-0.0015286647411222665
2655,0.0,6086.444707888029,0.0,0.002861498190092023,0.6621734307554146,0.0011133163561580027,0.5292762749726181,-0.0007360704119381857
2656,0.0,6092.12384542305,0.03332332265462933,0.010208507825458266,0.25453725092470625,-0.010208507825458266,0.4468545677582445,-0.00357780163599421
2657,0.0,6091.085825615698,0.07258178382167726,0.001297970648381804,0.3086169412503734,0.003078356345917899,0.4053832798058832,-0.0015809542414205772
2658,0.0,6090.819206894551,0.019875167084612552,0.0007582015264902684,0.29168447987488205,0.004348205466610246,0.37127363982658285,0.00019779367098866972
2659,0.0,6092.756440916311,0.0036148883726720617,0.003181327190309366,0.18925072054047046,-0.002397318280144025,0.3166667640407491,-0.0005807399143511387
2660,0.0,6089.20068968943,0.0,0.0007612231563483382,0.7044124772113622,0.007225977478485927,0.432990477991933,0.0017612753034999809
2661,0.0,6090.198240844154,0.0,0.002485775919651546,0.5301467456719288,-0.0015466806325382758,0.4621373582959317,0.0007688885226885038
2662,0.0,6092.176190278431,0.0016695047716155024,0.0061195792433991125,0.5085390745917195,-0.005987426784336572,0.476057873184668,-0.001258006069419019
2663,0.0,6093.909830429915,0.007772734008722076,0.004945738682701672,0.5035627415141517,-0.004360258940499694,0.48430933368351314,-0.0021886819307432217
2664,0.0,6093.760965221518,0.0,0.001928540327795076,0.5299837068394145,0.0017117539202532602,0.49801164563028355,-0.001018551175444277
2665,0.0,6094.444499038262,0.06331225921205816,0.0021541267537351994,0.32233553804867654,0.000898287858618,0.4453088133558014,-0.00044349946522559387
2666,0.0,6096.867909274668,0.14312505573620637,0.005082865273017218,-0.012033474579766714,-0.003969301373707093,0.30810612697513096,-0.0015012400377700434
2667,0.0,6090.71502128101,0.0,0.0,0.7227589880325472,0.013343046931303825,0.43250198529235584,0.0029520460529521165
2668,0.0,6093.363377785572,0.0,0.004588097646790339,0.6779450357490425,-0.004076619597367841,0.5061349004293618,0.0008434463578561291
2669,0.0,6096.68171195317,0.023093768431590018,0.010052154328922671,0.2703074565531054,-0.010023387752562488,0.43538666726648484,-0.0024166038752694557
2670,0.0,6098.707495132368,0.0,0.00532716657648713,0.506963857804874,-0.004998279751294871,0.45685982442800155,-0.0031911066380770803
2671,0.0,6100.086290241548,0.0248596722485429,0.0025243552252679114,0.43499268551184866,-0.00022223133079992666,0.4502996827531557,-0.002300444045893934
2672,0.0,6099.8213751181875,0.010222458903736121,0.00048219580789626387,0.46447230794342365,0.003971827756911492,0.454551470310236,-0.0004187625050523062
2673,0.0,6098.694691881012,0.0,0.00045202048364790837,0.7310274785326576,0.0047610010629653785,0.5374942727769625,0.0011351665653529992
2674,0.0,6099.833636992018,0.09441067012480837,0.0028755613638407574,0.14770870238587908,-0.0019838899787233783,0.42055860165963743,0.0001994496021300859
2675,0.0,6098.241488196265,0.08357038201895389,0.0001249800333032802,0.21241244748265242,0.0021262010854897965,0.3581147554065419,0.0007774750471379991
2676,0.0,6099.58644119585,0.0,0.003972478870989116,0.5812164464857184,-0.003042140211652027,0.42504526273029486,-0.00036840953049900864
2677,0.0,6101.698764335942,0.0,0.005332596514730701,0.5245040618737266,-0.0051951926521910325,0.4548829024733243,-0.0018164444670066156
2678,0.0,6105.157200852803,0.1223111154241007,0.007486500866794479,0.10906492483521263,-0.006745630963064968,0.3511375091818908,-0.003295200415824121
2679,0.0,6106.884948236899,0.002685069585004081,0.0034491927130144507,0.32364963205117925,-0.0015700440464080786,0.3428911460426773,-0.0027776535049993086
2680,0.0,6107.160009074591,0.01359491300603924,0.002086665564571604,0.42543462070541743,0.002975192584001954,0.36765418844149933,-0.0010517996782989296
2681,0.0,6110.2668958153245,5.566503011478061e-06,0.004995245696271775,0.4756067678347145,-0.0035354666555585516,0.4000399622594639,-0.0017968997714768163
2682,0.0,6110.334202203856,0.0,0.0018604875959313532,0.6353910367259465,0.0010302738459326256,0.4706452845994087,-0.0009487476862539837
2683,0.0,6109.509946000929,0.0004553693345490983,0.00048664198176276674,0.4791173237548735,0.003628502171646556,0.4731868963460481,0.00042442727111617834
2684,0.0,6112.844959378901,0.06299576141244526,0.005989762719546017,0.3718861619451561,-0.005977350167223806,0.4427966760257805,-0.0014961059603858168
2685,0.0,6113.525336850405,0.0,0.002765477557078779,0.4329744705590312,-0.001797227058030211,0.4398500143857557,-0.0015864422896791348
2686,0.0,6112.446970439629,0.0,0.0014907237527274164,0.9056475329314982,0.0038711421599242142,0.5795892699494785,5.0833045201869936e-05
2687,0.0,6117.755911998791,0.02951668773623434,0.009409868906723287,0.36875386475412014,-0.009409868906723287,0.516338648390871,-0.002787377540375677
2688,0.0,6118.358877329093,0.008766380352067112,0.0034612241123212067,0.289790904034132,-0.0011929881293664684,0.4483743250838492,-0.0023090607170729144
2689,0.0,6116.371990390978,0.003192733913227558,0.0006110773875072572,0.37694412331120497,0.007139076922176905,0.4269452645520559,0.0005253805747020314
2690,0.0,6121.082204525534,0.0,0.007911455072159164,0.6238622766366574,-0.007429565390653312,0.4860203681774363,-0.0018611032149045716
2691,0.0,6120.172262906936,0.0,0.0013262123215134003,0.49138138864529357,0.0014259862407167766,0.48762867431779344,-0.000874976378218167
2692,0.0,6120.792583607655,0.008078027431671705,0.0022847225954651545,0.3737550507147305,0.0006827717381218333,0.4534665872368745,-0.0004076519433161669
2693,0.0,6121.918673539375,0.0,0.0021481265964171966,0.9059375581196012,-0.001417601466137085,0.5892078785016924,-0.0007106368001624423
2694,0.0,6119.843113947364,0.05064753248424666,0.0001863490223332353,0.371323658526776,0.004778329790983574,0.5238426125092175,0.0009360531771813625
2695,0.0,6118.42782835725,0.0,0.0019596143874103314,0.5245008549967053,0.003649756097191891,0.5240400852554639,0.0017501640531845208
2696,0.0,6120.55100947526,0.03657093026548901,0.0059968318769849,0.3543220471815716,-0.005471272890966791,0.4731246738332962,-0.00041626703006087274
2697,0.0,6120.246192972468,0.03436521508594845,0.001874317899735085,0.43290060354194976,-0.0011707087149970465,0.4610574527458922,-0.0006425995355417249
2698,0.0,6119.210854257667,0.0,0.0014406941903720991,0.6411398933688481,0.0026173421261293226,0.5150821849327789,0.0003353829629595894
2699,0.0,6118.297041450943,0.005515735115298068,0.0006636000488910329,0.42324752694824325,0.0025591769067428694,0.4875317875374182,0.0010025211460945734
2700,0.0,6118.909259332465,0.005382528867909248,0.0032263918848692,0.375656644373953,-0.001666582887343182,0.4539692445883786,0.00020178993606324684
2701,0.0,6118.585584048129,0.00422416336190806,0.0025432488142682064,0.49712942986582953,-0.00037837726548461584,0.4669173001716139,2.773977559888804e-05
2702,0.0,6113.050328565284,0.0,0.00011904771291904669,0.7280013978251043,0.01132042858187982,0.545242529467661,0.003415546417483168
2703,0.0,6111.832591778033,0.0,0.0021371428597937534,0.5389234739626071,0.0023657416064591856,0.5433468128161448,0.0031006049741759733
2704,0.0,6109.0986680296355,0.0013070899728019635,0.0016053779757983614,0.35606023559988054,0.002008621750360269,0.48716083965126555,0.0027730100070312617
2705,0.0,6111.157818118812,0.0,0.007635234950842862,0.6861220009650189,-0.007635234950842862,0.5468491880453915,-0.0003494634803309757
2706,0.0,6110.817177079526,0.007887916675630881,0.004909491394251268,0.33516935493392425,-0.002164322280467372,0.4833452381119513,-0.0008939211203718946
2707,0.0,6113.245110921002,0.013305161129006987,0.004836224137680804,0.5289103015804626,-0.004656924331048016,0.49701475715250465,-0.002022822083574731
2708,0.0,6119.334308787929,0.20499058535999962,0.011670376802229198,-0.05601585192199198,-0.011670376802229198,0.33110557443015565,-0.004917088499171071
2709,0.0,6118.9508833460695,0.10353220791702299,0.0003709115883937283,0.24878566971488592,0.003110788028397709,0.3064096030155747,-0.0025087255409004367
2710,0.0,6125.660413603641,0.02028186625728731,0.008751763426012362,0.36504125851538777,-0.008751690619102113,0.3239990996655186,-0.004381615064360939
2711,0.0,6128.03219842962,0.11876468691615476,0.0029951595048842926,0.17116598430537855,-0.0021453953213318865,0.27814916505747656,-0.003710749141452223
2712,0.0,6133.710712004949,0.019293280408779225,0.007333756130483088,0.3969870933533409,-0.007111439709000295,0.3138005435462359,-0.004730956311716644
2713,0.0,6136.6042297315535,0.0,0.0029408108038287426,0.5120099641829013,-0.00196567506175846,0.3732633697372355,-0.003901371936729189
2714,0.0,6139.3415645928535,0.0,0.0032732825839840115,0.6310228459416977,-0.0006121443056377312,0.45059121259857415,-0.0029146036474017516
2715,0.0,6141.112267237143,0.0,0.002059441129985587,0.7784768164478628,0.0004964070771304543,0.5489568937533607,-0.0018913004300420897
2716,0.0,6140.739313124099,0.0,0.0008880363638955817,0.5602001712453231,0.003891837386137596,0.5523298770009494,-0.000156359085188184
2717,0.0,6136.065093799599,0.0,0.0,0.6686706153882311,0.011714576502551127,0.5872320985171339,0.003404921591133609
2718,0.0,6136.390275929345,0.040244316802247236,0.0024050383194124847,0.15006638774488704,-0.0006564604561967557,0.45608238528545975,0.0021865069769345
2719,0.0,6139.392614991405,0.011983076398429575,0.009897139131806681,0.2563950370078208,-0.009892770827428496,0.396176180802168,-0.0014372763643743988
2720,0.0,6139.947775552358,0.003618655286169327,0.005229995427890758,0.5487490705419438,-0.0033743094211091226,0.4419480477241007,-0.002018386281394816
2721,0.0,6142.091872764468,0.007823477170488114,0.0051228883537254724,0.44124934082187983,-0.0028856068839485357,0.4417384356534344,-0.0022785524621609316
2722,0.0,6143.607408744022,0.0,0.002643054841131256,0.5755825974843666,-0.0009599412283619508,0.481891684202714,-0.0018829690920212372
2723,0.0,6150.274536687336,0.09059640215107712,0.011437900688318802,0.15909976918085042,-0.011437900688318802,0.3850541096961549,-0.004749448570910506
2724,0.0,6153.595376064564,0.0,0.006246071081537188,0.6756419177736888,-0.00475909554124855,0.47223045211941506,-0.004752342662011919
2725,0.0,6155.511216521509,0.0,0.002649864989834556,0.554123162421661,0.0011540222536476604,0.4967982652100888,-0.002980433187314045
2726,0.0,6154.18482762697,0.0,0.0,0.6348063893417402,0.007837851852688486,0.5382007024495842,0.00026505232468671414
2727,0.0,6154.431130277186,0.0,0.00017021671281039735,0.7084182492058052,0.0025804435353089378,0.5892659664764505,0.0009596696878733812
2728,0.0,6152.824877074064,0.011315067205307174,0.0009743895158888532,0.5472379157541423,0.0030302784312920823,0.576657551259758,0.0015808523108989914
2729,0.0,6149.685286076004,0.0,0.0019510917822412098,0.7991535273370489,0.005475289808136625,0.6434063440829453,0.0027491835600702815
2730,0.0,6152.002985376927,0.005160350238868192,0.006660888721349055,0.4157866270358857,-0.006589810682447299,0.5751204289688274,-5.251471268499287e-05
2731,0.0,6151.474587377729,0.0,0.0019126286026669354,0.6193622894307554,-0.0017607155970485457,0.5883929871074058,-0.0005649749779940587
2732,0.0,6153.044243634057,0.0,0.0036892040928324624,0.4326216379578079,-0.0031918737508870405,0.5416615823625264,-0.0013530446098619531
2733,0.0,6153.372996238995,0.013149536276315956,0.0028045034116579667,0.45203677194641984,-4.000879946551014e-05,0.5147741392376943,-0.0009591338667430202
2734,0.0,6154.139929027309,0.0,0.0028657193773757093,0.5590640216897521,-0.00014839126259998093,0.5280611039733116,-0.0007159110855001084
2735,0.0,6150.955121927651,0.012254440634015516,0.0010907255789693224,0.4687782407036912,0.007663942197374829,0.5102762449924254,0.0017980448993623731
2736,0.0,6152.392944393094,0.0,0.004081692159301526,0.6065430841949147,-0.0023246412930826178,0.5391562967531721,0.0005612390416288759
2737,0.0,6153.881095107904,0.0010435580776184887,0.005418979778215149,0.19011430537759216,-0.004996662386092817,0.43444369934049815,-0.0011061313866876322
2738,0.0,6148.043377776083,0.0,0.0001990732784740735,0.6511686371583608,0.01162337591404507,0.49946118068585693,0.002712720803532179
2739,0.0,6149.919310409112,0.06343067511083994,0.004513692467822634,0.19856992896892914,-0.002869002824493119,0.4091938051707786,0.0010382037151245894
2740,0.0,6150.832307923699,0.23172144352358912,0.005704121872401711,-0.2122701881886018,-0.0047710874805337354,0.22275460716296444,-0.000704583643572908
2741,0.0,6152.197336571807,0.011188143631976517,0.004248145699034205,0.44410054652753433,-0.0038959142349970217,0.28915838897233537,-0.001661982821000142
2742,0.0,6153.163247550386,0.0,0.0029539451353978027,0.7943514296096312,-0.0012091239591075008,0.4407163011635241,-0.0015261251624323496
2743,0.0,6154.7655119792735,0.027164596043275157,0.0037551642031565073,0.4776738860192555,-0.0015432302398723464,0.4518035766202435,-0.0015312566856643486
2744,0.0,6161.827706486371,0.25744879615680455,0.013059389150351543,-0.18886185110997603,-0.013059389150351543,0.2596039483011776,-0.004989696425070507
2745,0.0,6163.898211622516,0.004132003192885789,0.0029201217953320293,0.5231885894449426,-0.002510589301692068,0.33867934064430705,-0.004245964288056975
2746,0.0,6165.050468432002,0.0,0.001522830265769115,0.5928731213181163,0.0029739806016898076,0.4149374748464498,-0.00207998082113294
2747,0.0,6165.430822329149,0.0,0.0011085420372858067,0.5082126586191057,0.003717141381882975,0.44292002997824653,-0.00034084416022816524
2748,0.0,6168.524014137508,0.0,0.004467648380776527,0.6383089048011915,-0.004263301072058712,0.50153669242513,-0.0015175812337773294
2749,0.0,6171.337786376723,0.0,0.006682594692994843,0.73212173622449,-0.005443746946718355,0.570712205564938,-0.002695430947659637
2750,0.0,6169.777320876972,0.079245677519912,0.0005688740428620787,0.37370342354226477,0.004944093199150787,0.511609570958136,-0.0004035737036165096
2751,0.0,6171.364093394304,0.0,0.002695296653041649,0.5959867752671444,-0.00048121993631315333,0.5369227322508385,-0.00042686757342550266
2752,0.0,6172.456980957995,0.0,0.004027470495040103,0.4527362288988048,-0.001838673667529113,0.5116667812452285,-0.0008504094016565857
2753,0.0,6172.3142348827705,0.00013667253947621694,0.001347709578734857,0.5182452608439504,0.0007774751041048337,0.513640325124845,-0.0003620440499281598
2754,0.0,6172.367151001114,0.0,0.0021205523199752316,0.5499972250144652,0.0007906863822577574,0.5245473950917311,-1.622492027238465e-05
2755,0.0,6172.747312445145,0.0,0.0025213992711744693,0.7115416895424433,-0.0004141977513808564,0.5806456834269447,-0.00013561676960492617
2756,0.0,6173.408567532325,0.03626123014186983,0.0032780722598327416,0.5414293789903234,-0.0013550631076050224,0.5688807920959583,-0.000501450671004955
2757,0.0,6174.691656834421,0.05848265937825554,0.0035924914652868457,0.12204354382631726,-0.002510941466405237,0.434829617615066,-0.0011042979096250395
2758,0.0,6173.71529806912,0.04968030548374535,0.0014653281005440075,0.3667823482393743,0.002602437622908016,0.4144154368023585,7.722750134877112e-06
2759,0.0,6174.828005180741,0.0009745752572769129,0.0028907987847401114,0.48841870186470043,-0.0011681512746053114,0.4366164163210611,-0.0003450394572871794
2760,0.0,6175.895833415753,0.043457279830833404,0.003288283117114079,0.37370096617546633,-0.00221831004361304,0.4177417812773826,-0.0009070206331849376
2761,0.0,6177.948946103132,0.037395558229264006,0.004793280758950536,0.12805521555535698,-0.003880109470981432,0.3308358115607749,-0.0017989472845238857
2762,0.0,6179.845144446807,0.0,0.003546814576559921,0.4989654912487052,-0.0029306439195697946,0.38127471546715397,-0.0021384562750376584
2763,0.0,6182.184941431923,0.0953169479629278,0.003937047149901031,0.2405918049614155,-0.002911571286152628,0.3390698423154324,-0.0023703907783721493
2764,0.0,6183.763598892144,0.014316589653381876,0.0035892682263579554,0.43111628805931534,-0.0009625448065285458,0.36668377603859725,-0.001948036986819068
2765,0.0,6186.731527627079,0.0,0.0042430922107875085,0.5031978403472478,-0.0036328595958607514,0.4076379953311924,-0.002453483769531573
2766,0.0,6186.607662549958,0.0,0.0007542103390889192,0.76026153901556,0.0023894859290024286,0.5134250584365027,-0.0010005928599713721
2767,0.0,6189.174508574916,0.03233853365563154,0.0033771864336541984,0.16116912131895345,-0.002750192256234711,0.40774827730123786,-0.0015254726788503739
2768,0.0,6189.8339159435545,0.0,0.0018264386223150156,0.6892733901313156,-0.00026791976057328445,0.4922058111502612,-0.001148206803367247
2769,0.0,6192.304766831727,0.028320655323107378,0.003811887618308919,0.15869378072309323,-0.0035107300264159823,0.39215220202211076,-0.0018569637702818675
2770,0.0,6191.741342586817,0.029282079801640732,0.0006642957022556991,0.3667542367470522,0.0024472227541659747,0.3845328124395932,-0.0005657078129475148
2771,0.0,6195.541278887277,0.07457787603522645,0.005991040001346332,0.19584143753535652,-0.005958625539710453,0.3279253999683222,-0.002183583130976396
2772,0.0,6199.7224586449265,0.0,0.008150350617099057,0.5606365171207762,-0.008030529559491134,0.3977387351140584,-0.0039376670595308175
2773,0.0,6205.310745687757,0.06397161537614558,0.009205703769503764,0.1618164797216378,-0.009203629450313992,0.3269620584963322,-0.005517455776765769
2774,0.0,6209.347278354853,0.021334458862146088,0.00478663872179915,0.3086850337696049,-0.004077812545406028,0.321478951078314,-0.0050855628073578464
2775,0.0,6216.018011511383,0.06361602690758908,0.008159929412598662,0.45836835204690946,-0.007938112525000537,0.3625457713688926,-0.005941327722650653
2776,0.0,6218.939060894843,0.0,0.0022923756640463285,0.7226962545124348,-0.0005405029694357629,0.47059091631195527,-0.004321080296686186
2777,0.0,6225.365117581713,0.14345036497390315,0.007023871652939064,0.08779155779999606,-0.007018690040855942,0.35575110875836746,-0.0051303632199371126
2778,0.0,6226.534581230947,0.0,0.0011922503825777275,0.5272287122606701,0.0022785078406415376,0.40719438980905825,-0.002907701901763517
2779,0.0,6228.88363587458,0.0,0.0017760189961178556,0.7160929233012625,0.0005714187591065301,0.4998639498567195,-0.0018639657035025028
2780,0.0,6236.936912547976,0.29241664323552347,0.0136711383509269,-0.23953928974447206,-0.0136711383509269,0.278042977976362,-0.005406117497729822
2781,0.0,6237.880608676226,0.0,0.0011339412407159665,0.9425680635235206,0.00020085223636552772,0.47740050364050957,-0.0037240265775012166
2782,0.0,6246.424435105258,0.15860294123311863,0.012013098226287003,-0.062404764385975336,-0.012013098226287003,0.315458923232564,-0.006210748072136952
2783,0.0,6250.538982216965,0.00045532045841281405,0.00479144395060617,0.34172187237569074,-0.00443399762815259,0.32333780797550205,-0.005677722938941643
2784,0.0,6254.856247034257,0.028882436181961773,0.0037027866638108652,0.35755816747647795,-0.002288200671757949,0.3336039158257948,-0.004660866258786534
2785,0.0,6256.494644074812,0.006901786490386965,0.0006638356353832377,0.3731473541393533,0.0026951703210252426,0.3454669473198623,-0.002454055284843001
2786,0.0,6259.277431751932,0.0,0.0017896937635826107,0.6287696686625976,-0.0008401530042312931,0.4304577637226829,-0.001969884600659488
2787,0.0,6260.35168209071,0.04725229794036778,0.001925792826521013,0.44485722355376506,0.00040036457428621163,0.4347776016720075,-0.0012588098481757781
2788,0.0,6261.230140281124,0.0030691947026178696,0.002211702572524827,0.5686850913255446,0.00027429230599799716,0.47494984856806854,-0.0007988792019236455
2789,0.0,6260.042953802782,0.0025622923163736372,0.0007680590807207715,0.6492373911022978,0.00381785205514158,0.5272361113283373,0.0005861401751959222
2790,0.0,6259.870473332595,0.0,0.0014241673874478423,0.7398827368876154,0.0011670776409252717,0.5910300989961207,0.000760421414914727
2791,0.0,6259.168615534666,0.0,0.0011326699336140981,0.6301398472813223,0.00081995683756848,0.6027630234816812,0.0007782820417108528
2792,0.0,6259.42236079988,0.002098645849303127,0.0034110014869243614,0.6202062482329472,-0.001353170028136942,0.607995990907061,0.0001388464207565143
2793,0.0,6256.2002045538065,0.0,0.0006103590648029389,0.5929421393357057,0.005896329785005982,0.6034798354356544,0.0018660914300313543
2794,0.0,6256.738288204745,0.0,0.003830835635353375,0.6413323477789853,-0.0013433931039933719,0.6148355891386537,0.0009032460698239365
2795,0.0,6260.127117756509,0.12517103828070691,0.00904677728507823,0.024658372396792316,-0.009041542058701467,0.43778242411609525,-0.002080190368733684
2796,0.0,6262.052559314261,0.08465419799174247,0.004998399579771318,0.17497233842107512,-0.004865543302686012,0.3589393984075892,-0.0029157962489193825
2797,0.0,6260.499546290123,0.04762692556592995,0.0013819832979362593,0.15481501778384374,0.005523800278090362,0.2977020842204655,-0.00038391729081645913
2798,0.0,6266.470372891798,0.019237969603512834,0.009385937773748224,0.08587183566026273,-0.009385937773748224,0.23415300965240465,-0.0030845234356959884
2799,0.0,6269.942121362582,0.0,0.006723967430089937,0.7780824471667918,-0.006704373659712013,0.39733184090672075,-0.004170478502900796
2800,0.0,6272.506678997026,0.0004553693345490983,0.0031335512056426627,0.5343221759788797,-0.0019560132219527578,0.4384289414283684,-0.003506138918616384
2801,0.0,6272.612690022937,0.0,0.0005591713240813545,0.5864440296725062,0.00426948125814764,0.4828334679016097,-0.001173452865587177
2802,0.0,6275.763055133108,0.20642634232883125,0.004566959538889239,-0.0038464943396579825,-0.0028621387365624093,0.33682947922922934,-0.0016800586268797466
2803,0.0,6272.279508516237,0.010373993495368241,4.5153976033870485e-05,0.43556906495458364,0.008549737962919822,0.3664513549468356,0.001388880350060124
2804,0.0,6273.704248459952,0.018965515202616842,0.0019192948708971482,0.4087356483620441,-0.0012760171609935474,0.37913664297139815,0.0005894110967440225
2805,0.0,6267.649483772295,0.0,0.00011904771291904669,0.8664011046008216,0.011142783938942753,0.5253159814602252,0.0037554229494036417
2806,0.0,6265.53443693835,0.0,0.0007066518127107776,0.5764886640249731,0.003635901722052563,0.5406677862296495,0.003719566581198318
2807,0.0,6262.754386225624,0.05263725666866299,0.001550273976398962,0.4355666592535304,0.0017248914716655418,0.5091374481368137,0.0031211640483384847
2808,0.0,6263.601874065298,0.010373993495368241,0.00592439772930332,0.5309799919374856,-0.005770196690081436,0.5156902112770152,0.0004537558268125088
2809,0.0,6263.89021006297,0.06794044708265128,0.004398563884740058,0.2494685438000017,-0.0038708190382881567,0.43582371103391115,-0.0008436166327176909
2810,0.0,6264.042563432524,0.0,0.002521026127729217,0.6795531014346154,-0.0007549144798044468,0.5089425281541224,-0.0008170059868437176
2811,0.0,6266.905081850176,0.0,0.0057940980702530275,0.4261087361237719,-0.005050770794909211,0.4840923905450173,-0.0020871354292633657
2812,0.0,6267.228761226037,0.0,0.0019298793622488535,0.6561741974082348,0.0002636798461370963,0.5357169326039826,-0.0013818908466432269
2813,0.0,6267.569756869329,0.0,0.0016805182018897727,0.5429440146938405,0.0015212706005688483,0.5378850572309399,-0.0005109424124796042
2814,0.0,6271.838424977452,0.0,0.007448662854986614,0.654327008640517,-0.007432299659483817,0.572817642653813,-0.002587349586580868
2815,0.0,6273.721376668543,0.03082824891362406,0.004429927023996005,0.34382663331668006,-0.003282778110667227,0.504120339852673,-0.0027959781438067757
2816,0.0,6274.912037460359,0.0022690099449629453,0.0011959501921427625,0.25122004813804194,0.00033111159239842804,0.4282502523382836,-0.0018578512229452146
2817,0.0,6276.842170459394,0.019640816784243738,0.002210490515797654,0.2662819723622759,-0.001031222713903715,0.3796597683454813,-0.0016098626702327648
2818,0.0,6277.35220078713,0.0035351978439998083,0.004426951481528885,0.6032304150316611,0.0009397761190442655,0.4467309623513352,-0.0008449710334496556
2819,0.0,6275.2036018876015,0.007576953094138559,0.0006346375458767023,0.37827708312618763,0.006188395115238527,0.4261947985837909,0.0012650388111567993
2820,0.0,6276.4067221100695,0.0306548681345592,0.0031805539940003855,0.30570726619958055,-0.0016790322540982995,0.3900485388685278,0.00038181749158026966
2821,0.0,6275.4806964252,0.017091280149115824,0.0012652209723311425,0.3457932199735374,0.000595562353039845,0.37677194320003066,0.0004459409500181422
2822,0.0,6276.5206739948535,0.0,0.0029391493277239594,0.3281208996096985,-0.0025829273634238917,0.362176630122931,-0.000462719544014468
2823,0.0,6277.468793176044,0.0009745752572769129,0.004056856282428948,0.3962545166943923,-0.002420490136080823,0.37239999609436936,-0.0010500507216343743
2824,0.0,6278.675105382621,0.02136961736313417,0.0036233829791404958,0.5440141482383848,-0.0019873987919531073,0.423884241737574,-0.001331255142729994
2825,0.0,6279.827495096388,0.0,0.0020521631177691205,0.5322001424301995,-0.0012515401043646742,0.45637901194536157,-0.001307340631220398
2826,0.0,6278.604183334016,0.0,0.0016799028928390642,0.7923702634531103,0.0039897628049199866,0.5571763873976862,0.0002817903996217175
2827,0.0,6281.503385280402,0.0,0.004724247256786914,0.790570320383504,-0.004689932164100218,0.6271945672934315,-0.001209726369494863
2828,0.0,6283.011069590178,0.024821802564913665,0.003530289321162376,0.31169137839995337,-0.003384135379576829,0.532543610625388,-0.0018620490725194529
2829,0.0,6285.097322187144,0.06382718094102066,0.0036260419757127293,0.22960927336875597,-0.003008642564098977,0.4416633094483984,-0.0022060271199933097
2830,0.0,6284.696035816818,0.0,0.0011405133286225212,0.5754798907729441,0.002867565518718853,0.4818082838457621,-0.0006839493283796608
2831,0.0,6287.796431106991,0.0005642001412622141,0.0048013704710117575,0.5019899537045142,-0.004132714049184346,0.4878627848033877,-0.0017185787446210663
2832,0.0,6289.3149992741555,0.0,0.0030854332724097907,0.5558788080025129,-0.0023796290168403575,0.5082675917631252,-0.0019168938262868534
2833,0.0,6289.421914346243,0.05761236840394513,0.0015978640688340917,0.18999708522125414,0.001647317034894392,0.41278643980056384,-0.0008476305679324798
2834,0.0,6291.222155734224,0.0,0.003622073562477647,0.762067691740298,-0.0017184205489145603,0.5175708153824841,-0.001108867562227104
2835,0.0,6291.839375427239,0.02545843302833289,0.0031609256318698726,0.30560151249781303,-0.00035672303709090064,0.45398002451708275,-0.0008832242046862429
2836,0.0,6294.987009904517,0.35474239854049167,0.005554971656433464,-0.3030011665726178,-0.005365700441817556,0.2268856671901726,-0.0022279670758256365
2837,0.0,6294.724711525058,0.01704796048715044,0.002367179752880179,0.44087385643090826,0.0015593121319151175,0.2910821239623933,-0.0010917833135034103
2838,0.0,6298.85743944929,0.0004553693345490983,0.007076602315708231,0.5408515178191151,-0.0062435598334355785,0.3660129421194098,-0.0026373162694830607
2839,0.0,6303.069926792217,0.017703903200464045,0.007694003204534453,0.46332794192137255,-0.0075288528349718,0.3952074420599986,-0.004104777239129683
2840,0.0,6307.2966370869535,0.032480815947264194,0.006539395815907922,0.41449898629132464,-0.005887409615023747,0.4009949053293964,-0.004639566951897902
2841,0.0,6306.6207126820445,0.07693864134938128,1.9577649963539007e-05,0.331805995805633,0.005877300757316495,0.38023823247226735,-0.0014845066391335825
2842,0.0,6308.596105027082,0.006981405135188086,0.002459093669467455,0.5337671432996567,0.0007793359660292017,0.4262969057204842,-0.0008053538575847471
2843,0.0,6309.750096175486,0.0,0.003846075532955135,0.7651430123144737,-0.0008242307326772262,0.527950737698681,-0.0008110169201124909
2844,0.0,6308.752157076262,0.002760799755105646,0.0013905633865787476,0.5202128984763655,0.0029517424300361775,0.5256293859319863,0.00031781088493210965
2845,0.0,6309.491773767731,0.0,0.003167334837826074,0.7355659561601817,-0.0007093009356467811,0.5886103570004448,9.677338758442395e-06
2846,0.0,6308.7892390371,0.12407012438652915,0.0008710517838028995,0.05535299994734586,0.001132157794562148,0.4286331498845151,0.0003464214754995541
2847,0.0,6311.805046538055,0.03556222087178682,0.006331708868052092,0.4298820065753606,-0.006307447083010353,0.42900780689176876,-0.0016497390920534177
2848,0.0,6312.497472755618,0.0,0.0028603407943343976,0.4385115099015219,-0.001734671194734298,0.43185891779469465,-0.0016752187228576817
2849,0.0,6315.12630831259,0.012203483105022292,0.004237446633776856,0.4138283418677764,-0.0036884617426814694,0.42644974501661914,-0.002279191628804818
2850,0.0,6315.058561040903,0.0,0.0018722026122070328,0.6531479150412894,0.001981125970191594,0.4944591960240202,-0.0010010963491058943
2851,0.0,6321.296324180546,0.1377004770558396,0.010580712431745657,0.16482311296604946,-0.01057946957970739,0.395568371106629,-0.0038746083182863433
2852,0.0,6327.758173716694,0.11301066969657061,0.01226376842404443,0.05727768614611992,-0.012257935823393087,0.29408116561847625,-0.006389606569818366
2853,0.0,6331.370613839495,0.0,0.003587595339554864,0.5733454424087208,-0.0032236329838768517,0.3778604486555496,-0.005439814494035911
2854,0.0,6333.881987983346,0.0,0.0007039048843349116,0.636784848248118,0.0016504696477878753,0.45553776853332006,-0.003312729251488775
2855,0.0,6338.113535867435,0.0,0.0044172710196479364,0.7360334293073046,-0.003011220941750379,0.5396864667655155,-0.003222276758567256
2856,0.0,6342.21246678054,0.004821632011893783,0.0050086509774038,0.3733790742157156,-0.004954418233728825,0.4897942490005755,-0.0037419192011157263
2857,0.0,6346.199048947529,0.05343480116821372,0.005026589740903289,0.2037670427565205,-0.004792927924341243,0.40398608712735895,-0.004057221818083381
2858,0.0,6349.08582331511,0.0,0.0027389231580691223,0.7169425987944922,-0.0019472298555453962,0.4978730406274989,-0.0034242242293219855
2859,0.0,6351.155771118378,0.0030691947026178696,0.002643957400273698,0.5979958744566992,5.655747991861049e-05,0.5279098907762589,-0.0023799897165498064
2860,0.0,6354.151595792217,0.11637882550177053,0.0030081962159846324,-0.05696213973477658,-0.0025752349267651104,0.3524482816229483,-0.0024385632796143975
2861,0.0,6357.84334068481,0.0001575456660053181,0.006008697076674024,0.6274689227840164,-0.005110372434843326,0.43495447397126874,-0.0032401060261830756
2862,0.0,6361.361822550444,4.816731610243946e-05,0.004723341324830909,0.42039712413895275,-0.004654996052716557,0.4305872690215739,-0.0036645730341431197
2863,0.0,6362.757944210127,0.12520822943519702,0.001543342589107955,0.24840904457971516,0.0006192141960244214,0.37593380168901624,-0.002379436865092857
2864,0.0,6369.099792111137,0.04120524589070274,0.009295776347159309,0.23195221067933583,-0.009295776347159309,0.3327393243861121,-0.004454338709712792
2865,0.0,6374.06543981757,0.006228879111038447,0.007680921874360102,0.5133308394569905,-0.007680921874360102,0.3869167789073756,-0.005422313659106985
2866,0.0,6380.726420019632,0.08542959980772089,0.009147437254657371,0.0917826922712009,-0.009011176195881983,0.2983765529165232,-0.006498972420139484
2867,0.0,6386.725694573074,0.04247502743340392,0.007006982185971756,0.24819961102666988,-0.006579454740594999,0.2833234703495672,-0.006523117116276138
2868,0.0,6389.876319828747,0.0,0.001788429736812602,0.7690147942178976,0.00047775686816990177,0.4290308675100663,-0.004422854920942326
2869,0.0,6396.473426661937,0.0,0.0071380388617447174,0.7594616910540647,-0.006764773284653405,0.5281601145732657,-0.005125430430055649
2870,0.0,6402.189952674062,0.036268081918331,0.007088729048025602,0.06447320316464257,-0.007088729048025602,0.38905404115067876,-0.005714420015446635
2871,0.0,6404.522240739442,0.0,0.0013269483518905838,0.8357071849988222,0.000718157395742471,0.5230499843051217,-0.003784646792089903
2872,0.0,6403.76910731676,0.0,0.00107534607681519,0.7001093202210174,0.007679242429684056,0.5761677850798904,-0.00034548002555771524
2873,0.0,6402.547935507658,0.002564844717260254,0.0011558101864820127,0.6153055264667403,0.00650084334511918,0.5879091074959453,0.0017084169856453532
2874,0.0,6396.975941977639,0.0,0.0001799679805458138,0.9222718295356287,0.011897010839760113,0.6882179241078503,0.004764995141879781
2875,0.0,6397.925211672299,0.24802231787806303,0.004978805794146427,0.0714773103387144,-0.003955787688167312,0.5031957399771095,0.002148760292865653
2876,0.0,6394.5043593656765,0.11199518078266987,0.0021020432784051423,0.11283395404508906,0.0020737073538035626,0.38608720419750336,0.002126244411147026
2877,0.0,6395.118639078358,0.015221820785676849,0.0041602023524388,0.38379153173565905,-0.0036066348902859782,0.38539850245895,0.00040638062071712464
2878,0.0,6396.066752787343,0.0,0.004345073884575847,0.73050714036688,-0.004207007347857823,0.488931093831329,-0.0009776357698553595
2879,0.0,6394.33548389908,0.0,0.0010682192258732908,0.4391713481888672,0.0032242318610425182,0.47400317013859045,0.0002829245194140038
2880,0.0,6396.935023864548,0.04496681973726702,0.0055039771192331895,0.45747104612952977,-0.0044091261894358994,0.4690435329358722,-0.001124690693240967
2881,0.0,6401.855296956171,0.00022834713576358747,0.01049841986971612,0.3991213888663368,-0.01049841986971612,0.4480668897150116,-0.003936809446183513
2882,0.0,6402.726924424294,0.15221302480402996,0.0028984713161938165,0.17549116576653023,-0.00048030402620847596,0.36629417253046714,-0.0028998578201910015
2883,0.0,6405.813572822983,0.09171390669328892,0.004160287466327565,0.32165288016534427,-0.002208846914983876,0.35290178482093026,-0.0026925545486288635
2884,0.0,6407.414867456316,0.003861421615163905,0.0032922542224153558,0.5451439060218096,-0.00020315548388685602,0.410574421181194,-0.0019457348292062611
2885,0.0,6409.091390954562,0.07182374851789489,0.002664802542935425,0.33449831873642627,-0.0006069406819723226,0.3877515904477637,-0.0015440965850360795
2886,0.0,6407.590948440912,0.027300423960116532,0.000660878884707431,0.2946452670814777,0.00521706637490086,0.3598196934378779,0.0004842523029450023
2887,0.0,6414.237687940358,0.13958084235075754,0.012259117193722477,-0.04756266515886865,-0.012259117193722477,0.23760498585885392,-0.0033387585460552412
2888,0.0,6415.788878116643,0.0028709265449343717,0.004178368859581881,0.5644138666387221,-0.003596960743407269,0.3356476500928144,-0.0034162192052608494
2889,0.0,6417.36995462007,0.000691413120854776,0.00285840732063359,0.39143201717426107,0.0003263065702209718,0.35238296021724835,-0.0022934614726163025
2890,0.0,6421.618842175391,0.07827780733048668,0.005613007355724445,0.3709924928342539,-0.005197726506747818,0.35796582000235,-0.003164740982855757
2891,0.0,6424.899056776591,0.06807081279446311,0.004903186544351846,0.10844422641581328,-0.004312893844239998,0.283109341926389,-0.003509186841271029
2892,0.0,6423.507009219079,0.0,0.0008189241745888882,0.7695026528052042,0.006342920387011274,0.42902733519003355,-0.0005535546727863383
2893,0.0,6425.909945372921,0.0,0.0019274266179638338,0.6373972872776005,-0.0013276492494826635,0.49153832081630355,-0.0007857830457952358
2894,0.0,6429.486229794349,0.14817131010251444,0.006925190910397764,0.2738853475365488,-0.006841232133579531,0.4262424288323771,-0.0026024177721305245
2895,0.0,6429.6664008691605,0.09326175053170047,0.0007997392601150759,0.14190547734558479,0.0005516016740168524,0.3409413433863394,-0.0016562119382863114
2896,0.0,6432.788344115627,0.0,0.003923674193683432,0.661122425236802,-0.003724187753408981,0.43699566794147815,-0.002276604682823112
2897,0.0,6431.858196960694,0.0,0.000424387629036166,0.7651508252928528,0.003757885870277697,0.5354422151468905,-0.0004662575168928693
2898,0.0,6433.827110687059,0.07976399812545103,0.004588325105630292,0.07741692434279891,-0.0017110129887808103,0.398034627905663,-0.0008396841584592516
2899,0.0,6438.485827534193,0.1957129809659382,0.009184988344831568,-0.02858157681929368,-0.009184988344831568,0.27004976648817597,-0.003343275414370946
2900,0.0,6438.613818812199,0.030586851619619798,0.002189571636691961,0.30682716102571583,0.000747325644815447,0.28108298484943794,-0.002116095096615028
2901,0.0,6439.620147315556,0.16299975387032425,0.00034921352102765637,-0.0007571128041671998,0.0014742314703342202,0.19653095555335637,-0.0010389971265302536
2902,0.0,6443.417761933021,0.18386337137774547,0.005702860712625623,0.11102256977768354,-0.005664139847138753,0.1708784398206545,-0.002426539942712803
2903,0.0,6444.099676249465,0.004931849924817861,0.0022011454605285166,0.4054839499697752,-0.00023726032151054607,0.2412600928653907,-0.0017697560563521258
2904,0.0,6446.390214219159,0.011536752239316165,0.00439435731312492,0.2411333229313117,-0.002170568494191029,0.24122206188516698,-0.0018899997877037966
2905,0.0,6452.357373533353,0.20372258541535462,0.010509336021380253,-0.15976451980478346,-0.010509336021380253,0.12092608737818185,-0.004475800657806733
2906,0.0,6452.590466082185,0.0,0.0020929079751247706,0.7784768164478628,0.0016696319961971961,0.31819130609908614,-0.002632170861605554
2907,0.0,6455.5885207368465,0.0,0.0035078313954155704,0.542623536623908,-0.0014739810594291778,0.3855209752565327,-0.002284713920952641
2908,0.0,6457.952020329649,0.00440876627830045,0.00416643077881365,0.5526039202538807,-0.0020869164241252344,0.4356458587557371,-0.002225374671904419
2909,0.0,6458.539213313307,0.0,0.001844640232942694,0.639996449627031,0.0012493155630324778,0.4969510360171252,-0.0011829676014233498
2910,0.0,6460.000522882304,0.14470376063691634,0.0032425317697172638,0.17069358640296986,-0.0006770060021185226,0.39907380113287855,-0.0010311791216319015
2911,0.0,6464.55738345867,0.005544885985452272,0.0082182358192112,0.31471585162159255,-0.0082182358192112,0.37376641627949275,-0.003187296130905691
2912,0.0,6462.1225103950455,0.0,0.0004795795193917234,0.4280155429363273,0.006279601139704555,0.3900411542765431,-0.0003472269497226169
2913,0.0,6461.660046435969,0.018727155021395204,0.0008441768320931079,0.47437449952846295,0.0042980345073429255,0.415341157852119,0.001046351487397046
2914,0.0,6463.337736037185,0.0,0.0039431123005259465,0.6390626685626558,-0.003177089908547553,0.48245761106527996,-0.00022068093138633363
2915,0.0,6460.297099389589,0.010919877310872015,0.00019845107549722527,0.23642406263916305,0.005253905255259308,0.40864754653744484,0.0014216949246073588
2916,0.0,6459.222661719123,0.0,0.0013894744821229433,0.8521584192487817,0.00240905049514009,0.5417008083508459,0.0017179015957671782
2917,0.0,6463.258715869179,0.05618335218515607,0.009960957592238364,0.14231474658354445,-0.009960957592238364,0.4218849898206554,-0.0017857561606344846
2918,0.0,6463.514439293904,0.09836914189999574,0.0032652436875077115,0.24649044075997434,-0.002247831457077723,0.3692666251024511,-0.0019243787495674559
2919,0.0,6465.403758605486,0.004842569879360137,0.0039002419771413596,0.6144625819537074,-0.0019957367839015627,0.442825412157828,-0.0019457861598676878
2920,0.0,6468.020271138867,0.0,0.0038612997284410266,0.6030794785457542,-0.003365432157084672,0.4909016320742058,-0.0023716799590327827
2921,0.0,6469.977741748279,0.029402463968739554,0.0035272045036820816,0.44243332017266157,-0.0019523831881182612,0.4763611385037425,-0.002245890927758426
2922,0.0,6473.311044226227,0.0954509643501212,0.00472761734671696,0.3752356270406974,-0.004380301416411912,0.446023485064829,-0.002886214074354472
2923,0.0,6475.838334530511,0.0,0.0031059261211217144,0.573040596261473,-0.002805459497743482,0.48412861842382215,-0.002861987701371175
2924,0.0,6476.845772606487,0.0005286200443839285,0.0014979279343171835,0.4675786412451381,0.0010268931567266903,0.4791636252702169,-0.0016953234439418155
2925,0.0,6475.691997988576,0.0061538965007089915,0.00038918299408294233,0.49272136397661687,0.005455572786405481,0.48323094688213686,0.0004499454251623736
2926,0.0,6472.981203173073,0.0021477470753390442,0.0,0.3621673673430822,0.007394703393689613,0.4469118730204204,0.0025333728157205452
2927,0.0,6473.496723194752,0.0,0.004572932220022524,0.9191913715077897,-0.0016482503970310007,0.5885957225666312,0.0012788858518950814
2928,0.0,6471.052293657604,0.016858954682932532,0.0003113613431988781,0.4832692150536754,0.0024003446088544573,0.5569977703127444,0.0016153234789828943
2929,0.0,6474.6527248222465,0.009469566813933314,0.008900376167021945,0.3510141938305945,-0.008900376167021945,0.4952026973680994,-0.0015393864148185573
2930,0.0,6476.814611666809,0.09304714603756746,0.006356529877756657,0.019716819443599255,-0.006122418449493122,0.35255693399074933,-0.0029142960252209263
2931,0.0,6481.345683704671,0.041503789471869036,0.007904920615494406,0.27821381499029757,-0.007714776895725498,0.3302539982906138,-0.004354440286372297
2932,0.0,6484.664601800325,0.0025622923163736372,0.004096365284352823,0.54749526651569,-0.0036972526610732294,0.3954263787581367,-0.004157283998782577
2933,0.0,6486.972193699286,0.08138367081936702,0.0032223637018596826,0.11483509140296264,-9.838765791631411e-05,0.31124899255158445,-0.002939615096522698
2934,0.0,6493.441177059024,0.23770980302817218,0.009033825505819664,-0.050875575407452564,-0.009024060538366465,0.20261162216387332,-0.004764948729075827
2935,0.0,6496.374002694789,0.0,0.0035410757583246013,0.7232263922320856,-0.002849414818587261,0.358796053184337,-0.004190288555929257
2936,0.0,6501.951682395926,0.004519149445834734,0.006482082428084378,0.3414464881614842,-0.006482082428084378,0.35359118367748116,-0.004877826717575793
2937,0.0,6501.565944430415,0.0,0.0004048141610356971,0.8620408755784508,0.0053717474538072995,0.506126091247772,-0.0018029544661608652
2938,0.0,6504.917520180629,0.0,0.004511918116661244,0.5537222698404223,-0.0018262568793823823,0.520404944825567,-0.0018099451901273204
2939,0.0,6503.919730256218,0.0,0.00038473043490962503,0.780503213951713,0.004032220961029194,0.5984344255634108,-5.729534478036589e-05
2940,0.0,6504.781621273685,0.06535483336414662,0.0020964532972244277,0.23245603193641887,9.21405926911804e-05,0.48864090747531314,-1.2464563538902003e-05
2941,0.0,6504.8501945041935,0.0,0.002863969958825566,0.7683200600275596,-8.265888926402252e-05,0.572544653240987,-3.352286125643816e-05
2942,0.0,6505.53077245437,0.00012809561823393342,0.002378864537904126,0.57146555919698,-0.0014034900232963489,0.5722209250277849,-0.0004445130098684114
2943,0.0,6506.204969927195,0.010347363534284896,0.0021774115855359693,0.38344137907166176,-0.0013511370458316792,0.5155870612409479,-0.0007165002206573918
2944,0.0,6503.358080829929,0.008052654808663311,0.0006348448152548719,0.45022889112334286,0.006423907513776847,0.49597961020566633,0.0014256220996728798
2945,0.0,6499.466227149593,0.0004553693345490983,0.00042766531415732313,0.6102832881953151,0.008794981976399305,0.530270713602561,0.003636430062690808
2946,0.0,6499.107992838636,0.0,0.0029793573847730786,0.32117312066037906,-0.0008902194586112742,0.46754143571990636,0.0022784352063001828
2947,0.0,6493.909380320015,0.0,3.653889827939647e-06,0.7495468682205778,0.006947559964895505,0.5521430654701077,0.003679172633878779
2948,0.0,6497.077401035141,0.08764363796656409,0.009134376493303968,0.37243043541538773,-0.009126712022820574,0.4982292764536917,-0.00016259276313102672
2949,0.0,6496.083227326131,0.0,0.0026940005532717507,0.8970350101779078,-0.001754501568056547,0.6178709965709565,-0.0006401654046086828
2950,0.0,6498.680046843288,0.010373993495368241,0.006424022596941863,0.44132231420455453,-0.005213999640625633,0.5649063918610359,-0.0020123156754137676
2951,0.0,6496.274419384007,0.0,0.0009064821036033256,0.4802387569680438,0.0057624093231131105,0.5395061013931383,0.00032010182414429593
2952,0.0,6495.839697150022,0.0,0.0009897534091317358,0.8380004028897428,0.0029884959066857728,0.6290543918421196,0.0011206200489067388
2953,0.0,6497.72571046419,0.22394449404560837,0.004478799130360023,0.14478250829386624,-0.004309326306704663,0.4837728267776436,-0.0005083638577766817
2954,0.0,6499.086657508543,0.0,0.004543114535754015,0.74864530092344,-0.003981437065937848,0.5632345690213825,-0.0015502858202250315
2955,0.0,6499.509482583215,0.0,0.0018377081510461309,0.5908470048192999,-0.0002867446445401405,0.5715182997607577,-0.0011712234675195642
2956,0.0,6499.455346922654,0.04458397089319809,0.002732903551317029,0.21994896714561454,0.0017764646667172816,0.46604749997621475,-0.00028691702724851045
2957,0.0,6502.214822543657,0.0766987065600912,0.005441741620805198,0.2845302751049767,-0.004516928222287773,0.4115923325148433,-0.0015559203857602893
2958,0.0,6502.666371122072,0.00012809561823393342,0.003325017679859626,0.6605266024280233,-0.000577024285574185,0.48627261348879725,-0.0012622515557044578
2959,0.0,6504.386263302765,0.0014610265238941512,0.0032742372950703897,0.528243989268171,-0.001909764493124996,0.4988640262226093,-0.0014565054369306192
2960,0.0,6508.722457159352,0.00012809561823393342,0.007658204104159434,0.5934381304135414,-0.007658204104159434,0.5272362574798889,-0.0033170150370992633
2961,0.0,6511.763345427274,0.0,0.004937257749157106,0.8289262208192899,-0.004679781768153309,0.6177432464817092,-0.0037258450564154767
2962,0.0,6515.308813926725,0.0004553693345490983,0.0042117412410293854,0.5275572773253657,-0.003775925166192822,0.5906874557348061,-0.00374086908934868
2963,0.0,6514.247116981942,0.0,0.00020542932266305415,0.803204915391722,0.006248826780786522,0.6544426936318808,-0.0007439603283081191
2964,0.0,6515.1557521083505,3.867622823394803e-05,0.0002749464045352217,0.7073024255442019,0.0020347471350666895,0.6703006132055771,8.965191070432353e-05
2965,0.0,6514.98909158055,0.0,0.0009252637376032469,0.525766680320235,0.0011184326119592133,0.6269404333399744,0.00039828612108079044
2966,0.0,6516.67955259665,0.0,0.0038731549064435445,0.6058975009499011,-0.003631776445570704,0.6206275536229524,-0.0008107326489146579
2967,0.0,6518.20133650299,0.0,0.004753206976712584,0.6209793486061711,-0.0035514839872951773,0.6207330921179179,-0.0016329580504288138
2968,0.0,6521.183424337451,0.0,0.005549799777284647,0.7115860428605288,-0.005300129893739339,0.6479889773407012,-0.0027331096034219713
2969,0.0,6518.916640894746,0.0,0.0008773498342725702,0.5376617904073535,0.006537343041638714,0.6148908212606968,4.80261900962346e-05
2970,0.0,6519.540039503548,0.0,0.001187750034506936,0.5092007292727078,0.0015462409773074584,0.5831837936643001,0.0004974906262596017
2971,0.0,6516.344013393821,0.0,0.001356727670951642,0.5737146182981159,0.006587631671152707,0.5803430410544448,0.0023245329397275334
2972,0.0,6518.202518879451,0.023932782311502497,0.005123252258891062,0.3928219675397833,-0.00448696136990729,0.5240867190000463,0.0002810846468370865
2973,0.0,6516.13397098896,0.0016789762830520377,0.0013453175917356322,0.4954366559573704,0.0018763744326915953,0.5154917000872435,0.0007596715825934392
2974,0.0,6519.347934836813,0.03837528589522978,0.007280934643591255,0.40607165941897133,-0.007020207506089428,0.48266568788676184,-0.0015742921440114208
2975,0.0,6521.05367144479,0.0,0.005249846446183013,0.5808197404337658,-0.004279346992487356,0.512111903650863,-0.002385808598554201
2976,0.0,6523.460015733076,0.010373993495368241,0.0036313177123077386,0.561425694650603,-0.003273920925645803,0.526906040950785,-0.002652242296681682
2977,0.0,6523.266156400028,0.0,0.0014877432527255932,0.675919787025578,0.0029996009963732632,0.5716101647732228,-0.0009566893087651982
2978,0.0,6525.017984761194,0.0,0.002758835960510801,0.7313857584396493,-0.0008470279721890063,0.6195428428731508,-0.0009237909077923405
2979,0.0,6525.734991591323,0.04685238024440618,0.002088129444379678,0.4244960225183774,-0.00045872157831403597,0.5610287967667187,-0.0007842701089488491
2980,0.0,6528.770794583901,0.0,0.005640630442510544,0.558236401430683,-0.005329629451048513,0.560191078165908,-0.0021478779115787485
2981,0.0,6528.411352468857,0.0,0.0024771353874909396,0.8400909834469455,0.0016552806828130347,0.6441610497502193,-0.0010069303332612134
2982,0.0,6530.514710711333,0.0021668368591315477,0.0028638027901194863,0.4247005863116327,-0.002102668083377534,0.5783229107186432,-0.0013356516582961094
2983,0.0,6530.7257261230425,0.0032380361733080456,0.0019695825611317254,0.4560336637391468,0.0006649224751807025,0.5416361366247942,-0.0007354794182530659
2984,0.0,6532.8935536970275,0.0641312844543909,0.0037424550106320014,0.2626271292324102,-0.0030943586593157953,0.45793343440707895,-0.0014431431905718847
2985,0.0,6531.5205435753805,0.014511056495074448,0.00031526265765031037,0.30943440175476555,0.0036866931137202377,0.4133837246113849,9.580770071575197e-05
2986,0.0,6530.7228966389175,0.0,0.001038005157484485,0.6935438183484904,0.0031610466202786464,0.49743175273251655,0.0010153793765846203
2987,0.0,6531.925698790373,0.014353217432920954,0.003300942994613055,0.50368698063912,-0.0026479449778022066,0.4993083211044976,-8.361792973142772e-05
2988,0.0,6530.411348227649,0.0,0.0006476795508810417,0.8647631268231357,0.002100694235471719,0.608944762820089,0.0005716757198295163
2989,0.0,6531.6696925791375,0.0,0.003148906018104685,0.7235594542906209,-0.002558268543791706,0.6433291702612486,-0.00036730755925685034
2990,0.0,6532.923399478923,0.0020638000842317173,0.004398593229513662,0.45500613116985383,-0.0031920804344051593,0.5868322585338301,-0.0012147394218013428
2991,0.0,6537.878469241568,0.02510081028878973,0.00988983582204456,0.3518522193148979,-0.00988983582204456,0.5163382467681504,-0.003817268341874308
2992,0.0,6538.269338690593,0.017293629572791243,0.001946233680779996,0.44605770719748616,0.0006100950598208325,0.4952540848969511,-0.0024890593213657657
2993,0.0,6541.738810263125,0.0,0.003270320318696183,0.7018909990068564,-0.0031480337816001125,0.5572451591299227,-0.0026867516594360694
2994,0.0,6544.459778036135,0.16554211874271527,0.0038424958100809563,-0.08754290711644143,-0.0029639647482050903,0.3638087392560134,-0.0027699155860667754
2995,0.0,6549.21157660807,0.0,0.0070228375246709634,0.4374291310352303,-0.006985467563532887,0.3858948567897784,-0.004034581179306608
2996,0.0,6551.568203310228,0.0,0.002971505386904259,0.727371309087571,-0.001856202678204944,0.48833779247911613,-0.003381067628976109
2997,0.0,6554.362858688063,0.0,0.0028051233597778313,0.5633829605851093,-0.0014786321575059346,0.510851342910914,-0.0028103369875350564
2998,0.0,6560.363790929343,0.07458925283423426,0.008862899348001182,0.36181028766728685,-0.008862899348001182,0.4661390263378259,-0.004626105695674894
2999,0.0,6563.769471980603,0.04731957944404932,0.004252655342294594,0.12905286307311936,-0.003974980090791381,0.3650131773584139,-0.00443076801420984
3000,0.0,6567.896344043409,0.0,0.005642527348429096,0.773191627399233,-0.0035941746972570554,0.48746671237065964,-0.0041797900191240045
3001,0.0,6570.5110670081585,0.0017546068133986305,0.00325163480328659,0.4205922045426838,-0.0006577982442984543,0.4674043600222668,-0.0031231924866763393
3002,0.0,6571.328988264735,0.0,0.0017925731575661342,0.8535659428339227,0.002780078338997872,0.5832528348657635,-0.001352211238974076
3003,0.0,6572.040278364269,0.0,0.0011767956251361976,0.674380486855371,0.0018278132678837377,0.6105911304626457,-0.00039820388691673187
3004,0.0,6574.054717185531,0.032188237159423164,0.005533390481313033,0.3222806778969822,-0.0027716023417432975,0.5240979946929466,-0.0011102234233647014
3005,0.0,6574.0822006842245,0.0,0.00157579755518159,0.42143883917941694,0.00040379773590085724,0.4933002480388876,-0.0006560170755850337
3006,0.0,6575.033560267824,0.0,0.003341907693433142,0.7710300756228844,-0.0007981823550129701,0.5766191963140866,-0.0006986666594134146
3007,0.0,6577.882118455625,0.049821094697328074,0.005225990046377875,0.15681840785760112,-0.005222033993375208,0.45067895977714095,-0.0020556768596019523
3008,0.0,6580.551661457422,0.0,0.005159947305887866,0.6250027506448071,-0.004748116947703622,0.5029760970374408,-0.002863408886032453
3009,0.0,6582.753354060989,0.0047420938336299985,0.0036209142774736728,0.49898256311206035,-0.0023262208250958037,0.5017780368598267,-0.0027022524677514583
3010,0.0,6585.344737153078,0.0,0.0036240410037069776,0.45749056886043116,-0.0023034033327448762,0.48849179646000795,-0.0025825977272494836
3011,0.0,6591.489580128999,0.0,0.00987930164062376,0.7351394365997691,-0.00987930164062376,0.5624860885019363,-0.004771608901261767
3012,0.0,6592.6261137888,0.00022504596501692384,0.0015326119644767067,0.6296199062652311,0.000521244545517264,0.5826262338309247,-0.0031837528672280574
3013,0.0,6592.48102427731,0.0,0.0009572954169843948,0.49762800151626535,0.005405352123884387,0.5571267641365268,-0.0006070213698943243
3014,0.0,6591.757530628353,0.004846052869328894,0.0007217367087032845,0.4107289496972221,0.004848980229101635,0.5132074198047354,0.0010297791098044635
3015,0.0,6592.448713629373,0.0,0.0019966552299934964,0.8235124253192277,-0.0008505581213941262,0.606298921459083,0.0004656779404448865
3016,0.0,6593.343844373951,0.0,0.0034777451409623225,0.7617529179009668,-0.0029569455381006932,0.6529351203916481,-0.0005611091031187873
3017,0.0,6592.674140253271,0.0,0.0011405619639415557,0.6899993713022384,0.0009335152760829748,0.6640543956648253,-0.0001127217893582587
3018,0.0,6592.368324196126,0.0,0.0017946256560548728,0.8725986216123749,0.0012263021760217097,0.7266176634490902,0.00028898540025573184
3019,0.0,6593.736210361458,0.1192829220189615,0.003380303544289602,0.32484480531739934,-0.0027443853722036488,0.606085806009583,-0.0006210258314820824
3020,0.0,6599.841182956446,0.1144858721239068,0.012993843288511804,0.06093586131230632,-0.012993843288511804,0.44254082260039995,-0.004332871068590999
3021,0.0,6603.3871729830125,0.08564851292468457,0.006570317895602164,0.17535299201158647,-0.006560041019695748,0.3623844734237559,-0.005001022053922423
3022,0.0,6605.302035971385,0.010219786041411981,0.0011492596166343349,0.5530055591727914,0.0007324853895868582,0.4195707991484665,-0.0032809698208696382
3023,0.0,6609.4043531797615,0.10796240987359954,0.0058002491935467285,0.12818019473794345,-0.003200389135412053,0.3321536178253096,-0.0032567956152323623
3024,0.0,6613.288675129532,0.028510011944318448,0.004999615002891445,0.4541005687089957,-0.004538960681315471,0.3687377030904154,-0.0036414451350572944
3025,0.0,6617.873405995109,0.04399607823875804,0.0064467971514804955,0.19998717046120176,-0.006007300323457809,0.31811254330165134,-0.004351201691577449
3026,0.0,6619.0046095519765,0.0,0.0007799686264203454,0.6923425521323737,0.00161779800936035,0.430381545950868,-0.002560501781296109
3027,0.0,6623.174165500059,0.0009402407743426335,0.005183343308844024,0.3876440050550768,-0.004047385555559263,0.4175602836821306,-0.0030065669135750555
3028,0.0,6619.203636895064,0.0587222705846376,0.0005458731521639438,0.27111205417907597,0.011064397570655986,0.37362581483121415,0.0012147224316942573
3029,0.0,6624.612171060365,0.0,0.008365081138851798,0.5348128213874891,-0.008186552410723455,0.4219819167980966,-0.0016056600210310563
3030,0.0,6626.695283917059,0.007323968981227944,0.005631650356313317,0.37296545565172123,-0.005538251816916748,0.407276978454184,-0.0027854375597967636
3031,0.0,6630.756712135417,0.12968702593749298,0.006673051046871737,-0.009956622458476769,-0.00667268636801155,0.2821068981803857,-0.003951612202261199
3032,0.0,6633.506993524577,0.1342511135493441,0.003149979999691386,0.29601010644350206,-0.002663604927536439,0.2862778606593206,-0.0035652100198437712
3033,0.0,6639.206572909387,0.16232220391713592,0.007612426431372538,-0.08267814631416283,-0.007609310590171935,0.17559105856727555,-0.0047784401909422205
3034,0.0,6640.228783453933,0.0,0.0025248857845957106,0.5087946544901669,0.001783256810823225,0.27555213734414297,-0.0028099310904125866
3035,0.0,6641.5824365202625,0.20770046392289046,0.001336698890555059,0.1241060078245613,0.0022745117728119675,0.23011829848826845,-0.0012845982314452203
3036,0.0,6644.57957127092,0.007553236122799805,0.003964212949353224,0.4264386736263595,-0.0032634942517109525,0.2890144110296958,-0.0018782670375249398
3037,0.0,6644.515786145298,0.0,0.000734885324236749,0.6200423691859802,0.001549269962696707,0.38832279847658113,-0.0008500059374584458
3038,0.0,6646.236523994727,0.000691413120854776,0.002509336489797352,0.3685624433779958,-0.001592925441493579,0.38239469194700554,-0.0010728817886689855
3039,0.0,6649.9450054433355,0.11822887520851327,0.007439430036531836,0.07294569145574727,-0.006795876758553323,0.28955999179962805,-0.0027897802796342866
3040,0.0,6654.9114552968595,0.0025606078107553673,0.009112944486660534,0.34846124929644523,-0.009112944486660534,0.3072303690486732,-0.00468672954174216
3041,0.0,6662.777052833807,0.004842569879360137,0.013285360013115704,0.38595293667077807,-0.013285360013115704,0.33084713933530463,-0.007266318683154223
3042,0.0,6664.758950142344,0.0,0.0027264426998257637,0.5397323610273291,0.001055820491660374,0.393512705842912,-0.004769676930709844
3043,0.0,6673.035187269493,0.006765948717898615,0.009679329922741045,0.4074150715514456,-0.009474342181160982,0.39768341555547204,-0.006181076505845185
3044,0.0,6676.231451898799,0.0005643564660175246,0.002047226706421186,0.20113705671629895,-0.0014329263204891857,0.33871950790372013,-0.0047566314502383855
3045,0.0,6678.179949170867,0.04872918323680137,0.00018218052177288187,0.32824819044566284,0.002577445020539806,0.3355781126663029,-0.002556408509004928
3046,0.0,6680.702512718548,0.0005345385740266938,0.0027067580019660507,0.5267550313263515,-0.00019399927579581306,0.39293118826431744,-0.0018476857390421935
3047,0.0,6680.6704146444645,0.1139091643713981,0.0008038776291092195,0.3000152213192526,0.00280678342367993,0.36505639818079794,-0.0004513449902255564
3048,0.0,6685.725474340583,0.011315067205307174,0.008587895680817676,0.34251216325617745,-0.008587895680817676,0.35829312770341176,-0.0028923101974031922
3049,0.0,6693.211107966651,0.0715793476799493,0.015004406097931635,0.09298844207351932,-0.015004406097931635,0.278701722014444,-0.006525938967561725
3050,0.0,6694.93974817451,0.0168996623225614,0.0017573528205210498,0.23855962755939697,-0.00031659652042993796,0.26665909367792984,-0.004663136233422189
3051,0.0,6698.816189422075,3.867622823394803e-05,0.003979189525985734,0.3858521949956158,-0.0010837688314906816,0.3024170240732356,-0.0035893260128427367
3052,0.0,6702.881264600365,0.0,0.00459730933524638,0.5289953293407037,-0.0034619177944222347,0.370390515653476,-0.003551103547316586
3053,0.0,6704.462537665596,0.0,0.0018595578045714327,0.6603807431779186,0.0005925250252849278,0.4573875839108088,-0.002308014975536132
3054,0.0,6704.0450831061935,0.0,0.0006202684653719634,0.752117373956994,0.004664930484523742,0.5458065209246643,-0.00021613133751816993
3055,0.0,6708.637772473881,0.06366966731310915,0.007278572652094843,0.2649939871039103,-0.007154915110770899,0.4615627607784381,-0.0022977664694939885
3056,0.0,6709.605356047127,2.9382209659694726e-06,0.002267607797483134,0.5415017492200953,-0.001694922031451642,0.4855444573109352,-0.0021169131380812845
3057,0.0,6709.929799872679,0.040900125805492335,0.0017620562940948567,0.2828984946220471,0.0018057868165773758,0.4247506685042688,-0.0009401031516836864
3058,0.0,6708.3231482893025,0.0002994463450700176,0.001138030483347272,0.44982199235591447,0.0055914796155223535,0.4322720656597625,0.0010193716784781255
3059,0.0,6705.297229553991,0.0,9.347307030467645e-05,0.6640437402195805,0.00724079766163106,0.5018035680277079,0.0028857994734240054
3060,0.0,6704.573908693716,0.0420709126666089,0.0028317663670377638,0.31298074241836127,0.0003248313157667634,0.44515672034490383,0.0021175090261268325
3061,0.0,6704.623632331693,0.011481985952153986,0.005322182531517396,0.34716582269489227,-0.0031978615733577265,0.4157594510499003,0.0005228978462814648
3062,0.0,6702.675028817897,0.0,0.0013846922144142963,0.615933854209541,0.001832064674597793,0.4758117719977925,0.0009156478947763631
3063,0.0,6702.872967951389,0.010647872924553471,0.0032589181855954314,0.38273556341991044,-0.0009952104469305417,0.44788890942442783,0.00034239039226429167
3064,0.0,6700.983757133889,0.16879755191852033,0.0013044290297222932,0.0951214749613395,0.0029677897130540483,0.3420586790855013,0.0011300101885012186
3065,0.0,6699.697354279121,0.0,0.0009470791029224881,0.4713834311312887,0.0022762655309713047,0.3808561046992375,0.0014738867912422442
3066,0.0,6698.790703449621,0.011184070643045463,0.00265123091962322,0.4996944093933879,0.0006503499988016455,0.41650759610748256,0.0012268257535100644
3067,0.0,6699.383510073368,0.0,0.0028484127038676107,0.6076421418939801,-0.002821430280078479,0.47384795984343175,1.2348943433501377e-05
3068,0.0,6698.245239317974,0.0,0.0022794277262970534,0.6939790630070716,0.0010929393745214976,0.5398872907925236,0.00033652607275990023
3069,0.0,6699.41839441206,0.013195574888541822,0.00422323826244137,0.344515577257164,-0.002470958515120726,0.4812757767319157,-0.0005057193036042877
3070,0.0,6701.61056512294,0.0077378861629711585,0.005934322684654161,0.31570102929996924,-0.004896498669139018,0.4316033525023317,-0.0018229531132647066
3071,0.0,6701.978786108862,0.009323167856019984,0.0032576212379813083,0.45344910539820654,-0.00016437973302980955,0.43815707837109413,-0.0013253810991942375
3072,0.0,6702.470488485716,0.0033321057489961786,0.0014312415734583318,0.3295562646946829,0.000929753753672018,0.40557683426817076,-0.0006488406433343609
3073,0.0,6704.727310710467,0.00026730066581259277,0.003390610800210736,0.45815537333113565,-0.0032940726297663696,0.42135039598706026,-0.0014424102392639633
3074,0.0,6701.872922607586,0.0,0.001330322238052155,0.7424212184615722,0.006682617977778256,0.5176716427294138,0.0009950982258487024
3075,0.0,6702.803726758777,0.0,0.0027856209394941174,0.5916939237849542,-0.00047812707515813586,0.5398783270460759,0.0005531306355466509
3076,0.0,6703.55999819539,0.001715579109310061,0.0037062346304817463,0.49241513861282166,-0.0026351732546844122,0.5256393705160995,-0.00040336053152266807
3077,0.0,6703.99090912177,0.0,0.0027483773905842544,0.6159921467954605,-0.0014571021531724407,0.5527452033999078,-0.0007194830180175998
3078,0.0,6705.637628739216,0.011005361010679489,0.004236689797776308,0.431480379280764,-0.0029805201902598963,0.5163657561641647,-0.0013977941696902887
3079,0.0,6705.285698187935,0.0,0.000990150417718999,0.4942215343985419,0.0015408915493428604,0.5097224896344779,-0.000516188453980344
3080,0.0,6706.493958382568,5.429058492676175e-06,0.0027487144869381684,0.49793208124282656,-0.0010396652931436194,0.5061853671169825,-0.0006732315057293265
3081,0.0,6706.358101629147,0.0,0.0015674808723573194,0.6642051447373574,0.0008487825219284683,0.5535913004030949,-0.00021662729743198805
3082,0.0,6708.259187475561,0.017688521953543465,0.004063064872331742,0.3135478979986662,-0.003250286557500771,0.48157827968176625,-0.001126725075452623
3083,0.0,6707.652298114169,0.040183843458237674,0.0015152242759013568,0.44086892300193253,0.0015369531492024167,0.4693654726778161,-0.0003276216080561111
3084,0.0,6710.349083738075,0.1435901377440385,0.004820768463545777,0.045735081462712504,-0.004430980529206925,0.34227635531328504,-0.0015586292844013553
3085,0.0,6710.740803744271,0.03620138241243277,0.0028362671969167945,0.5221139489813379,-0.0004098679509997055,0.3962276334137009,-0.0012140008843808602
3086,0.0,6711.0087207577935,0.0,0.0022301532302907994,0.8232121822272288,0.001115995096593998,0.5243229980577593,-0.0005150020900884027
3087,0.0,6711.792566272439,0.0,0.0018404054270681643,0.6152847832715436,-0.00034696881386276913,0.5516115336218945,-0.00046459210722071267
3088,0.0,6711.1435795491625,8.795718308042972e-05,0.001086490950678535,0.5359169896835628,0.0019078741884730342,0.5469031704403949,0.0002471477814874114
3089,0.0,6713.296143725113,0.0,0.004533834454667943,0.5003436165903122,-0.004010856412440683,0.5329353042853701,-0.001030253476691017
3090,0.0,6713.992189116443,0.0,0.0035231698625612616,0.6815028247475975,-0.001664612942790033,0.5775055604240382,-0.0012205613165207217
3091,0.0,6716.067220246004,0.049870445554350266,0.00344447704967958,0.21498478833120171,-0.0031989440935094103,0.46874932879618725,-0.0018140761496173283
3092,0.0,6718.240554088966,0.000691413120854776,0.004106347040094349,0.4597297723494331,-0.003180774295230938,0.46604346186216095,-0.0022240855933014112
3093,0.0,6718.208689408675,0.06209550420588865,0.001817239100250022,0.39905718695882597,0.002048717639511716,0.4459475793911604,-0.0009422446234574731
3094,0.0,6721.682844312124,0.0,0.00517651225624355,0.7327476405828973,-0.004881806696518393,0.5319875977486814,-0.0021241132453757488
3095,0.0,6721.908246593292,0.007772734008722076,0.0019072862752930301,0.27675861700043125,0.0006004214488941634,0.45541890352420633,-0.001306752837094775
3096,0.0,6722.732533449658,0.0,0.0015081882893667104,0.4232045175911791,0.0005498017147149109,0.4457545877442981,-0.0007497864715518692
3097,0.0,6719.866631124042,0.04433533116400245,0.0001983735204925079,0.38929581275528846,0.007363071819988353,0.4288169552475952,0.0016840710159101973
3098,0.0,6719.0640676900875,0.0,0.000957220177080848,0.7147991911248542,0.002382865102941694,0.5146116260107729,0.001893709242019646
3099,0.0,6719.535068699466,0.0061110227092582734,0.0031678560068381894,0.47197562102753626,-0.0028143972961956784,0.5018208245158019,0.0004812772805550486
3100,0.0,6720.996971929562,0.0013537982335289226,0.005130642256186347,0.49409542214552743,-0.00503829874315943,0.4995032038047195,-0.001174595526559295
3101,0.0,6721.84585518108,0.017309947814260675,0.004099155977178495,0.23470836451046687,-0.0022208957943009224,0.42006475201644367,-0.001488485606881783
3102,0.0,6724.239640371785,0.0,0.0040195135343811875,0.44987946721156424,-0.003701495240182508,0.4290091665749798,-0.002152388496872
3103,0.0,6724.796632143506,0.0942897409211822,0.0019639103614039082,0.1679928093660858,0.00047978917011921315,0.35070425941231154,-0.001362735196774636
3104,0.0,6726.093425973856,0.0004627137464269106,0.0017000058081130406,0.4658501361289102,-0.00040280182912176045,0.3852480224272911,-0.0010747551864787733
3105,0.0,6731.312071052107,0.24484720614792832,0.009407879950279013,-0.22714109211444536,-0.009407879950279013,0.20153128806477016,-0.003574692615618845
3106,0.0,6734.328280998219,0.013931793558720542,0.006257171226066537,0.25258489558348407,-0.005015288542835123,0.21684737032038431,-0.004006871393783728
3107,0.0,6735.786459078566,0.0,0.00291042859107365,0.7242492023465816,0.0008527201152884199,0.3690679199282435,-0.0025489939410620836
3108,0.0,6741.661625971046,0.09230093398798375,0.008070558666814437,0.25918173045293375,-0.007959898576597225,0.33610206308565055,-0.004172265331722626
3109,0.0,6740.780044436382,0.0,0.0007907625762923439,0.7477670571991644,0.004665674607977542,0.45960156131970464,-0.0015208833498125752
3110,0.0,6744.049705772775,0.05150535518115372,0.004378232020465176,0.22999021308692133,-0.0024023145906994147,0.39071815684986966,-0.001785312722078627
3111,0.0,6748.298376067873,0.011581639037056942,0.007550273756717923,0.34394308896318176,-0.0071927549286429065,0.3766856364838633,-0.0034075453840479103
3112,0.0,6750.8927122731875,0.1341393671395444,0.004118341150143316,0.20997394813858175,-0.0034031852845738853,0.3266721299802788,-0.0034062373542057024
3113,0.0,6751.01761850112,0.011927992544110713,0.002508148010779595,0.5411638004183194,0.0034312316899503255,0.3910196311116909,-0.0013549966409588938
3114,0.0,6755.624194742454,0.05458036004756402,0.006009340279581657,0.2051166115312404,-0.005992411732109617,0.3352487252375558,-0.0027462211683041107
3115,0.0,6759.960032423226,0.0,0.0076143059140384665,0.500809516671023,-0.007507114451929744,0.3849169626675959,-0.0041744891533918
3116,0.0,6762.02865390933,0.0,0.002666727922342093,0.5066728237833127,-0.0012750439976748473,0.42144372100231087,-0.0033046556066767137
3117,0.0,6762.576891562548,6.454440596943545e-05,0.00032759647603559455,0.5281150840855741,0.0033439584075231686,0.4534451299272898,-0.001310071402416749
3118,0.0,6761.51084248102,0.005121136543253171,4.591907423775052e-05,0.48093943927467225,0.00571787148524001,0.4616934227315045,0.0007983114638802788
3119,0.0,6761.881752791627,0.0,0.0023352368260957856,0.870079871449741,0.0005586649194222338,0.5842093573469754,0.0007264175005428652
3120,0.0,6759.62960822415,0.0,0.0006007025559383179,0.5136187272196925,0.0038301260115136135,0.5630321683087905,0.0016575300538340895
3121,0.0,6759.843311250016,0.0,0.0031510735192342232,0.6246736852208074,-0.0012709632858643278,0.5815246233823956,0.0007789820519245643
3122,0.0,6761.35475198754,0.1538901115205861,0.0050982218359691776,0.25458976166070724,-0.004907886261415274,0.4834441648658891,-0.0009270784420773873
3123,0.0,6760.029237615768,0.0,0.0018333939530983498,0.6216164397841155,0.001988676905525676,0.524895847341357,-5.235183779646823e-05
3124,0.0,6758.161838179439,0.001274842214292306,0.0003356660417885366,0.43929292671073156,0.004858303529424093,0.4992149711521693,0.0014208447723697
3125,0.0,6761.134465402048,0.0923668833562687,0.006755178059290857,0.09962649805572048,-0.006197642081576574,0.37933842922323463,-0.0008647012838141823
3126,0.0,6762.906515276739,0.14272867016442775,0.005203953283942818,-0.07331308406244944,-0.005135787989999483,0.24354297523752938,-0.002146027295669772
3127,0.0,6762.783266892645,0.00038656011992866497,0.0012025350290168289,0.5934571396839561,0.001246915774823518,0.3485172245714574,-0.001128144374521785
3128,0.0,6768.579353901529,0.0794859935808094,0.009834148962320323,0.17748075898699334,-0.009792730153249643,0.29720628489611817,-0.0037275201081401425
3129,0.0,6768.767732903631,0.14238841583088294,0.002653564899224564,0.24274771121615743,0.0009380074735852725,0.28086871279212994,-0.002327861833622518
3130,0.0,6770.0171088132265,0.0,0.0016223439543694245,0.8991580991770028,0.0013769612107259355,0.4663555287075918,-0.0012164149203179818
3131,0.0,6770.0581450993905,0.0,0.0006404745080298402,0.7238041999504241,0.002390047768862273,0.5435901300804414,-0.00013447611356390526
3132,0.0,6767.467041628062,0.039865561220002683,0.00019735067793708134,0.42027835184525536,0.006670834278662513,0.5065965966098855,0.0019071170041040201
3133,0.0,6765.270795768895,0.0025622923163736372,0.0005049435697322215,0.3579926465516649,0.004636128283055913,0.4620154115924193,0.002725820387789588
