episode,lam_util,lam_tp,mean_util_gap,mean_tp_gap,mean_util_slack,mean_tp_slack,util_slack_ema,tp_slack_ema
1,0.0,0.0,0.0002029848914317739,0.002423136678549857,0.26366754162013367,0.007669648552531688,0.0791002624860401,0.0023008945657595065
2,0.0,0.3613096201153578,0.0,0.009108399160155276,0.4207617462251142,-0.003308050522679691,0.1815987076077623,0.0006182110392277472
3,0.0,0.0,0.006295567457442359,0.00197345772047774,0.34760225155711516,0.0047477707229033805,0.23139977079256815,0.001857078944330437
4,1.0096025708070966,9.576221049257612,0.06365873576960565,0.023220460487437977,0.010104506151351274,-0.023220460487437977,0.16501119140020307,-0.0056661828852000865
5,0.0,15.203562003079288,0.011090600983777683,0.013421993267256033,0.2235215404032844,-0.013421993267256033,0.18256429610112745,-0.00799292599981687
6,0.005256949760066187,21.02205223408691,0.05778334462655734,0.008423200205168659,0.09999380862704764,-0.005886542225856755,0.1577931498589035,-0.0073610108676288345
7,0.0,21.066599714694316,0.0020212933928352313,0.0028189304461330306,0.36002084366973464,0.008539866118028335,0.21846145800215283,-0.002590747771931683
8,0.0,32.07552389437482,0.038730279877274815,0.015413043865015203,0.2801817875462063,-0.015159591230057187,0.23697755686536887,-0.006361400809369333
9,0.0,36.22951269998795,0.005908671012325011,0.007033416004492858,0.19387453280386263,-0.005690389382208141,0.22404664964691698,-0.006160097381220976
10,1.0849503942406469,42.80738948745803,0.12388732299685792,0.009482272048612473,-0.07599838346840036,-0.006820780073252064,0.13403313971232178,-0.006358302188830302
11,0.0,45.97375762584046,0.0,0.006186149351172985,0.3538801922886562,8.509707500972711e-05,0.19998725548522212,-0.004425282409678293
12,0.0,45.74755605123632,0.00803218894335058,0.003045226267443835,0.5270300309773811,0.007278871494193439,0.2981000881328698,-0.0009140362385167732
13,0.0,48.29044748257325,0.04887097379891555,0.0038315567791531208,0.19212827675886082,-0.0006499364619321662,0.2663085447206671,-0.000834806305541391
14,0.0,56.23690325158728,0.11330199628750562,0.01556821150759338,0.1542221674847439,-0.01556821150759338,0.23268263154989013,-0.005254827866156988
15,0.0,59.7950221301129,0.04088601903867804,0.009376372137506127,0.3066842458585491,-0.006324206600899551,0.2548831158424878,-0.005575641486579757
16,0.0,68.84412952860261,0.00017891500754647338,0.01393113372869499,0.49030886144618085,-0.013146209657665863,0.3255108395235957,-0.007846811937905589
17,0.0,68.65691910780188,0.0,0.0023861656523891054,0.4109476616813052,0.006524932089268133,0.3511418861709085,-0.003535288729753472
18,0.0,70.12915861315948,9.847578821233498e-05,0.005836468686031255,0.5078739077627804,0.005253900496229747,0.39816149264847006,-0.0008985319619585061
19,1.3161584460253688,76.06571911869364,0.07931476865842116,0.00938199119916736,-0.02430379233267911,-0.008647803127954701,0.2714219071541253,-0.0032233133117573645
20,0.0,72.45572138800426,0.0,9.481885879061055e-05,0.2665390627785294,0.008591104120632883,0.2699570538414465,0.0003210119179597095
21,0.0,74.95062644791393,0.012292285905944726,0.006400622118369391,0.27344023000384743,-0.0018534763383128746,0.2710020066901668,-0.0003313345589220657
22,0.0,79.93442130197545,0.008422553234893554,0.01312126866708222,0.26812739897011856,-0.010703487753881103,0.2701396243741523,-0.003442980517409777
23,0.1343165238917059,87.68410009718693,0.04777423350552291,0.015659468352733394,0.05011336867136438,-0.015656566469588032,0.2041317476633159,-0.007107056303063253
24,0.0,90.31103708250316,0.0,0.003569021552793994,0.32528848068971233,-0.001590220001145997,0.24047876757123482,-0.005452005412488075
25,0.5406767873245897,103.86540908179262,0.12239589733428435,0.020607924457308448,-0.08720562467634244,-0.020607924457308448,0.14217344989696162,-0.009998781125934187
26,0.0,113.35959688669335,0.17572612138411992,0.014021288431132267,0.1286904508181455,-0.01368376974195423,0.13812855017331677,-0.011104277710740199
27,0.0,112.5863827981246,0.0,0.002010817316752944,0.46566698213820285,0.012488937928647168,0.2363900797627826,-0.0040263130189239875
28,0.0,119.99037918381178,0.07240931611171589,0.005821870218064764,0.06397931296922518,-0.003690273479038756,0.18466684972471537,-0.003925501156958418
29,0.0,127.88842100109913,0.08707141697583512,0.013881080188623255,-0.001138920084054428,-0.012096615176429518,0.1289251187820844,-0.006376835362799748
30,0.0,131.70112038639854,0.0,0.005400747879129402,0.3707090743553048,-0.0035883585407587284,0.20146030545405053,-0.005540292316187441
31,0.0,143.35889639398846,0.014012739492222455,0.017413650999721544,0.2246807475448803,-0.017413650999721544,0.20842643808129946,-0.009102299921247671
32,0.0,152.2886107248734,0.03362877149413124,0.012572564733929491,0.0825294949970316,-0.012453171196596358,0.1706573551560191,-0.010107561303852278
33,0.0,168.86534359457536,0.09528980768010421,0.02480087356575031,0.06462010052306472,-0.02463214933958561,0.13884617876613278,-0.014464937714572277
34,0.299698193321849,184.65477184582667,0.2656202624985042,0.021763226760486965,-0.13679657228440137,-0.021763226760486965,0.05615335345097253,-0.016654424428346682
35,0.0,189.15335885914288,0.0,0.002397660745286199,0.5086253583084547,0.006389521526118469,0.19189495490821717,-0.009741240642007137
36,0.0,199.5607542691646,0.0021792255763805712,0.00625471697345992,0.24025736065974693,-0.003927829964600457,0.2064036766336761,-0.007997217438785132
37,0.0,204.53537921532947,0.0,0.0042001213281097705,0.30455215770333177,0.00011654109086336031,0.23584822095457278,-0.005563089879890584
38,0.0,210.1432700473169,0.0,0.007260600333449108,0.39094950039386595,-0.0031208756562438474,0.28237860478636073,-0.004830425612796563
39,0.0,211.42955017090617,0.0,0.0069262204589575944,0.39231013240949886,0.0033164027679415445,0.31535806307330216,-0.00238637709857513
40,0.0,218.56630533930743,0.009550150779099284,0.01221545571186982,0.15773600813790592,-0.00973711420839887,0.2680714465926833,-0.004591598231522252
41,0.0,222.61830429388058,0.0,0.00814233056695219,0.4131042739086678,-0.005764538418031554,0.31158129478747865,-0.004943480287475042
42,0.0,226.81891323396405,0.0026354601163402365,0.007529965437260646,0.24609199500593162,-0.0037623754553601134,0.29193450485301453,-0.004589148837840563
43,0.0,228.19661435278837,0.0,0.0035968537182541065,0.29709217320186937,0.0024704625034791573,0.293481805357671,-0.0024712654354446468
44,0.0,234.37020022865138,0.036094500842356124,0.010883987833953073,0.2229585798122225,-0.007978304475487077,0.2723248376940364,-0.004123377147457375
45,0.0,238.0306895011002,0.0011216148214935205,0.007279807490666739,0.3462502606585242,-0.004879977107869495,0.29450246458338275,-0.004350357135581011
46,0.0,239.79915952627238,0.03560189632692899,0.007810783518412649,0.2549315563094547,0.0007921368568085625,0.2826311921012043,-0.0028076089378641384
47,0.0,248.58283356964938,0.07261048618507739,0.01466676685332395,0.1152731459756148,-0.013650715201727462,0.23242377826352745,-0.006060540817023135
48,0.0,256.7608606631306,0.007408650175433295,0.013903419886016276,0.20866889728338153,-0.013860441267101413,0.22529731396948366,-0.008400510952046619
49,0.0,263.17777124016817,7.503514917529778e-05,0.01042689984011703,0.29175247135411897,-0.006705479061427149,0.24523386118487422,-0.007892001384860778
50,0.03563986166234967,275.8634603332332,0.11484479340826503,0.017349153311134465,-0.06017334324723858,-0.017349153311134465,0.15361169985524037,-0.010729146962742884
51,0.0,284.33144761947926,0.0,0.011741752430104108,0.5065237363185716,-0.00897375761366835,0.25948531079423975,-0.010202530158020523
52,0.0,293.89449242090546,0.021619026042438406,0.00921815404931666,0.22789640971394132,-0.008321709826863167,0.2500086404701502,-0.009638284058673315
53,0.0,303.7835518043812,0.0,0.011871300855413998,0.33761666831869114,-0.009572976298525018,0.27629104882471245,-0.009618691730628825
54,0.33975687797019605,315.0426245316654,0.12424241136428316,0.013075591344149448,-0.08016092833040456,-0.013015743465281246,0.16935545567817734,-0.010637807251024551
55,0.0,315.3890300003076,0.0084610593461883,0.003988383577767016,0.32631470508653204,0.009741034461859612,0.21644323050068373,-0.004524154737159301
56,0.0,326.68448832960576,0.07515113162081181,0.0122626491855054,0.07842583817649518,-0.0122626491855054,0.17503801280342715,-0.00684570307166313
57,0.9528418517510615,338.8398933488691,0.230649068229397,0.020325861644271817,-0.22401700168110883,-0.020325861644271817,0.055321508458066354,-0.010889750643445736
58,0.0,347.455458125929,0.04669643675873234,0.011260536730940017,0.1252163607378046,-0.010364412975748758,0.07628996414198783,-0.010732149343136642
59,0.0,353.33766183271086,0.0,0.006527274242883522,0.7202846244504802,-0.00046392791290891116,0.26948836223453554,-0.007651682914068323
60,0.0,367.7200431723413,0.1404758867216269,0.01934561439794202,-0.050265490802374774,-0.018465152103709994,0.17356220632346245,-0.010895723670960823
61,0.0,376.1572090552324,0.0,0.010496503925424991,0.32549870735571224,-0.009152937400911804,0.21914315663313738,-0.010372887789946116
62,0.0,394.6693710745547,0.05001854037402861,0.026785088391756175,0.0793037751221961,-0.026785088391756175,0.17719134217985497,-0.015296547970489134
63,0.0,395.3286296709521,0.0016789762830520377,0.0030168371417510905,0.41753577442620804,0.010068992204136191,0.2492946718537609,-0.007686885918101536
64,0.0,406.38794748024696,0.013130968640300509,0.008673559194071728,0.3101837619562245,-0.0067860543868504064,0.2675613988844999,-0.007416636458726197
65,0.0,416.9783741735315,0.01336233632837243,0.013758786516262536,0.20186325065038063,-0.013747189593873462,0.24785195441426414,-0.009315802399270375
66,0.4155175694099853,437.84017934736903,0.1691728862976974,0.03534827270101878,-0.13195255181617285,-0.03534827270101878,0.13391060254513304,-0.017125543489794896
67,0.0,448.9474477314419,0.007616310498619238,0.012824893402497511,0.13764741066946865,-0.012722617322170459,0.13503164498243372,-0.015804665639507564
68,0.0,458.52867596680306,0.041515604653882494,0.006516895552725099,0.3095654888053857,-0.0014632566201532515,0.1873917981293193,-0.011502242933701268
69,0.0,474.5709903627595,0.07807545867610005,0.01724832814430825,0.003328294400881494,-0.016479034828184736,0.13217274701078796,-0.012995280502046309
70,0.0,488.43119721635986,0.01875713765253748,0.016352457868143273,0.055306716719457166,-0.016352457868143273,0.10911293792338872,-0.014002433711875397
71,0.0,497.4431973574091,0.0,0.00571500243989418,0.30845617198751946,-0.004654815032892751,0.16891590814262794,-0.011198148108180603
72,0.7305693701889702,514.7753603906157,0.22948329816288404,0.02105621503146963,-0.22948329816288404,-0.02105621503146963,0.04939614625097434,-0.014155568185167309
73,0.0,528.685734291339,0.04435023582053021,0.01699165521121537,0.2504179817295124,-0.016725392672770185,0.10970269689453577,-0.014926515531448172
74,0.0,543.1649077498413,0.015300937687400339,0.015755636122502113,0.2638441928537206,-0.014797623031853233,0.15594514568229123,-0.014887847781569688
75,0.0,558.2593568009136,0.0324034634907963,0.015654940910741832,0.32250863313275263,-0.015277988186910152,0.20591419191742966,-0.015004889903171828
76,0.0,576.6799179324935,0.015145148147055481,0.022244580238235917,0.20029158158797758,-0.022242790505690835,0.20422740881859403,-0.01717626008392753
77,0.0,587.1940097642045,0.0,0.005765240990424576,0.4154371971323055,-0.005558586830096854,0.2675903453127074,-0.013690958107778326
78,0.0,601.1819546955758,0.006208657000876073,0.010691148075208119,0.13688965852209034,-0.010679157765108215,0.22838013927552228,-0.012787418004977291
79,0.0,612.8945838899012,0.027757254480967847,0.013732221329130484,0.3491153761970926,-0.009607087042368337,0.2646007103519934,-0.011833318716194604
80,0.0,620.3792104139956,0.04745538653351403,0.008498646224099071,0.2594888955023614,-0.001779689890170371,0.26306716589710377,-0.008817230068387335
81,0.0,630.2875527442186,0.07305253333131476,0.009082931926402964,0.007803673033446914,-0.007948621605745856,0.1864881180380067,-0.00855664752959489
82,0.0,646.4847137761722,0.09353946032427946,0.024212653310353768,0.08902065229104605,-0.02420294384826675,0.15724787831391848,-0.013250536425196448
83,0.0,649.5029720515801,0.0,0.0027092680783344925,0.5204756804942325,0.0031772421206115653,0.2662162189680127,-0.008322202861454044
84,0.0,658.1408733041079,0.00639202684286442,0.00499056708652771,0.2959129861106867,-0.003846227047292842,0.2751252491108149,-0.006979410117205683
85,0.0,668.3020151627936,0.0474829991474867,0.013217681575153425,0.021488403758911357,-0.012209275470030404,0.19903419550524382,-0.008548369723053098
86,0.0,673.5346687277505,0.05067973295683418,0.007434385034115735,0.18402674035980796,-0.0032749606497769874,0.19453195896161307,-0.006966347001070265
87,0.0,674.2374514570856,0.0,0.00157220591594509,0.5399976014110548,0.00773068556711027,0.29817165169644555,-0.0025572372306161043
88,0.0,685.7207156018551,0.10243728278360063,0.016560303957545902,-0.06363024040560795,-0.016560303957545902,0.1896310840658295,-0.006758157248695044
89,0.0,690.0445377473407,0.009179153313060377,0.006325357398736624,0.2040970154083794,-0.006062584135840915,0.19397086346859446,-0.006549485314838805
90,0.0,700.4092235593986,0.0,0.014640717712476197,0.3205897029006974,-0.014280453086278455,0.23195651529822534,-0.008868775646270699
91,0.0,709.0905805349042,0.0,0.010894247510751659,0.2324977826114483,-0.010894247510751659,0.2321188954921922,-0.009476417205614988
92,0.0,717.3856518834159,0.006713877856723249,0.008574285121204383,0.21941892825896162,-0.007648239960966713,0.22830890532222303,-0.008927964032220504
93,0.0,730.1264283097029,0.0,0.016300154197615727,0.18749989274090517,-0.016300017797572952,0.21606620154782766,-0.011139580161826238
94,0.0,736.8688217588852,0.05814686408165825,0.01013218313008826,0.17298494649934987,-0.004282541312157773,0.2031418250332843,-0.009082468506925697
95,0.0,736.1915136140337,0.0,0.0007364288621641228,0.5527923742389858,0.01339322415813174,0.3080369897949947,-0.0023397607074084658
96,0.0,749.9173938796521,0.06756649576240482,0.019461277684338005,0.11287188206544749,-0.019037189162515192,0.24948745747613055,-0.0073489892439404835
97,0.0,749.3377948727152,0.0,0.002606513000607824,0.5878314050082457,0.003950956553166496,0.3509906417357651,-0.003959005504808389
98,0.0,750.4739660915812,0.0,0.005312155992442541,0.47493309404232725,0.005453132319167404,0.3881733774277337,-0.0011353641576156515
99,0.0,753.7022120885662,0.0009168840088592535,0.006595495680219751,0.2593004042694938,-0.002554241586309346,0.3495114854802617,-0.0015610273862237598
100,0.0,766.9972279055556,0.025827516185283537,0.026450235813452436,0.07448861515300809,-0.026450235813452436,0.26700462438208555,-0.009027789914392364
101,0.0,767.0788914579125,0.0,0.003317184666303105,0.4757675180293224,0.001832095706339162,0.3296334924762566,-0.005769824228172906
102,0.0,780.989074367046,0.043673447777004444,0.019335190557029026,0.21994605870322606,-0.019335190557029026,0.29672726234434743,-0.009839434126829742
103,0.0,788.8282530763248,0.004035252221910731,0.009911412318032869,0.1763180377164548,-0.009911412318032869,0.2606044949559796,-0.00986102758419068
104,0.0,798.2936303725003,0.004739664536881157,0.009321734183884066,0.18442700502657636,-0.00905924933557669,0.2377512479771586,-0.009620494109606482
105,0.0,807.921846580828,0.02229466139344156,0.011913757486262154,0.25885438219015744,-0.009386026112583677,0.24408218824105823,-0.00955015371049964
106,0.0,819.3439369390879,0.0271658970862691,0.013377762111786184,0.22630045998063125,-0.013376750477597382,0.2387476697629301,-0.010698132740628962
107,0.0,827.9677607761081,0.023756818259627516,0.009288032617556535,0.1168068625076188,-0.007572467347828591,0.2021654275863367,-0.00976043312278885
108,0.0,829.0826749003783,0.0,0.0034786244760806697,0.6025199947013015,0.009227835226041784,0.32227179772082615,-0.004063952618139658
109,0.006493491413873009,847.0528692875993,0.11568594096067487,0.02710423390072623,-0.0808722495975629,-0.027101455778049423,0.2013285835253094,-0.010975203566112587
110,0.0,853.4912869070506,0.044355579801282276,0.00980945557375875,0.08385300800504124,-0.008722785914706955,0.16608591086922894,-0.010299478270690898
111,0.0,863.3955022902767,0.0,0.009795517306014231,0.36387639837204233,-0.008772133405741673,0.22542305712007293,-0.00984127481120613
112,0.0,872.52978822809,0.01557295823399571,0.010902738547790723,0.27663694954417567,-0.007891086054674274,0.24078722484730375,-0.009256218184246573
113,0.0,874.602033879601,0.0,0.003212260570242488,0.6341969713585878,0.006319825245368766,0.35881014880068896,-0.004583405155361971
114,0.0,886.3741032816093,0.026201959441712712,0.014699421323723547,0.18377156931338037,-0.014692275430787233,0.30629857495449636,-0.007616066237989549
115,0.0,888.1898294894432,0.01913077993088382,0.005399197990061012,0.1469244131715351,0.0013089535304310184,0.258486326419608,-0.004938560307463379
116,0.0,896.8334206342644,0.011613065012094848,0.009936541821789335,0.36468635137832073,-0.009868305874327037,0.2903463339072218,-0.006417483977522476
117,0.0,899.7550030952536,0.001998586791075352,0.003498285949339292,0.23575680845185812,-0.0006749013077233557,0.2739694762706127,-0.00469470917658274
118,0.0,906.2576882309788,0.0,0.008357116174859425,0.5178825899906075,-0.006666768673817236,0.3471434103866111,-0.005286327025753088
119,0.0,912.1218384374428,0.045710305403655206,0.009115406039895494,0.018389394770180586,-0.007106393911786548,0.24851720570168193,-0.005832347091563126
120,0.0,913.8517689379626,0.0,0.0015758403677648236,0.5363991219487177,0.0021455832378915914,0.33488178057579265,-0.003438967992726711
121,0.0,924.1218200848614,0.06746484372773988,0.015177288002630726,0.021991983874198866,-0.015177288002630726,0.2410148415653145,-0.006960463995697915
122,0.0,926.9057289959862,0.026557743970533378,0.006422830250560872,0.3087731572878621,-0.001927532572599183,0.26134233628207876,-0.005450584568768295
123,0.0,935.02722620759,0.026821952646332744,0.01326419955440578,0.19488483034768836,-0.009442194838290466,0.24140508450176162,-0.006648067649624946
124,0.0,943.0774600509847,0.0,0.010849054004787246,0.507389745363889,-0.010816625429204287,0.3212004827603998,-0.007898634983498748
125,0.0,950.8386954323017,0.0030751012779449546,0.010143191045854354,0.5621259869461469,-0.008915060118405359,0.3934781340161239,-0.00820356252397073
126,0.0,954.1614804375806,0.005949123175910975,0.0034471065823034994,0.466753802946917,0.0016470911186455093,0.41546083469536177,-0.005248366431185859
127,0.0,960.3930395282724,0.002250957394278451,0.007391251284300972,0.35108141789888275,-0.004218355208505591,0.396147009656418,-0.004939363064381778
128,0.0,962.9017992813981,0.0027055231983468967,0.007340249773343405,0.37884912671129706,0.00044627234115630004,0.3909576447728817,-0.0033236724427203545
129,0.0,976.4793451999437,0.07650224339276131,0.02327582463705265,0.17504398586249773,-0.023002897786459465,0.3261835470997665,-0.009227440045842087
130,0.0,983.8752517736929,0.00475834978832824,0.011680397910491412,0.3047617016230615,-0.011561503232233225,0.31975699345675496,-0.009927659001759428
131,0.0,988.3317518595409,0.00026730066581259277,0.007725117809990091,0.38926430749168667,0.000741193993975119,0.34060918766723447,-0.006727003103039063
132,0.0,996.5247796102776,0.00041942076203999696,0.00710742047366719,0.2848617482220532,-0.006447204557908663,0.32388495583368004,-0.006643063539499942
133,0.0,1008.1997242588233,0.09823186407136274,0.0176464967812012,-0.007228315313747458,-0.017038712137991876,0.22455097448945177,-0.009761758119047522
134,0.0,1011.5257638710716,0.0,0.006238681963045721,0.3512942847228572,0.0003973485830886046,0.2625739675594734,-0.0067140261084066835
135,0.0,1018.3213587086001,0.0,0.006528937640196104,0.5917232446344676,-0.0037092401163260316,0.3613187506819716,-0.005812590310782488
136,0.0,1017.0320840569353,0.0,0.0035593939980770664,0.7828287208641278,0.009921957316841087,0.4877717417366184,-0.0010922260224954152
137,0.0,1020.5016375205005,0.0013040290419116614,0.005639430009361635,0.4353891397445935,-0.001127945391091666,0.47205696113901097,-0.0011029418330742904
138,0.0,1022.1029019539268,0.02949869017984443,0.006158903618365947,0.3662190415544582,-0.0021522762198275536,0.4403055852636451,-0.0014177421491002693
139,0.0,1020.9470982915315,0.003609890304585405,0.0018092083794225132,0.32885907823046706,0.0036158946289887354,0.4068716331536917,9.234888432643209e-05
140,0.8860763164578946,1042.5884341894139,0.2762831504996704,0.04361314958545578,-0.25648423292652817,-0.04361314958545578,0.20786487332962567,-0.01301930065660823
141,0.0,1046.6277021299636,0.0016789762830520377,0.01085722555495133,0.42590032858104165,-0.007968867436626635,0.27327550990505045,-0.011504170690613751
142,0.0,1050.1601457194756,0.0,0.001841290556649013,0.41629957074594703,0.006681854484592196,0.3161827281573194,-0.006048363138051966
143,0.0,1057.0106642562528,0.00026730066581259277,0.00432110931308758,0.4545757762664312,-0.0020363873514773353,0.3577006425900529,-0.004844770402079576
144,0.0,1065.7367322687587,0.11718704882654975,0.01335065458949682,0.024890548476593367,-0.011677064657163281,0.25785761435601506,-0.006894458678604687
145,0.0,1069.60118901507,0.0,0.005715959786323129,0.4317491793306227,-0.0027170466077073483,0.31002508384839733,-0.005641235057335486
146,0.0,1076.4372432365712,0.025997843629052535,0.010048294952713055,0.4640000842697296,-0.006825000377191633,0.35621758397479697,-0.005996364653292329
147,0.0,1085.8931668718717,0.00994025757588423,0.014475014013772255,0.2436079652649279,-0.013573705861597521,0.32243469836183625,-0.008269567015783887
148,0.0,1089.8171827294761,0.0,0.004904584476076192,0.465682712628831,-0.001584254563839013,0.36540910264193466,-0.006263973280200424
149,0.0,1095.590032001002,0.010343135391390906,0.005584505156314815,0.47241515674629553,-0.0031516381208962683,0.3975109188732429,-0.005330272732409177
150,0.0,1108.3879139702792,0.12260827043249917,0.0199640139915337,-0.033457231440887907,-0.019915187238601213,0.26822047377900365,-0.009705747084266787
151,0.0,1122.2598132413123,0.030368291870408563,0.02294301658988174,0.2527271661466631,-0.02294301658988174,0.26357248148930146,-0.013676927935951273
152,0.0,1125.8470124617174,0.001000388899710814,0.005713317206252959,0.636107335374772,0.0032066935009321226,0.37533293765494263,-0.008611841504886255
153,0.0,1138.861234466113,0.09532395914132386,0.012697984524294742,-0.02693528551369269,-0.012507335846505032,0.25465247070435204,-0.009780489807371888
154,0.0,1149.586572097037,0.004059244765002477,0.013504844535538848,0.3877494005742443,-0.012966264754861647,0.2945815496653197,-0.010736222291618816
155,0.0,1158.8959042181584,0.050474910030351254,0.00876587768996397,-0.007218215758490582,-0.008759089107505799,0.2040416200381766,-0.01014308233638491
156,0.0,1167.230711426929,0.03393026015869056,0.0066921292335417205,0.23787082160867448,-0.0057579883671531355,0.21419038050932596,-0.008827554145615377
157,0.0,1180.4699676592177,0.01618046254143098,0.016962236435032797,0.31714761432302196,-0.016648258294133474,0.24507755065343473,-0.011173765390170806
158,0.0,1182.0355603873857,0.00018994820934469683,0.005972813234264108,0.5886591219330862,0.006399290942589431,0.3481520220373302,-0.005901848490342735
159,0.0,1196.3824182678306,0.06143210190147675,0.018004037949068016,0.05753763933335881,-0.018004037949068016,0.26096770722613877,-0.009532505327960319
160,0.0,1206.8199899616961,0.08955967667774349,0.015709546610573204,0.030959507639799815,-0.015199994462781644,0.19196524735023707,-0.011232752068406716
161,0.0,1216.7561235442984,0.09229459121344638,0.010302553910945452,-0.03951623343376056,-0.010302553910945452,0.12252080311503777,-0.010953692621168337
162,0.0,1219.6783446315528,0.0,0.0031485866393835328,0.60906420723426,0.006069226665358846,0.2684838243508044,-0.005846816835210182
163,0.0,1232.817300601297,0.0280320449945094,0.01571911108844927,0.12779712866819826,-0.01571911108844927,0.22627781564602256,-0.008808505111181909
164,0.0,1242.6225598136368,0.13694976504230785,0.014057604546572141,-0.057632641821006185,-0.013970168109398603,0.14110467840591392,-0.010357004010646917
165,0.0,1250.624416614251,0.08980146562263758,0.008977645828120885,0.3066350516147239,-0.007063467010021235,0.1907637903685569,-0.009368942910459211
166,0.0,1257.1159308770998,0.014738714911538513,0.003429533535185046,0.35020548219421016,-0.0023450695819082954,0.23859629791625286,-0.007261780911893936
167,0.0,1270.6199239047105,0.01009550270323976,0.018071429071131757,0.25610599921323,-0.018071429071131757,0.243849208305346,-0.010504675359665282
168,0.0,1272.3878172262496,0.0,0.00544282869135984,0.4159277839071775,0.0043189388366684095,0.2954727809858954,-0.006057591100765174
169,0.0,1283.3312374786865,0.051143567098654114,0.011612974981763538,0.03291523850494911,-0.01160402239705956,0.21670551824161152,-0.007721520489653489
170,0.0,1288.6451108459578,0.0,0.005808735447462375,0.528245267174503,-0.00443884876478266,0.31016744292147896,-0.00673671897219224
171,0.0,1304.1202735782829,0.08572574458240767,0.023915975225113698,0.13702701801220837,-0.023915975225113698,0.25822531544869776,-0.011890495848068677
172,0.0,1311.5069883158299,0.11098217640400562,0.01199437082985342,0.18743981628384615,-0.007876136113519784,0.23698966569924226,-0.010686187927704009
173,0.0,1314.926359091465,0.0012266765854437652,0.005134967874215099,0.6214864854838296,0.005707501889485911,0.35233871163461844,-0.005768080982547032
174,0.0,1329.4656349506001,0.06597722874911698,0.019784249535075446,0.1751789569297357,-0.018918375574233984,0.2991907852231536,-0.009713169360053116
175,0.0,1332.0092188134101,0.0,0.00426596709645956,0.6552640853080942,0.0011140000326346246,0.40601277524863577,-0.006465018542246794
176,0.0,1337.923036224197,0.0,0.003980173894903682,0.41048883527277086,-0.0019331924164903067,0.4073555932558762,-0.005105470704519847
177,0.0,1348.5411523587163,0.0,0.015173953019386368,0.2925659653703246,-0.015173953019386368,0.37291870489021073,-0.008126015398979803
178,0.0,1359.2645464663146,0.09789445031635442,0.016683621765331152,0.08541353091843926,-0.016683621765331152,0.2866671526986793,-0.010693297308885207
179,0.0,1370.4534509564387,3.867622823394803e-05,0.014418370804132542,0.4199105265090342,-0.01440006425928422,0.32664016484178576,-0.01180532739400491
180,0.0,1377.3300435221308,0.0,0.006640638700933689,0.5956712659877513,-0.002695494507019702,0.4073494951855754,-0.009072377527909346
181,0.0,1388.5868716645332,0.0,0.010776493530920027,0.3842330018982179,-0.010776493530920027,0.4004145471993681,-0.00958361232881255
182,0.0,1401.3221334454295,0.01554908510041362,0.016699716038813844,0.21865594544138614,-0.016682084938261715,0.3458869666719735,-0.011713154111647299
183,0.0,1415.0555712310825,0.055057362193654605,0.01814035112294497,0.1455281418647574,-0.01814035112294497,0.28577931922980865,-0.0136413132150366
184,0.0,1429.6304336086619,0.008623829239224884,0.017609227053157032,0.2461801146793787,-0.01759470636969777,0.2738995578646797,-0.01482733116143495
185,0.0,1448.9239700281407,0.21934133264926353,0.025367360809857582,-0.18862017681233909,-0.025367360809857582,0.13514363746157404,-0.017989340055961738
186,0.0,1460.7991199343278,0.0452425185740825,0.008553024862258615,-0.008945503340857924,-0.008545203175730301,0.09191689522084445,-0.015156098991892306
187,0.0,1474.1624777269903,0.0032992598280909896,0.009877641727693863,0.5842941058811159,-0.008469928718424526,0.23963005841892587,-0.013150247909851972
188,0.0,1477.496483768141,0.0,8.495325341700495e-05,0.4564030492248887,0.009389684193734357,0.30466195566071474,-0.006388268278776073
189,0.0,1496.2728493118002,0.14912486565415334,0.025153075464912054,-0.009123507191649227,-0.025153075464912054,0.21052631680500555,-0.012017710434616868
190,0.0,1503.2549545898094,0.004721577198279791,0.008893324717720913,0.3248204411572474,-0.007390868604018006,0.2448145541106781,-0.010629657885437209
191,0.0,1512.3001508595244,0.0867659410380468,0.005955756105299307,0.3164614930164304,-0.005882808113954251,0.26630863578240377,-0.009205602953992321
192,0.0,1523.700715933392,0.0230345243697047,0.012449799428423535,0.14657339515461534,-0.012295050150143733,0.23038806359406724,-0.010132437112837744
193,0.0,1526.2357619246577,0.0,0.00368656592504112,0.38722914708589423,0.004730008808306935,0.2774403886416153,-0.00567370333649434
194,0.0,1540.2677214813084,0.09192796041446766,0.018442222778129652,0.08273866618062738,-0.018442222778129652,0.2190298719033189,-0.009504259168984933
195,0.0,1549.6367158355067,0.07946943998570015,0.013350461664483965,0.042105483805820465,-0.0132126197970241,0.16595255547406937,-0.010616767357396683
196,0.0,1564.2713201122006,0.24508689499170103,0.020146123635527625,-0.11107464348270936,-0.020146123635527625,0.08284439578703576,-0.013475574240835965
197,0.0,1581.5438802798037,0.1804921013809696,0.024363885425183442,-0.02619483741927702,-0.024363885425183442,0.05013262582514191,-0.016742067596140206
198,0.0,1588.6075076719458,0.0,0.004728205993849893,0.6380112428492916,1.8752250414443097e-05,0.22649621093238678,-0.01171382164217381
199,0.0,1600.093660893611,0.00848177381728439,0.006947297057766289,0.17714593448819144,-0.0060017562307330555,0.21169112799912815,-0.010000202018741583
200,0.0,1613.8205853089987,0.1447680216739697,0.015979186570678334,-0.09716734228306986,-0.015979186570678334,0.11903358691446873,-0.011793897384322606
201,0.0,1624.6687655241583,0.15129424177257192,0.011694633830048056,-0.01801632613143782,-0.011692085954380295,0.07791861300069676,-0.011763353955339912
202,0.0,1632.6196031204288,0.0,0.006225777078600794,0.43646383110811515,-0.003788795468754826,0.18548217843292225,-0.009370986409364386
203,0.0,1652.4554456125516,0.018286184361094155,0.02868072038805369,0.135075941478913,-0.02868072038805369,0.17036030734671948,-0.015163906602971178
204,0.0,1671.6033608737393,0.1983983144396328,0.029498216509262654,0.05790085149514088,-0.029498216509262654,0.13662247059124588,-0.01946419957485862
205,0.0,1687.4208147534266,0.02470452838583447,0.016588737808331956,0.28254311652457387,-0.0163462845556346,0.18039866437124424,-0.018528825069091412
206,0.0,1710.3363047404237,0.2588220746177582,0.026693361871220244,-0.2585547739519456,-0.026693361871220244,0.04871263287428729,-0.02097818610973006
207,0.0,1723.5266438842846,0.1374982936380346,0.01062663862004741,-0.05782624050140544,-0.007304922681501189,0.016750970861579468,-0.016876207081261398
208,0.0,1745.0806657006292,0.1665709182025958,0.02234875962469646,-0.13185801058050564,-0.02234875962469646,-0.027831723571046064,-0.018517972844291915
209,0.0,1751.7284336374257,0.0,0.0010789933752122735,0.5823929305971437,0.004501448043166754,0.15523567267941085,-0.011612146578054313
210,0.0,1774.0893748671247,0.14014371141376034,0.02681189974164962,-0.11202817593556813,-0.02681189974164962,0.07505651809491715,-0.016172072527132906
211,0.0,1787.491875481232,0.16771303849578306,0.015152053905286662,0.10958751429320546,-0.015152053905286662,0.08541581695440363,-0.015866066940579033
212,0.0,1805.0201124101084,0.14828585018256893,0.019010165263538152,-0.12009635517574334,-0.019010165263538152,0.02376216531535954,-0.01680929643746677
213,0.0,1815.3482210081997,0.0141711883713694,0.006707584291620161,0.25339611203878726,-0.004289352498025719,0.09265234933238786,-0.013053313255634455
214,0.0,1820.0853683775258,0.0,0.003561094401972463,0.8089322710494302,0.008184514821916617,0.30753632584750057,-0.006681964832369132
215,0.0,1834.325132466507,0.041805552999869995,0.015790558676076562,0.1974305868922794,-0.015790558676076562,0.2745046041609342,-0.009414542985481361
216,0.0,1844.3047676448132,0.15460797874373475,0.013589954646927067,0.20326275019273032,-0.013438253963358057,0.25313204797047306,-0.01062165627884437
217,0.0,1848.8729875825911,0.0,0.002054872295476841,0.5107619721984222,0.0007322597511242149,0.33042102523885775,-0.007215481469853793
218,0.0,1858.5777354906704,0.04149233209636981,0.010172129786366627,0.2684090198806689,-0.008853354456791864,0.3118174236314011,-0.007706843365935214
219,0.0,1870.9109589740924,0.04253374944456851,0.01785697058578459,0.33270486559797097,-0.01785697058578459,0.318083656221372,-0.010751881531890026
220,0.0,1880.854396612179,0.0,0.01230862555335275,0.3924689941732912,-0.012239538176002452,0.3403992576069478,-0.011198178525123753
221,0.0,1892.6080140174051,0.005032254620634258,0.013682748596108131,0.4924081500286809,-0.012820235559955104,0.38600192533346767,-0.011684795635573158
222,0.0,1902.161274262146,0.08652762222780579,0.009817638848336398,0.07446749794653872,-0.007750989728057774,0.292541597117389,-0.010504653863318541
223,0.0,1912.4477105114263,0.008213704483355394,0.009950264179637396,0.289383676253612,-0.008820719487973572,0.29159422085825587,-0.00999947355071505
224,0.0,1921.3816571104417,0.06650237490505935,0.007325303763233278,0.38116245004984345,-0.007253396242379139,0.31846468961573215,-0.009175650358214276
225,0.0,1928.8927778787288,0.07734161399180536,0.006231885618256545,0.246776133291736,-0.004849731220343692,0.2969581227185333,-0.0078778746168531
226,0.0,1939.874098746939,0.1337928501380336,0.013317819255833264,0.10838158263347236,-0.012991537909929409,0.240385160693015,-0.009411973604775992
227,0.0,1952.9257590421103,0.022837732172627804,0.018611868116447113,0.2307375170463303,-0.018592673988853062,0.2374908675990096,-0.012166183719999113
228,0.0,1965.4691891270497,0.08815020589798873,0.015821082516982134,-0.04578217733391636,-0.015821082516982134,0.1525089541191318,-0.013262653359094018
229,0.0,1983.5072071183592,0.12074060325718061,0.024353485550267392,0.07838752188679132,-0.024353485550267392,0.13027252444942966,-0.016589903016446028
230,0.0,1998.6529616550167,0.17837299601325043,0.017047679091682044,-0.09440132693960891,-0.01704714540996128,0.06287036903271809,-0.016727075734500604
231,0.0,2015.5293580918308,0.07278576796187952,0.017181048778960255,-0.051226679901540166,-0.017181048778960255,0.02864125435244061,-0.0168632676478385
232,0.0,2038.1646711589242,0.10341427275126265,0.029030228847680112,0.046988653608121926,-0.029030228847680112,0.034145474129145,-0.02051335600779098
233,0.0,2054.2898743860446,0.09894830296315929,0.015438074241191946,0.17182700700469467,-0.015173546423011747,0.07544993399180991,-0.018911413132357207
234,0.0,2072.168653429585,0.06870997264948395,0.015091401618745002,0.35580614822856443,-0.015091401618745002,0.15955679826283625,-0.017765409678273544
235,0.0,2085.5548815777597,0.06076281788223087,0.007555745019016018,0.03593119047497605,-0.007448361225898107,0.12246911592647818,-0.014670295142560913
236,0.0,2103.3638633677797,0.14170505720534443,0.017985148016732882,0.009625622880364334,-0.017985148016732882,0.08861606801264402,-0.015664751004812502
237,0.0,2118.7727214391325,0.023005362348212495,0.016167532249949552,0.2549653716069414,-0.016167532249949552,0.13852085909093323,-0.015815585378353616
238,0.0,2130.3109792986825,0.0,0.007728506398455839,0.5234564278304235,-0.007061605519952326,0.2540015297127803,-0.01318939142083323
239,0.0,2146.904886375834,0.10280816183838482,0.01754651366574544,-0.048758517348454544,-0.01754651366574544,0.16317351559440982,-0.014496528094306894
240,0.0,2161.5625292873146,0.1491326691915065,0.01619378466495442,0.16461789911931154,-0.01619378466495442,0.16360683065188034,-0.01500570506550115
241,0.0,2176.061042628318,0.12294215929883152,0.01447944831779096,0.20353618823628003,-0.01447944831779096,0.17558563792720022,-0.014847828041188092
242,0.0,2186.0082766531277,0.000691413120854776,0.005430970700412161,0.33379392181723194,-0.004473801940073936,0.22304812309420974,-0.011735620210853843
243,0.0,2209.700456548095,0.05263464553308865,0.03340323639615844,0.2905122400683515,-0.03340323639615844,0.24328735818645225,-0.01823590506644522
244,0.0,2230.3129627853723,0.4059580041353079,0.02995828756358596,-0.17964416903150485,-0.02995828756358596,0.11640790002106513,-0.02175261981558744
245,0.0,2244.7976894704047,0.04321330791588649,0.010324701803575689,0.2711233268454851,-0.010274420323954614,0.16282252806839112,-0.01830915996809759
246,0.0,2259.761483005962,0.0010958966522944464,0.008926175035139886,0.43605303357885405,-0.007752709225837237,0.24479167972153,-0.015142224745419482
247,0.0,2278.625555137166,0.22094719611356983,0.019597182608847297,0.15361104240256024,-0.019597182608847297,0.21743748852583905,-0.016478712104447825
248,0.0,2298.2748972809864,0.3044289743470984,0.02447636568546144,-0.18626273654975886,-0.02447636568546144,0.09632742100315966,-0.018878008178751907
249,0.0,2312.558744886473,0.0427488661469969,0.013096056338984727,0.19648561355903862,-0.011806107061850176,0.12637487876992334,-0.016756437843681388
250,0.0,2326.8340184516032,0.0722995235528125,0.009556579071328092,0.1905455276178702,-0.009377376497667879,0.1456260734243074,-0.014542719439877333
251,0.0,2339.5760003152304,0.011254561345561551,0.011755647705616568,0.4106781097104031,-0.00848522615206075,0.2251416843101361,-0.012725471453532358
252,0.0,2359.3989326563237,0.12278326380163396,0.02561888165017458,0.08450337996522525,-0.02561888165017458,0.18295019300666282,-0.016593494512525023
253,0.0,2377.1079572017525,0.0,0.022946706100859214,0.336320823394768,-0.022946706100859214,0.22896138212309436,-0.01849945798902528
254,0.0,2393.4539784577046,0.12321803287317332,0.015998510083142417,-0.10966496670947892,-0.015998510083142417,0.12737347747332237,-0.01774917361726042
255,0.0,2409.6537515930504,0.11155927134466571,0.013739709726017131,0.1778835661797516,-0.013739709726017131,0.14252650408525114,-0.016546334449887432
256,0.0,2430.772030117207,0.12737482921873636,0.024818260471934694,0.021294358927596124,-0.024818260471934694,0.10615686053795462,-0.01902791225650161
257,1.5250096102264101,2453.470437924115,0.42151401848760617,0.02925975486840394,-0.41738484519979335,-0.02925975486840394,-0.05090565118336976,-0.02209746504007231
258,0.0,2466.3863692468094,0.11520017359125699,0.006429973845209286,0.10352873607399818,-0.006166720611754814,-0.004575335006159375,-0.01731824171157706
259,0.08642252822547336,2489.95384916262,0.31281709459058,0.025359130336547502,-0.25922999613536235,-0.025359130336547502,-0.08097173334492026,-0.01973050829906819
260,0.0,2505.8217957719644,0.20546558908517992,0.014196282474114058,-0.19608522069511156,-0.014196282474114058,-0.11550577954997765,-0.018070240551581948
261,0.0,2523.9771900660094,0.0637434168429146,0.016526673810779345,0.1290379582964455,-0.01651819861141512,-0.0421426581960507,-0.0176046279695319
262,0.16935957088674602,2541.872980385042,0.31953581509851,0.017726203091356404,-0.15528902935455044,-0.017726203091356404,-0.07608656954360063,-0.01764110050607925
263,0.0,2563.1962272590495,0.001876713047577218,0.02535023099816611,0.22153783281490427,-0.02535023099816611,0.013200751163950836,-0.01995383965370531
264,0.0,2583.763860649902,0.003561777358863637,0.02364167988487254,0.18548822206547355,-0.02364167988487254,0.06488699243440765,-0.021060191723055476
265,1.348918282725423,2607.3217807925257,0.25750784037860736,0.02741624266939521,-0.22629960447887854,-0.02741624266939521,-0.0224689866395782,-0.022967007006957394
266,0.0,2621.061975007125,0.0,0.005935753079499013,0.32748022402948435,-0.005730746276943051,0.08251577656114056,-0.01779612878795309
267,0.0,2643.3103829406436,0.22420673252047355,0.021685378863084318,-0.061394410282587096,-0.021685378863084318,0.03934272050802226,-0.018962903810492458
268,0.0,2659.145419722575,0.0204226207314049,0.013661904816135717,0.15874978215977043,-0.013661904816135717,0.0751648390035467,-0.017372604112185434
269,0.6518362215589781,2683.2625356240305,0.2177046000856037,0.029767108154094682,-0.14872189803612565,-0.029767108154094682,0.007998817891645,-0.021090955324758208
270,3.731002938174949,2704.155771422875,0.45592881731802676,0.024552322158868062,-0.4489832139056635,-0.024552322158868062,-0.12909579164754753,-0.02212936537499116
271,0.11297553169359698,2728.72692211223,0.09170804920026218,0.02829809524890852,-0.049463303434283123,-0.02829809524890852,-0.1052060451835682,-0.023979984337166367
272,0.0,2749.605155061633,0.11193452987365507,0.019445730364924276,0.16828732410585476,-0.019445730364924276,-0.023158034396741307,-0.022619708145493737
273,0.26161254003971207,2770.0506946994706,0.24448109695631406,0.016675152102708216,0.002551198297225056,-0.01667323605488347,-0.015445264588551397,-0.020835766518310657
274,0.0,2787.3263048778736,0.06399045623591763,0.0115605016151877,0.1899132541690809,-0.0115605016151877,0.046162291038738285,-0.01805318704737377
275,0.0,2806.225535042156,0.22033601396214672,0.016917256592041345,0.1196750201390878,-0.016917256592041345,0.06821610976884314,-0.01771240791077404
276,0.0,2828.2348503643725,0.25639223137496847,0.026309320083988192,0.10036570040319245,-0.026309320083988192,0.07786098695914792,-0.020291481562738283
277,0.18428500299886313,2851.070867670275,0.09591989869709039,0.028279132748460105,0.05604048968215907,-0.028279132748460105,0.07131483777605126,-0.022687776918454826
278,0.5257909100072595,2871.5099853345005,0.06803375212822352,0.02049921113434809,-0.010755050363574385,-0.02049921113434809,0.04669387133416356,-0.022031207183222802
279,0.0,2885.587413938068,0.001848577515600622,0.007414698029475183,0.32933577154965843,-0.004776908334740963,0.13148644139881202,-0.016854917528678248
280,0.04817097022922168,2907.4998499945073,0.051505932353124805,0.021999446071362696,0.06905676677743465,-0.021999446071362696,0.1127575390123988,-0.018398276091483583
281,0.132571330062059,2928.472591630101,0.19176032348077274,0.025369411144635715,0.006432718578573866,-0.025369411144635715,0.08086009288225131,-0.02048961660742922
282,0.0,2940.1369218610557,0.00030446387506961225,0.007222576877995387,0.3432448301752039,-0.004282083027218313,0.1595755140701371,-0.015627356533365947
283,0.0,2964.805734649386,0.17814147552266146,0.029398869487391316,0.043303256038370985,-0.029398869487391316,0.12469383666060725,-0.019758810419573558
284,0.0,2985.042885128719,0.0514585734514218,0.025058950008871365,0.0736681115367657,-0.025058950008871365,0.10938611912345478,-0.0213488522963629
285,0.8210009100472598,3007.4496669218925,0.17208446163033192,0.025209165703041415,-0.09779735326341943,-0.025209165703041415,0.04723107740739252,-0.022506946318366455
286,0.0,3028.6750959769665,0.16424002047281044,0.021043466626094628,0.09529890097892603,-0.021043466626094628,0.06165142447885257,-0.022067902410684907
287,0.0,3044.66831306134,0.038412358280626856,0.008958604175039278,0.23452072150731046,-0.008954970577035409,0.11351221358738993,-0.018134022860590057
288,0.12095556953422792,3065.5978386119,0.14723189963391947,0.019860195600010896,-0.05342087700551114,-0.019860195600010896,0.0634322864095196,-0.018651874682416306
289,1.010558109312875,3087.251692670585,0.2125184418490464,0.025445427364045477,-0.1707355375212426,-0.025445427364045477,-0.006818060769709061,-0.020689940486905055
290,0.0,3103.6727277479195,0.06272006009849795,0.013919372763308546,0.04244685298520167,-0.013919372763308546,0.007961413356764157,-0.018658770169826103
291,0.0,3127.9004721594633,0.1441939879942999,0.028144997426447278,-0.005686788012181473,-0.028144997426447278,0.003866952946080468,-0.021504638346812453
292,1.8149310358906683,3150.9275379573687,0.40466407847674846,0.02764080822095018,-0.24693223175562048,-0.02764080822095018,-0.07137280246442981,-0.023345489309053773
293,0.0,3169.339517017321,0.12788301536342733,0.014984896042427795,0.0020678886052038726,-0.014984896042427795,-0.0493405951435397,-0.02083731132906598
294,0.0,3188.3481047415257,0.057318631014906855,0.014462505556962144,0.32037496336555443,-0.014414785089783937,0.061574072409188545,-0.018910553457281366
295,0.0,3206.062909402459,0.0009819270794487525,0.014412370681780421,0.29870499779077414,-0.014412370681780421,0.13271335002366422,-0.01756109862463108
296,0.0,3214.901580412904,0.004842569879360137,0.006043734740523912,0.4765849534624238,0.002016307688933965,0.2358748310552921,-0.011687876730561566
297,0.0,3229.2513920829883,0.09865225300037711,0.011305950164551616,0.2897114131700662,-0.01111563504824503,0.2520258056897243,-0.011516204225866604
298,2.663619171652811,3247.685762734413,0.25967131564384005,0.02575022542005451,-0.2584600147413798,-0.02575022542005451,0.09888005956039307,-0.015786410584122976
299,0.02927893478739363,3257.8117721720414,0.10827689761059527,0.00844203981877697,-0.06194886559863826,-0.00844203981877697,0.05063138201268367,-0.013583099354519174
300,0.0,3271.492399494444,0.047586760022061025,0.011747338355892327,0.185651347832185,-0.011491166756771901,0.09113737175853406,-0.012955519575194991
301,1.2565142628842643,3292.845203848822,0.3335049184360557,0.029796133928364263,-0.20330730198542096,-0.029796133928364263,0.0028039696353475557,-0.01800770388114577
302,0.0,3305.5671868390386,0.04504915949232721,0.012258477343740871,0.1917691606557083,-0.012258477343740871,0.05949352694145577,-0.016282935919924302
303,0.0,3324.3555442924935,0.03503261926102182,0.019705930821840623,0.17926356494620702,-0.019705930821840623,0.09542453834288114,-0.0173098343904992
304,0.0,3344.0233437027146,0.1899299506645504,0.02329194742176874,0.07964443563017778,-0.02329194742176874,0.09069050752907012,-0.01910446829988006
305,0.0,3365.4609045060242,0.23210387535335633,0.025834488004296486,0.08535235264085024,-0.025834488004296486,0.08908906106260416,-0.021123474211204987
306,0.0,3385.248979876353,0.17374241638265647,0.020444524450342203,-0.013165661732658962,-0.020444524450342203,0.05841264422402522,-0.02091978928294615
307,2.4191999006894784,3410.110838859556,0.35917142342911473,0.0289202626915461,-0.31693281148534536,-0.0289202626915461,-0.054190992488785956,-0.023319931305526134
308,0.0,3429.1206240060224,0.03318459578625345,0.01684060808100425,0.17629326762762923,-0.01684060808100425,0.014954285546138604,-0.021376134338169567
309,0.0,3455.1268317144722,0.2419622322682375,0.02899733201859118,0.04152482691663385,-0.02899733201859118,0.022925447957287178,-0.02366249364229605
310,0.0,3474.470598205545,0.07084836526036255,0.017046769685711203,0.2803720220163335,-0.017046769685711203,0.10015942017500107,-0.021677776455320593
311,0.24426325201747945,3500.304779234095,0.3142893421302271,0.028269538913116517,-0.08200281157187714,-0.028269538913116517,0.045510750650937605,-0.02365530519265937
312,0.0,3517.26260251749,0.028884007347088864,0.011791833490634354,0.3347916943246436,-0.011762143649753257,0.1322950337530494,-0.020087356729787537
313,0.008989783349613756,3546.4505250873776,0.34925853640237003,0.035330255914505,-0.07973733326690552,-0.035330255914505,0.06868532364706292,-0.024660226485202774
314,0.0,3569.129387847371,0.3054224731684816,0.02529579138624063,-0.09560476440306143,-0.02529579138624063,0.019398297232025616,-0.02485089595551413
315,0.0,3578.4622605758786,3.867622823394803e-05,0.004110559690570069,0.484749633738599,0.007279705069175236,0.15900369818399762,-0.015211715648107322
316,0.0,3603.5639406398845,0.20140338204530378,0.02577499536101418,0.03169841506801805,-0.02577499536101418,0.12081211324920374,-0.01838069956197938
317,0.0,3623.8942213236824,0.35211164841037085,0.025743351809384914,-0.029140217921099658,-0.025743351809384914,0.07582641389811272,-0.02058949523620104
318,0.0,3646.234404241005,0.3191392847410987,0.026537590065851695,-0.036156152929679934,-0.026537590065851695,0.04223164384977492,-0.022373923685096237
319,0.0,3668.6918336623585,0.15011513804785975,0.024406673603231472,-0.06784268553862997,-0.024406673603231472,0.009209345033253453,-0.022983748660536804
320,0.0,3692.6680532977575,0.33074000084747995,0.025686630874250098,-0.08967619121314178,-0.025686630874250098,-0.020456315840665117,-0.02379461332465079
321,0.0,3717.1004792643757,0.044736809770312004,0.025968040353867683,0.22457426436580483,-0.025968040353867683,0.05305285822127587,-0.024446641433415857
322,0.0,3742.1589203364515,0.21628480954403861,0.026400419960586907,0.015844222329543696,-0.026400419960586907,0.04189026745375621,-0.02503277499156717
323,0.0,3758.455828185257,0.0,0.008303783178005248,0.509227120597148,-0.007443607567220672,0.18209132339677372,-0.01975602476426322
324,0.0,3780.1042537593157,0.2588860358662087,0.018201911631229608,0.01798431482997475,-0.018201911631229608,0.13285922082673401,-0.019289790824353135
325,0.0,3799.402915597517,0.10097513996142857,0.018822611749130462,0.0134148520333044,-0.018822611749130462,0.09702591018870513,-0.019149637101786333
326,0.0,3820.7654470605703,0.16801747730240826,0.023613840226751722,0.1884425060005311,-0.023613840226751722,0.12445088893225292,-0.02048889803927595
327,0.0,3832.5064055616876,0.0,0.006240011252243405,0.43962341226798496,-0.00365908747799673,0.21900264593297253,-0.015439954870892182
328,0.0,3855.7349328341734,0.17291436291993262,0.026406831573813946,0.021777282678068843,-0.026406831573813946,0.15983503695650142,-0.018730017881768708
329,0.0,3866.520421312933,0.053602133793773966,0.005642970392535584,0.40967594988077527,-0.00560606392849626,0.23478731083378357,-0.014792831695786973
330,0.0,3885.0318242837166,0.17195690345533549,0.018438619574965332,0.17611185403372195,-0.018438619574965332,0.21718467379376508,-0.01588656805954048
331,0.0,3898.4928822499783,0.027927851721172105,0.011972730744119598,0.1819402846550977,-0.011972730744119598,0.20661135705216485,-0.014712416864914214
332,0.5066785973676451,3916.501246779999,0.23341361974097488,0.0203559003394831,-0.14656358959075916,-0.0203559003394831,0.10065887305928765,-0.01640546190728488
333,0.3629717013501361,3937.3365330548054,0.2485740780860409,0.027397851258757305,-0.1858553716169846,-0.027397851258757305,0.01470459965640597,-0.019703178712726605
334,0.8397702843006563,3960.4290569894233,0.2771651955867016,0.030199436264002212,-0.24236001142022184,-0.030199436264002212,-0.062414783666582374,-0.022852055978109284
335,0.09849335819047256,3980.453073761071,0.24880255973242096,0.020240388116088425,-0.1457132349648312,-0.020240388116088425,-0.08740431905605703,-0.022068555619503025
336,0.0,3992.5272807010524,0.0,0.004092486075294188,0.5035762810743246,-0.00043084966361779697,0.08988986098305746,-0.015577243832737456
337,0.0,4008.5773240810217,0.15804205974084584,0.009800459778257236,0.042850050314135045,-0.009800459778257236,0.07577791778238073,-0.01384420861639339
338,0.24240762876157218,4025.531425087816,0.34305346890801836,0.01851790607936902,-0.1112176468282915,-0.01851790607936902,0.01967924839917906,-0.015246317855286077
339,0.0,4035.2162325935155,0.024898920008619967,0.0053762976606878754,0.25576252276549016,-0.005120368417493539,0.09050423070907238,-0.012208533023948316
340,0.0,4058.5887272395003,0.008517923036097514,0.03230242720388148,0.19555197202937907,-0.03230242720388148,0.12201855310516438,-0.018236701277928265
341,0.0,4071.0103162192027,0.135147924305528,0.01240122592118627,0.027498449922293344,-0.01240122592118627,0.09366252215030306,-0.016486058670905666
342,0.0,4088.9756192849186,0.14928577655820438,0.017744231777780062,0.20948224668918888,-0.017744231777780062,0.12840843951196879,-0.016863510602967983
343,0.7235429892796248,4108.950414571358,0.3284598551117412,0.023738532789430944,-0.16390491746154423,-0.023738532789430944,0.040714432419914875,-0.01892601725890687
344,0.0,4121.945015286126,0.07930429731485737,0.008721057444662119,0.2440092536091379,-0.00871734389188718,0.10170287877668177,-0.015863415248800965
345,0.0,4140.077550810101,0.08406515434735205,0.017400538728218538,0.15084539009781656,-0.017400538728218538,0.1164456321730222,-0.016324552292626235
346,0.0,4160.109661940709,0.16736068106210317,0.024528984292407054,-0.0006578776939498725,-0.024528984292407054,0.08131457921293057,-0.01878588189256048
347,1.7006046291501216,4186.27613881381,0.46303029922129163,0.036726006435282545,-0.27858879671102904,-0.036726006435282545,-0.026656433564257315,-0.024167919255377097
348,1.539371774450163,4209.673081154345,0.31957420642391415,0.02816800626905656,-0.25568122374601465,-0.02816800626905656,-0.09536387061878451,-0.025367945359480934
349,0.0,4227.379117100317,0.12687672654789323,0.01071250654658879,0.1698584460142755,-0.010655661273112052,-0.015797175628866504,-0.02095426013357027
350,0.0,4241.149387418591,0.02501146324921925,0.002161333704389588,0.42757846133333605,-0.0013900259080463562,0.11721551545979425,-0.015084989865913095
351,0.1331255604424748,4263.5404060794035,0.24852006741685193,0.024192059993143628,-0.026712347273989395,-0.024192059993143628,0.07403715663965915,-0.017817110904082254
352,0.0,4279.663630138956,0.06391363948627111,0.01713413939273831,0.08479446345334189,-0.01713413939273831,0.07726434868376397,-0.01761221945067907
353,0.0,4300.559414097553,0.12495953704635242,0.024239550244876885,0.028655421442136078,-0.024239550244876885,0.0626816705112756,-0.01960041868893841
354,0.0,4317.549206603746,0.21726693999052968,0.016232655014740673,0.0566868027145983,-0.016232655014740673,0.060883210172272405,-0.018590089586679088
355,0.0,4329.981919792109,0.0038388570603034725,0.004781749792499634,0.34814642614907426,-0.004709795942000112,0.14706217496531296,-0.014426001493275395
356,0.05503252732833985,4353.220293739388,0.2864653525515854,0.028447519008489283,-0.004770161592188336,-0.028447519008489283,0.10151247399806257,-0.01863245674783956
357,0.0,4369.211640811886,0.21441785553786974,0.017511869147715405,0.014780647641200342,-0.017511869147715405,0.07549292609100389,-0.018296280467802312
358,0.0,4390.371743074937,0.28986967247271644,0.02391239224952998,0.015591652884040194,-0.02391239224952998,0.057522544128914777,-0.01998111400232061
359,0.0,4408.015436910862,0.11479933496940808,0.01704871599419735,0.1553074270825366,-0.016866523587455197,0.08685800901500132,-0.019046736877860987
360,1.1278205728253876,4433.12323221661,0.3330592923909705,0.030700632431312363,-0.1581465900171899,-0.030700632431312363,0.013356629305343953,-0.0225429055438964
361,0.0,4451.446774456969,0.012690389203842444,0.017394407688648004,0.2193847084644951,-0.017394407688648004,0.07516505305308929,-0.02099835618732188
362,0.0,4466.076800975183,0.1578837996462594,0.0062336604669491515,0.11288878654347884,-0.006122097130246203,0.08648217310020614,-0.016535478470199174
363,0.4965931934309692,4491.718157885622,0.2062422884262165,0.030857227598695053,-0.10440789335906599,-0.030857227598695053,0.029215153162424505,-0.020832003208747937
364,0.0,4504.713308164791,0.014986080194635787,0.008990482336869741,0.05702701547898864,-0.008980772874782723,0.03755871185739375,-0.017276634108558373
365,3.1516182960687584,4529.930310614227,0.3735883633526209,0.03011555867268965,-0.37350909327062004,-0.03011555867268965,-0.08576162968101039,-0.021128311477797757
366,0.0,4548.770998714034,0.18319509815959173,0.020374593366607994,-0.011268002590668007,-0.020374593366607994,-0.06341354155390767,-0.020902196044440827
367,0.0,4558.819683933679,0.12201773344942492,0.00126378330353176,0.22175165025924665,0.0019448217502983918,0.022136015990038616,-0.014048090706019062
368,0.0,4585.21497639286,0.19953449570689122,0.03263173463091932,0.013037404740397718,-0.03263173463091932,0.019406432615146345,-0.01962318388348914
369,2.538780095788333,4601.404126594763,0.24497214881024937,0.01827633577337929,-0.24497214881024937,-0.01827633577337929,-0.05990714181247237,-0.01921912945045618
370,0.0,4617.221092410258,0.200494099079766,0.011836589546029322,0.055824929568862314,-0.011710398509878345,-0.025187520398071962,-0.01696651016828283
371,0.0,4627.257151241683,0.0,0.004070801060241843,0.31597906252976893,-0.0001815914642328763,0.07716245448028031,-0.011931034557067842
372,0.0,4639.810350913309,0.05403193470054413,0.00801799928665518,0.3166757995349239,-0.007981924784047847,0.1490164579966734,-0.010746301625161842
373,2.0414535231642303,4655.341743263354,0.21043902597594333,0.019481143831267485,-0.15091453963238388,-0.019481143831267485,0.059037158707956214,-0.013366754286993535
374,1.2538563706917978,4673.674077484082,0.3001089959732786,0.026441350671680193,-0.1083029482715941,-0.026441350671680193,0.008835126614091117,-0.017289133202399533
375,0.0,4688.866093750781,0.1738464033921903,0.017005950956569905,0.011877884851859411,-0.017005950956569905,0.009747954085421603,-0.017204178528650645
376,1.6769305595163404,4705.072403751879,0.2319574844510374,0.015036791311095655,-0.1551500362912384,-0.015036791311095655,-0.0397214430275764,-0.016553962363384148
377,1.7431282523034362,4724.313731449926,0.16281409192482155,0.02147533163844608,-0.144895291167973,-0.02147533163844608,-0.07127359746969537,-0.018030373145902726
378,0.0,4739.334650051067,0.06479933941667432,0.0132986040761074,0.13859684605729883,-0.0132986040761074,-0.00831246441159711,-0.016610842424964127
379,0.16334834500503492,4761.532113156388,0.2769073737166161,0.026770957674727848,0.044953728452298766,-0.026770957674727848,0.007667393447571654,-0.019658876999893243
380,2.800832970901917,4781.57047603939,0.272881654379932,0.02362450860525602,-0.20912547766247797,-0.02362450860525602,-0.05737046788544323,-0.020848566481502073
381,0.31761460620599635,4808.028861746356,0.16226762404901718,0.03377494974456151,0.051593738857201,-0.03377494974456151,-0.02468120586264996,-0.0247264814604199
382,0.0,4822.030909322431,0.02263941455656453,0.006958630987775105,0.3423406786911647,-0.006423405637742055,0.08542535950349443,-0.019235558713616548
383,0.0,4838.250254508809,0.069951757758583,0.008903379573807768,0.18069333624076747,-0.007232069337281672,0.11400575252467635,-0.015634511900716085
384,1.3393670428167666,4859.571077663887,0.12279542774449445,0.02372990325053156,-0.02580228943731905,-0.02372990325053156,0.07206333993607772,-0.018063129305660727
385,2.154761586717469,4874.528225681159,0.1959170119301864,0.014122144751667662,-0.1397720465683086,-0.014122144751667662,0.00851272398476182,-0.016880833939462804
386,2.601855925787304,4897.363546374559,0.33189739830916287,0.02805445700371144,-0.18943235770824218,-0.02805445700371144,-0.05087080052313938,-0.020232920858737395
387,2.033293339428437,4922.937702154369,0.2624777726679488,0.034852250818547904,-0.1138871361158028,-0.034852250818547904,-0.0697757012009384,-0.024618719846680546
388,3.486766236829998,4938.282256249896,0.22775290853091565,0.009866081810885895,-0.21998683532873314,-0.009866081810885895,-0.11483904143927683,-0.02019292843594215
389,0.0,4958.942652410712,0.006564762862810379,0.01709405242787418,0.3084892213192492,-0.016556620143242527,0.012159437388280986,-0.01910203594813226
390,0.0,4972.675102437339,0.0,0.009719217608831513,0.3152032462192973,-0.006779052270195339,0.10307258003758588,-0.015405140844751183
391,0.0,4983.534972605782,0.02125721872215242,0.003657628426715302,0.40864425848571073,-0.002084894536419298,0.19474408357202333,-0.011409066952251617
392,2.5091266341036134,5002.679447535933,0.3288833419878921,0.023361923268187798,-0.059596863680233134,-0.023361923268187798,0.11844179939634637,-0.014994923847032472
393,2.067211587866499,5019.421992408086,0.18190681682889345,0.0223710685814309,-0.07754401537856227,-0.0223710685814309,0.059646054963873776,-0.017207767267352
394,0.25949379329870426,5032.909788080176,0.12110383825399726,0.011762871673389895,0.09718207538120484,-0.011762871673389895,0.0709068610890731,-0.015574298589163368
395,3.084530534022818,5055.701996227152,0.33980806715306894,0.02891008029482467,-0.2050979858670694,-0.02891008029482467,-0.011894592997769647,-0.019575033100861755
396,1.4568933950706549,5076.156626061613,0.11081174601563978,0.025574958078879093,-0.048363759495870365,-0.025574958078879093,-0.022835342947199862,-0.021375010594266955
397,0.0,5092.582164223672,0.16172321890502322,0.012941331293631137,0.1890249030172741,-0.01293858624946617,0.04072273084214232,-0.018844083290826718
398,0.0,5101.432581584319,0.0004756416920774188,0.0039883219759267894,0.4020947036257513,0.004612436671463142,0.14913432267722498,-0.01180712730213976
399,0.0,5111.939264879555,0.00539138998191942,0.005528007177987628,0.24668695413897057,-0.001767706466205169,0.17840011211574863,-0.008795301051359382
400,2.649596317110761,5126.347725200819,0.24068069324100763,0.017352063852432077,-0.14201888851942723,-0.017352063852432077,0.08227441192519586,-0.01136232989168119
401,0.0,5143.210409197659,0.00026821346217427406,0.025495389319430364,0.3386783876973787,-0.025495389319430364,0.1591956046568507,-0.01560224772000594
402,0.0,5154.455497915516,0.0,0.01094155060341122,0.2875066151678795,-0.010941414203368442,0.19768890781015935,-0.014203997665014689
403,0.14055013614449452,5165.893465186594,0.12233963367946156,0.007128389282041159,0.058678113307953035,-0.006984923870363097,0.15598566945949743,-0.012038275526619211
404,2.1310904738829866,5182.183037976168,0.20877403510310114,0.0186391842636142,-0.20716191566455275,-0.0186391842636142,0.04704139392228238,-0.014018548147717707
405,0.0,5198.468700802439,0.02199346993112534,0.020804487708349292,0.13008820325982104,-0.020804487708349292,0.07195543672354399,-0.016054330015907184
406,1.7965616422421617,5217.35924123375,0.20691798001837747,0.024083707827363004,-0.2017041303634636,-0.024083707827363004,-0.010142433402558292,-0.018463143359343927
407,0.0,5232.843160466673,0.20547754905985943,0.01509718927956292,-0.010939553161455964,-0.014765606995379049,-0.010381569330227592,-0.017353882450154463
408,1.3174097946471395,5253.406387052088,0.1724009065895765,0.022884535951540826,-0.150218096246124,-0.022884535951540826,-0.05233252740499651,-0.019013078500570373
409,0.0,5267.548766731727,0.19097394848088664,0.010594118509479231,0.19000449418279555,-0.010594118509479231,0.02036857907134111,-0.016487390503243028
410,0.0,5278.45952633021,0.03207296092817401,0.0035669376143187283,0.1593744231268408,-0.0022384844544431205,0.06207033228799102,-0.012212718688603056
411,1.2406251004644666,5297.521446547014,0.35397269627519445,0.02202910539877544,-0.11453492653024164,-0.02202910539877544,0.009088754642521221,-0.015157634701654772
412,0.0,5309.843531568279,0.12260514328422438,0.012317860381105147,0.022132939987557727,-0.012317860381105147,0.013002010246032172,-0.014305702405489883
413,0.0,5323.331934118057,0.029014867787593903,0.011726180979753956,0.25183757307348054,-0.011715564897583925,0.08465267909426667,-0.013528661153118095
414,0.0,5335.598567249338,9.772305286817174e-06,0.010385509223766794,0.3666415019701084,-0.010090018136402184,0.1692493259570192,-0.012497068248103321
415,0.5881948664973089,5351.5700477951705,0.26268807704315383,0.018660851258983015,-0.05162293056937823,-0.018660851258983015,0.10298764899909996,-0.01434620315136723
416,0.0,5365.241905366083,0.2241648755047963,0.014872215935080209,0.029505761684495934,-0.014867498716320277,0.08094308280471875,-0.014502591820853143
417,0.0,5379.425370335493,0.10130040878721479,0.014000649077729254,-0.017510630780887267,-0.014000649077729254,0.05140696872903694,-0.014352008997915975
418,0.17869984283667295,5405.871832236151,0.19052061976242624,0.03939192877140188,-0.06727668294545967,-0.03939192877140188,0.015801873226687958,-0.021863984929961746
419,0.0,5419.375943702733,0.10474056926510983,0.012272556810468465,0.036456415665576634,-0.012272556810468465,0.02199823595835456,-0.018986556494113762
420,0.0,5439.90778515856,0.1146333911987493,0.019208578877006326,0.07680121908314252,-0.019208578877006326,0.03843913089579094,-0.01905316320898153
421,0.40068542137777097,5462.725040105931,0.3011837483932265,0.026964402991948314,-0.09656038423985594,-0.026964402991948314,-0.002060723644903121,-0.021426535143871564
422,2.4047028458131336,5487.667518510771,0.32877584830595885,0.03122367936973108,-0.2883664540952077,-0.03122367936973108,-0.0879524427799945,-0.024365678411629416
423,0.0,5505.579532545047,0.048382285438394276,0.013982151862726501,-0.013954310616472542,-0.013982151862726501,-0.0657530031309379,-0.02125062044695854
424,0.0,5522.1297809957705,0.0738825936048388,0.008236975108461145,0.37039762506808366,-0.008213326741604063,0.06509218532876856,-0.017339432335352196
425,0.0,5537.134244414692,0.09123698710609675,0.008446571169637068,0.21007477134988192,-0.008400759476531097,0.10858696113510258,-0.014657830477705865
426,0.0,5553.992527701449,0.10506147605686442,0.016448771894846413,0.07468311262677428,-0.016448771894846413,0.09841580658260408,-0.01519511290284803
427,0.1195484339804962,5570.3259927060235,0.05822742509129413,0.01812634897429907,0.007244965571559251,-0.01812634897429907,0.07106455427929062,-0.016074483724283342
428,0.0,5578.4774129025955,0.0597117470031226,0.002599503872560319,0.19624726049763172,-0.0004841126472140555,0.10861936614479295,-0.011397372401162556
429,0.8882342314058816,5594.297046233816,0.2566778998894928,0.015738425043867788,-0.0993175857656545,-0.015738425043867788,0.046238280571658706,-0.012699688193974126
430,0.0,5603.87803277919,0.006750725617696399,0.008124309455052992,0.2680124609663956,-0.007558972043568761,0.11277053469007978,-0.011157473348852516
431,0.0,5615.472138235644,0.03796628580799026,0.010472290374478974,0.2824179043609897,-0.010460649776020563,0.16366474559135274,-0.010948426277002928
432,0.0,5628.972418698511,0.08410049840486841,0.016047031797709256,0.10904673039442443,-0.016047031797709256,0.14727934103227425,-0.012478007933214826
433,1.3969283144450566,5646.585912768919,0.2999549301553497,0.02477025161092088,-0.1679419189517239,-0.02477025161092088,0.05271296303707481,-0.01616568103652664
434,0.0,5656.282810847213,0.019594641813937014,0.007031982754932661,0.16617279955421496,-0.006530376022823535,0.08675091399221685,-0.013275089532415707
435,0.0,5674.7340066577635,0.19347545643304703,0.02104761146174702,0.017312963204702027,-0.02104761146174702,0.0659195287559624,-0.0156068461112151
436,0.0,5695.664528799791,0.090360748512483,0.029126750944989267,0.08092440580512258,-0.029126750944989267,0.07042099187071045,-0.01966281756134735
437,1.6333784261280395,5710.42169430799,0.26135307249379447,0.013667679377843972,-0.21922230956592756,-0.013667679377843972,-0.016471998560280955,-0.017864276106296335
438,0.0,5730.976173750993,0.05573161302961,0.021595385708757072,0.22143357817140957,-0.021595385708757072,0.054899674459226194,-0.018983608987034554
439,1.7205480889999998,5750.840060972674,0.22041948373509873,0.021983493726649244,-0.22041948373509873,-0.021983493726649244,-0.027696072999071286,-0.019883574408918962
440,0.0,5765.471732293062,0.013110689906923092,0.009927801649854243,0.15021187637155053,-0.009879573622275942,0.025676311812115264,-0.016882374172926054
441,0.6271209969661977,5793.251892512164,0.22072725106988403,0.036459844856635414,-0.10448655271551753,-0.036459844856635414,-0.013372547546174573,-0.022755615378038864
442,1.9105314975127543,5817.154313581399,0.2676454817407714,0.03126275349002184,-0.22220771390550123,-0.03126275349002184,-0.07602309745397257,-0.025307756811633754
443,1.8612339968062415,5839.997507032554,0.30232245682428044,0.02283173047062995,-0.184294598379551,-0.02283173047062995,-0.1085045477316461,-0.024564948909332612
444,3.411663231949552,5869.764946458074,0.3556555068065356,0.034629712586492965,-0.2818324290104003,-0.034629712586492965,-0.16050291211527234,-0.027584378012480718
445,0.0,5892.708372495425,0.10752655842344042,0.021060966713406407,0.1720453376800986,-0.021060966713406407,-0.060738437176661046,-0.025627354622758423
446,2.812193412232105,5919.733677168441,0.1790871080310235,0.026501184529835135,-0.11711246506234252,-0.026501184529835135,-0.07765064554236548,-0.025889503594881437
447,1.775760910098254,5949.079081315208,0.2421321742462126,0.03336236825726995,0.01776654690554571,-0.03336236825726995,-0.049025487807992124,-0.02813136299359799
448,1.8655657994589043,5971.9012085299155,0.0828492399545001,0.01940572532790731,0.03392227343378351,-0.01940572532790731,-0.024141159435459428,-0.025513671693890783
449,4.706815980885752,6001.760283566887,0.24976312754540111,0.03183983355478069,-0.22399222371510075,-0.03183983355478069,-0.08409647871935182,-0.027411520252157755
450,2.513144933728708,6026.0218621849735,0.13988473931941334,0.022826067429371582,0.022119755438409477,-0.022826067429371582,-0.052231608472023426,-0.0260358844053219
451,3.6413260165062784,6052.68312237938,0.12501370809070814,0.025905796625457656,-0.0589364926848085,-0.025905796625457656,-0.054243073735858946,-0.02599685807136263
452,0.0,6069.690089872169,0.010979012438631227,0.008418006956264967,0.4136205940112361,-0.007227266934794037,0.08611602658826956,-0.020365980730392048
453,1.4787514181481558,6092.243699547089,0.14376936379194044,0.019058043801315268,0.17944101060734047,-0.019058043801315268,0.11411352179399083,-0.019973599651669012
454,3.343449759452816,6116.444185133448,0.29674913511358436,0.02837088172526946,-0.05115586583758843,-0.02837088172526946,0.06453270550451705,-0.022492784273749143
455,3.42646765559261,6134.258116471705,0.18304828282306335,0.015369324639474137,-0.09215318315255186,-0.015369324639474137,0.017526938907396372,-0.02035574638346664
456,3.4796061745738833,6160.376557966457,0.37260666477075,0.03013528006293335,-0.10779852570653435,-0.03013528006293335,-0.02007070047678284,-0.02328960648730665
457,0.9087333657416079,6179.761134965635,0.14907491874053685,0.01821023266187188,0.14481361634337994,-0.01821023266187188,0.029394594569266,-0.02176579433967622
458,4.445932592942622,6203.502795989188,0.3694645138649736,0.024294878943969894,-0.20370443627798382,-0.024294878943969894,-0.040535114684908946,-0.02252451972096432
459,4.99038812008293,6230.923636795072,0.2525213419221879,0.03351552758672411,-0.23958489421539814,-0.03351552758672411,-0.1002500485440557,-0.025821822080692253
460,3.839186748963632,6254.239496307158,0.23410563220258346,0.024035756687480342,-0.08505211831920748,-0.024035756687480342,-0.09569066947660122,-0.025286002462728677
461,3.5117252750149257,6277.904021473903,0.16789050203331138,0.021349779327385243,-0.008081212522498922,-0.021349779327385243,-0.06940783239037053,-0.024105135522125645
462,3.911985938745466,6301.556949714617,0.18939215700041212,0.021932967289387238,-0.01189836330683913,-0.021932967289387238,-0.05215499166531111,-0.023453485052304122
463,2.0075331681538233,6319.712080850636,0.09963611638039958,0.01173841208446695,0.1951353651960874,-0.011736445153979992,0.02203211539310844,-0.01993837308280688
464,7.089006046397465,6352.064681628832,0.31143204819294557,0.04213977247997343,-0.29577319686867215,-0.04213977247997343,-0.07330947828542574,-0.026598792901956846
465,1.7980108251585412,6368.415986102391,0.02088509174570653,0.012187795987742946,0.2385003094005456,-0.012187795987742946,0.020233458020365656,-0.022275493827692675
466,0.6559126309701053,6388.473700127316,0.09626463286229306,0.013153406477937273,0.3420910115185935,-0.013151682702901365,0.11679072406983401,-0.019538350490255284
467,2.7868937078226192,6410.3621238046435,0.08492146700755868,0.021583145320159442,0.08812376731126494,-0.021583145320159442,0.10819063704226328,-0.02015178893922653
468,3.437754698167641,6432.5094782574915,0.08844854592376453,0.02494821547694805,-0.025791872600175424,-0.02494821547694805,0.06799588414953167,-0.021590716900542983
469,1.2648649033085684,6454.347922457032,0.08715015156621436,0.023605698733161536,0.14685698432030542,-0.023605698733161536,0.09165421420076378,-0.022195211450328548
470,4.6215196945272385,6483.497474933118,0.2401670102743132,0.037313103743347675,-0.21534270112701584,-0.037313103743347675,-0.0004448603975701071,-0.026730579138234282
471,2.4383052976786175,6506.130570696685,0.19571707029006294,0.02291849678258237,-0.011591352409177342,-0.02291849678258237,-0.0037888080010522775,-0.02558695443153871
472,0.22557958227856356,6525.009600372748,0.13491745096780375,0.010420835454820398,0.23278086147816993,-0.010420835454820398,0.06718209284271438,-0.021037118738523215
473,5.119602531151143,6555.20799522692,0.2813726941229721,0.035383698465900226,-0.26192846829937944,-0.035383698465900226,-0.03155107549991377,-0.025341092656736317
474,2.855000270170127,6582.103062025304,0.3597731326199054,0.03306184494997502,-0.035929320269925055,-0.03306184494997502,-0.032864548930917156,-0.02765731834470793
475,3.0729678771531246,6604.0695133736735,0.18758566401916066,0.018214080527308062,-0.041100901131250124,-0.018214080527308062,-0.03533545459101704,-0.024824346999487965
476,0.4130211326994009,6626.642193632984,0.13746052782547072,0.01718236280617972,0.22893610501910788,-0.01718236280617972,0.04394601329202043,-0.022531751741495493
477,0.5723494313694613,6642.638531127283,0.06634253079559223,0.006697068377015564,0.19661061633447513,-0.0065281853327626505,0.08974539420475683,-0.01773068181887564
478,3.270062557559507,6662.510704845127,0.1971468546038447,0.017191008772329472,-0.10086942240433068,-0.017191008772329472,0.032560949222030566,-0.017568779904911788
479,0.0,6671.8754178222225,0.0074693933296836774,0.003462465203564599,0.3185626384802339,-0.0003083259782489831,0.11836145599949158,-0.012390643726912945
480,0.9068059362282325,6690.503688065069,0.11688821205346196,0.019991807116356525,0.11006009246409683,-0.019991807116356525,0.11587104693887314,-0.014670992743746017
481,0.6947312416891804,6702.50327755852,0.07873723252107097,0.011480932864834134,0.07496240249403745,-0.011480932864834134,0.10359845360542243,-0.013713974780072451
482,1.4640681101213326,6721.01323735787,0.287323057583045,0.022708716524741615,-0.048224781613199624,-0.022708716524741615,0.0580514830398358,-0.0164123973034732
483,4.30745928323126,6741.64072878551,0.35613538569872283,0.02800470019069667,-0.348836407669571,-0.02800470019069667,-0.06401488417298626,-0.01989008816964024
484,0.9230609888669176,6757.212833212278,0.16414726487656053,0.01451688335758238,-0.0018421665626318002,-0.01451688335758238,-0.04536306888987991,-0.01827812672602288
485,0.0,6773.370184897695,0.0069040526787201885,0.012561230349314024,0.4848718648871935,-0.01218071888766224,0.1137074112432421,-0.016448904374514687
486,0.0,6789.224049011324,0.07822186554341472,0.01330379721484411,0.2371395439217876,-0.01330379721484411,0.15073705104680574,-0.015505372226613513
487,0.4802084130599831,6803.463807682382,0.06898123055404036,0.011885831331813021,0.14280897973582407,-0.011885831331813021,0.14835862965351124,-0.014419509958173364
488,0.0,6813.937418087658,0.029176574754294558,0.006430029768124615,0.401050672138388,-0.005067779360010578,0.22416624239897426,-0.011613990778724527
489,0.32928516220272364,6826.963898640513,0.2781500571359601,0.011690637452331516,0.1922134259875945,-0.011634261996237337,0.21458039747556032,-0.01162007214397837
490,1.8129905527672125,6840.096167141582,0.16415858856508272,0.014776815976721524,-0.051729459765167095,-0.014776815976721524,0.13468744030334207,-0.012567095293801315
491,0.345786293497945,6855.320627808387,0.1457353761644079,0.019089755601958882,0.07578525474376557,-0.019089755601958882,0.1170167846354691,-0.014523893386248585
492,2.472976615126624,6866.186071037902,0.24825806396356684,0.009244507077664589,-0.1833680378886117,-0.0089404535726885,0.026901337878244863,-0.01284886144218056
493,0.0,6883.4736689655,0.20713019632252772,0.020351404178393304,0.09204228623876087,-0.020351404178393304,0.046443622386399666,-0.015099624263044382
494,2.5310116421369524,6908.621335629841,0.26628011305918187,0.03837759053748037,-0.20506597098633433,-0.03837759053748037,-0.029009255625420532,-0.022083014145375175
495,1.2041652266526226,6923.38815119445,0.0956217149834195,0.014115298229539993,-0.06847870864295125,-0.014115298229539993,-0.04085009153067974,-0.01969269937062462
496,0.0,6941.01639145234,0.17387815982246446,0.012901831662062217,0.19717317207750196,-0.012901831662062217,0.030556887551774766,-0.017655439058055895
497,0.0,6957.983033120575,0.08741343462963456,0.01409829833700374,0.1826732302951851,-0.01409829833700374,0.07619179037479785,-0.01658829684174025
498,1.1016233612941937,6975.470742114001,0.1176097847519165,0.017445045299830108,-0.034250818546576293,-0.01735046568242215,0.04305900769838561,-0.016816947493944818
499,2.9888078715590822,6996.075595859627,0.2523743291913729,0.02494659661432957,-0.2360647176032451,-0.02494659661432957,-0.0406781098921036,-0.019255842230060244
500,3.551025349780688,7019.676672360378,0.27747836336385273,0.030848928977450542,-0.2742261926086102,-0.030848928977450542,-0.11074253470705557,-0.022733768254277333
501,1.6074516711338067,7039.399869884864,0.14560525751428902,0.020084585509103643,-0.0397257983443546,-0.020084585509103643,-0.08943751379824527,-0.021939013430725227
502,0.8754857784458845,7060.345944827532,0.17496716339656984,0.019042521972741665,0.07358905614455526,-0.019042521972741665,-0.040529542815405106,-0.021070065993330157
503,1.6136893107518542,7080.939291293366,0.24412449054949384,0.019171746730426913,0.024912691121933978,-0.019171746730426913,-0.020896872634203378,-0.020500570214459182
504,2.9471440760743444,7104.110321030541,0.25826037258593976,0.025470802783791862,-0.09119722002672054,-0.025470802783791862,-0.04198697685195853,-0.021991639985258986
505,0.0,7117.118643928041,0.058448634740646384,0.0048391235179969265,0.4308075517751521,-0.004829593730346744,0.09985138173617468,-0.01684302610878531
506,2.0350032083071956,7134.251141482855,0.15426643720055952,0.012183793092034313,0.021417054183958527,-0.012082952166682686,0.07632108347050984,-0.015415003926154521
507,2.3508597455885116,7152.863030520831,0.2269868892135283,0.02058765813554149,-0.04612838427001264,-0.02058765813554149,0.039586243148353094,-0.01696680018897061
508,2.5229403939624837,7174.135412878815,0.15696758854366863,0.027553217481516862,-0.08311688753447131,-0.027553217481516862,0.00277530394350577,-0.020142725376734484
509,4.0567455766551035,7192.23562057559,0.24070158865634206,0.01919573561407395,-0.23226804677376395,-0.01919573561407395,-0.06773770127167515,-0.019858628447936323
510,1.7368022732293547,7211.531676559869,0.10085859970377793,0.018390668181151884,0.0175772205763822,-0.018390668181151884,-0.04214322471725795,-0.01941824036790099
511,0.04683100062879397,7230.250507846593,0.20806321362370303,0.017502974323493244,0.1998138524301021,-0.017502400532081568,0.030443898426950066,-0.018843488417155163
512,1.1450751195887783,7250.6720152184835,0.12539105301752165,0.021532327957493463,0.08417860961842298,-0.021532327957493463,0.04656431178439194,-0.019650140279256652
513,1.9455310504979215,7272.382608780574,0.28563310585261925,0.02478301364151722,-0.01346113163418481,-0.02478301364151722,0.028556678758818912,-0.02119000228793482
514,2.661617634185383,7298.52561763129,0.30618308489585516,0.03311278888610033,-0.09611577868126504,-0.03311278888610033,-0.008845058473206276,-0.024766838267384475
515,2.295789614389372,7318.2002283323045,0.2165284398050598,0.017883901649376113,-0.058844117391167,-0.017883901649376113,-0.023844776148594492,-0.022701957281981967
516,4.0293076169745135,7338.497573872431,0.23205490135999748,0.015541431793320909,-0.21330068697972543,-0.015541431793320909,-0.08068154939793377,-0.02055379963538365
517,4.168057950189707,7361.179468323488,0.3180635782945521,0.022749666286164878,-0.19080173201307724,-0.022749666286164878,-0.11371760418247681,-0.021212559630618015
518,3.364591592398188,7387.129885182185,0.11030997646146136,0.031769303850818414,-0.06170303188815996,-0.031769303850818414,-0.09811323249418176,-0.02437958289667813
519,0.0,7399.948869101202,0.006087655259217777,0.0060930601059531716,0.4415843610423496,-0.0035939842620327967,0.06379604556677765,-0.01814390330628453
520,5.6839643688659915,7426.140098134342,0.3480798656989576,0.02841366566390648,-0.22742205942361393,-0.02841366566390648,-0.02356938593033983,-0.021224832013571112
521,0.6467748892549801,7440.998311504067,0.06569193412533915,0.01117034390897941,0.25937353043487665,-0.01117034390897941,0.06131348897922511,-0.0182084855821936
522,2.8610967737717643,7462.394587261301,0.18529597265065356,0.02170768758084325,0.023330874057912163,-0.02170768758084325,0.04991870450283122,-0.019258246181788494
523,2.8978421785632147,7486.58494911979,0.23244586095260417,0.030626987799491644,-0.004482108755783389,-0.030626987799491644,0.033598460525246836,-0.02266886866709944
524,2.1013855632626495,7507.12980734142,0.11000035609297856,0.02179657866123787,0.05459448083331552,-0.02179657866123787,0.03989726661766744,-0.022407181665340968
525,1.8026742602831904,7523.5369107046245,0.176598129190822,0.009656865171917352,0.06434442111306146,-0.009634427909056602,0.04723141296628564,-0.018575355538455657
526,0.1019854985080173,7538.860572325522,0.15070468903231002,0.007809507661371535,0.2565694596874666,-0.007809507661371535,0.11003282698263991,-0.015345601175330419
527,3.7055614200102127,7558.952886256462,0.23613494028201526,0.021870258621260782,-0.1360342878751256,-0.021870258621260782,0.036212692525310265,-0.017302998409109527
528,0.3095463393212481,7574.9678923038255,0.14864004691216307,0.016658636440658976,0.20849177244261285,-0.016658636440658976,0.08789641650050103,-0.017109689818574362
529,0.0,7584.585123466416,0.045585222241037844,0.0026196562672791673,0.2743916547367838,-0.0012990378367999588,0.14384498797138584,-0.01236649422404204
530,2.378719610722052,7604.6477638349825,0.11152326994295814,0.023459303280829822,-0.025302437669793888,-0.023459303280829822,0.09310076027903191,-0.015694336941078375
531,3.9398375185726,7619.424362965628,0.24746771091138925,0.0172488859995897,-0.22073042082140196,-0.0172488859995897,-0.0010485940510982505,-0.016160701658631774
532,4.701931043225702,7634.731312607975,0.31809232350342,0.0148678482054901,-0.2972947285892759,-0.0148678482054901,-0.08992243441255154,-0.015772845622689272
533,5.115335044397952,7660.242820902658,0.3583149054378597,0.03565770948523453,-0.29807841899786824,-0.03565770948523453,-0.15236922978814654,-0.021738304781452847
534,0.3364652913883144,7675.296574900058,0.03986802994889534,0.014026177271721608,0.22663515283666255,-0.014026177271721608,-0.03866791500070382,-0.019424666528533474
535,3.692644235051635,7701.221364548991,0.15874241762586558,0.030556549849241776,-0.0691732958553451,-0.030556549849241776,-0.047819529257096205,-0.022764231524745965
536,2.5448250076191874,7720.524127786311,0.1635822311343978,0.019031552796995973,0.06247823429605795,-0.019031552796995973,-0.014730200191149956,-0.021644427906420967
537,3.1689991259685195,7743.244505284295,0.17598212497564839,0.022719527453088608,0.011623143547428527,-0.022719527453088608,-0.006824197069576411,-0.021966957770421257
538,2.963980022692308,7767.794028334939,0.26492327144020344,0.02768327071255228,0.034774866422179,-0.02768327071255228,0.005655521977950212,-0.02368185165306056
539,2.9154851301428337,7785.2406961411725,0.07785658350751637,0.012478233099921668,0.0372945942491777,-0.012478233099921668,0.015147243659318459,-0.020320766087118892
540,4.11767522166446,7809.624505201939,0.2675633728209967,0.02528430815102866,-0.08396068660582559,-0.02528430815102866,-0.014585135420224757,-0.02180982870629182
541,1.5671713107379441,7830.109957043869,0.08477959271469827,0.02060181713384205,0.16447392277397138,-0.02060181713384205,0.03913258203803409,-0.021447425234556887
542,4.8353526120831845,7852.50632997504,0.2852665449717569,0.02304689598611261,-0.1628580155885316,-0.02304689598611261,-0.021464597249935623,-0.021927266460023603
543,3.7133771655269947,7869.469688335004,0.19460256565394418,0.012094366814905132,-0.04866755433501895,-0.01208562586142808,-0.02962548437546062,-0.018974774280444945
544,2.267508239334379,7883.26922879704,0.06819262199499204,0.0053036795222812915,0.10275300799899596,-0.005117524471699244,0.010088063336876354,-0.014817599337821234
545,2.654349746214455,7904.164945998814,0.2346491385188492,0.02314995432248741,0.06299824136011131,-0.02314995432248741,0.02596111674384684,-0.017317305833221084
546,0.08550672538930959,7916.734368384333,0.0,0.010549652183971773,0.29604338077053,-0.010029742916549136,0.10698579595185179,-0.015131036958219499
547,2.27053750637906,7940.236582007764,0.1613141563101647,0.030293624932616666,0.040857912090053156,-0.030293624932616666,0.08714743079331219,-0.01967981335053865
548,0.4530472031482642,7953.664121073339,0.08424704539910087,0.011703528892966454,0.17150876606004983,-0.0113925506655304,0.11245583137333348,-0.017193634545036175
549,0.17579290760492128,7966.925281476792,0.04644714447013328,0.006828872744952527,0.2135629769337641,-0.006411210494342051,0.14278797504146265,-0.013958907329827937
550,2.0551106431839887,7984.817341525779,0.25793925857132505,0.018783467978899637,-0.03196955058550412,-0.018783467978899637,0.09036071735337262,-0.015406275524549446
551,2.557462121136692,8003.720715973904,0.20022136798062468,0.024199573484833852,-0.12533799759156236,-0.024199573484833852,0.025651102869892126,-0.018044264912634767
552,0.0,8017.692078538954,0.04792103084594511,0.012306957301088111,0.22481392088663285,-0.012306957301088111,0.08539994827491434,-0.01632307262917077
553,1.2457802267888973,8032.248678537622,0.14110900296192538,0.010850012687017607,-0.012866950404980934,-0.010850012687017607,0.05591987867094576,-0.01468115464652482
554,6.11441860800424,8062.590635132271,0.5045791227261291,0.04559749413985856,-0.5045791227261291,-0.04559749413985856,-0.11222982174817672,-0.023956056494524938
555,5.0498553969815925,8086.639578873293,0.3577683385470096,0.03381092768306115,-0.35775650657813196,-0.03381092768306115,-0.1858878271971633,-0.026912517851085803
556,2.450300202701885,8112.206744260598,0.20531826038207765,0.027189347464625733,-0.02516933252660529,-0.027189347464625733,-0.1376722787959959,-0.02699556673514778
557,0.8874906780324392,8135.283760251295,0.1313690303215657,0.018918428605107472,0.1915238763162527,-0.018918428605107472,-0.038913432262321315,-0.024572425296135687
558,0.40630584516622736,8149.831001310265,0.07393421443992669,0.0023468185950034893,0.2605840113109818,-0.0011625191364030055,0.05093580080966961,-0.01754945344821588
559,3.1646876853753687,8176.226490330071,0.20403168852089257,0.0286630985474453,-0.022095629424398563,-0.0286630985474453,0.029026371739449157,-0.020883546977984703
560,2.366533687272898,8198.174725514038,0.10131518958826564,0.026574661500623757,0.03905364913465992,-0.026574661500623757,0.032034554958012385,-0.02259088133477642
561,0.2987431165719967,8216.734278966487,0.18887503282895513,0.016115489696157503,0.22087478127943339,-0.01597075486825299,0.08868662285443868,-0.020604843394819387
562,4.0575762871313374,8241.55268440738,0.2482535034827875,0.027314308136682144,-0.17664333785231146,-0.027314308136682144,0.009087634642413633,-0.022617682817378214
563,3.3847844576753494,8265.526178771683,0.1438198727428446,0.027538997938637684,-0.12068579860108224,-0.027538997938637684,-0.029844395330635126,-0.024094077353756054
564,3.483554189571316,8286.69807428065,0.24799665852471747,0.0195441094858345,-0.11773472909911221,-0.0195441094858345,-0.05621149546117825,-0.02272908699337959
565,0.06834289827862694,8303.936656332799,0.1327443292963836,0.011699110745364692,0.23303529171358386,-0.00986867007375598,0.030562540691250382,-0.018870961917492504
566,0.35367812635221596,8320.567926389826,0.06649055186667145,0.01029844861956314,0.23989761577315338,-0.01018605692080902,0.09336306321582127,-0.016265490418487457
567,0.6889632026513407,8332.10112080941,0.06760423488691393,0.00454448546933853,0.1664976032859205,-0.0036925076093064584,0.11530342523685103,-0.012493595575733157
568,0.7006541924179741,8352.405876213359,0.12851075498120357,0.024837788089983465,0.11152256186302774,-0.024837788089983465,0.11416916622470404,-0.016196853330008247
569,0.12926754323576878,8365.012181505634,0.07489956414026194,0.012574105078761801,0.17450585221120743,-0.012574105078761801,0.13227017202065505,-0.015110028854634312
570,1.7043769373074515,8384.951707644257,0.1282288759376009,0.024039372701095248,-0.037628409815171855,-0.024039372701095248,0.08130059746990698,-0.01778883200857259
571,2.801851389256048,8405.93093113999,0.2398354916075402,0.027225900892177166,-0.18329147901264856,-0.027225900892177166,0.001922974525140314,-0.020619952673653963
572,0.0,8421.578408159756,0.11426729659728213,0.013209712420844306,0.10495825204200517,-0.013209712420844306,0.032833557780199765,-0.018396880597811065
573,0.0,8439.317626988332,0.04609996475530964,0.014711051832903837,0.16103162935360985,-0.014711051832903837,0.07129297925222279,-0.017291131968338896
574,3.4305944361644554,8459.977884037993,0.33638865408374014,0.023158321065394328,-0.2445640245976915,-0.023158321065394328,-0.023464121902751503,-0.019051288697455523
575,4.01288639840504,8483.142133500362,0.3358119851637169,0.029453453550518482,-0.29335925348381664,-0.029453453550518482,-0.10443266137707105,-0.022171938153374413
576,1.3728331243787708,8503.414993495482,0.21898241935211457,0.021466201840259002,0.003948585675656077,-0.021466201840259002,-0.0719182872612529,-0.02196021725943979
577,2.4028362479926737,8524.089358461335,0.28522059577418407,0.01906081571661699,-0.05835184291955624,-0.01906081571661699,-0.0678483539587439,-0.02109039679659295
578,2.8784958382735875,8549.356476239196,0.10221387702967821,0.02888583585877179,-0.07115020995155048,-0.02888583585877179,-0.06883891075658588,-0.0234290285152466
579,2.940661156735639,8570.288395296813,0.1952273524236541,0.020662791852109744,-0.044337452149459375,-0.020662791852109744,-0.06148847317444792,-0.02259915751630554
580,0.0,8582.892618490385,5.791934855442405e-05,0.0034919861702177955,0.5450248817115317,-0.0009119287200479554,0.12046553329134597,-0.016092988877428265
581,6.043462209964952,8608.7453361471,0.39031311589554646,0.029648498168777036,-0.30154759170499335,-0.029648498168777036,-0.006138404207555834,-0.020159641664832896
582,2.0676184769352974,8623.046144361046,0.08731839036371901,0.012193206405588599,0.07399848308719546,-0.012189835295698467,0.017902661980869553,-0.017768699754092565
583,4.304282134565851,8651.659052853785,0.18797787838021393,0.03787023680258362,-0.14639736781191773,-0.03787023680258362,-0.03138734695696663,-0.023799160868639882
584,0.0,8664.554381058995,0.01496104728476874,0.007677097308377417,0.3790332036590906,-0.007364573147482577,0.09173881822785053,-0.01886878455229269
585,4.59695967423081,8689.159864478446,0.3127781196539365,0.02568443186267506,-0.15580905607445453,-0.02568443186267506,0.017474455937159017,-0.0209134787454074
586,1.1873001914267933,8708.164767526867,0.0836521327392826,0.01906716916117912,0.15706285078010512,-0.01906716916117912,0.059350974390042846,-0.020359585870138915
587,2.21388203088196,8726.975302597699,0.15616597208855296,0.016555424959847714,0.033024902953539464,-0.016555424959847714,0.05145315295909183,-0.019218337597051553
588,1.094716374645484,8742.915516358422,0.07733776868931441,0.01122690765924143,0.11473452016549585,-0.011200112653565497,0.07043756312101303,-0.016812870114005736
589,0.4594631531669313,8758.416050187441,0.047101952529708356,0.012445076126229552,0.19375572706841107,-0.011573140892114251,0.10743301230523244,-0.015240951347438289
590,0.0,8770.25135831953,0.031387128630005603,0.008944851768596808,0.3888104187999273,-0.006508445933621505,0.1918462342536409,-0.012621199723293253
591,0.4187685566398345,8780.469910337399,0.048077282314993225,0.007338115318459892,0.1522541909319586,-0.004886775728504782,0.1799686212571362,-0.010300872524856711
592,1.0355988572552173,8791.984676232334,0.09346317383955516,0.010412809547482934,0.007243503941547531,-0.010412809547482934,0.1281510860624596,-0.010334453631644577
593,0.5047521110260648,8800.495189455269,0.07683637056830707,0.007539298306311698,0.043196460102708244,-0.006569558099735466,0.10266469827453417,-0.009204984972071843
594,0.0,8813.996420954982,0.19428590979479712,0.016978968717604834,0.1618206577576888,-0.016978968717604834,0.12041148611948055,-0.01153718009573174
595,1.4762357207576904,8831.062599772753,0.3136244260960442,0.025485297353792367,-0.09858229238069996,-0.025485297353792367,0.05471335256942639,-0.015721615273149928
596,1.5028754815518952,8843.697286571192,0.19849393674011817,0.013656033772501184,-0.1303018724203537,-0.01364930092731042,-0.0007912149275076386,-0.015099920969398075
597,0.0,8856.2444201468,0.08478572643454887,0.009733502703614318,0.14983452078102916,-0.009134015665928459,0.04439650578505339,-0.01331014937835719
598,0.0,8872.271804312839,0.14265902126925417,0.017106709778691994,0.05791741124906226,-0.017106709778691994,0.04845277742425605,-0.01444911749845763
599,0.0,8883.798783894565,5.966708904422331e-05,0.011389115023235405,0.24527102673099127,-0.00954775529703452,0.10749825221627661,-0.012978708838030697
600,0.0,8896.241117259586,0.081943033356793,0.010329584247985045,0.06595376337300007,-0.010329584247985045,0.09503490556329365,-0.012183971461017
601,0.0,8904.099830628495,0.0,0.002997839454410441,0.24441446054307997,-0.0023451656680679193,0.13984877205722954,-0.009232329723132275
602,0.0,8917.50369592348,0.17322183448969516,0.014848402020865873,0.11670223664856062,-0.014848402020865873,0.13290481143462884,-0.010917151412452353
603,0.09051669912269611,8932.117380086876,0.23605062308251462,0.020373283903293075,0.00830865962720239,-0.020373283903293075,0.0955259658924009,-0.01375399115970457
604,0.4925700981624661,8947.831115010362,0.1949395362222553,0.02079183207096759,-0.07725064049402511,-0.02079183207096759,0.04369298397647309,-0.015865343433083476
605,0.0,8963.892723859482,0.1682103050713361,0.01847355500126419,0.03805684426372072,-0.01847355500126419,0.04200214206264737,-0.01664780690353769
606,0.0,8985.203030662475,0.2552547407271933,0.027176414475790587,0.030654474122913233,-0.027176414475790587,0.03859784168072713,-0.01980638917521356
607,1.986756254086634,9006.399942843249,0.3130969983897458,0.025993501969796565,-0.24307112981901277,-0.025993501969796565,-0.045902849769194835,-0.02166252301358846
608,0.0,9025.90893718237,0.2914560508760622,0.019109477690086512,-0.024741499703258656,-0.019109477690086512,-0.039554444749413976,-0.020896609416537874
609,1.4749994923560998,9047.712871636917,0.18770774617275335,0.021989043248798662,-0.15735997828486917,-0.021989043248798662,-0.07489610481005053,-0.02122433956621611
610,0.0,9070.850047270073,0.17502003713866454,0.025550800278256663,0.026971384061609496,-0.025550800278256663,-0.04433585814855252,-0.022522277779828275
611,0.0,9092.102470768641,0.15259021607133239,0.021228766999714932,0.11970940330957418,-0.021228766999714932,0.0048777202888854905,-0.022134224545794272
612,0.0027003743108059974,9111.824449885875,0.15322421457518554,0.01682307205290374,0.04175192793965071,-0.016704491117507138,0.015939982584115057,-0.02050530451730813
613,0.23266767823187753,9140.528827536078,0.2568342686146795,0.03588991518116627,0.012786586444980992,-0.03588991518116627,0.014993963742374836,-0.02512068771646557
614,1.8319880745173023,9167.301362847433,0.2580488400196268,0.033369727704937874,-0.14671467302341606,-0.033369727704937874,-0.033518627287362435,-0.02759539971300726
615,1.4969480405031244,9191.431853493712,0.32796430583057706,0.0229546641537218,-0.10115497064854737,-0.0229546641537218,-0.05380953029571791,-0.026203179045221618
616,0.0,9209.358884658988,0.13568844331102617,0.008270829208439618,0.2778094384230914,-0.007510974433062711,0.04567616031992489,-0.020595517661573942
617,0.0,9228.435376366362,0.0040950671184926445,0.011690810955028,0.3980723797148853,-0.011589566315688915,0.151395026138413,-0.017893732257808433
618,0.0,9247.503497725455,0.047190656402726246,0.017526016423231778,0.18349386440444312,-0.017526016423231778,0.16102467761822203,-0.017783417507435437
619,1.5581724522635416,9267.734421090885,0.2378107524099561,0.022767476846620543,-0.07209831425131259,-0.022767476846620543,0.09108778005736164,-0.019278635309190967
620,1.6675755675993407,9286.477228584401,0.1838628297395701,0.019719845903363075,-0.12922312038493527,-0.019719845903363075,0.024994509924672566,-0.0194109984874426
621,0.0,9302.955778346968,0.12402276024185485,0.013439608621295484,0.14007235539151583,-0.013439608621295484,0.05951786356472554,-0.017619581527598464
622,0.0,9323.616290579976,0.19509479870122237,0.022088794497362913,0.14491623540001208,-0.022088794497362913,0.0851373751153115,-0.018960345418527796
623,2.6577325936833467,9346.588646368251,0.32959354329753915,0.028715329408556763,-0.23570928973525843,-0.028715329408556763,-0.011116624339859486,-0.021886840615536484
624,0.0,9368.811532008729,0.07368628811157793,0.025635366914381487,0.024270693752892307,-0.025635366914381487,-0.0005004289120339482,-0.023011398505189982
625,0.01511894914203435,9383.987079005508,0.13650945631219114,0.00790833830953617,0.02013121837497488,-0.007858122331053785,0.0056890652740687,-0.018465415652949124
626,0.0,9399.499132920797,0.018436442864751653,0.007758872534701414,0.3361165247661663,-0.007577179895072892,0.10481730312169799,-0.015198944925586252
627,0.0,9414.855820061177,0.025058440792984093,0.012144868250947571,0.20045679869361965,-0.01212500086540615,0.1335091517932745,-0.014276761707532221
628,0.38232900003581505,9428.144081382561,0.2462136897391825,0.011256778384249341,0.038889915255803,-0.011256778384249341,0.10512338083203304,-0.013370766710547356
629,0.0,9440.170254565825,0.008677920950077788,0.00989666068885944,0.2393038601311432,-0.009625785406847205,0.14537752462176606,-0.01224727231943731
630,0.9597265855381825,9460.62962025258,0.1709344572758272,0.02818549351060745,-0.06559392314879571,-0.02818549351060745,0.08208609029059752,-0.01702873867678835
631,1.4330435822111582,9477.55102814778,0.31898718362514616,0.021785827004053487,-0.1527742246051336,-0.021785827004053487,0.011627995821878179,-0.01845586517496789
632,0.0,9495.7435160869,0.12697564032793623,0.01939398661411718,0.2481378061929256,-0.019393752702554463,0.0825809389331924,-0.01873723143324386
633,0.0,9514.54799467266,0.02520544021310159,0.019170419520020493,0.18972921441339993,-0.019170419520020493,0.11472542157725465,-0.01886718785927685
634,0.0,9524.417250476656,0.0013446546860962634,0.0014174979164544412,0.26146764196980987,-0.0002568673545583015,0.1587480876950212,-0.013284091707861287
635,2.1229164087704326,9547.822122185778,0.3007287154062052,0.02855332488610103,-0.2203629681257482,-0.02855332488610103,0.04501477094879036,-0.01786486166133321
636,0.0,9557.99912761842,0.05327780541480046,0.00662506604519553,0.31989792244793563,-0.006620129886422027,0.12747971639853395,-0.014491442128859855
637,0.16742313062470981,9575.498638803927,0.15824360335803855,0.017408070296592807,-0.05705008833969799,-0.01724427398388384,0.07212077497706436,-0.015317291685367052
638,0.0,9587.053407163507,0.07970028328815201,0.008585294565335041,0.12032131792991412,-0.008338961378004453,0.08658093786291929,-0.01322379259315827
639,0.0,9598.854721148844,0.0001609304584119959,0.008207486672770608,0.3130063256761084,-0.008079567272480227,0.15450855420687604,-0.011680524996954857
640,0.01205173852129593,9619.094069904513,0.1931016004937692,0.027903837414894803,-0.07530895156614914,-0.027903837414894803,0.08556330247496849,-0.01654751872233684
641,0.4450733550839432,9641.152601699318,0.26680852584521264,0.033098581087254574,-0.1605766424998104,-0.033098581087254574,0.011721318982534819,-0.021512837431812162
642,0.0,9658.314248469655,0.15235358977594649,0.017651333206473902,0.14687001965048724,-0.017620063876109874,0.05226592918292054,-0.020345005365101476
643,0.0,9682.171528663313,0.19942526799279714,0.026445752855103904,-0.07719225846861523,-0.026445752855103904,0.013428472887459807,-0.022175229612102203
644,0.0,9694.678303793089,0.039763879460872405,0.004204668856357682,0.36663613247280136,-0.003939099697879108,0.11939077076306226,-0.016704390637835274
645,0.19641637806904777,9716.06173290027,0.2983187036273156,0.020753596850779203,-0.14086577428588012,-0.020753596850779203,0.04131380724837954,-0.017919152501718452
646,1.6535130721536773,9740.761705053459,0.3946215372216418,0.03331123705049291,-0.30302808019862953,-0.03331123705049291,-0.06198875898572319,-0.02253677786635079
647,1.030937956515612,9760.465713615857,0.3830198880786447,0.021445201571279902,-0.2191359252034267,-0.021445201571279902,-0.10913290885103423,-0.022209304977829525
648,0.0,9784.497423296034,0.18313962012157872,0.025664863848841837,-0.003980302709214516,-0.025664863848841837,-0.07758712700848831,-0.02324597263913322
649,0.0,9795.97849286783,0.0004242456595764193,0.005358505605133759,0.19716326645333893,0.0001843799372961308,0.004837991030059857,-0.016216866866204414
650,0.0,9810.958197240405,0.07196379286775925,0.006595713237483973,0.24011410878900769,-0.00631745982434277,0.0754208263577442,-0.01324704475364592
651,1.8672708903824895,9831.406863276567,0.2076621535917236,0.025156857724970734,-0.20332906443176296,-0.025156857724970734,-0.008204140879107945,-0.016819988645043363
652,0.0,9849.574280050623,0.2762709583442105,0.023348947134025792,-0.019564348046180888,-0.023348947134025792,-0.011612203029229828,-0.018778676191738092
653,0.0,9866.599725782533,0.0,0.017196571258078667,0.5165393777794196,-0.017166412261572075,0.146833271213365,-0.018294997012688285
654,0.16587056423695123,9888.798952912257,0.08021481211384049,0.025924977278334982,0.02390550453647824,-0.025924977278334982,0.10995494121029897,-0.020583991092382292
655,1.5684286218174186,9914.507293118078,0.27587077565589707,0.03364408724506142,-0.1637870600952832,-0.03364408724506142,0.027832340818624318,-0.02450201993818603
656,0.624509029025803,9931.752103513509,0.19488157356902627,0.013464113438491278,-0.09105405166645879,-0.013464113438491278,-0.007833576926900614,-0.021190647988277602
657,0.0,9955.966888791272,0.07946547015923035,0.024041588226881256,0.012023862118538325,-0.024041588226881256,-0.0018763452132689322,-0.022045930059858696
658,2.5641659329775024,9979.147924173221,0.33123215290117397,0.02530165163877943,-0.272574207501392,-0.02530165163877943,-0.08308570389970585,-0.023022646533534915
659,0.0,9997.730920313565,0.1173485176225599,0.014790787874463945,0.13897097366964786,-0.014790787874463945,-0.016468700628899727,-0.02055308893581362
660,0.4163269085019359,10023.089075518508,0.1986041623948458,0.027991187832207474,-0.021306124700365386,-0.027991187832207474,-0.017919927850339426,-0.022784518604731775
661,1.1870617734878675,10038.32171358829,0.264776775565934,0.009391515930103244,-0.0862452522570277,-0.009375840062042451,-0.03841752517234591,-0.018761915041924978
662,0.010815759671664704,10061.38783025314,0.2670207101983503,0.023538789711759427,0.04309616117315601,-0.023538789711759427,-0.013963419268695333,-0.020194977442875312
663,0.0,10083.861698834216,0.10563864551739899,0.026435440648451058,0.22912424248313504,-0.026435440648451058,0.058962879256853784,-0.02206711640454803
664,0.0,10098.943496896809,0.06982972759000469,0.009464514610549455,0.32849325899575305,-0.009464514610549455,0.13982199317852356,-0.01828633586634846
665,2.235352389578995,10122.661585969194,0.25478370775475034,0.02566417531829571,-0.1536276268638363,-0.02566417531829571,0.0517871071658156,-0.020499687701932633
666,2.1809603069413357,10142.129276368938,0.34340255724432106,0.02065526815111029,-0.17730009316838602,-0.02065526815111029,-0.016939052934444886,-0.020546361836685928
667,0.0,10156.749388841148,0.11061984777302714,0.008281841108396134,0.05855334240424386,-0.008248627884389946,0.005708665667161737,-0.01685704165099713
668,0.0,10171.875788699146,0.048327558562388226,0.009774324136023934,0.18525188125595254,-0.009408496055492266,0.059571630343798976,-0.014622477972345671
669,4.558654951405807,10197.658327878084,0.42040308192197107,0.035544934987485205,-0.3953102949020294,-0.035544934987485205,-0.07689294722994953,-0.02089921507688753
670,0.3276083728925455,10214.216241370741,0.20842995771854853,0.018393104593637133,0.03776389803855488,-0.018393104593637133,-0.04249589364939821,-0.02014738193191241
671,3.255655698857444,10239.3891516542,0.2562085588809324,0.029834073138286763,-0.2192236572878862,-0.029834073138286763,-0.09551422274094461,-0.023053389293824715
672,0.6209191534363867,10262.314767939928,0.07327279920164344,0.025814286528947118,0.07466191362449537,-0.025814286528947118,-0.04446138183131261,-0.023881658464361435
673,0.0,10279.03155468945,0.014158758094834425,0.009818430480727489,0.3165920678662392,-0.009817622777753098,0.06385465307795295,-0.019662447758378936
674,0.030022771117437896,10298.13687412296,0.1189355647031096,0.014106752596169107,0.1596988402325869,-0.014106752596169107,0.09260790922434313,-0.017995739209715984
675,1.4816413740950576,10319.995633242313,0.12240710652957378,0.024307542616604182,-0.02128035224609313,-0.024307542616604182,0.05844143078321225,-0.019889280231782443
676,0.18133236898421995,10334.286711353281,0.026945823285969464,0.010357736837821697,0.10801332457016402,-0.010198797711405768,0.07331299891929777,-0.01698213547566944
677,0.0,10353.345032606834,0.016569845743483698,0.018279246725307362,0.2169233626478941,-0.018279246725307362,0.11639610803787667,-0.017371268850560815
678,1.497208446160912,10369.628093318006,0.16483793037900987,0.015509749737243705,-0.04945941191991683,-0.015509515825680989,0.06663945205053862,-0.016812742943096867
679,0.4031167330475776,10382.40601273195,0.12362591005665385,0.007870640567861855,0.020637361876937668,-0.00782506277041943,0.05283882499845833,-0.014116438891293635
680,0.0,10400.590156449514,0.1483878045229812,0.0197821738920654,0.1125629195818742,-0.0197821738920654,0.07075605337348309,-0.015816159391525163
681,0.0,10413.013229685135,0.14405040246665984,0.010518345879209237,0.11973582705325815,-0.010517772087797563,0.08544998547741561,-0.014226643200406883
682,1.1095756594504094,10436.172526465003,0.2504050510370076,0.031180592125205898,-0.0709100461879847,-0.031180592125205898,0.03854197597779552,-0.019312827877846585
683,0.0,10451.516294939142,0.09409263462943071,0.01634206315911624,0.1707662566445014,-0.01634206315911624,0.07820926017780727,-0.018421598462227483
684,0.0,10467.046226588602,0.1173380085369457,0.011468928627695192,0.24728704766762555,-0.011468928627695192,0.12893259642475274,-0.016335797511867794
685,0.0,10482.955254486053,0.1821096688751046,0.01327398482520661,0.20712873934882697,-0.01327398482520661,0.15239143930197502,-0.015417253705869438
686,0.0,10496.92404870931,0.1257851275741073,0.012805969317409313,0.18264735724892348,-0.011442813319180904,0.16146821468605954,-0.014224921589862877
687,0.236260104418741,10514.466920105291,0.1474859172815566,0.01989530439843716,-0.00247054240255494,-0.01989530439843716,0.1122865875594752,-0.01592603643243516
688,1.347214615453431,10536.192393257199,0.22558065729658988,0.02978019089234838,-0.16408751977354138,-0.02978019089234838,0.02937435535957022,-0.020082282770409125
689,0.0,10543.901907113668,0.013653093669837474,0.004095945850549307,0.368280889922627,0.0013648958649084139,0.13104631572848724,-0.013648129179813862
690,0.0,10563.735393001358,0.1928529034722586,0.019832045664352937,0.08102317575305218,-0.019832045664352937,0.11603937373585671,-0.015503304125175584
691,0.0,10582.492531701917,0.09729047607001029,0.024214600058643638,0.09426760065571353,-0.024214600058643638,0.10950784181181375,-0.018116692905216
692,0.0,10598.611272742563,0.13209718558981928,0.016676573166568582,0.1031115302649908,-0.016676573166568582,0.10758894834776686,-0.017684656983621774
693,0.7281365295793429,10621.64462856946,0.309614137548012,0.028377742155454376,-0.11933918744302875,-0.028377742155454376,0.03951050761052817,-0.020892582535171553
694,0.0,10636.079666169582,0.053849336846088426,0.011842362967023557,0.16604649558861778,-0.01078095303668359,0.07747130400395505,-0.01785909368562516
695,0.0,10651.689570804343,0.09141722398876483,0.010234004613866704,0.1951800794154644,-0.010013398944712882,0.11278393662740785,-0.015505385263351476
696,0.0,10672.761007407848,0.11889680591568341,0.02464954594879982,0.09109527397486841,-0.02464954594879982,0.10627733783164602,-0.018248633468985975
697,0.0,10688.152541172998,0.007032885131218528,0.015153892633533924,0.2416859408834819,-0.015153892633533924,0.14689991874719677,-0.01732021121835036
698,0.0,10700.280040040356,0.018244127253688427,0.0066996995228612325,0.1178557677184534,-0.005534953976038653,0.13818667343857374,-0.013784634045656847
699,0.0,10719.922479962515,0.24270183027817854,0.02230722717518636,-0.0067584897518317266,-0.022305503400150455,0.0947031244814521,-0.01634089485200493
700,1.5146714585680914,10737.140545926959,0.22109907329651413,0.020831106342863507,-0.21367541401203324,-0.020831106342863507,0.002189562933406497,-0.0176879582992625
701,0.0,10740.741879685105,0.0,0.0004186451113272891,0.5634561082506991,0.01025598507049937,0.17056952652859428,-0.009304775288333938
702,0.0,10758.201874351173,0.09630177427092969,0.017562333355559255,0.043973451867735616,-0.017562333355559255,0.1325907041303367,-0.011782042708501531
703,0.0,10772.872218821352,0.10139696053450506,0.020379824941338946,0.05518643206210487,-0.020379824941338946,0.10936942250986714,-0.014361377378352753
704,1.3917520476386294,10795.796541482005,0.29642010074995917,0.034887653664238995,-0.20231305731902013,-0.034887653664238995,0.015864678561200954,-0.020519260264118627
705,0.0,10808.558405107657,0.15250385644276615,0.010878642672752304,0.244673063212464,-0.010772478606653972,0.08450719395657987,-0.01759522576687923
706,0.8853361661641951,10829.995430412562,0.1922622593795126,0.02255310553647389,-0.1628214978531358,-0.02255310553647389,0.010308586413665166,-0.019082589697757626
707,0.0,10848.689430328102,0.19343861138338816,0.01982236507946843,0.16314527187270722,-0.01982236507946843,0.056159592051377785,-0.019304522312270866
708,0.0,10864.83486753469,0.02239811013270311,0.012954429658410744,0.2553953732347758,-0.012954274815545286,0.1159303264063972,-0.017399448063253192
709,0.0,10878.393915112036,0.09523147306648329,0.0077155830941175296,0.35762919121849246,-0.007414161374886805,0.18843998585002575,-0.014403862056743277
710,0.0,10891.993273478516,0.0034088497429546763,0.010021620082300382,0.40565339431697073,-0.009607410611916755,0.2536040083901092,-0.01296492662329532
711,0.0,10908.194374025143,0.022376187875994085,0.018211300656458766,0.1990882163437522,-0.01820806455372676,0.23724927077620211,-0.01453786800242475
712,0.0,10917.804630578277,0.07255661992118044,0.0059754515445756195,0.21256825149001857,-0.005910491419660434,0.22984496499034704,-0.011949655027595455
713,0.6340881809203407,10935.272112640236,0.16724060870862067,0.020749072833743665,-0.07031049014436655,-0.020749072833743665,0.13979832844993295,-0.014589480369439918
714,0.03539752120263562,10952.939001862196,0.12082079159305897,0.02375056687661382,-0.04381003308258338,-0.02375056687661382,0.08471581999017805,-0.017337806321592087
715,0.0,10970.131663341108,0.20423737172550668,0.019898260766162905,0.17299352672802112,-0.019898260766162905,0.11119913201153096,-0.018105942654963333
716,1.7077515245020138,10989.11488557099,0.28319590199843797,0.020733750449974376,-0.24478457607967571,-0.020733750449974376,0.004404019584168958,-0.018894284993466647
717,1.1483076829516947,11011.024428997835,0.36271519821334686,0.025997263332277733,-0.19868684394483827,-0.025997263332277733,-0.05652323947453321,-0.021025178495109972
718,1.0955686665146405,11035.19763984966,0.19353957984733536,0.02980325996914587,-0.16964955020385075,-0.02980325996914587,-0.09046113269332846,-0.023658602937320743
719,0.0,11053.481299370611,0.05299686795118229,0.015204215131467342,0.2571512732016528,-0.015203954613850103,0.013822589075165925,-0.021122208440279552
720,0.0,11070.548407699833,0.031061735978544332,0.010032005607827105,0.3224091456233463,-0.010032005607827105,0.10639855603962005,-0.017795147590543816
721,0.0,11089.409303894457,0.052718105229995114,0.016549768797241023,0.39406479505273045,-0.016549768797241023,0.19269842774355317,-0.017421533952552977
722,0.7529756323434618,11111.911191076291,0.3315833386423598,0.027616422307312975,-0.08207721389462552,-0.027616422307312975,0.11026573525209955,-0.020480000458980976
723,0.0,11128.997021580375,0.006772290813562822,0.01659471566380538,0.31828932573541246,-0.01659471566380538,0.17267281239709342,-0.019314415020428296
724,2.374160816088975,11155.99384317836,0.38523835479833846,0.03410527722517784,-0.2899368965307437,-0.03410527722517784,0.033889899718742275,-0.023751673681853158
725,0.0,11171.748910491646,0.052515438391118226,0.01194806259825604,0.3979867589670532,-0.011714221519658884,0.14311895749323555,-0.020140438033194874
726,0.0,11190.455644563935,0.10178554872330528,0.01339185098062102,0.11296321484480928,-0.01339185098062102,0.13407223469870766,-0.018115861917422718
727,0.0,11206.054442481623,0.18798798014343648,0.010763865566794198,0.11113156355009687,-0.010763045130716015,0.12719003335412443,-0.015910016881410707
728,0.0,11222.395742190189,0.09951483432893918,0.015751733834590723,0.2995559999231593,-0.014510767525469785,0.1788998233248349,-0.01549024207462843
729,0.0,11237.250896772724,0.15805580498543087,0.013729877709038173,-0.004088711308371768,-0.013729877709038173,0.12400326293487289,-0.014962132764951352
730,0.0,11250.837134211706,0.006593803604745526,0.011752423655540804,0.14130695287969797,-0.011545570304937552,0.12919436991832042,-0.01393716402694721
731,0.0,11261.445326612884,0.0,0.006235485128042159,0.46154208793008095,-0.005934130704503582,0.2288986853218486,-0.011536254030214122
732,0.0,11270.178810426982,0.03522556800905267,0.005619792989708299,0.3811548098540926,-0.0031962015000398065,0.2745755226815218,-0.009034238271161827
733,0.05699707418369915,11284.007144426607,0.11629942505746663,0.016415671289780862,0.012815834918477279,-0.016415671289780862,0.19604761635260845,-0.011248668176747537
734,4.033415750820414,11308.60651231997,0.4686648308718887,0.041369323738014316,-0.46298613761144775,-0.041369323738014316,-0.0016625098366084279,-0.020284864845127572
735,0.0,11322.840863235542,0.07288574843475641,0.017092332354784957,0.19979356597617104,-0.017092332354784957,0.05877431290722541,-0.019327105098024787
736,0.0,11346.67099477044,0.1776942571684607,0.027710743771609238,-0.05136196437131793,-0.027710743771609238,0.025733429723662406,-0.02184219670010012
737,0.06130422262009272,11368.103648100652,0.18991666166819443,0.023608868431666822,-0.09200832960488682,-0.023608868431666822,-0.009589098074902363,-0.02237219821957013
738,1.2361006748852739,11395.920895960207,0.2960289036954295,0.034268136552317224,-0.20100949396583462,-0.034268136552317224,-0.06701521684218203,-0.025940979719394255
739,2.533778034809194,11420.521955381892,0.3298132260872673,0.02686695982814671,-0.2954203830226584,-0.02686695982814671,-0.13553676669632495,-0.02621877375201999
740,0.0,11441.679568886952,0.11870839000964468,0.01596405868817748,0.030161781300188692,-0.01596405868817748,-0.08582720229737084,-0.023142359232867234
741,2.0631221306828893,11466.130767368424,0.3176079207380339,0.02266450921000956,-0.14608040622578322,-0.02266450921000956,-0.10390316347589455,-0.02299900422600993
742,0.0,11489.537473995253,0.013876327775666409,0.023699056095571477,0.2231515279689885,-0.023699056095571477,-0.005786756042429633,-0.023209019786878393
743,1.8901364027294962,11512.561632920204,0.17282323339038716,0.023042659200434728,-0.0735608301617371,-0.023042659200434728,-0.026118978278221874,-0.023159111610945294
744,0.0,11537.649348922503,0.1936599815065883,0.027125049743001808,0.12938516636092035,-0.027125049743001808,0.020532265113520794,-0.02434889305056225
745,0.3682254647067853,11558.941134221128,0.09803628132448378,0.019816674185099147,0.08507396412319583,-0.019219274233626467,0.039894774816423305,-0.022810007405481513
746,0.06195105788168653,11577.339472452082,0.1945072266828726,0.012597508631487356,0.09616746770361807,-0.012016024078255068,0.05677658268258173,-0.01957181240731358
747,0.6874636756165569,11594.791517576654,0.2525179416182584,0.011812869072048066,0.010362265111741917,-0.011782510778508545,0.042852287411329786,-0.01723502191867207
748,0.0,11615.353305333201,0.1490925906221778,0.021731627321914977,0.08637742427138508,-0.021731627321914977,0.055909828469346376,-0.01858400353964494
749,0.02472172487731776,11630.338149337864,0.07056817993386903,0.012520226804653251,0.05303342097612024,-0.012490943696942968,0.05504690622137853,-0.01675608558683435
750,0.0,11644.225666737537,0.06152111723253122,0.008877099016624432,0.2587232766968336,-0.008875820662735168,0.11614981736401506,-0.014392006109604595
751,0.0,11657.247360243815,0.04238704133834635,0.009076146830332726,0.4151400106527366,-0.009074605397227431,0.2058468753506315,-0.012796785895891446
752,2.367876403802123,11677.131198906261,0.22115213046155333,0.025899791436935087,-0.18919712060398025,-0.025899791436935087,0.08733367656424798,-0.016727687558204536
753,0.6543693627083527,11697.613619956594,0.318502483080372,0.028644738231711618,-0.07323692452023373,-0.028644738231711618,0.039162496238903464,-0.020302802760256658
754,0.0,11704.012360684697,0.0,0.00024993242204001927,0.24459829011550688,0.004939914804590413,0.1007932344018845,-0.012729987490802536
755,0.0,11721.421716422663,0.12773703169698553,0.014590322100048046,0.11645174636326104,-0.014590322100048046,0.10549078799029746,-0.013288087873576188
756,2.7902745889502416,11738.668405379016,0.29900525366859876,0.022116528028081155,-0.2944406532557938,-0.022116528028081155,-0.014488644383529939,-0.015936619919927675
757,0.0,11757.261987947191,0.18721844762717268,0.024230846318725335,0.051815062422734426,-0.024230846318725335,0.005402467658349369,-0.018424887839566972
758,0.0,11779.502170523005,0.21981743882294177,0.028965364289706193,-0.01748070829367787,-0.028965364289706193,-0.0014624851272588032,-0.02158703077460874
759,0.0,11792.303822488308,0.07060896709774468,0.007014421612594996,0.0693781789582459,-0.006578057145885232,0.019789714098392606,-0.017084338685991685
760,0.0,11818.87612020027,0.27857542926147494,0.032160615731127565,-0.01386941570348799,-0.032160615731127565,0.009691975157828426,-0.021607221799532447
761,0.0,11837.278032318764,0.31490588489340865,0.019650254730302973,0.05789480143876509,-0.019640829873975606,0.024152823042109424,-0.021017304221865395
762,0.0,11858.081713615451,0.19262065167167078,0.01995775898433973,0.14976468797209463,-0.01995775898433973,0.06183638252110499,-0.020699440650607692
763,0.15739168430088246,11880.785650876123,0.23580108527444232,0.02454436736817848,-0.020487574543695715,-0.02454436736817848,0.03713919540166477,-0.021852918665878927
764,0.0,11899.536843246797,0.16680616938632695,0.016592528483444332,0.2201952219564427,-0.016592528483444332,0.09205600336809815,-0.020274801611148547
765,0.0,11921.508970632784,0.18558793685640784,0.022167025043381892,0.1504131555241179,-0.022167025043381892,0.10956314901490408,-0.020842468640818547
766,0.0,11943.144665835143,0.2505934758854106,0.023086343799935852,0.06921648763131923,-0.023086343799935852,0.09745915059982861,-0.02151563118855374
767,0.0,11959.936283017443,0.0813997488423804,0.012375146329420087,0.1418464053672748,-0.012375146329420087,0.11077532703006246,-0.01877348573081364
768,0.34526630426388516,11981.499582973767,0.33033629615615556,0.021729197182150117,-0.0196118903133816,-0.021729197182150117,0.07165916182702924,-0.019660199166214583
769,0.0,11999.492489035772,0.005664010824177268,0.017110331694322113,0.29319700437080964,-0.017110331694322113,0.13812051459016336,-0.01889523892464684
770,0.7927886166381859,12023.590875771215,0.32946397279779455,0.02893829661217071,-0.09505432152570505,-0.02893829661217071,0.06816806375540282,-0.021908156230904
771,0.0,12042.06903318567,0.027558968776926724,0.017900780890649517,0.44578743870106724,-0.017900780890649517,0.18145387623910214,-0.020705943628827654
772,0.0,12060.823347156502,0.18019916904082253,0.015387743714176954,0.11468677211460654,-0.015387743714176954,0.16142374500175347,-0.019110483654432443
773,0.7557921148426849,12087.954085096088,0.2028159909956556,0.034157409275172766,-0.12288215026624962,-0.034157409275172766,0.07613197642135253,-0.023624561340654538
774,0.0,12100.338153970773,0.04838116824465782,0.005013891410088109,0.25084679577082425,-0.00490903295969821,0.12854642222619403,-0.01800990282636764
775,0.0,12122.40955261743,0.20137859592821405,0.020622749832918074,0.09244115362894492,-0.020622749832918074,0.11771484164701929,-0.018793756928332767
776,0.0,12133.960562008933,0.16980597484022572,0.005146598209488601,0.10258215854689448,-0.004521214249487765,0.11317503671698184,-0.014511994124679264
777,0.520881756335396,12156.379148358397,0.2011687011403217,0.026523891672508595,-0.1390606148130934,-0.026523891672508595,0.03750434125795927,-0.01811556338902806
778,0.0,12175.050680667026,0.2308734189409107,0.023027549955223183,-0.04695307566847716,-0.023027549955223183,0.01216711618002834,-0.019589159358886596
779,0.0,12187.886873159308,0.016116636491437825,0.007879199181794357,0.37754380177040436,-0.007055474188733233,0.12178012185714114,-0.015829053807840585
780,0.0,12206.831086669192,0.05178968122633615,0.01840219323808978,0.09760200537177706,-0.01840219323808978,0.11452668691153191,-0.016600995636915344
781,0.0,12223.829659356745,0.1477013212866143,0.018233387231029314,0.14656740494003187,-0.018233387231029314,0.12413890232008189,-0.017090713115149536
782,0.0,12238.833584141488,0.12249811956858797,0.013253359799964047,0.3677918557416622,-0.013253359799964047,0.19723478834655594,-0.015939507120593888
783,0.0,12252.860351980738,0.10392859580577826,0.010755460706799272,0.3407653163847594,-0.010755460706799272,0.24029394675801696,-0.014384293196455502
784,0.0,12269.50764480093,0.21947633648360707,0.017478861241590798,0.008771998365665286,-0.017478861241590798,0.17083736224031143,-0.015312663609996089
785,0.0,12281.948820060581,0.02762045981627265,0.010324423150152287,0.1981452391152683,-0.010297448727553837,0.17902972530279848,-0.013808099145263413
786,0.0,12299.00030964983,0.1640281103049572,0.018997907919463763,-0.032418776389551957,-0.018997907919463763,0.11559517479509336,-0.015365041777523517
787,0.0,12308.020749663723,0.00025612968549001904,0.004254042033383729,0.4433769961335902,-0.0037689366785686853,0.21392972119664241,-0.011886210247837066
788,0.5381992930018962,12328.548535323627,0.3143182972059128,0.02626570951288385,-0.15377127202418547,-0.02626570951288385,0.10361942323039405,-0.016200060027351103
789,0.0,12342.928555066803,0.2906753073670186,0.016901902955647218,0.062174916194029206,-0.016901902955647218,0.09118607111948458,-0.016410612905839936
790,0.0,12361.275556180743,0.21754317687758792,0.020664080921139246,0.0045219712038102695,-0.020664080921139246,0.06518684114478228,-0.017686653310429727
791,1.7091316679865085,12393.101628982,0.3297607211988707,0.04847298600443275,-0.32171421784918663,-0.04847298600443275,-0.0508834765534084,-0.026922553118630635
792,0.0,12407.640284639248,0.046076801801654806,0.01076086658665208,0.1568881870938191,-0.010743495707628122,0.011448022540759856,-0.022068835895329878
793,0.0,12427.46323384631,0.029248918684464175,0.012333949853836106,0.24773776828236713,-0.012333949853836106,0.08233494626324203,-0.019148370082881744
794,0.0,12449.03253803561,0.28413192460246817,0.021149830916619674,-0.03256122296723333,-0.021149830916619674,0.04786609549409942,-0.01974880833300312
795,0.0,12466.744687147922,0.11659285352362454,0.01613122480044331,-0.03563627260097406,-0.01613122480044331,0.02281538506557737,-0.018663533273235177
796,0.0,12483.438730640712,0.08596197460870669,0.013429934710044512,0.06888305853299563,-0.013429934710044512,0.036635687105802846,-0.017093453704277978
797,0.0,12501.762334339364,0.14847363304363115,0.018020766641561856,0.11187661239491602,-0.018020766641561856,0.059207964692536794,-0.01737164758546314
798,0.0,12516.144774885468,0.0045258772170005245,0.01144572179096371,0.3990184694320871,-0.011433918213031434,0.16115111611440186,-0.015590328773733628
799,0.0,12538.42151921065,0.008599558473800251,0.02766482074369994,0.16341833062741548,-0.02766482074369994,0.16183128046830594,-0.01921267636472352
800,0.2261921274017058,12554.96761399442,0.18961473681419616,0.01743057681168977,-0.1139900736404203,-0.01743057681168977,0.07908487423568808,-0.018678046498813394
801,0.0,12573.994437141657,0.11966541975910638,0.01886384408674214,0.13051083419179954,-0.01884775840603731,0.09451266222252151,-0.018728960070980568
802,0.0,12598.892200987802,0.20663315844914976,0.03163366957358116,-0.06210989952149926,-0.03163366957358116,0.047525893699315286,-0.022600372921760745
803,0.019078409613394243,12623.036682682381,0.40767486748184784,0.029849987918026715,-0.13736753523800352,-0.029849987918026715,-0.007942134981880358,-0.024775257420640535
804,0.0,12645.745982881825,0.228428614344409,0.022736684562815804,-0.02935977204193589,-0.022736684562815804,-0.014367426099897017,-0.024163685563293114
805,0.7459744864935371,12673.268824270008,0.3209215446573913,0.0305248728470759,-0.19891943346379992,-0.0305248728470759,-0.06973302830906788,-0.02607204174842795
806,0.0,12693.519451047041,0.17557443409395032,0.01593196491753778,-0.01221272408746324,-0.01593196491753778,-0.05247693704258649,-0.0230300186991609
807,0.0,12720.004398813691,0.23172287880248899,0.027059013580112375,-0.0427027682459043,-0.027059013580112375,-0.04954468640358183,-0.02423871716344634
808,0.0,12743.703147439044,0.12123339875875026,0.024372843609381186,0.054051801004340115,-0.024372843609381186,-0.018465740181205247,-0.024278955097226794
809,0.0,12767.374026014597,0.22633810181527217,0.023054043524759635,-0.013739503801956678,-0.023054043524759635,-0.017047869267430675,-0.023911481625486643
810,1.4565751224025978,12792.873607688432,0.2289230238923665,0.02683723852648763,-0.16802415265174914,-0.02683723852648763,-0.062340754282726216,-0.02478920869578694
811,2.5175962888655974,12823.576162911988,0.4054023180106192,0.038022979660196056,-0.24154451813336975,-0.038022979660196056,-0.11610188343791927,-0.028759339985109673
812,0.0,12839.78933040384,0.030253652037721977,0.007208529681992967,0.2029673752870046,-0.006757034050538627,-0.020381105820442114,-0.022158648204738358
813,0.0,12851.70985836823,0.003647120639041522,0.0013725822909770899,0.35812716090915264,0.006046489567211714,0.09317137419843632,-0.013697106873153335
814,2.746642028120342,12879.244798175925,0.3298084220409253,0.033711819933048996,-0.19096115896407032,-0.033711819933048996,0.007931614249684325,-0.01970152079112203
815,2.7428840691278262,12904.299144957438,0.26333802940076023,0.03710783943565146,-0.19843925346219243,-0.03710783943565146,-0.0539796460638787,-0.024923416384480857
816,1.022431073699665,12929.045014358582,0.07931375602536761,0.029993001412279112,-0.011830149120213995,-0.029993001412279112,-0.041334796980779284,-0.026444291892820333
817,2.0658164281058222,12948.916310543154,0.16753189398958734,0.014334796155160612,-0.09091481054504363,-0.014334796155160612,-0.056208801050058585,-0.022811443171522415
818,0.3469186847959045,12973.548387102943,0.14846056914228084,0.022820211979055885,0.09884754626691551,-0.022820211979055885,-0.009691896854966353,-0.022814073813782455
819,0.7746421228005492,12996.23318746859,0.12519169013641873,0.022547494382517217,0.06494226039717581,-0.022547494382517217,0.012698350320676295,-0.022734099984402886
820,0.0,13016.977007341236,0.15332792360794575,0.018504377012643534,0.28726445667282974,-0.018504377012643534,0.09506818222632232,-0.021465183092875078
821,0.11507259492957711,13035.61125682273,0.09993368556620277,0.01424561630715637,0.1847877986411899,-0.01424561630715637,0.1219840671507826,-0.019299313057159463
822,2.596144340269806,13055.815742093495,0.22625759428403006,0.018928973881632723,-0.10831069075232547,-0.018928973881632723,0.05289563977985018,-0.01918821130450144
823,0.0,13070.36691772122,0.04448485933072258,0.010252286010753363,0.34413253064167765,-0.009411989318865853,0.1402667070383984,-0.016255344708810765
824,0.9717403047837008,13088.657450409552,0.15356921241653015,0.0174402502956353,0.02207665748868997,-0.0174402502956353,0.10480969217348587,-0.016610816384858125
825,1.6774683517157136,13109.710061580654,0.28751780594123966,0.026234838518751653,-0.09673334396196702,-0.026234838518751653,0.04434678133285,-0.019498023025026182
826,0.0162571008246222,13125.26680792649,0.09886628655402764,0.014294536860220959,0.060973279096760515,-0.014294536860220959,0.04933473066202315,-0.017936977175584616
827,4.444056603137099,13155.668139418918,0.40657587275675877,0.04227829257583727,-0.3839771190897164,-0.04227829257583727,-0.0806588242634987,-0.02523937179566041
828,0.0,13172.954667347287,0.2598393368517086,0.016277608134719613,0.13751808027190685,-0.016277608134719613,-0.015205752902877033,-0.022550842697378167
829,0.0,13185.149439230403,3.867622823394803e-05,0.0031330371999218516,0.4396539106897157,0.001824855976376356,0.1212521461749008,-0.015238133095251807
830,0.041188210114545765,13204.090880646212,0.06900070699851868,0.015339176082108986,0.08441811773036668,-0.015335952927526516,0.11020193764154056,-0.01526747904493422
831,0.9382234562518453,13221.163376880862,0.3081541073548565,0.019058500221096383,-0.05401712404217451,-0.019058500221096383,0.06093621913642604,-0.016404785397782867
832,1.4967050583666555,13242.202689205917,0.2767403503256504,0.02724474394715017,-0.13856908185641237,-0.02724474394715017,0.0010846288385745126,-0.019656772962593057
833,0.0,13254.173940822304,0.0,0.0070789187342275225,0.27690390468387954,-0.007032757204675342,0.08383041159216602,-0.01586956823521774
834,0.0,13269.681437205914,0.0035650746184960544,0.011471728733074883,0.12468828911530938,-0.011170246953353776,0.09608777484910902,-0.01445977185065855
835,0.0,13284.635004846043,0.20172059044997845,0.014102420951420155,0.06945299904226593,-0.014019975178134773,0.0880973421070561,-0.014327832848901417
836,0.0,13297.073166981667,0.054012829572059974,0.01045873989392474,0.42017582649421886,-0.010253582402742508,0.18772088742320492,-0.013105557715053742
837,0.0,13308.706593493209,0.11343252324876635,0.008765414443317283,0.2040178304810736,-0.008765414443317283,0.1926099703405655,-0.011803514733532805
838,0.0,13321.952597834594,0.16099985516099696,0.0140535308021517,0.18656392517164608,-0.013452406644138527,0.19079615678988968,-0.01229818230671452
839,0.0,13336.3093577581,0.15827153163652766,0.017102164397097757,0.17965275138030518,-0.017102164397097757,0.1874531351670143,-0.01373937693382949
840,0.0,13343.887480789217,0.07768075570634644,0.003564625147533536,0.24861509096558676,-0.002404675706417749,0.20580172190658602,-0.010338966565605968
841,2.6585269190752685,13362.375908660244,0.3125172580848349,0.023774916818333387,-0.2428369155246415,-0.023774916818333387,0.07121013067721775,-0.014369751641424193
842,0.0,13374.834509846869,0.16348464218329578,0.01458692264790302,0.1789207789944043,-0.01458692264790302,0.10352332517237373,-0.01443490294336784
843,0.0,13389.103390004166,0.2228751245346564,0.014162587996057907,0.10268352987858728,-0.014156888078576322,0.10327138658423779,-0.014351498483930384
844,0.0,13402.431922792954,0.03866076099525189,0.012278725768492035,0.15693850641118415,-0.012133440307135554,0.1193715225323217,-0.013686081030891934
845,0.0,13414.672992646609,0.10364753908335782,0.010247396557070597,0.03298755365476595,-0.009982497898068725,0.09345633186905496,-0.01257500609104497
846,0.0,13429.52925956263,0.026550716380749143,0.016170263080738587,0.20756893548264396,-0.016170263080738587,0.12769011295313165,-0.013653583187953055
847,0.012375045664782314,13445.231998888345,0.17645006009599026,0.01904617628423457,0.016463688652766203,-0.01904617628423457,0.094322185663022,-0.015271361116837509
848,0.0,13461.161338859214,0.152083782318403,0.01832733573865347,0.14719507357788444,-0.01832733573865347,0.11018405203748073,-0.016188153503382298
849,0.0,13478.025251003308,0.06576604755854026,0.01855097607418278,0.022530963098054746,-0.01855097607418278,0.08388812535565293,-0.01689700027462244
850,0.0,13493.902884292982,0.163176936106507,0.015511701109354332,0.061346576180182064,-0.015511701109354332,0.07712566060301167,-0.01648141052504201
851,0.0,13509.100740767099,0.12062122796327474,0.013374433596470042,0.13391347005721765,-0.013374433596470042,0.09416200343927346,-0.015549317446470416
852,0.0,13525.802001202339,0.1044069516538631,0.016978268382894852,0.27410504968551336,-0.016978268382894852,0.1481449173131454,-0.015978002727397744
853,0.0,13539.660765828477,0.10056298678461575,0.012381020567081779,0.14691201120723563,-0.012009470517409608,0.14777504548137246,-0.014787443064401303
854,0.0,13563.748594123383,0.12670454126841815,0.03292307931233045,0.12292113917596892,-0.03292307931233045,0.1403188735897514,-0.020228133938780046
855,0.0,13577.419284526399,0.10720760020243895,0.012918856013865257,0.19540120061647306,-0.012234179566749968,0.1568435716977679,-0.017829947627171022
856,0.0,13588.709148698901,0.0,0.006316894144800431,0.33488914711849477,-0.0017066630220208693,0.21025724432398596,-0.012992962245625975
857,0.9938307045424606,13611.23624473148,0.21534512989287194,0.027817214529335832,-0.11799183720507771,-0.027817214529335832,0.11178251986526684,-0.01744023793073893
858,0.0,13622.355996257516,0.001292612409094196,0.008937914998332219,0.36325411623403026,-0.00890513675959731,0.18722399877589585,-0.014879707579396445
859,0.0,13637.469256901455,0.21755804483829821,0.012699057347875596,0.015872826028808868,-0.012699057347875596,0.13581864695176976,-0.01422551250994019
860,0.0,13657.717682514556,0.2687216126527054,0.026091794944179306,0.04285936923450777,-0.026091794944179306,0.10793086363659116,-0.01778539724021192
861,0.0,13662.961016747773,0.00027055516976322,0.0017717791216631193,0.4288854518090908,0.004635687430329085,0.20421724008834105,-0.011059071839049618
862,0.0,13679.125857394467,0.08056032143144767,0.01468950122876057,0.3579840971824982,-0.01468950122876057,0.25034729721658816,-0.012148200655962903
863,0.0,13694.891619136724,0.1787413883174328,0.02081929543669767,0.19138454652323417,-0.02081929543669767,0.23265847200858195,-0.014749529090183332
864,0.0,13702.178116263687,0.020556911569058447,0.004935641901430655,0.28222989182503,-0.0019112629524518213,0.24752989795351635,-0.010898049248863879
865,0.0,13720.396824559726,0.10859966628096192,0.022137464095768767,0.17188070595608695,-0.022137464095768767,0.2248351403542875,-0.014269873702935344
866,0.0,13742.211647805276,0.16811924380989454,0.03350083572304293,0.024622133884099583,-0.03350083572304293,0.16477123841323113,-0.020039162308967618
867,0.2354668563387996,13759.21581804331,0.20187741521092623,0.01972593779247206,-0.10116248045060641,-0.01972593779247206,0.08499112275407987,-0.01994519495401895
868,0.0,13774.307023334928,0.1377194472890817,0.009736664895958383,0.10310824652322252,-0.009734833829277187,0.09042625988482265,-0.01688208661659642
869,1.3851021721778665,13803.053760851533,0.2635109342839874,0.03840937147346756,-0.254663758438575,-0.03840937147346756,-0.013100745612196651,-0.023340272073657763
870,0.8952880001382042,13826.525132085919,0.3669911371291594,0.030340671842943392,-0.20670619678599067,-0.030340671842943392,-0.07118238096433485,-0.02544039200444345
871,0.567215741136317,13849.185404158885,0.22993402501549928,0.02183610040842941,-0.14433064001003898,-0.02183610040842941,-0.0931268586780461,-0.02435910452563924
872,0.0,13868.241839165761,0.18057560394074249,0.012393932615654052,0.06792876522280744,-0.012185535237799222,-0.04481017150779003,-0.020707033739287232
873,0.0,13889.354012322541,0.1362258540055478,0.017746833789945727,0.11564248046529958,-0.017746833789945727,0.0033256240841368565,-0.019818973754484777
874,0.0,13907.390280856183,0.0,0.015253304658482758,0.5597017736455284,-0.015179942060225946,0.17023846895255432,-0.018427264246207126
875,0.0,13919.964104832485,0.027202916920277775,0.007029668558849378,0.3904125259875376,-0.004782899612782178,0.2362906860630493,-0.01433395485617964
876,0.014513142927147449,13940.648267846638,0.25484506708095445,0.023299691237349433,-0.011366422614606369,-0.023299691237349433,0.16199355345975258,-0.01702367577053058
877,0.0,13955.916996718175,0.12858048540196665,0.016169329016744116,0.13572598055339138,-0.016169329016744116,0.1541132815878442,-0.01676737174439464
878,0.0,13964.466761830514,0.07785183763182037,0.0013875227196793968,0.30533274273175454,0.0006196254329496398,0.1994791199310173,-0.011551272591191356
879,0.0,13984.452693044315,0.21548969099797044,0.023690041437038224,0.10301856898534055,-0.023690041437038224,0.17054095464731425,-0.015192903244945415
880,0.0,13997.851732805051,0.13875194711238498,0.01524905291717205,0.05289236655143793,-0.01524905291717205,0.13524637821855134,-0.015209748146613404
881,0.0,14008.163065635996,0.016256868706756706,0.0061979103858513795,0.2863442644144348,-0.005022263011539001,0.18057574407731636,-0.012153502606091082
882,0.0,14019.994862748343,0.0,0.009362184245781101,0.512184242141835,-0.008299693722746554,0.28005829349667194,-0.010997359941087723
883,0.46341575906641674,14039.213243149934,0.3199739214019501,0.02692017062442591,-0.12917466830234178,-0.02692017062442591,0.15728840495696783,-0.015774203146089176
884,0.0,14053.952703221194,0.2722742003045681,0.01860165331788489,0.018875561090727296,-0.01859436674540355,0.11576455179709566,-0.016620252225883488
885,0.0,14069.980814134622,0.11836684161013394,0.01626792561638754,0.19487375926151598,-0.01626792561638754,0.13949731403642174,-0.0165145542430347
886,0.0,14081.898612730924,0.09799705950369335,0.008581647031273544,0.24462871125486738,-0.006827877913538831,0.17103673320195542,-0.013608551344185938
887,0.0,14094.373572919296,0.1906709008698951,0.00829519060127872,-0.07176433002543951,-0.008219816749942179,0.09819641423373693,-0.01199193096591281
888,0.0,14111.154860270271,0.04899328690785347,0.020285777207423125,0.13119133780511816,-0.020285777207423125,0.10809489130515129,-0.014480084838365902
889,0.0,14132.688496554321,0.3338539126011644,0.03176681063401195,-0.1328728284251946,-0.03176681063401195,0.03580457538604752,-0.019666102577059714
890,0.0,14146.845727705231,0.023309065147538936,0.013631656281138953,0.12792756080041082,-0.013591388917054945,0.0634414710103565,-0.017843688479058283
891,1.5934652597894403,14174.526662623959,0.32285024508341137,0.036439603876282804,-0.32201275751672465,-0.036439603876282804,-0.05219479754776783,-0.023422463098225637
892,0.0,14194.683226999116,0.11080633768775576,0.022429730986798527,0.1412898432264552,-0.022429730986798527,0.005850594684499076,-0.023124643464797503
893,0.0,14218.00021690092,0.34593068419236545,0.023215136423742923,0.046892755273220295,-0.023215136423742923,0.018163242861115442,-0.02315179135248113
894,0.0,14240.559201423046,0.22051050395340577,0.021945056172245337,0.009360215795914922,-0.021945056172245337,0.015522334741555285,-0.02278977079841039
895,0.0,14253.343418366308,0.007640329885006282,0.005281130923143065,0.2572388025567596,-0.0015677621896936225,0.08803727508611658,-0.01642316821579536
896,0.0,14276.976684134208,0.2365368739713034,0.02481232709245074,-0.05479713071353513,-0.02481232709245074,0.04518695334622107,-0.01893991587879197
897,0.3906528165630303,14297.191524325357,0.2766676325741947,0.024217620345156534,-0.18347378874213593,-0.024217620345156534,-0.02341126928028603,-0.02052322721870134
898,1.0230764260493155,14318.56250342954,0.3389036680363511,0.023938659625864084,-0.2358229672562415,-0.023938659625864084,-0.08713477867307266,-0.021547856940850162
899,0.0,14334.544587683211,0.24569136018133694,0.01101981980313087,0.014993160556321312,-0.01101981980313087,-0.05649639690425447,-0.018389445799534374
900,0.0,14355.280506951647,0.17634256269066842,0.01998792058754304,0.003934234386760975,-0.01998792058754304,-0.03836720751694983,-0.018868988235936975
901,0.0,14378.749118507441,0.3460529289327481,0.02895106019022797,0.0030734061913674283,-0.02895106019022797,-0.025935023404454652,-0.021893609822224273
902,0.0,14397.986128055769,0.10505339203899085,0.019509673403989347,-0.003743473074788108,-0.019509673403989347,-0.019277558305554686,-0.021178428896753795
903,0.0,14416.997617949075,0.006487174804955357,0.015918992508870952,0.27288577097691946,-0.015918992508870952,0.06837144047918756,-0.01960059798038894
904,1.908157427140463,14437.297702613974,0.2351802719117307,0.01941428803523955,-0.20755009317909665,-0.01941428803523955,-0.014405019618297703,-0.019544704996844124
905,0.0,14452.619981020931,0.1676465720331237,0.010689761076716006,0.16773949372350394,-0.010689761076716006,0.04023833438424279,-0.016888221820805686
906,0.004721499163522769,14479.370595989461,0.21977229146313684,0.03466770423685934,-0.020750619558053175,-0.03466770423685934,0.021941648201554,-0.022222066545621783
907,0.0,14500.42742712002,0.2507925610232327,0.025350581019255667,0.0081075544829493,-0.025350581019255667,0.01779142008597259,-0.023160620887711945
908,0.0,14518.812481075223,0.07525201408036251,0.014189183884665522,0.1840848846923443,-0.014189183884665522,0.0676794594678841,-0.020469189786798018
909,0.0,14538.882240611721,0.08625051552016316,0.016833703280116557,0.06963650863934769,-0.016833469368553837,0.06826657421932317,-0.019378473661324763
910,0.0,14554.206659247562,0.05287098671249328,0.009796363060864961,0.19132712329542098,-0.009796363060864961,0.10518473894215251,-0.016503840481186822
911,0.0,14572.7899992684,0.15376481431421868,0.0178417216261486,0.1883694525015796,-0.0178417216261486,0.13014015300998064,-0.016905204824675356
912,0.0,14593.032923389928,0.18203049315206427,0.02427687455092034,0.1676673170876222,-0.02427687455092034,0.1413983022332731,-0.01911670574254885
913,1.6506494945989543,14613.418296463218,0.23957117407916165,0.024063409471045953,-0.18313692932173758,-0.024063409471045953,0.04403773276676989,-0.02060071686109798
914,0.0,14625.199658674577,0.02905505767540231,0.006677801796727326,0.388971642048555,-0.003772906255961661,0.1475179055513054,-0.015552373679557084
915,0.0,14637.838638705003,0.013720274467481863,0.005859558864081509,0.436714091936892,-0.004224112763094949,0.23427676146698137,-0.012153895404618443
916,0.0,14648.910498411426,0.128837171454903,0.0064439349764101655,0.06734417443697714,-0.006359572830317203,0.18419698535798007,-0.01041559863232807
917,0.0,14665.048974151521,0.07294140538755797,0.020527533469040665,0.20555805044662165,-0.020527533469040665,0.19060530488457253,-0.013449179083341848
918,0.0,14677.310198151195,0.1212865363371026,0.014134252295506319,0.2145355567762234,-0.014134252295506319,0.19778438045206778,-0.013654701046991189
919,0.0,14691.010474771761,0.037136532531089485,0.015110257083634516,0.15704345765187477,-0.01396373553740601,0.18556210361200987,-0.013747411394115634
920,0.0,14710.222669536384,0.2769851471893964,0.025228950027597025,0.0530155357768074,-0.025228950027597025,0.14579813326144914,-0.01719187298416005
921,0.0,14725.075020655158,0.09962908146992587,0.016096398018981533,0.14848806244131332,-0.015905849920900515,0.14660511201540838,-0.016806066065182187
922,0.0,14739.798400334545,0.006786958600789687,0.012071421854594127,0.44561178385216565,-0.012065253887505699,0.23630711356643552,-0.015383822411879241
923,0.0,14752.842372836252,0.1304377759266583,0.009027631293497072,0.1181131894377918,-0.009027631293497072,0.2008489363278424,-0.013476965076364589
924,0.0,14768.63524024709,0.1999373805345619,0.016315451882023737,0.17381854880363048,-0.016315451882023737,0.19273982007057883,-0.014328511118062333
925,0.0,14782.389395273563,0.22051855940780246,0.014018963054020936,0.05240480698567305,-0.014018963054020936,0.1506393161451071,-0.014235646698849913
926,0.0,14796.433700688383,0.0,0.013740285253772635,0.30632463726159,-0.013740285253772635,0.19734491248005195,-0.014087038265326729
927,0.6091598910328946,14814.418141418948,0.2771077846977685,0.022051826282989167,-0.10225366790691852,-0.022051826282989167,0.1074653383639608,-0.01647647467062546
928,0.0,14833.788573142901,0.24727778969604317,0.02499454812057617,-0.006514227877039234,-0.02499454812057617,0.07327146849166079,-0.01903189670561067
929,0.8842690798627402,14855.391964144106,0.3373027910873004,0.027051074441207246,-0.18553677292061813,-0.027051074441207246,-0.004371003932022888,-0.02143765002628964
930,0.0,14865.243019298256,0.008970881898754555,0.0025826227857827194,0.3985384442143197,0.00019509624829287947,0.1165018305118799,-0.014947826143914883
931,0.0,14881.482216523265,0.009600039464212985,0.01087794935205604,0.27580303166766007,-0.01087794935205604,0.16429219085861393,-0.01372686310635723
932,0.0,14894.632329423654,0.013182694196036395,0.011261677844177231,0.16494024516406677,-0.011253463679797368,0.16448660715024976,-0.012984843278389271
933,0.0,14908.110433028283,0.0,0.013241087458239936,0.3584327084737918,-0.01323953163725757,0.22267043754731236,-0.01306124978604976
934,0.0,14919.151122945825,0.04945732298742125,0.010864100547002953,0.25758576304386793,-0.008931340172138695,0.23314503519627905,-0.01182227690187644
935,1.552234762292105,14942.49803984798,0.26971708858204246,0.03454134681477966,-0.23945809476985058,-0.03454134681477966,0.09136409620644015,-0.018637997875747405
936,2.9029143523300727,14966.335501661702,0.4321716588608945,0.03656992376097639,-0.4183524319665257,-0.03656992376097639,-0.0615508622454496,-0.024017575641316097
937,0.0,14986.887414404202,0.14968073213025365,0.022401171441252473,0.0840620153427171,-0.022401171441252473,-0.017866998968999594,-0.023532654381297008
938,0.0,15011.639804121382,0.2662355016292747,0.02556864335186099,-0.07272940344789743,-0.02556864335186099,-0.03432572031266894,-0.0241434510724662
939,0.0,15034.615416534289,0.24639357279398397,0.022346700418352062,0.02075097538048229,-0.022346700418352062,-0.017802711604723572,-0.023604425876231957
940,1.0292004801148038,15059.606876460868,0.23569446717819517,0.025932595568378673,-0.18246081920758325,-0.025932595568378673,-0.06720014388558147,-0.02430287678387597
941,0.0,15078.110851643609,0.20773979546798124,0.013000041046356037,-0.0486645578029653,-0.012949384810305423,-0.06163946806079662,-0.020896829191804803
942,1.8446200750618915,15105.933608668367,0.3309375857022486,0.03177787926871858,-0.2008550966783674,-0.03177787926871858,-0.10340415664606785,-0.024161144214878937
943,1.8148497091116318,15130.135844614088,0.20824959619480599,0.027647080136500236,-0.15076854383189472,-0.027647080136500236,-0.1176134728018159,-0.025206924991365325
944,2.041185481989716,15151.928119953514,0.17393337432717929,0.019182426525335243,-0.11699455020778791,-0.019182426525335243,-0.1174277960236075,-0.023399575451556298
945,4.0311724910563305,15181.852176819275,0.36416305447108993,0.03510958929384188,-0.2505902826420233,-0.03510958929384188,-0.15737654200913226,-0.026912579604241968
946,2.0035636811051702,15209.055876919112,0.33044452866504453,0.031178459962450115,0.015554207548839408,-0.031178459962450115,-0.10549731714174075,-0.02819234371170441
947,3.113416627775192,15232.720072588752,0.23586633539759694,0.020126427484702846,-0.037438816120457886,-0.020091789569343887,-0.08507976683535588,-0.025762177468996252
948,2.57651730276881,15256.317119247757,0.21252528632419387,0.018720065112025886,0.055180891911575734,-0.018720065112025886,-0.043001569211276396,-0.02364954376190514
949,2.3863455645258265,15272.889112494186,0.14214144862988873,0.006812684691704457,0.09577314744599533,-0.006703986743108767,-0.0013691542140948781,-0.01856587665626623
950,0.0,15287.19767768358,0.0028952526189451365,0.007606738371432178,0.5268361347110819,-0.004400991198575847,0.15709243246345816,-0.014316411018959115
951,1.3872267851726074,15304.622662450898,0.04547671724895793,0.016746349993488507,0.20110758089942968,-0.016366079622509425,0.17029697699424962,-0.014931311600024207
952,0.7866075358179558,15315.827387341411,0.013314308618313763,0.007808447961617549,0.2737117395080761,-0.007808110727155963,0.20132140574839755,-0.012794351338163732
953,3.7337827589187498,15333.949437573396,0.2849198536706975,0.021667723760853283,-0.10136159739341985,-0.021667723760853283,0.11051650480585232,-0.015456363064970596
954,0.0,15347.945045917882,0.09507967382833177,0.015186052946051139,0.30169054203424456,-0.015186052946051139,0.16786871597436998,-0.015375270029294758
955,4.584046494156496,15367.840179589144,0.2575493153430704,0.024707180704563673,-0.23655898826523145,-0.024707180704563673,0.04654040470248953,-0.01817484323187543
956,4.042790850050228,15391.33940406565,0.4150662844143959,0.032183526244209525,-0.2129504677930524,-0.032183526244209525,-0.031306857046173045,-0.02237744813557566
957,1.3525495028525958,15411.950143026881,0.137478722825019,0.02307451746371203,0.05446400854543957,-0.02307451746371203,-0.005575597368689258,-0.02258656893401657
958,0.0,15424.218372213365,0.000915672981959926,0.002851396634898216,0.3541706993365311,-0.001307861958365475,0.10234829164287684,-0.016202956841321243
959,1.2852733071910742,15447.696175740097,0.14167343224561044,0.024709291506037054,0.0698908425311056,-0.024709291506037054,0.09261105690934546,-0.018754857240735986
960,0.0,15466.396072373715,0.05033150163573745,0.021298585558629655,0.26657782333970864,-0.021298585558629655,0.1448010868384544,-0.019517975736104087
961,0.0,15475.861671630126,0.0028448916749777547,0.004378688234033342,0.44867096722312566,0.0006295601639101622,0.23596205095385578,-0.01347371496609981
962,1.5815378813923435,15498.231424722708,0.18072757866285866,0.025711022760848124,0.003937225474676289,-0.025711022760848124,0.16635460331010193,-0.017144907304524303
963,0.6373170481655173,15519.355707756324,0.19951184401675007,0.02925943209265564,0.011331900984622952,-0.02925943209265564,0.11984779261245823,-0.020779264740963702
964,0.31112200717381583,15531.479984610376,0.1323360430673325,0.006540079648020869,0.02690610078474814,-0.006533828972854374,0.0919652850641452,-0.0165056340105309
965,0.0,15547.627367302144,0.07582455548148213,0.011343295355348336,0.1728370447891186,-0.01130757841890975,0.1162268129816372,-0.014946217333044555
966,1.2377415198935857,15568.340361811313,0.3262733917358889,0.025335944077589902,-0.10530879710629056,-0.025335944077589902,0.04976612995525887,-0.018063135356408157
967,0.0,15581.884521766016,0.026817451616392523,0.01189539287719046,0.3765151172143889,-0.01189539287719046,0.14779082613299788,-0.016212812612642846
968,0.0,15601.7154109759,0.18296344339713697,0.021823052665473616,0.12823198803098806,-0.021823052665473616,0.14192317470239493,-0.017895884628492075
969,0.0,15610.240372323915,0.018119765223307792,0.0035590718851102473,0.3611102941298594,-0.00012632781067213242,0.20767931053063426,-0.012565017583146092
970,0.0,15627.581315085687,0.06417147604411882,0.016961875199718514,0.13576650060401443,-0.016961875199718514,0.18610546755264828,-0.013884074868117817
971,0.8219365192413255,15646.962590875662,0.2043185068151771,0.026710594793829725,-0.08607892299567425,-0.026710594793829725,0.10445015038815153,-0.017732030845831387
972,0.0,15654.087300994135,0.12983635943011468,0.0041111636245648895,0.2683473717757753,0.0003582665260432851,0.15361931680443863,-0.012304941634268984
973,1.6404774792336891,15670.81044023038,0.21601174443150298,0.015856302043004936,-0.21532033131064818,-0.015856302043004936,0.04293742236991259,-0.01337034975688977
974,0.0,15685.213215067793,0.23301936376653207,0.01664872353135006,0.05640640920740224,-0.01663103546904449,0.04697811842115948,-0.014348555470536185
975,0.0,15699.989996285774,0.145617014781707,0.016259656729428272,0.03539352478051439,-0.016259656729428272,0.04350274032896595,-0.01492188584820381
976,0.0,15710.327929942376,0.019063744707425518,0.006294476680623332,0.2509783633646389,-0.005969204592437966,0.10574542723966784,-0.012236081471474057
977,0.0,15727.823116360974,0.2493242540282688,0.020394837218889794,0.015389541257751752,-0.020394837218889794,0.07863866144509302,-0.014683708195698777
978,0.0,15746.358734651529,0.1285663387520403,0.025258132064379848,0.1026233937035344,-0.025258132064379848,0.08583408112262543,-0.017856035356303097
979,0.0,15761.17610666854,0.06372702075812374,0.014835587156439498,0.05844039325480619,-0.01482999419174437,0.07761597476227966,-0.01694822300693548
980,0.0,15777.509850452172,0.01150418981287124,0.014722420094465996,0.24027818366611048,-0.014722420094465996,0.1264146374334289,-0.016280482133194635
981,0.0,15791.738622940233,0.0,0.013155055493594497,0.6650890031971767,-0.011310523629017919,0.2880169471625532,-0.014789494581941618
982,0.0,15804.217153854504,0.11786362618349445,0.008421874908410096,0.17648541640989787,-0.008421874908410096,0.2545574879367566,-0.01287920867988216
983,0.0,15817.05581901293,0.11020407251960948,0.012082281375261798,0.11819809226132953,-0.010804861862203264,0.21364966923412845,-0.012256904634578491
984,0.0,15833.022624239236,0.24877653275986888,0.019337630820152434,0.05586041330201805,-0.019337630820152434,0.16631289245449532,-0.014381122490250673
985,0.0,15838.623661892636,0.0013433346415042899,0.002016594227721191,0.4246733776460566,0.001697993986865473,0.2438210380119637,-0.009557387547115829
986,0.0,15849.969024173544,0.06088410282401283,0.008834740998941104,0.10583787447210868,-0.008257611010085208,0.2024260889500072,-0.009167454586006641
987,0.0,15860.732163276516,0.08438875309862612,0.01208561716186088,0.3021418472253167,-0.01208561716186088,0.23234081643260002,-0.010042903358762912
988,0.0,15869.110506203982,0.020390678620877803,0.009799975604810173,0.4116551387755899,-0.007486994931847545,0.28613511313549694,-0.009276130830688302
989,1.6798778530329357,15881.652518659428,0.2794114364548309,0.015281329498856288,-0.2332088634519129,-0.015281329498856288,0.13033192015927397,-0.011077690431138697
990,0.0,15894.66757254918,0.17603556407225338,0.016990488887052565,0.025708405509486693,-0.016990488887052565,0.0989448657643378,-0.012851529967912858
991,0.0,15905.366211522269,0.17427787554069285,0.010216889359131297,0.24366013809362982,-0.010214089912834099,0.1423594474631254,-0.012060297951389229
992,0.0,15912.993255611313,0.060799920197228345,0.002883707033577923,0.267760313162829,-0.0020001523876253375,0.17997970717303646,-0.00904225428226006
993,1.8156121414132116,15932.523861244288,0.3592690696374413,0.02774919077424297,-0.31325377699075835,-0.02774919077424297,0.03200966192389802,-0.014654335229854931
994,0.0,15944.283174083932,0.0802030055512588,0.014468956237324238,0.2729710320441716,-0.014468956237324238,0.1042980729599801,-0.014598721532095724
995,0.0,15959.587465450077,0.053146514740682285,0.01637907045802699,0.1823855129929964,-0.016010727751201534,0.127724304969885,-0.015022323397827466
996,0.0,15974.08014989556,0.18233151252562185,0.014360160857247485,0.09483033412248326,-0.014360160857247485,0.11785611371566446,-0.014823674635653471
997,3.8556058776451794,16000.884526674146,0.5257398572364863,0.03957654497282853,-0.5257398572364863,-0.03957654497282853,-0.07522267756998077,-0.02224953573680599
998,0.0,16015.879939254904,0.2177809125103676,0.014872051142076959,0.03126255291626134,-0.014872051142076959,-0.04327710842410813,-0.02003629035838728
999,0.0,16027.378393439803,0.009469566813933314,0.006243386057460464,0.4695721988728696,5.633227223517625e-05,0.1105776837649852,-0.014008503569200543
1000,0.0,16053.706620316569,0.13630013734097698,0.03339564922122532,0.013157054003052907,-0.03339564922122532,0.0813514948364055,-0.019824647264807975
1001,0.0,16065.200398281038,0.06395809364368679,0.008808381574635812,0.30540908446969045,-0.008527152572027708,0.148568771726391,-0.016435398856973895
1002,0.0,16082.448342704054,0.05464089425159151,0.014597735028065831,0.13163718293656596,-0.014597735028065831,0.14348929508944347,-0.015884099708301475
1003,0.0,16087.188090592586,0.0,0.0017490105551135342,0.6002337362917133,0.00790756986274842,0.2805126274501244,-0.008746598836986506
1004,0.0,16098.552694495831,4.6927348733816706e-05,0.007407482675755924,0.4423218867111646,-0.006765879317403555,0.32905540522843646,-0.00815238298111162
1005,0.0,16106.4759984419,0.008350500118504408,0.008325889125065742,0.3418541999622712,-0.007056160141569557,0.33289504364858685,-0.007823516129249001
1006,0.0,16117.283696203207,0.027714423553952268,0.013697991558680013,0.2978435799464284,-0.013697991558680013,0.3223796045379393,-0.009585858758078304
1007,0.0,16125.019679646335,0.053000652442651244,0.00760569331498786,0.3182153881730045,-0.007567725423628467,0.3211303396284588,-0.008980418757743353
1008,0.0,16131.971676653497,0.005045688839926702,0.005073444395858615,0.3229373069558176,-0.004123873443683623,0.32167242982666644,-0.007523455163525433
1009,0.0,16138.898529410886,0.07533767842024497,0.005816315103467754,0.24526114831113732,-0.004762863073432028,0.2987490453720077,-0.00669527753649741
1010,0.0,16154.29540816065,0.21211002484308658,0.023960928369316653,0.017195404556602144,-0.023960928369316653,0.21428295312738602,-0.011874972786343183
1011,0.0,16165.7050946101,0.14010014259825668,0.016301142136405322,0.0219483179233281,-0.016301142136405322,0.15658256256616862,-0.013202823591361823
1012,0.0,16187.422286486186,0.07496082769159361,0.0323242687730917,0.0506850570394653,-0.0323242687730917,0.12481331090815762,-0.018939257145880784
1013,0.0,16201.227420529696,0.01734975550111708,0.014218618968567803,0.17685974009227057,-0.014218618968567803,0.1404272396633915,-0.01752306569268689
1014,0.0,16215.617737627066,0.053452147587481534,0.009529735957935982,0.44624218365556806,-0.009521306688703919,0.23217172286104443,-0.015122537991492
1015,0.0,16228.677867632838,0.1431354427458896,0.008621954190118028,0.14652110660959264,-0.00832530499916109,0.2064765379856089,-0.013083368093792725
1016,0.0,16244.4829479825,0.21009504856124753,0.01662946665008475,0.1675205128122644,-0.01662946665008475,0.19478973043360553,-0.01414719766068033
1017,0.0,16250.331458469376,0.07719556201394077,0.0024890446929252685,0.2908826484992248,0.0020335781525727876,0.2236176058532913,-0.009292964916704394
1018,0.0,16261.528896378231,0.03561304516773396,0.00821573190227194,0.4078491299457411,-0.008204124542047159,0.2788870630810262,-0.008966312804307222
1019,0.0,16274.025536582243,0.05140487253000687,0.015980898936613426,0.32829702939465555,-0.015980898936613426,0.293710052975115,-0.011070688643999082
1020,0.0,16273.041583336448,0.0,0.000316561952259738,0.45762498621934955,0.011851090460062528,0.34288453294838533,-0.004194154912780599
1021,1.8597862740744695,16290.442767408958,0.34385538838198826,0.024545743025531756,-0.2685176912214849,-0.024545743025531756,0.15946386569742427,-0.010299631346605945
1022,0.0,16296.281223779246,0.06439394678355428,0.00759151811028569,0.2078942348009452,-0.007365388097843658,0.17399297642848055,-0.009419358371977259
1023,0.0,16308.104048359644,0.05981054086289582,0.014558116440508405,0.25333553955654464,-0.013509628624286674,0.19779574536689976,-0.010646439447670082
1024,0.0,16307.27542941246,0.0,0.0009379697296366088,0.6809276587653622,0.011981722754428078,0.3427353193864385,-0.0038579907870406336
1025,0.0,16311.752522725053,0.0,0.00436179427100573,0.6766053007785043,0.0019235129728810362,0.44289631380405825,-0.0021235396590641325
1026,0.0,16316.329356571212,0.0025622923163736372,0.007972385158171487,0.4431343900564791,-0.005427849290534657,0.4429677366797845,-0.00311483254850529
1027,0.0,16328.165248134099,0.22242753225600473,0.022316302254968497,0.009546441480866308,-0.022316302254968497,0.312941348120109,-0.008875273460444252
1028,0.0,16335.78416459059,0.11396034804392123,0.01225832231881332,0.27035537150356487,-0.01225832231881332,0.30016555513514576,-0.009890188117954972
1029,0.0,16345.14322738866,0.05746295803657765,0.009888923637400333,0.18353614354124176,-0.00984087980310125,0.26517673165697453,-0.009875395623498855
1030,0.23318913104876415,16361.353247470786,0.27798064780167553,0.023057121063911543,-0.12232147590370016,-0.023057121063911543,0.1489272693887721,-0.013829913255622661
1031,0.0,16372.9120282745,0.22029350560345298,0.013217676514275252,0.12921313439002335,-0.013217676514275252,0.14301302888914746,-0.013646242233218437
1032,0.0,16386.401851421062,0.10177185307022621,0.013129045154347997,0.10865141286088353,-0.013129045154347997,0.13270454408066829,-0.013491083109557305
1033,0.0,16397.39296057891,0.048079583875421134,0.00849043745647188,0.1989270303953254,-0.0081211799563433,0.15257128997506542,-0.011880112163593103
1034,0.7010891134770567,16421.409841679717,0.3618086904047195,0.035486952714079215,-0.24316329020971042,-0.035486952714079215,0.03385091591963266,-0.018962164328738935
1035,0.0,16435.400387072328,0.07843313943198721,0.015981762550494393,0.38142222449049434,-0.015981762550494393,0.13812230849089116,-0.01806804379526557
1036,0.0,16449.078665819383,0.0615872081249529,0.008005293618537716,0.17271960234016626,-0.007991324389129455,0.1485014966456737,-0.015045027973424736
1037,0.0,16465.169744189123,0.009469566813933314,0.01617588810001923,0.35151069358831427,-0.014075324818006302,0.20940425572846585,-0.014754117026799204
1038,0.0,16485.51408027437,0.2570426598026178,0.026097374495825974,-0.0012631364593664958,-0.026097374495825974,0.14620403807211615,-0.018157094267507234
1039,0.0,16502.310595508523,0.16122713874907735,0.0188673225737589,-0.002347711658926069,-0.0188673225737589,0.10163851315280348,-0.018370162759382733
1040,0.0,16521.86534305691,0.24564812154949675,0.02105999408217999,-0.11744070734400851,-0.02105999408217999,0.03591474700375988,-0.019177112156221907
1041,0.0,16538.275521319916,0.1322887867201348,0.014282808958088393,0.2570845522989864,-0.014253238833718922,0.10226568859232785,-0.017699950159471012
1042,0.0,16550.947514345025,0.01218954111084147,0.007935951481461081,0.4019810623391752,-0.005686329049602832,0.19218030071638204,-0.014095863826510558
1043,0.0,16566.75155246645,0.05741860915758999,0.013947894972173651,0.1896733735081645,-0.013900303677413581,0.19142822255391675,-0.014037195781781465
1044,0.0,16579.069442353466,0.26192308501727274,0.011272793240798015,0.07368121772583974,-0.010394195954432013,0.15610412110549365,-0.01294429583357663
1045,0.0,16595.183352496686,0.06211914966047192,0.018409221532622918,0.2229250711847976,-0.018409221532622918,0.17615040612928484,-0.014583773543290515
1046,0.0,16616.226682852746,0.11053160298610255,0.029748972850845455,0.07937525226774764,-0.029748972850845455,0.14711785997082366,-0.019133333335556994
1047,0.0,16629.48560232222,0.08302257570316422,0.01163409589815233,0.34387812736607837,-0.01163409589815233,0.20614594018940008,-0.016883562104335594
1048,0.0,16649.22246117247,0.11086840833350074,0.02048441862580088,0.18135291943746365,-0.02048441862580088,0.19870803396381914,-0.01796381906077518
1049,0.0,16663.021920363713,7.445192463577384e-05,0.010415603357482754,0.4614355199327696,-0.010413336995542366,0.2775262797545043,-0.015698674441205335
1050,0.0,16681.701197104707,0.26965042572522907,0.019548736920372862,-0.022228236072564887,-0.019548736920372862,0.1875999250063835,-0.016853693184955592
1051,0.0,16700.546686009882,0.296482422028083,0.02220641212682019,0.12534211984385701,-0.02220641212682019,0.16892258345762554,-0.01845950886751497
1052,0.0,16713.391650029662,0.02016829868623407,0.009666094000297788,0.3213248564590764,-0.008435265104071384,0.21464326535806078,-0.015452235738481894
1053,0.0,16726.7950063348,0.14795696154022392,0.008190423312789845,0.08765214199506388,-0.008051160742934223,0.1765459283491617,-0.01323191323981759
1054,0.0,16745.994760545458,0.16497191572241876,0.023352079326294697,0.09160840160902682,-0.023352079326294697,0.15106467032712123,-0.01626796306576072
1055,0.0,16757.04334471771,0.0011270584769403366,0.00870739264471135,0.3162058325730058,-0.008556808939639204,0.2006070190008866,-0.013954616827924263
1056,0.0,16770.96569065145,0.056140609015155295,0.011477650133965556,0.17569953736798835,-0.011477650133965556,0.1931347745110171,-0.01321152681973665
1057,0.0,16786.51230136977,0.026184423669371407,0.017302232849928656,0.3233148343093114,-0.017302232849928656,0.2321887924505054,-0.01443873862879425
1058,2.6743597479147327,16815.710284136654,0.4453135703819119,0.04646550955090113,-0.4434220009523885,-0.04646550955090113,0.029505554429637232,-0.024046769905426313
1059,0.0,16829.502380344715,0.06766382133160226,0.012692483071559311,0.28545937405987215,-0.012691232282404994,0.1062917003187077,-0.020640108618519913
1060,0.0,16851.126176330003,0.04379503765970518,0.019140851792094425,0.35129712929776324,-0.019140851792094425,0.17979332901242434,-0.020190331570592267
1061,0.0,16869.69525555015,0.13377986277579623,0.01634420474891274,-0.006827386276703519,-0.01634420474891274,0.12380711442568597,-0.019036493524088406
1062,0.0,16884.419454147366,0.0,0.009275168751243675,0.29872531718308526,-0.008850631127998606,0.17628257525290575,-0.015980734805261465
1063,0.0,16895.607809070865,0.0017986072086422246,0.006009123158083747,0.39648257578979657,-0.0028135280528184506,0.24234257541397297,-0.01203057277952856
1064,0.0,16913.85148333253,0.1669666244449786,0.02085978209050145,0.1932642681584405,-0.02085978209050145,0.22761908323731322,-0.014679335572820425
1065,0.0,16924.127973827442,0.000691413120854776,0.009866985681074405,0.38263600372250783,-0.008265869570188988,0.2741241593828716,-0.012755295772030993
1066,0.0,16936.863355025784,0.022085798395977102,0.01071305131778775,0.11702813790347906,-0.010709598951014787,0.22699535293905382,-0.012141586725726131
1067,0.0,16954.47775145127,0.20983821237153238,0.02290399334367213,0.009884045604370641,-0.02290399334367213,0.16186196073864886,-0.01537030871110993
1068,0.0,16962.67010762967,0.00500155252814615,0.003965959812694852,0.23207662563059345,-0.003779493002733887,0.1829263602062322,-0.011893063998597115
1069,2.104057286495524,16982.26234543722,0.4066963682316758,0.02431087952504823,-0.4055035749382089,-0.02431087952504823,0.006397379662899869,-0.015618408656532448
1070,0.0,17000.57440821652,0.10784083888001025,0.025110755430970133,0.16737692186850775,-0.025110755430970133,0.05469124232458223,-0.018466112688863754
1071,0.0,17010.375305978007,0.022663891460655543,0.004298564687345399,0.3924573163376677,-0.0033799399571863287,0.1560210645285079,-0.013940260869360526
1072,0.0,17027.669982677282,0.09877093700109701,0.016214198203032378,0.08094628268198473,-0.016214198203032378,0.13349862997455095,-0.014622442069462081
1073,0.0,17039.49364681319,0.03540322828314528,0.009502260124655887,0.3298108742506409,-0.009502260124655887,0.19239230325737794,-0.013086387486020222
1074,0.0,17053.52197071509,0.21121449891190722,0.013448698161354172,0.04878758113879601,-0.013448698161354172,0.14931088662180336,-0.013195080688620405
1075,0.0,17074.586327922316,0.1846401862382116,0.02970262885509189,0.1430640043323487,-0.02970262885509189,0.14743682193496696,-0.01814734513856185
1076,0.0,17093.061410368213,0.3369124764570049,0.023988739997536528,-0.06894470882945607,-0.023988739997536528,0.08252236270564005,-0.019899763596254255
1077,0.0,17112.466766926056,0.058994595098744,0.02069518482632964,0.33826500558958106,-0.02069518482632964,0.15924515557082236,-0.02013838996527687
1078,0.0,17130.177592582168,0.14874354744408178,0.015329533455587829,0.32616883510665945,-0.015329533455587829,0.20932225943157348,-0.018695733012370156
1079,0.0,17151.369844013105,0.2958596467552733,0.022394045391758585,-0.04806825898065641,-0.022394045391758585,0.13210510390790453,-0.019805226726186686
1080,0.0,17172.428018163282,0.3274812044599604,0.02357125647805944,-0.1058178185594306,-0.02357125647805944,0.06072822716770399,-0.020935035651748514
1081,0.0,17183.243639142762,0.013539279609303224,0.004329370440254099,0.35624683226773357,-0.0010298060486565554,0.14938380869771284,-0.014963466770820924
1082,1.487440040595016,17211.461704123827,0.3825531595285161,0.03635682879119201,-0.35142175857328034,-0.03635682879119201,-0.0008578614835851178,-0.021381475376932246
1083,0.0,17222.687966416004,0.049077831047497036,0.006939762948727011,0.23745685844350167,-0.006910207081729301,0.07063655449454091,-0.01704009488837136
1084,0.0,17247.904130457697,0.24809420556285255,0.029551300948863775,-0.017054702996791613,-0.029551300948863775,0.04432917724714115,-0.020793456706519085
1085,0.0,17264.497093710874,0.23996287162555943,0.015952180572630044,-0.09288421569945579,-0.015952180572630044,0.0031651593631620706,-0.019341073866352372
1086,0.0,17283.338398156942,0.07413725968779951,0.01678698878224747,0.1576080634808448,-0.01678698878224747,0.04949803059846689,-0.0185748483411209
1087,1.0486310288264589,17306.957392652654,0.4466442957860671,0.028285334574406226,-0.31397838427453184,-0.028285334574406226,-0.05954489386343272,-0.021487994211106497
1088,0.0,17316.77576339267,0.004351139970039911,0.0032217679923134523,0.24614870629211663,-0.0002108055942327499,0.03216318618323208,-0.01510483762604437
1089,0.0,17334.039445233644,0.08679825223012139,0.01295330829770453,0.2817215016447539,-0.01295330829770453,0.10703068082168862,-0.014459378827542417
1090,0.0,17354.815086822222,0.3076269564862504,0.02694590666460481,-0.15999927454919438,-0.02694590666460481,0.026921694210423716,-0.018205337178661133
1091,0.0,17369.20935488144,0.13526702467684282,0.014167649795572656,-0.005191346562397195,-0.014167649795572656,0.01728778197857744,-0.01699403096373459
1092,0.0,17382.828245029505,0.18137106118561291,0.008738814878911252,0.2204695127530383,-0.008700710290538252,0.0782423012109157,-0.014506034761775687
1093,0.0,17396.578115304415,0.06444603110145136,0.010629546203283623,0.19182776112772537,-0.010339029370430047,0.11231793918595859,-0.013255933144371995
1094,0.0,17412.23018393966,0.1251360185703578,0.016945692898894582,-0.06688425873902469,-0.016945692898894582,0.0585572798084636,-0.014362861070728771
1095,0.0,17425.504933609984,0.0901546665695387,0.013516073238181707,0.08066103014538036,-0.013249012243174344,0.06518840490953862,-0.014028706422462442
1096,0.0,17440.48115576669,0.17658496426353762,0.015654619776854388,-0.08430218301435434,-0.015654619776854388,0.020341228532370723,-0.014516480428780024
1097,0.0,17452.721727052696,0.01073590728579204,0.0102869278789894,0.2991653023184106,-0.01028310097124729,0.10398845066818267,-0.013246466591520203
1098,0.0,17472.346103191467,0.14543588675884703,0.02521084706781529,-0.008033531326387362,-0.02521084706781529,0.07038185606981166,-0.01683578073440873
1099,0.0,17485.31741998848,0.21963263459458865,0.01264183996024285,0.010676699539246678,-0.01252368309702004,0.05247030911064217,-0.015542151443192122
1100,0.0,17501.177070944523,0.08768555594707406,0.014856078249941012,0.04890782144095602,-0.014856078249941012,0.051401562809736324,-0.01533632948521679
1101,0.0,17518.148045665916,0.018460781566978595,0.01852744252102624,0.24360019954947354,-0.01852744252102624,0.10906115383165749,-0.016293663395959626
1102,0.0,17537.802199105092,0.33245471755207345,0.02429190714301787,-0.013644557675621137,-0.02429190714301787,0.0722494403794739,-0.0186931365200771
1103,0.0,17552.672873820356,0.17046338619889628,0.013268628853225519,0.2717988522772266,-0.013229125597673957,0.13211426394879972,-0.017053933243356155
1104,0.0,17572.630303501344,0.10927235427581194,0.021395380741850455,0.034560270665171235,-0.021395380741850455,0.10284806596371115,-0.018356367492904445
1105,0.0,17583.06460691826,0.06846754748929627,0.004361271154835304,0.09563514255646267,-0.0032087696778583348,0.1006841889415366,-0.01381208814839061
1106,0.0,17589.427006820722,0.0,0.0011737371780087388,0.38100686201621076,0.006441720014486069,0.18478099086393884,-0.007735945699527605
1107,0.0,17606.87636318262,0.0909452641168026,0.021642902861893354,0.17723265609028305,-0.021642902861893354,0.1825164904318421,-0.01190803284823733
1108,0.025789196038096485,17621.306135876206,0.2860457252064685,0.021507581639285882,-0.14120997626099144,-0.021507581639285882,0.08539855042399203,-0.014787897485551895
1109,0.0,17629.40509511705,0.013345821061439184,0.004838044691745007,0.13611812007877663,-0.003852468472948841,0.1006144213204274,-0.011507268781770979
1110,0.0,17651.016846651608,0.12126250658811388,0.02914095295031468,0.15050642603727,-0.02914095295031468,0.11558202273548018,-0.016797374032334087
1111,0.0,17659.691713532477,0.001713796429147692,0.007938303206036359,0.28257472679889173,-0.005386010436118037,0.16567983395450364,-0.013373964953469271
1112,0.3975902011007415,17679.474445677322,0.32472328839652925,0.023159512145011083,-0.21808731772968423,-0.023159512145011083,0.050549688449247274,-0.016309629110931815
1113,0.0,17687.743378141404,0.0,0.0048912341233052535,0.6222944275040712,-0.002616161260694674,0.22207311016569442,-0.012201588755860672
1114,0.0,17707.827399671904,0.2130986515567066,0.024344114999818818,-0.11440954293764606,-0.024344114999818818,0.12112831423469225,-0.015844346629048114
1115,0.0,17718.735731073386,0.05633828466164454,0.010378327376340939,0.058443750131529776,-0.00935552102286095,0.1023229450037435,-0.013897698947191964
1116,0.0,17730.895704891052,0.06134765867820675,0.008444131104870172,0.2884185890259099,-0.008249680258745508,0.1581516382103934,-0.012203293340658027
1117,0.0,17739.539551066802,0.00254095485562498,0.005884628800657893,0.31804501901466464,-0.003022772573629435,0.20611965245167477,-0.009449137110549448
1118,0.0,17757.868695162342,0.1739569106120417,0.02527288861593048,0.14347023505690706,-0.025080238922907706,0.18732482723324445,-0.014138467654256925
1119,0.0,17765.760101076987,0.0,0.00684183215611341,0.5095644527434792,-0.006008475013088432,0.28399671488631484,-0.011699469861906377
1120,0.0,17781.332766570642,0.15524871493069298,0.017283925601564103,0.04837870276622251,-0.017228004727690236,0.21331131125028713,-0.013358030321641534
1121,0.0,17786.934226273966,0.029550770357413263,0.002473794254205459,0.3126813889063506,0.0010738246542949532,0.2431223345471062,-0.009028473828860586
1122,0.0,17798.56920239612,0.032680466634198845,0.010756671487085045,0.33489869472517136,-0.009948732259904386,0.27065524260052576,-0.009304551358173726
1123,0.0,17811.864257129662,0.21180024533384262,0.01790568081656322,0.020509623647735578,-0.01790568081656322,0.1956115569146887,-0.011884890195690574
1124,0.0,17817.54756330372,0.05956393048257696,0.006941413567863411,0.3383914181914956,-0.001652776439700452,0.23844551529773078,-0.008815256068893537
1125,0.0,17830.384039632812,0.04306011839015866,0.013995262728892005,0.24636472568929996,-0.013995262728892005,0.2408212784152015,-0.010369258066893077
1126,0.0,17838.91024261375,0.03196470340249113,0.01047302585663611,0.30604656982735545,-0.008148312052396623,0.2603888658388477,-0.00970297426254414
1127,0.0,17854.841914637396,0.21135450743776246,0.0219853823019722,0.01978887698698312,-0.0219853823019722,0.1882088691832883,-0.013387696674372557
1128,1.7761472246966004,17874.6253154015,0.48805189574885316,0.030550332706963793,-0.3723769318466084,-0.030550332706963793,0.020033128874319295,-0.018536487484149926
1129,0.0,17896.511166638047,0.22961791750662547,0.030877652395171012,-0.14325674644697572,-0.030877652395171012,-0.028953833722069208,-0.02223883695745625
1130,0.0,17912.07874937949,0.0635827591793937,0.012210675350913467,0.02887826323483539,-0.012197004708782825,-0.011604204634997827,-0.01922628728285422
1131,0.0,17924.54118485632,0.06777138089052698,0.0062976974134397335,0.28229618780947935,-0.001996856775926023,0.07656591309834532,-0.01405745813077576
1132,0.0,17941.73488317648,0.0016789762830520377,0.015215148833551767,0.4106524981013041,-0.015207094825247017,0.17679188859923295,-0.014402349139117136
1133,0.0,17958.465678132186,0.138760729690927,0.019612539390697657,-0.08819774990256486,-0.019612539390697657,0.0972949970486936,-0.01596540621459129
1134,0.0,17975.370440103197,0.10708446287686152,0.019550581827416712,0.06597101261517997,-0.019550581827416712,0.0878978017186395,-0.017040958898438915
1135,0.0,17987.442756794142,0.06752757281068551,0.007856679519032192,0.272956546476206,-0.007809988345164672,0.14341542514590944,-0.014271667732456642
1136,0.0,18003.5037493141,0.10980512636871548,0.0162790984648713,0.20515222008686182,-0.015114749408514093,0.16193646362819514,-0.014524592235273876
1137,0.0,18009.838594202818,0.0,0.0043763173936271485,0.42185820629477555,0.0022739183796118894,0.23991298642816927,-0.009485039050808147
1138,0.0,18023.71636640471,0.09003309220787215,0.013387031881762684,0.1323168280931997,-0.013387031881762684,0.20763413892767837,-0.010655636900094507
1139,0.0,18032.310625621325,0.033194067732179,0.008861212164053025,0.16246092822918862,-0.007580472819176056,0.19408217571813144,-0.009733087675818972
1140,0.0,18045.013501998328,0.14111435976438155,0.01495915869466346,0.16621231046743562,-0.01495915869466346,0.18572121614292267,-0.011300908981472318
1141,0.0,18059.378335693968,0.21964096551175583,0.01931723266270364,-0.08153742815782479,-0.01931723266270364,0.10554362285269842,-0.013705806085841713
1142,0.0,18065.35714724319,0.004255531669654845,0.0038814797435397634,0.26292667274589865,-0.00011300195160708069,0.15275853782065849,-0.009627964845571322
1143,0.0,18086.63595568689,0.21862503671042485,0.029652804383048896,-0.10816085165407446,-0.029652804383048896,0.0744827209782386,-0.015635416706814592
1144,0.0,18094.96211541744,0.0831671893090652,0.010998786247309728,0.20460492690368193,-0.006665560361736361,0.11351938275587159,-0.012944459803291123
1145,0.0,18118.42165033985,0.17083288288597062,0.032047786193625236,0.19379183827661242,-0.032047786193625236,0.13760111941209383,-0.018675457720391357
1146,0.0,18126.412475759833,0.018316021827061834,0.004949109408879672,0.4523519063164079,-0.0023855965915175388,0.23202635548338807,-0.013788499381729212
1147,0.0,18146.57662393181,0.04020730493023439,0.021980519425308914,0.29038667373428034,-0.021980519425308914,0.24953445095865573,-0.01624610539480312
1148,0.0,18164.687246398684,0.18306365337752764,0.02269052222523756,0.00175882575383843,-0.02269052222523756,0.17520176339721052,-0.01817943044393345
1149,0.0,18176.823291194116,0.007436637932193522,0.007835452473896398,0.13223226446791267,-0.007602923935727041,0.16231091371842116,-0.015006478491471527
1150,0.0,18196.640806688694,0.26135811217984467,0.02172431396414311,0.022377684423131292,-0.02172431396414311,0.12033094492983418,-0.017021829133273002
1151,0.0,18208.698932193278,0.05465817891372357,0.008780103492045,0.16562454118129988,-0.008780103492045,0.13391902380527387,-0.014549311440904602
1152,0.0,18225.70641898205,0.07210152843738726,0.01709497081941117,0.19307234070827206,-0.01709497081941117,0.1516650188761733,-0.015313009254456571
1153,0.0,18244.0055505784,0.2600115376689719,0.022329616022515965,-0.07677364646937802,-0.022329616022515965,0.0831334192725079,-0.01741799128487439
1154,0.0,18263.91666154678,0.13030514579955763,0.024804680240528933,0.0726453314397174,-0.024804680240528933,0.07998699292267075,-0.01963399797157075
1155,0.0,18275.071080757538,0.0010689885609231485,0.006362586631728921,0.40440020921636954,-0.004276549185192581,0.17731095781078038,-0.015026763335657299
1156,0.0,18290.45374071718,0.1460802007215749,0.01117320769714106,0.08640318222386534,-0.010969011889891196,0.15003862513470584,-0.013809437901927468
1157,0.5119607255214982,18308.13882604585,0.31738272847526783,0.020615656047509028,-0.24402208188807978,-0.020615656047509028,0.03182041302787014,-0.015851303345601933
1158,0.0,18321.510601029207,0.11498036591022363,0.013143716677961024,0.10852167302819342,-0.012812562428072176,0.054830791027967125,-0.014939681070343006
1159,0.0,18340.202758461866,0.3075554755468928,0.02180773362178208,-0.03034527526125871,-0.02180773362178208,0.029277971141199375,-0.017000096835774726
1160,0.0,18358.00951217404,0.11404569852873282,0.02082689841726485,0.169656201442853,-0.02082689841726485,0.07139144023169547,-0.018148137310221763
1161,0.0,18374.104849864372,0.22204866817392346,0.01506734692966641,0.031695693948436986,-0.01506734692966641,0.05948271634671792,-0.01722390019605516
1162,0.0,18396.989388895803,0.2956993848524909,0.028054150775830438,-0.18991816376366902,-0.028054150775830438,-0.015337547686398154,-0.020472975369987743
1163,0.0,18410.823436811068,0.02051744749107462,0.010639676971235768,0.2459260296973628,-0.010026329812162147,0.06304152552873013,-0.017338981702640064
1164,0.0,18429.034685560127,0.019599027501429268,0.015891627979190453,0.2408423624130686,-0.015891627979190453,0.11638177659403166,-0.01690477558560518
1165,0.0,18450.113716359352,0.15855394659818145,0.025148842575404447,0.16561633347979474,-0.025148842575404447,0.13115214365976058,-0.01937799568254496
1166,0.0,18469.248811142104,0.34520258904803075,0.02144822307561693,-0.1837605804105503,-0.02144822307561693,0.036678326438667315,-0.01999906390046655
1167,0.0,18490.61333694024,0.3156472740355402,0.023490722247613276,0.068740005813576,-0.023490722247613276,0.04629683025113992,-0.021046561404610566
1168,0.0,18504.056033715304,0.0033312925144128205,0.009179498010589983,0.26311139818865503,-0.006296319993208136,0.11134120063239444,-0.016621488981189834
1169,0.0,18529.340733178884,0.17515188880255259,0.030060393711772732,-0.16518159504426524,-0.030060393711772732,0.02838436192939653,-0.020653160400364703
1170,0.0,18544.37758594642,0.03188551584817023,0.013177959040148608,0.21488385733836876,-0.013152177226940308,0.08433421055208819,-0.018402865448337385
1171,0.0,18567.09952469595,0.25266479451970425,0.02505687758413086,-0.029648977378158217,-0.02505687758413086,0.050139254173014264,-0.020399069089075426
1172,0.24494043152528344,18592.34051567659,0.2920324070522024,0.032565785155599686,-0.2311976740968409,-0.032565785155599686,-0.03426182430794228,-0.024049083909032702
1173,0.0,18607.058773580935,0.1637215817583645,0.009106442865673199,0.12299847327151553,-0.008411961836714455,0.012916264965895062,-0.019357947287337224
1174,0.0,18625.2907177205,0.1092802209658265,0.012125506748555314,0.14163340831310792,-0.012125506748555314,0.05153140797005892,-0.01718821512570265
1175,0.0,18637.809348928513,0.0,0.006636125010967,0.47569777071547126,-0.005199777628806161,0.17878131679368264,-0.013591683876633702
1176,0.0,18650.746033816966,0.0,0.008640671647366408,0.5261411767098935,-0.00848071593348187,0.28298927476854585,-0.012058393493688152
1177,0.0,18666.080803253917,0.16400706620295705,0.017286999226584814,0.069572792744802,-0.017286999226584814,0.2189643301614227,-0.01362697521355715
1178,0.17782796392509415,18685.560249074144,0.25576059772238274,0.027453561602316174,-0.14870736614641603,-0.027453561602316174,0.10866282126907106,-0.017774951130184857
1179,0.0,18697.084287405192,0.08865683477340003,0.009205263997965205,0.16074321358847313,-0.009073024378469192,0.12428693896489168,-0.015164373104670156
1180,0.0,18714.87972339678,0.09066311394168534,0.017926402009168188,0.1247956755134244,-0.017926402009168188,0.1244395599294515,-0.015992981776019564
1181,0.0,18735.05928277107,0.2544281263058122,0.025578152471735956,0.23706518104597463,-0.025578152471735956,0.15822724626440843,-0.018868532984734482
1182,0.0,18745.52230668771,0.0066751077652396264,0.005834110914429217,0.373656919643923,-0.004352421601950271,0.22285614827826278,-0.01451369956989922
1183,0.0,18762.51095913452,0.1592201746614875,0.015133566589672166,0.09166720848640916,-0.015133566589672166,0.18349946634070669,-0.014699659675831103
1184,0.0,18774.478617309822,0.05213180803249167,0.009232300341534426,0.20406939142412908,-0.009201698326741461,0.1896704438657334,-0.01305027127110421
1185,0.0,18792.220361275286,0.08111279775602966,0.021106059796092418,0.1169085172516518,-0.021106059796092418,0.1678418658815089,-0.015467007828600672
1186,0.0,18806.392242232934,0.01004010100883776,0.01528626076150541,0.14570724878906186,-0.01528626076150541,0.16120148075377477,-0.015412783708472093
1187,0.0,18815.447770734347,0.0,0.005636002281993915,0.5250916076323751,-0.0021120185686407506,0.27036851881735485,-0.01142255416652269
1188,0.0,18830.209582532298,0.13014807814064286,0.01422285179246612,0.16978447549122455,-0.01422285179246612,0.24019330581951576,-0.012262643454305718
1189,0.0,18843.16335629793,0.1675334474122656,0.015197279218700477,0.22651525550547924,-0.01457759127768332,0.23608989072530479,-0.012957127801318998
1190,0.0,18850.58103825533,0.005363963423894506,0.0068260983793784254,0.41171961156070147,-0.002140036821301133,0.2887788069759238,-0.009712000507313637
1191,0.0,18863.55493047657,0.058712446023817304,0.01312790500732814,0.09227973801904615,-0.013127267313392659,0.22982908628886048,-0.010736580549137344
1192,0.0,18869.113716221404,0.0,0.005190025484388451,0.578327289837823,-0.001016778917081177,0.3343785473535492,-0.007820640059520493
1193,0.0,18884.557488104543,0.030874108150854784,0.020664726682034812,0.22005860354392306,-0.020664726682034812,0.3000825642106614,-0.011673866046274788
1194,0.0,18896.60975322762,0.2027257053007381,0.01647597452581785,0.011799163497511644,-0.01647597452581785,0.21359754399671646,-0.013114498590137705
1195,0.0,18903.32183636324,0.051674680131704516,0.006119457395611902,0.41053672372540084,-0.0012767919597544174,0.27267929791532175,-0.009563186601022717
1196,0.0,18917.463939216348,0.15722061739060444,0.015403312137532507,0.06391315951957466,-0.015403312137532507,0.2100494563965976,-0.011315224261975655
1197,0.0,18936.281761943494,0.16158451767774143,0.02877067696123478,0.11754596596295382,-0.02877067696123478,0.18229840926650445,-0.016551860071753393
1198,0.0,18946.923244023183,0.003753180072783777,0.010128045245980457,0.3059666333228112,-0.009693401556805752,0.21939887648339645,-0.0144943225172691
1199,0.0,18963.861814933072,0.11449449849864574,0.017443238382633265,0.13184754479489127,-0.017443238382633265,0.19313347697684488,-0.015378997276878349
1200,0.0,18979.030932441805,0.00937467442208794,0.015869045965586356,0.268721163784728,-0.01586328396783699,0.21580978301920978,-0.01552428328416594
1201,0.0,18993.79613005276,0.0,0.01421241629562231,0.40206071222796186,-0.014094194389239091,0.2716850617818354,-0.015095256615687886
1202,0.0,19007.158840393437,0.04835235454190938,0.011050432119297949,0.31664759363719186,-0.011038882429744388,0.2851738213384423,-0.013878344359904836
1203,0.0,19027.00432792684,0.186736765848273,0.025042275704917,0.07660541615219207,-0.025042275704917,0.22260329978256724,-0.017227523763408484
1204,0.0,19036.666336130944,0.1007499389816869,0.005103563457177728,0.30678112513882866,-0.004954761560175198,0.24785664738944563,-0.013545695102438499
1205,0.0,19049.347582774626,0.06383090515878184,0.007920906881996582,0.16968277485367275,-0.007909522624849626,0.22440448562871376,-0.011854843359161836
1206,0.0,19063.995035207216,0.10779712569292696,0.016054955681091748,0.009284424545155457,-0.015911475029559842,0.15986846730364626,-0.013071832860281237
1207,0.0,19067.451620216587,0.017536766732487958,0.001051136726816647,0.4474477935176522,0.00569223609878319,0.246142265167848,-0.007442612172561908
1208,0.0,19078.963860671276,0.030457569306580615,0.010057232877284902,0.24456442870001177,-0.010057232877284902,0.24566891422749712,-0.008226998383978806
1209,0.0,19089.930014250527,0.004015219756823138,0.014750640677688262,0.26904771284619466,-0.014750640677688262,0.2526825538131064,-0.010184091072091641
1210,0.0,19108.44915008621,0.10380567076211561,0.02958740587968809,0.012772855408418162,-0.02958740587968809,0.18070964429169992,-0.016005085514370576
1211,0.0,19115.611031581862,0.0014820364412090352,0.005687342639399114,0.3500050398137679,-0.003645279686074417,0.23149826294832032,-0.012297143765881728
1212,0.0,19129.44087943685,0.09861764103341375,0.013196951681683259,0.19268871309610436,-0.0116278379635158,0.21985539799265552,-0.012096352025171949
1213,0.10604693711658442,19147.121325833697,0.37702044078373587,0.023520723902924125,-0.19357284668177116,-0.023520723902924125,0.09582692459032749,-0.015523663588497601
1214,0.0,19159.36337207703,0.033115794391912444,0.012263527198338273,0.35680744698790007,-0.012257076997873892,0.17412108130959925,-0.014543687611310488
1215,0.0,19176.36955512056,0.0226470698409931,0.018653078118862562,0.038982414532668534,-0.018653078118862562,0.13357948127652003,-0.01577650476357611
1216,0.0,19183.29267959289,0.0,0.0011112343174762291,0.4831993922608456,0.0013838529762374675,0.23846545457181767,-0.010628397441632034
1217,0.0,19199.309274336978,0.18437475398654432,0.016491196694717075,0.1752771080013396,-0.016491196694717075,0.21950895060067424,-0.012387237217557545
1218,0.0,19205.509110125182,0.007378042094524681,0.003409056108139512,0.40493403992233634,-0.001328942339660384,0.27513647739717284,-0.009069748754188397
1219,0.0,19218.659782178336,0.10912922524325296,0.014115955144357244,0.3056439714028434,-0.014115955144357244,0.28428872559887397,-0.01058361067123905
1220,0.0,19227.918584427563,0.0,0.009405816329812328,0.5021138820776131,-0.009400532622310541,0.3496362725424957,-0.010228687256560497
1221,0.0,19237.045292686096,0.04887567921393001,0.008748603132241408,0.3251768580574472,-0.007563185787045295,0.34229844819698113,-0.009429036815705935
1222,0.0,19249.017145603637,0.009799523694289155,0.014068284614824157,0.3237070232962789,-0.013893601151977004,0.33672102072677046,-0.010768406116587255
1223,0.0,19268.737674222073,0.19092010555365074,0.030813837683864847,-0.08927348384615502,-0.030813837683864847,0.20892266935489281,-0.016782035586770532
1224,0.0,19278.701209340616,0.2049119588508826,0.008841023642731254,-0.07415695973044394,-0.008841023642731254,0.12399878062929179,-0.014399732003558749
1225,1.624204291529634,19300.46314343892,0.4115510687540719,0.027256086801767852,-0.3883557310671397,-0.027256086801767852,-0.029707572879637656,-0.01825663844302148
1226,0.0,19306.317599866743,0.013969904709185337,0.003732311378124259,0.478782077172686,0.0035636298808677247,0.12283932213605944,-0.011710557945854717
1227,0.0,19313.871620966143,0.0,0.0018170382997784655,0.4544384806229407,0.003767727668811269,0.2223190696821238,-0.007067072261454922
1228,0.0,19326.66075695125,0.18565338775328102,0.014151074097806932,-0.08207837268116906,-0.014151074097806932,0.13099983697313594,-0.009192272812360524
1229,0.0,19331.330587586905,0.05127588780599869,0.00554511320493152,0.10774363998490957,-0.0019842688514181334,0.12402297787666802,-0.007029871624077806
1230,0.0,19340.657183385727,0.02532297008741884,0.010373908104352953,0.24048962938804672,-0.009562212417004614,0.15896297333008164,-0.007789573861955848
1231,0.0,19354.5404532285,0.20597137119795514,0.021276130319782833,-0.07965179957384141,-0.021276130319782833,0.08737854145890471,-0.011835540799303943
1232,0.0,19363.80962192712,0.16473152293516657,0.011994688604351773,-0.12098395347832293,-0.010703481149279489,0.024869792977736414,-0.011495922904296607
1233,0.0,19373.4621378986,0.19822042798523462,0.007437039360346693,0.09096511931961196,-0.007301723153628641,0.044698390880299074,-0.010237662979096215
1234,0.0,19380.997925105017,0.015515537914821936,0.004984866917889474,0.3957606132875778,-0.0032980676972604772,0.15001705760248268,-0.008155784394545493
1235,0.0,19399.073726683026,0.26073401504936766,0.026653863334525362,0.027578005804187268,-0.026653863334525362,0.11328534206299405,-0.013705208076539454
1236,0.0,19413.075816265,0.11265291274712437,0.020104360881608687,-0.025398508165437438,-0.020104360881608687,0.0716801869944646,-0.015624953918060222
1237,0.0,19425.20470571209,0.03345593204625778,0.011025081746579962,0.22136708243536057,-0.010341221521785378,0.11658625562673339,-0.014039834199177769
1238,0.0,19432.940043909453,0.003747537890568579,0.0030174953343904405,0.3090502591181378,0.0007456988451042468,0.17432545667415472,-0.009604174285893165
1239,0.0,19447.461318596135,0.08495966805630058,0.015405080310982974,0.14286708896516304,-0.015227654377861534,0.1648879463614572,-0.011291218313483675
1240,0.16746564207654657,19463.98588349762,0.3032876446192488,0.023951361233893135,-0.20832291858027868,-0.023951361233893135,0.05292468687893643,-0.015089261189606512
1241,0.0,19479.41524276144,0.18608699216628996,0.019754093506846135,-0.0849789056287703,-0.019754093506846135,0.011553609126624408,-0.016488710884778397
1242,0.0,19492.39244375039,0.11333660528114253,0.010749272222086678,-0.031769583192034406,-0.010630825367605758,-0.0014433485689732354,-0.014731345229626604
1243,0.0,19507.985420927187,0.16251177933712527,0.014695822562114502,0.07238885086644702,-0.014695822562114502,0.02070631126165284,-0.014720688429372972
1244,0.0,19523.03687373089,0.07496728660742902,0.015398680042288466,0.028517441542339577,-0.015398680042288466,0.02304965034585886,-0.01492408591324762
1245,0.0,19537.92662231571,0.1467473624932368,0.01510683107622821,0.1734486198036671,-0.015064422191403422,0.06816934118320134,-0.01496618679669436
1246,0.0,19550.54463066732,0.01765285062500529,0.010166573879626292,0.33162922066600403,-0.01011800345635472,0.14720730502804213,-0.013511731794592466
1247,0.0,19571.859053971744,0.2990734416476517,0.028252281812891866,-0.07462472677745095,-0.028252281812891866,0.0806576954863942,-0.017933896800082283
1248,1.6213452223365326,19593.219543189927,0.4133496626226609,0.029679052885182543,-0.3753135278419295,-0.029679052885182543,-0.05613367151210291,-0.02145744362561236
1249,0.0,19602.01073235864,0.0031113264752553054,0.00597189638114332,0.4360972853047596,0.0012602252163344415,0.09153561553295583,-0.014642142973028318
1250,0.0,19619.764980745338,0.04149521819149665,0.01506133920718618,0.2554516663349798,-0.014026424405063003,0.14071043077356302,-0.014457427402638723
1251,0.0,19636.328396117457,0.3226747474762981,0.01865249028656921,-0.00742656701744366,-0.01865249028656921,0.09626933143626101,-0.015715946267817867
1252,0.0,19651.544403028525,0.21222763207555748,0.016001893677340506,-0.032788435548160764,-0.015985363092481462,0.05755200134093448,-0.015796771315216944
1253,0.0,19670.172120593703,0.13326548639418842,0.02177876876034166,0.05966071850406192,-0.02177876876034166,0.058184616489872706,-0.01759137054875436
1254,0.0,19682.685912310506,0.021175563555509303,0.00888245551713131,0.23576597680887493,-0.00888245551713131,0.11145902458557336,-0.014978696039267445
1255,0.0,19696.818325476965,0.028612061789121665,0.011505534352473368,0.16828916656992984,-0.010494070773536049,0.1285080671808803,-0.013633308459548025
1256,0.0,19713.104218418935,0.16958976296820713,0.017776163856844055,0.2113613988374648,-0.01775808073571885,0.15336406667785563,-0.014870740142399272
1257,0.0,19723.154600066482,0.016190321623338305,0.006188798633856323,0.281895491261886,-0.006117317947762648,0.19192349405306475,-0.012244713484008284
1258,0.0,19738.0228946895,0.20742961732721052,0.014975063087783184,0.02296995756419021,-0.014975063087783184,0.14123743310640238,-0.013063818365140752
1259,0.0,19744.69411034116,0.007772734008722076,0.006750612447900352,0.4067598406847675,-0.0005991302965710586,0.22089415537991192,-0.009324411944569844
1260,0.0,19762.559302899892,0.09429157022509183,0.023222489869313582,0.1921273993567793,-0.023222489869313582,0.2122641285729721,-0.013493835321992966
1261,0.0,19776.072038048125,0.1072467948357593,0.018684291775744207,0.15381578323658476,-0.017876359311481172,0.1947296249720559,-0.014808592518839425
1262,0.0,19793.089970264773,0.22672730247363382,0.020780922302656702,0.11742596016322154,-0.020780922302656702,0.17153852552940557,-0.016600291453984607
1263,0.0,19806.302563073437,0.00018994820934469683,0.013427696108813432,0.47353819035181277,-0.011408939000348367,0.2621384249761277,-0.015042885717893733
1264,0.0,19817.754779264927,0.02098001494992432,0.007417113383878588,0.20503148393606518,-0.005940026562786082,0.24500634266410895,-0.012312027971361437
1265,0.0,19838.32633877477,0.3665655750720391,0.026674741857217563,-0.12069484639071293,-0.026674741857217563,0.1352959859476624,-0.016620842137118275
1266,0.0,19850.46298074799,0.20292044035825368,0.013510557976198786,0.07301712694747521,-0.011767106551662371,0.11661232824760624,-0.015164721461481503
1267,0.5097698139287905,19874.305023172983,0.31066097128869274,0.031725681098342666,-0.24100675809441882,-0.031725681098342666,0.009326602344998727,-0.020133009352539852
1268,0.0,19885.74256256343,0.09262270790686554,0.009051662114674558,0.12476890492417804,-0.007192746818041468,0.04395929311875252,-0.016250930592190335
1269,0.0,19901.01765548782,0.05749814863089212,0.010175476789472464,0.32374428809519573,-0.010174103408905719,0.1278947916116855,-0.01442788243720495
1270,0.0,19916.42483793057,0.04992673802180672,0.014569615969041702,0.24546939225166312,-0.014569082287320942,0.16316717180367876,-0.014470242392239749
1271,0.0,19932.682020467477,0.17088460476660483,0.01823715931345363,0.12425827856702225,-0.01823715931345363,0.15149450383268181,-0.015600317468603912
1272,0.8641560521071323,19960.06797895387,0.2895621872493322,0.04133089779354893,-0.27753801162878056,-0.04133089779354893,0.0227847491942431,-0.023319491566087418
1273,0.0,19979.85252203063,0.13509238718036953,0.0239958218981996,0.09678048961713043,-0.0239958218981996,0.044983471321109296,-0.023522390665721073
1274,0.0,19999.163568240503,0.11066780321787154,0.014973548009672781,0.1040563737408525,-0.014960109611486022,0.06270534204703225,-0.020953706349450554
1275,0.0,19999.907284323588,0.1826189933298227,0.017950228154733162,-0.017375112116552544,-0.017950228154733162,0.03868120579795681,-0.020052662891035335
1276,0.0,20000.0,0.31425402451822426,0.022807580219435956,-0.06594557726666687,-0.022807580219435956,0.007293170878569701,-0.02087913808955552
1277,0.0,19998.885450103215,0.011315067205307174,0.013628338548321533,0.28240891246495275,-0.01224022992604754,0.08982789335448461,-0.018287465640503126
1278,0.0,19999.26180897664,0.06035365660784002,0.013179258134382952,0.2850096365785717,-0.013179258134382952,0.14838241632171073,-0.016755003388667075
1279,0.0,20000.0,0.25175374646988413,0.02830658554128443,-0.16017241901117243,-0.02830658554128443,0.05581596572184577,-0.02022047803445228
1280,0.0,19998.384605739884,0.08127199533821433,0.009165360673063864,0.14827181245754326,-0.00916502343860228,0.08355271974255501,-0.01690384165569728
1281,0.0,19999.859442040986,0.27719826571806083,0.01588449783194842,-0.1789439951397694,-0.01588449783194842,0.004803705277857687,-0.01659803850857262
1282,0.0,19997.94865161004,0.06700736844491142,0.007870420297222009,0.09248270266854823,-0.005133082927979862,0.03110740449506485,-0.013158551834394792
1283,0.0,19999.306584409227,0.09422474661474826,0.011154056794013184,0.13075602606432363,-0.011148493290483273,0.06100199096584248,-0.012555534271221335
1284,0.0,20000.0,0.1003635147332763,0.01645652550514885,0.26343619887828884,-0.01638465034496496,0.12173225333957638,-0.013704269093344424
1285,0.0,19996.592120793284,0.0005022709732475317,0.0010013127988673378,0.5772893100597846,0.0036893191274423053,0.2583993703556388,-0.008486192627108405
1286,0.06730942749171254,20000.0,0.24605343260544105,0.01652410292077411,-0.14148622377241965,-0.01651756316282999,0.13843369211722129,-0.01089560378782488
1287,0.0,19999.530484149516,0.004578670916428138,0.011960538112307647,0.2586123065556863,-0.01138662604917642,0.17448727644876078,-0.011042910466230342
1288,0.0,20000.0,0.1573364300629845,0.01833158030354671,0.25940625040493986,-0.01833158030354671,0.1999629686356145,-0.01322951141742525
1289,0.0,20000.0,2.8069784625637803e-05,0.01617771830920724,0.3205586475388692,-0.01617771830920724,0.2361416723065909,-0.014113973484959847
1290,0.010616805940280472,19999.26485087432,0.23212307052977335,0.011342946613398224,-0.14507935384405957,-0.011341272163475198,0.12177536446139574,-0.01328216308851445
1291,0.0,19999.07943678936,0.003018233571028121,0.012083135543323947,0.5044222005552872,-0.009941500404168918,0.23656941528956316,-0.01227996428321079
1292,0.0,19999.3602077499,0.05455675000265944,0.011416338902149159,0.2544557810335841,-0.011055917382593065,0.24193532501276943,-0.011912750213025472
1293,0.0,19997.175041130162,0.004842569879360137,0.004556483243488763,0.4388633979845205,0.0012471034249308558,0.3010137469042947,-0.007964794121638573
1294,0.0,20000.0,0.15521635517094062,0.018317372493373868,0.21622254344437786,-0.018317372493373868,0.27557638586631966,-0.01107056763315916
1295,0.0,19996.795996567456,0.00184245461283526,0.0037026560552673535,0.5185332729978116,0.0037272099198920948,0.3484634520057672,-0.006631234367243783
1296,0.0,20000.0,0.11512014854415246,0.014887823282695315,-0.06844853681053344,-0.014866974638084339,0.223389855360877,-0.00910195644849595
1297,0.0,19999.973008901477,0.3104006413411763,0.013047920298146,-0.03000642196628608,-0.013047920298146,0.14737097216272807,-0.010285745603390965
1298,0.0,19999.079897098894,0.09044858493865539,0.008668416064048712,0.015552667206293776,-0.008612316574871834,0.10782548067579778,-0.009783716894835225
1299,0.0,20000.0,0.09219759316383562,0.027676869637542328,0.17223486062271326,-0.027676869637542328,0.12714829465987243,-0.015151662717647355
1300,0.0,20000.0,0.009980539719098862,0.018540806193439948,0.35785244010800976,-0.016629444795959528,0.19635953829431363,-0.015594997341141005
1301,0.0,19999.97065857743,0.12625514609869987,0.015957022517123113,0.1631558346399964,-0.015920658894598053,0.18639842719801844,-0.01569269580717812
1302,0.0,19999.313123845233,0.2025012277074491,0.012334959974625801,0.029541060548328724,-0.012311109700642643,0.13934121720311152,-0.014678219975217476
1303,0.0,20000.0,0.3482898802076964,0.028251695517661404,-0.1395562554109825,-0.028251695517661404,0.055671975418883315,-0.018750262637950654
1304,0.0,20000.0,0.18766279237004171,0.029890998582035495,-0.14915868176390984,-0.029890998582035495,-0.0057772217359546366,-0.022092483421176104
1305,0.0,20000.0,0.17063854444199808,0.02286763011426238,-0.030278527926849885,-0.02286763011426238,-0.01312761359322321,-0.022325027429101987
1306,0.0,19998.49829638316,0.1061903111236668,0.010746415776977315,0.3295717462417543,-0.010731993409985163,0.08968219435727003,-0.01884711722336694
1307,0.0,20000.0,0.1950427888936321,0.01783490470522649,0.1085485133564765,-0.01783490470522649,0.09534209005703195,-0.018543453467924804
1308,0.0,19999.881096708174,0.2056569883798782,0.016733517899534645,0.17108094095833243,-0.016733517899534645,0.11806374532742209,-0.018000472797407754
1309,0.0,20000.0,0.3007351571481326,0.018859039376087045,-0.13411562315904207,-0.018859039376087045,0.04240993478148283,-0.01825804277101154
1310,0.0,19998.814060463446,0.008992468063919509,0.010679907087882622,0.2996933320586714,-0.010678689563538289,0.1195949539646394,-0.015984236808769564
1311,0.0,20000.0,0.07667951631887579,0.020503027048604683,0.1171297259979802,-0.020503027048604683,0.11885538557464163,-0.0173398738807201
1312,0.0,19997.60069551201,0.021702887857555836,0.004098240139665203,0.38929326274421744,-0.0035296981043252884,0.19998674872551436,-0.013196821147801656
1313,0.0,20000.0,0.12692965409078846,0.017489883253426215,-0.07051986686675028,-0.017489309462014543,0.11883476404783495,-0.014484567642065519
1314,0.0,19998.02859583081,0.0,0.007358739563518807,0.5255559689006323,-0.0046378971026783825,0.24085112550367416,-0.011530566480249377
1315,0.0,19999.429063561325,0.016987707227252364,0.01118661529868695,0.4204432199045728,-0.011105383978080804,0.2947287538239437,-0.011403011729598806
1316,0.0,19998.13965590621,0.03741554855096775,0.005296477880086845,0.31573006389428515,-0.003885317116032679,0.3010291468450461,-0.009147703345528968
1317,0.0,20000.0,0.0,0.017220077524113843,0.45535942543310703,-0.017220077524113843,0.3473282304214643,-0.01156941559910443
1318,0.0,19998.53560858034,0.02318628802774129,0.00768897845520308,0.24423937221098896,-0.006159011469873024,0.3164015729583217,-0.009946294360335008
1319,0.0,20000.0,0.10510559984160382,0.02660931314418733,0.21128025887577367,-0.02660931314418733,0.2848651787335573,-0.014945199995490703
1320,0.0,19997.60979795254,0.02169370731628096,0.005383668367657192,0.3819942895355093,-0.0025159677138090427,0.3140039119741429,-0.011216430310986205
1321,0.0,20000.0,0.22153227411990406,0.016784084117363825,0.043376497358300736,-0.016784084117363825,0.23281568758939022,-0.01288672645289949
1322,0.0,19997.741957815848,0.0,0.006241776747304214,0.5578933261491222,-0.002335312046603781,0.3303389791573098,-0.009721302131010776
1323,0.0,19999.083781888065,0.05232430985334144,0.008383034971423176,0.4230979238178728,-0.008383034971423176,0.3581666625554787,-0.009319821983134496
1324,0.0,19999.137749299123,0.0003388831302626575,0.009186335965201884,0.3021998957533901,-0.00850441830047238,0.34137663251485206,-0.009075200878335861
1325,0.0,20000.0,0.0565263196164275,0.019372908795851136,0.2150027923799737,-0.019372908795851136,0.3034644804743885,-0.012164513253590442
1326,0.0,19997.662775537385,0.0,0.007130072168828451,0.4801354918787411,-0.0015744268554509233,0.3564657838956943,-0.008987487334148586
1327,0.0,19999.499842223242,0.03172523870175173,0.010368341368251164,0.1014611450473707,-0.010368341368251164,0.2799643922411972,-0.009401743544379358
1328,0.0,20000.0,0.285665325367812,0.02026042216097398,-0.08052023206981222,-0.02026042216097398,0.17181900494789434,-0.012659347129357745
1329,0.0,19999.05017101743,0.05000520560731746,0.010509714424901727,0.41312278331336955,-0.009502105689365829,0.2442101384575369,-0.01171217469736017
1330,0.0,20000.0,0.09432176174101635,0.02164090462053871,0.0661935952196177,-0.02164090462053871,0.19080517548616113,-0.01469079367431373
1331,0.0,19996.53525766908,0.0013479356518074947,0.001597472548267039,0.5021002347674891,0.0035667700037223787,0.28419369327055954,-0.009213524570902897
1332,0.0,20000.0,0.1690569869766627,0.02101253496196447,-0.07580575066615163,-0.02101253496196447,0.17619386008954618,-0.012753227688221368
1333,0.0,20000.0,0.28468961229636996,0.01857769482159285,-0.04877761266649981,-0.01857769482159285,0.10870241826273239,-0.014500567828232813
1334,0.4003448439727957,20000.0,0.25960345472644347,0.016143878507536534,-0.23725081200744377,-0.016143878507536534,0.004916449181679536,-0.01499356103202393
1335,0.0,20000.0,0.18232689108388556,0.017856774048731712,0.11541920087396236,-0.017856774048731712,0.03806727468936438,-0.015852524937036264
1336,0.0,20000.0,0.17287008721246583,0.021852730157014902,0.154757894756827,-0.02177836749375164,0.07307446070960316,-0.017630277704050876
1337,0.0,20000.0,0.19533555731572297,0.01975366629718529,-0.1394337802886674,-0.01975366629718529,0.009321988410121995,-0.018267294281991198
1338,0.0,20000.0,0.2161713577839032,0.03366944873532141,-0.051284680072085385,-0.03366944873532141,-0.008860012134540218,-0.02288794061799026
1339,0.0,20000.0,0.11518591375984642,0.019884675704348542,0.2292535832596848,-0.019884675704348542,0.06257406648372729,-0.021986961143897744
1340,0.0,20000.0,0.19881357093770233,0.02893266250010639,0.038474108126846665,-0.02893266250010639,0.0553440789766631,-0.024070671550760335
1341,0.0,19999.25038146993,0.09537640853163364,0.015686085723890495,0.05662047508192055,-0.015686085723890495,0.05572699780824033,-0.02155529580269938
1342,0.0,19996.35161930364,0.0037705472809081804,0.00437364829048922,0.2733183708176971,0.001536093310186667,0.12100440971107736,-0.014627879068833565
1343,0.0,20000.0,0.19395801825111972,0.017637261047583883,0.10462605982982112,-0.017134350822352852,0.11609090474670049,-0.015379820594889352
1344,0.0,19997.09378355137,0.0016789762830520377,0.003948991384723948,0.3653852972286163,0.0001576142485192356,0.1908792224912752,-0.010718590141866775
1345,0.0,19999.8161757456,0.2121761661310564,0.012900890849167727,0.044061063815042135,-0.012895128851418362,0.14683377488840527,-0.01137155175473225
1346,0.0,20000.0,0.19345565725924954,0.020487451979521627,0.030402815270739587,-0.020487451979521627,0.11190448700310555,-0.014106321822169062
1347,0.0,20000.0,0.25412009348928294,0.025178566355392226,0.1098942109585783,-0.025178566355392226,0.11130140418974738,-0.01742799518213601
1348,0.0,20000.0,0.12514977170760194,0.019108562354253317,0.21486126239363276,-0.019108562354253317,0.14236936165091296,-0.017932165333771198
1349,0.0,20000.0,0.18735253916221173,0.018020509757694213,0.03066520729158272,-0.018020509757694213,0.10885811534311388,-0.017958668660948102
1350,1.0836372951470807,20000.0,0.31005543732094165,0.029318680321344184,-0.3004409822807572,-0.029318680321344184,-0.01393161394404746,-0.021366672159066926
1351,0.0,19997.498273223806,0.07948309082694291,0.005655344016110164,0.11249429139063077,-0.004750373515778837,0.02399615765635601,-0.0163817825660805
1352,0.0,19998.090602955406,0.004830584633769185,0.008382935383370638,0.33394091681226806,-0.005825587761132461,0.11697958540312962,-0.013214924124596086
1353,0.0,19998.302006794092,0.034089150000469984,0.007483147325124408,0.20622734516285846,-0.00559256089095251,0.14375391333104826,-0.010928215154503013
1354,0.0,19998.532261953038,0.08113018582009081,0.008056162187862233,0.36550068414962184,-0.005855441120588127,0.2102779445766203,-0.009406382944328546
1355,0.2943599987379675,20000.0,0.22343022798164824,0.016829757634224365,-0.16766802524263064,-0.016829757634224365,0.096894153630845,-0.011633395351297291
1356,0.0,19997.515617558118,0.0,0.005417517956867921,0.5275804797600426,-0.000520830125162737,0.22610005146960427,-0.008299625783456924
1357,0.0,19996.4927323179,0.01937574752594365,4.2391938839698584e-05,0.565644429612192,0.006643541017290974,0.32796336491238054,-0.003816675743232554
1358,0.0,19998.618597576176,0.011585723648619449,0.0043634064555670175,0.5299900546939479,-0.0031743992885936326,0.38857137184685075,-0.003623992806840877
1359,0.0,20000.0,0.034180535872341836,0.01567219594605051,0.06678922021738626,-0.01567219594605051,0.29203672635801137,-0.007238453748603766
1360,0.0,20000.0,0.2204680066111063,0.016294029984529623,0.15236127690525972,-0.016294029984529623,0.25013409152218585,-0.009955126619381523
1361,0.0,20000.0,0.17877423142629775,0.016412102624047648,-0.04802998754592906,-0.016375847661027367,0.16068486780175137,-0.011881342931875274
1362,0.0,19998.769429686366,0.02689410357598756,0.007597472420665306,0.35543022311841127,-0.00759665198458712,0.21910847439674933,-0.010595935647688827
1363,0.0,19998.719249921418,0.000691413120854776,0.008049429588805376,0.3201690196747118,-0.006746583386339154,0.24942663798013803,-0.009441129969283923
1364,0.0,20000.0,0.11414295897400113,0.02222416151562294,0.1272783649542016,-0.02222416151562294,0.2127821560723571,-0.013276039433185628
1365,0.0,19997.872780406164,0.0027149855891925646,0.004568667470206552,0.34218290716148575,-0.0032351322062778845,0.2516023813990957,-0.010263767265113305
1366,0.0,20000.0,0.07018833043718194,0.02269999418703245,0.1509452970431295,-0.02269999418703245,0.22140525609230582,-0.013994635341689047
1367,0.0,20000.0,0.20936640985381108,0.02284176018482714,-0.08484607954138418,-0.02284176018482714,0.1295298554021988,-0.016648772794630475
1368,0.0,19997.072232889175,0.0,0.003756355676212557,0.5069487043844159,-0.0002866386058472156,0.2427555100968639,-0.011740132537995496
1369,0.0,19998.698216823756,0.15541274823038942,0.007235158337262308,0.19926780796022717,-0.007138264795020274,0.22970919945587287,-0.010359572215102928
1370,0.0,19999.32051010777,0.03834308387226208,0.01028677388796894,0.2593759231704266,-0.009981867340467963,0.23860921657023898,-0.010246260752712438
1371,0.0,20000.0,0.06411589782158555,0.014410536382859124,0.0014717663739432555,-0.014410536382859124,0.16746798151135023,-0.011495543441756443
1372,0.0,20000.0,0.19726267410503542,0.026056543571691022,-0.025636682912042276,-0.026056543571691022,0.10953658218433247,-0.015863843480736814
1373,1.7906554539853712,20000.0,0.44298005528622114,0.033104093602676014,-0.3611096352043233,-0.033104093602676014,-0.03165728303226427,-0.02103591851731857
1374,0.0,19998.18778706207,0.05497154955842766,0.008509283588680026,0.3312141800043035,-0.00843400433202351,0.07720415587870606,-0.01725534426173005
1375,0.0,19999.676051716044,0.06612604588256824,0.01502188607384751,0.20793974651593217,-0.01502188607384751,0.11642483306987389,-0.016585306805365286
1376,0.0,19999.76054850657,0.01355034339884798,0.015195485193297413,0.19866623199930533,-0.015193518262810455,0.14109725274870333,-0.016167770242598835
1377,0.0,19999.427382550628,0.03409454900613071,0.013157024479690598,0.22425234202278285,-0.013157024479690598,0.1660437795309272,-0.015264546513726362
1378,0.1030237579806017,20000.0,0.322446048299776,0.02675406131346294,-0.1826170914100958,-0.02675406131346294,0.06144551824862028,-0.018711400953647334
1379,0.0,19998.615721195893,0.0103945260429314,0.010330975325221554,0.13083879542301,-0.009778297269404991,0.08226350140093719,-0.01603146984837463
1380,0.0,19999.971074009147,0.1597990313419799,0.01611695462957758,0.09723479802898305,-0.01611695462957758,0.08675489038935094,-0.016057115282735516
1381,0.0,19998.418794498433,0.11806128943742922,0.007919405304849208,0.06649663173184157,-0.007504577540887884,0.08067741279209813,-0.013491353960181224
1382,0.0,19999.25052131402,0.18398652056675624,0.010984943706361619,0.1723821394294343,-0.010984943706361619,0.10818883078329898,-0.012739430884035343
1383,0.0,19997.719061134423,0.0044863873674688085,0.005211220920287919,0.3911886715527753,-0.0021426435636388275,0.19308878301414187,-0.009560394687916387
1384,0.0,19995.161092775077,0.0,0.000430045224955332,0.7132950777698791,0.018997691031508866,0.349150671440863,-0.0009929689720888108
1385,0.0,20000.0,0.047756719968049234,0.008818259772058915,0.3094370032461848,-0.005634855938911707,0.3372365709824595,-0.0023855350621356797
1386,0.0,20000.0,0.07594312002183251,0.01426107235201836,0.14071814489480025,-0.01425738607368268,0.2782810431561617,-0.005947090365599779
1387,0.0,19999.400691034156,0.0,0.004265592845000627,0.48943353936795897,-0.002949719597903008,0.34162679201970086,-0.005047879135290747
1388,0.0,20000.0,0.008360361347870793,0.012464403986883825,0.252489807186254,-0.011751306289226594,0.3148856965696668,-0.0070589072814715
1389,0.0,20000.0,0.18648369426824768,0.02117028953923043,-0.01415406953775407,-0.02117028953923043,0.21617376673744051,-0.01129232195879918
1390,0.0,20000.0,0.12670135741408592,0.023355101269610407,-0.10781715042656885,-0.023355101269610407,0.1189764915882377,-0.014911155752042549
1391,0.0,20000.0,0.04586994745957676,0.015776150792264087,0.4109227956719736,-0.014341214162273614,0.20656038281335848,-0.014740173275111866
1392,0.0,20000.0,0.09925478350889073,0.019270967392123597,-0.05706431799529457,-0.019270967392123597,0.12747297257076257,-0.016099411510215385
1393,0.0,20000.0,0.10237870657535085,0.014104620658787554,0.23791357586711886,-0.014104620658787554,0.16060515355966945,-0.015500974254787036
1394,0.0,20000.0,0.22879714474977533,0.020036369204983487,-0.037055139204043006,-0.020036369204983487,0.1013070657305557,-0.01686159273984597
1395,0.0,19999.321772987165,0.09323102018208396,0.00795752869037304,0.018647602030323118,-0.007362175947635412,0.07650922662048591,-0.014011767702182803
1396,0.0,20000.0,0.22151770531291667,0.029362986481305337,-0.07272285467744267,-0.029362986481305337,0.03173960223110733,-0.018617133335919564
1397,0.0,20000.0,0.06945495005929761,0.015301422611073636,0.20878855518389647,-0.015301422611073636,0.08485428811694408,-0.017622420118465786
1398,0.0,20000.0,0.2536125870974563,0.01875483132366794,0.029521850976423496,-0.01875483132366794,0.0682545569747879,-0.01796214348002643
1399,0.0,20000.0,0.263256899094624,0.03191949238594028,-0.019120928351055982,-0.03191949238594028,0.04204191137703473,-0.022149348151800585
1400,0.0,20000.0,0.07863499336436419,0.027246589353103152,0.03433299454078907,-0.027246589353103152,0.03972923632616103,-0.023678520512191353
1401,0.0,19998.982410416003,0.0002912323722284736,0.008631408996767405,0.5329583238768331,-0.008506574006671522,0.18769796259136265,-0.019126936560535403
1402,0.0,20000.0,0.02635166462226431,0.013616886521586997,0.18452605546528497,-0.013616886521586997,0.18674639045353936,-0.01747392154885088
1403,1.8006134206874087,20000.0,0.3731655331953451,0.02761893238608479,-0.37256622936139133,-0.02761893238608479,0.018952604509060153,-0.020517424800021056
1404,0.0,19998.8072708145,0.0,0.007862654104207997,0.4238722916309156,-0.0061286447928979694,0.1404285106456168,-0.01620079079788413
1405,0.0,19999.71351799042,0.12732062332005226,0.009252094268596647,0.2056947382253319,-0.009244847324855185,0.16000837891953132,-0.014114007755975447
1406,0.0,19999.905752940296,0.03580240833264352,0.009385360138869562,0.108868743161516,-0.009385360138869562,0.1446664881921267,-0.012695413470843681
1407,0.0,20000.0,0.029852769540399064,0.009758224213938954,0.34711059553998946,-0.009758224213938954,0.20539972039648552,-0.011814256693772262
1408,0.0,20000.0,0.06217434462612211,0.011148412550184865,0.36483826067610514,-0.010361695579335523,0.2532312824803714,-0.01137848835944124
1409,0.0,20000.0,0.05351492324142829,0.021350896399383475,0.29164475258541084,-0.021350896399383475,0.26475532351188324,-0.01437021077142391
1410,0.0,19998.982352556188,0.0,0.005526539084461246,0.5047073729455166,-0.004369226011784831,0.3367409383419733,-0.011369915343532187
1411,0.0,20000.0,0.18268779885681186,0.02388643180997635,0.04718063430185205,-0.02388643180997635,0.2498728471299369,-0.015124870283465434
1412,0.0,20000.0,0.15384147185542763,0.014499747777539382,-0.11611199728756628,-0.014499747777539382,0.14007739380468595,-0.014937333531687618
1413,0.0,20000.0,0.38057049777630925,0.026591720976419222,-0.17876071488292997,-0.026591720976419222,0.04442596119840117,-0.0184336497651071
1414,0.0,19995.026774989972,0.0,0.0012163821589980192,0.7758569785344351,0.015800232025550698,0.26385526639921136,-0.008163485227909759
1415,0.4568525297986863,20000.0,0.20652512351138846,0.026667578757791435,-0.188988852175679,-0.026667578757791435,0.12800203082674425,-0.01371471328687426
1416,0.0,19999.55108105249,0.07079782797044218,0.007850009960493884,0.21943932443931524,-0.007237496553673592,0.15543321891051554,-0.011771548266914058
1417,0.0,19999.594404487605,0.0526651687030889,0.009382308599738966,0.26455886705925985,-0.006614553406542705,0.1881709133551388,-0.010224449808802652
1418,0.0,20000.0,0.16427259271935296,0.025214627878778106,-0.10369969305379755,-0.025214627878778106,0.10060973143245788,-0.014721503229795287
1419,0.0,20000.0,0.13157158272635522,0.011869057134920142,0.03238634554081775,-0.01185436749359424,0.08014271566496584,-0.013861362508934973
1420,0.0,20000.0,0.15031238085677362,0.013685383280103018,0.08101395432797957,-0.01298282584722621,0.08040408726386995,-0.013597801510422343
1421,0.0,20000.0,0.22477861061540588,0.027854561560456573,-0.08595725070179747,-0.027854561560456573,0.030495685874169728,-0.01787482952543261
1422,0.0,19999.53024237832,0.06183012380020761,0.008982584816301126,0.1971607555952638,-0.00897066669207478,0.08049520679049794,-0.015203580675425259
1423,0.0,19998.587268320523,0.06702822499680806,0.004855063952328294,0.12324355187000341,-0.002544700215421789,0.09331971031434957,-0.011405916537424217
1424,0.0,19999.626837353062,0.056971470168744036,0.00670069856698277,0.25703658724283196,-0.0066322330015289276,0.1424347733928943,-0.009973811476655629
1425,0.0,20000.0,0.04299811593097124,0.009659372672239767,0.12686515050515237,-0.00955061881468528,0.1377638865265717,-0.009846853678064524
1426,0.0,20000.0,0.046329534683079945,0.011113305869720582,0.32632582076150607,-0.01096150807520578,0.19433246679705202,-0.0101812499972069
1427,0.0,19999.234727691834,0.003036327831708467,0.005730759618187795,0.429501624029001,-0.003909549754607183,0.2648832139666367,-0.008299739924426985
1428,0.0,20000.0,0.13391458601402992,0.01095231722171159,0.21670519307531558,-0.01095231722171159,0.2504298076992404,-0.009095513113612366
1429,0.0,20000.0,0.11454881480034684,0.011826482417713986,0.015723323050652136,-0.01165568835721841,0.1800178623046639,-0.009863565686694178
1430,0.0,20000.0,0.04636603019528579,0.008130618212369304,0.4018672337501859,-0.008120362748069076,0.24657267373832048,-0.009340604805106647
1431,0.0,20000.0,0.18542335356719303,0.021725169425956942,0.1380491146048928,-0.021725169425956942,0.21401560599829217,-0.013055974191361735
1432,0.0,19999.12902695875,0.0947662620171135,0.00605579886397207,0.18029072875265081,-0.004599978657128323,0.20389814282459975,-0.010519175531091711
1433,0.0,20000.0,0.12380618688396079,0.014895930395067116,0.13517188376772468,-0.014892142846293855,0.18328026510753723,-0.011831065725652352
1434,0.0,20000.0,0.22811182471142197,0.01394288929130965,0.17350638659095793,-0.01394288929130965,0.18034810155256342,-0.01246461279534954
1435,0.0,20000.0,0.05983991364374949,0.02220201608586888,0.14949385561951545,-0.02220201608586888,0.171091827772649,-0.01538583378250534
1436,0.0,20000.0,0.024798305512678073,0.01577433522764891,0.21628360038245814,-0.015767588104400564,0.18464935955559175,-0.015500360079073907
1437,0.0,19998.255157335458,0.010420424926321533,0.0027993635982330746,0.33970553192196734,-0.0008315411444718638,0.2311662112655044,-0.011099714398693294
1438,0.0,20000.0,0.07247059899525564,0.02729643904950226,0.037219604391421156,-0.02729643904950226,0.17298222920327944,-0.015958731793935983
1439,0.0,20000.0,0.06200604587237095,0.01660656019526642,0.2647060804004128,-0.01660656019526642,0.20049938456241945,-0.016153080314335114
1440,0.0,20000.0,0.2188938371577243,0.024212240492704647,-0.13399300558437266,-0.024212240492704647,0.10015166751838181,-0.018570828367845973
1441,0.0,20000.0,0.041389699456692186,0.013500651730510788,0.37453869061566475,-0.013500651730510788,0.18246777444756668,-0.017049775376645416
1442,0.0,20000.0,0.11658936952117756,0.02348780348813465,-0.06419320574792295,-0.023363004848545588,0.10846948038891979,-0.018943744218215465
1443,0.0,20000.0,0.036632147139171116,0.023587142802104864,0.050666551233549566,-0.023587142802104864,0.09112860164230871,-0.020336763793382284
1444,0.0,19998.04786296236,8.402937667008385e-06,0.005106976097822966,0.31346790196486113,-0.0018294185003021408,0.15783039173907443,-0.014784560205458241
1445,0.0,19999.265628211113,0.0,0.007141071094442127,0.2768731203834799,-0.0061271349542790475,0.19354321033239605,-0.012187332630104481
1446,0.0,20000.0,0.19102640021588832,0.02652401931801052,-0.08037920988168004,-0.02652401931801052,0.11136648426817322,-0.016488338636476293
1447,0.0,19998.62992134139,0.05173238586969672,0.0045875927557820564,0.3723820232639669,-0.0033526649807220374,0.18967114596691131,-0.012547636539750016
1448,0.0,19998.90046709689,0.0,0.004251197936038916,0.5066602253752158,-0.003104273801619072,0.2847678697894026,-0.009714627718310734
1449,0.0,20000.0,0.04165187654364675,0.013128933593232864,0.2477003863328989,-0.013128933593232864,0.27364762475245147,-0.010738919480787371
1450,0.0,20000.0,0.09614477806792658,0.015868104088369746,0.1256856647097626,-0.015868104088369746,0.2292590367396448,-0.012277674863062082
1451,0.0,19998.509467132546,0.0,0.004144795609176166,0.5826882178358709,-0.0008120688100727603,0.3352877910685126,-0.008837993047165286
1452,0.0,20000.0,0.25547600259872216,0.030377405970792887,-0.05255439235334579,-0.030377405970792887,0.21893513604195505,-0.015299816924253567
1453,0.0,20000.0,0.1549214098474919,0.015790179712833474,0.16334854714380606,-0.015718759705507956,0.20225915937251032,-0.015425499758629883
1454,0.0,20000.0,0.18087338414560503,0.03202728549968714,-0.07642682509508854,-0.03202728549968714,0.11865336403223065,-0.020406035480947063
1455,0.0,20000.0,0.20968746745493172,0.018797592763309487,0.005030610124850612,-0.018797592763309487,0.08456653786001664,-0.01992350266565579
1456,0.0,20000.0,0.08864819633385465,0.02706595914473806,-0.05643486686811854,-0.02706595914473806,0.04226611644157608,-0.02206623960938047
1457,0.0,19999.686758664157,0.007772734008722076,0.012624239799228915,0.3011965946793622,-0.01170305053959095,0.11994525991291191,-0.018957282888443613
1458,0.0,19996.58242593151,0.0,0.0018187325231293669,0.4607238825892519,0.00692500096219122,0.2221788467158139,-0.011192597733253162
1459,0.0,20000.0,0.14522331538239427,0.010798056443304926,0.005760592926547133,-0.010797236007226742,0.15725337057903385,-0.011073989215445236
1460,0.0,20000.0,0.21896992444466742,0.02135565840952485,0.08417242463178846,-0.02135565840952485,0.13532908679486022,-0.01415848997366912
1461,0.0,19999.25744536046,0.006758015185226926,0.006925612439878856,0.4208943552940066,-0.005803421236520868,0.22099866734460413,-0.011651969352524645
1462,0.0,20000.0,0.2237960460676717,0.02517164471532162,0.001701612532646219,-0.02517164471532162,0.15520955090101676,-0.015707871961363737
1463,0.0,19999.82691537839,0.03436170122437749,0.009780974167930489,0.21057319503888364,-0.009655757775128825,0.1718186441423768,-0.013892237705493263
1464,0.0,20000.0,0.06885161705016794,0.011901531138930182,0.1268832676104515,-0.011642480336845933,0.1583380311827992,-0.013217310494899062
1465,0.0,20000.0,0.16668232769870805,0.024547594873157778,-0.00808172329624115,-0.024547594873157778,0.10841210483908709,-0.016616395808376677
1466,0.0,20000.0,0.278737200443392,0.029245322175080097,-0.11713014357801217,-0.029245322175080097,0.04074943031395731,-0.020405073718387703
1467,0.0,19999.22448923822,0.0,0.009325808533270847,0.5062972521054484,-0.008396591110618929,0.1804137768514046,-0.01680252893605707
1468,0.0,19999.736291478603,0.14640218191953674,0.009638805876152389,-0.07378707515319154,-0.009638805876152389,0.10415352125002578,-0.014653412018085666
1469,0.0,19999.92474501063,0.10839208269505655,0.010721246370979317,0.10184529396014741,-0.009730606868318245,0.10346105306306226,-0.01317657047315544
1470,0.0,20000.0,0.3024774189337724,0.020719075015379805,-0.06972230526535736,-0.020719075015379805,0.05150604556453636,-0.01543932183582275
1471,0.0,20000.0,0.12261719127002531,0.026070333880119714,0.003398385813354438,-0.026070333880119714,0.03707374763918179,-0.01862862544911184
1472,0.0,20000.0,0.054680256273382,0.016983520527723478,0.1304023537356277,-0.016983520527723478,0.06507232946811556,-0.018135093972695332
1473,0.0,20000.0,0.17765418414514,0.03034034129554113,0.11139200171137592,-0.03034034129554113,0.07896823114109366,-0.02179666816954907
1474,0.0,19998.71073025552,0.08702712759222832,0.0061793894410816855,0.21624759883086367,-0.006160860962798465,0.12015204144802466,-0.017105926007523888
1475,0.0,19997.395496654914,0.005176677800071433,0.003009740157327771,0.5593483979886686,0.00323076666813468,0.2519109484102179,-0.011004918204826316
1476,0.0,19997.372070149966,0.0,0.001419008632565491,0.5706294429808408,0.006072472941249311,0.34752649678140474,-0.005881700861003628
1477,0.0,19999.86161397216,0.028010450166425397,0.007552057533322322,0.282326212897192,-0.005481340584764273,0.32796641161614093,-0.005761592778131821
1478,0.0,20000.0,0.25523753389617054,0.02468269620632233,-0.07792790491859754,-0.02468269620632233,0.20619811665571938,-0.011437923806588974
1479,0.0,20000.0,0.1578376504724583,0.021771775691139084,-0.09695414244852266,-0.021771775691139084,0.11525243892444678,-0.014538079371954006
1480,0.0,19999.399212158925,0.02486667855264525,0.0068219103806278995,0.4172557734343868,-0.006759720960579555,0.20585343927742877,-0.01220457184854167
1481,0.0,20000.0,0.10493369816650162,0.025951621486761816,0.11647763514957743,-0.025951621486761816,0.17904069803907335,-0.016328686740007713
1482,0.0,20000.0,0.0033624640497014607,0.01153478386045999,0.49864157462505193,-0.01142283217754608,0.27492096101486696,-0.014856930371269223
1483,0.0,20000.0,0.25445160969742486,0.012862586150435116,0.10451135717461374,-0.012862586150435116,0.223798079862791,-0.014258627105018991
1484,0.0,20000.0,0.2012273086074715,0.0237810531032763,0.1798065372626773,-0.0237810531032763,0.21060061708275685,-0.017115354904496186
1485,0.22067292586741338,20000.0,0.3203081819748425,0.03362351215314334,-0.22998484025764812,-0.03362351215314334,0.07842497988063535,-0.02206780207909033
1486,0.0,20000.0,0.1828871123428413,0.022746586491563144,0.1059178479596044,-0.022746586491563144,0.08667284030432607,-0.022271437402832172
1487,0.0,20000.0,0.17596144459966845,0.01589554507068425,0.22942856190566752,-0.01589554507068425,0.1294995567847285,-0.020358669703187796
1488,0.0,20000.0,0.30146553122195796,0.02020890257474418,-0.2186766778225648,-0.02020890257474418,0.0250466864025405,-0.02031373956465471
1489,0.0,20000.0,0.03704592519057903,0.020799657304428454,0.20490870208045656,-0.020799657304428454,0.07900529110591531,-0.02045951488658683
1490,0.0,19999.703368559705,0.06417661216138573,0.012711218753064975,0.30512139309832564,-0.011081227860291294,0.14684012170363842,-0.01764602877869817
1491,0.0,19998.528642314785,0.025890909655607423,0.0037867376713181583,0.48583486026115424,-0.003304532673892427,0.24853854327089314,-0.013343579947256446
1492,0.0,19999.533125193808,0.012607222985855438,0.0070551051193462454,0.44697795685867076,-0.00697279363226205,0.30807036734722637,-0.011432344052758128
1493,0.0,20000.0,0.11925986632752804,0.018092639869955792,0.03764795883276935,-0.018024212493475834,0.22694364479288925,-0.01340990458497344
1494,0.0,20000.0,0.1709528868333659,0.01901688182641714,0.17202433131291436,-0.01901688182641714,0.2104678507488968,-0.01509199775740655
1495,0.0,20000.0,0.12952551074756524,0.022983076533949202,0.051423292528689074,-0.022983076533949202,0.16275448328283448,-0.017459321390369344
1496,0.0,19998.488066819187,0.00657122603334043,0.004796265927307925,0.46857855433506757,-0.0029961321924249096,0.2545017045985044,-0.013120364630986014
1497,0.0,20000.0,0.3291026753146375,0.016361912527341427,-0.02111977701082317,-0.016361912527341427,0.1718152601157061,-0.014092828999892639
1498,0.0,20000.0,0.1172933990138556,0.01805356636977102,0.03824698325894982,-0.01805356636977102,0.1317447770586792,-0.015281050210856153
1499,0.0,20000.0,0.1019813249786944,0.01608424194219842,0.18335914018874122,-0.01608424194219842,0.1472290859976978,-0.015522007730258833
1500,0.0,19997.554783026117,0.0,0.0022507641813261695,0.45383945405972986,0.0030498060624461025,0.23921219641630742,-0.009950463592447351
1501,0.0,20000.0,0.26167180032471976,0.0269058136601549,-0.07289756885936739,-0.0269058136601549,0.14557926683360498,-0.015037068612759615
1502,0.0,20000.0,0.003917660046083439,0.014041076378665253,0.3583992508056,-0.014041076378665253,0.20942526202520345,-0.014738270942531304
1503,0.0,20000.0,0.3213440189654354,0.021617922639747475,-0.10542366848190177,-0.021617922639747475,0.11497058287307188,-0.016802166451696153
1504,0.0,20000.0,0.14591185903023943,0.011523917349062076,0.1689038980248239,-0.011117922492572622,0.13115057741859748,-0.015096893263959093
1505,0.0,20000.0,0.3031781992641385,0.041451626384293026,-0.0253102523462691,-0.041451626384293026,0.08421232848913751,-0.023003313200059272
1506,0.0,20000.0,0.2705200048360251,0.022681807529451592,0.00446658573665364,-0.022681807529451592,0.06028860566339234,-0.022906861498876968
1507,0.0,19996.88367420082,0.0,0.0017752807788760545,0.44252471864095766,0.003496031194710119,0.17495943955666193,-0.014985993690800841
1508,0.0,19997.824492077623,0.009929261199582576,0.0030914426170083813,0.34040897448683044,0.001789650904954884,0.22459430003571249,-0.009953300312074122
1509,0.0,19998.115886118427,0.017765464832976082,0.0028580834375666704,0.4764044583033422,0.0024075477354975725,0.3001373475160014,-0.006245045897802613
1510,0.0,19999.98171082166,0.10248010256142513,0.008053153855181096,0.25176821140561384,-0.006310031987249446,0.2856266066828851,-0.0062645417246366625
1511,0.0,20000.0,0.16363295140274645,0.012594819763426293,-0.04329856167679448,-0.012577820930411257,0.1869490561749812,-0.00815852548636904
1512,0.0,20000.0,0.1694578741561808,0.02607509840314447,-0.008933147266571904,-0.02607509840314447,0.12818439514251526,-0.013533497361401668
1513,0.0,20000.0,0.05502793223419316,0.014847459184564368,0.06901676423992896,-0.014847459184564368,0.11043410587173937,-0.013927685908350477
1514,0.0,20000.0,0.11630828904606515,0.018503494829397043,-0.06456605561181203,-0.018503494829397043,0.05793405742667394,-0.015300428584664447
1515,0.0,19997.983657835473,0.01599168153114598,0.001989068872575878,0.255309320392354,0.0007656478529663943,0.11714663631637795,-0.010480605653375193
1516,0.0,20000.0,0.2261985834404899,0.01827392809495439,-0.048857164253032534,-0.01827392809495439,0.0673454961455548,-0.012818602385848952
1517,0.0,20000.0,0.05138162413509873,0.017534132548504174,0.07594508324378618,-0.017227202196932627,0.06992537227502421,-0.014141182329174055
1518,0.0,20000.0,0.18648104656331216,0.011592754518729678,-0.1007752198028994,-0.011584528706230736,0.018715194651647126,-0.013374186242291058
1519,0.0,19999.568886919224,0.004020145233376101,0.009499698150820659,0.3774281086034869,-0.0071850726823735325,0.12632906883719905,-0.0115174521743158
1520,0.0,20000.0,0.2762086378141222,0.021276260887029167,-0.19788276244454384,-0.020921500899161245,0.02906551945267618,-0.014338666791769435
1521,0.0,19999.92285254434,0.07749588687756893,0.010350586366411405,0.2787900695061519,-0.009580206399454299,0.1039828844687189,-0.012911128674074892
1522,0.0,20000.0,0.1876747964481342,0.01967184405158624,0.013599595318168881,-0.01967184405158624,0.07686789772355389,-0.014939343287328296
1523,0.0,20000.0,0.21195294342071813,0.02213943840787796,-0.11871972292358095,-0.02213943840787796,0.018191611529413433,-0.017099371823493196
1524,0.0,20000.0,0.05658386268964308,0.018915855517257267,0.25744387911548067,-0.0188582240339331,0.0899672918052336,-0.017627027486625167
1525,0.0,20000.0,0.32643739243717346,0.03580558138349135,0.08331242167121505,-0.03580558138349135,0.08797083076502804,-0.023080593655685024
1526,0.0,19999.019459835403,0.09333295974116562,0.008446658844877145,0.1706723112395669,-0.008446658844877145,0.11278127490738968,-0.01869041321244266
1527,0.0,19999.79289439984,0.048726516415004535,0.0108051558842984,0.07786632228466829,-0.010792326228097846,0.10230678912057325,-0.016320987117139214
1528,0.0,20000.0,0.25309342655864325,0.013874291238375696,-0.08243540734195934,-0.013874057326812978,0.04688413018181348,-0.015586908180041341
1529,0.0,20000.0,0.1260512989361219,0.012678424424692641,0.01886188696819369,-0.012678288024649865,0.03847745721772754,-0.014714322133423899
1530,0.0,19999.880190669406,0.0027831734355829767,0.00956586014774385,0.2760459097757371,-0.009510153912791438,0.10974799298513041,-0.01315307166723416
1531,0.0,20000.0,0.00865198215674568,0.010410160927845623,0.2696442877864208,-0.00976744756688655,0.15771688142551754,-0.012137384437129877
1532,0.0,20000.0,0.31075251800585235,0.02338706799036485,-0.17398541154581285,-0.02338706799036485,0.05820619353411841,-0.015512289503100369
1533,0.0,20000.0,0.0,0.01829426905571902,0.44574540498161314,-0.018292545280683116,0.1744679569683668,-0.01634636623637519
1534,0.0,19999.812006107903,0.10758780475341469,0.009856703727953352,0.27694963018418317,-0.009856703727953352,0.2052124589331117,-0.014399467483848637
1535,0.0,20000.0,0.017846188177564826,0.017034805620905237,0.0697302284568131,-0.017025461443266728,0.1645677897902221,-0.015187265671674065
1536,0.0,20000.0,0.18372868589178507,0.017141916010839912,-0.08236297245438497,-0.017141916010839912,0.09048856111683998,-0.01577366077342382
1537,0.0,19998.180408527704,0.0016741970910210716,0.002921623679078831,0.37070144708287256,-0.0005377369655490702,0.17455242690664974,-0.011202883631061394
1538,0.0,20000.0,0.24210635539287045,0.02903824717256992,-0.2115598415146868,-0.02903824717256992,0.05871874638024878,-0.01655349269351395
1539,0.0,20000.0,0.41817695269275507,0.032903192543190005,-0.20756610620437183,-0.032903192543190005,-0.021166709395137408,-0.021458402648416766
1540,0.0,19998.02389736234,0.00460211562439275,0.004613643612101813,0.3203220349974471,-0.0021947824357557125,0.08127991392263795,-0.01567931658461845
1541,0.0,20000.0,0.0470632475647267,0.011210137763348704,0.25683157515627153,-0.010871248566397654,0.133945412292728,-0.014236896179152211
1542,0.0,19999.672444656266,0.07037029792441946,0.009332931914682312,0.2426642092267047,-0.008143820082330295,0.166561051372921,-0.012408973350105636
1543,0.0,19999.606664820763,0.07633579395237636,0.010512885850032277,0.3695081627841783,-0.006965966405500929,0.22744518479629816,-0.010776071266724222
1544,0.0,19998.907490968726,0.006997091642526588,0.0043548480701969825,0.20686717073271793,-0.002355932968249135,0.22127178057722408,-0.008250029777181696
1545,0.0,20000.0,0.15027879227271734,0.017043183822648703,0.24353919599925705,-0.017030494830381576,0.22795200520383396,-0.01088416929314166
1546,0.0,20000.0,0.20975191186157105,0.03029647956948503,0.04352497039910419,-0.03029647956948503,0.17262389476241502,-0.01670786237604467
1547,0.0,19999.53620528438,0.05189307342067893,0.00984679602851135,0.3864145852447627,-0.008485141881587372,0.2367611019071193,-0.014241046227707482
1548,0.0,20000.0,0.0004575846104671653,0.013583727878456119,0.39211431184360723,-0.013549258015339795,0.2833670648880656,-0.014033509763997174
1549,0.0,19999.227000716262,0.017307296030018727,0.007087087152784351,0.054334192889073776,-0.005578737564454349,0.21465720328836804,-0.011497078104134327
1550,0.0,19999.19273634454,0.0,0.0060859802722975555,0.6109590090508487,-0.004261076983825709,0.33354774501711226,-0.00932627776804174
1551,0.0,19999.85477819058,0.15854851645343312,0.007539463732676669,0.20197392353225874,-0.006974287090240087,0.2940755985716562,-0.008620680564701244
1552,0.0,20000.0,0.08118614919378077,0.023867288891727203,0.0937884504415258,-0.023867288891727203,0.23398945413261707,-0.013194663062809031
1553,0.0,20000.0,0.047613247178007016,0.015692772259489337,0.10333039521600058,-0.015692772259489337,0.19479173645763212,-0.013944095821813121
1554,0.0,20000.0,0.29946271950679293,0.017090142492787903,-0.08986672434688145,-0.017090142492787903,0.10939419821627804,-0.014887909823105555
1555,0.0,19998.176893088872,0.0002912323722284736,0.002802548697494994,0.5493751588360442,-0.0001245396607701262,0.24138848640220786,-0.010458898774404927
1556,0.0,20000.0,0.12663275156481174,0.012906498442945684,-0.09491103110006416,-0.012906498442945684,0.14049863115152625,-0.011193178674967153
1557,0.0,20000.0,0.19154342325435397,0.02394043447624061,0.08981408711059942,-0.02394043447624061,0.1252932679392482,-0.015017355415349189
1558,0.0,20000.0,0.10744078138918271,0.01702892210980244,-0.05048087604828437,-0.01702892210980244,0.07256102474298842,-0.015620825423685161
1559,0.0,20000.0,0.013589017652855797,0.014100552595136675,0.21820794217939665,-0.014100552595136675,0.1162550999739109,-0.015164743575120616
1560,0.0,20000.0,0.06784892251622027,0.013461540884367334,0.006153497816076742,-0.013461540884367334,0.08322461932656064,-0.01465378276789463
1561,0.0,20000.0,0.13647735218430573,0.011862473406723766,-0.09323105817171562,-0.011686536127076801,0.030287916077077762,-0.013763608775649281
1562,0.0,19999.205076258662,0.14942400876368567,0.008803238925933994,0.06568387596974933,-0.0053369790274251806,0.04090670404487923,-0.01123561985118205
1563,0.0,20000.0,0.2818510273588005,0.03756260174511652,-0.1657799637768504,-0.03756260174511652,-0.021099296301639658,-0.01913371441936239
1564,0.0,20000.0,0.10382165415953439,0.02756356903080637,0.07364627686248361,-0.02756356903080637,0.007324375647597324,-0.021662670802795585
1565,0.0,19995.04273340514,0.0,0.0004795712695978758,0.5786222160320716,0.014276453702332841,0.17871372776293962,-0.010880933451257055
1566,0.0,20000.0,0.026589900026294563,0.013873359438378034,0.11651666770081065,-0.013681473535350167,0.1600546097443009,-0.011721095476484988
1567,0.0,19996.366162858223,0.0,0.0011185962512198623,0.40840306414318356,0.011342545774641291,0.2345591460639657,-0.004802003101147104
1568,0.0,20000.0,0.02345628282180058,0.010351543730246469,0.40136850986251316,-0.010285219357508575,0.28460195520352993,-0.006446967978055544
1569,0.0,20000.0,0.043925410633850775,0.011574060221514797,0.23632536720386452,-0.011062893810358281,0.2701189788036303,-0.007831745727746364
1570,0.0,19999.24970076299,0.00980636994043316,0.006202951414276078,0.45569697699900846,-0.002948509363500003,0.3257923782622437,-0.006366774818472455
1571,0.5126337652341952,20000.0,0.2608582339846596,0.02923722332790723,-0.18774748094264243,-0.02923722332790723,0.17173042050077786,-0.013227909371302887
1572,0.0,20000.0,0.04847532367783989,0.016482265512427645,0.17739625225303696,-0.016482265512427645,0.17343017002645558,-0.014204216213640312
1573,0.0,19994.364689508253,0.0,0.0,0.7967151153432167,0.02872381933330476,0.3604156536214839,-0.0013258055495567918
1574,0.0,20000.0,0.11025319073865293,0.01619758203266441,0.1851927650900373,-0.016181912146276085,0.3078487870620499,-0.00578263752857258
1575,0.0,20000.0,0.14713260243512774,0.01423832390669148,0.058196411549913424,-0.01423832390669148,0.23295307440840893,-0.00831934344200825
1576,0.0,20000.0,0.0376633642071756,0.010583930927864827,0.23441448630038128,-0.010537853795000005,0.23339149797600062,-0.008984896547905775
1577,0.0,20000.0,0.107093689088229,0.014382188168480534,0.07216710253254102,-0.014382188168480534,0.18502417934296272,-0.010604084034078202
1578,0.0,20000.0,0.09992157024055941,0.022690079974528352,-0.03373975953618639,-0.022690079974528352,0.11939499767921799,-0.014229882816213246
1579,0.0,19999.817947616622,0.004727779300721516,0.005428454015578736,0.21598477401475544,-0.0015834664254488816,0.1483719305798792,-0.010435957898983937
1580,0.0,20000.0,0.16994973936334357,0.01731360742054686,0.03217367674926292,-0.01731360742054686,0.11351245443069433,-0.012499252755452814
1581,0.0,20000.0,0.1526995838156562,0.01795257139450336,0.08657431880735472,-0.01767102785157698,0.10543101374369244,-0.014050785284290063
1582,0.0,20000.0,0.3005816315082365,0.03493414808190782,-0.13563454534492037,-0.03493414808190782,0.03311134601710859,-0.02031579412357539
1583,0.0,20000.0,0.027669788723721406,0.008607900077138903,0.22342286410472179,-0.008285558984829917,0.09020480144339255,-0.016706723581951747
1584,0.0,20000.0,0.021483346026799216,0.015075936821890365,0.35355466855952883,-0.013182029922558295,0.16920976157823342,-0.01564931548413371
1585,0.0,20000.0,0.0922132175434271,0.006234389403898779,-0.04963426759465845,-0.0062024079761788635,0.10355655282636585,-0.012815243231747254
1586,0.0,20000.0,0.013070769951359272,0.004642553791958378,0.1946463310387691,-0.0036535785141803986,0.1308834862900868,-0.010066743816477196
1587,0.0,20000.0,0.021546743814252162,0.005678578981004129,0.08962162579369683,-0.0053722395718393485,0.11850492814116981,-0.008658392543085841
1588,0.0,20000.0,0.08271245383082926,0.012675350947491728,0.07762791335148855,-0.01184742136076299,0.10624182370426542,-0.009615101188388986
1589,0.0,19999.524571389087,0.0008463122501824812,0.0025230445977331554,0.3665507097619769,0.002097415562085936,0.18433448952157888,-0.006101346163246509
1590,0.0,20000.0,0.0028512515591284002,0.013576476536977253,0.15342421742998374,-0.013491574025083428,0.17506140789410032,-0.008318414521797584
1591,0.0,20000.0,0.08570893988100532,0.015856527392908604,0.025075202926123093,-0.013303090961893124,0.13006554640370716,-0.009813817453826246
1592,0.0,20000.0,0.22018421055633466,0.022423172259170846,-0.10187286220507634,-0.02242303585912807,0.0604840238210721,-0.013596582975416794
1593,0.0,20000.0,0.1107704893433473,0.023700372198235918,0.041052276805369756,-0.023700372198235918,0.05465449971636139,-0.01662771974226253
1594,0.0,20000.0,0.06876127950412228,0.007869413930113044,0.20664825905216042,-0.005655523068188671,0.1002526275171011,-0.01333606074004037
1595,0.0,20000.0,0.006962578770652333,0.009023693600602602,0.3717144133216753,-0.00844584337361719,0.18169116325847334,-0.011868995530113415
1596,0.0,20000.0,0.0014196012996039134,0.014274868373615694,0.3157374852075468,-0.014193510971172007,0.22190505984319536,-0.012566350162430993
1597,0.0,20000.0,0.22089105305945814,0.016934418684269967,-0.041527400699391114,-0.016934418684269967,0.14287532168041941,-0.013876770718982682
1598,0.0,20000.0,0.11445302108537576,0.02004321845875962,0.19490917203678082,-0.02004321845875962,0.15848547678732783,-0.015726705040915764
1599,0.0,20000.0,0.18900976954077828,0.019227263921268882,0.011112180130823861,-0.01922487677457304,0.11427348779037662,-0.016776156561012945
1600,0.0,20000.0,0.24329056095734633,0.04252396598763355,-0.19965036176715248,-0.04252396598763355,0.02009633292311789,-0.024500499388999127
1601,0.0,20000.0,0.041807809701849566,0.008718362735086261,0.1767088115608432,-0.008697599043951489,0.06708007651443548,-0.019759629285484834
1602,0.0,20000.0,0.04223022044431296,0.013891999512584161,0.22182996801446214,-0.013891999512584161,0.11350504396444347,-0.017999340353614633
1603,0.0,20000.0,0.023427387914870566,0.006323751073620666,0.3106164575787953,-0.005698621320471526,0.17263846804874902,-0.0143091246436717
1604,0.0,19999.338223511964,0.007179449499726224,0.002649608324372099,0.43540939183887994,0.0010464488993336529,0.25146974518578824,-0.009702452580770094
1605,0.0,20000.0,0.002407116559196526,0.008410554202831584,0.32301292089020583,-0.007448604795963077,0.2729326978971135,-0.00902629824532799
1606,0.0,20000.0,0.008981033987771779,0.00865751442583494,0.3786736070431451,-0.00856682916281027,0.30465497064092295,-0.008888457520572672
1607,0.0,20000.0,0.08208276739061936,0.014376143583914563,0.06906869843797425,-0.014370723278829158,0.23397908898003833,-0.010533137248049617
1608,0.0,19999.853934955558,0.0,0.005657398540263596,0.46575672478796926,-0.00014039805591443207,0.3035123797224176,-0.007415315490409061
1609,0.0,20000.0,0.0001161527542520097,0.014568439436104856,0.38122920286045875,-0.014568439436104856,0.32682742666382997,-0.009561252674117799
1610,0.0,20000.0,0.06524534566877549,0.02008560417322022,0.09918284956033264,-0.0199648608304006,0.25853405353278075,-0.012682335121002638
1611,0.0,19999.8161840105,0.0,0.004219498137300264,0.43661060056758616,-0.0008858696380225086,0.31195701764322237,-0.009143395476108599
1612,0.0,20000.0,0.09361462225945112,0.019604772216362216,0.14837498238364327,-0.019575612061770078,0.26288240706534866,-0.012273060451807042
1613,0.0,20000.0,0.00012809561823393342,0.0046117575922022085,0.6021288043006827,-0.0025534230902875686,0.3646563262359489,-0.009357169243351199
1614,0.0,20000.0,0.0372452237244071,0.019001610535656792,0.26534525368539114,-0.019001610535656792,0.3348630044707816,-0.012250501631042876
1615,0.0,20000.0,0.0922776085687859,0.0174389593111354,0.1197572815176846,-0.0174389593111354,0.2703312875848525,-0.013807038935070633
1616,0.16191234389694786,20000.0,0.26523077437830866,0.026872484514896832,-0.1734278077617888,-0.026872484514896832,0.13720355898086006,-0.017726672609018494
1617,0.0,20000.0,0.2389180419823307,0.012729797961821563,-0.0814070194710972,-0.011926066161405464,0.07162038544527288,-0.015986490674734583
1618,0.0,20000.0,0.0090276725234818,0.009335604960823083,0.11899634857105293,-0.009335604960823083,0.08583317438300689,-0.013991224960561132
1619,0.0,20000.0,0.026621057568623152,0.009994407082789935,0.18591128617824887,-0.009955562851952721,0.11585660792157948,-0.01278052632797861
1620,0.0,20000.0,0.06328222520561368,0.011639290959562936,0.09008681063487561,-0.011014123015854499,0.10812566873556832,-0.012250605334341377
1621,0.0,20000.0,0.04215688132944721,0.010048157625708059,0.053864873381617245,-0.009433839470375108,0.091847430129383,-0.011405575575151497
1622,0.0,20000.0,0.0,0.01917657776599767,0.30366963827079974,-0.01917657776599767,0.155394092571808,-0.013736876232405349
1623,0.6578462704961106,20000.0,0.29334455119126956,0.029837292257038323,-0.29146783814369226,-0.029837292257038323,0.021335513357157915,-0.01856700103979524
1624,0.0,20000.0,0.08414741160609364,0.015958504773309047,0.00791413024449014,-0.01591023842075336,0.01730909842335758,-0.017769972254082674
1625,0.0,20000.0,0.16993079504045258,0.02960444053752879,-0.09594981509576193,-0.02960444053752879,-0.016668575632378273,-0.02132031273911651
1626,0.0,20000.0,0.0,0.012266869739185822,0.39062901288095925,-0.011270609444549738,0.10552070092162298,-0.018305401750746478
1627,0.0,19999.767785738546,0.024110127498740926,0.006013044831219268,0.32855398371960404,-0.00311613107371943,0.17243068576101728,-0.013748620547638363
1628,0.0,20000.0,0.08282025241452073,0.013792325753546695,0.1158352933773471,-0.013736060644011993,0.15545206804591621,-0.013744852576550452
1629,0.0,20000.0,0.012069396418319507,0.012687826336235962,0.17459008738117698,-0.012511539247902796,0.16119347384649443,-0.013374858577956155
1630,0.0,20000.0,0.023442684753168803,0.011316758645471506,0.19277706412248416,-0.011187755755981478,0.17066855092929134,-0.012718727731363752
1631,0.0,20000.0,0.12685913800010645,0.010488322735467445,0.10145672255594178,-0.010485083358494162,0.14990500241728646,-0.012048634419502874
1632,0.0,20000.0,0.19039940919133053,0.02747247292112506,-0.07005615471922458,-0.027470917100142694,0.08391665527633314,-0.01667531922369482
1633,0.0,19999.82140727806,0.07724106767954846,0.004762309204363738,0.1637709182094583,-0.0026895473923350018,0.10787293415627068,-0.012479587674286875
1634,0.0,20000.0,0.0029351144951401346,0.0072919273670303195,0.40071647479712674,-0.0053154334788156924,0.1957259963485275,-0.01033034141564552
1635,0.0,20000.0,7.76186889596468e-05,0.0045832846632816405,0.37213146877035796,-0.0038747257301425995,0.24864763807507662,-0.008393656709994642
1636,0.0,20000.0,0.04146807024628845,0.006343894747940047,0.3278815717846954,-0.006113076141746977,0.27241781818796224,-0.007709482539520343
1637,0.0,20000.0,0.0005338072235225045,0.0019782488164300626,0.5268118233776876,-0.0006134348948337719,0.34873601974487983,-0.0055806682461143715
1638,0.0,20000.0,0.14660273436265778,0.02689665525791019,-0.09630289094839854,-0.02689665525791019,0.21522434653689632,-0.011975464349653117
1639,0.0,20000.0,0.025306468560378197,0.006821736947508707,0.19022247510707171,-0.006792084775433253,0.20772378510794892,-0.010420450477387155
1640,0.0,20000.0,0.04405284576538116,0.01882927638305708,0.26213790118723407,-0.01882927638305708,0.22404801993173445,-0.012943098249088132
1641,0.0,20000.0,0.15786318347663184,0.010643213167533876,0.2342253557714091,-0.00961520410423597,0.2271012206836368,-0.011944730005632481
1642,0.0,20000.0,0.023844665248261645,0.004856000177751421,0.4232770247752842,-0.0019412319011701347,0.285953961911131,-0.008943680574293776
1643,0.0,20000.0,0.0940236071485273,0.01136684980093113,0.2957298830735564,-0.011013169632932161,0.2888867382598586,-0.009564527291885292
1644,1.2956561824555273,20000.0,0.39865458237463747,0.030110858545345214,-0.34807719792838643,-0.030110858545345214,0.09779755740338508,-0.01572842666792327
1645,0.0,20000.0,0.17263425288021006,0.030492230524373384,0.08305554353882942,-0.03035576337079965,0.09337495324401839,-0.02011662767878618
1646,0.0,20000.0,0.13512426376849646,0.00990284124150761,0.19131406483398303,-0.009826355258632735,0.12275668672100777,-0.017029545952740147
1647,0.0,20000.0,0.16752055531816618,0.023708285879906373,-0.15853865004252327,-0.023708285879906373,0.03836808569194846,-0.019033167930890015
1648,0.0,20000.0,0.0036636230312333696,0.012387470308340398,0.20932327933814063,-0.012137471670128309,0.0896546437858061,-0.0169644590526615
1649,0.0,20000.0,0.14879047226928174,0.013423438949665205,-0.03242762077921888,-0.013210169315387271,0.053029964416298606,-0.01583817213147923
1650,0.0,20000.0,0.09024464535387362,0.009245515448945888,0.10721493733552671,-0.008694656834583264,0.06928545629206703,-0.01369511754241044
1651,0.0,20000.0,0.018566623234567863,0.011840638911532711,0.29892274076754344,-0.010836802061043822,0.13817664163470994,-0.012837622898000452
1652,0.0,20000.0,0.1727163359987609,0.015255581544326732,0.05011062098780268,-0.015255581544326732,0.11175683544063776,-0.013563010491898335
1653,0.0,20000.0,0.01200403266034417,0.007915829699487141,0.2533843694116672,-0.0058108645918081535,0.1542450956319466,-0.01123736672187128
1654,0.0,20000.0,0.20389794051246685,0.02657887284573306,-0.09859597825053558,-0.02657887284573306,0.07839277346720194,-0.015839818559029814
1655,0.0,20000.0,0.0,0.008221849745317459,0.529307913041042,-0.005758546593774969,0.21366731533935393,-0.01281543696945336
1656,0.0,20000.0,0.2097768128935944,0.03237759091771674,-0.19391010451244434,-0.03237759091771674,0.09139408938381444,-0.018684083153932374
1657,0.0,20000.0,0.17098404883726978,0.01493643976993794,0.1485155793795077,-0.014934579594859256,0.10853053638252241,-0.017559232086210436
1658,0.0,20000.0,0.12675968978279994,0.010795319942421291,-0.030399744420185826,-0.010766232613605712,0.06685145214170993,-0.015521332244429017
1659,0.0,20000.0,0.19733704471064356,0.02207016384008011,-0.07742117433114988,-0.02207016384008011,0.02356966419985198,-0.017485981723124343
1660,0.0,20000.0,0.08328794952517171,0.03203079176565312,0.15628119471129964,-0.03203079176565312,0.06338312335328627,-0.021849424735882975
1661,0.0,20000.0,0.0023431683268871984,0.02662247041631789,0.23385578854307226,-0.02662247041631789,0.11452492291022207,-0.023281338440013448
1662,0.0,20000.0,0.16588620826155845,0.02428390769991107,0.016290804359963558,-0.02428390769991107,0.0850546873451445,-0.023582109217982733
1663,0.0,20000.0,0.038023613879990606,0.012316946341358376,0.3193045854256411,-0.012316946341358376,0.15532965676929347,-0.020202560354995423
1664,0.0,20000.0,0.07948911123360454,0.022511935232193983,0.11537238856793434,-0.022511935232193983,0.14334247630888572,-0.02089537281815499
1665,0.0,19998.371000307954,0.09715124392648282,0.0007905901450514303,0.32447425165454685,0.003492689732948432,0.19768200891258406,-0.013578954052823963
1666,0.0,20000.0,0.01005045064970988,0.004080134110616671,0.3024861452435083,-0.0035770636492088153,0.22912324981186133,-0.010578386931739419
1667,0.0,20000.0,0.16060632931931496,0.017075283382020228,-0.0008346668556605527,-0.017075283382020228,0.16013587481160477,-0.012527455866823661
1668,0.0,20000.0,0.05179986107080937,0.02375885619267121,0.22440937861438115,-0.02375885619267121,0.17941792595243766,-0.015896875964577922
1669,0.0,20000.0,0.0,0.007415620017478791,0.3423299803662698,-0.005027682453178157,0.22829154227658732,-0.012636117911157993
1670,0.0,20000.0,0.008603859824323554,0.004674213444266383,0.15244451428932226,-0.003937555630948028,0.2055374338804078,-0.010026549227095002
1671,0.0,20000.0,0.18563400407810898,0.020967389801657656,-0.10407907013399703,-0.020967389801657656,0.11265248267608635,-0.013308801399463797
1672,0.0,20000.0,0.02602165806580146,0.009099034397531661,0.45778667424029706,-0.008250448600954804,0.21619274014534956,-0.011791295559911099
1673,0.0,20000.0,0.09957288106665572,0.016046586983791012,-0.034192638383033165,-0.016046586983791012,0.14107712658683474,-0.013067882987075072
1674,0.0,20000.0,0.04597007215017104,0.015522321402472629,0.14872358755169962,-0.015104821234461168,0.1433710648762942,-0.0136789644612909
1675,0.0,19998.081224907026,0.0,0.0002095151520072516,0.5237023964257397,0.008309845674481802,0.25747046434112786,-0.007082321420559088
1676,0.39766518577212606,20000.0,0.30107217530469466,0.030408240684218865,-0.2622632089274445,-0.030408240684218865,0.10155036236055616,-0.014080097199657022
1677,0.0,20000.0,0.30611592342525046,0.020668712432948596,-0.03038676138331653,-0.020668712432948596,0.06196922523739435,-0.016056681769644494
1678,0.0,20000.0,0.07321027058038987,0.008644368553962604,0.05681775717163155,-0.007264465948194741,0.060423784817665506,-0.013419017023209568
1679,0.0,20000.0,0.08398242556203112,0.009601431978867635,0.18814143096622446,-0.009521170001231878,0.09873907866223319,-0.01224966291661626
1680,0.0,20000.0,0.0008077820334412274,0.01538027505709766,0.224497730002529,-0.015097922094209463,0.13646667406432195,-0.01310414066989422
1681,0.0,20000.0,0.10166000328132622,0.016997254391961137,0.16429546417568108,-0.016997254391961137,0.1448153110977297,-0.014272074786514294
1682,0.0,20000.0,0.10067176446450962,0.016688960262046953,0.010004996966961232,-0.016688960262046953,0.10437221685849915,-0.014997140429174091
1683,1.1181706000192069,20000.0,0.4446640314357002,0.04457707878089057,-0.3865304803361279,-0.04457707878089057,-0.04289859229988896,-0.02387112193468903
1684,0.0,20000.0,0.03299726683067095,0.010383158665633857,0.3797816875388402,-0.010381719680889398,0.08390549165172978,-0.01982430125854914
1685,0.0,20000.0,0.16277499889013936,0.015334866096221126,-0.1529212922499016,-0.014635952340762037,0.012857456481240363,-0.01826779658321301
1686,0.0,19998.506370797408,0.021355127781599,0.0004320442271703513,0.378701235392806,0.003908443118166774,0.12261059015471004,-0.011614924672799074
1687,0.0,20000.0,0.18290379253762803,0.026902062239969257,0.02931829553791691,-0.026902062239969257,0.0946229017696721,-0.01620106594295013
1688,0.0,19997.070787771463,0.0,0.0014767373070610193,0.5975756574012944,0.012802451324661025,0.24550872845915878,-0.007500010762666781
1689,1.2282430373148219,20000.0,0.38716939383831345,0.03168950671939892,-0.36986488224049363,-0.03168950671939892,0.06089664524926304,-0.014756859549686422
1690,0.0,20000.0,0.22431317667810466,0.013290929271530262,-0.038072012964851715,-0.013290929271530262,0.031206047785028612,-0.014317080466239572
1691,0.0,20000.0,0.2479491714226434,0.02163132270333399,-0.11713269924104004,-0.021630748911922314,-0.013295576322791988,-0.016511180999944395
1692,0.0,20000.0,0.18279383635004892,0.024231409500730803,-0.027377710305969163,-0.024231409500730803,-0.017520216517745137,-0.018827249550180315
1693,0.0,20000.0,0.16648630351175794,0.010665383997675552,-0.0333556497995771,-0.010623204628943493,-0.022270846502294724,-0.016366036073809268
1694,0.0,20000.0,0.25342106900672423,0.015962536181895602,-0.10085908530340579,-0.015962536181895602,-0.04584731814262804,-0.016244986106235166
1695,0.5142309571050556,20000.0,0.3006889462363025,0.02841212512860913,-0.29762482337479307,-0.02841212512860913,-0.12138056971227754,-0.019895127812947354
1696,0.0,20000.0,0.0,0.008626024273150167,0.38658822278071664,-0.00821908374215611,0.031010068035620716,-0.01639231459170998
1697,0.17742076915978133,20000.0,0.32675167691959384,0.03203142622887166,-0.20408751579424195,-0.03203142622887166,-0.03951920711333808,-0.021084048082858485
1698,0.0,20000.0,0.007357911551277156,0.012365994751075905,0.48815746157862566,-0.012365516757882528,0.11878379349425106,-0.018468488685365696
1699,0.0,19999.417977547175,0.024877704968719272,0.005619492609503254,0.11485982502938916,-0.001245235314825953,0.11760660295479247,-0.013301512674203772
1700,0.0,20000.0,0.06893415723725436,0.009760068845083158,0.2557957095852707,-0.009399755448821693,0.15906333494393593,-0.012130985506589148
1701,0.0,20000.0,0.07209863248877961,0.021305973831873836,0.16949046135127377,-0.021305973831873836,0.16219147286613728,-0.014883482004174553
1702,0.0,20000.0,0.0020911142704379236,0.005671756560534407,0.41750573530332963,-0.005542405763912917,0.23878575159729495,-0.01208115913209606
1703,0.0,20000.0,0.08434841503239134,0.005795348898631391,0.16325158026411288,-0.004629660788163368,0.2161255001973403,-0.009845709628916254
1704,0.0,20000.0,0.04947571061380534,0.004905045851648433,0.1767853733700898,-0.003378732423234156,0.20432346214916514,-0.007905616467211624
1705,0.0,20000.0,0.03344303308463677,0.008895415630693912,0.05498644954231237,-0.008844538083273215,0.1595223583671093,-0.008187292952030101
1706,0.0,20000.0,0.0,0.009716453484903185,0.3867982509329539,-0.008944077046215823,0.22770512613686267,-0.008414328180285816
1707,0.0,20000.0,0.0017150471205838686,0.015179202909448158,0.24105444456888642,-0.015179202909448158,0.23170992166646978,-0.010443790599034518
1708,1.4033455271835735,20000.0,0.29707797797518065,0.027184844621116335,-0.2924664487124969,-0.027184844621116335,0.07445701055277977,-0.01546610680565906
1709,0.0,20000.0,0.05120959157111208,0.022799990738571103,0.07835072316294184,-0.022799990738571103,0.07562512433582838,-0.017666271985532674
1710,0.0,19999.333766421165,0.0071833701636486655,0.004752632264507115,0.4648031658552883,-0.0004208549703779751,0.19237853679166636,-0.012492646880986264
1711,0.0,20000.0,0.11407369009936624,0.008643085716620242,0.10700814091748145,-0.008599198840906343,0.16676741802941086,-0.011324612468962287
1712,0.0,20000.0,0.13220430343307343,0.010658286556220182,0.1773488978685952,-0.010658286556220182,0.16994186198116615,-0.011124714695139655
1713,0.0,20000.0,0.32447976788935456,0.022813395401163578,-0.11271709330287451,-0.022813395401163578,0.08514417539595394,-0.014631318906946831
1714,0.0,20000.0,0.027138826967091932,0.014678194188291225,0.13777161936389534,-0.014678194188291225,0.10093240858633636,-0.014645381491350147
1715,0.0,20000.0,0.1474357101861914,0.018213740182835923,0.15021730403593628,-0.018157912172025892,0.11571787722121633,-0.01569914069555287
1716,0.0,20000.0,0.08506164233937218,0.018809247025897962,0.17080625633093885,-0.018756088372884446,0.1322443909541331,-0.01661622499875234
1717,0.0,20000.0,0.0627670415044261,0.007335335331760861,0.3945732238754258,-0.007335041378727501,0.2109430408305209,-0.013831869912744888
1718,0.0,20000.0,0.021382205745753228,0.017260140258574717,0.10781787688767301,-0.017260140258574717,0.18000549164766652,-0.014860351016493838
1719,0.0,20000.0,0.18301629354127694,0.022734135218543918,-0.08558801789604768,-0.022734135218543918,0.10032743878455225,-0.017222486277108862
1720,0.0,19997.88698736014,0.0030390587318460042,1.4424480669442665e-05,0.37981249156986713,0.007814044572378954,0.1841729546201467,-0.009711527022262516
1721,0.0,20000.0,0.015950265538206925,0.010133353931127093,0.1423003770078878,-0.010133353931127093,0.17161118133646902,-0.009838075094921888
1722,0.572675930692804,20000.0,0.26249200297587844,0.017271827625412687,-0.2516726226589854,-0.017271827625412687,0.044626040137832695,-0.012068200854069127
1723,0.0,20000.0,0.00245398439226361,0.007355874864322711,0.3698111567439962,-0.006890528497611242,0.14218157511968177,-0.010514899147131763
1724,0.0,20000.0,0.007729946210152583,0.014654662827153437,0.21925687611961972,-0.014654428915590718,0.16530416541966314,-0.01175675807766945
1725,0.0,20000.0,0.08440455039696879,0.008367072296748101,0.09793539333637198,-0.008269618701843706,0.1450935337946758,-0.010710616264921726
1726,0.0,20000.0,0.07086624353376668,0.008216254682102138,0.14786405836983318,-0.008195622409709252,0.145924691167223,-0.009956118108357982
1727,0.0,20000.0,0.17486985328470683,0.014959442253694583,-0.08563751308227847,-0.014959442253694583,0.07645602989237255,-0.011457115351958962
1728,0.0,20000.0,0.16242001955616334,0.018734778337026595,-0.018423421329100072,-0.018734778337026595,0.04799219452593076,-0.013640414247479252
1729,0.08706254209490005,20000.0,0.296712249496585,0.0233087883922738,-0.23256084223008341,-0.0233087883922738,-0.03617371650087349,-0.016540926490917617
1730,0.0,20000.0,0.05238236927758296,0.014492818344014691,0.296172746030216,-0.014492818344014691,0.06353022225845335,-0.015926494046846738
1731,0.0,20000.0,0.039773271978535044,0.0188614110725604,0.37560155336767964,-0.0188614110725604,0.15715162159122123,-0.016806969154560834
1732,2.0722387514905183,20000.0,0.42373355173175953,0.028540317823356986,-0.3992015958832839,-0.028540317823356986,-0.009754343651130315,-0.02032697375519968
1733,0.0,20000.0,0.09046175522065758,0.014158974877804117,-0.0020422471305417593,-0.013872159712632651,-0.0074407146949537475,-0.01839052954242957
1734,0.0,20000.0,0.06883800114287382,0.006451220592101034,0.23264128530129063,-0.006397004496347512,0.06458388530391956,-0.014792472028604951
1735,0.0,19999.190583191885,0.07037934687087538,0.0015233991573456345,0.3976366655501155,0.0016518518397939698,0.16449971937777835,-0.009859174868085274
1736,0.0,20000.0,0.2843121340639798,0.02180874421735567,-0.149210310163926,-0.02180874421735567,0.07038671051526704,-0.013444045672866393
1737,0.0,19999.8122244627,0.021412421509379425,0.004976878246965079,0.23717482503772155,-0.0012024101732841875,0.1204231448720034,-0.009771555022991731
1738,0.0,20000.0,0.0742460493414126,0.016949127213691746,0.3748933469107315,-0.016949127213691746,0.19676420548362183,-0.011924826680201735
1739,0.0,20000.0,0.1705030519526335,0.026682850842964154,-0.09987948648343466,-0.026682850842964154,0.10777109789350486,-0.016352233929030457
1740,0.0,20000.0,0.1740289040678404,0.005343686506789957,-0.025130583251138934,-0.005109856133069378,0.06790059355011172,-0.012979520590242133
1741,0.0,20000.0,0.08568987007335227,0.02200304977962318,0.07656345117587346,-0.021910074569550884,0.07049945083784023,-0.01565868678403476
1742,0.0,20000.0,0.27251218578508574,0.023480096275784314,-0.04972776166718631,-0.023480096275784314,0.03443128708633227,-0.018005109631559622
1743,0.0,20000.0,0.12836418695909782,0.01360568884587227,0.08380859822689382,-0.012483592800560602,0.049244480428500735,-0.016348654582259915
1744,3.2141925038425905,20000.0,0.5049094083788089,0.035189295074815476,-0.5049094083788089,-0.035189295074815476,-0.11700168621369214,-0.022000846730026582
1745,0.0,20000.0,0.11914115317988676,0.03612527979282346,-0.055305350980974596,-0.03612527979282346,-0.09849278564387687,-0.026238176648865644
1746,0.0,20000.0,0.24079525508050922,0.02658861738206218,0.15643177620499776,-0.02658861738206218,-0.02201541708921448,-0.026343308868824602
1747,0.0,20000.0,0.1476961087763209,0.012363711234700883,0.2007214702625165,-0.012224819368951007,0.04480564911630481,-0.022107762018862522
1748,0.0,20000.0,0.07442703565082708,0.016780469830634186,0.3092988600923117,-0.016780469830634186,0.12415361240910688,-0.02050957436239402
1749,0.8041742550846176,20000.0,0.21242109388236702,0.02682599184582927,-0.15871681223764758,-0.02682599184582927,0.03929248501508054,-0.022404499607424595
1750,0.0,20000.0,0.020711158032667213,0.013324426715802333,0.18728824198900304,-0.012417816102696278,0.08369121210725729,-0.019408494556006097
1751,0.0,20000.0,0.07549518701815422,0.009265124987683856,0.2535835047387872,-0.007596820974157688,0.13465889989671626,-0.015864992481451574
1752,0.0,20000.0,0.02135525040856529,0.010366365798075112,0.517863370397288,-0.006081330191026154,0.2496202410468878,-0.012929893794323948
1753,0.3302088546404025,20000.0,0.19018100470328198,0.017704259420588796,-0.05029104390483221,-0.01768810015271229,0.1596468555613718,-0.014357355701840449
1754,0.0,20000.0,0.004377507004632223,0.008185320547332552,0.3945479872892124,-0.00812881624193843,0.23011719507972397,-0.012488793863869842
1755,0.0,19998.161633224805,0.02688726107425003,0.0024371408956228515,0.34112150271487585,0.008392097507905495,0.2634184873702695,-0.00622452645233724
1756,0.0,20000.0,0.1172588589515021,0.026298427887108546,0.06802327945066391,-0.026298427887108546,0.20479992499438782,-0.01224669688276863
1757,0.0,20000.0,0.18404783063765467,0.01236605476368571,0.18285628920629865,-0.01236549951906714,0.19821683425796105,-0.012282337673658182
1758,0.49031780456230134,20000.0,0.2770069383305486,0.017986175878536084,-0.14400960877371038,-0.017986175878536084,0.09554890134845961,-0.013993489135121552
1759,0.0,20000.0,0.031764689647876515,0.011417270510909877,0.021512596343880558,-0.011396502476710231,0.07333800984708588,-0.013214393137598156
1760,0.0,20000.0,0.11505098854719933,0.017824033144489833,0.3075094619425553,-0.017824033144489833,0.14358944547572672,-0.014597285139665659
1761,0.0,20000.0,0.01872382949739807,0.010326686395211719,0.3275597858115511,-0.009893095245741307,0.198780547576474,-0.013186028171488354
1762,0.0,20000.0,0.12338704255709892,0.021833119060577073,0.07180376174858955,-0.021833119060577073,0.16068751182810867,-0.01578015543821497
1763,0.0,20000.0,0.0,0.010509465393628578,0.4755943664316098,-0.009040394789488749,0.25515956820915897,-0.013758227243597102
1764,0.0,20000.0,0.0009720404857726751,0.019979197855665473,0.2853534611274195,-0.019979197855665473,0.2642177360846371,-0.015624518427217612
1765,0.0,20000.0,0.004522442656878469,0.007629549884535927,0.1853520585774614,-0.007611321291881911,0.2405580328324844,-0.0132205592866169
1766,0.0,19999.16590649101,0.0,0.004431425094506352,0.6635403400508473,0.00248757250776853,0.36745272499799325,-0.008508119748301271
1767,0.0,20000.0,0.27523043852199286,0.025685975859080546,0.07952095388720194,-0.025685975859080546,0.28107319366475586,-0.013661476581535053
1768,0.0,20000.0,0.0,0.0075469621704932375,0.5129060317924267,-0.003194035825022235,0.3506230451030571,-0.010521244354581207
1769,0.0,19999.724963263794,0.04950888549497968,0.005898914827975219,0.38076186997486583,0.0005813970731964647,0.3596646925645997,-0.007190451926247904
1770,0.0034723129335754166,20000.0,0.28247592825921847,0.02218854067805363,-0.13545485505563915,-0.02218854067805363,0.21112882827852802,-0.011689878551789622
1771,0.0,20000.0,0.14171358470364487,0.007811464365806216,0.11559864949424824,-0.007805702368056853,0.1824697746432441,-0.01052462569666979
1772,0.0,20000.0,0.10591351634419527,0.008213220039705064,0.2453181554619795,-0.005763838720782105,0.20132428888886472,-0.009096389603903484
1773,0.0,20000.0,0.13316154893532905,0.01908966957624029,0.021585413392815524,-0.01908966957624029,0.14740262624004996,-0.012094373595604526
1774,0.0,20000.0,0.20601386973060382,0.007593249000840633,0.18757909515406163,-0.007566368954999913,0.15945556691425344,-0.010735972203423141
1775,0.0,20000.0,0.056732841212426416,0.020427148282947692,0.19262220877108222,-0.020427148282947692,0.16940555947130206,-0.013643325027280506
1776,0.0,20000.0,0.3257231754826723,0.026702114849800583,-0.09445619517200717,-0.026702114849800583,0.0902470330783093,-0.01756096197403653
1777,0.0,20000.0,0.22048640943878967,0.026176815018809228,0.045098838867931465,-0.026176815018809228,0.07670257481519593,-0.020145717887468335
1778,0.0,20000.0,0.0289224220457688,0.01864506883912186,0.11371084365965049,-0.01864506883912186,0.08780505546853229,-0.019695523172964392
1779,0.0,19998.85589184188,0.022840430615556687,0.005517475162849109,0.2715173476849095,0.0013321143867839347,0.14291874313344544,-0.013387231905039893
1780,0.0,19999.23614401723,0.0,0.004401911483669452,0.7104960813719705,0.0020232873094416094,0.31319194460500294,-0.008764076140695442
1781,0.0,20000.0,0.22524054907810803,0.016327898100262438,0.01739137031166112,-0.016327898100262438,0.22445177231700036,-0.01103322272856554
1782,0.0,20000.0,0.1981579669734483,0.01819838611809366,0.10903481771265504,-0.01819838611809366,0.18982668593569674,-0.013182771745423975
1783,0.0,20000.0,5.098668433830722e-05,0.010279495964558736,0.5349858631470608,-0.010254315609440397,0.29337443909910593,-0.012304234904628902
1784,0.0,20000.0,0.09760176324418128,0.009961673356569896,0.2030877684619625,-0.009730537927062894,0.26628843790796286,-0.011532125811359099
1785,0.4038376438824569,20000.0,0.2660114936463953,0.021719357085831177,-0.22144044945290903,-0.021719357085831177,0.11996977169970127,-0.014588295193700723
1786,0.0,20000.0,0.06291420654479131,0.010830981714724455,0.20743957537345573,-0.010717216317361956,0.1462107128018276,-0.013426971530799093
1787,0.0,20000.0,0.2243749280760557,0.03286621279946418,-0.16807303461226442,-0.03286621279946418,0.05192558857759999,-0.019258743911398618
1788,0.0,20000.0,0.012656921758845903,0.01691753533148414,0.2148936141512371,-0.016607006128641834,0.10081599624969112,-0.01846322257657158
1789,0.0,20000.0,0.07672023208484463,0.009242672919231101,0.12001149763500754,-0.009242194926037724,0.10657464666528604,-0.01569691428141142
1790,0.0,20000.0,0.11607104054642665,0.025302137580454062,0.07040080640520248,-0.025302137580454062,0.09572249458726097,-0.018578481271124214
1791,0.0,20000.0,0.0,0.010025628963756387,0.47133342666504124,-0.009830826400026466,0.20840577421059503,-0.015954184809794887
1792,0.0,20000.0,0.06995440495857783,0.004574921067693593,-0.013176180467793206,-0.0043185420530370035,0.14193118780707853,-0.012463491982767522
1793,0.0,20000.0,0.08901852868655784,0.02125874212698167,0.17883175973502816,-0.02125874212698167,0.15300135938546341,-0.015102067026031766
1794,0.0,20000.0,0.025224481163850482,0.0065912719370065055,0.32508506200515214,-0.005862127440410716,0.20462647017137003,-0.01233008515034545
1795,0.0,20000.0,0.0340761372828622,0.011000810678085332,0.1518412222465425,-0.010936427044332122,0.18879089579392178,-0.011911987718541451
1796,0.0,20000.0,0.010328522131746573,0.007533716931314552,0.2950147086765546,-0.0043562053948488656,0.2206580396587116,-0.009645253021433675
1797,0.07917634948005903,20000.0,0.2130442575324895,0.03763132590393835,-0.20564714929675432,-0.03763132590393835,0.09276648297207182,-0.018041074886185077
1798,0.0,20000.0,0.0,0.0069382566243133175,0.5117590979383645,-0.005439018662908322,0.21846426746195963,-0.014260458019202052
1799,0.0,20000.0,0.14833034667385622,0.01865196035192267,0.021301555149835054,-0.01865196035192267,0.15931545376832223,-0.015577908719018237
1800,0.0,20000.0,0.012763135154858636,0.010299653206048632,0.35539193438094596,-0.009621569798548418,0.21813839795210932,-0.013791007042877291
1801,0.0,20000.0,0.09574747898544873,0.015391379475678412,0.11182212440088672,-0.013677303981848963,0.18624351588674254,-0.013756896124568792
1802,0.0,20000.0,0.0007477618375509974,0.007240881366965428,0.33592919893532264,-0.004839622364093273,0.23114922080131656,-0.011081713996426136
1803,0.0,20000.0,0.00800074131566881,0.00601055578280064,0.248449464003552,-0.0031268141772329114,0.23633929376198717,-0.008695244050668169
1804,0.0,20000.0,0.001643528961774804,0.013785650583984286,0.22918175562322765,-0.012774075512266433,0.23419203232035932,-0.009918893489147648
1805,0.0,20000.0,0.005966197649268313,0.007124539410296913,0.2700937962044837,-0.0024425385014842176,0.2449625614855966,-0.007675986992848618
1806,0.0,20000.0,0.14862685407508897,0.016561624274775547,0.01057974956041216,-0.016561624274775547,0.17464771790804126,-0.010341678177426695
1807,0.0,20000.0,0.039928320322404176,0.006546799348585048,0.3170401912479036,-0.005047735250624696,0.21736545990999995,-0.008753495299386094
1808,0.0,20000.0,0.11713029910839207,0.006597747270293496,0.06188687723555311,-0.0036821221863973293,0.1707218851076659,-0.007232083365489464
1809,0.0,20000.0,0.07896891678446975,0.029269583469545998,0.16084286194745942,-0.029269583469545998,0.16775817815960395,-0.013843333396706424
1810,0.0,20000.0,0.10382806817610139,0.010257823051854093,0.019311824097997258,-0.010169555388210653,0.12322427194112193,-0.012741199994157692
1811,0.0,20000.0,0.05552038273347697,0.011616137848627446,0.16120282078967033,-0.011602771804517064,0.13461783659568644,-0.012399671537265502
1812,0.0,20000.0,0.0013040290419116614,0.007660887110914752,0.4438802817628458,-0.0020635653629472125,0.22739657014583423,-0.009298839684970014
1813,0.0,20000.0,0.0019440488390774053,0.008908435104930472,0.4105885768949608,-0.007839793696077395,0.2823541721705722,-0.008861125888302228
1814,0.0,20000.0,0.026813847575778826,0.005277693131747196,0.26496154384933807,-0.0016574979351535145,0.27713638367420196,-0.006700037502357614
1815,0.0,20000.0,0.0,0.004854378184608626,0.6041857828441994,-0.0016513557049507048,0.3752512034252012,-0.00518543296313554
1816,0.0,20000.0,0.009573757807410065,0.011559476559853442,0.22888059974977804,-0.011390786135510922,0.3313400223225742,-0.007047038914848154
1817,0.0,20000.0,0.2158845816927531,0.014614574421040749,6.039220919300973e-05,-0.014614574421040749,0.23195613328855985,-0.009317299566705933
1818,0.0,20000.0,0.0,0.012100022901663605,0.3538777468231868,-0.012000201149039583,0.2685326173489479,-0.010122170041406028
1819,0.0,20000.0,0.059343203290269875,0.0214524880150501,0.06524472375380377,-0.02126076475762315,0.20754624927040466,-0.013463748456271164
1820,0.0,19999.936544177235,0.006597578135437651,0.0056593923555994284,0.24336212653514736,-0.001901832046677976,0.21829101244982746,-0.009995173533393208
1821,0.0,19999.844394335527,0.0004325474572445204,0.004164052073558287,0.31707112523859887,0.00015170037299492203,0.2479250462864589,-0.006951111361476768
1822,0.0,20000.0,0.039069271707747454,0.011321998106107864,0.04450368673378191,-0.011321998106107864,0.18689863842065577,-0.008262377384866095
1823,1.3791001307421875,20000.0,0.38048121513105065,0.027069215534931045,-0.37523152041499397,-0.027069215534931045,0.01825959076996085,-0.013904428829885579
1824,0.0,20000.0,0.10663048824843654,0.008276417070638737,0.31468727521720025,-0.004984377656081156,0.10718789610413268,-0.01122841347774425
1825,0.0,20000.0,0.07474639498852646,0.013142320160059161,0.16644232075130858,-0.012374176183904928,0.12496422349828545,-0.011572142289592453
1826,0.0,19998.879754901536,0.0,0.004422411671349383,0.7500588428007341,0.004809933336836398,0.31249260928902,-0.0066575196016637975
1827,0.0,20000.0,0.05723633950722049,0.010884236758742255,0.16957531597868958,-0.01029382056292684,0.26961742129592087,-0.007748409890042709
1828,0.0,20000.0,0.1813680720506109,0.02386437678378976,-0.0931231756180721,-0.02386437678378976,0.16079524222172298,-0.012583199958166823
1829,0.0,20000.0,0.1080430339654423,0.009995524019475854,0.06294705486309345,-0.009985887396063478,0.13144078601413411,-0.011804006189535818
1830,0.0,20000.0,0.10655222348213969,0.02157605097840055,0.07581169091100502,-0.02157605097840055,0.11475205748319538,-0.014735619626195236
1831,0.0,20000.0,0.2695551460443048,0.02106359984329014,-0.14569443384258404,-0.02106359984329014,0.03661811008546155,-0.016634013691323706
1832,0.0,20000.0,0.31385880132470817,0.02158556135044315,-0.10879036406946163,-0.02158556135044315,-0.007004432161015407,-0.018119477989059538
1833,0.0,20000.0,0.013132961158817852,0.007816163151788928,0.33662793645645855,-0.005783533307240087,0.09608527842422677,-0.0144186945845137
1834,0.0,20000.0,0.012190444618469118,0.008172392022910294,0.1671676706248423,-0.007996690212262977,0.11740999608441144,-0.012492093272838484
1835,0.0,20000.0,0.12447273193339498,0.0071271617888918086,0.03463135415570091,-0.006938123059993933,0.09257640350579827,-0.010825902208985118
1836,0.0,20000.0,0.0019690179539645363,0.01839973467352111,0.21672248659013035,-0.01839973467352111,0.1298202284310979,-0.013098051948345915
1837,0.0,20000.0,0.1568830940369895,0.01547509396049202,-0.07616778055234193,-0.015165573954445385,0.06802382573606594,-0.013718308550175754
1838,0.0,20000.0,0.2106275288433615,0.02207482139423698,-0.07932541563833924,-0.02207482139423698,0.023819053323744382,-0.01622526240339412
1839,0.0,20000.0,0.16151225654515433,0.029146255996658064,-0.03967948869874605,-0.029146255996658064,0.004769490716997251,-0.020101560481373303
1840,0.0,20000.0,0.3436561664148895,0.026203368111347616,-0.09118412007092767,-0.026203368111347616,-0.024016592519380223,-0.021932102770365596
1841,0.0,19996.9781296145,0.0,0.0014807910099373207,0.42846983925164883,0.010770091384472606,0.1117293370119285,-0.012121444523914135
1842,0.0,20000.0,0.03903517642360805,0.013489190104826772,0.20842018178481342,-0.012902417303193064,0.14073659044379397,-0.012355736357697811
1843,0.0,20000.0,0.004754849052493596,0.006411780667674169,0.5463544741031052,-0.005538354501673336,0.2624219555415873,-0.010310521800890468
1844,0.03498269156772649,20000.0,0.37335357883247094,0.022474126321900503,-0.1750853169638644,-0.022474126321900503,0.1311697737899518,-0.013959603157193478
1845,0.0,20000.0,0.08763146122707302,0.0076019772670658115,-0.015762099124155673,-0.007564997894770278,0.08709021191571954,-0.012041221578466517
1846,0.0,20000.0,0.020030233722612926,0.0072867906139079276,0.21289351184987806,-0.006625496714171718,0.1248312018959671,-0.010416504119178077
1847,0.0,20000.0,0.0010442305233322577,0.007312399257908392,0.471580792410778,-0.004723403252435806,0.22885607905041036,-0.008708573859155395
1848,0.0,19998.300555695223,0.0,0.0011109997723436054,0.6626581662300697,0.009300403785463178,0.35899670520430815,-0.0033058805657698227
1849,0.0,20000.0,0.27878213545965636,0.022113120562941072,-0.11063363608944805,-0.022113120562941072,0.21810760281618127,-0.008948052564921198
1850,0.0,20000.0,0.0823275072924818,0.015461310017565464,0.061103916858441805,-0.015151013828525496,0.17100649702885942,-0.010808940944002487
1851,0.0,19997.67731036805,0.0,0.0011642109805905577,0.6401511520292298,0.011829381343141465,0.31174989352897053,-0.0040174442578593
1852,1.6276348271569145,20000.0,0.3886306080862105,0.03452741013410784,-0.38687932034912687,-0.03452741013410784,0.10216112936554131,-0.01317043402073386
1853,0.0,19999.143263084094,0.0,0.001990095174529311,0.61279867587545,0.002635647108796903,0.2553523933185139,-0.00842860968187463
1854,0.0,20000.0,0.17460268141586643,0.01966692606493749,0.036480560447462604,-0.01966692606493749,0.1896908434571985,-0.011800104596793488
1855,0.0,20000.0,0.07835963634681435,0.009080596412691372,0.10997329508283675,-0.009080596412691372,0.16577557894488995,-0.010984252141562853
1856,0.0,20000.0,0.1381925339726199,0.013399566165166814,0.06436462251263514,-0.012809472759944813,0.13535229201521348,-0.01153181832707744
1857,0.0,20000.0,0.3696679705501801,0.03081445803127986,-0.012286561291215114,-0.03081445803127986,0.0910606360232849,-0.017316610238338165
1858,0.0,20000.0,0.27888098248812004,0.027606857031217624,-0.1863915095910814,-0.027606857031217624,0.007824992338975018,-0.020403684276202
1859,0.0,20000.0,0.2364284239735596,0.02396957885662383,0.030976823686532266,-0.02396957885662383,0.014770541743242192,-0.02147345265032855
1860,0.0,20000.0,0.01981491285524444,0.01648844253254174,0.12830564899774713,-0.01648182572893081,0.048831073919593675,-0.019975964573909225
1861,0.0,20000.0,0.028276593611182663,0.016239097347376222,0.17495860682686348,-0.01623564498060326,0.0866693337917746,-0.018853868695917434
1862,0.0,20000.0,0.024956271831434246,0.012625283578347019,0.2075854257108139,-0.01241916082451248,0.12294416136748638,-0.016923456334495948
1863,0.0,19999.226498350352,0.01001430161113087,0.004993283926644403,0.35124101256386314,0.0005052190456978065,0.1914332167263994,-0.01169485372043782
1864,0.0,20000.0,0.03977025878854206,0.00744238114617323,0.2494109596811336,-0.004744660814801848,0.20882653961281966,-0.009609795848747028
1865,0.0,20000.0,0.2748017370620914,0.023099484505300347,-0.03869021915406337,-0.023099484505300347,0.13457151198275474,-0.013656702445713024
1866,0.0,19998.035977234835,0.0,0.003507687689151095,0.7399590640692005,0.008571115860237698,0.3161877776086885,-0.006988356953927808
1867,0.0,20000.0,0.29737279290034563,0.023181912538269314,-0.18359654270356,-0.023181912538269314,0.16625248151501393,-0.01184642362923026
1868,0.0,20000.0,0.23596703032422126,0.014002217873624797,-0.1971729770254121,-0.014002217873624797,0.05722484395288612,-0.01249316190254862
1869,0.0,20000.0,0.13239671359102492,0.017858692852842424,0.025863657567643646,-0.017858692852842424,0.04781648803731338,-0.014102821187636762
1870,0.0,20000.0,0.014648476287684759,0.00864845468771724,0.22656619266647,-0.0026006389728519593,0.10144139942606037,-0.01065216652320132
1871,0.0,19999.45848811011,0.0,0.0027529585337508246,0.5395555936180223,0.0020036269631543923,0.23287565768364893,-0.006855428477294606
1872,0.0,19999.92548170686,0.0,0.0038833922358245403,0.5357724034347642,0.0010966572238281594,0.3237446814089835,-0.004469802766957776
1873,0.0,20000.0,0.0,0.009524370546758677,0.4439635924193749,-0.0056565872645226575,0.3598103547121009,-0.00482583811622724
1874,0.0,20000.0,0.1996792138393511,0.023008752747069535,0.047671688737028116,-0.023008752747069535,0.26616875491957903,-0.010280712505479928
1875,0.0,20000.0,0.25180212163987725,0.020783472043069226,0.07530702398167317,-0.020783472043069226,0.20891023563820726,-0.013431540366756718
1876,0.0,20000.0,0.0016102674390022832,0.008363269709309132,0.45491853435124135,-0.003622753395832259,0.28271272525211744,-0.01048890427547938
1877,0.0,20000.0,0.12295821776771464,0.021135932337634413,-0.08684148572577684,-0.021135932337634413,0.17184646195874914,-0.01368301269412589
1878,0.0,20000.0,0.1636781283972614,0.018066230901938093,0.09474607369605308,-0.017974925672976427,0.1487163454799403,-0.01497058658778105
1879,0.0,20000.0,0.0016789762830520377,0.00834314234022554,0.6197544851034981,-0.006032881983525047,0.29002778736700763,-0.01228927520650425
1880,0.0,20000.0,0.052527548381575306,0.027844405039186122,0.07131499779056573,-0.027844405039186122,0.22441395049407506,-0.016955814156308813
1881,0.0,20000.0,0.2681375128413108,0.027226365199827792,-0.1434287790879539,-0.027226365199827792,0.11406113161946636,-0.020036979469364505
1882,0.0,20000.0,0.06829933039682101,0.014312132893363397,0.2095687328780141,-0.01203360338129304,0.1427134119970307,-0.017635966642943063
1883,0.0,19998.72112325977,0.01578074995218624,0.0040039810079858015,0.31221882728592626,0.0029961871896190756,0.19356503658369933,-0.01144632049317442
1884,0.0,20000.0,0.05848078821034923,0.012327064267952149,0.11647317690923248,-0.012327064267952149,0.17043747868135925,-0.01171054362560774
1885,0.0,20000.0,0.062056207314232656,0.015462766316384106,0.1478033587134248,-0.014942667171879167,0.1636472426909789,-0.012680180689489166
1886,0.0,19997.082751202972,0.0,0.0009326550463001311,0.7474766068625853,0.014300825706698892,0.3387960519424608,-0.004585878770632748
1887,0.0,20000.0,0.05920492739152868,0.027367116180246617,0.055672405071286644,-0.027367116180246617,0.25385895788110857,-0.011420249993516908
1888,0.0,20000.0,0.04147487615144862,0.014431482806322076,0.14972595273424352,-0.014431482806322076,0.22261905633704904,-0.012323619837358458
1889,0.0,20000.0,0.1205916606437906,0.017477117882089718,0.15843808532763948,-0.017477117882089718,0.20336476503422615,-0.013869669250777835
1890,0.0,20000.0,0.2008723882905743,0.01853668987041382,-0.11123553548475172,-0.01853668987041382,0.10898467487853278,-0.01526977543666863
1891,0.0,20000.0,0.09441327973075844,0.02066500372054713,0.07235760158111489,-0.02061422485267686,0.0979965528893074,-0.0168731102614711
1892,0.0,20000.0,0.005981662440650313,0.01051262983681915,0.28070165150755133,-0.00803487867640951,0.1528080824747806,-0.01422164078595262
1893,0.0,19999.623711318367,0.0048496680838823,0.0043618962306007526,0.18795110339037355,-0.0005007127550277987,0.16335098874945847,-0.010105362376675172
1894,0.0,20000.0,0.17974075972684986,0.020547227421954705,-0.07531579648480001,-0.02054382594297138,0.09175095317918092,-0.013236901446564035
1895,0.0,20000.0,0.081120087157604,0.01826378456358651,0.01970492530872479,-0.01799934898742169,0.07013714481804408,-0.014665635708821331
1896,0.0,20000.0,0.03975419900993286,0.0062928269453783586,0.37272911659470714,-0.006057550689290493,0.160914736351043,-0.01208321020296208
1897,0.0,20000.0,0.19718170641666866,0.0107606074489629,-0.09443667972648885,-0.010733601684020556,0.08430931152778344,-0.011678327647279623
1898,0.0,20000.0,0.06401319404187629,0.015554801288875025,0.05700586952127526,-0.014912765529024232,0.07611827892583098,-0.012648659011803004
1899,0.0,20000.0,0.15244652746311685,0.014350817854064005,0.055849939219624285,-0.014350817854064005,0.07003777701396896,-0.013159306664481306
1900,0.0,20000.0,0.02167191743186237,0.010844171431889482,0.29498268167351577,-0.01044231003094564,0.137521248411833,-0.012344207674420606
1901,0.0,20000.0,0.06445688838146374,0.020101208924123554,0.1291797963944787,-0.020101208924123554,0.1350188128066267,-0.01467130804933149
1902,0.0,19999.335598447815,0.046976830634934345,0.0028030559453217476,0.17407271620212383,0.0009000621865352598,0.14673498382527583,-0.009999896978571465
1903,0.0,20000.0,0.27029025941836543,0.03768562207842025,-0.21973592670208308,-0.03768562207842025,0.03679371066706816,-0.0183056145085261
1904,0.0,20000.0,0.09755777637754985,0.010317191478845576,0.07404948712938898,-0.00963333598524425,0.0479704436057644,-0.015703930951541545
1905,0.0,20000.0,0.09620984145398997,0.020789105114522036,0.04848292394494109,-0.020789105114522036,0.0481241877075174,-0.017229483200435693
1906,0.0,20000.0,0.012160304844409563,0.012216465815825564,0.2875536002428764,-0.011587986599484401,0.11995301146812509,-0.015537034220150304
1907,0.7859931420910282,20000.0,0.36673836890528466,0.03382512835107278,-0.3645043110912452,-0.03382512835107278,-0.025384185299686002,-0.021023462459427045
1908,0.0,20000.0,0.08147633468592413,0.017549034707924894,0.32884820255869557,-0.017138933304188107,0.08088553105782847,-0.019858103712855363
1909,0.0,19999.848291073613,0.0,0.006854850680794189,0.4893736959083432,-0.004253472696135996,0.2034319805129829,-0.015176714407839551
1910,0.0,20000.0,0.033105900087585106,0.0074508378596430305,0.32415541575926954,-0.0051745834574584565,0.23964901108686887,-0.012176075122725222
1911,0.0,20000.0,0.22653164505367993,0.01896487627538203,-0.004671713367148341,-0.01896487627538203,0.1663527937506637,-0.014212715468522263
1912,0.0,20000.0,0.15160629600659611,0.01553505823739387,0.1773372688308105,-0.01553505823739387,0.1696481362747077,-0.014609418299183743
1913,0.0,20000.0,0.21811702007938877,0.016220053270816943,0.043457894414784114,-0.016101437748267448,0.1317910637167306,-0.015057024133908853
1914,0.0,20000.0,0.0780837733763016,0.011373438208299867,0.10347307216415677,-0.010628812631597078,0.12329566625095845,-0.013728560683215318
1915,0.0,20000.0,0.1348037798094506,0.025389601265217294,0.07022988159159062,-0.025389601265217294,0.10737593085314809,-0.01722687285781591
1916,0.0,20000.0,0.10055069937669438,0.013264221539315781,0.2865977043120793,-0.013264221539315781,0.16114246289082745,-0.01603807746226587
1917,0.0,20000.0,0.03481840273297642,0.010389773388110724,0.1896870515100838,-0.010388049613074817,0.16970583947660434,-0.014343069107508552
1918,0.0,20000.0,0.10050477520161405,0.012807374556949837,0.2606881123107562,-0.012807374556949837,0.1970005213268499,-0.013882360742340937
1919,0.0,20000.0,0.013082950912815252,0.009444864998962023,0.41083432113178886,-0.00921243458108857,0.2611506612683316,-0.012481382893965226
1920,0.0,20000.0,0.24376653617760907,0.018821654801025385,-0.047171986030643466,-0.018821654801025385,0.16865386707863905,-0.014383464466083271
1921,0.0,20000.0,0.09091158978266105,0.01616575369058043,0.09956424979612856,-0.016098317479851125,0.1479269818938859,-0.014897920370213626
1922,0.0,19998.731212535604,0.0006580862549619853,0.0020364313773091934,0.4387089469670609,0.004157045111752967,0.2351615714158384,-0.009181430725623647
1923,0.0,20000.0,0.019157867489800275,0.0038334791481060915,0.34437611405787566,-0.0022561723001027698,0.26792593420844957,-0.007103853197967384
1924,0.0,20000.0,0.08533993137790534,0.011212271467217524,0.0689198565159165,-0.009393745326051061,0.20822411090068962,-0.007790820836392487
1925,0.0,19998.821612055806,0.021164093686895365,0.00402809070139723,0.45621795555183814,0.006813536458995191,0.28262226429603415,-0.0034095136477761837
1926,0.0,19999.718283696093,0.0011636361565036638,0.001658895334784322,0.3071503250973131,0.0037792749856669387,0.28998068253641784,-0.0012528770577432467
1927,0.0,19999.73606289401,0.0,0.0020450353502603227,0.46319979260942373,0.0035667399315186506,0.3419464155583196,0.00019300803903532255
1928,0.37006502487019155,20000.0,0.22344322817890142,0.036687673046175276,-0.21962634069328787,-0.036687673046175276,0.17347458868283733,-0.010871196286527857
1929,2.1759575781978184,20000.0,0.48224552261515036,0.02689860738355601,-0.48224552261515036,-0.02689860738355601,-0.023241444706558992,-0.015679419615636302
1930,0.0,20000.0,0.1816961982825627,0.0072580037134915175,0.004101694511896402,-0.007014823788206457,-0.015038502941022372,-0.013080040867407348
1931,0.0,20000.0,0.041848593583426755,0.008069780322927921,0.18138863433377014,-0.007759484444464357,0.04388963824141538,-0.011483873940524449
1932,0.0,20000.0,0.0888672841573015,0.011199488634892433,-0.030446366450015205,-0.011182130126794351,0.021588836833986207,-0.011393350796405419
1933,0.0,20000.0,0.19750397849337722,0.01503634640873548,-0.06070983610391684,-0.01503634640873548,-0.0031007650473847074,-0.012486249480104437
1934,0.0,20000.0,0.017931215474885045,0.02057867365273657,0.266545250656235,-0.02057867365273657,0.0777930396637012,-0.014913976731894076
1935,0.0,20000.0,0.018925555093345495,0.015189122470554402,0.14499793354376495,-0.014543743151015061,0.09795450782772032,-0.014802906657630371
1936,0.0,20000.0,0.11237072599890613,0.007053071614214425,-0.07874965127387806,-0.006338415612732078,0.0449432600972408,-0.012263559344160884
1937,0.0,20000.0,0.18676709352999235,0.015904728128636938,-0.07108448696954969,-0.015857124781213424,0.010134935977203649,-0.013341628975276645
1938,0.0,20000.0,0.21416737101573452,0.02186676052732027,0.044095581889722804,-0.02186676052732027,0.020323129750959394,-0.015899168440889733
1939,0.0,19999.943642747417,0.017080694288259365,0.009666279827387698,0.41006423882181425,-0.0040959443132699645,0.13724546247221586,-0.012358201202603801
1940,0.0,20000.0,0.04873461289963795,0.01740393495102154,0.03693067172906599,-0.01740393495102154,0.10715102524927089,-0.013871921327129121
1941,0.0,20000.0,0.06487846075247304,0.03229114739810643,0.022645726850110074,-0.03229114739810643,0.08179943572952264,-0.019397689148422312
1942,0.0,20000.0,0.1437638433288306,0.019027638319004257,0.014466146981219823,-0.01886258895129262,0.06159944910503179,-0.019237159089283404
1943,0.0,20000.0,0.060345532915564624,0.011523797078249718,0.12910116411249792,-0.008774620830570727,0.08184996360727162,-0.0160983976116696
1944,0.0,20000.0,0.05016351069976178,0.018939725002317432,0.22191642185668062,-0.018939725002317432,0.12386990108209431,-0.016950795828863947
1945,0.0,20000.0,0.19840618106082378,0.03421332945962954,-0.1568256620382724,-0.03421332945962954,0.03966123214598429,-0.022129555918093624
1946,0.0,20000.0,0.0,0.0097923442490306,0.19917428547028468,-0.008011817884464128,0.08751514814327441,-0.017894234508004776
1947,0.5205567365589725,20000.0,0.3120456997135877,0.024195498568180845,-0.3089765050109699,-0.024195498568180845,-0.031432347802998896,-0.019784613726057595
1948,0.0,19998.084026189084,0.0,0.002961331999987284,0.3204835234539423,0.004508394217411093,0.07414241357408347,-0.012496711343016987
1949,0.0,20000.0,0.11385429550892405,0.01035827482638987,0.3131383983080114,-0.008739100490899175,0.14584120899426184,-0.011369428087381643
1950,0.0,19999.57983144149,0.02696684306725359,0.0012117141786345015,0.43877986575058897,-6.155245654478597e-05,0.23372280602115997,-0.007977065398130584
1951,0.0,19998.795472501446,0.008098938732236214,0.003341135410140953,0.4480932374652103,0.0058037139611367885,0.29803393545437507,-0.0038428315903503724
1952,0.0,20000.0,0.16952194630355596,0.024770847340335623,-0.05679960690811365,-0.024770847340335623,0.19158387274562844,-0.010121236315345948
1953,0.0,20000.0,0.030958060581179635,0.015766710976324882,0.43873660696964906,-0.014319545345420293,0.2657296930128346,-0.01138072902436825
1954,0.0,20000.0,0.16826763830056418,0.018201340237716686,0.04340865996736415,-0.018116044435931084,0.19903338309919347,-0.0134013236478371
1955,0.0,20000.0,0.08883964725359471,0.011365908390263883,0.08077210105417619,-0.011365908390263883,0.16355499848568827,-0.012790699070565133
1956,0.0,20000.0,0.038489631182197365,0.004142397978026868,0.1963152589545308,-0.0034045791476670444,0.173383076626341,-0.009974863093695706
1957,0.0,20000.0,0.051074957552697996,0.011618646046386778,0.15325462040586768,-0.011305880673848148,0.167344539760199,-0.010374168367741438
1958,0.0,20000.0,0.15223102278165968,0.014708385657164905,0.09853704200171809,-0.014708385657164905,0.1467022904326547,-0.011674433554568478
1959,0.0,19999.294516785587,0.0,0.00545649362327082,0.6861280992327714,0.0013879709797217379,0.30853003307268967,-0.007755712194281412
1960,0.0,20000.0,0.0053620014372982375,0.006007029528629252,0.21820839284557703,-0.0037990516053335414,0.28143354100455586,-0.00656871401759705
1961,0.0,20000.0,0.0017136946655814242,0.010951219909422938,0.17052330813828767,-0.010860093366355869,0.2481604711446754,-0.007856127822224696
1962,0.0,19998.80133626285,0.0,0.0008194805603261742,0.4429382572278003,0.005824887542641215,0.30659380696961286,-0.0037518232127649216
1963,0.0,20000.0,0.009237225978315684,0.006955627833296271,0.05159949274637379,-0.006536782360268155,0.23009551270264111,-0.004587310957015892
1964,0.0,19999.949512262145,0.00016090083060937946,0.0023326675073066954,0.20958392424136393,0.0008989394866552525,0.22394203616425795,-0.002941435823914548
1965,0.0,20000.0,0.0388734245038996,0.009580540217488035,0.049664595889662856,-0.009206546468873825,0.17165880408187942,-0.004820969017402331
1966,0.0,19999.2378930634,0.012999424555300343,0.0030356456401783075,0.45865011392317645,0.008811279111857868,0.2577561970342685,-0.0007312945786242713
1967,0.0,20000.0,0.25147477495995396,0.02033831122460447,0.027903152923931033,-0.020333846389098895,0.18880028380116726,-0.006612060121766659
1968,0.0,20000.0,0.0043215326282393385,0.0026468268676699677,0.3428985274698261,0.0024474306184956427,0.2350297569017649,-0.0038942128996879675
1969,0.0,20000.0,0.0,0.013928915778199926,0.46759466220312174,-0.013641844848580961,0.30479922849217195,-0.006818502484355865
1970,0.178899636717329,20000.0,0.262267354768906,0.03617912891138217,-0.2511230879603902,-0.03617912891138217,0.13802253355640332,-0.015626690412463756
1971,0.0,19999.79062020648,0.0,0.0025189777044409504,0.6234696291506455,0.000938029919166179,0.28365666223467595,-0.010657274312974776
1972,0.0,20000.0,0.0,0.007607826983697973,0.6550602750914666,-0.006031259415181079,0.3950777460917131,-0.009269469843636666
1973,0.0,20000.0,0.0734512983221259,0.015784351033231326,0.1335162663173671,-0.015784351033231326,0.31660930215940924,-0.011223934200515064
1974,0.0,19999.652128002763,0.0,0.003376287627462981,0.5817667165980942,0.003664211589574005,0.39615652649101474,-0.006757490463488343
1975,0.0,20000.0,0.17940931663184528,0.016620930942280454,-0.05535023510851471,-0.016620930942280454,0.2607044980111559,-0.009716522607125976
1976,0.0,20000.0,0.029877921938618636,0.00218762433843334,0.24665850303426423,0.0009968899291222097,0.2564906995180884,-0.00650249884625152
1977,0.0,19999.69616956066,0.0,0.0018447023122434836,0.5361643810031501,0.011552042810305094,0.34039280396360694,-0.0010861363492845355
1978,0.0,20000.0,0.020943803203277715,0.01535098274123971,0.25965687228923323,-0.014197076630619632,0.3161720244612948,-0.005019418433685064
1979,0.0,20000.0,0.003133365292243056,0.003039229239804605,0.44200993531174754,0.0008379739166939623,0.35392339771643055,-0.003262200728571356
1980,0.0,20000.0,0.02880190718559325,0.009595478961919608,0.42462776794887813,-0.008783601424155085,0.37513470878616484,-0.004918620937246474
1981,0.0,20000.0,0.08579851327856915,0.015706766509260228,-0.07489214274589094,-0.015706766509260228,0.2401266533265481,-0.0081550646088506
1982,0.0,20000.0,0.22821446147813088,0.02580554168360653,-0.15321483550333104,-0.02580554168360653,0.12212420667758436,-0.013450207731277378
1983,0.0,20000.0,0.13920136030924435,0.02090333104217921,-0.034909137085318453,-0.02090333104217921,0.0750142035487135,-0.015686144724547928
1984,0.0,20000.0,0.1618895496954721,0.010248303088751584,0.08939561223079344,-0.010248303088751584,0.07932862615333748,-0.014054792233809024
1985,0.0,20000.0,0.009722098566287314,0.010325257181784637,0.25444070004258207,-0.007406099204377224,0.13186224832011084,-0.012060184324979482
1986,0.0,20000.0,0.27759724116572015,0.013035888728492552,-0.038463263658265676,-0.013035888728492552,0.08076459472659789,-0.012352895646033403
1987,0.0,20000.0,0.04730199509204581,0.01970309422054628,0.1714998025441295,-0.01970203987290538,0.10798515707185737,-0.014557638914094995
1988,0.0,19998.53035831525,0.0,0.00036011289599615395,0.4857313917015287,0.014448709699096892,0.22130902746075876,-0.005855734330137428
1989,0.0,20000.0,0.08965616048919312,0.019175678347222995,-0.05888036303807943,-0.019175678347222995,0.1372522103111073,-0.009851717535263097
1990,0.0,20000.0,0.025417126317565947,0.008275418072021428,0.13016529115150385,-0.006361133599676211,0.13512613456322625,-0.00880454235458703
1991,0.0,20000.0,0.25696505737618336,0.014308059618957595,-0.11547026844199336,-0.014308059618957595,0.05994721366166037,-0.0104555975338982
1992,0.0,20000.0,0.13974127213453802,0.0318589500054019,0.07027148290235054,-0.0318589500054019,0.06304449443386742,-0.01687660327534931
1993,0.0,20000.0,0.17544362746206357,0.018388087093366753,-0.03681622708479422,-0.018388087093366753,0.03308627797826893,-0.017330048420754543
1994,0.0,20000.0,0.14890913234969147,0.011823945502265681,-0.1428640688136471,-0.011716998441965467,-0.01969882605930588,-0.01564613342711782
1995,0.0,20000.0,0.0,0.001180630482368555,0.4019377529536819,0.00233476977216098,0.10679214764459045,-0.01025186246733418
1996,0.0,20000.0,0.020285387704119,0.005209135126188505,0.21316020978728883,-0.0016671187436473557,0.13870256628739996,-0.007676439350228133
1997,0.0,20000.0,0.044043131138561245,0.005163611684676341,0.23325440208536677,-0.00277360430973917,0.16706811702679,-0.006205588838081444
1998,0.0,20000.0,0.1739612464542158,0.008965249950610071,-0.07695793013385317,-0.008739319991635273,0.09386030287859704,-0.006965708184147592
1999,0.0,20000.0,0.021138222589997906,0.01165086303064057,0.1337918612415797,-0.011616169982283577,0.10583977038749182,-0.008360846723588387
2000,0.0,20000.0,0.18570896075198096,0.022237712685106166,0.10632895463559097,-0.022237712685106166,0.10598652566192156,-0.012523906512043721
2001,0.0,20000.0,0.00010697870384527364,0.012289433306416086,0.37575771213167886,-0.011412403501013559,0.18691788160284872,-0.012190455608734671
2002,0.0,20000.0,0.0,0.013724624082687103,0.3732565228636567,-0.01318011130556288,0.2428194739810911,-0.012487352317783133
2003,0.0,20000.0,0.21090432956410804,0.024436092120101022,0.005008663166222415,-0.024436092120101022,0.17147623073663049,-0.0160719742584785
2004,0.0,20000.0,7.660651580635075e-05,0.009058549456350306,0.5958651509954174,-0.004628210313244514,0.2987929068142665,-0.012638845074908303
2005,0.0,20000.0,0.029641060101092683,0.005884848547918126,0.1933562994513751,-0.0035851536127869113,0.26716192460539906,-0.009922737636271885
2006,0.0,20000.0,0.051542369885692836,0.011152164253927545,0.12484039273001565,-0.010836703912901225,0.22446546504278403,-0.010196927519260686
2007,0.0,20000.0,0.006665032024867765,0.008766078117572183,0.5035912215225216,-0.007236975703095407,0.30820319198670526,-0.009308941974411102
2008,0.0,19999.349958458115,0.0,0.0017951009010350872,0.7124852939183797,0.01222812976747115,0.42948782256620754,-0.002847820451846426
2009,0.0,20000.0,0.021770121908782334,0.014843822911710563,0.17857884681062736,-0.01476775508995451,0.35421512983953346,-0.006423800843278852
2010,0.0,20000.0,0.027070607587909398,0.013468667981459213,0.029772451902830344,-0.012886409553432237,0.2568823264585225,-0.008362583456324867
2011,0.0,20000.0,0.12506159928629107,0.02259111079258612,-0.01393285358611081,-0.0225427434194027,0.17563777244513248,-0.012616631445248216
2012,0.0,20000.0,0.023879624024043766,0.01688725325247084,0.16494478154800682,-0.016787835115572372,0.17242987517599478,-0.013867992546345463
2013,0.0,20000.0,0.019723284912330122,0.007104357619059043,0.5175394680897926,-0.000700215026790676,0.2759627530501341,-0.009917659290479025
2014,0.0,19999.356689645127,0.0,0.00305926654763891,0.5757816069149305,0.01192019325470535,0.365908409209573,-0.0033663035269237123
2015,0.0,20000.0,0.042648877182211685,0.015782279165871525,0.31586158375483664,-0.015782279165871525,0.35089436157315207,-0.007091096218608055
2016,0.0,20000.0,0.021191150391361987,0.010253821846224446,0.23211887458530467,-0.007683617754049138,0.3152617154767978,-0.007268852679240379
2017,0.0,20000.0,8.292737895648875e-05,0.0025048642693613517,0.5598112128759284,0.002587281220614104,0.38862656469653695,-0.004312012509284034
2018,0.0,20000.0,0.0,0.010379835282450763,0.3661495335130874,-0.008398456146866472,0.38188345534150203,-0.005537945600558765
2019,0.0,20000.0,0.028590972597906807,0.007144051187681581,0.15938593964996553,-0.006610128655374988,0.315134200634041,-0.005859600517003631
2020,0.0,20000.0,0.008472245509012905,0.009842803734425259,0.45948486517755016,-0.005339143007465659,0.35843939999709373,-0.005703463264142239
2021,0.0,20000.0,0.19865887141903174,0.014193038686233074,-0.06012234501213827,-0.014017618285746544,0.2328708764943241,-0.008197709770623531
2022,0.0,20000.0,0.0,0.011526237603671392,0.5159944217961522,-0.007738996725668472,0.3178079400848725,-0.008060095857137014
2023,0.0,20000.0,0.0,0.0021613426763396723,0.5839280895137788,0.007973163177693261,0.39764398491354436,-0.0032501181466879315
2024,0.0,20000.0,0.0,0.005274973154049175,0.4697627705407268,0.0021508799952000258,0.4192796206016991,-0.001629818704121544
2025,0.0,20000.0,0.11054052994135294,0.008821490511638315,0.14362815856826988,-0.008204564992845796,0.33658418199167034,-0.0036022425907388193
2026,0.0,20000.0,0.18938989859718322,0.010523017003719682,-0.054115422967731565,-0.010156543182544518,0.21937430050384976,-0.005568532768280529
2027,0.0,20000.0,0.09274822648856389,0.011770532015501574,0.13202090452363402,-0.005783458906311631,0.193168281709785,-0.005633010609689859
2028,0.0,20000.0,0.22751336653195411,0.02173363198474819,0.041313012404895565,-0.02173363198474819,0.14761170091831816,-0.010463197022207358
2029,0.0,20000.0,0.20168917446135998,0.03224784198546427,-0.15217974959459882,-0.03224784198546427,0.05767426576444305,-0.016998590511184433
2030,0.0,20000.0,0.0,0.00431237059899174,0.5325122521174067,0.0021122966940545786,0.20012566167033213,-0.011265324349612728
2031,0.0,20000.0,0.0,0.007165773871540086,0.6528539083263541,-0.005728075040002955,0.3359441356671387,-0.009604149556729795
2032,0.0,20000.0,0.03188872298558175,0.014422094669058312,0.3584853602595504,-0.014266172612897763,0.34270650304486217,-0.011002756473580184
2033,0.0,20000.0,0.04933819405255542,0.01723587697225407,0.0513448092561055,-0.01723587697225407,0.2552979949082352,-0.01287269262318235
2034,0.0,20000.0,0.011665411618771089,0.0116071124943371,0.295608754277668,-0.007323660000868833,0.267391222719065,-0.011207982836488294
2035,0.0,20000.0,0.17507794270656452,0.013547602555538137,-0.1184536181145688,-0.010900186514202808,0.15163777046897486,-0.011115643939802647
2036,0.0,19998.960818607975,0.0,0.0011587607173721161,0.6080587237184338,0.013587039172520325,0.28856405644381256,-0.0037048390061057554
2037,0.0,20000.0,0.0,0.0023145973455499717,0.72646987975237,0.00926146014649504,0.41993580343637976,0.0001850507396744831
2038,0.0,20000.0,0.028674682759330335,0.010820891547415298,0.27923103178214315,-0.010818210936258432,0.37772437194010877,-0.0031159277631053915
2039,0.0,20000.0,0.0025847797917385538,0.00765679533808134,0.5463702597263858,-0.004499082073997764,0.42831813827599186,-0.003530874056373103
2040,0.0,20000.0,0.025118610307218476,0.0074415427611662045,0.5053058306703458,-0.0018674813450051662,0.45141444599429803,-0.003031856242962722
2041,0.0,20000.0,0.04388733549572882,0.020584510591957667,0.10853795603191001,-0.020584510591957667,0.3485514990055816,-0.008297652547661205
2042,0.0,20000.0,0.09951580898201913,0.013845872993439767,0.26375726178736053,-0.012571467817357188,0.3231132278401152,-0.00957979712857
2043,0.0,20000.0,0.021717695377821037,0.010160346065971822,0.2122579165160823,-0.009960168635500989,0.2898566344429053,-0.009693908580649295
2044,0.0,20000.0,0.005854770129946399,0.01095318968163323,0.24807337994615666,-0.01095318968163323,0.2773216580938807,-0.010071692910944476
2045,0.0,20000.0,0.01992194472391417,0.012867165278211103,0.14083480444974272,-0.012491211651394158,0.23637560200063928,-0.01079754853307938
2046,0.0,20000.0,0.024986946757927727,0.0077740011854221585,0.15315379505125948,-0.00676775752557668,0.21140905991582534,-0.00958861123082857
2047,0.0,20000.0,0.06061835402971466,0.006540051575284741,0.2527055197617611,-0.006009209949104106,0.22379799786960608,-0.00851479084631123
2048,0.0,20000.0,0.0,0.004300412662135089,0.2701431419917444,-0.0026764199034726758,0.23770154110624755,-0.006763279563459664
2049,0.0,20000.0,0.11861681698013654,0.009428918427476483,-0.04685344153578692,-0.00843668558408021,0.1523350463136372,-0.007265301369645828
2050,0.0,20000.0,0.04213764144488248,0.016667887645519068,0.17147110279408323,-0.016667887645519068,0.158075863257771,-0.010086077252407798
2051,0.0,20000.0,0.0,0.0017818831883559712,0.6668332081820875,0.006617749042451099,0.3107030667350659,-0.005074929363950129
2052,0.0,20000.0,0.21479125517065484,0.03653339128672482,-0.1424031022805571,-0.03653339128672482,0.174771216030379,-0.014512467940782536
2053,0.0,19998.334038185032,0.0,0.0006416018432489451,0.531053615586569,0.014531393412479372,0.28165593589723603,-0.005799309534803964
2054,0.0,20000.0,0.0,0.0034453609286589373,0.6170196313459687,0.008863454694067041,0.38226504453185584,-0.0014004802661426625
2055,0.0,20000.0,0.1872689105840686,0.02667447707985637,-0.1310807496109788,-0.026656719590398052,0.22826130628900543,-0.00897735206341928
2056,0.0,20000.0,0.07851106089007377,0.011640007136048855,0.2892289051409326,-0.011640007136048855,0.24655158594458357,-0.009776148585208151
2057,0.0,20000.0,0.14230991352384723,0.01719725203642755,-0.07725102342849291,-0.017191951587537,0.1494108031326606,-0.012000889485906805
2058,0.0,19998.768772367308,0.0,0.0005729888807082886,0.4936896787695876,0.01323246060198296,0.2526944658237387,-0.004430884459539875
2059,0.0,20000.0,0.2627598779897448,0.02944984076936433,-0.06226523918910098,-0.02944984076936433,0.1582065543198868,-0.011936571352487211
2060,0.0,20000.0,0.05806586136951628,0.009101535512514062,0.033037977497460985,-0.008408486324729165,0.12065598127315906,-0.010878145844159796
2061,0.0,20000.0,0.01630871725902399,0.0046241037769247945,0.47974487305057056,-0.001095007613699961,0.22838264880638248,-0.007943204375021846
2062,0.0,20000.0,0.051232851671924026,0.004090592044421048,0.1459489363715727,-0.002755747717702521,0.20365253507593953,-0.0063869673778260486
2063,0.0,20000.0,0.03256376062629903,0.009962494388362005,0.2207091427246328,-0.009872916049148113,0.2087695173705475,-0.007432751979222668
2064,0.0,20000.0,0.05819190788399953,0.015454592136678437,0.22862035760031807,-0.015454592136678437,0.21472476943947866,-0.009839304026459397
2065,0.0,20000.0,0.0781168556754862,0.0027616506717480466,0.28243083689261095,-0.0014006278462419441,0.23503658967541832,-0.007307701172394161
2066,0.0,20000.0,0.0,0.005234289194546183,0.5396235978307166,-0.0008787496079819161,0.32641269212200774,-0.005379015703070487
2067,0.0,20000.0,0.031132568028010402,0.015702818910727695,0.14798405993209937,-0.015400415326803108,0.27288410246503525,-0.008385435590190273
2068,0.0,20000.0,0.0042759077744707955,0.021070526222943853,0.22712750666650194,-0.021070526222943853,0.2591571237254753,-0.012190962780016346
2069,0.0,20000.0,0.07210381419623091,0.018492528971937382,0.12611891138386408,-0.018388492932129866,0.21924566002299192,-0.0140502218256504
2070,0.0,20000.0,0.012857719502392447,0.004545238641327378,0.4451512952679511,-0.0040686848068688395,0.2870173505964797,-0.011055760720015932
2071,0.0,20000.0,0.00012809561823393342,0.0034135155691147096,0.38372865592348276,0.0018552501519504363,0.3160307421945806,-0.007182457458426021
2072,0.0,20000.0,0.16972610645355277,0.024820588700254616,-0.030594754770734974,-0.02472483679595446,0.21204309310498592,-0.012445171259684551
2073,0.0,20000.0,0.0074650023054267465,0.009415377888782361,0.2756912251456768,-0.009354239871909182,0.23113753271719317,-0.01151789184335194
2074,0.0,20000.0,0.0931663288923615,0.01817252336273448,0.21335568381986875,-0.01817252336273448,0.22580297804799582,-0.013514281299166701
2075,0.0,20000.0,0.15793164010566058,0.014028961388253105,0.029133836391853313,-0.014007153406793819,0.16680223555115306,-0.013662142931454836
2076,0.0,20000.0,0.01876231816894772,0.018060454618950974,0.18509018904605,-0.018041253620687484,0.17228862159962213,-0.014975876138224629
2077,0.0,19999.12152109707,0.0,0.00427636319833097,0.5874578272535421,0.009950529146732745,0.2968393832957981,-0.007497954552737416
2078,0.0,20000.0,0.07044053980529001,0.02035958631965509,0.1128100992473913,-0.02035958631965509,0.24163059808127604,-0.011356444082812719
2079,0.0,20000.0,0.016253912836960146,0.00665433168682558,0.40783371617055786,-0.001546913974120542,0.29149153350806056,-0.008413585050205065
2080,0.0,19998.773992280276,0.0052722751153270585,0.0020478504277470894,0.6314839078847884,0.014797818612478095,0.3934892458210789,-0.0014501639514001166
2081,0.0,20000.0,0.0022569868095646275,0.0124570236546467,0.2337491979682853,-0.012332185318475254,0.34556723146524077,-0.004714770361522657
2082,0.0,20000.0,0.016049365083074318,0.011236901081088827,0.24811127480787687,-0.010323147601426287,0.3163304444680316,-0.006397283533493746
2083,0.0,20000.0,0.04496770701162842,0.013258533573761184,0.3183120922484116,-0.008324724779791948,0.31692493880214556,-0.006975515907383207
2084,0.0,20000.0,0.01303048446279472,0.01615598839634003,0.15494699716836707,-0.01615598839634003,0.268331556312012,-0.009729657654070252
2085,0.0,20000.0,0.0,0.005585783102399672,0.34250485923953555,-0.0015565136076486133,0.2905835471902691,-0.00727771444014376
2086,0.0,20000.0,0.0603261287010519,0.012295997798314447,0.11946981457519922,-0.009169927550397512,0.23924942740574812,-0.007845378373219886
2087,0.0,20000.0,0.2725531092272739,0.03575718915815411,-0.1822196057629226,-0.03575718915815411,0.11280871745514688,-0.016218921608700154
2088,0.0,20000.0,0.08089045171797507,0.011034252279310621,-0.005396340126897783,-0.010879748789575457,0.07734720018053348,-0.014617169762962744
2089,0.0,19998.52484721334,0.0,0.000485709279467366,0.38067284021349346,0.013424809112009557,0.16834489219042148,-0.006204576100471053
2090,0.0,20000.0,0.014261603779860636,0.01298327733697352,0.38998848815226056,-0.010436017150828496,0.2348379709789732,-0.007474008415578286
2091,0.0,20000.0,0.15201219756680256,0.009812646337078764,0.06028785835734192,-0.00631481946828962,0.1824729371924838,-0.007126251731391685
2092,0.0,20000.0,0.006517600390472168,0.020903039032195255,0.2962290491958095,-0.020884603553510753,0.21659977079348153,-0.011253757278027406
2093,0.0,19998.6579130017,3.1411537757482005e-05,0.0001974386771315637,0.46005234214531693,0.01418040472553923,0.28963554219903215,-0.0036235086769574156
2094,0.0,20000.0,0.05700510857072413,0.009469108819636925,0.34987047762717177,-0.009154244097620464,0.307706022827474,-0.00528272930315633
2095,0.0,20000.0,1.2103313887342282e-05,0.004427861262956318,0.39221655385570137,-0.000635063942077768,0.3330591821359422,-0.003888429694832761
2096,0.0,20000.0,0.037948294167789325,0.016550692492680152,0.01831819494904892,-0.016550692492680152,0.2386368859798742,-0.007687108534186977
2097,0.0,20000.0,0.0009745752572769129,0.0033025378196197158,0.39562530240213145,0.0017761360346126712,0.28573341090655135,-0.004848135163547082
2098,0.0,20000.0,0.0019702086552805115,0.008539756280179653,0.46297587520241024,-0.008511257416525149,0.338906150195309,-0.0059470718394405014
2099,0.0,20000.0,0.22439998491106183,0.014940880081879099,-0.13326666603578471,-0.014938950477624256,0.19725430532598087,-0.008644635430895626
2100,0.0,20000.0,0.013574917861840572,0.021430860462783554,0.14008326353321304,-0.021338993465704458,0.1801029927881505,-0.012452942841338275
2101,0.0,20000.0,0.13086206062776193,0.008934224723292096,0.08045860517757328,-0.008486151168382822,0.15020967650497732,-0.011262905339451637
2102,0.0,20000.0,0.028079430717746576,0.01278764802030025,0.3501688568908294,-0.010216861970122209,0.21019743062073293,-0.010949092328652809
2103,0.0,20000.0,0.0012068887104406826,0.013141337705049265,0.19441505381877747,-0.013091633387261555,0.20546271758014628,-0.011591854646235432
2104,0.0,20000.0,0.007035525725885476,0.012431617419922256,0.2417174321723963,-0.011761395657452397,0.21633913195782128,-0.01164271694960052
2105,0.0,20000.0,0.006388869382315801,0.011190637703237931,0.3979071372821799,-0.008692769360577876,0.2708095335551288,-0.010757732672893726
2106,0.0,20000.0,0.15251915187511447,0.0075999114178951725,0.04069183260923083,-0.007591707799292371,0.2017742232713594,-0.009807925210813319
2107,0.0,20000.0,0.014264784151799225,0.007090649291003829,0.554886997719298,-0.004627870247304478,0.30770805560574094,-0.008253908721760666
2108,0.0,20000.0,0.005951154566352355,0.00352924362145705,0.4670652831321034,0.0019689679308368523,0.35551522386364964,-0.00518704572598141
2109,0.0,20000.0,0.0009431243248563138,0.003051005420244918,0.4969336220074668,0.0072463220437808135,0.39794074330679474,-0.0014570353950527424
2110,0.0,20000.0,0.06709994117276767,0.00705107166461796,0.2644190811767856,-0.004834101723563919,0.357884244667792,-0.002470155293606095
2111,0.0,20000.0,0.07032789657002017,0.015162314358269514,0.07218736636178112,-0.014891223041689588,0.2721751811759887,-0.006196475618031143
2112,0.0,20000.0,0.07289728196546966,0.015670981517082176,0.38992480096300636,-0.015670981517082176,0.307500067112094,-0.009038827387746452
2113,0.0,20000.0,0.1754744544576101,0.015236692770798109,0.04345797736566766,-0.015236692770798109,0.22828744018816607,-0.010898187002661949
2114,0.0,20000.0,0.266135221341954,0.022319450942584564,-0.13401217628354375,-0.022319450942584564,0.11959755524665312,-0.014324566184638732
2115,0.0,20000.0,0.19789123906018954,0.015793993697281926,0.10005259076093129,-0.014913120471670744,0.11373406590093657,-0.014501132470748334
2116,0.0,20000.0,0.0036390018204048693,0.0066029510973184095,0.44494519291590806,-0.006001713461793285,0.21309740400542804,-0.011951306768061819
2117,0.0,20000.0,0.02372217204374673,0.009987235281076938,0.1994651578606829,-0.009644720978509845,0.20900773016200447,-0.011259331031196227
2118,0.0,20000.0,0.011668210410653993,0.010704929197087031,0.27327375972329737,-0.009695828040972717,0.22828753903039234,-0.010790280134129172
2119,0.0,20000.0,0.055902495126495526,0.0043167942306032835,0.3426031089328276,-0.001076390975111984,0.2625822100011229,-0.007876113386424015
2120,0.0,20000.0,0.027753970575208026,0.010613479015620758,0.2830985375136338,-0.009249519343336983,0.2687371082548762,-0.008288135173497906
2121,0.0,20000.0,0.006199600007006251,0.007974005188381974,0.25568842434595207,-0.006103769921880091,0.26482250308219896,-0.007632825598012561
2122,0.0,20000.0,0.015931747579601415,0.002955674080419656,0.32556806188317344,0.002422989955949604,0.2830461707224913,-0.00461608093182391
2123,0.0,20000.0,0.02431636924542209,0.008105030391368066,0.3220311652191748,-0.008003389321200184,0.29474166907149635,-0.005632273448636793
2124,0.7251414018749633,20000.0,0.3625254553551724,0.025266400497881467,-0.35996966723214824,-0.025266400497881467,0.09832826818040297,-0.011522511563410194
2125,0.0,20000.0,0.01484054287905358,0.006800791206259803,0.13822541648793457,-0.006685794260115256,0.11029741267266244,-0.010071496372421712
2126,0.0,20000.0,0.2857402560662982,0.021254294686811562,-0.020861898691587544,-0.02124110616034237,0.07094961926338743,-0.013422379308797909
2127,0.0,20000.0,9.942961995622623e-05,0.003107904994161124,0.48964787042661145,-0.0013300132136596084,0.19655909461235463,-0.009794669480256419
2128,0.0,20000.0,0.0,0.006236040126956275,0.773428527435416,-0.003744245370235315,0.36961992445927305,-0.007979542247250088
2129,0.0,20000.0,0.003386968049810255,0.011288318377451442,0.24866686453790107,-0.009723308722023948,0.33333400648286143,-0.008502672189682245
2130,0.0,20000.0,0.2502552676280533,0.025065021486481622,-0.07744733784293961,-0.025065021486481622,0.2100996031851211,-0.013471376978722058
2131,0.0,20000.0,0.032593623295441375,0.0033462331162587853,0.19978065471849593,-0.0023865233803627107,0.20700391864513354,-0.010145920899214253
2132,0.0,20000.0,0.011313427896014038,0.0064551716720176395,0.2808317323723494,-0.003439613830759997,0.2291522627632983,-0.008134028778677974
2133,0.0,20000.0,0.015084157768493275,0.011610129891899473,0.28418132523649986,-0.010071091237179499,0.24566098150525878,-0.008715147516228431
2134,0.0,20000.0,0.08005151252559699,0.014383348731073876,0.17137453956910365,-0.014383348731073876,0.22337504892441223,-0.010415607880682064
2135,0.0,20000.0,0.17502449712685414,0.01802036960259794,-0.14676236505347162,-0.01802024771963289,0.11233382473104706,-0.012696999832367311
2136,0.3474381598126661,20000.0,0.3795070025664285,0.02971511368405103,-0.3795070025664285,-0.02971511368405103,-0.03521842345819562,-0.017802433987872426
2137,0.0,20000.0,0.0,0.007854389436471577,0.371357649258615,-0.00401928398542248,0.08675439835684756,-0.01366748898713744
2138,0.0,20000.0,0.16995729085849423,0.017185899400985555,0.0076152985023434285,-0.017181392686571692,0.06301266840049632,-0.014721660096967713
2139,0.0,19998.450621430668,0.00031767653581803954,1.037155042232953e-06,0.3030974363907519,0.013790734422849832,0.13503809879757298,-0.006167941741022448
2140,0.0,20000.0,0.023879303491973508,0.011494995506226159,0.2409385882528012,-0.010496705772950974,0.16680824563414143,-0.0074665709506010055
2141,0.0,20000.0,0.0,0.004047265514844491,0.5639435912766326,0.0011440515269199338,0.2859488493268888,-0.004883384207344724
2142,0.0,20000.0,0.0,0.002581915648331349,0.45673616418302804,0.005878384250845752,0.33718504378373054,-0.0016548536698875811
2143,0.0,20000.0,0.02769682576683098,0.01057802729720448,0.2758935591512181,-0.010025351151216982,0.3187975983939768,-0.004166002914286401
2144,0.0,20000.0,0.024544015116131388,0.015750815387283793,0.28842502147460214,-0.012227980417383787,0.30968582531816435,-0.006584596165215616
2145,0.0,20000.0,0.07536997631338348,0.02345484787424063,0.07708718091203284,-0.02345484787424063,0.23990623199632488,-0.01164567167792312
2146,0.023921737476940486,20000.0,0.30481739706380384,0.024597369734396635,-0.2868618857445578,-0.024597369734396635,0.08187579667406007,-0.015531181094865175
2147,0.0,20000.0,0.017546096120231204,0.005319194514193464,0.3623396557767463,-0.001309313806056629,0.16601495440486594,-0.011264620908222611
2148,0.0,20000.0,0.20291694488220285,0.004999502578263734,0.06983198833729033,-0.004633718078800907,0.13716006458459326,-0.0092753500593961
2149,0.0,20000.0,0.02151078182745314,0.01304573323345875,0.16713393746837063,-0.012894703331335964,0.14615222644972647,-0.01036115604097806
2150,0.0,20000.0,0.08234566417904968,0.01944962106282705,-0.05755241233510463,-0.01944962106282705,0.08504083481427713,-0.013087695547532755
2151,0.0,20000.0,0.08019441979855008,0.01370913314785424,0.24266308728764616,-0.011144938743925368,0.13232751055628783,-0.012504868506450538
2152,0.0,20000.0,0.02729980763415598,0.006744031298439721,0.35217443849217284,-0.00274381434089874,0.19828158893705333,-0.009576552256784998
2153,0.0,20000.0,0.022322819129245892,0.005381475894714478,0.3387485092825028,0.0024927872824783122,0.24042166504068815,-0.005955750395006005
2154,0.0,20000.0,0.1494021572243315,0.008486680039973634,-0.043296186986199046,-0.007437930596676147,0.155306309432622,-0.006400404455507047
2155,0.0,20000.0,0.23114419178934092,0.024725611037091606,-0.2030973710453308,-0.024725611037091606,0.04778520528923615,-0.011897966429982414
2156,0.0,20000.0,0.0,0.004821803544650161,0.48626012621676357,-0.00021947136956070777,0.17932768156749437,-0.008394417911855901
2157,0.0,19997.51682672556,0.0,0.0013412785093002355,0.7490907661049773,0.020413330863179584,0.3502566069287392,0.0002479067206547442
2158,0.0,20000.0,0.0040758455276319145,0.007254793990059985,0.27266170285698504,-0.007142623662552567,0.32697813570721296,-0.001969252394307449
2159,0.0,20000.0,0.05302952196058686,0.01376292395157104,0.415673555521765,-0.011730014621500438,0.35358676165157854,-0.004897481062465346
2160,0.0,20000.0,0.12070609617159968,0.010874492872645344,0.06068271664425249,-0.008813445202088493,0.2657155481493807,-0.006072270304352289
2161,0.0,20000.0,0.04200358866073005,0.015742630403024024,0.126523971022024,-0.01571492414046906,0.22395807501117365,-0.008965066455187319
2162,0.0,20000.0,0.04838087343829008,0.005101580811383363,0.0865535565874109,-0.0034273484420844946,0.18273671948404482,-0.007303751051256472
2163,0.0,20000.0,0.250078974941024,0.025453467299382304,-0.11438553184832581,-0.025453467299382304,0.09360004408433362,-0.012748665925694222
2164,0.0,20000.0,0.001601623826584142,0.006484517354395285,0.5843915604024233,0.0020387827384040504,0.24083749897976053,-0.00831243132646474
2165,0.0,20000.0,0.06265022491113625,0.008779374754875035,0.16459504742603157,-0.008671957934328837,0.21796476351364183,-0.008420289308823969
2166,0.0,20000.0,0.05922184863394453,0.018216760890336126,0.13255732449042007,-0.018215023503128397,0.1923425318066753,-0.011358709567115297
2167,0.0,20000.0,0.13848369175823624,0.01949190728743091,0.07706103655517084,-0.01949190728743091,0.15775808323122395,-0.013798668883209981
2168,0.0,20000.0,0.00011227755885059535,0.005641376516885107,0.305121146676376,-0.0026313860100715563,0.20196700226476955,-0.010448484021268453
2169,0.0,20000.0,0.003618655286169327,0.0032681573079664065,0.5225804280836783,0.005493334766365234,0.2981510300104422,-0.005665938384978347
2170,0.0,20000.0,0.02375633732087386,0.011199077937609296,0.13016232978066378,-0.010749544779709413,0.24775441994150865,-0.007191020303397667
2171,0.0,20000.0,0.03218219030055205,0.010823893476331151,0.15955602587043294,-0.01020887673446848,0.2212949017201859,-0.00809637723271891
2172,0.0,20000.0,0.0886642422532704,0.008526747677908203,-0.008267666765368841,-0.007874866410800208,0.15242613117451945,-0.008029923986143299
2173,0.0,20000.0,0.0,0.0038127976426922,0.4054760565323773,-0.00048669202045807766,0.2283411087818768,-0.005766954396437732
2174,0.0,20000.0,0.03159261646972182,0.00674712923191856,0.2211902423933977,-0.006700178206902867,0.22619584886533306,-0.006046921539577272
2175,0.0,20000.0,0.162636538918973,0.02242530138055358,-0.003301364091990752,-0.02231790492030193,0.15734668497813592,-0.01092821655379467
2176,0.0,20000.0,0.0002681477225635076,0.008055559606292988,0.2486079602546022,-0.007508753394496898,0.1847250675610758,-0.009902377606005338
2177,0.0,20000.0,0.005076211795648809,0.002133117649619567,0.16919173415624492,0.0018781657648623464,0.1800650675396265,-0.006368214594745032
2178,0.0,20000.0,0.1222903087278694,0.010038017007113098,0.19259785323891493,-0.010038017007113098,0.183824903249413,-0.007469155318455451
2179,0.0,20000.0,0.12388028115008529,0.01651113904624258,0.15157641314500445,-0.01651113904624258,0.1741503562180904,-0.010181750436791589
2180,0.0,20000.0,0.0025622923163736372,0.007007245288313874,0.48510031268235226,0.0033929704840464266,0.26743534315736894,-0.006109334160540184
2181,0.0,20000.0,0.1896744976615721,0.02412347896854939,-0.08202019408488886,-0.02412347896854939,0.1625986819846916,-0.011513577602942946
2182,0.0,20000.0,0.002098645849303127,0.010887330123762329,0.30190459929101254,-0.009473687321023947,0.20439045717658788,-0.010901610518367246
2183,0.0,20000.0,0.0,0.004535624028331629,0.36956023337987925,-0.00024664941510453515,0.25394139003757527,-0.007705122187388432
2184,0.0,20000.0,0.008868528074037017,0.006951948199089495,0.09101306509573591,-0.0045460395014988424,0.20506289255502344,-0.006757397381621555
2185,0.0,20000.0,0.013421034108224221,0.009072626556379998,0.21512861545169762,-0.008976666560426012,0.20808260942402568,-0.007423178135262892
2186,0.0,20000.0,0.08698175971430068,0.006458574555008319,0.046969558641276825,-0.0035969838750927186,0.159748694189201,-0.006275319857211839
2187,0.0,20000.0,0.11308368836414887,0.011513467905030215,0.006105230444450501,-0.010507813470806716,0.11365565506577585,-0.007545067941290302
2188,0.0,20000.0,0.035429420257796794,0.016071843897626583,0.2231540820221461,-0.016071843897626583,0.1465051831526869,-0.010103100728191185
2189,0.0,20000.0,0.017972364502510812,0.0047438393933955285,0.18189843245707346,-0.0041079012475594605,0.15712315794400286,-0.008304540884001666
2190,0.0,20000.0,0.0026987920451493085,0.0027106170796771813,0.3216914251417324,-0.0011440593095067998,0.20649363810332172,-0.006156396411653206
2191,0.0,19999.77559168591,0.0,0.00149725859945959,0.3699055933014516,0.008859312861330095,0.25551722466276067,-0.0016516836297582153
2192,0.0,20000.0,0.0,0.01032894300667723,0.4329726137681124,-0.009211185732507959,0.3087538413943662,-0.003919534260583139
2193,0.0,20000.0,0.16735996222479438,0.017811299673934522,-0.11901321172994594,-0.017811299673934522,0.18042372545707253,-0.008087063884588554
2194,0.0,20000.0,0.06798833116841173,0.01321933068834738,-0.02330199032246237,-0.01321933068834738,0.11930601072321204,-0.009626743925716202
2195,0.0,20000.0,0.09192233782051014,0.029362548474147543,0.021682184306983075,-0.029362548474147543,0.09001886279834334,-0.015547485290245602
2196,0.0,19999.926784401403,0.0013040290419116614,0.004307433075075655,0.29383675843126195,0.003845536051444888,0.1511642314882189,-0.009729578887738455
2197,0.0,20000.0,0.0,0.007585564697925702,0.33194731888211476,-0.00667454299500684,0.20539915770638767,-0.008813068119918971
2198,0.0,20000.0,0.00024000266001867156,0.008392487508118631,0.2235434768891817,-0.007145377852800971,0.21084245346122588,-0.00831276103978357
2199,0.0,20000.0,0.06943000336382033,0.007937776831524888,0.39930791326669557,-0.005991166646526758,0.26738209140286673,-0.007616282721806526
2200,0.0,20000.0,0.006708396517247038,0.005097247427002827,0.3628372496176897,8.401403952498787e-05,0.2960186388673136,-0.005306193693407072
2201,0.0,20000.0,0.18817712196514352,0.024923994163785122,-0.08969843848800393,-0.024923994163785122,0.18030351566071834,-0.011191533834520486
2202,0.0,20000.0,0.06198052107003096,0.017409462208201266,0.007826811850229397,-0.017364691458039778,0.12856050451757164,-0.013043481121576272
2203,0.0,20000.0,0.08491242270851798,0.019847774064864473,0.13044649888794424,-0.019847774064864473,0.12912630282868343,-0.015084769004562733
2204,0.0,20000.0,0.13137724005113383,0.0260239610589404,-0.00861607256124123,-0.02600310098222391,0.08780359021170603,-0.018360268597861086
2205,0.0,20000.0,0.03176515069850363,0.012472083312751762,0.0822239748162959,-0.012459949133923467,0.08612970559308299,-0.0165901727586798
2206,0.0,20000.0,0.2229314588638804,0.01586229888505437,-0.15609146656293646,-0.015540847965860928,0.013463353946277144,-0.01627537532083414
2207,0.0,20000.0,0.008539764760277692,0.0044342753194931365,0.37302062532815083,-0.0017213781404662677,0.12133053536083924,-0.011909176166723778
2208,0.0,20000.0,0.2657778703574353,0.026036534700271854,-0.24587114441340785,-0.026036534700271854,0.011170031428565097,-0.0161473837267882
2209,0.0,20000.0,0.010443181438152802,0.003425343143533055,0.16555981139355674,0.0021336927995897212,0.05748696541806259,-0.010663060768874822
2210,0.0,20000.0,0.03847089536049768,0.013570820225399372,0.020435817351100883,-0.01264973943094164,0.04637162099797408,-0.011259064367494867
2211,0.0,20000.0,0.006272627962544169,0.007262169440725361,0.5465277441964355,-0.0003070133843011194,0.1964184579575125,-0.007973449072536743
2212,0.0,20000.0,0.013921570602713216,0.004086063600813093,0.16255019986332822,0.00012365876686791966,0.1862579805292572,-0.005544316720715344
2213,0.0,20000.0,0.021731319697567177,0.005708522995485964,0.22530862971252408,-0.005147038200797459,0.19797317528423725,-0.005425133164739978
2214,0.0,20000.0,0.0,0.009296394352572694,0.5725165148330769,-0.008049511539368729,0.3103361771488891,-0.006212446677128603
2215,0.0,20000.0,0.19863136464617515,0.016201804389292238,-0.09935310507472003,-0.016201804389292238,0.18742939248180637,-0.009209253990777693
2216,0.0,20000.0,0.00475920390015613,0.0032578510234403343,0.3713283531519523,0.003057052941918673,0.24259908068285013,-0.005529361910968783
2217,0.0,20000.0,0.0,0.0012465599972404423,0.6072242293382804,0.005226280462777666,0.3519866252794792,-0.002302669198844848
2218,0.0,20000.0,0.18438882163905138,0.01613022469051438,-0.05635301411511716,-0.01613022469051438,0.2294847334611003,-0.006450935846345707
2219,0.0,20000.0,0.010785538643050022,0.018501443987111333,0.3050868207488472,-0.018501443987111333,0.25216535964742437,-0.010066088288575394
2220,0.0,20000.0,0.0,0.0030881891427706814,0.5935345214380381,0.003265219737399898,0.3545761081846085,-0.006066695880782806
2221,0.0,20000.0,0.0,0.007563943215510971,0.4019535061597982,-0.007274072531518159,0.36878932757716537,-0.006428908876003411
2222,0.0,20000.0,0.019912722124363024,0.02228811558590306,0.16182032459251106,-0.02228811558590306,0.30669862668176906,-0.011186670888973304
2223,0.0,20000.0,0.17245820138626686,0.011908139121888955,0.021646814687567007,-0.011862040091303205,0.22118308308350842,-0.011389281649672274
2224,0.0,20000.0,0.17046429681025527,0.014456797097474366,-0.1111726612475911,-0.013808348006348104,0.12147635978417855,-0.012115001556675022
2225,0.0,20000.0,0.13030317678626965,0.023911911961929846,-0.12383840689741861,-0.023911911961929846,0.0478819297796994,-0.01565407467825147
2226,0.0,20000.0,0.06173996886253889,0.013173726890693453,0.08836856141508366,-0.012983574605527133,0.06002791927031467,-0.014852924656434167
2227,0.0,20000.0,0.06447763791535002,0.016678060569652778,0.057484026583742194,-0.016493953756585373,0.05926475146434293,-0.015345233386479529
2228,0.0,20000.0,0.19998013141410287,0.00508801666331038,-0.00013719090263254863,-0.0034942209058661106,0.041444168754250284,-0.011789929642295503
2229,0.0,19999.13034652658,0.011315067205307174,0.004122389956112124,0.6033079525661166,0.009940215644004989,0.2100033038978102,-0.005270886056405354
2230,0.0,20000.0,0.0,0.004697192382611103,0.6033141484859429,0.0010672074170738643,0.32799655727425,-0.0033694580143615884
2231,0.0,19999.11406564405,0.0,0.004896783892229878,0.5440343599536146,0.01007870424737541,0.3928078980780594,0.0006649906641595107
2232,0.0,20000.0,0.06234757912204954,0.01478460998518471,-0.030645832574760487,-0.014775377973140621,0.26577177888221337,-0.003967119927030529
2233,0.0,20000.0,0.045132146360030906,0.005808690299900514,0.20432354158668686,-0.00569314113174948,0.2473373076935554,-0.004484926288446213
2234,0.0,20000.0,0.054581517820104807,0.014017035396752064,0.06336794273644354,-0.01337243651527403,0.19214649820642185,-0.007151179356494558
2235,0.0,20000.0,0.010615828733243685,0.003595780416256029,0.27784619927650384,0.002718397207890398,0.21785640852744645,-0.004190306387179071
2236,0.0,20000.0,0.04854101056293649,0.01311787915860755,0.03473805021459503,-0.011450633313738717,0.16292090103359103,-0.0063684044651469655
2237,0.0,19999.201049504794,0.00026730066581259277,0.002423796597295733,0.5372267206886902,0.008262595487316431,0.27521264693012076,-0.0019791044794079463
2238,0.0,20000.0,0.07738549728596919,0.013028007168388745,0.09598736848992458,-0.01058381708040723,0.2214450633980619,-0.004560518259707731
2239,0.0,20000.0,0.22587696800096152,0.02114536050951236,-0.01613507656650632,-0.02114536050951236,0.15017102140869143,-0.00953597093464912
2240,0.0,20000.0,0.02950350183568066,0.004964574444446369,0.19008917607283146,-0.0033540478776879347,0.16214646780793343,-0.007681394017560763
2241,0.0,20000.0,0.14844999242494578,0.014992841290126109,-0.053823359359038425,-0.014992841290126109,0.09735551965784187,-0.009874828199330367
2242,0.0,20000.0,0.12661616311509713,0.00880244020925541,-0.10693916716059852,-0.008678652425206148,0.03606711361230974,-0.0095159754670931
2243,0.0,20000.0,0.039344092808669226,0.009179396287304919,0.05861953153136051,-0.007587523734753602,0.04283283898802497,-0.00893743994739125
2244,0.0,19999.11236088606,0.0,0.003739311839594682,0.4627695892419256,0.007613516488186437,0.16881386406419516,-0.003972153016717944
2245,0.0,20000.0,0.002560586100873387,0.009987296201357448,0.26212003025291447,-0.009964733364302616,0.19680571392081095,-0.005769927120993345
2246,0.0,20000.0,0.07855509351459786,0.020119728302720394,0.10123918190568354,-0.01914818501436748,0.1681357543162727,-0.009783404489005585
2247,0.0,20000.0,0.009254103861834805,0.010024764674467732,0.07787232174522335,-0.009911827535738965,0.14105672454495788,-0.009821931403025598
2248,0.0,20000.0,0.1396369508373408,0.01563178280712511,-0.043244510469588014,-0.015630606576519157,0.08576635404059411,-0.011564533955073664
2249,0.0,20000.0,0.06657605388194145,0.012491082767958678,0.06417195391354678,-0.012243592671434033,0.07928803400247991,-0.011768251569981774
2250,0.0,20000.0,0.09172895534447269,0.015075162697173222,0.018326213896124106,-0.015075162697173222,0.06099948797057317,-0.012760324908139206
2251,0.0,20000.0,0.005245770748240289,0.004196988248503432,0.3404142402198566,-0.0021382095092519248,0.14482391364535818,-0.009573690288473023
2252,0.0,20000.0,0.05600190281328927,0.012422339268915384,0.04433981722520349,-0.012370389948821966,0.11467868471931177,-0.010412700186577705
2253,0.0,20000.0,0.22244770125876454,0.024385737898583667,-0.1487862780056505,-0.024385737898583667,0.03563919590182309,-0.014604611500179492
2254,0.0,20000.0,0.04742127762927141,0.02016149713308879,0.10145246858947478,-0.02016149713308879,0.05538317770811859,-0.01627167719005228
2255,0.37046442361491083,20000.0,0.3914055745628214,0.043021511658634125,-0.36764123780668856,-0.043021511658634125,-0.07152414694632356,-0.024296627530626832
2256,0.0,19999.990244825323,5.016202333537368e-06,0.006262469857858738,0.24884756683770576,-0.004089922100250397,0.02458736718888524,-0.0182346159015139
2257,0.0,20000.0,0.0366674504222587,0.01104657381164831,0.18055686212867275,-0.009640405779240751,0.07137821567082149,-0.015656352864831954
2258,0.0,20000.0,0.0806485049055788,0.02025977261910447,0.0646168990040331,-0.02025939867885115,0.06934982067078496,-0.01703726660903771
2259,0.0,20000.0,0.10259991910261541,0.016074413940914453,-0.07471526064087074,-0.016074413940914453,0.02613029627728825,-0.016748410808600733
2260,0.0,19998.24832188757,0.0,0.0027085864188208953,0.616673521406321,0.008942190541469809,0.20329326381599808,-0.00904123040357957
2261,0.0,20000.0,0.021428251786055657,0.005955096907478384,0.05226393714942324,-0.004917220096136726,0.15798446581602563,-0.0078040273113467165
2262,0.0,20000.0,0.0839516653057539,0.009483781875314892,0.07807863192823847,-0.005919887456431996,0.13401271564968947,-0.0072387853548723
2263,0.0,20000.0,0.013227033617783568,0.010264499045788309,0.3911002499664628,-0.007630194680729766,0.21113897594472147,-0.007356208152629539
2264,0.0,20000.0,0.04787950219317934,0.011034601952133764,0.018707551877032106,-0.009595621830952368,0.15340954872441465,-0.008028032256126387
2265,0.0,19997.861911247135,0.0,0.0014976841625895297,0.7846096579454047,0.017319287086228,0.34276958149071163,-0.00042383645342007007
2266,0.0,20000.0,0.0,0.004253674179328238,0.39065800397729045,-0.0014473388023367498,0.35713610823668523,-0.000730887158095074
2267,0.0,20000.0,0.0672006827365113,0.009936023651347239,0.2612420093874442,-0.005287486766917301,0.3283678785819129,-0.002097867040741742
2268,0.0,20000.0,0.0004340074727776342,0.005485033140098055,0.34459704144686515,-0.002773884823534914,0.3332366274413986,-0.0023006723755796933
2269,0.0,20000.0,0.26452403851873585,0.027827507369725304,-0.12200937412781877,-0.027827507369725304,0.19666282697063336,-0.009958722873823376
2270,0.0,20000.0,0.14678451023558017,0.008574789048531253,0.07641777288899028,-0.007989824228393422,0.1605893107461404,-0.00936805328019439
2271,0.0,20000.0,0.11784297061173847,0.010371313506669979,0.1891719573733594,-0.010270981372227721,0.1691641047343061,-0.009638931707804388
2272,0.0,20000.0,0.029474252357732145,0.015215157877773233,0.34709926564051363,-0.013709350381573398,0.22254465300616835,-0.01086005730993509
2273,0.0,20000.0,0.057559831438434385,0.010732918475788467,0.0115565099236043,-0.010625857963466176,0.15924821008139914,-0.010789797505994417
2274,0.0,20000.0,0.018479166753882757,0.021326596185904937,0.1429346003458558,-0.021326596185904937,0.15435412716073613,-0.013950837109967572
2275,0.0,20000.0,0.05797624144555352,0.012884075676644196,0.11023850883181116,-0.00960663754901775,0.14111944166205864,-0.012647577241682624
2276,0.0,20000.0,0.2573421580832027,0.01602108653819641,-0.11005705624882467,-0.01602108653819641,0.06576649228879364,-0.01365963003063676
2277,0.0,20000.0,0.0013104421027186753,0.012903330897593917,0.17981086413564365,-0.012903330897593917,0.09997980384284863,-0.013432740290723905
2278,0.0,20000.0,0.0,0.017768415296034845,0.34999258182421167,-0.01776644836554788,0.17498363723725752,-0.014732852713171098
2279,0.0,20000.0,0.031245584611033626,0.00852254034935122,0.2950613661038931,-0.007357356849687441,0.2110069558972482,-0.012520203954126
2280,0.0,20000.0,0.003938205217280201,0.012891641256295733,0.21942852904459387,-0.012528439283772414,0.2135334278414519,-0.012522674553019923
2281,0.0,20000.0,0.080114707604232,0.018161688879606053,-0.04935233929702385,-0.018161688879606053,0.1346676976999092,-0.01421437885099576
2282,0.0,20000.0,0.02921762958727393,0.012701483588270614,0.17368097432890667,-0.012399705877376408,0.14637168068860842,-0.013669976958909954
2283,0.0,19999.893323269673,0.00031253553992931167,0.00365181727738094,0.37633740773604435,0.0035261337597852407,0.2153613988028392,-0.008511143743301395
2284,0.0,20000.0,0.12432853724031394,0.019274129721078653,-0.10580626398087,-0.019274129721078653,0.11901109996772644,-0.01174003953663457
2285,0.0,20000.0,0.1006940238156289,0.01903695819718933,0.03440205313657344,-0.01903695819718933,0.09362838591838053,-0.013929115134800999
2286,0.0,20000.0,0.0198771275344415,0.005620663611748095,0.3587180356757027,-0.0008285388123173673,0.1731552808455772,-0.009998942238055909
2287,0.0,20000.0,0.0,0.006711363353148157,0.450873350501638,-0.006202075979791148,0.2564707017423954,-0.00885988236057648
2288,0.0,20000.0,0.11472192276043018,0.013598881405068418,-0.11435349006034969,-0.013554758466119735,0.14522344420157185,-0.010268345192239455
2289,0.0,20000.0,0.00029084963277036316,0.00532747321164835,0.33763176666000005,0.0027680174524718627,0.2029459409391003,-0.00635743639882606
2290,0.0,20000.0,0.0962375729867442,0.02195994612583166,0.15276848608472487,-0.02195994612583166,0.18789270448278764,-0.01103818931692774
2291,0.0,20000.0,0.0,0.013770353687513006,0.36643728655846375,-0.013468300020756439,0.24145607910549047,-0.011767222528076347
2292,0.0,20000.0,0.16154192367968376,0.011691534620844034,-0.09187933370119104,-0.011578204130914746,0.14145545526348602,-0.011710517008927866
2293,0.0,20000.0,0.2035901126605999,0.02491404103077781,-0.2027345004067272,-0.02491404103077781,0.03819846856242205,-0.015671574215482847
2294,0.0,20000.0,0.022035682147764708,0.017420320294592975,0.09264731427595259,-0.017296361942274876,0.05453312227648121,-0.016159010533520455
2295,0.0,20000.0,0.0,0.007482392561210457,0.3090186576303664,-0.004968926018132956,0.13087878288264676,-0.012801985178904206
2296,0.0,20000.0,0.0,0.0066471345072608165,0.4911359252662819,-0.0011549998902156933,0.2389559255977373,-0.009307889592297652
2297,0.0,20000.0,0.0,0.006100672264951418,0.35464880670999094,-0.0011881137717718313,0.2736637899314134,-0.006871956846139906
2298,0.0,20000.0,0.0,0.005507132679293677,0.4968530849231732,-0.0015971070781694411,0.34062057842894133,-0.005289501915748766
2299,0.0,20000.0,0.12006239025764869,0.013038491403793047,-0.04597575511128697,-0.013038491403793047,0.22464167836687282,-0.00761419876216205
2300,0.0,20000.0,0.13903303122863217,0.02300447877511337,0.11068011561896883,-0.02300447877511337,0.1904532095425016,-0.012231282766047446
2301,0.0,20000.0,0.2736180611905942,0.02548544905789025,0.0246634927480066,-0.02548544905789025,0.1407162945041531,-0.016207532653600285
2302,0.0,20000.0,0.126018111489106,0.020006369382502907,0.07507542436044047,-0.020006369382502907,0.1210240334610393,-0.01734718367227107
2303,0.0,20000.0,0.028973571505634295,0.008238560538217917,0.17028251723567145,-0.006595974682199067,0.13580157859342895,-0.01412182097524947
2304,0.751430300953567,20000.0,0.41692635579465526,0.03836854646649447,-0.3660351370604393,-0.03836854646649447,-0.014749436102731522,-0.021395838622622967
2305,0.0,20000.0,0.08888889652054338,0.012228359982288073,0.13583465933852643,-0.011256556330444527,0.030425792529645862,-0.018354053934969434
2306,0.0,20000.0,0.1183920526795459,0.010714738026944498,-0.033324015206583055,-0.010671964988616492,0.011300850208777186,-0.01604942725106355
2307,0.0,19999.36448553438,0.007006775836355628,0.0032684737170360764,0.2895421902946237,0.0054065877148952775,0.09477325223453113,-0.009612622761275901
2308,0.0,20000.0,0.05508370347942279,0.009290231496333052,0.056064371047527504,-0.008392434790940326,0.08316058787843003,-0.009246566370175228
2309,0.0,20000.0,0.24177333977896315,0.01935539665579464,0.05335500126991021,-0.019058741103416127,0.07421891189587408,-0.012190218790147499
2310,0.0,20000.0,0.2256061391843002,0.007843599003164921,-0.1452353460887337,-0.007843599003164921,0.008382634500491745,-0.010886232854052725
2311,0.0,20000.0,0.0,0.004237270593961857,0.6107200225028636,0.0020306830842030093,0.1890838509012033,-0.007011158072576004
2312,0.0,20000.0,0.0,0.01536173383191719,0.3632550139413461,-0.01536173383191719,0.24133519981324614,-0.009516330800378359
2313,0.0,20000.0,0.24438961710202592,0.01932791287303211,-0.19626428375674496,-0.019053839991881188,0.11005535474224881,-0.012377583557829207
2314,0.0,20000.0,0.09005499524278766,0.01494539761627882,0.16786767635651012,-0.014899118962616666,0.1273990512265272,-0.013134044179265444
2315,0.38218949640970434,20000.0,0.3242459255010041,0.03157896624966691,-0.3242459255010041,-0.03157896624966691,-0.008094441791732201,-0.018667520800385883
2316,0.0,20000.0,0.22663651876330068,0.025179629990780977,-0.07460190672954854,-0.025179629990780977,-0.0280466812730771,-0.02062115355750441
2317,0.0,20000.0,0.031115439883414912,0.01560528839057045,0.15005555735695209,-0.01560528839057045,0.025383990315931654,-0.01911639400742422
2318,0.0,20000.0,0.06496080752968607,0.02787426801943357,-0.05947602541301211,-0.02787426801943357,-7.401440275147525e-05,-0.021743756211027025
2319,0.0,19999.507202309844,0.009541869408489346,0.006423312172394143,0.34281254041743897,0.0020829038690171084,0.10279195204330566,-0.014595758187013785
2320,0.0,20000.0,0.04951154495411216,0.0127966482341106,0.08517530291982718,-0.01162891882359033,0.0975069573062621,-0.013705706377986748
2321,0.0,20000.0,0.1461768549400549,0.01617106926468217,-0.013686954506745381,-0.01617106926468217,0.06414878376235986,-0.014445315243995374
2322,0.0,20000.0,0.0,0.007421230279722997,0.5530835706762125,-0.0001091409970971717,0.21082921983651565,-0.010144462969925912
2323,0.0,20000.0,0.170131166048854,0.027269665081148003,-0.0015615889014048516,-0.027253463412672055,0.14711197721513947,-0.015277163102749755
2324,0.0,20000.0,0.1262699157633644,0.01898381345959842,0.08939069892751644,-0.01891219818309974,0.12979559372885255,-0.016367673626854748
2325,0.0,20000.0,0.007937963693210147,0.00609301295964306,0.20831341221687968,-0.0023524083646029627,0.15335093927526067,-0.012163094048179212
2326,0.0,20000.0,0.09183014630644734,0.0041494654668247505,0.2733047064607246,-0.0022788509957820187,0.18933706943089984,-0.009197821132460052
2327,0.0,20000.0,0.007731323068019683,0.01761026187118281,0.2917267354986177,-0.01761026187118281,0.22005396925121518,-0.011721553354076878
2328,0.0,20000.0,0.17267805528333374,0.023235332808108154,-0.12778524614339887,-0.023235332808108154,0.11570220463283096,-0.01517568719028626
2329,0.0,20000.0,0.0,0.005790493664004168,0.43088779278629596,-0.004108402488245758,0.21025788107887045,-0.011855501779674107
2330,0.0,20000.0,0.03973000231807466,0.019899921519921204,0.05066426683498643,-0.019899921519921204,0.16237979680570522,-0.014268827701748235
2331,0.0,20000.0,0.004788791421423581,0.004599086454806823,0.09661528698572473,-0.0012131389334523953,0.14265044385971107,-0.010352121071259483
2332,0.0,20000.0,0.12733987776919448,0.017186572863780353,-0.03963889843367382,-0.01702525051930845,0.0879636411716956,-0.012354059905674172
2333,0.0,20000.0,0.006008194586257327,0.006763445291223181,0.32065041667986527,-0.004862050788802307,0.15776967382414647,-0.01010645717061261
2334,0.0,20000.0,0.022052071026645352,0.00915438461156221,0.22871462080951574,-0.008230404865994427,0.17905315791975723,-0.009543641479227155
2335,0.0,20000.0,0.026229445390938355,0.016010402732750666,0.14726298828611503,-0.016010402732750666,0.16951610702966458,-0.011483669855284206
2336,0.0,20000.0,0.014479576839492395,0.00739497350751007,0.43836691165042074,-0.003643242244122372,0.2501713484158914,-0.009131541571935657
2337,0.0,20000.0,0.08985518670944367,0.005925632456051499,-0.023807640913192953,-0.004146881047578258,0.16797765161716607,-0.007636143414628437
2338,0.0,20000.0,0.2098023103976319,0.022338232625231012,0.06499748124049368,-0.022338232625231012,0.13708360050416435,-0.01204677017780921
2339,0.0,20000.0,0.22671848411132875,0.020825352882752973,-0.16750962403828748,-0.020825352882752973,0.045705633141428795,-0.014680344989292337
2340,0.0,19998.352325603802,0.0,0.0016199255269285836,0.43063258038729846,0.011638179445565998,0.16118371731518968,-0.006784787658834835
2341,0.0,20000.0,0.06008051195314677,0.005002874542180441,0.23088436996016792,-0.00026809271837447936,0.18209391310868314,-0.004829779176696728
2342,0.0,20000.0,0.012057160779165983,0.007157904752773627,0.3347262604808204,-0.003499114273225944,0.2278836173203243,-0.004430579705655493
2343,0.0,20000.0,0.0,0.003741002116612594,0.5237224276049876,0.002463934188300462,0.31663526040572326,-0.002362225537468706
2344,0.0,20000.0,0.032464099533526684,0.013859702510351839,0.1532595996300169,-0.013390966570984467,0.26762256217301134,-0.005670847847523434
2345,0.0,20000.0,0.0,0.0049649031037488555,0.47352695919047133,0.0014606289837944281,0.3293938812782493,-0.0035314047981280755
2346,0.0,19998.692769665835,0.0,0.0018316102295511387,0.6235861699697435,0.010663180858647052,0.4176515678856975,0.000726970898904463
2347,0.0,20000.0,0.08494936418394809,0.018499204348838418,0.09290704886283521,-0.018499204348838418,0.32022821217883884,-0.005040881675418401
2348,0.0,20000.0,0.13297581118782828,0.036767166295074566,-0.08716382001639225,-0.036767166295074566,0.19801060252026947,-0.01455876706131525
2349,0.0,20000.0,0.15183888052848268,0.022022236428212445,-0.000941925863035327,-0.022022236428212445,0.138324844005278,-0.016797807871384407
2350,0.0,19998.418665475627,0.0,0.0007848977651672262,0.47770064139991897,0.006289802771692744,0.2401375832236703,-0.00987152467846126
2351,0.0,20000.0,0.2037216093024368,0.025881820354921724,-0.1899844085498904,-0.025881820354921724,0.11110098569160207,-0.014674613381399398
2352,0.0,20000.0,0.020438124577464255,0.01739073987286044,0.1858559077989295,-0.01739073987286044,0.13352746232380028,-0.015489451328837708
2353,0.0,20000.0,0.03155206721333423,0.010691236725802699,0.19351362537268194,-0.010670998340861422,0.15152331123846477,-0.014043915432444822
2354,0.0,19998.20616149026,0.002554015183852225,0.0036464073634135206,0.38783220347825637,0.008694332663259755,0.22241597891040224,-0.007222441003733447
2355,0.0,19998.961070960937,0.0,0.0028203001381945443,0.47509374744144567,0.007532157572251304,0.29821930946971525,-0.0027960614309380217
2356,0.10032650071487348,20000.0,0.2013850913847012,0.030868901205313097,-0.2013850913847012,-0.030868901205313097,0.1483379892133903,-0.011217913363250544
2357,0.0,20000.0,0.006228879111038447,0.013583057629650076,0.4456694931471824,-0.013058606781669509,0.23753744039352792,-0.011770121388776233
2358,0.0,20000.0,0.12228535755414403,0.009171092446611238,0.13144714005868335,-0.00851528398281939,0.20571035029307455,-0.01079367016698918
2359,0.0,20000.0,0.0,0.006692653218936004,0.361477680579437,-0.005255194458449713,0.2524405493789833,-0.00913212745442734
2360,0.0,20000.0,0.042714924313611374,0.009491827455125418,0.054807388311490984,-0.009354418542167823,0.1931506010587356,-0.009198814780749484
2361,0.0,20000.0,0.1563847809692965,0.019440501010889517,-0.13805131632698106,-0.019440501010889517,0.0937900258430206,-0.012271320649791494
2362,0.0,20000.0,0.11652280859826164,0.020208791660302265,-0.04130397019286679,-0.020096671977155124,0.05326182703225438,-0.014618926048000584
2363,0.0,20000.0,0.004917701678354031,0.006752344962635256,0.1777108006094643,-0.00667434026528018,0.09059651910541734,-0.012235550313184462
2364,0.0,20000.0,0.0,0.004952299436625458,0.3651650301566893,-0.0019138463147299017,0.1729670724207989,-0.009139039113648093
2365,0.0,20000.0,0.0,0.005493734679614956,0.3844081818812004,-0.00238295284545025,0.23639940525891934,-0.007112213233188739
2366,0.0,20000.0,8.479118210503238e-05,0.005766445322052649,0.2634489406853694,-0.005454049039173168,0.24451426588685432,-0.0066147639749840675
2367,0.0,20000.0,0.09170044523711761,0.013663948821643812,-0.011038993818346037,-0.013642401837767562,0.16784828797529422,-0.008723055333819115
2368,0.0,20000.0,0.06431419552385038,0.006459349551073813,0.029074041423287247,-0.0038849518611022344,0.12621601400969212,-0.00727162429200405
2369,0.0,20000.0,0.011315067205307174,0.007659345215192031,0.2949301611042432,-0.002946357897058868,0.17683025813805744,-0.005974044373520495
2370,0.0,20000.0,0.19065161678805292,0.028193641586087923,-0.15121550792352328,-0.028193641586087923,0.07841652831958323,-0.012639923537290723
2371,0.0,20000.0,0.0024745458359304432,0.005287914060134288,0.21248915295103793,-0.002518006781669999,0.11863831570901964,-0.009603348510604506
2372,0.0,20000.0,0.06654598158609551,0.008313096408045874,0.17874611313914757,-0.0009571106684773571,0.13667065493805802,-0.007009477157966361
2373,0.0,20000.0,0.0,0.007987550044818515,0.3358643786255822,-0.0066454002442928204,0.19642877204431528,-0.006900254083864299
2374,0.0,20000.0,0.16736597609549408,0.016288072494616126,0.0012567038706289414,-0.016288072494616126,0.13787715159220937,-0.009716599607089847
2375,0.0,20000.0,0.05337666856243104,0.015634560686720488,-0.025720870772326956,-0.015634560686720488,0.08879774488284847,-0.011491987930979039
2376,0.0,20000.0,0.03736917327561243,0.01554114321520923,0.16098655896427624,-0.015536678379703652,0.1104543891072768,-0.012705395065596422
2377,0.0,20000.0,0.17198510367983308,0.027920279797112542,-0.16014321712209412,-0.027920279797112542,0.029275107238465513,-0.017269860485051254
2378,0.0,20000.0,0.02188826984718384,0.01177161065161362,0.10472870458827956,-0.00835580482907908,0.051911186443409724,-0.014595643788259602
2379,0.05323621118745114,20000.0,0.29647936147440357,0.016977541071720927,-0.279266397865909,-0.016977541071720927,-0.0474420888493859,-0.015310212973297998
2380,0.0,20000.0,0.11776757833002417,0.021571096690468607,0.014153074761395655,-0.021571096690468607,-0.02896353976615143,-0.01718847808844918
2381,0.0,19995.61811097068,0.0,0.0002340649545983152,0.5827128525500304,0.02167480770269393,0.1545393779287031,-0.005529492351106244
2382,0.0,20000.0,0.007314677778981897,0.005843788429746892,0.44583747512104266,-0.004474777668602586,0.24192880708640496,-0.005213077946355147
2383,0.0,20000.0,1.1885236159642517e-05,0.006596906477446704,0.4620374281429202,4.139819532951201e-05,0.3079613934033595,-0.0036367351038497494
2384,0.0,20000.0,0.0912624632268719,0.009752837808062914,0.20681564043116493,-0.007847248159162665,0.2776176675117011,-0.0048998890204436235
2385,0.0,20000.0,0.03758012665901495,0.011177095056224459,0.32915719815575845,-0.011172630220718882,0.29307952670491827,-0.0067817113805262
2386,0.0,20000.0,0.04209737541072032,0.013455172547173199,0.19537986921411235,-0.012834005920435723,0.2637696294576765,-0.008597399742499056
2387,0.0,20000.0,0.0040022809799063995,0.002687814369924253,0.2217350160199678,-0.002209135022608846,0.2511592454263639,-0.006680920326531992
2388,0.0,20000.0,0.018707899828522844,0.009945584498535148,0.11861295450299109,-0.009945584498535148,0.21139535814935206,-0.007660319578132938
2389,0.0,20000.0,0.04420763784367118,0.012914574726049493,0.20098130454060237,-0.012004120177595898,0.20827114206672714,-0.008963459757971824
2390,0.0,20000.0,0.013241501381011727,0.01170057458964356,0.25609493916581494,-0.011490986322743401,0.2226182811964535,-0.009721717727403297
2391,0.0,20000.0,0.15885250343156096,0.012953449447406234,-0.05399228722568085,-0.012953449447406234,0.13963511066981318,-0.010691237243404178
2392,0.0,20000.0,0.11778783206562539,0.012886311005993804,-0.011889743051612986,-0.012337670409004629,0.09417765455338532,-0.011185167193084312
2393,1.8266652203300764,20000.0,0.41092832989205585,0.03579135229091024,-0.40976807710495206,-0.03579135229091024,-0.05700606494411589,-0.01856702272243209
2394,0.0,20000.0,0.04539920604692821,0.013134192515499476,0.13189132725506283,-0.013117704005599395,-0.00033684728436227107,-0.01693222710738228
2395,0.0,20000.0,0.1185736931536523,0.010816609017730612,-0.023348256020199947,-0.010816609017730612,-0.007240269905113574,-0.01509754168048678
2396,0.0,20000.0,0.006089551780249552,0.007715292272736227,0.21281636651194233,-0.006287252875796172,0.05877672102000319,-0.012454455039079597
2397,0.0,20000.0,0.05004647681842989,0.009159257755829393,0.27040844538538245,-0.008865490340373225,0.12226623832961697,-0.011377765629467684
2398,0.0,20000.0,0.05677423421859112,0.008157197090298223,0.25862205566653257,-0.0032416926023014197,0.16317298353069165,-0.008936943721317805
2399,0.22541019863718192,20000.0,0.19697675226611877,0.027671426689792073,-0.19697675226611877,-0.027671426689792073,0.055128062791648516,-0.014557288611860085
2400,0.0,20000.0,0.09217700021017408,0.012500069882486028,0.17256702956599643,-0.011407315049338658,0.0903597528239529,-0.013612296543103655
2401,0.0,20000.0,0.023042345716644676,0.02174387452987962,0.13782866550052464,-0.021686797529231187,0.10460042662692443,-0.016034646838941912
2402,0.0,19999.66658523038,0.05510891991519831,0.009065322784261972,0.2301798504476797,-0.00030390207363135887,0.142274253773151,-0.011315423409348746
2403,0.0,20000.0,0.045465326739506574,0.009837909895529158,-0.006471335752423455,-0.00983389025979722,0.09765057691547867,-0.010870963464483288
2404,0.0,20000.0,0.0003774195142502228,0.00447622002380466,0.24022425924115598,-0.003427393568600133,0.14042268161318186,-0.00863789249571834
2405,0.5787995229439766,20000.0,0.3375562459179595,0.037753260226062284,-0.25796768457314667,-0.037753260226062284,0.020905571757283303,-0.017372502814821524
2406,0.0,20000.0,0.1669332870559256,0.016777876033225357,-0.15464366108566627,-0.016777876033225357,-0.031759198095601564,-0.017194114780342672
2407,0.0,20000.0,0.04498818271047464,0.008729030208813804,0.24240838386980135,-0.007611818887684046,0.05049107649401931,-0.014319426012545084
2408,0.0,19999.625784363456,0.00015962210546424302,0.0019723479577379746,0.3795988144894386,0.0006850897765766447,0.1492233978926451,-0.009818071275808565
2409,0.0,20000.0,0.0012294390903530251,0.005359820064436002,0.3474852200136817,-0.0047360351296055645,0.20870194452895607,-0.008293460431947664
2410,0.0,20000.0,0.2527828635091377,0.02526880379467794,-0.09201136903813915,-0.02526880379467794,0.1184879504588275,-0.013386063440766746
2411,0.0,20000.0,0.1489212555553855,0.007741194392635849,0.09081148568052039,-0.007096375788389356,0.11018501102533536,-0.011499157145053528
2412,0.0,20000.0,0.07555038677263057,0.005128645589736269,0.015290920336028335,-0.004678929220914472,0.08171678381854325,-0.00945308876781181
2413,0.0,20000.0,0.16721003483221256,0.015089031819565741,-0.11414339999370772,-0.015089031819565741,0.022958728674867958,-0.01114387168333799
2414,0.0,20000.0,0.04196195683260967,0.028181134697488477,0.04935532671590952,-0.028181134697488477,0.030877708087180423,-0.016255050587583135
2415,0.0,20000.0,0.2576124224037972,0.02738669967888045,-0.10241001377918789,-0.02738669967888045,-0.009108608472730071,-0.01959454531497233
2416,0.0,20000.0,0.03463885804869228,0.006419341779203523,0.17436480786648523,-0.004329769293999464,0.045933416429034514,-0.01501511250868047
2417,0.0,20000.0,0.13970701763565846,0.017965148480998724,-0.04731859822137485,-0.017965148480998724,0.017957812033911703,-0.015900123300375945
2418,0.0,20000.0,0.22841330210489114,0.03073222841686566,-0.1917381892467445,-0.03073222841686566,-0.04495098835028515,-0.020349754835322857
2419,0.0,19999.99237656211,0.03667574327276953,0.004282777111061373,0.3447669788413362,-0.004031679692742399,0.07196440180720126,-0.015454332292548719
2420,0.0,19999.523294874794,0.0,0.0021211010809845457,0.3489300943862366,0.0007500730335766835,0.15505410958091187,-0.010593010694711098
2421,0.0,19996.472381828116,0.0,0.0005249058549094112,0.6922439754628876,0.022895707097596276,0.3162110693455046,-0.0005463953570188848
2422,0.0,19996.603074948376,0.0,0.0011555753068105874,0.45855941590821636,0.01078487527965059,0.3589155733143181,0.002852985833981958
2423,0.0,20000.0,0.13766358134310927,0.02597635826429122,-0.0437796777061395,-0.02597635826429122,0.23810699800818083,-0.005795817395499995
2424,0.12784818540788478,20000.0,0.12994273353285013,0.029216665776764766,-0.11676962038323867,-0.029216665776764766,0.13164401249075497,-0.012822071909879426
2425,0.0,19997.234441944824,0.01759916623870705,0.001954778092660572,0.42178111174492783,0.0018214246092456458,0.2186851422670068,-0.008429022954141904
2426,0.0,19996.925547429913,0.0027137411498432736,0.002879580217959742,0.46107881462958666,0.005489971450188768,0.29140324397578077,-0.004253324632842702
2427,0.0,20000.0,0.12487360382674213,0.014796198414040632,-0.0336685493267016,-0.014748622620119903,0.19388170598503607,-0.007401914029025862
2428,0.0,19997.807617327355,0.0013722672929050606,0.002563682157835662,0.5098200746630747,0.001046075986685622,0.2886632165884476,-0.004867517024312417
2429,0.0,20000.0,0.043519489411123186,0.013859190491560331,0.053901672511043976,-0.013590324853372181,0.21823475336522652,-0.007484359373030346
2430,0.0,19998.58806269329,0.0030897944333038566,0.006318509171831449,0.3890358086195789,-0.00332637397697848,0.26947506994153225,-0.006236963754214785
2431,0.0,20000.0,0.012590691535626825,0.01468563798526178,0.19357851452536864,-0.01468563798526178,0.24670610331668313,-0.008771566023528883
2432,0.0,20000.0,0.0,0.016919048186568933,0.20751953350690971,-0.016833417519952862,0.23495013237375112,-0.011190121472456075
2433,0.0,20000.0,0.21640576407105047,0.012905924541679355,-0.04000100579898006,-0.012898056126180278,0.15246479092193174,-0.011702501868573335
2434,0.0,20000.0,0.155996004524691,0.021861610655799744,-0.029575031049216598,-0.021861610655799744,0.09785284433058723,-0.014750234504741258
2435,0.9784532056197877,20000.0,0.3438855718903865,0.03839430620026163,-0.267146016526522,-0.03839430620026163,-0.011646813926545527,-0.02184345601339737
2436,0.0,19999.402885652267,0.13819743805516188,0.014234988922572932,-0.03576797283707998,-0.014234988922572932,-0.018883161599705864,-0.019560915886150037
2437,0.0,19996.304644738786,0.0,0.002134746015310594,0.4317166292586554,0.003991922875565391,0.11629677565780253,-0.012495064257635408
2438,0.683742330211174,19999.36047591056,0.22366194807857165,0.00988952737396406,-0.22366194807857165,-0.00984453846606492,0.01430915853689027,-0.01169990652016426
2439,0.15067493379251107,20000.0,0.27340016131655237,0.020605241342298294,-0.18456406282392832,-0.020605241342298294,-0.0453528078713553,-0.014371506966804469
2440,0.0,20000.0,0.07057246489489906,0.019116647276612,0.16581321239855942,-0.01880512011650569,0.017996998209619114,-0.015701590911714833
2441,0.0,19999.89210215688,0.14401034306793342,0.014223140569654761,-0.13885645426812895,-0.014223140569654761,-0.029059037533705305,-0.015258055809096812
2442,0.0,19997.811522613658,0.0,0.006203939364629007,0.35773080094143306,-0.002467238617255912,0.0869779140088362,-0.01142081065154454
2443,0.0,19997.95400616723,0.000164103465274732,0.005945216901468712,0.2907717240550996,-0.0015533716226423537,0.14811605702271521,-0.008460578942873883
2444,0.0,20000.0,0.06391183497124958,0.018734490796558347,0.06555370833364894,-0.018538273115566797,0.12334735241599533,-0.011483887194681755
2445,0.0,20000.0,0.15503933522812513,0.013383573242963732,0.12261915611563298,-0.013383573242963732,0.12312889352588662,-0.012053793009166348
2446,0.0,19998.509541119773,0.16381945448828578,0.008948912653933501,0.06249846275931985,-0.004921002406819082,0.10493976429591657,-0.009913955828462169
2447,0.0,20000.0,0.14155790996504383,0.014131605441095542,0.031096385523004387,-0.014131605441095542,0.08278675066404291,-0.011179250712252179
2448,0.0,20000.0,0.1740549128085243,0.027169223220426867,-0.10438276880319264,-0.027169223220426867,0.02663589482387224,-0.015976242464704585
2449,0.0,19998.306252766964,0.012239646724248703,0.005760194045013331,0.14484348028542385,-0.005534933538121614,0.06209817046233772,-0.012843849786729693
2450,0.0,19997.935633874236,0.012970391191211402,0.008292639649981564,0.3657288753643854,-0.00208376516610488,0.153187381932952,-0.009615824400542247
2451,0.0,20000.0,0.0369056924690484,0.02007936721606638,0.25449712585999923,-0.02007936721606638,0.18358030511106616,-0.012754887245199487
2452,0.027111121254364656,20000.0,0.1473669148492681,0.01720194746940296,-0.0794592198791087,-0.01720194746940296,0.1046684476140137,-0.014089005312460528
2453,0.0,19998.622587357797,0.0027677398125061843,0.011604580144811022,0.3577388747172734,-0.006453575863964926,0.1805895757449916,-0.011798376477911847
2454,0.0,20000.0,0.0878032599184614,0.014819600690134872,0.10357643887087041,-0.014423204511324105,0.15748563468275523,-0.012585824887935523
2455,0.0,19999.329656937512,0.02823999632513606,0.009802698346559103,0.19881091858597638,-0.009713660007049766,0.16988321985372157,-0.011724175423669795
2456,0.0,19997.988933780096,0.0,0.006859484117312283,0.7217772669822097,-0.001882242703941075,0.335451433992268,-0.00877159560775118
2457,0.0,19999.642731774016,0.016733330883847198,0.010585588458197891,0.3098105077892907,-0.00975775164088699,0.3277591561313748,-0.009067442417691923
2458,0.0,19999.23825541432,0.07074530013326696,0.008660292085976263,0.015418487500300051,-0.007642148224745251,0.23405695554205236,-0.008639854159807921
2459,0.0,20000.0,0.05250347483631553,0.018400494141020483,0.056693293395481154,-0.018398770365984578,0.18084785689808097,-0.011567529021660916
2460,0.0,19999.05769392405,0.09549681555464892,0.009911710722375008,0.04955210584681342,-0.007750178436147116,0.14145913158270068,-0.010422323846006776
2461,0.0,19997.67781414751,0.0,0.0037732750499402156,0.39711150287413766,0.00042480040046456084,0.21815484297013177,-0.007168186572065374
2462,0.0,20000.0,0.10042877593985662,0.019885112722914364,-0.05950026635163455,-0.019885112722914364,0.13485831017360186,-0.01098326441732007
2463,0.0,19999.21643266692,0.007102341942948931,0.008510775033233674,0.2918495564269708,-0.008372387183471785,0.18195568404961254,-0.010200001247165583
2464,0.0,19999.5115297972,0.11949093686852448,0.010262376657372148,-0.03820660868261881,-0.009663698720531494,0.11590699622994313,-0.010039110489175355
2465,0.0,19999.94896104796,0.07163825565679258,0.012579019572675734,0.1842941076918777,-0.012022365332323306,0.1364231296685235,-0.010634086942119739
2466,0.0,19998.111312542736,0.06836678580491497,0.004237888266335262,0.22942612107611232,-0.0020776409490422506,0.16432402709080013,-0.008067153144196492
2467,0.0,20000.0,0.19729655716959157,0.019986274826003552,0.23583767623551527,-0.019986274826003552,0.18577812183421466,-0.01164288964873861
2468,0.0,20000.0,0.13882579232188647,0.017293258445863696,-0.00896015580782357,-0.017293258445863696,0.12735663854160317,-0.013338000287876135
2469,0.0,20000.0,0.093218683962027,0.03155176191891072,-0.021402596855410325,-0.03155176191891072,0.08272886792249912,-0.01880212877718651
2470,0.0,19999.239164762406,0.09136177736693311,0.012968531035401654,0.036488947309816125,-0.011973727429465834,0.0688568917386942,-0.016753608372870307
2471,1.754617604989187,20000.0,0.30697329273810847,0.02523159444052161,-0.2992887844973065,-0.02523159444052161,-0.041586811132106,-0.019297004193165698
2472,2.8303712450075347,20000.0,0.395422261268141,0.02086529132176865,-0.3871974926680891,-0.02086529132176865,-0.14527001559290093,-0.019767490331746584
2473,0.5895080169442519,19999.40446257542,0.1305946542403554,0.0133210981926765,-0.10954304468738534,-0.0133210981926765,-0.13455192432124624,-0.017833572690025556
2474,0.21153031576277648,19996.93803216497,0.055309994894426256,0.004795816584850164,-0.00896243817085828,0.001240811928367886,-0.09687507847612985,-0.012111257304507524
2475,0.0,19997.46731391924,0.0033070724666003433,0.0028630051575633314,0.28555836304701426,0.0008436090204412217,0.017854953980813396,-0.0082247974070229
2476,0.4241531074437063,20000.0,0.06725077007051398,0.013482203797695663,0.024176232291117854,-0.013426088362935918,0.019751337473904732,-0.009785184693796805
2477,2.7123718486194033,20000.0,0.20306445692780356,0.02485944260469186,-0.20306445692780356,-0.02485944260469186,-0.04709340084660776,-0.014307462067065322
2478,0.0,19997.983062642506,0.08317426934380241,0.006962160235083017,0.16697571110658138,-0.002997752669971551,0.01712733273934898,-0.01091454924793719
2479,4.396688441083313,20000.0,0.3544062891283334,0.01833959569286423,-0.34117508460381774,-0.01833959569286423,-0.09036339246360103,-0.013142063181415302
2480,0.5712387139139805,20000.0,0.05804090876416674,0.014353930871336283,0.06106504176626445,-0.013972970428546358,-0.04493486219464139,-0.013391335355554618
2481,6.382111103407305,20000.0,0.4687905595085582,0.046975157672395025,-0.4687905595085582,-0.046975157672395025,-0.17209157138881642,-0.023466482050606738
2482,0.0,20000.0,0.0023303254187563706,0.020647978153704588,0.5213817721432426,-0.020647978153704588,0.03595043167080127,-0.02262093088153609
2483,4.177859844702815,20000.0,0.36970425284806807,0.028222089871482878,-0.17306182021510166,-0.028222089871482878,-0.02675324389496961,-0.024301278578520127
2484,4.060066676202461,20000.0,0.19983550628280905,0.027149435035219032,-0.1520896725777382,-0.027149435035219032,-0.06435417249980019,-0.025155725515529796
2485,4.687014323987388,20000.0,0.18703010669801412,0.022401041795920403,-0.1829446487290087,-0.022401041795920403,-0.09993131536856274,-0.024329320399646977
2486,2.1553139421425973,19998.556603534773,0.0025408863223632555,0.011752541062146652,0.10406186434272673,-0.010638250219259642,-0.038733361455175905,-0.020221999345530775
2487,2.541476665443936,19998.271757060345,0.032426260923998584,0.007761132803639998,0.08864310824093954,-0.007230293781710342,-0.000520420546341268,-0.016324487676384645
2488,3.6414707056556113,20000.0,0.1837733668610468,0.019266947984458882,-0.01405074576149396,-0.019266947984458882,-0.004579518110887075,-0.017207225768806914
2489,2.7110723640774834,19998.748581519238,0.12045548993411784,0.008544573943785666,0.07654605265281936,-0.008539419185922879,0.019758153118224854,-0.014606883793941702
2490,3.0410134284471986,20000.0,0.17003316425007378,0.03089547262716562,0.03687338652460189,-0.03089547262716562,0.024892723140137962,-0.019493460443908876
2491,3.4395489309718235,19998.396065996603,0.10693459970327394,0.00791866674491043,-0.012691549972003634,-0.007597103915785777,0.013617441206495481,-0.015924553485471945
2492,2.8865904915128366,20000.0,0.07666475519914434,0.02508988352761129,0.03294974454796667,-0.02508988352761129,0.019417132208936837,-0.018674152498113748
2493,0.05800586721798062,19995.388870962164,0.0,0.001118919485815734,0.34981456547070233,0.009473672029240458,0.11853636218746648,-0.010229805139907486
2494,1.7899358177037317,20000.0,0.03857360167381949,0.0172413402078319,0.1331429324770054,-0.017118939761786172,0.12291833327432813,-0.012296545526471091
2495,0.8028497874752145,19998.93530031342,0.0006030943325715325,0.008296537728554591,0.1688272514675108,-0.007394221268117129,0.13669100873228293,-0.010825848248964902
2496,0.7219457439555665,19999.642569416734,0.04590710547508277,0.011190312540229813,0.1120972836186737,-0.010669850829850828,0.12931289119820016,-0.010779049023230678
2497,0.4672420828036718,19998.559117709225,0.007921911040846781,0.006228764839756623,0.13711852706484745,-0.004629875021143779,0.13165458195819435,-0.008934296822604607
2498,0.0,19999.577042099037,0.0,0.0017371391247682764,0.5098771089555484,0.009479762621364246,0.24512134005740055,-0.0034100789894139514
2499,6.2188803421894185,20000.0,0.4678345152920209,0.0374922993057422,-0.4678345152920209,-0.0374922993057422,0.0312345834525741,-0.013634745084312425
2500,2.12182599626355,20000.0,0.18107926795664187,0.01682554287903206,-0.10269755811482244,-0.016494648444979287,-0.008945059017644863,-0.014492716092512483
2501,0.0,20000.0,0.019640988979037075,0.006731747907401528,0.35849482621244644,-0.0038609586029730697,0.10128690655138252,-0.011303188845650658
2502,0.31313239538698684,20000.0,0.034229432374871624,0.01617073512405913,0.12940276335982173,-0.01617073512405913,0.10972166359391428,-0.012763452729173199
2503,0.0,20000.0,0.03256225701657886,0.011622322797431991,0.4488842414463723,-0.008960228909732384,0.21147043694965167,-0.011622485583340954
2504,0.5281785464909141,20000.0,0.11760604866825815,0.026104417278366765,0.06192060108607281,-0.026104417278366765,0.166605486190578,-0.015967065091848698
2505,0.3081203576506224,20000.0,0.032523064837318025,0.00895993694889081,0.06643153284207243,-0.00884000451457651,0.13655330018602632,-0.01382894691866704
2506,0.08334406905217412,20000.0,0.07853379040524759,0.027090815460939752,0.07805014890654373,-0.027090815460939752,0.11900235480218153,-0.017807507481348853
2507,0.0,20000.0,0.046640406868890254,0.007983645816683368,0.3175220077360632,-0.0068420653154219096,0.17855825068234604,-0.014517874831570769
2508,0.0,20000.0,9.942961995622623e-05,0.003201810924298386,0.30301686172022024,-0.002914826119278714,0.2158958339937083,-0.011036960217883153
2509,0.0,20000.0,0.0,0.006271948500030999,0.46793019301789524,-0.002053581828059194,0.29150614170096434,-0.008341946700935965
2510,1.1649946358656253,20000.0,0.13703595069344437,0.02067936376966416,-0.07425327205220765,-0.02067936376966416,0.18177831757501273,-0.012043171821554424
2511,0.0,19999.538454295092,0.00015212009622740416,0.002841096269078989,0.5069568843465563,0.008312417088201131,0.27933188760647576,-0.005936495148627756
2512,0.0,20000.0,0.07083515858954378,0.005735075258078582,0.42689600750465617,-0.0024115029695278515,0.32360112357592985,-0.004878997494897785
2513,1.3698114950236011,20000.0,0.18373372173507505,0.023860712063727706,-0.17879241072797494,-0.023860712063727706,0.1728830632847584,-0.01057351186554676
2514,0.0,20000.0,0.016064316496089467,0.010492542407558777,0.09050584120407247,-0.010492542407558777,0.1481698966605526,-0.010549221028150365
2515,0.0,20000.0,0.024429769013684585,0.008604623486947084,0.15820252738656004,-0.007524319981332302,0.15117968587835484,-0.009641750714104946
2516,0.0,20000.0,0.0035246193980891156,0.0031434132791435883,0.3389415251106924,0.005421434456746165,0.2075082376480561,-0.005122795162849613
2517,0.0,20000.0,0.02152249161847893,0.017822300089975224,0.09465354638577389,-0.017822300089975224,0.17365183026937142,-0.008932646640987297
2518,0.0,20000.0,0.027901266342294107,0.0085572440256709,0.14418021321215624,-0.008281914751380319,0.16481034515220686,-0.008737427074105204
2519,2.633532497594903,20000.0,0.38904177691580394,0.030470683196534277,-0.3890335257953041,-0.030470683196534277,-0.001342816132046426,-0.015257403910833925
2520,0.0,20000.0,0.09450875975259249,0.024626630051334496,0.088212690356919,-0.024626630051334496,0.025523835814643202,-0.018068171752984096
2521,0.0,20000.0,0.14720563733956693,0.014963392269801095,0.05419088775514879,-0.011940895057027128,0.034123951396794874,-0.016229988744197003
2522,0.0,20000.0,0.02038742921727283,0.0063949378604337545,0.19382642719951637,-0.005806302209141718,0.08203469413761132,-0.013102882783680417
2523,0.0,20000.0,0.13554522810233446,0.027189460484543588,-0.06177989990479766,-0.027189460484543588,0.03889031592488862,-0.017328856093939367
2524,0.0,20000.0,0.022361485650577502,0.02356664234706181,0.10950607734717727,-0.02356664234706181,0.06007504435157521,-0.019200191969876098
2525,0.0,20000.0,0.1184044484984761,0.011867412589399511,0.07805603303217888,-0.011571285122972065,0.06546934095575631,-0.016911519915804887
2526,0.0,20000.0,0.10620554068347456,0.028527775937701484,-0.05387316105815894,-0.028527775937701484,0.02966659035158173,-0.020396396722373866
2527,0.0,20000.0,0.1019577606138967,0.021056230387161506,0.005098634638110239,-0.020998830378901708,0.022296203637540278,-0.020577126819332218
2528,0.0,20000.0,0.02780828654993049,0.010785820332362427,0.08370628541920401,-0.010785265087743858,0.0407192281720394,-0.017639568299855708
2529,0.0,20000.0,0.16888161997221351,0.0094160832128708,0.1739345693044902,-0.009415566925584333,0.08068383051177463,-0.015172367887574294
2530,0.0,20000.0,0.05380523734427107,0.010028589665292922,0.16732622097492583,-0.009971072808059984,0.10667654765071999,-0.01361197936372
2531,0.0,20000.0,0.0,0.003635538733234237,0.4526917916645005,-0.0013117280179590913,0.21048112085485415,-0.009921903959991728
2532,0.0,19999.01140819011,0.0,0.0015355235985068426,0.6104772236882926,0.012183236721014689,0.33047995170488564,-0.0032903617556898027
2533,0.6300202967466797,20000.0,0.19547414551592482,0.01588565747167955,-0.1896943748634188,-0.01587802373150212,0.17442765373439428,-0.007066660348433498
2534,0.0,20000.0,0.12082059925111538,0.007233959724684041,-0.0730655445320011,-0.007178931084967401,0.10017969425447566,-0.007100341569393668
2535,0.0,20000.0,0.16597262303018404,0.028396534735062266,-0.15871851083995545,-0.028396534735062266,0.02251023272614633,-0.013489199519094247
2536,0.0,20000.0,0.013242486640736231,0.007215291007380213,0.23846803328609903,-0.006997322852069167,0.08729757289413213,-0.011541636518986723
2537,0.0,20000.0,0.006822734526706736,0.00613637377550837,0.3212600932850706,-0.0056929675889264295,0.15748632901141368,-0.009787035839968634
2538,0.0,20000.0,0.05878513763995551,0.017064205571161773,-0.0050017894708025085,-0.016696051284703937,0.10873989346674881,-0.011859740473389224
2539,0.0,20000.0,0.2336980238364056,0.018083755884124603,-0.09051861977810233,-0.018083755884124603,0.04896233949329346,-0.013726945096609837
2540,0.0,20000.0,0.051628677107307994,0.00589397351318158,0.15226007530937313,-0.004813849123070323,0.07995166023811737,-0.011053016304547983
2541,0.0,20000.0,0.30804382420709325,0.02554340100977977,0.04676690795300488,-0.02554340100977977,0.06999623455258362,-0.015400131716117519
2542,0.0,19999.96374347173,0.0,0.002225688350854975,0.43059180816948306,0.0044577172648564665,0.17817490663765345,-0.009442777021825324
2543,0.0,20000.0,0.06736133330815104,0.016699241753959645,0.13578433343511861,-0.016699241753959645,0.16545773467689298,-0.01161971644146562
2544,0.21663940396581038,20000.0,0.24249928617343658,0.02709009465685069,-0.2412437543305711,-0.02709009465685069,0.04344728797465376,-0.016260829906081138
2545,0.0,20000.0,0.02874589900182637,0.00986826267264055,0.2156529519673739,-0.008351450396533035,0.0951089871724698,-0.013888016053216707
2546,0.0,19999.86646643023,0.0012982963903005655,0.0026732966236152514,0.20360683593283088,0.005670196678922764,0.1276583418005781,-0.008020552233574865
2547,0.0,20000.0,0.0,0.006337300520592713,0.4844991052358491,-0.004836666496913219,0.2347105708311594,-0.007065386512576371
2548,0.0,20000.0,0.0755945803595504,0.011957174027214973,0.2315279264775926,-0.010807981402981889,0.23375577752508936,-0.008188164979698025
2549,0.0,20000.0,0.07562971058903899,0.02180021047259071,0.0040933703204642366,-0.021259773121785522,0.1648570553637018,-0.012109647422324274
2550,0.5143852934732149,20000.0,0.4004379965537034,0.029074563363688972,-0.2903182942388824,-0.029074563363688972,0.028304450482926527,-0.017199122204733682
2551,0.0,20000.0,0.0013040290419116614,0.004295981414231124,0.4073730119658184,0.001014242342227693,0.14202501892779407,-0.011735112840645268
2552,0.0,20000.0,0.13609105836439686,0.011903118073347343,-0.04429477494088739,-0.01190254428193567,0.08612908076718963,-0.011785342273032387
2553,0.0,20000.0,0.038716583018181996,0.021271870109916796,0.06160463113123303,-0.021271870109916796,0.07877174587640265,-0.01463130062409771
2554,0.0,20000.0,0.0,0.00534014385589161,0.43094049654235844,0.0017033658504489243,0.1844223710761894,-0.009730900681733719
2555,0.0,19999.549592313862,0.0,0.0009273458499689745,0.7365544866362861,0.009278215268287841,0.3500620057442184,-0.00402816589672725
2556,0.0,20000.0,0.20809791014932127,0.017617267361435172,-0.032417542193887726,-0.017596600857453647,0.23531814136278656,-0.008098696384945168
2557,0.0,20000.0,0.04392572224052575,0.01045102906359809,0.22776425272615036,-0.010041433162404271,0.23305197477179568,-0.0086815174181829
2558,0.0,20000.0,0.007970772021911788,0.011883585151219418,0.1868248887966973,-0.011879254048354415,0.21918384897926615,-0.009640838407234353
2559,0.0,20000.0,0.0,0.004428715551601655,0.27556122934121896,-0.00024265511439430432,0.236097063087852,-0.006821383419382337
2560,0.0,20000.0,0.00025744195143635246,0.012708838539852352,0.27181364220494836,-0.012678737122867914,0.24681203682298092,-0.00857858953042801
2561,0.0,20000.0,0.0,0.01205487936568488,0.40296554055756256,-0.011156945744509891,0.2936580879433554,-0.009352096394652573
2562,0.0,20000.0,0.2466266558289139,0.017759820269100564,-0.10749347953016836,-0.01743871594386997,0.17331261770129827,-0.011778082259417792
2563,0.0,20000.0,0.03317968993791477,0.01005147867174511,0.0686964235680159,-0.009780680290156784,0.14192775946131356,-0.01117886166863949
2564,0.0,20000.0,0.0,0.0031221659345773353,0.3760220847691584,0.0013253234334991986,0.212156057053667,-0.007427606137997883
2565,0.0,20000.0,0.25855484444181687,0.010034920897146927,-0.18580670707603694,-0.010034920897146927,0.09276722781475583,-0.008209800565742595
2566,0.0,20000.0,0.19130135840723103,0.016190095260620336,-0.08153182356442351,-0.016190095260620336,0.040477512401002017,-0.010603888974205916
2567,0.0,20000.0,0.14117962973665266,0.021174466451625892,0.11415611716459664,-0.021174466451625892,0.0625810938300804,-0.013775062217431907
2568,0.0,20000.0,0.12282214115608169,0.016980744573470527,-0.09656958299561036,-0.016854625105190712,0.01483589078237317,-0.014698931083759546
2569,0.0,20000.0,0.015746592404385685,0.009650828015442283,0.2870700412635375,-0.00908904333703566,0.09650613592672247,-0.013015964759742378
2570,0.0,20000.0,0.043517517831136485,0.004560199310472943,0.19702588428863155,-0.0036925872289989207,0.12666206043529518,-0.010218951500519342
2571,0.0,20000.0,0.0008277305324198206,0.009127238850543812,0.21583950998669227,-0.008945388059778146,0.1534152953007143,-0.009836882468296983
2572,0.0,20000.0,0.07740732104841626,0.011602854482237216,0.2998533230822106,-0.011602675429412334,0.19734670363516316,-0.010366620356631587
2573,0.0,20000.0,0.13572517983500487,0.016888665709405497,0.00664270567053464,-0.016888665709405497,0.1401355042457746,-0.01232323396246376
2574,0.0,20000.0,0.0025263791899821303,0.020197425102861575,0.2620724232242553,-0.020197425102861575,0.17671657993931877,-0.014685491304583104
2575,0.0,20000.0,0.015016398122267082,0.004580894713175792,0.19164783613125105,-0.0023235799921924724,0.18119595679689846,-0.010976917910865915
2576,0.0,20000.0,0.12107602817871872,0.017640607896452953,0.11139063780683175,-0.017640607896452953,0.16025436109987845,-0.012976024906542025
2577,0.0,20000.0,0.26542388845958864,0.029624777865299663,-0.21269318347422572,-0.029624777865299663,0.04837009772764719,-0.017970650794169315
2578,0.0,20000.0,0.1656563245122809,0.03153564213413703,-0.1524519499691712,-0.03153564213413703,-0.011876516581398329,-0.022040148196159626
2579,0.0,20000.0,0.31936952139345304,0.02482808766158037,-0.22378831477754416,-0.02482808766158037,-0.07545005604024208,-0.022876530035785846
2580,0.0,19999.580969537456,0.0,0.0012298934452369733,0.37081882954163514,0.003261395424291194,0.05843060963432109,-0.015035152397762734
2581,0.0,20000.0,0.03181452905255707,0.009598696645128845,0.19163692946046834,-0.0070009754750796575,0.09839250558216527,-0.01262489932095781
2582,0.0,20000.0,0.0366893945303345,0.019003742024122937,0.060248393802525516,-0.019003742024122937,0.08694927204827334,-0.01453855213190735
2583,0.0,20000.0,0.06302932045575366,0.015415569588945629,0.08078005199571271,-0.015415569588945629,0.08509850603250514,-0.014801657369018832
2584,0.0,20000.0,0.06275337395809695,0.01654345133561936,0.14113813589099689,-0.016083598217877134,0.10191039499005267,-0.015186239623676321
2585,0.0,20000.0,0.19952742267383128,0.01144354243900605,-0.16000276731221016,-0.009977701036913048,0.02333644629937382,-0.013623678047647338
2586,0.0,19998.451207828217,0.0,0.0010814122282253717,0.6528772769708758,0.01365022802591127,0.21219869550082443,-0.005441506225579756
2587,0.0,20000.0,0.19225887372048517,0.015497438542612731,-0.1098630733694625,-0.015497438542612731,0.11558016483973835,-0.008458285920689647
2588,0.0,20000.0,0.22331313835601402,0.004889182203832511,-0.1572472565612009,-0.00480965739701421,0.03373193841945657,-0.007363697363587015
2589,0.0,20000.0,0.3203723882787262,0.023037909688994742,-0.18227078038188949,-0.023037909688994742,-0.03106887722094725,-0.012065961061209333
2590,0.0,19998.71826618437,0.0,0.0014432742533923325,0.5715859430625757,0.012858889152353148,0.14972756886410965,-0.0045885059971405885
2591,0.0,20000.0,0.060830062458919656,0.010748564341946912,0.19567543555181308,-0.01045998390849894,0.16351192887042065,-0.006349949370548094
2592,0.0,20000.0,0.0024718208961224046,0.008111906097163914,0.31587124935433913,-0.0071867414129254,0.2092197250155962,-0.006600986983261285
2593,0.0,20000.0,0.0,0.0018973741708458076,0.46940718327463415,0.0054705193061586575,0.28727596249330756,-0.0029795350964353026
2594,0.0,20000.0,0.0,0.004307297664207424,0.4293083010891529,0.006107354509593062,0.3298856640720611,-0.0002534682146267931
2595,0.0,20000.0,0.01141695152498479,0.002866256438218258,0.29131368441082456,-0.0020710067380190294,0.3183140701736901,-0.000798729771644464
2596,0.0,20000.0,0.0012995309138262724,0.009255498940704286,0.5061193292725339,-0.006211881359129207,0.3746556479033432,-0.002422675247889887
2597,0.0,20000.0,0.31010226417653247,0.018127599674027828,0.04767754314208429,-0.018127599674027828,0.27656221647496554,-0.007134152575731269
2598,0.0,20000.0,0.056723454621627305,0.00884994237401215,0.23504123296114085,-0.007698489314480819,0.2641059214208181,-0.007303453597356134
2599,0.0,20000.0,0.26658402620182553,0.023603707535459734,-0.04799414271155999,-0.023603707535459734,0.17047590218110467,-0.012193529778787213
2600,0.0,20000.0,0.15035661643459294,0.0113341245157711,0.05087628034814365,-0.010009984155021663,0.13459601563121634,-0.011538466091657547
2601,0.0,20000.0,0.07418958268731281,0.012430610116959725,0.025469828876018497,-0.012430610116959725,0.101858159604657,-0.0118061092992482
2602,0.0,20000.0,0.10019343523351336,0.02672032344222045,0.0670329845921545,-0.02672032344222045,0.09141060710090623,-0.016280373542139872
2603,0.0,20000.0,0.21051169801534259,0.01261831961567693,-0.04978098287209971,-0.012616595840641023,0.04905313010900445,-0.015181240231690216
2604,0.0,20000.0,0.21148758785346408,0.011232145527961212,-0.10381779395306813,-0.007384786170967598,0.003191852890382676,-0.01284230401347343
2605,0.0,20000.0,0.11929233785429506,0.011811280854945184,-0.1150015700193429,-0.011436748024800691,-0.032266173982535,-0.012420637216871607
2606,0.0,20000.0,0.0,0.003008634043372674,0.3354737184812171,-0.0017257067538728158,0.07805579375659064,-0.00921215807797197
2607,0.0,20000.0,0.009262044403731908,0.006981449737882641,0.20645260360837756,-0.0051457881947526525,0.1165748367121267,-0.007992247113006175
2608,0.0,20000.0,0.047332483189107946,0.015604188901366063,0.3682155589903291,-0.01537950402935769,0.1920670533955874,-0.010208424187911628
2609,0.0,20000.0,0.08634888856802062,0.0015874447968126102,0.1603778638912261,0.0024179187370184244,0.18256029654427902,-0.006420521310432611
2610,0.0,20000.0,0.11877603895651448,0.009386084083035994,0.17265327299076694,-0.008362860955545238,0.17958818947822539,-0.007003223203966399
2611,0.24941178955204046,20000.0,0.18382391079338573,0.024689390057160854,-0.1706287209605621,-0.024689390057160854,0.07452311634658913,-0.012309073259924735
2612,0.1425134403676478,20000.0,0.22011770822204427,0.02260753192907716,-0.20093822278097845,-0.022485701859116792,-0.008115285391681139,-0.015362061839682351
2613,0.0,19999.26515555661,0.0,0.0013014521848532979,0.34675817972976736,0.008355681182808848,0.09834675414475341,-0.008246738932934991
2614,0.0,20000.0,0.1775082523918574,0.012898330278888986,-0.15284996486532154,-0.012898330278888986,0.022987738441730916,-0.00964221633672119
2615,0.0,20000.0,0.08597463825187725,0.009179953788808865,0.03549724057411911,-0.00917622867316254,0.026740589081447372,-0.009502420037653593
2616,0.0,20000.0,0.12337405301969256,0.027369273985389454,-0.08947414321271474,-0.027369273985389454,-0.008123830606801264,-0.01486247622197435
2617,0.0,20000.0,0.0,0.004180561154398514,0.539295040016524,-0.0012895890784092802,0.15610183058019628,-0.01079061007890483
2618,0.0,20000.0,0.15198372115286665,0.008455065524978283,-0.009824424908790977,-0.006940747903185652,0.1063239539335001,-0.009635651426189076
2619,0.0,20000.0,9.500103142286139e-05,0.012947339883697492,0.22767111615809282,-0.012334342735827309,0.1427281026008779,-0.010445258819080545
2620,0.0,20000.0,0.05277963980299744,0.011149133288492959,0.07591086684985504,-0.011020590836690068,0.12268293187557104,-0.010617858424363401
2621,0.0,20000.0,0.025247491024852697,0.013603141012122759,0.25852132237605424,-0.011999840821004363,0.163434449025716,-0.01103245314335569
2622,0.0,20000.0,0.0023931480127623948,0.0031107833722968633,0.3175461987018179,0.0017190969171703742,0.20966797392854652,-0.0072069881251978695
2623,0.0,20000.0,0.028312034404503295,0.006822711933965431,0.21752456457203823,-0.00038449378821446935,0.21202495112159403,-0.00516023982410285
2624,0.0,20000.0,0.0,0.00153486377266436,0.569773622550017,0.006426782418658161,0.3193495525501209,-0.0016841331512745465
2625,0.0,20000.0,0.19906221238414815,0.026481656761530498,-0.017092278616392592,-0.026481656761530498,0.21841700320016683,-0.00912339023435133
2626,0.0,20000.0,0.06547634334184634,0.01082252388120793,-0.0056791650615266465,-0.009158322268919144,0.15118815272165875,-0.009133869844721674
2627,0.0,20000.0,4.9785657578673796e-05,0.02057359159417889,0.2484605661447618,-0.02057359159417889,0.18036987674858967,-0.012565786369558837
2628,0.0,20000.0,0.12960954987880569,0.009898855228734543,0.002884149042493847,-0.009513173765314208,0.12712415843676092,-0.011650002588285448
2629,0.0,20000.0,0.0,0.005994229139498364,0.324653913217182,-0.003772116486580213,0.18638308487088723,-0.009286636757773878
2630,0.0,20000.0,0.028970562960466333,0.02123425891384763,0.13212901338220182,-0.021075608610366597,0.1701068634242816,-0.012823328313551693
2631,0.0,20000.0,0.04731424222693233,0.0066139923899493054,0.21036327030622806,-0.002940282661471143,0.18218378548886555,-0.009858414617927528
2632,0.0,20000.0,0.0,0.0027303484384418393,0.35889027655313543,0.00218939467093461,0.2351957328081465,-0.006244071831268886
2633,0.0,20000.0,0.032245720548841596,0.0019292866691505415,0.14154040252030756,0.004610969069442352,0.2070991337217948,-0.0029875595610555136
2634,0.0,20000.0,0.1514284966655261,0.006406297259870711,0.08056077174624685,-0.006250976038624205,0.1691376251291304,-0.00396658450432612
2635,0.0,20000.0,0.00012809561823393342,0.008925574698820733,0.5796667164891893,-0.008011991132987242,0.2922963525371481,-0.005180206492924457
2636,0.0,20000.0,0.007598792391585164,0.012658336576617824,0.09498505605085993,-0.012658336576617824,0.23310296359126162,-0.007423645518032467
2637,0.0,19999.05087133274,0.0,0.0009789465565558648,0.671791785579461,0.013074334125056222,0.3647096101877214,-0.00127425162510586
2638,0.0,20000.0,0.12101793893129709,0.010465819068774168,0.026043340694865334,-0.009487125274019665,0.2631097293398646,-0.0037381137197800016
2639,0.0,19997.927281532477,0.0,0.0006039383521348473,0.8042489511004075,0.013309358521833802,0.42545149586802744,0.0013761279527041395
2640,0.0,20000.0,0.052689100521487925,0.014833898148674583,0.04947622101453029,-0.014753453678809989,0.31265891341197827,-0.003462746536750099
2641,0.4282792157013393,20000.0,0.21958803597348475,0.02427843604126253,-0.20908129866751032,-0.02427843604126253,0.1561368497881317,-0.009707453388103826
2642,0.0,20000.0,0.16319205626658007,0.018896527337037086,0.09253494345367012,-0.018785488815344236,0.1370562778877932,-0.01243086401627595
2643,0.0,20000.0,0.010545435528463461,0.009022284604859728,0.3679174335768715,-0.008971613853600678,0.2063146245945167,-0.011393088967473368
2644,0.0,19999.439592570663,0.004762248066195933,0.0035245952952960807,0.158919724555859,0.0015054193106999337,0.19209615458291937,-0.007523536484021377
2645,0.0,20000.0,0.11381410673750703,0.02117558140115067,-0.04379464821747539,-0.021159379732674722,0.12132891374280094,-0.01161428945861738
2646,0.0,20000.0,0.0,0.010303060406884973,0.3823556956089341,-0.009053619324566546,0.1996369483026409,-0.01084608841840213
2647,0.0,20000.0,0.0844552033596054,0.029466690871788697,-0.03176855780815627,-0.029466690871788697,0.13021529646940172,-0.0164322691544181
2648,0.0,20000.0,0.19708712892839694,0.013763757403073095,-0.1766216203711138,-0.013763183611661423,0.03816422141724706,-0.015631543491591095
2649,0.0,20000.0,0.0041676701785307285,0.006898650347733653,0.27687417179094104,-0.004845502522495921,0.10977720652935524,-0.012395731200862542
2650,0.0,20000.0,0.0,0.007983017273062613,0.38531648700174426,-0.005627005478929056,0.19243899067107195,-0.010365113484282497
2651,0.07075280244568471,20000.0,0.2229827064303039,0.019238647985129066,-0.22278721841284035,-0.019236184170379488,0.06787112794589825,-0.013026434690111593
2652,0.0,20000.0,0.07010944969163299,0.018370179328222058,0.04508882505105316,-0.018370179328222058,0.061036437077444716,-0.01462955808154473
2653,0.0,19999.92160461091,0.00012809561823393342,0.00608325370966152,0.5240804916289371,-0.0026108560746855077,0.19994965344289242,-0.011023947479486962
2654,0.0,20000.0,0.13366875690056954,0.006452013850068182,0.10533848623573519,-0.00488442765018802,0.17156630328074524,-0.00918209153069728
2655,0.0,20000.0,0.006736982033814256,0.014182985932980027,0.20569761579818185,-0.013922735151672848,0.1818056970359762,-0.010604284616989949
2656,0.0,20000.0,0.06672774040312626,0.018660692870356196,0.08376844611811377,-0.018660692870356196,0.15239452176061746,-0.013021207092999823
2657,0.0,20000.0,0.00012809561823393342,0.01478116745433125,0.3747821499053083,-0.01288124093544716,0.2191108102040247,-0.012979217245734023
2658,0.0,19999.405665307077,0.0,0.0059573752690813,0.4517072372146392,0.0009889582069669014,0.288889738307209,-0.008788764609923746
2659,0.0,20000.0,0.09276285496542443,0.019601590932123655,-0.022960464477630012,-0.01905471224441043,0.19533467747175728,-0.01186854890026975
2660,0.0,20000.0,0.08489670776483672,0.017800663417304307,0.15061032339785815,-0.016818016279673973,0.18191737124958754,-0.013353389114091018
2661,0.0,20000.0,0.19820532355840254,0.023405174112161444,0.06484653588019372,-0.023405174112161444,0.14679612063876937,-0.016368924613512144
2662,0.0,20000.0,0.1143908477488996,0.024401131981881277,0.02087429996100372,-0.02438511827436522,0.10901957443543966,-0.018773782711768064
2663,0.0,20000.0,0.023076710472558232,0.0106547079553726,0.18118800642409214,-0.009658997277697815,0.13067010403203538,-0.016039347081546987
2664,0.0,19998.017300137057,0.0,0.00230217016557968,0.550104551257936,0.00734204033561445,0.25650043819980556,-0.009024930856398557
2665,0.0,20000.0,0.0030703079839503543,0.005172830923678989,0.35888254880542125,-0.0007022712601428791,0.2872150713814903,-0.006528132977521852
2666,0.0,20000.0,0.03466062857803817,0.006894664294281216,0.026337587540001917,-0.006162004901373795,0.20895182622904376,-0.006418294554677435
2667,0.0,20000.0,0.21295721034060328,0.024063436202513097,-0.18335308000243988,-0.024063436202513097,0.09126035435959867,-0.011711837049028131
2668,0.0,20000.0,0.1399208259711502,0.016004792462850893,0.19868911741833367,-0.01600397202677271,0.12348898327721916,-0.012999477542351506
2669,0.0,19999.259242768472,0.0,0.004265924519008443,0.49578434468800553,0.0017934121784908884,0.23517759170045505,-0.008561610626098786
2670,0.0,20000.0,0.10097855496748351,0.0068729908363593965,0.02896766073770345,-0.005585985402694714,0.17331461241162957,-0.007668923059077564
2671,0.0,20000.0,0.0,0.007316026021561733,0.6145044269923119,-0.0030941509210311584,0.30567155678583424,-0.006296491417663642
2672,0.0,20000.0,0.0,0.00538394786580781,0.2768710363476163,-0.0031347929602207635,0.29703140065436884,-0.005347981880430778
2673,0.0,20000.0,0.2107341382202392,0.013208241210845396,-0.00930993894221315,-0.013208241210845396,0.20512899877539423,-0.007706059679555163
2674,0.0,20000.0,0.00022139245107931973,0.01722105558990049,0.2809981503769559,-0.01722105558990049,0.22788974425586273,-0.01056055845265876
2675,0.0,20000.0,0.1753928395148781,0.02838586400435777,0.04635717981595101,-0.02838586400435777,0.1734299749238892,-0.015908150118168464
2676,0.0,20000.0,0.15136987564871934,0.023913604789409744,-0.0355448261769757,-0.023913604789409744,0.11073753459362971,-0.018309786519540846
2677,0.0,19999.149942443637,0.0,0.006804823199822582,0.552870510071222,4.049888216470049e-05,0.24337742723690736,-0.012804700899029181
2678,0.0,20000.0,0.08778027686522027,0.020941426472115256,0.021273217594162345,-0.020941426472115256,0.17674616434408383,-0.015245718570955004
2679,0.0,20000.0,0.03561098629471236,0.016358905889651432,0.13952690311208724,-0.016358905889651432,0.16558038597448485,-0.015579674766563932
2680,0.0,19999.536153623478,0.00256649267708296,0.003404254853451535,0.22825561194546676,-0.0008917357822939052,0.1843829537657794,-0.011173293071282923
2681,0.0,20000.0,0.14652316640432572,0.016135394333741206,0.13908733352249666,-0.016135394333741206,0.1707942676927946,-0.012661923450020408
2682,0.0,20000.0,0.06955929127335767,0.013772240533067356,0.22971106613989334,-0.012080376256615124,0.1884693072269242,-0.01248745929199882
2683,0.0,20000.0,0.10099836681583262,0.026799968949088256,0.11835118269755966,-0.026799968949088256,0.16743386986811482,-0.01678121218912565
2684,0.0,20000.0,0.15160092825851743,0.011922402642874386,0.1391435408782299,-0.01106605721981275,0.15894677117114933,-0.01506666569833178
2685,0.0,20000.0,0.10805294857579084,0.011302514594980216,0.048277575690514614,-0.006719950310947061,0.1257460125269589,-0.012562651082116363
2686,0.0,20000.0,0.050766487235695865,0.016538228071902156,0.14672550018965425,-0.01589578967345906,0.13203985882576752,-0.013562592659519172
2687,0.0,20000.0,0.02391850859221197,0.012705825472666474,0.141518596751768,-0.012388282644542618,0.13488348020356766,-0.013210299655026205
2688,0.0,20000.0,0.20660752382457057,0.03358867826555304,-0.20175529289432767,-0.03358867826555304,0.033891848274199055,-0.019323813238184256
2689,0.0,20000.0,0.2745073940432059,0.029185885893480177,-0.20320952836598372,-0.029147584280573395,-0.03723856471785578,-0.022270944550901
2690,0.0,20000.0,0.04759641017863402,0.017559598836866062,0.03443699100081412,-0.017350498332364152,-0.015735898002254806,-0.02079481068533994
2691,0.0,20000.0,0.05169195627599855,0.018950568234538324,0.015092307571189876,-0.018950568234538324,-0.0064874363302214,-0.020241537950099454
2692,0.0,19998.310695784607,0.0,0.001274419890440071,0.498597680173098,0.0038444241298641922,0.14503809862077444,-0.01301574932611036
2693,0.0,20000.0,0.009046210757299389,0.008315125402309054,0.4337207516832479,-0.006231167474510013,0.23164289453951648,-0.010980374770630255
2694,0.0,20000.0,0.19095071059434424,0.02555387847100025,-0.1583352721984516,-0.02555387847100025,0.11464944451812606,-0.015352425880741254
2695,0.0,20000.0,0.0020603678372799476,0.011311016745486353,0.28467101385924876,-0.011309962397845453,0.16565591532046287,-0.014139686835872512
2696,0.0,20000.0,0.2643725935826427,0.019635237352330838,-0.09578109131648456,-0.019635237352330838,0.08722481332937862,-0.01578835199081001
2697,0.0,20000.0,0.011689538152172173,0.010026079320042207,0.19014699952398562,-0.009456165327114165,0.11810146918776071,-0.013888695991701255
2698,0.0,20000.0,0.0,0.003989141851831234,0.4038783384589987,-0.003228561404882011,0.2038345299691321,-0.010690655615655482
2699,0.0,20000.0,0.06312494494987211,0.005993642499966254,-0.009354506806248305,-0.005965631481436365,0.13987781893651796,-0.009273148375389745
2700,0.0,20000.0,0.0025622923163736372,0.005088009302744301,0.42305294827991247,-0.0014884450922912247,0.2248303577395363,-0.006937737390460189
2701,0.0,19999.546908436976,0.0,0.004660519424976671,0.4366954681727312,0.002889376309865991,0.28838989086949474,-0.0039896032803623345
2702,0.0,20000.0,0.07554412000718373,0.01179482228458846,0.03472420479735811,-0.011753709664850289,0.21229018504785374,-0.00631883519570872
2703,0.0,20000.0,0.0015669258503423263,0.009455900897980877,0.34827667997612066,-0.008889279308598681,0.2530861335263338,-0.007089968429575708
2704,0.0,19999.173770316465,0.0,0.0036174163010020363,0.5950550643198871,0.004894707628660417,0.3556768127643998,-0.00349456561210487
2705,0.0,20000.0,0.08250075729292339,0.015885927677017513,0.26858474496190415,-0.015123552536040627,0.3295491924236511,-0.006983261689285597
2706,0.0,20000.0,0.06554948108581372,0.01618206643871046,-0.026987154974681335,-0.015843205909918365,0.22258828820415136,-0.009641244955475426
2707,0.0,19999.973863990683,0.009006499287007879,0.004706648122796382,0.2116020098678229,-0.0006841579062788403,0.21929240470325279,-0.00695411884071645
2708,0.0,20000.0,0.011637851337393753,0.004632622676284154,0.2317258597323707,-0.004224212821321837,0.22302244121198814,-0.006135147034898066
2709,0.0,20000.0,0.0277021712480756,0.014139642977249251,0.1178623156815796,-0.013480982123621418,0.19147440355286555,-0.00833889756151507
2710,0.0,20000.0,0.09048208688274274,0.02601692164506187,-0.06972878268634057,-0.02601692164506187,0.11311344768110371,-0.013642304786579108
2711,0.0,20000.0,0.12896249284263642,0.014669902453595883,0.0029847822379399616,-0.01409312765424172,0.08007484804815458,-0.01377755164687789
2712,0.0,19999.228508422806,0.009317400079833718,0.006380691418508351,0.5375481452971588,0.0016183478301828307,0.21731683722285583,-0.009158781803759675
2713,0.0,19998.379558549135,0.0,0.0032795438024181265,0.6645884826055775,0.008387522614185171,0.35149833083767235,-0.003894890478376221
2714,0.0,20000.0,0.05902350781770532,0.018392068133876168,0.3469229189310002,-0.018392068133876168,0.35012570726567066,-0.008244043775026206
2715,0.0,20000.0,0.0,0.008388078509330772,0.35264500216691635,-0.004606276689883866,0.3508814957360444,-0.007152713649483503
2716,0.0,20000.0,3.867622823394803e-05,0.011576426236047824,0.3184540190059836,-0.00936124432406441,0.3411532527170261,-0.007815272851857775
2717,0.0,20000.0,0.1108422335512032,0.015317076173418718,-0.045630285257083195,-0.015215485055728954,0.22511819132479333,-0.01003533651301913
2718,0.0,19997.89274776767,0.005248189345750475,0.0025729922201110675,0.3868902982197354,0.01070244708486943,0.2736498233932759,-0.0038140014336525614
2719,0.0,20000.0,0.1302904114317954,0.014624963638863979,0.10664438819936714,-0.01344434493035815,0.2235481928351033,-0.006703104482664238
2720,0.0,19999.844485226844,0.0,0.005960409092762859,0.5487178160413203,0.001340453214053306,0.3210990797969684,-0.0042900371736489746
2721,0.0,20000.0,0.07923748924270656,0.022452807933501833,-0.05844318735063628,-0.022452807933501833,0.20723639965268698,-0.009738868401604832
2722,0.0,20000.0,0.18218175247592552,0.019379680437029166,0.03164671681631703,-0.019362972123178127,0.15455949480177597,-0.01262609951807682
2723,0.0,20000.0,0.08721341785639647,0.008106972468679864,0.07085691908663007,-0.0022535885467172105,0.12944872208723218,-0.009514346226668937
2724,0.0,20000.0,0.0014150542528459792,0.009007503991549376,0.5405161973225088,-0.005684101858343383,0.2527689646578152,-0.00836527291617127
2725,0.0,19998.606331103245,0.0,0.0037208001541835546,0.7034617303025318,0.007480345708064518,0.3879767943512301,-0.003611587328900534
2726,0.0,20000.0,0.0012189750100433461,0.010514523477895573,0.23581728640621966,-0.007769207128873028,0.34232894196772695,-0.004858873268892281
2727,0.0,20000.0,0.09382172073947052,0.01528698123735931,-0.013070915892788285,-0.014694848796363904,0.23570898460957235,-0.007809665927133768
2728,0.0,20000.0,0.13566609203010999,0.018135951803594445,-0.023229747917880288,-0.016132861855792758,0.15802736485133653,-0.010306624705731465
2729,0.0,20000.0,0.024317844385309012,0.01291285197889177,0.1283013545584359,-0.012868162348537491,0.14910956176346632,-0.011075085998573273
2730,0.0,19999.625905039196,0.0036935603477477983,0.00246393586135646,0.30322685635682534,0.0006116846939342213,0.195344750141474,-0.0075690547908210245
2731,0.0,20000.0,0.006374162456829454,0.00947367853141524,0.2597660159205036,-0.007381760122209428,0.2146711298751829,-0.007512866390237545
2732,0.0,20000.0,0.02505205780648872,0.011740996437324224,0.22047707040489575,-0.010850923191139188,0.21641291203409674,-0.008514283430508038
2733,0.0,20000.0,0.016069783761808426,0.0171964866388359,0.09459296529741242,-0.0171964866388359,0.17986692801309143,-0.011118944393006397
2734,0.0,20000.0,0.07392636994406451,0.014540101128038175,-0.023182974361307496,-0.014540101128038175,0.11895195730077174,-0.012145291413515929
2735,0.0,20000.0,0.08943036778006264,0.0118699108737257,-0.02130985899510835,-0.011048008210711896,0.07687341241200771,-0.011816106452674719
2736,0.0,20000.0,0.07808686953202516,0.01059519882840573,0.24469985203906686,-0.010594625036994057,0.12722134430012544,-0.01144966202797052
2737,0.0,20000.0,0.03854091867593987,0.009520754486128458,0.3574809262901415,-0.0018923156587392304,0.19629921889713026,-0.008582458117201132
2738,0.0,20000.0,0.0,0.010218412343227738,0.33800045969266357,-0.008204459926838397,0.23880959113579026,-0.00846905866009231
2739,0.0,20000.0,0.0,0.004532380947679994,0.30185286755984087,-0.0044080648014049205,0.2577225740630054,-0.007250760502486093
2740,0.0,20000.0,0.020094621906704174,0.005716095644243793,0.11870118102111803,-0.0043602210167818164,0.2160161561504392,-0.006383598656774809
2741,0.0,20000.0,0.08097249240310836,0.005811944643570395,0.03765741398429011,-0.0033545570873699747,0.16250853350059447,-0.005474886185953359
2742,0.0,20000.0,0.014951533691708018,0.007888355892805659,0.2520503469632652,-0.007312932709946894,0.1893710775393957,-0.00602630014315142
2743,0.0,20000.0,0.1858315704793652,0.031060767290489396,-0.1365480049851379,-0.031060767290489396,0.0915953527820356,-0.013536640287352813
2744,0.0,20000.0,0.1710145200974779,0.01231399005780759,-0.009015228375690635,-0.01231399005780759,0.061412178434717725,-0.013169845218489245
2745,0.0,20000.0,0.020570737158340194,0.008300316982730527,0.20296064404367245,-0.007915898837349456,0.10387671811740413,-0.011593661304147308
2746,0.0,20000.0,0.020037417047194864,0.007128550929668793,0.28920651238342304,-0.003306885662530612,0.1594756563972098,-0.009107628611662298
2747,0.0,19999.361573659622,0.0070452417233667994,0.003733781657378523,0.2694027079741162,0.002954617863522939,0.1924537718702817,-0.005488954669106727
2748,0.3293670795053476,20000.0,0.22716572943619834,0.024481194611043346,-0.21848118030296984,-0.02447947083600744,0.06917328621830625,-0.01118610951917694
2749,0.0,20000.0,0.03642066321336284,0.007931299645145594,0.3381142904267137,-0.005299144423405467,0.14985558748082847,-0.009420019990445498
2750,0.0,20000.0,0.019494046978817566,0.009461355602667606,0.21353432648308562,-0.007647224616012225,0.1689592091815056,-0.008888181378115517
2751,0.0,20000.0,0.1688251884241817,0.011357222750132366,0.01883820005769898,-0.009882578259510067,0.1239229064443636,-0.009186500442533881
2752,0.0,20000.0,0.06440808651057175,0.006873079090595042,0.21889288202113494,-0.0027287922565709926,0.152413899117395,-0.0072491879867450145
2753,0.0,19999.86061064412,0.002657412179035891,0.004059031316780647,0.19949385414032111,0.0010081637829462474,0.16653788562427282,-0.004771982455837636
2754,0.0,20000.0,0.00026730066581259277,0.008026312738345288,0.36912375761237065,-0.005174710553128901,0.2273136472207022,-0.004892800885025015
2755,0.0,20000.0,0.19557001830934864,0.02011089889843073,-0.11097031303101196,-0.02011089889843073,0.12582845914518792,-0.009458230289046729
2756,0.0,20000.0,0.028148258432656496,0.017952950969503112,0.09837151758790932,-0.017952950969503112,0.11759137667800433,-0.012006646493183643
2757,0.0,20000.0,0.04117745053231047,0.03573933528289216,0.06717530154372274,-0.03573933528289216,0.10246655413771985,-0.019126453130096196
2758,0.0,20000.0,0.20878939416310174,0.013126837326557114,-0.059733519919700204,-0.012411234416120931,0.053806531920493825,-0.017111887515903614
2759,0.0,20000.0,0.037771151990724,0.0080957238775796,0.14209067234107725,-0.008006612432166688,0.08029177404666885,-0.014380304990782536
2760,0.0,20000.0,0.1101994354840703,0.012357033887884476,0.2262655348400663,-0.012357033887884476,0.12408390228468807,-0.013773323659913118
2761,0.0,20000.0,0.11836117767680582,0.02029070186014599,-0.07885221649397062,-0.020278783735919643,0.06320306665109046,-0.015724961682715075
2762,0.0,20000.0,0.04105810815783707,0.019191756208313402,0.10944368668617913,-0.019191756208313402,0.07707525266161705,-0.016765000040394572
2763,0.0,19999.832206979227,1.2103313887342282e-05,0.009191109534042464,0.3515961193602403,-0.0030632878803805354,0.15943151267120403,-0.012654486392390361
2764,0.0,20000.0,0.009221275345212275,0.019235138226178894,0.47073938038085505,-0.018935036817264935,0.25282387298409936,-0.014538651519852733
2765,0.0,20000.0,0.09915831846539687,0.019667318625717335,0.05388249805029233,-0.019637187077227024,0.19314146050395722,-0.016068212187065018
2766,0.0,20000.0,0.027000745163498582,0.005472796501593453,0.12595317870923933,-0.004750779299789099,0.17298497596554183,-0.012672982320882242
2767,0.0,20000.0,0.1461818108483258,0.02043283714656,0.028005773226647906,-0.020058836099688036,0.12949121514387363,-0.01488873845452398
2768,0.0,19999.876884732537,0.0,0.004558296060716459,0.31749106340454714,-0.002477603582811524,0.1858911696220757,-0.011165397993010242
2769,0.0,20000.0,0.024674782052277803,0.014789388470545608,0.4211715773105673,-0.014677234538152185,0.2564752919286232,-0.012218948956552823
2770,0.0,20000.0,0.0400716016780284,0.015287462118624492,0.40205267744901335,-0.013288413259740768,0.3001485075847402,-0.012539788247509205
2771,0.0,20000.0,0.0,0.007920506839445106,0.38349210408578377,-0.0054237730421119405,0.32515158653505327,-0.010404983685890025
2772,0.0,20000.0,0.14834464315358709,0.022171276615181205,-0.06172544301528314,-0.02211501539601803,0.20908847766995234,-0.013917993198928426
2773,0.0,20000.0,0.1334533685694363,0.01408671951708902,-0.0915667282176368,-0.014021731562390425,0.1188919159036756,-0.013949114707967024
2774,0.0,20000.0,0.15975820939097535,0.037130965086893564,-0.111046959104285,-0.037130965086893564,0.04991025340128741,-0.020903669821644988
2775,0.0,20000.0,0.007883882906581171,0.012632960934415646,0.08094952272327234,-0.01220738198980197,0.059222034197882883,-0.01829478347209208
2776,0.0,20000.0,0.06460056553967439,0.012269757984612216,0.08403406171957432,-0.01220778083902397,0.06666564245439031,-0.016468682682171644
2777,0.0,20000.0,0.13775397714637136,0.023511728070814374,0.03822175033656004,-0.0234769291559149,0.05813247481904123,-0.01857115662429462
2778,0.0,20000.0,0.08732340816647295,0.01646027179728769,0.10933607012863764,-0.01570217046816202,0.07349355341192015,-0.01771046077745484
2779,0.0,19999.847156347303,0.09311456039726297,0.00691981580818595,-0.03751684436500195,-0.0035665446972780574,0.04019043407884352,-0.013467285953401804
2780,0.0,20000.0,0.2808411300782815,0.019922117002178285,-0.21479321134358717,-0.01987639057474006,-0.036304659547885684,-0.01539001733980328
2781,0.0,20000.0,0.2249960130904934,0.015946692815989656,-0.07386688739274928,-0.01593461875396682,-0.04757332790134476,-0.01555339776405234
2782,0.0,19999.132324851784,0.0,0.0018894056670010462,0.3528467421699076,0.0013634360615701324,0.07255269312003093,-0.010478347616365598
2783,0.0,19999.52980236623,0.0,0.0024350338269507254,0.517020221515735,0.001410805491410191,0.20589295163874216,-0.006911601684032861
2784,0.0,20000.0,0.0,0.005228577078808693,0.41510422646429124,-0.0044029108535313085,0.2686563340864069,-0.006158994434882395
2785,2.114768886939273,20000.0,0.3778885155573737,0.027484707017076018,-0.3778885155573737,-0.027484707017076018,0.0746928791932727,-0.012556708209540482
2786,0.0,20000.0,0.12256839057431015,0.018827131019050723,0.0647792730899423,-0.01768833674729912,0.07171879736227357,-0.014096196770868073
2787,0.0,20000.0,0.12709798158740537,0.013704675082614134,0.1126758553162987,-0.013581711841249986,0.0840059147484811,-0.013941851291982645
2788,0.0,20000.0,0.05000011638485618,0.009132617895443012,0.01691760882664532,-0.006880064512465285,0.06387942297193036,-0.011823315258127435
2789,0.0,20000.0,0.13912093271201736,0.010969402648425367,0.0401278776325805,-0.010969402648425367,0.0567539593701254,-0.011567141475216815
2790,0.0,20000.0,0.0002878107827655219,0.02081288857070697,0.3044233865395273,-0.02081288857070697,0.13105478752094596,-0.014340865603863861
2791,0.0,20000.0,0.08406589244608195,0.008466098522947838,0.020275784405150987,-0.008157570873014618,0.09782108658620746,-0.012485877184609088
2792,0.0,20000.0,0.1897400607874634,0.03082919574314332,-0.056332454530746624,-0.03082919574314332,0.05157502425112123,-0.017988872752169358
2793,0.0,20000.0,0.12466023723334002,0.016840117434169907,0.11909225505038562,-0.016840117434169907,0.07183019349090054,-0.01764424615676952
2794,0.0,19999.87433573964,0.009565458383468525,0.004179982141640338,0.22138249024870157,-0.0036881126010759346,0.11669588251824084,-0.013457406090061444
2795,0.0,19999.626699994278,0.06840214355357206,0.005530005236286462,0.16516097219899228,-0.00045154065274427866,0.13123540942246628,-0.009555646458866295
2796,0.0,20000.0,0.060676995588112036,0.009164925822085078,0.17554517153798616,-0.005978483968774176,0.14452833805712223,-0.00848249771183866
2797,0.0,19999.61317036115,0.0,0.0038792085177211957,0.6907921953994686,0.013058319550381513,0.30840749525982614,-0.002020252533172607
2798,0.0,20000.0,0.16945361482927745,0.014714629108693911,-0.047292005166278246,-0.014714629108693911,0.2016976451319948,-0.005828565505828998
2799,0.0,20000.0,0.031478370368413014,0.012657980194754356,0.18639560733135493,-0.0071775894418715114,0.19710703379180286,-0.006233272686641752
2800,0.28469063920289583,20000.0,0.2936424707768269,0.020927642101284175,-0.24257049635521075,-0.020927642101284175,0.06520377474769878,-0.010641583511034478
2801,0.0,20000.0,0.01733819307462553,0.013713709382065745,0.3003122268410658,-0.010441981437123217,0.13573631037570888,-0.0105817028888611
2802,0.0,20000.0,0.03702363660114728,0.00970256017834279,0.28770518945681745,-0.009236638877092763,0.18132697410004145,-0.010178183685330598
2803,0.0,20000.0,0.16457237065415883,0.019658391392672492,-0.07274928919245409,-0.019658391392672492,0.1051040951122928,-0.013022245997533165
2804,0.0,20000.0,0.005132668375305002,0.0023167960087304693,0.3603312311657484,0.004882204624665208,0.18167223592832948,-0.007650910810873652
2805,0.0,20000.0,0.00691547159061325,0.011859685113148267,0.3354203820433299,-0.011833334407154604,0.2277966797628296,-0.008905637889757938
2806,0.0,20000.0,0.07822439431305217,0.010759709819037077,0.16268823266176405,-0.00913164346105298,0.20826414563250992,-0.00897343956114645
2807,0.0,20000.0,0.004503820560021548,0.004060974245299304,0.1836030945141143,-0.0037415327376955983,0.2008658302969912,-0.007403867514111194
2808,0.0,20000.0,0.0,0.0038253766614391093,0.4302561169354042,0.005333725723065245,0.2696829162885151,-0.003582589542958262
2809,0.0,20000.0,4.968045225483185e-05,0.018628031770146915,0.21785122346895922,-0.018615452501646944,0.2541334084426483,-0.008092448430564865
2810,0.0,20000.0,0.0,0.009923767067002456,0.27022759182385375,-0.009395696064127273,0.25896166345700994,-0.008483422720633587
2811,0.0,20000.0,0.14496805731177875,0.01377070305984541,0.06539837180181966,-0.013620872760937982,0.20089267596045285,-0.010024657732724904
2812,0.0,20000.0,0.011038616053809888,0.009833644122265046,0.2561321286906588,-0.009833644122265046,0.21746451177951462,-0.009967353649586945
2813,0.0,20000.0,0.29123879223276167,0.010514345383420847,-0.004279583217743671,-0.009942098058293845,0.15094128328033712,-0.009959776972199014
2814,0.0,20000.0,0.002373192899941997,0.005668668754387399,0.27975287181376907,-0.004544149433817374,0.1895847598403667,-0.00833508871068452
2815,0.0,20000.0,0.0921168173403066,0.008608844938924796,-0.04638989485447326,-0.00848879340403386,0.1187923634319147,-0.008381200118689322
2816,0.0,20000.0,0.22091009633445122,0.020954850671477367,-0.21659499553268047,-0.020954850671477367,0.018176155742536143,-0.012153295284525734
2817,0.0,20000.0,0.06473215826498792,0.01274776161311257,0.17043925611918964,-0.00884073908991326,0.06385508585553219,-0.01115952842614199
2818,0.0,20000.0,0.005249694716056535,0.010516713902139771,0.17156286180215816,-0.010370139444815785,0.09616741863951997,-0.010922711731744129
2819,0.0,20000.0,0.037108202540771386,0.00926281249316476,0.014761436425927341,-0.008040707280086394,0.07174562397544217,-0.010058110396246808
2820,0.0,20000.0,0.19993630441410676,0.0291184873515728,-0.1401474692728544,-0.0291184873515728,0.008177696000953194,-0.015776223482844604
2821,0.0,20000.0,0.0,0.008327790233378285,0.4082757271989138,-0.007314127527594236,0.12820710536034138,-0.013237594696269492
2822,0.0,20000.0,0.08387970789369309,0.01238642425319573,-0.07426581043110518,-0.01238642425319573,0.06746523062290741,-0.012982243563347363
2823,0.0,20000.0,0.03213379466515812,0.006547073913283011,0.21065728059256636,-0.006380611426983776,0.11042284561380508,-0.011001753922438285
2824,0.0,20000.0,0.06322434945992608,0.02240048289126021,0.0032670008657759222,-0.02240048289126021,0.07827609218939632,-0.014421372613084862
2825,0.0,20000.0,0.0776595322492204,0.020476668510504878,0.165876245045781,-0.020476668510504878,0.10455613804631173,-0.016237961382310866
2826,0.0,20000.0,0.019937428265372297,0.009258804019655016,0.05644091644813761,-0.00895106270907108,0.09012157156685949,-0.01405189178033893
2827,0.0,20000.0,0.00684776456205142,0.011481714757882596,0.16291320891397013,-0.011377089136177325,0.11195906277099268,-0.013249450987090447
2828,0.0,20000.0,0.10056993004543369,0.017965151244785198,0.04875562021406459,-0.017965151244785198,0.09299803000391425,-0.014664161064398872
2829,0.0,20000.0,0.04646101052980843,0.02322649507142552,0.15892976953752638,-0.02322649507142552,0.11277755186399788,-0.017232861266506867
2830,0.0,20000.0,0.15681405175951835,0.03432491012678361,-0.038882380857544224,-0.03432491012678361,0.06727957204753524,-0.02236047592458989
2831,0.0,20000.0,0.3044844802545138,0.02394953982689437,-0.24973668195461363,-0.02394953982689437,-0.027825304153109416,-0.022837195095281232
2832,0.0,20000.0,0.015492943243647507,0.008346293186592312,0.1427707400965555,-0.006053746125602883,0.023353509121790055,-0.017802160404377727
2833,0.0,20000.0,0.08740821068385171,0.010814886951994035,0.13644555441551892,-0.008316757482253585,0.05728112270990872,-0.014956539527740483
2834,0.0,20000.0,0.2133269663479511,0.015487618473965717,-0.03793829062422132,-0.015487618473965717,0.0287152987096697,-0.015115863211608052
2835,0.0,20000.0,0.005069030755347949,0.004588486472545674,0.2744334896685044,-0.0031350224172121887,0.1024307559973201,-0.011521610973289293
2836,0.1264977842695445,20000.0,0.29648290638775215,0.021564822099318596,-0.24981217606348088,-0.021564822099318596,-0.0032421236209202037,-0.014534574311098083
2837,0.0,20000.0,0.0052595438788302,0.009731350646116209,0.5090727252348249,-0.004103150643775038,0.15045233103580333,-0.011405147210901169
2838,0.0,20000.0,0.0,0.004078067927341548,0.552370803526375,-0.00020189251805605436,0.2710278727829748,-0.008044170803047635
2839,0.0,20000.0,0.2075847905112991,0.031106648588831054,-0.06245873510193193,-0.031106648588831054,0.17098189041750278,-0.01496291413878266
2840,0.0,20000.0,0.0,0.006504316861059462,0.3791579530139605,-0.0039783212251944195,0.2334347091964401,-0.011667536264706187
2841,1.292694378371197,20000.0,0.35613992541742256,0.028927157857121143,-0.35309636648228965,-0.028927157857121143,0.057475386492821176,-0.01684542274243067
2842,0.0,20000.0,0.013489860278382683,0.012534705287647724,0.3405170091303129,-0.012506398092384704,0.14238787328406868,-0.01554371534741688
2843,0.0,20000.0,0.0876096530686861,0.018306306386180703,0.11217628594444734,-0.018214260596732437,0.13332439708218227,-0.016344878922211543
2844,0.0,20000.0,0.0071711004901243046,0.010822622232185466,0.2394004125838565,-0.010558347406299793,0.16514720173268455,-0.014608919467438019
2845,0.0,20000.0,0.05058419333127434,0.009867394643339841,0.1696573207928662,-0.00986334240040845,0.16650023745073902,-0.013185246347329148
2846,0.0,20000.0,0.0,0.0029664233639589256,0.39823192442956545,0.0025280927855030233,0.23601974354438693,-0.008471244607479497
2847,0.0,20000.0,0.06490317869916404,0.012035444913344365,0.1323331888704383,-0.010169807897270094,0.20491377714220232,-0.008980813594416676
2848,0.0,20000.0,0.2728432795045682,0.02706046448978166,0.007054789099729952,-0.02706046448978166,0.1455560807294606,-0.01440470886302617
2849,0.0,20000.0,0.0,0.003942297228761132,0.4583597197231719,-0.0008051946156517858,0.239397172427574,-0.010324854588813853
2850,0.0,20000.0,0.1329740029873118,0.021802195865817837,0.12516484030952582,-0.021802195865817837,0.20512747279215954,-0.01376805697191505
2851,0.0,20000.0,0.08660446715280797,0.010481167932212094,0.029507397154435972,-0.008227453106150672,0.15244145010084248,-0.012105875812185734
2852,0.0,20000.0,0.017228388276935708,0.005238513386675878,0.4293049474714779,-0.004505422962706681,0.2355004993120331,-0.009825739957342018
2853,0.0,20000.0,0.03938257839852276,0.01858088455832168,0.12013765149985103,-0.01858088455832168,0.20089164496837847,-0.012452283337635917
2854,0.0,20000.0,0.1991390983321659,0.027413218101422998,-0.0010451252225643953,-0.027207413037325094,0.1403106139110956,-0.01687882224754267
2855,0.0,20000.0,0.030607058246771755,0.008454963084818983,0.4047530070015079,-0.006057101640762767,0.21964333183821927,-0.013632306065508698
2856,0.15711988649365383,20000.0,0.23305700353320213,0.02309897845339559,-0.23305092398843846,-0.02309897845339559,0.08383505509022193,-0.016472307781874765
2857,0.0,20000.0,0.02557592799864163,0.025063480270657537,0.07714017758646269,-0.025063480270657537,0.08182659183909416,-0.019049659528509594
2858,0.0,20000.0,0.08635321375589826,0.011415059786912254,0.1491829349081422,-0.011415059786912254,0.10203349475980857,-0.01675927960603039
2859,0.0,19999.994114693596,0.0063352337900835255,0.0030121888489360845,0.4759026445078603,0.007263392417135418,0.21419423968422407,-0.009552477999080648
2860,0.0,20000.0,0.024083813036174528,0.005309908376402993,0.3736352841815535,0.001690900946498597,0.2620265530334229,-0.006179464315406874
2861,0.0,20000.0,0.09688395594934651,0.015373692575081482,0.02273750866012285,-0.012925045694628653,0.19023983972143288,-0.008203138729173408
2862,0.0,20000.0,0.04799118121677515,0.008276241708527312,0.23759007659494896,-0.005106309236192031,0.2044449107834877,-0.007274089881278994
2863,0.0,20000.0,0.033043019077635384,0.008560738599153891,0.12143561348721842,-0.0039040201070579383,0.17954212159460692,-0.006263068949012678
2864,0.0,20000.0,0.007365546785439379,0.01825885090269175,0.27619800221143176,-0.01825885090269175,0.20853888577965435,-0.0098618035351164
2865,0.0,20000.0,0.10839571827674449,0.011694026004374613,-0.039895933872904965,-0.011563995450616081,0.13400843988388653,-0.010372461109766303
2866,0.0,20000.0,0.0,0.0011050177303344015,0.4627445240906878,0.008232018539381018,0.23262926514592688,-0.004791117215022107
2867,0.0,20000.0,0.004219770802476003,0.013158480459018605,0.3160985421088315,-0.012953548222244338,0.2576700482347982,-0.007239846517188776
2868,0.0,20000.0,0.18250446266683967,0.03461645207103841,-0.13455762885330053,-0.03461645207103841,0.1400017451083686,-0.015452828183343665
2869,0.0,20000.0,0.059529514688289716,0.015285788838210735,0.19579788376362725,-0.015257667207723017,0.15674058670494617,-0.015394279890657468
2870,0.0,20000.0,0.03829297928952076,0.012342001495022811,0.1816099350895492,-0.012342001495022811,0.16420139122032706,-0.01447859637196707
2871,0.0,20000.0,0.0,0.0015984933066594063,0.5072098256395629,0.00034609422270249986,0.2671039215460978,-0.010031189193566199
2872,0.0,20000.0,0.0,0.002553365425036439,0.64013420731211,0.00654431771701173,0.3790130072759014,-0.00505853712039282
2873,0.0,20000.0,0.06407499506386624,0.018415809290771235,0.05639911946401915,-0.01709861625779028,0.28222884093233674,-0.008670560861612057
2874,0.0,20000.0,0.17083380813364663,0.01896837853912502,0.08513718987320085,-0.018603702126285607,0.22310134561459596,-0.011650503241014121
2875,0.0,20000.0,0.16651546562186426,0.01659950649766673,-0.10702784207879,-0.01659950649766673,0.12406258930658016,-0.013135204218009905
2876,0.0,20000.0,0.0,0.002633655830644429,0.4042129267769871,0.008074162525559097,0.20810769054770223,-0.006772394194939203
2877,0.0,20000.0,0.0,0.0042254798853592745,0.46426026568348266,0.0045993337147848135,0.2849534630884364,-0.0033608758220219975
2878,0.8813293062375149,20000.0,0.3675988802999997,0.02774064218910944,-0.33883469823318735,-0.02774064218910944,0.09781701469194927,-0.01067480573214823
2879,0.0,20000.0,0.07694964346108198,0.015755038900637935,0.21237225832532747,-0.015388404679811282,0.1321835877819627,-0.012088885416447145
2880,0.0,20000.0,0.0005934623554373127,0.0032399557980406783,0.41875578425371945,0.005161885384078413,0.21815524672348974,-0.006913654176289477
2881,0.0,20000.0,0.09698834645436209,0.016046176141807755,0.14572204389144885,-0.01538096247968803,0.19642528587387748,-0.009453846667309043
2882,0.0,20000.0,0.009366908536405514,0.015939145127906455,0.3082711165128801,-0.015939145127906455,0.22997903506557826,-0.011399436205488266
2883,0.0,20000.0,0.07433894983171356,0.017876825129493745,0.23482130835880843,-0.017876825129493745,0.23143171705354731,-0.013342652882689909
2884,0.0,20000.0,0.03600124833371238,0.018791040746796894,0.10842548204134381,-0.018791040746796894,0.19452984654988625,-0.014977169241922005
2885,0.0,20000.0,0.16476594322548158,0.02127354018958336,-0.09652092483024073,-0.021241644667350835,0.10721461513584815,-0.01685651186955065
2886,0.0,20000.0,0.0008695490545080301,0.009024149689371663,0.45942120834016664,-0.005658396418245268,0.21287659309714368,-0.013497077234159036
2887,0.0,20000.0,0.10302259537381428,0.016655725011507628,-0.09079112882773605,-0.016655725011507628,0.12177627651967976,-0.014444671567363612
2888,0.0,20000.0,0.0003656461321810798,0.003830629185043303,0.34148099310526614,-0.0031433763076564314,0.1876876914953557,-0.011054282989451457
2889,0.0,20000.0,0.004915297482555939,0.005041262900736992,0.35332525880259164,-0.0008150181262195401,0.23737896168752648,-0.00798250353048188
2890,0.0,20000.0,0.0038877160856443317,0.0072190628314825955,0.47760792990221373,-0.0063218169178253115,0.30944765215193265,-0.007484297546684909
2891,0.41053467617459294,20000.0,0.3407148635309452,0.038041824022163995,-0.33941025526795654,-0.038041824022163995,0.1147902799259659,-0.016651555489328635
2892,0.0,20000.0,0.021412006718599882,0.013761861682967952,0.06926763846482833,-0.013761861682967952,0.10113348748762463,-0.01578464734742043
2893,0.0,20000.0,0.26970389653364496,0.031035319242769595,-0.25682681142811703,-0.031035319242769595,-0.006254602187097863,-0.02035984891602518
2894,0.0,20000.0,0.003454047190188244,0.006128428584724751,0.26941814640891104,-0.004455116146736732,0.0764472223917048,-0.015588429085238645
2895,0.0,19999.658631178878,0.0,0.00035115587197053047,0.6642857366369912,0.009647567730366475,0.2527987766652907,-0.00801763004055711
2896,0.0,20000.0,0.11432477782715103,0.01055256227011391,0.13950822271185592,-0.009297057831386065,0.21881161047926026,-0.008401458377805796
2897,0.0,20000.0,0.05669878002729648,0.019579890141024986,0.0929899942810117,-0.019579890141024986,0.1810651256197857,-0.011754987906771552
2898,0.0,20000.0,0.13120085430259235,0.02045027297649421,0.05691049164737288,-0.02045027297649421,0.14381873542806184,-0.014363573427688348
2899,0.0,20000.0,0.3227552564204136,0.03468660615760862,-0.23652783592022092,-0.03468660615760862,0.029714764023577006,-0.020460483246664427
2900,0.0,20000.0,0.0,0.002717270552959959,0.2556427303540365,3.2405597462050014e-05,0.09749315392271485,-0.014312616593426482
2901,0.0,20000.0,0.06850083536169228,0.01611902677280423,-0.023220696601652675,-0.01611902677280423,0.06127899876540458,-0.014854539647239805
2902,0.0,20000.0,0.13638936101260676,0.016791975234185408,-0.12909152835774418,-0.016791975234185408,0.00416784062845995,-0.015435770323323484
2903,0.0,20000.0,0.01528660512413551,0.010912246075510093,0.22749760028932967,-0.009199936884966417,0.07116676852672087,-0.013565020291816363
2904,0.0,20000.0,0.1661348391048088,0.023175145516801093,-0.027097552578804533,-0.023175145516801093,0.041687472195063247,-0.016448057859311783
2905,0.0,20000.0,0.0,0.00417788683417112,0.594099628257383,-0.0014645704094135574,0.2074111190137592,-0.011953011624342315
2906,0.0,20000.0,0.002098645849303127,0.004673368856355471,0.4632480781781383,-9.856325907757864e-05,0.2841622067630729,-0.008396677114762894
2907,0.0,20000.0,0.004913499213775317,0.003518669603100594,0.2769794134123056,-0.0008067177297733104,0.2820073687578427,-0.0061196892992660176
2908,0.0,20000.0,0.020599841583305682,0.010937955598698278,0.19402520885753646,-0.008989699570088595,0.2556127207877508,-0.00698069238051279
2909,0.0,20000.0,0.10025763466276617,0.013591078106396166,-0.0878002657080437,-0.013590817588778923,0.15258882483901245,-0.008963729942992629
2910,0.0,20000.0,0.022417835528688985,0.0025848222520371746,0.1945946885249618,-0.0008350775364656442,0.16519058394479724,-0.006525134221034533
2911,0.0,20000.0,0.1411539771551951,0.011493190035298763,0.09018296466236755,-0.011458578673936856,0.14268829816006834,-0.00800516755690523
2912,0.0,20000.0,0.003618655286169327,0.0022450805087916963,0.39676003345494465,0.005080494118994153,0.21890981874853122,-0.004079469054135415
2913,0.0,20000.0,0.06251584442791451,0.017007482934817103,0.043089142753750975,-0.017007482934817103,0.16616361595009713,-0.007957873218339922
2914,0.0,20000.0,0.06310221979790638,0.017984358642679017,0.24663978882723925,-0.017173777246601934,0.19030646781323976,-0.010722644426818525
2915,0.21048098091487777,20000.0,0.3920764437643353,0.03456246479719468,-0.3777145681826204,-0.03456246479719468,0.01990015701448171,-0.017874590537931372
2916,0.0,20000.0,0.34827550808703744,0.03450545956960225,-0.34827550808703744,-0.03450545956960225,-0.09055254251597403,-0.022863851247432634
2917,0.0,20000.0,0.05813991902981986,0.01801357446444344,0.014709368682077709,-0.01801357446444344,-0.0589739691565585,-0.021408768212535872
2918,0.0,20000.0,0.003442575844703998,0.019438575805500763,0.1550349260169268,-0.019438575805500763,0.005228699395487091,-0.02081771049042534
2919,0.0,20000.0,0.005302905112256207,0.008992511485351094,0.20801885536328055,-0.0081588726269289,0.06606574618582513,-0.017020059131376407
2920,0.0,20000.0,0.21698756636781671,0.018346235025318916,-0.10652386501990578,-0.01759749999324895,0.014288862824105852,-0.01719329138993817
2921,0.0,20000.0,0.12462841428320047,0.02379502670188275,0.0036979151301934714,-0.02379502670188275,0.011111578515932138,-0.019173811983521544
2922,0.0,20000.0,0.0,0.016365928088655387,0.36183445406383763,-0.016363464273905812,0.11632844118030379,-0.018330707670636825
2923,0.0,20000.0,0.16477724427375598,0.018001926925994217,-0.08061805375042412,-0.018001926925994217,0.05724449270108541,-0.018232073447244042
2924,0.0,20000.0,0.28497256152152234,0.02630060868653636,-0.26262339879908836,-0.02630060868653636,-0.03871587474896672,-0.020652634019031738
2925,0.0,20000.0,0.0,0.006580161540889328,0.42125451314760076,-0.00210433023189617,0.09927524162000353,-0.015088142882891066
2926,0.0,20000.0,0.05422894328216957,0.01847836037672734,0.18483872040089874,-0.018283806842328828,0.12494428525427209,-0.016046842070722395
2927,0.0,20000.0,4.654824125008466e-05,0.01282432949301047,0.30594836778584866,-0.012477158123501123,0.17924551001374506,-0.014975936886556011
2928,0.0,20000.0,0.10709227822147746,0.013180414340964345,0.23110860599456473,-0.012509805252498323,0.19480443880799098,-0.014236097396338705
2929,0.0,20000.0,0.21914728980662393,0.02906263247679622,0.003259983813282095,-0.02906263247679622,0.1373411023095783,-0.018684057920475956
2930,0.0,20000.0,0.18661911093387573,0.028056766168268552,-0.03665229178232946,-0.028056766168268552,0.08514308408200597,-0.021495870394813734
2931,0.0,20000.0,0.012441477822840568,0.0027548713251358075,0.2432430307992318,0.003994455002207146,0.1325730680971737,-0.01384877277570747
2932,0.0,20000.0,0.10314706816376384,0.02792659502660731,-0.041929074291454885,-0.02792659502660731,0.08022242538058512,-0.01807211945097742
2933,0.0,20000.0,0.0,0.005083145909146606,0.5034731558616456,-0.0005979852847017899,0.20719764452490327,-0.01282987920109473
2934,0.0,20000.0,4.141710755468656e-05,0.008105621347216894,0.2735425203004589,-0.007851731343409758,0.22710110725756993,-0.011336434843789238
2935,0.0,20000.0,0.0,0.0027863590841209745,0.43125980581735934,0.005067641891415139,0.2883487168255068,-0.006415211823227925
2936,0.0,20000.0,0.019675493064328406,0.008665522693079755,0.250978416510936,-0.005659568429049572,0.2771376267311355,-0.006188518804974419
2937,0.18508543929112964,20000.0,0.29099816169521237,0.01844286044085278,-0.29099816169521237,-0.01844286044085278,0.10669689020323113,-0.009864821295737927
2938,0.0,20000.0,0.1784570766164333,0.026477773300821322,-0.10138812442098602,-0.026477773300821322,0.044271385815965986,-0.014848706897262944
2939,0.0,20000.0,0.08291965072859238,0.019638913853947764,0.10614615567539355,-0.019638913853947764,0.06283381677379425,-0.016285768984268388
2940,0.0,20000.0,0.06479173102678092,0.00649145240651557,0.08507637003150696,-0.004727360916965697,0.06950658275110806,-0.01281824656407758
2941,0.0,20000.0,0.0,0.005372822236163065,0.5006610549021295,0.0029884102193694375,0.1988529243964145,-0.008076249529043475
2942,0.0,20000.0,0.22604219020950375,0.018640847069772863,0.18881769078074156,-0.018640847069772863,0.1958423543117126,-0.01124562879126229
2943,0.0,20000.0,0.04237208247153661,0.009363303209628592,0.020786313006383943,-0.009248764397035135,0.14332554192011399,-0.010646569472994144
2944,0.0,20000.0,0.0,0.004543213500235249,0.3464265800300494,-0.0027499775350871493,0.2042558533530946,-0.008277591891622044
2945,0.0,20000.0,0.058823930134431046,0.010717182031963353,0.053661710478619284,-0.010233961806551627,0.159077610490752,-0.008864502866100918
2946,0.0,20000.0,0.10303814804289457,0.01617546320584478,0.11097001938952186,-0.01531449674072576,0.14464533316038294,-0.010799501028488371
2947,0.0,19999.94949933282,0.0,0.0008801490959007736,0.43238241237362807,0.010160046011465725,0.23096645692435647,-0.004511636916502141
2948,0.0,19996.618207409574,0.0,0.00019704886329538273,0.5417699817344981,0.018377656616294667,0.3242075143673989,0.0023551511433369016
2949,0.0,20000.0,0.1594190661787903,0.026585617922558598,-0.15142653401758255,-0.026585617922558598,0.18151729985190446,-0.006327079576431747
2950,0.0,20000.0,0.00026730066581259277,0.017194057509016966,0.17808862646884543,-0.017181689418625953,0.18048869783698676,-0.009583462529090009
2951,0.0,20000.0,0.044154531536952396,0.009751096307114016,0.1219416943966835,-0.006204269985281016,0.1629245968048958,-0.00856970476594731
2952,0.0,20000.0,4.32544660236164e-06,0.014931329118535338,0.2694977160302198,-0.014931329118535338,0.194896532572493,-0.010478192071723718
2953,0.0,20000.0,0.0,0.004652369159902246,0.23779512031507338,-0.004527711006582163,0.20776610889526712,-0.00869304775218125
2954,0.0,20000.0,0.22281291881201584,0.0156734045865603,-0.07637534622075058,-0.0156734045865603,0.1225236723604618,-0.010787154802494965
2955,0.0,20000.0,0.16462516038928357,0.016253543592547142,-0.002168445976658435,-0.016253543592547142,0.08511603685932573,-0.012427071439510617
2956,0.0,20000.0,0.18572610629789021,0.01176778678150859,-0.03723605634475794,-0.011731626476995048,0.048410408898100624,-0.012218437950755945
2957,0.0,19999.570910938186,0.005290808848855322,0.007287572421132288,0.24970288213845515,-0.0014514967800996102,0.10879815087020697,-0.008988355599559043
2958,0.0,20000.0,0.05529092673403837,0.02272128251445542,0.15286465161123544,-0.022719750173621142,0.12201810109251551,-0.013107773971777672
2959,0.0,20000.0,0.01775055754198714,0.014873762688523699,0.23775868578346718,-0.014873762688523699,0.156740276499801,-0.01363757058680148
2960,0.0,20000.0,0.15940573527624347,0.024869166359920095,0.16024107974974197,-0.024869166359920095,0.1577905174747833,-0.017007049318737064
2961,0.0,20000.0,0.17404873440964266,0.03650872358768331,-0.027992513584610156,-0.03650872358768331,0.10205560815696525,-0.022857551599420937
2962,0.0,19998.253675876844,0.0,0.0013333891274617876,0.40088118574606674,0.0011379808279359325,0.1917032814336957,-0.015658891871213877
2963,0.0,20000.0,0.0020748875722222076,0.019361118684117308,0.24707759483208283,-0.019361118684117308,0.20831557545321183,-0.016769559915084904
2964,0.0,20000.0,0.08300697889294739,0.01844656687975489,-0.0009820125655267472,-0.01829493839772872,0.14552629904759024,-0.017227173459878047
2965,0.0,20000.0,0.11307023831818733,0.015582033433752644,0.043838305430496535,-0.015582033433752644,0.11501990096246212,-0.016733631452040425
2966,0.0,20000.0,0.05057402408336506,0.021596125369383098,0.14943174513403162,-0.020797995173509838,0.12534345421393295,-0.01795294056848125
2967,0.0,20000.0,0.09049777728687072,0.025618172308351155,0.01514419112381034,-0.025618172308351155,0.09228367528689616,-0.020252510090442218
2968,0.0,20000.0,0.16951912964326551,0.019814393604650066,-0.02565369504990405,-0.019814393604650066,0.056902464185856094,-0.02012107514470457
2969,0.0,20000.0,0.24008132452123485,0.014311367289063773,-0.13901886058612883,-0.014311367289063773,-0.0018739332457393884,-0.01837816278801233
2970,0.0,20000.0,0.005931192283063124,0.01425701805418463,0.3226236836845349,-0.014233694162718566,0.0954753518333429,-0.0171348222004242
2971,0.0,20000.0,0.13391968937579624,0.02533043403252607,-0.0893119530581704,-0.02533043403252607,0.04003916036588889,-0.01959350575005476
2972,0.0,20000.0,0.013210583166880603,0.014105004531064476,0.33124993030889177,-0.014105004531064476,0.12740239134878975,-0.01794695538435767
2973,0.0,19998.182322961387,0.011256222934335963,0.004761252866961492,0.19228935698733152,0.0037168731205050242,0.14686848104035227,-0.011447806832898862
2974,0.0,20000.0,0.007073099442122668,0.009146069061200373,0.17322558807404262,-0.008963926076780917,0.15477561315045937,-0.010702642606063479
2975,0.0,20000.0,0.16729436354596758,0.028211023870367564,-0.13623724259518324,-0.028211023870367564,0.06747175642676659,-0.015955156985354706
2976,0.0,20000.0,0.04193907914832726,0.010680411207254967,0.1986528217779404,-0.010679359422649918,0.10682607603211873,-0.01437241771654327
2977,0.0,20000.0,0.21226084299635622,0.020673882897355816,-0.13882640087020504,-0.020673882897355816,0.033130332961421594,-0.01626285727078703
2978,0.0,20000.0,0.09912211893338199,0.014963656881634072,-0.012126152125231411,-0.013540676512919953,0.019553387435425694,-0.015446203043426907
2979,0.0,19999.60094720814,0.0,0.006095066533413255,0.47243639790536557,-0.003052927209913368,0.15541829057640766,-0.011728220293372844
2980,0.0,19999.255210161096,0.014661853180898243,0.004783283348940333,0.09363400174290712,0.0005202709403478318,0.1368830039263575,-0.00805367292325664
2981,0.0,20000.0,0.0639718529658531,0.01617241644761803,0.008688768082135067,-0.01617241644761803,0.09842473317309075,-0.010489295980565059
2982,0.0,20000.0,0.1322145735320231,0.018457651941408845,-0.06050238060288225,-0.018457651941408845,0.050746599040298844,-0.012879802768818194
2983,0.0,20000.0,0.025492155325847327,0.012564895113066571,0.26821456723495696,-0.012171077566616301,0.11598698949869628,-0.012667185208157626
2984,0.0,20000.0,0.18351607690451793,0.01159217563063809,-0.06698001981046593,-0.009164609172504124,0.061096886705947616,-0.011616412397461575
2985,0.0,20000.0,0.06830408789648426,0.010728160699446404,0.13170088132042163,-0.009339898705239543,0.08227808509028982,-0.010933458289794964
2986,0.0,20000.0,0.023037103026760646,0.01730913109776203,0.18685373907985484,-0.017303369100012667,0.11365078128715932,-0.012844431532860273
2987,0.0,20000.0,0.020656315473981956,0.019637303353216916,0.21259909934854024,-0.019637303353216916,0.14333527670557358,-0.014882293078967265
2988,1.8654995388562132,20000.0,0.512216359339946,0.039161195262600715,-0.5073248340157194,-0.039161195262600715,-0.051862756510814303,-0.022165963734057298
2989,0.0,20000.0,0.30209544398166366,0.030144015896159355,-0.289246940551792,-0.030144015896159355,-0.12307801172310762,-0.024559379382687915
2990,0.0,19999.976359577824,0.12200165779006021,0.009915594210080994,0.04398289189194143,-0.009188852081181175,-0.0729597406385929,-0.019948221192235892
2991,0.0,20000.0,0.002484939859905741,0.010365799882331177,0.24108549485448763,-0.009644178824711034,0.02125383000933126,-0.016857008481978433
2992,0.5935047726355411,20000.0,0.2829164626543535,0.033608102694040784,-0.27394801618380277,-0.033608102694040784,-0.06730672384860895,-0.021882336745597135
2993,0.0,19998.314727006797,0.0020594557947233717,0.0032078017353350838,0.35614631421320464,0.0012322367076705474,0.05972918756993513,-0.01494796470961683
2994,0.0,20000.0,0.08430605216062033,0.009078617701415638,0.041819148404787045,-0.009078617701415638,0.0543561758203907,-0.013187160607156473
2995,0.0,20000.0,0.047546619344901654,0.02541263552114364,0.16747993366411365,-0.02541263552114364,0.08829330317350759,-0.01685480308135262
2996,0.0,20000.0,0.11706719054492709,0.009496015934803826,0.033473492598124835,-0.009226470875709908,0.07184736000089276,-0.014566303419659806
2997,0.0,20000.0,0.0,0.01779036496500818,0.39042831997615424,-0.017789969503013658,0.1674216479934712,-0.01553340324466596
2998,0.0,20000.0,0.2635930719545793,0.02017362280690393,0.0072357753210523556,-0.02017362280690393,0.11936588619174554,-0.016925469113337352
2999,0.0,19999.153005589465,0.03455259316128903,0.002984838151780809,0.06946897761708547,-0.0012218142483782324,0.10439681361934751,-0.012214372653849614
3000,0.0,20000.0,0.060351176217672935,0.00923725901119944,0.1489786855187533,-0.009138652214826723,0.11777137518916925,-0.011291656522142746
3001,0.0,20000.0,0.10184347898131532,0.022487569083681918,-0.05688803247147676,-0.022487569083681918,0.06537355289097545,-0.014650430290604498
3002,0.0,20000.0,0.022116634014441108,0.011795537481793045,0.10037805396368324,-0.010551065183171933,0.07587490321278778,-0.013420620758374727
3003,0.0,19996.567306933663,0.0,0.00046071282634376593,0.5202317180006059,0.014700888663858326,0.20918194764913317,-0.004984167931704812
3004,0.0,19997.31680853523,0.0,0.0025418398806174155,0.6663729028575346,0.012626025283857489,0.3463392342116536,0.00029889003296387816
3005,0.0,20000.0,0.00952781141496638,0.015035084528819184,0.09762864959284029,-0.013361045755558822,0.2717260588260096,-0.003799090703592932
3006,0.0,20000.0,0.1839024805602899,0.02978086717558851,0.019775338120700602,-0.02978086717558851,0.1961408426144169,-0.011593623645191606
3007,0.0,20000.0,0.04212412315868452,0.02112051953565906,0.2517120039750279,-0.02112051953565906,0.21281219102260018,-0.014451692412331841
3008,0.0,20000.0,0.13090033751187666,0.012921783026795138,0.0798915073190852,-0.012821020530594291,0.1729359859115457,-0.013962490847810576
3009,0.0,20000.0,0.06248571574488215,0.008010733659980396,-0.00018026213196243825,-0.008004035001005723,0.12100111149849324,-0.01217495409376912
3010,0.0,19999.84389907667,0.015073245089187516,0.008855028761069,0.33090718856593887,-0.004609271573933496,0.18397293461872694,-0.00990524933781843
3011,0.0,20000.0,0.030304085536938707,0.010016169854484757,0.12452633077654035,-0.008820533199578297,0.16613895346607094,-0.00957983449634639
3012,0.2712616036895943,20000.0,0.2404410441497136,0.02107083021954206,-0.20430807809643498,-0.021064356317036598,0.055004843997319156,-0.013025191042553452
3013,0.0,20000.0,0.11222795667225095,0.011744779581697787,0.14220819088412712,-0.009081978725087522,0.08116584806336154,-0.011842227347313673
3014,0.0,19998.645180525953,0.00026730066581259277,0.0036085620603502726,0.4154294245705918,0.002198154484025241,0.1814449210155306,-0.007630112797911998
3015,0.0,20000.0,0.008985330259810078,0.01730104805562818,0.18932978922623145,-0.01730104805562818,0.18381038147874085,-0.010531393375226853
3016,0.0,20000.0,0.13720170429363313,0.016386457944166592,0.08928373220473486,-0.01482236872285755,0.15545238669653905,-0.011818685979516061
3017,0.0,19999.66465813769,0.0,0.005749016448347061,0.29418609359601094,-0.003455147195502662,0.1970724987663806,-0.00930962434431204
3018,0.0,20000.0,0.06203500692628469,0.01654260321981418,0.05022284379767728,-0.016541891315058087,0.15301760227576958,-0.011479304435535853
3019,0.0,20000.0,0.15291397804364165,0.009299313656224908,0.08181620021424958,-0.009231054658142992,0.13165718165731358,-0.010804829502317995
3020,0.0,20000.0,0.0058206671124194885,0.01937295306846799,0.13793188664854905,-0.01937295306846799,0.13353959315468422,-0.013375266572162993
3021,0.0,19996.27650578288,0.0,0.0025400453226924148,0.7400423067195451,0.014676107845610555,0.31549040722414246,-0.004959854246830928
3022,0.0,20000.0,0.0038589101530207737,0.007764496102353515,0.19364492223288288,-0.0069759102226308305,0.27893676172676457,-0.005564671039570899
3023,0.0,20000.0,0.06246529953840233,0.0118911340292912,0.1518635431083857,-0.011862571278319196,0.2408147961412509,-0.007454041111195388
3024,0.0,20000.0,0.004260491965240573,0.015515206613844175,0.24357165902192243,-0.015337399510277532,0.24164185500545235,-0.009819048630920032
3025,0.0,20000.0,0.1760365107403005,0.021158001372800005,-0.005833889901782093,-0.021157427581388333,0.167399131533282,-0.013220562316060521
3026,0.0,19999.542207790433,0.014200242242987278,0.006087162690150478,0.29635459246385243,-0.0033979236380890336,0.20608576981245313,-0.010273770712669075
3027,0.0,20000.0,0.08195972463202517,0.022111279637588487,0.019616736387151383,-0.022111279637588487,0.15014505978486262,-0.013825023390144898
3028,0.0,19998.29094123381,0.0,0.0009516430452184629,0.47914595438731356,0.0032849078657981893,0.2488453281655979,-0.00869204401336197
3029,0.18456734076960668,20000.0,0.24336975107990114,0.024429382244066298,-0.157916993461091,-0.024429382244066298,0.12681663167759122,-0.013413245482573269
3030,0.0,20000.0,0.2247593052085011,0.026526059847090895,0.031170605956930865,-0.026526059847090895,0.09812282396139312,-0.017347089791928554
3031,0.0,19999.8076932334,0.03973300107403785,0.0090779434958988,0.1423163069014926,-0.006706854977195246,0.11138086884342296,-0.014155019347508561
3032,0.0,19998.839125752253,0.0015737095622960088,0.0020514553185750775,0.33790880214548974,9.277344893600663e-05,0.17933924883404298,-0.009880681508575191
3033,0.0,20000.0,0.010772695263245511,0.020997377949048095,0.1495990261364003,-0.020952844479660462,0.17041718202475015,-0.01320233039990077
3034,0.0,20000.0,0.23403117916975347,0.028661995277986355,-0.16783992295381356,-0.028661995277986355,0.06894005053118103,-0.017840229863326444
3035,0.0,19997.579212143766,0.0,0.0045703852107526,0.44671796776116535,0.00545442215571921,0.18227342570017632,-0.010851834257612747
3036,0.0,20000.0,0.018683697728022208,0.006772532287059094,0.25386124573444785,-0.006216304280994577,0.20374977171045777,-0.009461175264627295
3037,0.0,19999.996442123884,0.008219849695886842,0.004585467361444485,0.21883384372034748,-0.004250609023283964,0.2082749933134247,-0.007898005392224294
3038,0.0,20000.0,0.06519531678738989,0.02763660772533689,0.008331347426555525,-0.02763660772533689,0.14829189954736394,-0.013819586092158071
3039,0.0,19999.29725388901,0.0,0.007177971131003328,0.6772405000409238,-0.0023033014195623495,0.3069764796954319,-0.010364700690379355
3040,0.0,20000.0,0.013924578875212451,0.013187782368267361,0.20170561958057032,-0.013187782368267361,0.2753952216609734,-0.011211625193745757
3041,0.0,20000.0,0.0,0.008274546429991207,0.3228702371520701,-0.00657120361190731,0.2896377263083024,-0.009819498719194221
3042,0.45063804740569413,20000.0,0.1797177803142928,0.018273931816352246,-0.16935045057945425,-0.018270479449579283,0.1519412732419754,-0.012354792938309739
3043,0.24967339220420648,20000.0,0.3455605678099633,0.03128699772475718,-0.22912092082150698,-0.03128699772475718,0.03762261502293068,-0.01803445437424397
3044,0.0,20000.0,0.03823287210674029,0.02073502057096903,0.14815206044387758,-0.02058301279716611,0.07078144864921475,-0.01879902190112061
3045,0.0,20000.0,0.09221273840129934,0.013928658930704453,0.038880133779930666,-0.01349046070773252,0.06121105418842952,-0.017206453543104183
3046,0.0,19997.628815255895,0.0,0.0019523097624253019,0.40580349836813506,0.00546052767509577,0.16458878744234118,-0.010406359177644197
3047,0.0,19998.46960904396,0.0,0.0020568421410502146,0.5864031678385749,0.0038117152371482566,0.2911331015612113,-0.00614093685320646
3048,0.0,20000.0,0.0011766185322484486,0.024117042493489765,0.19248239637839634,-0.024117042493489765,0.2615378900063668,-0.01153376854529145
3049,0.0,19998.86340671564,0.0,0.00679625338611755,0.554406678463278,0.001122879564421628,0.3493985265434401,-0.007736774112377527
3050,0.0,20000.0,0.24809407347302737,0.018948177096894055,-0.0010884591378908274,-0.018948177096894055,0.2442524308390408,-0.011100195007732485
3051,0.0,20000.0,0.05722726869383039,0.014986027415265687,0.08069731844669589,-0.014986027415265687,0.19518589712133733,-0.012265944729992446
3052,0.0,20000.0,0.030679232914513545,0.012731364200504641,0.18106980773241996,-0.010909105071275378,0.1909510703046621,-0.011858892832377324
3053,0.0,20000.0,0.1779764683280266,0.011986407053453746,-0.17415331769810063,-0.011964938095089138,0.08141975390383327,-0.011890706411190867
3054,0.0,20000.0,0.0,0.011585090080073222,0.3654570127866175,-0.011585090080073222,0.16663093156866854,-0.011799021511855572
3055,0.0,20000.0,0.24623757251133155,0.01784214046623459,-0.13678069966703085,-0.01784214046623459,0.07560744219795872,-0.013611957198169277
3056,0.0,19997.474265722798,0.0068103716861337175,0.00029171551574988096,0.5073047407432817,0.007916690123383356,0.20511663176155562,-0.007153363001703487
3057,0.0,20000.0,0.015178810322687645,0.007083821617370995,0.1548277488525253,-0.004055418224938706,0.1900299668888465,-0.006223979568674052
3058,0.0,20000.0,0.09471601774311969,0.016399396478797176,-0.005009381042007422,-0.015808843604224517,0.1315181625095903,-0.009099438779339192
3059,0.0,20000.0,0.003618655286169327,0.007542380383367118,0.3285311904538413,-0.004869160713185112,0.1906220708928656,-0.007830355359492967
3060,0.0,19999.285654102638,0.0,0.004760619956482165,0.42395616248280144,0.00042302216369411333,0.2606222983698463,-0.005354342102536843
3061,0.4365277027866066,20000.0,0.30733815468326686,0.015808594653698115,-0.20157983305160873,-0.015808594653698115,0.12196165894340978,-0.008490617867885224
3062,0.0,20000.0,0.07650920727715979,0.006558332516922531,0.1601593217549369,-0.006403577117475415,0.1334209577868679,-0.007864505642762282
3063,0.0,20000.0,0.12180079141487367,0.014948651151802604,0.027997298516843818,-0.01180548986669804,0.10179386000586067,-0.009046800909943009
3064,0.0,20000.0,0.041510687205530465,0.015790172356235643,-0.022864484122645266,-0.015790172356235643,0.0643963567673089,-0.011069812343830799
3065,0.0,19999.76306651222,0.0,0.005165339492436796,0.4406339391056045,-0.003669027660360122,0.17726763146879757,-0.008849576938789596
3066,0.0,20000.0,0.09747545990028302,0.014728976026008884,0.0716310426171399,-0.014728976026008884,0.14557665481330026,-0.010613396664955383
3067,0.0,20000.0,0.0,0.007851227259898034,0.4938195565434877,-0.007290086128698849,0.25004952533235647,-0.009616403504078422
3068,0.0,20000.0,0.09321859304244073,0.02276200979723807,0.24119758575914213,-0.02276200979723807,0.24739394346039217,-0.013560085392026317
3069,0.0,20000.0,0.12799306081950834,0.020616980236592912,-0.06961180551064185,-0.020616980236592912,0.15229221876908194,-0.015677153845396294
3070,0.0,19998.468401153594,0.03928611761902509,0.0016058420920281337,0.16783620415754058,0.0014758503313140818,0.15695541438561952,-0.01053125259238318
3071,0.0,19999.2896436673,0.04336730372138094,0.005292701120367949,0.2514961862160935,-0.0007995408546166927,0.1853176459347617,-0.007611739071053233
3072,0.0,20000.0,0.03165096022850548,0.011307866450542,0.06388657950572574,-0.010778691225456157,0.1488883260060509,-0.00856182471737411
3073,0.0,20000.0,0.0,0.006047737282929677,0.3149160386215562,-0.004580902477709556,0.19869663979070246,-0.007367548045474744
3074,0.0,20000.0,0.0009745752572769129,0.006893986790901028,0.2739382255523535,-0.0052040722135125875,0.22126911551919776,-0.0067185052958860965
3075,0.0,20000.0,0.00761647201240471,0.014293377698883449,0.18399775762477422,-0.014166199273898615,0.2100877081508707,-0.008952813489289852
3076,0.0,20000.0,0.0822959182527185,0.021165035108388953,-0.06478845047890837,-0.021165035108388953,0.12762486056193695,-0.012616479975019582
3077,0.0,19997.37905859029,0.0001283405759729095,0.0,0.21907803594397507,0.008888052958707883,0.15506081317654838,-0.0061651200949013425
3078,0.0,20000.0,0.00012809561823393342,0.014900844699007364,0.26991832113867786,-0.014723825804737358,0.18951806556518722,-0.008732731807852147
3079,0.0,20000.0,0.006771141436182504,0.006993775058234085,0.452418739007006,-0.006387366289860807,0.2683882675977328,-0.008029122152454745
3080,0.0,20000.0,0.0,0.012284595524365411,0.23647737960159318,-0.012284595524365411,0.2588150011988909,-0.009305764164027945
3081,0.12518187792990876,20000.0,0.23016522470187023,0.020935309950527427,-0.23009089195121157,-0.020935309950527427,0.11214323325386015,-0.01279462789997779
3082,0.0,20000.0,0.019281060150907976,0.01882848494751381,0.07636250466145185,-0.01882848494751381,0.10140901467613765,-0.014604785014238595
3083,0.0,20000.0,0.006771141436182504,0.007766009206877247,0.3461874167122193,-0.007647682877029313,0.17484253528696214,-0.01251765437307581
3084,0.0,20000.0,0.035654050618698696,0.025184720258209385,0.1894706647524693,-0.025184720258209385,0.17923097412661426,-0.016317774138615883
3085,0.0,20000.0,0.2704531544006705,0.02991773300245812,-0.1304055401807278,-0.02991773300245812,0.08634001983441163,-0.020397761797768553
3086,0.0,20000.0,0.21700154621303094,0.027520146799461454,-0.20225832577874603,-0.027520146799461454,-0.00023948384953566965,-0.02253447729827642
3087,0.0,20000.0,0.2234053547626239,0.0320567369659592,-0.22294129156325637,-0.0320567369659592,-0.06705002616365188,-0.025391155198581254
3088,0.8419179802450141,20000.0,0.3445138839245917,0.039568889853329875,-0.3352277712083296,-0.039568889853329875,-0.1475033496770552,-0.02964447559500584
3089,0.0,19998.42419858301,0.042613226671817876,0.008608004394328883,0.20805403397002406,-0.004486278387478504,-0.040836134582931415,-0.022097016432747637
3090,0.0,19999.534754857563,0.12449642502152705,0.012334761686697449,-0.015524803820424177,-0.007301609173998935,-0.033242735354179244,-0.017658394255123024
3091,0.0,20000.0,0.12493624105958309,0.016809527456788327,0.13697179700611256,-0.016802065786790898,0.017821624353908296,-0.017401495714623384
3092,0.0,20000.0,0.0006937979442831723,0.013957647274188235,0.14501754254080124,-0.013957647274188235,0.05598039980997618,-0.01636834118249284
3093,0.0,19999.132297862725,0.0,0.006373769082738506,0.4516808817987149,-0.0025196590914664144,0.17469054440659781,-0.012213736555184911
3094,0.0,20000.0,0.02029676326115569,0.021998493983572124,0.11363391006882775,-0.021998493983572124,0.1563735541052668,-0.015149163783701073
3095,0.0,20000.0,0.013305161129006987,0.010855316242606492,0.41731943584805403,-0.007509442712575838,0.23465731862810296,-0.0128572474623635
3096,2.997613155475515,20000.0,0.4240367453342713,0.03894190879156747,-0.42064971451916705,-0.03894190879156747,0.038065208683921936,-0.020682645861124692
3097,0.0,20000.0,0.2247270419626007,0.014206841629493323,-0.1277209840416254,-0.014126295968180646,-0.011670649133742265,-0.018715740893241475
3098,0.0,20000.0,0.005823697763282055,0.013126884418178341,0.17592475579751082,-0.013126884418178341,0.044607972345633656,-0.017039083950722532
3099,0.0,20000.0,0.05076098181463068,0.015862722324957782,0.17223417661015625,-0.015104371379043255,0.08289583362499042,-0.01645867017921875
3100,0.0,20000.0,0.11464366449140362,0.017046876013472143,-0.0957410265531467,-0.017046876013472143,0.029304775571549285,-0.016635131929494767
3101,0.0,20000.0,0.05926699143528695,0.024775533179006822,0.02393454337128687,-0.024775533179006822,0.027693705911470558,-0.019077252304348383
3102,0.0,19999.870811231463,0.054191848266138834,0.007850759194366591,0.019601438541662835,-0.007826471638612865,0.02526602570052824,-0.015702018104627728
3103,0.0,20000.0,0.261422045248113,0.018838928847968308,-0.1325430233642292,-0.018838928847968308,-0.022076689018898994,-0.0166430913276299
3104,0.0,20000.0,0.12430143014144683,0.015167128083410593,0.06779824871917992,-0.014253447588205072,0.004885792302524681,-0.015926198205802454
3105,0.0,20000.0,0.0005372005256685001,0.01559449736139729,0.2565790728002081,-0.01559449736139729,0.0803937764518297,-0.015826687952480906
3106,0.7636326350694722,20000.0,0.22049270073511054,0.0339160115443335,-0.21729167674188116,-0.0339160115443335,-0.008911859506283565,-0.021253485030036684
3107,0.0,19999.49773886294,0.11195074067000291,0.008693167524821377,0.23641429700079056,-0.0067210619137930494,0.06468598744583867,-0.016893758095163594
3108,0.0,19998.379108646786,0.0002538437019904001,0.0016461136027726064,0.23688328869892772,0.001431206813692458,0.11634517782176539,-0.011396268622506778
3109,0.0,20000.0,0.0023549879654735854,0.007859649172425915,0.14821631543866748,-0.007247929561078993,0.125906519106836,-0.010151766904078444
3110,0.0,20000.0,0.020425555877026956,0.013902479430253472,0.10309315612871701,-0.013902479430253472,0.11906251021340031,-0.011276980661930952
3111,0.0,19999.591936759338,0.020472243693150476,0.004994817242386111,0.35254534655485253,-0.0028103816190510806,0.18910736111583598,-0.00873700094906699
3112,0.0,20000.0,0.1432685475616822,0.013498415669341967,0.05791433202551025,-0.013445113556218517,0.14974945238873824,-0.010149434731212447
3113,0.0,20000.0,0.09349377193861905,0.00978463038616871,-0.07916921965958026,-0.005888770738646719,0.08107385077424269,-0.008871235533442727
3114,0.0,20000.0,0.10359386850854962,0.006972953852183457,-0.01729025589978423,-0.004852871346810013,0.05156461877203461,-0.0076657262774529125
3115,0.0,20000.0,0.08502643075833141,0.012404047402875335,0.232231060124884,-0.012404047402875335,0.10576455117788944,-0.009087222615079639
3116,0.6629940132944963,20000.0,0.24524446375238868,0.032750825264954826,-0.20225517134479323,-0.032750825264954826,0.01335863442108464,-0.016186303410042194
3117,0.0,20000.0,0.18077162359644774,0.01604941343163939,-0.052596007538901424,-0.01604941343163939,-0.006427758166911178,-0.016145236416521352
3118,1.3662511832249438,20000.0,0.3307486074671363,0.03880012380348577,-0.27787495285657565,-0.03880012380348577,-0.08786191657381051,-0.022941702632610677
3119,0.0,20000.0,0.19508796716017046,0.03239331111931056,-0.08748833492303945,-0.03239331111931056,-0.0877498420785792,-0.02577718517862064
3120,0.0,20000.0,0.09352685199957911,0.02261974445157407,-0.017731445395027634,-0.02261974445157407,-0.06674432307351372,-0.02482995296050667
3121,0.0,20000.0,0.1010254386557952,0.014176157475669983,0.0005942144759310579,-0.014176157475669983,-0.046542761808680284,-0.021633814315055663
3122,0.0,19998.328799624767,0.007356476820137842,0.0032790577760536776,0.17812981353464402,-0.0003959902728196046,0.020859010794317012,-0.015262467102384844
3123,0.0,20000.0,0.0872301150069832,0.012865403073344784,0.12455329295943654,-0.01273447999711242,0.05196729544385287,-0.014504070970803116
3124,0.0,20000.0,0.038466085321810825,0.007755740518899659,0.35159568429409066,-0.0069686855357682,0.1418558120989242,-0.012243455340292642
3125,0.0,19999.81940185461,0.04222687034027489,0.008000928240037017,0.08738739216253257,-0.004503620894274053,0.12551528611800672,-0.009921505006487063
3126,1.425921185820394,20000.0,0.1613513024525949,0.017605586694810407,-0.1397039302642016,-0.01746949143197656,0.045949521203344224,-0.012185900934133912
3127,0.0,19998.012883855416,0.014630068143646558,0.002489386196655068,0.23196037600409472,0.005558169948417808,0.10175277764356937,-0.006862679669368396
3128,0.0,20000.0,0.08628756746818787,0.012615057772873278,0.11911185387866233,-0.012043684373248698,0.10696050051409725,-0.008416981080532487
3129,0.0,20000.0,0.04007402183444264,0.011306979716923921,0.06711547551563786,-0.01045935455450248,0.09500699301455942,-0.009029693122723484
3130,2.5529277902453833,20000.0,0.2950982009546177,0.02050664938027619,-0.27037139283500483,-0.02050664938027619,-0.014606522740309866,-0.012472779999989296
3131,0.0,20000.0,0.0,0.007405112364314876,0.39744691430774415,-0.007003462337597853,0.10900950837410633,-0.010831984701271861
3132,0.0,20000.0,0.04623652645793681,0.012436932369952794,0.03383336821789234,-0.012436932369952794,0.08645666632724214,-0.011313469001876141
3133,0.0,20000.0,0.012152279267786711,0.01625332560190228,0.15320885399137626,-0.016253091690339564,0.10648232262648237,-0.012795355808415166
3134,0.0,20000.0,0.007891855024657094,0.010442978247348573,0.35180950285354834,-0.007522536401949374,0.18008047669460214,-0.011213509986475427
3135,0.0,20000.0,0.0053944448786658475,0.009574248911761006,0.29973944924897505,-0.009565440050851973,0.215978168460914,-0.010719089005788392
3136,0.0,19999.947928030742,0.11400068610377656,0.005645853027262885,0.14879523588580354,-0.004540159057470388,0.19582328868838086,-0.00886541002129299
3137,0.41636064578100507,20000.0,0.07164100747472567,0.014697055116600934,0.01183219907162453,-0.013808695272779241,0.14062596180335396,-0.010348395596738865
3138,0.0,19999.81613021188,0.0,0.006860132029184152,0.18099453932818535,-0.0036431963264244318,0.15273653506080337,-0.008336835815644535
3139,0.25180496300015176,20000.0,0.11832320174958852,0.033190562251691,-0.04151232502834741,-0.033190562251691,0.09446187703405813,-0.015792953746458473
3140,2.698792285502374,20000.0,0.32231556661747934,0.022617909042817175,-0.32231556661747934,-0.022617909042817175,-0.030571356061403113,-0.01784044033536608
3141,0.0,19999.306288561624,0.02655893082904866,0.005423740688102646,0.2597984347056815,-0.004140540375503824,0.056539581168722264,-0.013730470347407403
3142,0.0,20000.0,0.052972957283774894,0.009966001011036098,0.16364272296246693,-0.009522130342061931,0.08867052370684567,-0.012467968345803762
3143,2.291587883941958,20000.0,0.3014252110363906,0.024423219815660736,-0.269252185169496,-0.024423219815660736,-0.01870628895605684,-0.016054543786760855
3144,0.0,20000.0,0.08367334463118202,0.010305447260490286,0.1339898580706079,-0.009778116592558618,0.027102555151942577,-0.014171615628500184
3145,0.0,20000.0,0.18932163201996344,0.019910556745709688,0.018020814805447195,-0.019910556745709688,0.02437803304799396,-0.015893297963663035
3146,0.0,20000.0,0.006221240703623982,0.008832769369824328,0.11936162993637693,-0.008793528575824218,0.05287311211450885,-0.013763367147311389
3147,0.0,20000.0,0.03935817297149864,0.014605230404668755,0.038025578215144025,-0.014605230404668755,0.0484188519446994,-0.014015926124518598
3148,1.7364017306223336,20000.0,0.22550856507011055,0.03354416988030685,-0.2093863030534164,-0.03354416988030685,-0.028922694554735347,-0.019874399251255073
3149,0.0,20000.0,0.14149264921655066,0.0294281974612718,0.042193169515452086,-0.0294281974612718,-0.007587935333679114,-0.022740538714260093
3150,0.0,19995.898432003334,0.0,0.003120492672512147,0.5229766337125178,0.012614174557702251,0.15158143538017993,-0.01213412473267139
3151,0.0,20000.0,0.1032004544300051,0.02089691829075637,0.125717745983322,-0.02089691829075637,0.14382232856112254,-0.014762962800096886
3152,0.3461238046806201,20000.0,0.24105453953016073,0.019309644215892464,-0.008293913156105141,-0.019309644215892464,0.09818745604595423,-0.01612696722483556
3153,0.0,20000.0,0.15515089263400925,0.01770795449236281,0.04769468941326324,-0.01693170986600337,0.08303962605614693,-0.016368390017185902
3154,0.0,20000.0,0.03545505469950538,0.010219809308222144,0.02639096697334993,-0.010191226366317788,0.06604502833130782,-0.014515240921925467
3155,0.0,19998.64962653859,0.0,0.0032552200567799545,0.39464195356489157,0.0009854483806451964,0.16462410590138293,-0.009865034131154268
3156,0.0,19999.068618700163,0.012502393451006497,0.006050795630513812,0.4749711315786173,0.0007244727233721401,0.2577282136045532,-0.006688182074796345
3157,0.0,20000.0,0.0003527250260326588,0.013498209117791359,0.2958822757432509,-0.013498209117791359,0.2691744322461625,-0.008731190187694849
3158,0.04176410504969419,20000.0,0.21879558365863097,0.018072289941558916,0.0812358773295711,-0.01737076731942511,0.21279286577118506,-0.011323063327213927
3159,0.0,20000.0,0.0798013322889942,0.01049777108278275,0.07838849492669521,-0.008093935714498957,0.17247155451783808,-0.010354325043399436
3160,0.0,20000.0,0.0016326017989087627,0.013755747113772374,0.317069252557968,-0.013717005273853458,0.21585086392987704,-0.011363129112535642
3161,0.28638096479220554,20000.0,0.10162804496127749,0.020538548613145892,0.03035686255094294,-0.020538548613145892,0.1602026635161968,-0.014115754962718715
3162,0.0,20000.0,0.01712116275651219,0.02182255889107152,0.13949881964633537,-0.02182255889107152,0.15399151035523836,-0.016427796141224554
3163,0.38149179654048915,19999.19311693205,0.0949689470246459,0.00615014824923229,-0.007704053676483521,-0.002883967236030346,0.10548284114572179,-0.01236464746966629
3164,0.0,19999.788931540435,0.0001032569413592866,0.006030962683451825,0.18067634787819103,-0.004388204539692147,0.12804089316546255,-0.009971714590674046
3165,1.0397906346637997,20000.0,0.16949607138046674,0.020142978308784774,-0.12186484914760808,-0.020142978308784774,0.05306917047154136,-0.013023093706107262
3166,0.0,20000.0,0.17215983296509363,0.02053715563547044,-0.022081726194034684,-0.02053715563547044,0.030523901471868547,-0.015277312284916215
3167,0.0,20000.0,0.06199307899732358,0.014590623478539351,0.28663584627458233,-0.012931260543756387,0.10735748491268267,-0.014573496762568265
3168,0.0,19999.86163777062,0.01077230117667955,0.007487452862016767,0.3582843071178015,-0.005773838837581179,0.1826355315742183,-0.011933599385072139
3169,0.0,20000.0,0.05456979900925354,0.006954117831944069,0.12234124380044574,-0.006650843875825686,0.16454724524208653,-0.010348772732298204
3170,0.0,20000.0,0.0822084468718137,0.008024525219457311,0.2795555627342019,-0.006902206615227986,0.19904974048972113,-0.009314802897177139
3171,0.0,19997.598937826642,0.0,0.000900860749719353,0.40847331458747366,0.009133913680248509,0.2618768127190469,-0.003780187923949444
3172,3.580908115591051,20000.0,0.3833588873765864,0.027869986470811303,-0.382773932338862,-0.027869986470811303,0.06848158920167423,-0.011007127488008
3173,0.0,20000.0,0.013908925023621234,0.02167263554793248,0.08821636379234447,-0.02167263554793248,0.0744020215788753,-0.014206779905985343
3174,0.0,20000.0,0.0330300180770771,0.027265463271044402,0.10564130398084749,-0.027265463271044402,0.08377380629946696,-0.01812438491550306
3175,0.0,20000.0,0.061241817813744985,0.019879576890985785,0.03985435507770072,-0.019879576890985785,0.07059797093293708,-0.018650942508147875
3176,0.0,20000.0,0.1611459930000113,0.01486771130052659,-0.03797587687500184,-0.01486771130052659,0.0380258165905554,-0.017515973145861487
3177,0.0,19998.86787564277,0.08685210431159858,0.006266266714136254,-0.005239488193436686,-0.0015607054087505483,0.02504622515535777,-0.012729392824728205
3178,1.65445482763645,20000.0,0.2582315486378086,0.017354313630471775,-0.24319011822796813,-0.017354313630471775,-0.055424677859640004,-0.014116869066451276
3179,0.0,20000.0,0.1297515290616299,0.024855827097935,-0.04054028993658482,-0.02473862986794926,-0.05095936148272344,-0.01730339730690067
3180,0.0,20000.0,0.060997986658164666,0.018980379090902073,0.1519205387035675,-0.018980379090902073,0.009904608573163845,-0.01780649184210109
3181,0.36211562997533164,20000.0,0.13341089674633969,0.015702021772900483,-0.07017215764874542,-0.015702021772900483,-0.014118421293408932,-0.01717515082134091
3182,0.0,20000.0,0.20919940764574887,0.02480961850326859,0.008953368970496957,-0.02480961850326859,-0.007196884214237165,-0.01946549112591921
3183,0.0,19999.240530325405,0.0,0.00622112528917966,0.5541573614637771,-0.004497461636774193,0.1612093894891671,-0.014975082279175704
3184,0.23445192166140139,20000.0,0.1667133751061765,0.03148754845000297,0.015257537134491175,-0.03148754845000297,0.11742383378276432,-0.019928822130423882
3185,0.0,19997.48680952445,0.0,0.003978277309602717,0.5042365553246654,0.0050395068109888265,0.2334676502453346,-0.012438323448000069
3186,0.0,20000.0,0.0,0.01404066428911202,0.36216217932064076,-0.012816801714533924,0.27207600896792644,-0.012551866927960224
3187,0.0,19998.6537568942,0.0,0.0023392126318363933,0.32692020520749776,0.0018351126245758904,0.2885292678397978,-0.00823577306219939
3188,0.0,20000.0,0.009044956556084869,0.017768331587027602,0.3721885953916628,-0.017768331587027602,0.3136270661053573,-0.011095540619647853
3189,0.05000676102569468,20000.0,0.2239015419697938,0.020739904294367333,-0.015834383815034558,-0.020739904294367333,0.21478863112923974,-0.013988849722063695
3190,0.13693338165592417,20000.0,0.16781124177287277,0.02152395314730023,-0.13110000226879512,-0.02152334908996794,0.11102204110982926,-0.016249199532434967
3191,0.0,19998.144257040985,0.0,0.0014136539633649618,0.4741719589928306,0.0030224084293524224,0.21996701647472966,-0.010467717143898748
3192,0.0,20000.0,0.042453673012004645,0.020834794316612,0.02056040366789439,-0.020834794316612,0.16014503263267907,-0.013577840295712722
3193,0.0,20000.0,0.0,0.007702511952133953,0.3707190935657677,-0.006339572466495097,0.22331725091260562,-0.011406359946947433
3194,0.0,20000.0,0.07143990817864662,0.011458607654964663,0.009958887451237153,-0.011033871377653092,0.15930974187419505,-0.01129461337615913
3195,0.0,20000.0,0.02404982338792583,0.015618872545306823,0.11350922945295167,-0.015618872545306823,0.14556958814782203,-0.012591891126903437
3196,1.2751600345878247,20000.0,0.2956663241708672,0.02221791028333553,-0.2956663241708672,-0.02221791028333553,0.013198814452215268,-0.015479696873833063
3197,0.0,20000.0,0.1684351100442741,0.017307316486109305,-0.020352193783943106,-0.017307316486109305,0.0031335119813677556,-0.016027982757515935
3198,0.0,20000.0,0.05188839534873091,0.014981902276389633,-0.024968393270513586,-0.014981424283196257,-0.0052970595941966465,-0.01571401521522003
3199,0.0,20000.0,0.15365141652104805,0.010407181841399018,-0.1338950838150504,-0.010061085892525155,-0.04387646686045277,-0.014018136418411566
3200,0.0,19999.346537448775,0.0,0.004697440877484245,0.47097069905170974,-0.002665343563248929,0.11057768291319599,-0.010612298561862774
3201,0.0,20000.0,0.030479888873703485,0.016299054843403386,0.13597473226469214,-0.016032510758098414,0.11819679771864483,-0.012238362220733465
3202,0.0,20000.0,0.12527273359086,0.023848677871093838,-0.03845615803334663,-0.023848677871093838,0.07120091099304739,-0.015721456915841578
3203,0.0,20000.0,0.12230633149126406,0.03338801088603158,-0.12001764074197427,-0.03338801088603158,0.013835345472540887,-0.021021423106898578
3204,0.0,20000.0,0.13902023907858904,0.013961066186686686,-0.10373494971465716,-0.011909614567725726,-0.021435743083618525,-0.01828788054514672
3205,0.0,19999.830514480385,0.03417371862000658,0.007288117316053417,0.11272873872980042,-0.007251768906294659,0.018813601460407163,-0.0149770470534911
3206,0.0,19998.30835059279,0.01591644290818258,0.006523703714688746,0.28199369767407034,0.002676178687746336,0.09776763032450611,-0.00968107933111987
3207,0.0720705909630508,20000.0,0.19306212329106315,0.029077642701301726,-0.14400766194610606,-0.029077642701301726,0.02523504264332245,-0.015500048342174427
3208,0.0,20000.0,0.0,0.007974962542671934,0.22131986075650967,-0.0070604386462659536,0.0840604880772786,-0.012968165433401884
3209,0.0,20000.0,0.19043387397184508,0.013850620204363312,-0.006380915085803195,-0.01249951659699097,0.05692806712835406,-0.01282757078247861
3210,0.0,20000.0,0.0441742648184687,0.00653178349139322,0.091034434456273,-0.006430637290170312,0.06715997732672974,-0.010908490734786119
3211,0.0,19998.814095235855,0.0,0.003797699969210836,0.37536681675473804,0.0016747334790285155,0.15962202915513224,-0.007133523470641728
3212,0.0,19999.99275849785,0.06457670958381984,0.00433064347554293,0.25465862532846034,-0.0031956325257743185,0.18813300800713068,-0.005952156187181505
3213,0.0,20000.0,0.16257410831214633,0.012881037328580612,-0.010453414186000138,-0.012745366727809623,0.12855708134919142,-0.00799011934936994
3214,0.0,19999.866781587003,0.03473369056086246,0.004742697085919636,0.13091093277011231,-0.0028764700782978932,0.1292632367754677,-0.006456024568048326
3215,0.0,20000.0,0.007772734008722076,0.021172620882213382,0.2889135211225667,-0.021172620882213382,0.17715832207959736,-0.010871003462297843
3216,0.0,20000.0,0.029615839333700936,0.018891035123382877,0.09433575634202565,-0.018853527923029117,0.15231155235832583,-0.013265760800517223
3217,0.0,20000.0,0.0,0.00848221552417202,0.29423885734378163,-0.007916110562224559,0.19488974385396257,-0.011660865729029423
3218,0.0,20000.0,0.007884486072258456,0.010368568210709599,0.08323037385393925,-0.00925594961343196,0.16139193285395556,-0.010939390894350184
3219,0.0,20000.0,0.01622829678036452,0.022312734097711475,0.09251200042978043,-0.022312734097711475,0.140727953126703,-0.014351393855358571
3220,0.0,20000.0,0.1615677144294211,0.031311752550112815,0.01981124015481755,-0.031311752550112815,0.10445293923513736,-0.019439501463784842
3221,0.0,19998.708854011915,0.00520496703320979,0.009112217906919537,0.30724237028941787,-0.0015321533786595268,0.16528976855142152,-0.014067297038247247
3222,0.27260218584947804,20000.0,0.1928094940177265,0.01616360071970194,-0.17190725613559002,-0.01616360071970194,0.06413066114531804,-0.014696188142683655
3223,0.0,20000.0,0.14695851197180895,0.03145874303958272,-0.10106948705195196,-0.03145874303958272,0.014570616686137041,-0.019724954611753373
3224,0.0,19999.452815190903,0.0,0.008629688005505669,0.4001590259819173,-0.005792139105472324,0.13024713947487113,-0.015545109959869057
3225,0.0,19999.689638118514,0.15287483956914183,0.0077000058701868655,0.03729853765912608,-0.00525011330243889,0.1023625589301476,-0.012456610962640006
3226,0.0,20000.0,0.14877448116959188,0.012347784678915731,0.19645756222947697,-0.012347784678915731,0.1305910599199464,-0.012423963077522724
3227,0.0,20000.0,0.10224786905337784,0.01031365713229441,0.097521906071941,-0.007582946181568759,0.12067031376554478,-0.010971658008736535
3228,0.0,20000.0,0.005291692669953304,0.01730552402893745,0.2127356781656058,-0.01730552402893745,0.14828992308556307,-0.012871817814796807
3229,0.10139904239142439,20000.0,0.25101794654849313,0.016591731644364432,-0.18695012137382486,-0.016591731644364432,0.047717909747746694,-0.013987791963667093
3230,0.0,20000.0,0.12905601450747584,0.023757547067937066,0.019642706447988278,-0.023757547067937066,0.03929534875781916,-0.016918718494948082
3231,0.0,20000.0,0.10337413741895826,0.022907645956196845,-0.038896704699450516,-0.022907072164785172,0.015837732720638258,-0.018715224595899208
3232,0.0,20000.0,0.15109005833428057,0.008977655909349716,0.020293994906826845,-0.008676050615228902,0.017174611376494835,-0.015703472401698115
3233,0.0,20000.0,0.13533977113816617,0.015664356811139424,-0.04124027750218742,-0.015232436401186171,-0.00034985528710984246,-0.015562161601544531
3234,0.0,20000.0,0.1462258609932145,0.029985714690982684,-0.02104377082128258,-0.029985714690982684,-0.006558029947361664,-0.019889227528375977
3235,0.0,20000.0,0.040545144080314,0.014956818303054193,0.13773101883344355,-0.014956818303054193,0.0367286846868799,-0.01840950476077944
3236,0.22263549229445956,20000.0,0.2300133763022696,0.019682222978673506,-0.22324223486608705,-0.019682222978673506,-0.04126259117901018,-0.01879132022614766
3237,0.0,20000.0,0.06848101424714371,0.015410942283845838,0.05403277489384155,-0.015410942283845838,-0.01267398135715466,-0.017777206843457113
3238,0.02446940560509714,20000.0,0.18213774079425202,0.02324351890262004,-0.1810376999757852,-0.02324351890262004,-0.06318309694274382,-0.01941710046120599
3239,0.0,20000.0,0.1721849671304523,0.02105133250696393,-0.05500737504356874,-0.02105133250696393,-0.0607303803729913,-0.019907370074933373
3240,0.0,20000.0,0.15972563392070377,0.028690360596523003,-0.11732749074897982,-0.028690360596523003,-0.07770951348578786,-0.02254226723141026
3241,0.0,20000.0,0.0911265515412188,0.016449520850226437,-0.027349789871127975,-0.016300292517179505,-0.06260159640138989,-0.02066967481714103
3242,0.0,20000.0,0.06799745279199558,0.013581803806494326,0.11269973473776568,-0.013514177793403487,-0.01001119705964322,-0.018523025710019767
3243,0.0,19999.117802262295,0.0019752070929207072,0.005004974284304236,0.29681117527076156,-0.0033967655457317184,0.08203551463947821,-0.013985147660733353
3244,0.0,19998.627911788863,0.009803490368126054,0.003572376291143224,0.3947566101411804,0.0013416828841148576,0.17585184328998887,-0.00938709849727889
3245,0.0,20000.0,0.022465849963896584,0.01343610622296285,0.16348831574701328,-0.013421210982245484,0.17214278502709618,-0.010597332242768868
3246,0.0,19998.342409221706,0.0,0.002098642303243297,0.614424341375351,0.017117006853487365,0.3048272519315726,-0.0022830305138919985
3247,0.0,20000.0,0.035148102270243564,0.007499836844344798,0.21990930323769622,-0.0063938351109317955,0.27935186732340966,-0.0035162718930039374
3248,0.0,20000.0,0.026804614116534956,0.010915519488642365,0.17399118459334997,-0.010637326274024191,0.24774366250439175,-0.005652588207310013
3249,0.0,20000.0,0.007503160306412415,0.01074217768268465,0.4660577766674997,-0.0054176346279391574,0.31323789675332414,-0.0055821021334987566
3250,0.0,20000.0,0.00836887496673668,0.00378474961908664,0.12840721679120362,0.002882937669024772,0.25778869276468797,-0.003042590192741698
3251,3.8276928423388084,20000.0,0.39978181220054804,0.034720863694474066,-0.39978181220054804,-0.034720863694474066,0.06051754127511716,-0.012546072243261408
3252,0.0,20000.0,0.09948218908800384,0.01894277846690214,0.02704847811094202,-0.018938114978327,0.05047682232586462,-0.014463685063781085
3253,0.0,19999.911085702006,0.014159584186461646,0.0005408335261814259,0.28211644492489507,0.006683758486930963,0.11996870910557375,-0.00811945199856747
3254,0.0,20000.0,0.04889733936849432,0.0067930478906633425,0.10320850732442421,-0.006081940929473092,0.11494064857122888,-0.007508198677839156
3255,0.0,20000.0,0.09099573193393673,0.016769521932467328,0.06024350945091239,-0.016753320263991376,0.09853150683513393,-0.010281735153684822
3256,0.0,20000.0,0.002098645849303127,0.0061262791146343785,0.302236820070488,-0.0019104571708998385,0.15964310080574015,-0.007770351758849327
3257,0.6742204398141447,20000.0,0.14494695493114973,0.030530721133262727,-0.1329425836129666,-0.030530721133262727,0.0718673954801281,-0.014598462571173346
3258,0.0,20000.0,0.050360029134095985,0.008667731040396868,0.2239444794229364,-0.0059739827314183305,0.11749052066297058,-0.01201111861924684
3259,0.9477284567876314,20000.0,0.2424765627402497,0.01688441680471474,-0.19522080117920587,-0.01688441680471474,0.023677124110317638,-0.013473108074887209
3260,0.0,20000.0,0.019528624377766896,0.003925337050752628,0.05656283738133057,-0.001663998817392338,0.033542838091621514,-0.009930375297638747
3261,0.0,20000.0,0.010373993495368241,0.018067996351008957,0.22705612212769186,-0.018067996351008957,0.09159682330244262,-0.012371661613649809
3262,0.4800805206764771,20000.0,0.21311705671615302,0.02022399095359543,-0.16319075671451042,-0.02022399095359543,0.015160549297356704,-0.014727360415633495
3263,0.0,20000.0,0.10394553442534774,0.014959257110619522,-0.0484695954210728,-0.014959257110619522,-0.003928494118172147,-0.014796929424129301
3264,0.0,20000.0,0.009324808179967049,0.001308859221495016,0.10898411898604311,0.0015801427192284614,0.029945289813092427,-0.009883807781121972
3265,0.0,20000.0,0.00118790718020493,0.008092601360794158,0.48193797517361897,-0.005767874807893684,0.1655430954212504,-0.008649027889153485
3266,0.0,20000.0,0.10442292866579105,0.011624703560456614,0.16185887972608728,-0.011527656120642415,0.16443783071270146,-0.009512616358600163
3267,0.0,20000.0,0.0014516098783167008,0.005656485666362124,0.27319806314055955,0.0007749791889854172,0.19706590044105887,-0.006426337694324489
3268,0.0,20000.0,0.0907196610717566,0.019894251077850904,0.08574277494753982,-0.019894251077850904,0.16366896279300314,-0.010466711709382414
3269,0.0,20000.0,0.060448578432301975,0.009130312131306058,0.18130208267927694,-0.007715309826709343,0.16895889875888526,-0.009641291144580493
3270,0.0,20000.0,0.0410087131623584,0.00789026168254436,0.23307509470691673,-0.0017365702720026717,0.18819375754329468,-0.007269874882807146
3271,0.29746560796226884,20000.0,0.12323078805907917,0.01513897282328573,-0.09778574335134631,-0.014607446748257228,0.10239990727490238,-0.00947114644244217
3272,2.451141050152908,20000.0,0.3627479447759389,0.040358518136234214,-0.35574497227509366,-0.040358518136234214,-0.035043556590096434,-0.018737357950579785
3273,0.0,20000.0,0.0,0.011825504200481207,0.262476434008455,-0.011825504200481207,0.05421244058946899,-0.01666380182555021
3274,0.37777042817960527,20000.0,0.14802526364288682,0.02269484269596931,-0.1438883368864205,-0.02269484269596931,-0.005217792653297859,-0.01847311408667594
3275,0.0,20000.0,0.016563826425050932,0.0004240443757161284,0.33666810194023983,0.0036977494520957247,0.09734797572476345,-0.01182185502504444
3276,0.0,20000.0,0.09332172523985931,0.012153423503967805,0.05822221013830299,-0.012153423503967805,0.0856102460488253,-0.011921325568721448
3277,0.0,20000.0,0.0862478028009503,0.018116843924217384,-0.03832300411873482,-0.018116843924217384,0.04843027099855727,-0.013779981075370228
3278,0.0,20000.0,0.00044405832569420516,0.0071481332568922125,0.33433422619452413,-0.00012626075817744547,0.1342014575573473,-0.009683864980212393
3279,0.0,20000.0,0.046273773086071286,0.019952010848843467,0.2312915852868933,-0.019827771278967114,0.1633284958762111,-0.01272703686983881
3280,0.0,19998.44418413424,0.0,0.0010474273643747698,0.8430224323551748,0.015605055282902635,0.3672366768199002,-0.0042274092240163754
3281,1.846220695095583,20000.0,0.26635016408016077,0.020744123334721264,-0.26635016408016077,-0.020744123334721264,0.1771606245498819,-0.009182423457227841
3282,0.0,20000.0,0.05463163856412756,0.012088823297748354,0.07877309940322241,-0.009213769880036618,0.14764436700588404,-0.009191827384070473
3283,0.0,20000.0,0.04619600960653135,0.025837475350967323,0.05941742923368521,-0.025837475350967323,0.12117628567422438,-0.014185521774139526
3284,0.0,20000.0,0.004762368522951167,0.0063208392930187325,0.3144143372836366,-0.003887494886802077,0.17914770115704803,-0.01109611370793829
3285,0.0,20000.0,0.07527417264102919,0.014866009453951256,0.052594614103442,-0.014866009453951256,0.1411817750409662,-0.01222708243174218
3286,0.0,20000.0,0.0,0.0032918288172158177,0.4598460265813343,0.0014773651805821144,0.23678105050307663,-0.008115748148044891
3287,0.0,20000.0,0.025124008232587806,0.013395275022249723,0.2019245299388502,-0.013312329793868885,0.22632409433380868,-0.009674722641792088
3288,0.0,20000.0,0.02141180891209362,0.01286261369279687,0.27152549343419186,-0.012587018690615714,0.23988451406392364,-0.010548411456439175
3289,0.48629547302159803,20000.0,0.20705599192603985,0.028441501189003952,-0.17184832285237417,-0.028441501189003952,0.11636466298903428,-0.015916338376208608
3290,0.0,19999.114659364437,0.0,0.0009555863948619125,0.5241892429259669,0.010462725556767275,0.23871203697011406,-0.008002619196315841
3291,0.9442754034436898,20000.0,0.27223706464801617,0.03247410846637435,-0.2709330356061045,-0.03247410846637435,0.0858185151972485,-0.015344065977333392
3292,0.0,20000.0,0.2197825212050818,0.025176491472534354,-0.10980784683752712,-0.025176491472534354,0.027130606586815806,-0.01829379362589368
3293,0.0,20000.0,0.053436455664676856,0.018973027591874667,0.34548490524680425,-0.01740091863739118,0.12263689618481234,-0.018025931129342927
3294,0.0,20000.0,0.07271926312518463,0.018168422404622846,-0.0030420473970571415,-0.018168422404622846,0.08493321311025148,-0.0180686785119269
3295,0.0,20000.0,0.11642088513393005,0.009377436799558617,-0.03188957915953174,-0.009053444910237076,0.04988637542931651,-0.015364108431419953
3296,0.0,20000.0,0.17524630069005356,0.01862026445744413,0.001724867727220829,-0.01755627911567036,0.0354379231186878,-0.016021759636695075
3297,0.0,20000.0,0.13390188477407028,0.019944855402245897,0.05022539863648605,-0.019944855402245897,0.039874165774027276,-0.01719868836636032
3298,0.0,20000.0,0.3470646504677068,0.03128436969120565,-0.2104924698121071,-0.03128436969120565,-0.03523582490181303,-0.021424392763813915
3299,0.0,20000.0,0.15828280919849463,0.01227094484335045,-0.0820269680670384,-0.011940277514248957,-0.04927316785138064,-0.018579158188944428
3300,0.0,20000.0,0.009962989757146035,0.0074999047989148405,0.33047969637936375,-0.0038237784572030292,0.06465269141784269,-0.014152544269422009
3301,0.0,20000.0,0.019705276978930313,0.004594005043137807,0.2269095580314702,-0.0013460012762885017,0.11332975140193094,-0.010310581371481956
3302,0.0,19998.585975418548,0.0,0.0004682468362240285,0.7004759730141725,0.01589130614715222,0.2894736178856034,-0.002450015115891703
3303,0.0,20000.0,0.00043812301154616144,0.006860416678828331,0.31897437203097395,-0.005225901207814709,0.29832384412921453,-0.0032827809434686044
3304,0.37953590449790875,20000.0,0.16631588591626276,0.014351638972939777,-0.1347406254563099,-0.014197921231083608,0.1684045032535572,-0.006557323029753105
3305,0.0,20000.0,0.17997994435023185,0.01453965805434065,-0.126352827596209,-0.014537194239591074,0.07997730399862732,-0.008951284392704494
3306,0.0,20000.0,0.13691008219079576,0.019107353853042842,-0.038861853455013015,-0.018522530908910918,0.04432555676253522,-0.01182265834756642
3307,0.0,20000.0,0.0005946654910122226,0.005726783035178144,0.29808638344700966,0.0011563132228649753,0.12045380476787755,-0.007928966876437
3308,0.0,20000.0,0.04268537449530307,0.01576319195196737,0.11641515685528366,-0.014945260149160446,0.11924221039409938,-0.010033854858254032
3309,0.0,20000.0,0.13633009151397169,0.0158369471737003,0.10114030864848063,-0.0158369471737003,0.11381163987041373,-0.011774782552887912
3310,0.0,20000.0,0.05418201311105783,0.007389284926891214,-0.01961567647350731,-0.006696467515125357,0.07378344496723742,-0.010251288041559144
3311,0.0,20000.0,0.0,0.011401242980258566,0.39691745618957314,-0.009997179267704761,0.17072364833393813,-0.01017505540940283
3312,0.0,20000.0,0.000691413120854776,0.004489071752472898,0.3258811773624095,0.00016662904448388674,0.21727090704247953,-0.0070725500732368145
3313,0.0,20000.0,0.0,0.002499448299920318,0.3770603771476046,0.0037261301221766584,0.26520774807401704,-0.003832946014612772
3314,0.0,20000.0,0.042685334788504344,0.007076282442493673,0.08262282761780468,-0.006273172296393414,0.2104322719371533,-0.004565013899146965
3315,0.0,20000.0,0.060913116483158086,0.010212324181325214,0.038105963717861305,-0.010054431352914879,0.15873437947136568,-0.006211839135277339
3316,0.0,20000.0,0.12125427052843475,0.02279966633316429,0.0212546314082938,-0.02279966633316429,0.1174904550524441,-0.011188187294643423
3317,0.0,20000.0,0.09811923763070428,0.011974458734945112,-0.05142366201012702,-0.011971683453062473,0.06681621993367276,-0.011423236142169137
3318,0.0,20000.0,0.23409677121689126,0.024943254558535726,-0.15440466695730704,-0.024943254558535726,0.0004499538663788258,-0.015479241667079112
3319,2.4959069867323302,20000.0,0.43105450105491633,0.03247460909822023,-0.4306768677071315,-0.03247460909822023,-0.12888809260567424,-0.020577851896421445
3320,0.0,20000.0,0.01303221799068557,0.011346723786231229,0.08717071975551269,-0.010892091249512834,-0.06407044889731817,-0.01767212370234886
3321,0.0,20000.0,0.0,0.010616578837375053,0.2636865798915829,-0.009436164631138381,0.034256659739352144,-0.015201335980985716
3322,0.0,20000.0,0.06747962293013464,0.009999332409807039,-0.01172525088367401,-0.008409697834481387,0.020462086552444296,-0.013163844537034418
3323,0.5784146334905425,20000.0,0.17749847720169795,0.023047341520020255,-0.1552205698881045,-0.023047341520020255,-0.032242710379720346,-0.016128893631930166
3324,1.9658452632108712,20000.0,0.3034069365996657,0.03196345815212614,-0.27451290096313397,-0.03196345815212614,-0.10492376755474443,-0.020879262987988957
3325,4.566865156259212,20000.0,0.47572638514047977,0.034219220458558734,-0.47572638514047977,-0.034219220458558734,-0.216164552830465,-0.024881250229159886
3326,0.0,19998.68006411977,0.0,0.00296249711960457,0.4081543894763972,0.00889273831472154,-0.02886887013840636,-0.014749053665995457
3327,0.2340538487451962,20000.0,0.04594200888929993,0.009763660524615693,0.05722655496109563,-0.009761617363891075,-0.00304024260855576,-0.013252822775364142
3328,0.0,20000.0,5.074316176603751e-05,0.009324613134658525,0.437470318578978,-0.0067565580959282005,0.12911292574770436,-0.011303943371533358
3329,0.3893202064035881,20000.0,0.20235885824040648,0.016551485897996824,0.05140996003989969,-0.01631492292433528,0.10580203603536295,-0.012807237237373936
3330,0.37403420445460794,20000.0,0.07547023180842176,0.013390008460140717,0.04274800927319018,-0.012831526359001892,0.08688582800671112,-0.012814523973862322
3331,0.15705565464525106,20000.0,0.06267270707264137,0.009941765938295134,0.021137657440949746,-0.009552207830301689,0.0671613768369827,-0.011835829130794132
3332,4.095179595073844,20000.0,0.3894656317391123,0.0382568985650237,-0.3868426330541332,-0.0382568985650237,-0.06903982613035206,-0.019762149961063
3333,4.250404425423943,20000.0,0.38009460718311944,0.031233522341705938,-0.3752356141190861,-0.031233522341705938,-0.16089856252697227,-0.02320356167525588
3334,0.0,20000.0,0.016969649217437904,0.011197001693952156,0.17719822802540244,-0.006083418397578547,-0.05946952536125985,-0.018067518691952677
3335,0.0,20000.0,0.0,0.010115418233489729,0.47628978220949253,-0.0073067576975575504,0.10125826690996585,-0.014839290393634139
3336,2.9959582909067373,20000.0,0.14861276047826316,0.016337564696659642,-0.14271793597827417,-0.01628879943027678,0.028065406043493835,-0.015274143104626929
3337,3.4599224994382474,20000.0,0.23226979429108527,0.017527876074864144,-0.20375485685277095,-0.01692655729195301,-0.041480672825385596,-0.015769867360824752
3338,0.0,20000.0,0.06325074710107913,0.014466648768383791,0.17630263098241153,-0.014466648768383791,0.02385431831695354,-0.015378901783092463
3339,0.0,19999.677933983596,0.0026248792467021944,0.0009643143070488295,0.4201799944370589,0.007572282825047546,0.14275202115298513,-0.008493546400650458
3340,2.8108058678687087,20000.0,0.162137875617032,0.018353502962633456,-0.11672025654313165,-0.018353502962633456,0.0649103378441501,-0.011451533369245356
3341,2.422290952538201,20000.0,0.2177893027915985,0.022734077205194325,-0.11433526754738497,-0.022734077205194325,0.011136656226689572,-0.014836296520030046
3342,0.1841370655726744,20000.0,0.022870150787248474,0.010488209829891744,0.11044908361880218,-0.010488209829891744,0.04093038444432335,-0.013531870512988554
3343,2.4642126890460494,20000.0,0.1912407020549967,0.01673319695548272,-0.12477288605607165,-0.01671642963845745,-0.008780596705795153,-0.014487238250629222
