episode,lam_util,lam_tp,mean_util_gap,mean_tp_gap,mean_util_slack,mean_tp_slack,util_slack_ema,tp_slack_ema
1,0.0,0.11285286811031858,0.005016468015262083,0.002170774045401321,0.5413807293998738,0.00018155652477016968,0.16241421881996213,5.44669574310509e-05
2,0.0,0.05573447349629304,0.0,0.0028205034348301274,0.5248951568188815,0.0005230884759285563,0.27115850021963794,0.00019505341298030253
3,0.0,0.1135520847091085,0.0,0.0021436388756300964,0.5250232787023046,-0.0001853169962248895,0.3473179337644379,8.094229021874492e-05
4,0.0,0.7136486747602887,0.0,0.002465778333296222,0.5285612539210548,-0.0014567544632202217,0.40169092981142296,-0.00038036673581294506
5,0.143799640816336,3.4481458272256487,0.11427744929418761,0.005919580376906651,0.10067103086565483,-0.005765335339288487,0.3113849601276925,-0.0019958573168556075
6,0.0,4.828591479248533,0.0018442311700246812,0.004908160621180149,0.4628913072804497,-0.0023965523703735406,0.3568368642735197,-0.0021160658329109874
7,0.0,10.488621795919917,0.02331176504199934,0.00962454237830283,0.40474593239558887,-0.00962454237830283,0.37120958471014043,-0.0043686087965285406
8,0.8747631840861341,17.074223443111194,0.2059429463904595,0.011333742822510862,0.005905594901773966,-0.011333742822510862,0.26161838776763047,-0.006458149004323236
9,0.0,20.06121411676305,0.0,0.0035398090440013396,0.742274284957349,-0.001403173531877343,0.405815156924546,-0.004941656362589468
10,0.0,26.426033232901336,0.07985802343422675,0.0063514752075783465,0.15329807735165987,-0.006326898930676831,0.33006003305268017,-0.005357229133015676
11,0.0,30.383144931023192,0.002124121168253402,0.004996943524669545,0.5567348170214907,-0.002873206112847525,0.39806246824332336,-0.004612022226965231
12,0.0,35.66609150080968,0.08519826790023646,0.0052603232252396055,0.3375641299859464,-0.005233524080706964,0.37991296676611025,-0.004798472783087751
13,0.0,36.89175194899444,0.00254095485562498,0.0019798152638781995,0.4295711163262229,0.0024506669186658316,0.394810411634144,-0.002623730872561676
14,0.0,40.597822979743974,0.0,0.004059502064303301,0.5787349749327826,-0.0026132500453217166,0.44998778062373557,-0.0026205866243896882
15,0.0,39.003652754437326,0.0,0.0009310336557535945,0.6493821196929287,0.006163432070990173,0.5098060823444934,1.4618984224270323e-05
16,0.022683998110575754,41.372528530919546,0.046947022764791624,0.003655223070344232,0.1621795034032152,-0.002205989258274712,0.4055181086621099,-0.0006515634885254244
17,0.0,41.42409097295003,0.00026730066581259277,0.0017193266819473833,0.5279787215058229,-9.550138410856563e-05,0.4422562925152238,-0.00048474485720036674
18,0.0,43.332663637151704,0.0016789762830520377,0.004306015053653671,0.5149816314896177,-0.0032772833808228092,0.46407389420754197,-0.0013225064142870994
19,0.0,43.195394027335595,0.0,0.0011188235116154608,0.9013364476942094,0.0008460253472958858,0.5952526602535422,-0.0006719468858122037
20,0.0,46.672491805106596,0.009266726874727708,0.006334816725800002,0.45488265853171544,-0.005838345068565009,0.5531416597369941,-0.002221866340638045
21,0.0,50.30833479813092,0.0,0.006782150465219707,0.6165496038884903,-0.006782150465219707,0.5721640429824429,-0.0035899515780125433
22,0.0,52.751586397334584,0.0,0.003824731849967717,0.7210448799713837,-0.002626082077759152,0.6168282940791252,-0.003300790727936526
23,0.0,55.96202911324554,0.0,0.0038438046874077225,0.4500244127583115,-0.0028113564840540686,0.566787129682881,-0.0031539604547717883
24,0.0,61.196949730902496,0.0,0.007336345926235949,0.776339716674893,-0.007336345926235949,0.6296529057804845,-0.004408676096211036
25,0.0,63.440043704531035,0.03714610094403233,0.0034063059645991624,0.43997769315354945,-0.001204042133996704,0.5727503419924039,-0.003447285907546736
26,0.0,68.43499565349026,0.0,0.006043700882991496,0.6340653378968394,-0.005670142047297465,0.5911448407637345,-0.0041141427494719544
27,0.0,68.47110514443446,0.0,0.0008811782698398465,0.6210949938521999,0.003687117328788807,0.6001298866902741,-0.0017737647259937258
28,0.0,72.0610051622482,0.0,0.0032278001198246063,0.5668590181561312,-0.003119486142828962,0.5901486261300313,-0.0021774811510442966
29,0.0,72.63885039419128,0.000594906612178807,0.0017976318835807017,0.6605922941010696,0.0007345557376555904,0.6112817265213427,-0.0013038700844343303
30,0.0,80.00901854781407,0.05352675825473838,0.01303197953419157,0.2400345876432846,-0.01303197953419157,0.4999075848579253,-0.0048223029193615015
31,0.0,82.2103137085236,0.009815230570490337,0.00538737013114416,0.568234382159907,-0.0030269042918857052,0.5204056240485198,-0.0042836833311187626
32,0.0,82.20963529116423,0.0,9.543406777154003e-05,0.8009548982844555,0.005203132382630204,0.6045704063193005,-0.0014376386169940726
33,0.0,88.02269524610399,0.006228879111038447,0.007641390216902402,0.5528513517188351,-0.007588469827167667,0.5890546899391609,-0.003282887980046151
34,0.0,88.92479596319836,0.0,0.0013963048376137866,0.8063397576026902,-0.0002450492687425351,0.6542402102382197,-0.002371536366655066
35,0.0,90.83917683605833,0.002098645849303127,0.0031171498284349045,0.6964311929100344,-0.0004698044906329313,0.6668975050397641,-0.0018010168038484257
36,0.0,95.33749476566045,0.0,0.007175139939960912,0.5730647982183112,-0.0068261029379116985,0.6387476929933282,-0.0033085426440674073
37,0.0,99.73256262399987,0.012292285905944726,0.007145053564557031,0.5323399458343787,-0.007142476257362217,0.6068253688456433,-0.00445872272805585
38,0.0,101.28570197884987,0.010373993495368241,0.0030729297226739843,0.48269685975691834,0.0003964717119683481,0.5695868161190258,-0.0030021643960485905
39,0.0,102.95032103790432,0.0,0.0015741843425946802,0.8810338458701489,0.0013016366518634713,0.6630209250443627,-0.0017110240816749717
40,0.0,103.0836895320913,0.0,0.0012867421645184507,0.8810338458701489,0.002920696219730841,0.7284248012920985,-0.0003215079912532278
41,0.0,105.32038724211364,0.016553033591690525,0.003983574718981202,0.6225901317259892,-0.002864073977832858,0.6966744004222657,-0.0010842777872271169
42,0.8625111705174606,110.8034842125749,0.10612462113392435,0.01104303628977106,0.1519179589481268,-0.01104303628977106,0.533247467980024,-0.0040719053379903
43,0.0,112.55866494166946,0.0,0.0034899393730763732,0.8933406894008219,-0.0023575077681691624,0.6412754344062633,-0.0035575860670439582
44,0.0,115.14303043593357,0.003618655286169327,0.0030117470538361143,0.5774650387801837,-0.0009942939665168174,0.6221323157184394,-0.0027885984368858155
45,0.0,115.45085656165193,0.00026730066581259277,0.0023216961995150675,0.5992902250878821,0.003180705992794408,0.6152796885292722,-0.0009978071079817484
46,0.0,116.88675112945305,0.0,0.00247070818060349,0.7825790976247552,-4.508168166367242e-05,0.6654695112579171,-0.0007119894800863255
47,0.0,118.20920128394575,0.00012809561823393342,0.0029662500394403747,0.6677152246717951,-0.0016860558560418324,0.6661432252820805,-0.0010042093928729775
48,0.0,116.20938990184129,0.0,0.0010422044748355202,0.9507726258773029,0.004949771479177208,0.7515320454606471,0.0007819848687420782
49,0.0,116.29061498251988,0.0,0.0025978324398074695,0.8153973470398858,0.0008442498299647115,0.7706916359344186,0.0008006643571088681
50,0.0,118.28592410412378,0.010525119878330434,0.005727844879077882,0.49447956132379806,-0.005004822589827322,0.6878280135512324,-0.0009409817269719889
51,1.01404019763558,116.55019222527844,0.07243398190629491,0.0005143221471813875,0.13114967288121,0.002821290280896564,0.5208245113502256,0.000187699875388577
52,0.0,120.16309598094216,0.003618655286169327,0.0069173549834167375,0.6636129434949036,-0.0065545143535114744,0.5636610409936289,-0.0018349643932814384
53,0.0,121.06433475925967,0.0,0.002961273227666777,0.8523178776319089,-0.001996644641971172,0.6502580919851129,-0.0018834684678883584
54,0.0,123.03982121243546,0.0,0.0026462453223094437,0.8318064717474518,-0.00212569768161938,0.7047226059138145,-0.001956137232007665
55,0.0,125.21338902862082,0.009328369294777893,0.003822523571712233,0.5713792049525581,-0.0024848142450021307,0.6647195856254375,-0.0021147403359060048
56,0.0,123.02570294093098,0.0,0.00031450055574795146,0.8492540083004736,0.006683436480024545,0.7200799124279482,0.0005247127088731604
57,0.0,127.04863174160108,0.0,0.006385674626331646,0.7005334740869263,-0.006200110181030345,0.7142159809256416,-0.0014927341580978912
58,0.0,126.67888372484485,0.0005485073948209855,0.002648321497885172,0.5683947246221305,0.00028592988642001533,0.6704696040345883,-0.0009591349447425193
59,0.0,127.49026159939508,0.000691413120854776,0.0026764098234424967,0.7497608482096239,-9.547520126339477e-05,0.6942569772870989,-0.0007000370216987819
60,0.0,127.08907599598335,0.0,0.0013120513937689997,0.8605224399856916,0.001864070450451992,0.7441366160966767,6.919521994645024e-05
61,0.0,128.20074451958382,0.0004553693345490983,0.0034081183672098354,0.5979764446646411,-0.0015896539940625472,0.700288564667066,-0.00042845954425624897
62,0.0,131.01844758994193,0.0,0.006860109148613464,0.7099562223738421,-0.005924440603012988,0.7031888619790988,-0.0020772538618832707
63,0.0,131.29378748066216,0.02314710660051321,0.0016665389397888235,0.34519079777081235,-4.076050282171322e-05,0.5957894427166128,-0.0014663058541648033
64,0.0,131.11293978569387,0.0,0.001569208906265857,0.7005334740869263,0.0026016682145692167,0.6272126521277068,-0.00024591363354459727
65,0.0,133.52147191700467,3.867622823394803e-05,0.004205783833203771,0.6742459313303873,-0.003480126940744787,0.6413226358885109,-0.001216177625704654
66,0.0,135.98376982913797,0.0,0.005517805988639254,0.6319172759723676,-0.004822953214264376,0.6385010279136678,-0.0022982103022725704
67,0.0,139.43876951295724,0.0,0.006165798865409246,0.6061493813769913,-0.005835305551919786,0.6287955339526649,-0.003359338877166735
68,0.0,140.22480474807085,0.0,0.0016690517860000144,0.6598353498245941,0.0008963681115958199,0.6381074787142436,-0.0020826267805379686
69,0.0,144.43292335003747,0.002548525337560068,0.00568187076360383,0.4450604305494373,-0.005180826307859294,0.5801933642648016,-0.003012086638734366
70,0.0,146.17583099914074,0.0,0.002193351187416406,0.8933406894008219,-0.0013361510959575408,0.6741375618056077,-0.002509305975901318
71,0.0,145.06424717848637,0.000691413120854776,0.0012383258613956347,0.6682288867548414,0.005557944290707484,0.6723649592903778,-8.913089591867734e-05
72,0.0,148.758308673301,0.0,0.005218069988969022,0.7456585670327318,-0.005078387268636654,0.694353041613084,-0.0015859078077340703
73,0.0,155.14151253450297,0.0,0.013180890317100062,0.6136902287580053,-0.013139417202266567,0.6701541977565604,-0.005051960626093819
74,0.0,157.32622111351793,0.0,0.004061899082099366,0.7497608482096239,-0.0026889905471376542,0.6940361928924794,-0.004343069602406969
75,0.0,161.99279073828222,0.0,0.004646011764559547,0.6718175058486862,-0.004278599832644213,0.6873705867793414,-0.004323728671478142
76,0.0,169.81688147260937,0.0,0.01164172595494297,0.8892384082239309,-0.011596002832696056,0.7479309332127182,-0.006505410919843515
77,0.0,175.47409774492797,0.002039600691271472,0.007010924412880587,0.48843569882021803,-0.007010924412880587,0.6700823628949681,-0.006657064967754636
78,0.0,180.24791383965717,0.0,0.003730267219538429,0.6892825006998071,-0.0028916027821923535,0.6758424042364197,-0.005527426312085951
79,0.0,183.85009995965194,0.0,0.0019674498792953887,0.7784768164478628,-0.00033980231224115556,0.7066327278998525,-0.003971139112132512
80,0.0,190.004028082313,0.0,0.0068978483963090306,0.7032392283678385,-0.006897483717448844,0.7056146780402484,-0.004849042493727411
81,0.0,192.61314881279077,0.0010194149834862722,0.0038547311546250533,0.503181272353457,-0.0010970215094519187,0.6448846563342109,-0.003723436198444763
82,0.0,194.32215190833358,0.0004553693345490983,0.0032162315917777496,0.7046357552638177,0.0016458059901869875,0.6628099860130929,-0.0021126635418552376
83,0.0,197.96826210919733,3.867622823394803e-05,0.004172973086156991,0.5384755955447759,-0.0036294558975088573,0.6255096688725978,-0.002567701248551323
84,0.0,200.37585115140425,0.004842569879360137,0.004676311829554604,0.5661709421563171,-0.0027081317631422516,0.6077080508577136,-0.0026098304029286016
85,0.0,205.0436016135695,0.008859527535679382,0.0072160663564001075,0.3881265373231631,-0.006941048395481308,0.5418335967973484,-0.003909195800694413
86,0.0,203.73994946752074,0.0,0.0002122582028400193,0.8953469165169982,0.0055973984656811455,0.6478875927132433,-0.0010572175207817457
87,0.0,212.54311724184805,0.011637460582824357,0.014223803174092668,0.45519394920824663,-0.014223803174092668,0.5900794996617442,-0.005007193216775022
88,0.0,217.0087988862742,0.0,0.008013731646948222,0.7408660701314443,-0.007993602124374543,0.6353154708026543,-0.005903115889054877
89,0.0,222.46798187489944,0.0,0.005975344626902094,0.8153973470398858,-0.005911508463451254,0.6893400336738237,-0.0059056336613737895
90,0.0,226.55286919610762,0.00026730066581259277,0.0027499190992163803,0.5337259431807475,-0.0021150347988610203,0.6426558065259007,-0.004768454002619958
91,0.0,230.80347788315626,0.0,0.0040042843918683515,0.6904752316943334,-0.002505047450644467,0.6570016340764305,-0.0040894320370273105
92,0.0,234.32006718779502,0.0,0.0031214961911082374,0.8646247211625829,-0.0021886951303921303,0.7192885602022763,-0.0035192109650367563
93,0.0,236.08874146739365,0.019323394380663786,0.0018283054543766003,0.44234595117923464,0.0007217207462828135,0.6362057774953638,-0.002246931451640885
94,0.0,240.92129641009424,0.0,0.006322182052935115,0.8071927846861038,-0.006308355898227933,0.6875018796525858,-0.0034653587856169994
95,0.0,245.74377613216956,0.0,0.007561889209463632,0.9138520952852808,-0.007561889209463632,0.7554069443423943,-0.004694317912770989
96,0.0,251.2131461205857,0.0010723135721527437,0.007638263994836865,0.628282874939138,-0.007589175494483749,0.7172697235214174,-0.005562775187284817
97,0.0,254.20868838766003,0.0,0.002373228464998174,0.8885395810478997,-0.0011190162644649324,0.768650680779362,-0.004229647510438851
98,0.0,259.0500427426558,0.0025622923163736372,0.0043159727758855125,0.40106834242094336,-0.00411536210655119,0.6583759792718364,-0.004195361889272553
99,0.0,262.5024423557373,0.015435991888557288,0.0028396236201372257,0.6061810070184239,-0.0026118096251595358,0.6427174875958126,-0.0037202962100386476
100,0.0,265.5198231963658,0.035364330934914374,0.0032188271042068784,0.42363330971248125,-0.001761029107898946,0.5769922342308131,-0.003132516079396737
101,0.0,265.46500118107895,0.0,0.0002489674330944148,0.6737081086779527,0.004120042587279425,0.606006996564955,-0.0009567484793938884
102,0.0,268.4011003000257,0.0,0.004116251579322257,0.6799557864397519,-0.0028139710617927477,0.628191633527394,-0.001513915254113546
103,0.0,267.6276497382472,0.0,0.0015122846818755862,0.7318136818640462,0.0026710481386619115,0.6592782480283896,-0.00025842623628090876
104,0.0,271.19923539463935,0.0,0.006214296187162199,0.7046357552638178,-0.005853040634603639,0.672885500199018,-0.0019368105557777278
105,0.0,273.975893378343,0.0,0.005929600269219717,0.5645513428968388,-0.005434809696765954,0.6403852530083642,-0.0029862102980741955
106,0.0,275.6589929701272,0.0210799992239053,0.0028249776882501923,0.4029378149590418,-0.0013645210581954602,0.5691510215935675,-0.0024997035261105746
107,0.0,277.4325013582071,0.00010894205261436085,0.0021410513431913457,0.6068657058379626,-0.00048001910108457375,0.580465426866886,-0.0018937981986027743
108,0.0,279.6076203199669,0.0,0.003491489989576658,0.542617121324436,-0.00184873173902596,0.5691109352041509,-0.0018802782607297299
109,0.0,280.5963995899587,0.002028817372274328,0.0023065049227568527,0.4911917031970651,-8.905428074622525e-06,0.5457351656020251,-0.0013188664109331975
110,0.0,284.58367629331616,0.0,0.007093528807253071,0.7136269048749958,-0.006293250509945688,0.5961026873839163,-0.002811181640636945
111,0.0,285.8440749825386,0.0,0.002561729719419075,0.6800220682024692,-0.0011348788561314036,0.6212785016294822,-0.002308290805285282
112,0.0,285.60888959073367,0.0,0.00016280167972380447,0.8063185834129222,0.0035144625588106595,0.6767905261645142,-0.0005614647960564996
113,0.0,287.2582200260292,0.0,0.0029202539990872416,0.8695603885521045,-0.001008241118191189,0.7346214848807913,-0.0006954976926969063
114,0.0,288.3933077165943,0.0,0.002984178105260409,0.7530562816093883,-0.0017509277889226173,0.7401519238993703,-0.0010121267215646196
115,0.0,288.85680236787175,0.00026730066581259277,0.002654125479053813,0.5372610501594447,-0.0001989651468703201,0.6792846617773927,-0.0007681782491563297
116,0.0,291.5961182132952,0.0,0.004624535490598853,0.7397747148298792,-0.004620601915954045,0.6974316776931386,-0.001923905349195644
117,0.0,294.1656456417341,0.02535534492419843,0.005619631639343202,0.47726133965779655,-0.004472833743493527,0.631380576282536,-0.0026885838674850088
118,0.0,296.2613551722586,0.0,0.0031038388354786635,0.7210448799713837,-0.002249969122035342,0.6582798673891903,-0.0025569994438501085
119,0.0,300.22930301830826,0.0,0.005688790159132912,0.6492859023080751,-0.005359408173812786,0.6555816778648558,-0.0033977220628389117
120,0.8994565977292477,306.02205111523483,0.08545881275063168,0.009309720701134424,0.12954947923241256,-0.009263112361968211,0.4977720182751228,-0.005157339152577701
121,0.0,305.93043694661947,0.0,0.000870051498778814,0.8134641075733376,0.003945045798096625,0.5924796450645872,-0.002426623667375403
122,0.0,310.2599123166672,0.0,0.0037542438889032973,0.9425680635235206,-0.0035464027508570386,0.6975061706022672,-0.002762557392419893
123,0.0,311.85416114356224,0.000691413120854776,0.0023898143227182016,0.5598076743088071,-0.000678512177831092,0.6561966217142291,-0.0021373438280432528
124,0.0,316.3961774441671,0.013928444753368203,0.006621824512286592,0.6025159396016151,-0.006495814016320984,0.6400924170804448,-0.0034448848845265723
125,0.0,317.19305113522523,0.0,0.00239202398411916,0.8687270023394744,0.0007097831680291616,0.7086827926581537,-0.0021984844687598522
126,1.1889926781757545,322.55726509455957,0.05899991552328487,0.007495420474366286,0.12097929909093343,-0.007495420474366286,0.5323717445879875,-0.0037875652704417824
127,0.0,326.0661606451516,0.0,0.005037053624958801,0.7249445374039166,-0.004862295855840183,0.5901435824327662,-0.004109984446061302
128,0.0,327.66943777998586,0.0,0.0017960404853776765,0.8504911183756165,0.000776469144391291,0.6682478432156213,-0.002644048368925524
129,0.0,330.3967439124943,0.07529638748395011,0.003215242764257091,0.3651981504692298,-0.0012904852960400938,0.5773329353917038,-0.002237979447059895
130,0.0,333.1116057820613,0.0,0.003301867444958993,0.7414265464217957,-0.0028084960336731005,0.6265610187007313,-0.0024091344230438563
131,0.0,332.6542201935772,0.0,0.0009573688804721678,0.8892384082239309,0.003384495834322718,0.7053642355576911,-0.0006710453458338838
132,0.0,332.7837634785554,0.021328854472513308,0.0011456969060155912,0.2568412149858848,0.0022675934030425733,0.5708073293861492,0.0002105462788290533
133,0.0,337.87994798984744,0.03767551621825798,0.009926818258232613,0.3369110267485275,-0.009926818258232613,0.5006384385948627,-0.0028306630822894463
134,0.0,339.6600291766072,0.005515735115298068,0.0042937412963151185,0.7169425987944921,-0.0038098772177677914,0.5655296866547515,-0.00312442732293295
135,0.0,347.13675791455256,0.05434360718396904,0.012497726354879111,0.24338566005151496,-0.012497726354879111,0.46888647867378047,-0.005936417032516798
136,0.0,351.0954907874574,0.0,0.004847824825447155,0.6452277961736554,-0.004745397647475013,0.521788873923743,-0.005579111217004262
137,0.0,352.3709787995139,0.0,0.0007836269842164611,0.7648266371803881,0.0037589640177956188,0.5947002029007364,-0.0027776886465642977
138,0.0,352.83664743941415,0.0,0.0008718429578304348,0.9425680635235206,0.004957168211527501,0.6990605610875718,-0.00045723158913675804
139,0.0,354.46735981818637,0.0,0.0019117691956235415,0.7907836599785374,-0.000484840466056929,0.7265774907548614,-0.00046551425221280933
140,0.0,354.56894177002675,0.0,0.001376771785840196,0.5999255951791947,0.00028405026619222787,0.6885819220821614,-0.00024064489669129813
141,0.0,356.0928792692159,0.000946655044473421,0.0038985496282308465,0.608429815336359,-0.0026799322398936213,0.6645362900584206,-0.000972431099651995
142,0.0,355.2316895088126,0.003226089107296604,0.0011058592754490306,0.37601155543374337,0.0020853350640459146,0.5779788696710174,-5.510125054262213e-05
143,0.0,360.08688690661165,0.00026730066581259277,0.009099749631171208,0.5774111819558795,-0.009099749631171208,0.577808563356476,-0.002768495764731198
144,0.0,363.1587142410577,0.0,0.006347348769741345,0.8071927846861038,-0.006226889153916913,0.6466238297553644,-0.003806013781486912
145,0.0,364.7779264134328,0.0,0.0027538565506755393,0.8933406894008219,-0.0003309250299578927,0.7206388876490015,-0.002763487156028206
146,0.20155470610677728,370.72966737943335,0.07255649079741892,0.008745225760215839,0.23600844931675166,-0.008319717358617768,0.5752497561493266,-0.004430356216805075
147,0.0,372.13329920005236,0.0,0.0019901033735655748,0.6936514975104531,0.00013899767027324248,0.6107702785576645,-0.0030595500506815794
148,0.0,375.0798757422903,0.0,0.0018319120003020886,0.848215596455018,-0.0013962654850453633,0.6820038739268706,-0.0025605646809907148
149,0.0,378.584957663508,0.0,0.004711861039382324,0.7538631293865148,-0.004008532504702215,0.7035616505647638,-0.0029949550281041645
150,0.0,379.7967206794476,0.0,0.002028095845320615,0.7333517235020578,0.0002675383856620599,0.712498672445952,-0.0020162070039742973
151,0.0,381.7740166801048,0.0,0.0019039231673238157,0.7825790976247552,-0.0009156132219281906,0.7335227999995929,-0.0016860288693604653
152,0.0,386.4713888583061,0.0,0.00761572520588951,0.9343635011697369,-0.00761572520588951,0.793775010350636,-0.0034649377703191786
153,0.0,387.0630475200893,0.006981405135188086,0.002272657258731412,0.44383058355965566,0.0006680302672987045,0.6887916823133419,-0.0022250473590338135
154,0.0,389.40447817006867,0.0,0.0028158055965425946,0.9548749070541959,-0.001175960036748109,0.768616649735598,-0.001910321162348102
155,0.0,395.27824144577573,0.0,0.009897602523097713,0.6823452228601543,-0.00983965244363168,0.7427352216729648,-0.004289120546733175
156,0.0,397.9546237601199,0.0,0.004259780361910859,0.6636129434949036,-0.003407165254657143,0.7189985382195465,-0.004024533959110365
157,0.0,400.87605437404125,0.010354731195165844,0.003446214793437364,0.5466074988280871,-0.0014507909611927489,0.6672812264021086,-0.0032524110597350804
158,0.0,405.43143728179183,0.0,0.005378885187170906,0.6964311929100344,-0.005162641056251571,0.6760262163544863,-0.0038254800586900277
159,0.0,403.1514480170312,0.0,0.0006131390545208084,0.9015452517546055,0.008297300824587421,0.7436819269745221,-0.00018864579370679287
160,0.0,402.7309085184913,0.001179466074664085,0.0004920690026714471,0.5973513739162115,0.004868859257831519,0.6997827610570289,0.0013286057217547006
161,0.0,402.5422641825086,0.0,0.0020835486758432405,0.9466703447004122,0.0005341564966686449,0.7738490361500439,0.0010902709542288838
162,0.0,402.7504079285756,0.00510987054517273,0.0032259305349897093,0.5118285399499208,-0.0018630250542268799,0.6952428872900069,0.00020428215169215468
163,0.0,399.6480878037499,0.0,2.1649228823282824e-05,0.7156052858154255,0.0053189562597446205,0.7013516068476324,0.0017386843841078945
164,0.0,399.3140856569598,0.0,0.0017389312756773939,0.8142931523907199,0.0004105987151288639,0.7352340705105587,0.001340258683414185
165,0.0,399.96007350350084,0.08301607219770901,0.004815536152231263,0.3575252143857632,-0.003212781692215168,0.62192141367312,-2.565342927462089e-05
166,0.0,399.87060739136297,0.0,0.002179392364160902,0.757965410563406,-0.001208646168716172,0.6627346127402058,-0.0003805512511070862
167,0.0,401.3038572644933,0.0,0.0032738707108710494,0.7497608482096239,-0.0029433586113975594,0.6888424833810312,-0.001149393459194228
168,0.0,403.4423208257718,0.006239965339725173,0.004578939351041775,0.37890484990128476,-0.0040108334719605905,0.5958611933371072,-0.002007825463024137
169,0.0,400.9362995892096,0.0,0.00014902472903938687,0.8112950658629943,0.00650182182379115,0.6604913550948733,0.0005450687230204494
170,0.0,400.42352530715607,0.0,0.0005080773562920378,0.9425680635235206,0.003137053414802518,0.7451143676234675,0.0013226641305550699
171,0.0,403.3068220069364,0.0,0.0069768639027400865,0.6228026616569626,-0.006629759049795163,0.708420855833516,-0.0010630628235499997
172,0.0,404.44079712416084,0.0,0.0038492033014167733,0.757965410563406,-0.0036959290125645576,0.723284222252483,-0.001852922680254367
173,0.0,408.5653133044599,0.011315067205307174,0.007409422674785983,0.5360804737954488,-0.007408179822747716,0.6671230977153727,-0.0035194998230023717
174,0.0,410.9926349388252,0.0,0.0038715436750418517,0.7866813788016461,-0.002980146453704368,0.7029905820412546,-0.00335769381221297
175,0.0,414.1962792277448,0.0,0.00478753703207175,0.8638171097568671,-0.002868209377446089,0.7512385403559383,-0.0032108484817829058
176,0.0,417.28399867497205,0.0,0.003374665536953102,0.6841243493793608,-0.002801365773927299,0.731104283062965,-0.0030880036694262234
177,0.0,420.46697722241527,0.00012809561823393342,0.003665618903887923,0.6777807072172872,-0.00315790465242339,0.7151072103092617,-0.003108973964325373
178,0.0,422.9185506613112,0.0,0.0027394923363240208,0.6109362218479885,-0.0017612335935339911,0.6838559137708797,-0.0027046518530879585
179,0.0,423.9500440814094,0.0,0.0018674786038778903,0.8646247211625829,0.0012022637481796672,0.7380865559883907,-0.0015325771727076707
180,0.0,424.90096857106374,0.0,0.0013975387706266571,0.8740971953013725,0.0009001103757162837,0.7788897477822851,-0.0008027709081804842
181,0.0,422.35420273233933,0.0,0.0,0.8851361270470399,0.006935645506753772,0.8107636615617115,0.0015187540162997924
182,0.0,424.1528590221289,0.0,0.004522012241382688,0.8359087529243435,-0.002974262325052747,0.8183071889705011,0.00017084911389403054
183,0.0,423.48679365996946,0.0,0.002301918355121056,0.6481145574564364,-0.0002015179755590303,0.7672493995162817,5.9138987058112276e-05
184,0.0,425.8419781137512,0.04260932415646447,0.005757017394566559,0.3395327305204815,-0.005087066230145793,0.6389343988175415,-0.0014847225781030595
185,0.0,428.8181251876003,0.0,0.0063484003412619784,0.7842107561911827,-0.006200046074616648,0.6825173060296339,-0.002899319627057136
186,0.0,429.92831076960624,0.0,0.0015770161429662175,0.6018556272793901,-0.0006454956258610774,0.6583188024045608,-0.002223172426698318
187,0.0,428.53193654499245,0.0,0.00029970374772118294,0.8318064717474518,0.006021869763909075,0.7103651032074281,0.0002503402304838997
188,0.0,430.09851760504785,0.003618655286169327,0.0015761026533129335,0.5424192513862126,-0.0009583367735748465,0.6599813476610634,-0.00011226287073372413
189,0.0,427.9109452758921,0.0,0.0010724247039954594,0.6151129919089475,0.004301348898600961,0.6465208409354286,0.0012118206600666814
190,0.0,426.669499452828,0.0,0.001978144266576294,0.8241204873605276,0.0026527934275618194,0.6998007348629582,0.0016441124903152228
191,0.0,425.6299727740377,0.0016789762830520377,0.001911107657283817,0.5676790693238133,0.0008348627061471974,0.6601642352012147,0.0014013375550648152
192,0.0,427.5768209721255,0.0,0.005833442394664421,0.7333517235020578,-0.005826939988222355,0.6821204816914677,-0.000767145707921336
193,0.0,422.65666491422223,0.002098645849303127,0.0005331115746145592,0.5897718823108579,0.008822562905269392,0.6544159018772847,0.002109766876035882
194,0.0,425.04673235880284,0.0,0.005361029734580509,0.8892384082239309,-0.004268104016959695,0.7248626537812786,0.00019640560813720897
195,0.0,426.44956931884315,0.0,0.005155432020010127,0.8318064717474518,-0.00512843439629375,0.7569457991711306,-0.0014010463931920787
196,0.0,426.9842962458565,0.00012809561823393342,0.0029530682065059717,0.6389992564335549,-0.0012602266733710609,0.7215618363498578,-0.0013588004772457734
197,0.0,427.02925533111875,0.0,0.001958145507532711,0.8400110341012351,0.0014223752518306581,0.7570965956752709,-0.0005244477585228439
198,0.0,425.6137798997256,0.0,0.0005824066205296865,0.8153973470398858,0.004386176302471828,0.7745868210846553,0.0009487394597755578
199,0.0,427.48913290864704,0.0,0.00425815828617656,0.6209438839954352,-0.0034002164976156004,0.7284939399578891,-0.00035594732744178973
200,0.0,430.084192571588,0.0,0.0065620329595865,0.767829433176097,-0.006379813429749855,0.7402945879233513,-0.0021631071581342093
201,0.0,427.9042317819676,0.0,0.0006664989208922305,0.8479257202627338,0.005002492909383348,0.772583927625166,-1.3427137878942088e-05
202,0.07321154620366066,429.6507427912893,0.10715449983044105,0.003283698089684827,0.27335548485094924,-0.0013847685156187675,0.6228153947929009,-0.00042482955120088967
203,0.0,433.5001580656543,0.0,0.008017748809633867,0.8032090908191811,-0.00798792732166983,0.676933503600785,-0.002693758882341572
204,0.0,435.9741639119551,0.0,0.004623094280921833,0.8071927846861038,-0.004599408110528144,0.7160112879263806,-0.0032654536507975432
205,0.15426970768166193,443.3089212235782,0.1926631272451517,0.012338684994659076,-0.033637034700660325,-0.012338684994659076,0.4911167911382683,-0.005987423053956003
206,0.0,451.3731774574734,0.0,0.013149543640452765,0.8933406894008219,-0.013149543640452765,0.6117839606170343,-0.00813605922990503
207,0.0,452.46067160321115,0.0,0.0018318770651392622,0.9405659870331097,0.0043102886788297734,0.7104185685418569,-0.004402154857284589
208,0.0,459.48688998561374,0.0,0.006146078925596545,0.6640835156884439,-0.005979470146467389,0.696518052685833,-0.004875349444039429
209,0.0,460.7940427740323,0.0,0.0009721464273493364,0.8318064717474518,0.0020654825606343523,0.7371045784043186,-0.0027930998426372944
210,0.0,465.9943437162566,0.0019488355955692396,0.0057821320479955534,0.5678417904691005,-0.005639092131982976,0.6863257420237532,-0.003646897529440999
211,0.0,469.8934673833891,0.00012809561823393342,0.005189052104719586,0.5979764446646411,-0.005061741240052197,0.6598209528160195,-0.004071350642624358
212,0.0,472.06044436921115,0.016553033591690525,0.0025303091749614287,0.5513927950606019,-0.0005460441838522299,0.6272925054893942,-0.003013758704992719
213,0.0,476.33461446975326,0.0,0.0060410152805373245,0.6013499153200392,-0.004537957510687695,0.6195097284385876,-0.003471018346701212
214,0.0,477.42059615395743,0.0,0.00205022292451154,0.5996996793510487,0.0010214959067213366,0.613566713712326,-0.0021232640706744473
215,0.0,479.1570785807774,0.0,0.0014051508410749427,0.6645945018450601,8.64417248835373e-05,0.6288750501521462,-0.0014603523320070519
216,0.0,484.0270044209358,0.014676974998837591,0.007873097412877028,0.33052234305686495,-0.007873097412877028,0.5393692380235617,-0.003384175856268045
217,0.0,485.63146129992504,0.0,0.0021541685330269972,0.8124029925020664,-0.0016804108247091768,0.6212793643671131,-0.002873046346800384
218,0.0,488.8718313796933,0.004209998497189186,0.0048085058819781696,0.5680360540826978,-0.00310587755145463,0.6053063712817884,-0.0029428957081966576
219,0.0,488.04092332633985,0.0,0.0016977273099660515,0.7925981406709919,0.004846435710244902,0.6614939020985494,-0.0006060962826641898
220,0.0,489.5416947723836,0.0,0.0013543930041837726,0.5063047535102015,-3.583680477542313e-05,0.614937157522045,-0.00043501843929755977
221,0.0,491.39650247808385,0.0,0.004926336607909197,0.539751452251193,-0.0032147066574628787,0.5923814459407895,-0.0012689249047471555
222,0.0,491.2607077752245,0.00012809561823393342,0.002131075714411115,0.6775179336364958,0.000788921709589823,0.6179223922495014,-0.0006515709204460619
223,0.0,494.39710134792995,0.011315067205307174,0.0051852077123394815,0.43400050739810264,-0.0051852077123394815,0.5627458267940818,-0.002011661958014088
224,0.0,495.64503034300157,0.0,0.0022107087330861222,0.8646247211625829,-0.0018373131160173512,0.6533094951046321,-0.0019593573054150666
225,0.0,497.03282781886406,0.026519728344613986,0.0013611826447430227,0.46476534524016094,-0.0007141236473900373,0.5967462501452907,-0.0015857872080075578
226,0.0,498.5928870151152,0.0,0.002144759774625448,0.8503609253387334,-0.0011430516653821495,0.6728306527033234,-0.0014529665452199352
227,0.9922079858608246,503.6983329519565,0.20640889904696216,0.008939492703687076,-0.14593268126414813,-0.008923943754027363,0.4272016525130819,-0.0036942597078621635
228,0.0,506.1579017626926,0.0,0.0036550373149989773,0.7118708050339546,-0.003456667383268467,0.5126023982693437,-0.0036229820104840544
229,0.0,510.5359518764496,0.0,0.005234533903557517,0.6621399022843395,-0.005121792957533878,0.5574636494738424,-0.004072625294599001
230,0.0,509.2333892660684,0.0,0.0012769061196607927,0.6997370896353011,0.006657304419823263,0.60014568152228,-0.0008536463802723219
231,0.0,510.7870412685305,0.0,0.0020689235665262533,0.7979271592350331,0.0010411116092559779,0.659480124836106,-0.00028521898341383193
232,0.0,511.85228359309355,0.001244876228413506,0.0028358396162410063,0.6156108744945817,-0.0013181557390803344,0.6463193497336486,-0.0005951000101137826
233,0.0,510.6708479965325,0.026986195598298377,0.000814712166809957,0.5375478619933357,0.0027832231009795134,0.6136879034115547,0.0004183969232142062
234,0.0,513.5159267388943,0.0,0.005339870969239803,0.6195236222102289,-0.005324784741185935,0.6154386190511569,-0.0013045575761058358
235,0.0,513.0109649205793,0.0,0.001268337106480435,0.7590609606043274,0.0006705302254792693,0.6585253215171081,-0.0007120312356303042
236,0.0,515.7990589287325,0.0,0.005152861656175015,0.692328911733144,-0.004419947073723983,0.6686663985819188,-0.001824405987058408
237,0.0,516.1677351728633,0.0,0.001614082368969567,0.6287778830418075,4.964061130293082e-05,0.6566998439198853,-0.0012621920075500063
238,0.0,524.8484408190219,0.0,0.016131789192663257,0.7456585670327316,-0.016131789192663257,0.6833874608537391,-0.005723071163083982
239,0.0,526.7362753971297,0.0,0.0033079823545455926,0.5363455615951072,-0.0023797440647314845,0.6392748910761495,-0.004720073033578232
240,0.0,533.4875360489141,0.07347481670730789,0.008076354805998715,0.18179499872040142,-0.00790692418660596,0.5020309233694251,-0.005676128379486551
241,0.0,537.7910960881543,0.0,0.004005039569750623,0.8762527302794956,-0.003812501989294455,0.6142974654424462,-0.005117040462428921
242,0.0,543.0285192847663,0.0,0.00521646590590962,0.7538631293865148,-0.004785454578375258,0.6561671646256667,-0.005017564697212823
243,0.0,547.7440182680094,0.0,0.00436635350035813,0.8318064717474518,-0.004284640537675828,0.7088589567622021,-0.004797687449351724
244,0.0,552.3457065681248,0.00186273353755394,0.004314855244118601,0.5846367694469072,-0.004160317088587261,0.6715923005676137,-0.0046064763411223855
245,0.0,554.8905649209609,0.0,0.001915093901475828,0.7181065566747438,-0.00011226062778692619,0.6855465773997527,-0.0032582116271217473
246,0.0,556.1922774745844,0.0,0.0011229269583044466,0.8064222016994668,0.0022222705197502248,0.7218092646896668,-0.0016140669830601558
247,0.0,562.2987493853221,0.0,0.009444786167665548,0.8112950658629943,-0.009260593244824242,0.748655005041665,-0.003908024861589382
248,0.0,562.4937986567091,0.0,0.0012156769099109187,0.8077287852071938,0.0014378014945310262,0.7663771390913237,-0.0023042769547532596
249,0.0,570.1085024652566,0.0,0.011697095497203526,0.7573342635777829,-0.011697095497203526,0.7636642764372613,-0.005122122517488339
250,0.0,574.2857813344318,0.0,0.0061017331036406115,0.8646247211625829,-0.006088954044684937,0.7939524098548578,-0.0054121719756473185
251,0.0,581.4205798686191,0.0,0.009303112158188053,0.8329842966723588,-0.009303112158188053,0.8056619759001081,-0.006579454030409539
252,0.0,585.2927806417555,0.0,0.003264731673709405,0.7702722540940805,-0.002155261884800893,0.7950450593582998,-0.0052521963867269445
253,0.0,587.0173886287664,0.0,0.0005115657699707562,0.5811298461340427,0.003479506158184166,0.7308704953910227,-0.002632685623253611
254,0.0,590.2840450608487,0.002536424449437944,0.0019128510280061,0.565057093342525,-0.0012248010963621526,0.6811264747764734,-0.0022103202651861734
255,0.0,594.5684200345586,0.0,0.006173175280084033,0.7332858199063392,-0.0060913036599570276,0.696774278315433,-0.0033746152836174295
256,0.0,593.2520567136391,0.0,0.0010004930591499704,0.7979833336000447,0.005185449498302027,0.7271369949008165,-0.0008065958490415927
257,0.0,594.9796770891336,0.0,0.0012591755576127394,0.8810338458701489,-5.037670146826837e-05,0.7733060501916162,-0.0005797301047695953
258,0.0,593.7092824729608,0.0,0.00027390082482468494,0.748366633511523,0.0035110148808101533,0.7658242251875882,0.0006474933909043294
259,0.0,597.7111753874652,0.0,0.0077603702707033494,0.6098009473136723,-0.0077603702707033494,0.7190172418254134,-0.0018748657075779744
260,0.0,598.5172578759668,0.0,0.0030494137445751515,0.8277041905705599,-0.0022756913954213682,0.7516233264489574,-0.0019951134139309925
261,0.0,603.624175227317,0.0,0.00861480180366281,0.8359087529243435,-0.00860329631100535,0.776908954391573,-0.0039775682830532995
262,0.0,609.9857791977182,0.0,0.011009366453697133,0.7907836599785376,-0.011009366453697133,0.7810713660676624,-0.00608710773424645
263,0.0,613.5633768072635,0.0,0.0037107960432976824,0.7577791048841584,-0.0030563985694449514,0.7740836877126112,-0.0051778949848059995
264,0.0,619.9971337131104,0.0,0.006847383937882451,0.7377084775571302,-0.006847177372974248,0.7631711246659669,-0.005678679701256474
265,0.0,626.5955327585689,0.028756227788844253,0.008116412414646487,0.30714604854513544,-0.008116412414646487,0.6263636018297174,-0.006409999515273478
266,0.0,629.4197966165705,0.0,0.0012756786598845313,0.5853771923133079,0.00029849163110849046,0.6140676789747945,-0.004397452171358887
267,0.0,635.2859133825708,0.0,0.005398626102011464,0.6878222335567585,-0.005360766593617591,0.6361940453493837,-0.004686446498036498
268,0.0,636.6462432492507,0.016553033591690525,0.0020522860088007747,0.5938741634877496,0.0019419273936674482,0.6234980807908934,-0.002697934330525314
269,0.0,646.4773294005656,0.0,0.015487300449346167,0.7907767496846917,-0.015487300449346167,0.6736816814590328,-0.00653474416617157
270,0.0,646.7199400598031,0.0,0.0003924770515176142,0.819499628216777,0.0025771903944762182,0.717427065486356,-0.003801163797977233
271,0.0,654.6902628157196,0.0,0.009639432076815073,0.7907836599785374,-0.009639432076815073,0.7394340438340105,-0.005552644281628586
272,0.0,656.1382391222751,0.0,0.0021587085707242557,0.8139424517426238,0.0011742884959699666,0.7617865662065945,-0.00353456444834902
273,0.0,657.6038821930089,0.0,0.0013021978179453132,0.6784649199435682,0.002877854914682184,0.7367900723276866,-0.0016108386394396582
274,0.0,665.426234419376,0.03863215842852517,0.012547610894591278,0.29973705941826684,-0.012547610894591278,0.6056741684548607,-0.004891870315985144
275,0.0,666.3796922104056,0.0,0.002313941554588343,0.6040567022394897,-0.00010458555206251234,0.6051889285902493,-0.0034556848868083543
276,0.0,671.7197286523354,0.0,0.006106533445961,0.7989882223323201,-0.005885390804585651,0.6633287167128705,-0.0041845966621415435
277,0.0,679.7547385050702,0.0,0.0129655739085162,0.7706940053059833,-0.0129655739085162,0.6955383032908043,-0.00681888983605394
278,0.0,684.1247783997678,0.0,0.004465837023149958,0.6375603248032612,-0.004461174514387223,0.6781449097445413,-0.006111575239553925
279,0.0,688.8486848797692,0.0,0.003753183044481253,0.7643141244560231,-0.0024838126191320396,0.7039956741579858,-0.0050232464534273585
280,0.0,696.8611888861719,0.07824699665712971,0.010117190536577584,0.31438399163187025,-0.010117190536577584,0.5871121694001511,-0.006551429678372426
281,0.0,697.4593209105399,0.0,0.000603630669006486,0.7781664779559343,0.004259416241485837,0.6444284619668861,-0.003308175902414947
282,0.0,704.5068931220583,0.03730391648099938,0.0077201955297581904,0.29694777752288576,-0.0077201955297581904,0.540184256633686,-0.00463178179061792
283,0.0,706.0054325363225,0.0,0.0013686344176817636,0.7601118944681843,0.0005170503599077823,0.6061625479840355,-0.0030871321454602092
284,0.0,715.1753591191953,0.0,0.014150610509697195,0.8728292835163662,-0.014150610509697195,0.6861625686437347,-0.006406175654731304
285,0.0,717.7529404979607,0.0,0.0036034375552296168,0.6745701398220761,-0.0018872745686265206,0.6826848399972371,-0.0050505053288998685
286,0.0,719.7810340339731,0.0,0.0008722296227003386,0.6154629430622548,0.0026583424956899337,0.6625182709167423,-0.0027378509815229276
287,0.0,724.771907224693,0.0016789762830520377,0.0050228997133143615,0.6096817477114002,-0.0050226323054989265,0.6466673139551397,-0.003423285378715727
288,0.0,725.7383288297428,0.0,0.0017542785640088806,0.7115806330689386,0.0009811866526790603,0.6661413096892793,-0.0021019437692972906
289,0.0,728.1999573588674,3.867622823394803e-05,0.0037313561239934543,0.6472038187873381,-0.001474889509126636,0.6604600624186969,-0.001913827491246094
290,0.0,730.943401269446,0.0,0.003685048291913572,0.7581196180173623,-0.0034462405752188367,0.6897579290982965,-0.002373551416437917
291,0.0,733.7359137692956,0.0,0.003960676884133133,0.6795204620435547,-0.003725266095620773,0.6866866889818739,-0.0027790658201927738
292,0.0,736.7607677418885,0.0,0.004336885892868872,0.9056475329314982,-0.0037135353082708624,0.7523749421667612,-0.0030594066666162004
293,0.0,741.8850799734852,0.0,0.007653314975350006,0.7745363984287712,-0.007653314975350006,0.7590233790453641,-0.004437579159236342
294,0.0,744.6185842322334,0.0,0.004330786815756281,0.717093513485895,-0.0023230194630321963,0.7464444193775234,-0.003803211250375098
295,0.0,750.3574855224115,0.03592838048659928,0.00719261749567969,0.3932682785429331,-0.007175098928234082,0.6404915771271462,-0.004814777553732793
296,0.0,757.1021894670642,0.0008290383125899895,0.009889172434147062,0.49987721254973433,-0.009889172434147062,0.5983072677539226,-0.006337096017857074
297,0.0,761.4229767781741,0.0,0.004137107469180092,0.8646247211625829,-0.003722201278929448,0.6782025037765207,-0.005552627596178786
298,0.0,767.6039603514506,0.0006705448217518301,0.0060734092035040505,0.43892824002357095,-0.0060445479425511985,0.6064202246506357,-0.005700203700090509
299,0.0,774.8055315023656,0.06707987020077391,0.008981777664216355,0.18700195362078614,-0.008981777664216355,0.48059474334168084,-0.006684675889328263
300,0.0,777.3281138850822,0.0,0.0021064923423388055,0.9555300159777917,0.0009608603856569532,0.6230753251325141,-0.0043910150068326975
301,0.0,776.0767775635784,0.0,2.890223317351252e-05,0.6727418263008408,0.00975311367980127,0.637975275483012,-0.00014777640084250726
302,0.0,779.6693856707399,0.0,0.0037502208587799667,0.7530225667605358,-0.0029044689077671777,0.6724894628662691,-0.0009747841529199084
303,0.0,781.971419776572,0.0,0.004602519783796103,0.7061616508070293,-0.004601354629901267,0.6825911192484971,-0.002062755296014316
304,0.0,785.0311815990433,0.0,0.005472746075773703,0.7661699729171885,-0.005273155500189239,0.7076647753491045,-0.0030258753572667925
305,0.0,786.10235714449,0.007630835151267799,0.0018229329731562142,0.44401762227869424,4.3165853553673634e-05,0.6285706294279814,-0.0021051629940206525
306,0.0,789.1778569998927,0.0,0.0032791907564260017,0.7115048574389983,-0.0031676227435184323,0.6534508978312864,-0.0024239009188699863
307,0.0,792.1878350034553,0.0,0.004153382459882394,0.4654800825144419,-0.003976913517031097,0.597059653236233,-0.002889804698318319
308,0.0,792.7712176707078,0.0,0.0014640673673254822,0.7923629909489919,0.0014299247628100176,0.6556506545500607,-0.0015938858599798182
309,0.0,795.2110756234742,0.0,0.0032363708475446405,0.5704999805651537,-0.0020064122633493774,0.6301054523545885,-0.0017176437809906858
310,0.0,797.7623649405759,0.0,0.0047290404460210034,0.6904491024870735,-0.0035833198156080166,0.648208547394334,-0.0022773465913758853
311,0.0,801.897269228818,0.04598652191629252,0.006730282220664949,0.5138974483953545,-0.006730282220664949,0.6079152176946401,-0.003613227280162604
312,0.0,806.7151011918712,0.0,0.00756324646848632,0.7975046164746323,-0.007514362753671125,0.6647920373286378,-0.004783567922215161
313,0.0,810.0189748611507,0.0,0.0032406107011259027,0.7315246925923716,-0.0029199763974037205,0.6848118339077579,-0.004224490464771728
314,0.0,812.7536897633482,0.0,0.0024781000440656682,0.7661699729171885,-0.0005384190245717716,0.7092192756105871,-0.003118669032711741
315,0.0,814.8893121426659,0.0,0.0014736949690534447,0.6418876116428559,8.124215358839673e-05,0.6890197764202677,-0.0021586956768216994
316,0.0,816.436158299585,0.0,0.0027053978632395406,0.6256033159467055,0.00011596306869397285,0.669994838278199,-0.0014762980531669975
317,0.0,817.6047216484004,0.0,0.002676937479279603,0.5652698135731845,-0.00012435322779440192,0.6385773308666945,-0.0010707146055552188
318,0.0,820.1984565212183,0.03269242371830352,0.004417309195698487,0.3570939613110445,-0.0038211907377567913,0.5541323199999995,-0.0018958574452156906
319,0.0,824.1739615735703,0.0,0.0070879804180627,0.5840366374381879,-0.0070879804180627,0.5631036152314559,-0.0034534943370697927
320,0.0,829.740147276951,0.0,0.009477473112565582,0.7571439764082933,-0.009477473112565582,0.6213157235845072,-0.0052606879697185294
321,0.0,829.847979083336,0.0,0.00020425336460759533,0.7355002935774535,0.0035919356698840134,0.655571094582391,-0.0026049008778377663
322,0.0,836.6286279350124,0.0,0.008537930935959188,0.7921701206492577,-0.008537930935959188,0.696550802402451,-0.004384809895274192
323,0.0,839.9154960929104,0.014097416919096398,0.004427234366960975,0.517597907826464,-0.003951503168903305,0.6428649340296548,-0.004254817877362926
324,0.0,838.974056567555,0.0,0.0004907190872123569,0.757965410563406,0.006706126730291242,0.6773950769897802,-0.0009665344950666758
325,0.0,842.8552172008522,0.0,0.003739889011726267,0.9261589388159536,-0.003613377093154973,0.7520242355376321,-0.0017605872744931648
326,0.0,844.9262186131438,0.0,0.003569160125820034,0.6655463368762096,-0.0032344217068090426,0.7260808659392053,-0.002202737604187928
327,0.0,851.3096405911438,0.012312500926066353,0.011373069976395339,0.44855831487322245,-0.011373069976395339,0.6428241006194104,-0.004953837315850152
328,0.0,852.8802989294156,0.0016789762830520377,0.0017064146827669884,0.638999256433555,-0.0007712766455434488,0.6416766473636537,-0.0036990691147581406
329,0.0,857.5242503575005,0.0,0.00547921612785082,0.5028032197682617,-0.0043605237247181005,0.6000146190850361,-0.0038975054977461285
330,0.0,860.3749029860135,0.0,0.0025377859465639608,0.7163392164561239,-0.001923266585789531,0.6349119982963624,-0.003305233824159149
331,0.0,864.6120011245656,0.004842569879360137,0.005011639851707996,0.4447026917798387,-0.004629668152491261,0.5778492063414052,-0.0037025641226587826
332,0.0,869.44855479144,0.0,0.007106885202712433,0.7661699729171885,-0.006478928067378287,0.6343454363141402,-0.0045354733060746335
333,0.0,875.0558274214935,0.2142264201370497,0.007697407844644829,-0.0023778788448162646,-0.00763600229708894,0.44332844176645325,-0.005465632003378925
334,0.0,878.3828647905825,0.03601759020633592,0.0029621059480648697,0.3969646669969617,-0.0019791418249667995,0.4294193093356058,-0.004419684949855287
335,0.0,884.9956736787681,0.0,0.007899164973956494,0.5210806285236906,-0.007899164973956494,0.4569177050920312,-0.005463528957085649
336,0.0,889.9396623791571,0.00665315282720158,0.005571838809782072,0.5577284980981223,-0.005468490929832347,0.48716094299385854,-0.005465017548909658
337,0.0,892.5574159716463,0.0,0.0014674636965139706,0.8728292835163662,0.00046523174381624805,0.6028614451506109,-0.003685942761091886
338,0.0,898.0778862667397,0.0,0.005868346037924351,0.681777890671589,-0.005654672219618164,0.6265363788069043,-0.004276561598649769
339,0.0,899.6703495965784,0.0,0.0027351533769754545,0.801126649350314,0.0007000818389171009,0.6789134599699271,-0.0027835685673797085
340,0.0,903.0595788798463,4.255819730722633e-05,0.003251398415304685,0.5795011470085282,-0.0024901606512406746,0.6490897660815074,-0.002695546192537998
341,0.0,906.9127601166045,0.0,0.005108150867717339,0.7251471611482755,-0.005015595894203389,0.6719069846015377,-0.0033915611030376153
342,0.0,906.6624247836502,0.0,0.0013435309438788565,0.5287449957818006,0.00347070760684193,0.6289583879556165,-0.0013328804900737518
343,0.0,909.397848563764,0.0,0.0032000756490627464,0.7057334793999398,-0.002110386705819859,0.6519909153889134,-0.0015661323547975837
344,0.0,909.6324183564536,0.0,0.0010405492022566428,0.6562524309242398,0.0009649856238401237,0.6532693700495114,-0.0008067969612062713
345,0.0,912.3611178514161,0.0,0.0042737279600798175,0.7549237256000586,-0.004019786204874255,0.6837656767146755,-0.001770693734306666
346,0.0,917.3553177074558,0.028079430717746576,0.009490390626563525,0.45439660347344146,-0.009490390626563525,0.6149549547423052,-0.004086602801983723
347,0.0,923.1791236714276,0.011266098763401565,0.010287118690657597,0.5476478655941567,-0.01011818133495555,0.5947628279978606,-0.005896076361875271
348,0.0,928.2392161671868,0.0,0.006076440281797552,0.6312233886979219,-0.006039311599020606,0.605700996207879,-0.005939046933018871
349,0.0,929.523840055655,0.00018200088633458014,0.0005185436804343512,0.7113460945245322,0.0037129067315205175,0.6373945257028749,-0.003043460833657055
350,0.0,933.0435490017691,0.0,0.0020772898525406184,0.8769315646932573,-0.0010194088811073154,0.7092556373999896,-0.0024362452478921327
351,0.0,934.5719967050211,0.0,0.0017400600655422924,0.6765634372070267,8.751587194651005e-05,0.6994479773421007,-0.0016791169119405396
352,0.0,939.3489867512171,0.000691413120854776,0.00734434392502312,0.48292500578073155,-0.00734434392502312,0.63449108587369,-0.0033786850158653136
353,0.0,941.6756754310082,0.04039867411103903,0.0035998182514060634,0.5857680371775504,-0.0029574094239656038,0.6198741712648481,-0.0032523023382954007
354,0.0,942.4876375801572,0.0,0.0015123934984942987,0.7702722540940805,0.0019633883448949563,0.6649935961136179,-0.0016875951333382936
355,0.0,949.2055159468136,0.1403821189514116,0.01059348647606013,0.01428644849790211,-0.01053744853092065,0.46978145182890313,-0.004342551152613
356,0.0,953.7841699033926,0.0,0.007600011180953415,0.7619810612490734,-0.007600011180953415,0.5574413346549542,-0.005319789161115125
357,0.0,956.5124274764074,0.0,0.0031407505730970476,0.6299770139294508,-0.0009387212780958822,0.5792020384373031,-0.004005468796209352
358,0.0,959.4213420619104,0.0,0.0019158749356534743,0.6864847238210451,-0.0003518971437943097,0.6113868440524257,-0.0029093973004848386
359,0.0,962.277076637389,0.0,0.0031982285445381685,0.8300959067578594,-0.0016558588153419594,0.6769995628640557,-0.0025333357549419747
360,0.0,957.4823925474802,0.0,0.0,0.7000700842139246,0.013125103031770549,0.6839207192690163,0.002164195881071782
361,0.0,963.7855728129641,0.0009745752572769129,0.01058290897007158,0.6513060999642293,-0.01058290897007158,0.6741363334775802,-0.0016599355742712265
362,0.0,965.3648245912474,0.010358304994658205,0.005568195142991981,0.4596485669755873,-0.00547531459861165,0.6097900035269823,-0.002804549281573353
363,0.0,966.410805144571,0.0,0.001441607072346157,0.8585260420768878,-0.00033317037615948175,0.6844108150919539,-0.0020631356099491916
364,0.0,971.3337804934276,0.009000684382250511,0.00725282274899538,0.3322317494282973,-0.007248829158064761,0.5787570953928569,-0.003618843674383862
365,0.0,972.0793796802483,0.0,0.0012599707054478805,0.673885823328683,0.0007465531075869648,0.6072957137736047,-0.002309224639792614
366,0.0,970.4590498725577,0.0013040290419116614,0.0004363568179208792,0.3874655311125864,0.007241533620163274,0.5413466589752992,0.000556002838194152
367,0.0,971.9286378889431,0.01025630657021947,0.0023233798325789186,0.3549725706424623,-0.0006793661526104869,0.4854344324754481,0.00018539214095276028
368,0.0,971.7955523103815,0.0,0.0013057220874917567,0.6723067140485255,-0.000309632673655262,0.5414961169473713,3.68846965703536e-05
369,0.0,974.7839791583716,0.0,0.006572317996409786,0.8030905035092111,-0.006420542942495808,0.6199744329159231,-0.001900343595149495
370,0.0,975.2905332532974,0.0,0.0029208604267352595,0.7169425987944921,-0.0010145616068913236,0.6490648826794938,-0.0016346089986720436
371,0.0,979.6403160929959,0.0,0.00715170279680161,0.7632959027532497,-0.007014414296146806,0.6833341887016205,-0.0032485505879144725
372,0.0,979.7803887832297,0.0,0.0023281495834647442,0.6800220682024691,0.0015462558767930926,0.6823405525518751,-0.0018101086485022028
373,0.0,982.5243191396825,0.002797707444193258,0.0026961187719335014,0.5853774808728293,-0.0022571935198446758,0.6532516310481613,-0.0019442341099049445
374,0.0,980.2072076287377,0.0,2.900144917264439e-06,0.9179543764621706,0.0067938552445707436,0.7326624546723641,0.0006771926964377619
375,0.0,985.5460280059693,0.0,0.009147969755292869,0.530989495533459,-0.00912551495043296,0.6721605669306926,-0.0022636195976234543
376,0.0,985.4754791216895,0.0,0.001916612941381634,0.8236019093936684,-0.0004641147333055573,0.7175929696695853,-0.001723768138328085
377,0.0,989.1637584487225,0.0,0.006195807033347198,0.8112950658629942,-0.0052541545113641615,0.7457035985276079,-0.002782884050238908
378,0.0,992.0869867189213,0.0,0.004489937838227222,0.692205356132135,-0.004178513583395257,0.729654125808966,-0.0032015729101858123
379,0.0,995.902581024945,0.007029159177686109,0.005202635414237495,0.5779122410142876,-0.004916918380626526,0.6841315603705624,-0.0037161765513180267
380,0.0,998.1096088902505,0.0,0.0027803059946074652,0.6858158049065769,-0.0011081622483045711,0.6846368337313667,-0.00293377226041399
381,0.0,998.4533953196114,0.0016789762830520377,0.0007397824228301498,0.5978311434799515,0.003277036023971593,0.6585951266559421,-0.0010705297750983151
382,0.0,996.7195961899068,0.0,0.00021933074938971627,0.6386007059522762,0.0067126996987783225,0.6525968004448424,0.001264439067064676
383,0.0,1000.3417683069664,0.0,0.006844964039094356,0.8277041905705599,-0.00648374168927462,0.7051290174825575,-0.0010600151598371128
384,0.0,1001.1304526292153,0.0,0.0033108309655624584,0.8212952045835401,-0.0029160490678844346,0.7399788736128522,-0.0016168253322513093
385,0.0,1002.3626626941484,0.0009745752572769129,0.002159420834027479,0.7087380364407089,-0.0013955541216030627,0.7306066224612091,-0.0015504439690568353
386,0.0,1004.7598567030601,0.0,0.0049560000528285665,0.7169425987944922,-0.003245359298760188,0.726507415361194,-0.002058918567967841
387,0.0,1009.6122617728003,0.004842569879360137,0.008513082356670355,0.5191434723710427,-0.008408343153859393,0.6642982324641485,-0.003963745943735306
388,0.0,1013.5841989747757,0.0010423219821215587,0.0066102495632822025,0.4638414917075002,-0.005965006248159868,0.604161210237154,-0.004564124035062674
389,0.0,1016.066322382457,0.000691413120854776,0.003220585941702821,0.6688122888203192,-0.0008520165731507562,0.6235565338121035,-0.0034504917964890986
390,0.0,1016.2405141600507,0.0,0.00012712217250190343,0.6639561970789137,0.004535166824723938,0.6356764327921466,-0.0010547942101251874
391,0.0,1018.2719064743085,0.0,0.0026820417510203696,0.8851361270470399,-0.0005938552746057689,0.7105143410686146,-0.0009165125294693618
392,0.0,1015.7137552484359,0.004842569879360137,0.0004985163631333225,0.5124099017821122,0.006466413711509567,0.6510830092826638,0.0012983653428243168
393,0.0,1015.8926905676204,0.0,0.0012765693531712897,0.6948271403861004,0.0005278200806117532,0.6642062486136947,0.0010672017641605476
394,0.0,1015.3966678026528,0.0,0.0018947623053464887,0.7989882223323201,-0.0003635498785997651,0.7046408407292823,0.0006379762713324537
395,0.0,1010.5340942629354,0.0,0.00053197296522897,0.8359087529243435,0.008992110692105173,0.7440212143878007,0.0031442165975642694
396,0.0,1012.5712499899894,0.0,0.005479805274273812,0.7176861736255282,-0.0050396420722323655,0.736120702159119,0.000689058996625279
397,0.0,1010.356202384882,0.0,0.0023353247725991415,0.762067691740298,0.0013107460966517606,0.7439047990334726,0.0008755651266332235
398,0.0,1008.6179578866851,0.0,0.0006147712726750282,0.8232498352042418,0.002867091036149293,0.7677083098847033,0.0014730228994880444
399,0.0,1010.9315097560425,0.03450770840239217,0.006031870851226861,0.19908438023432168,-0.005793322688882909,0.5971211309895887,-0.0007068807770232415
400,0.0,1012.5899503853826,0.0,0.005266520821066075,0.69041487523568,-0.00496003013238282,0.625109254263416,-0.001982825583631115
401,0.0,1018.344722546932,0.15940824404424297,0.011584486735971527,0.07695761994997141,-0.011170156794510543,0.46066376396938263,-0.004739024946894943
402,0.0,1021.5740230167632,0.0010600009437893207,0.004960751782090124,0.543576012651143,-0.004464806623078932,0.48553743857391074,-0.00465675944975014
403,0.0,1025.711364440062,0.0,0.0038254231528626406,0.7663425291110185,-0.0034889453351175923,0.569778965735043,-0.0043064152153603754
404,0.0,1033.5443398700386,0.13195568376077385,0.01128935033896853,-0.027884835205811025,-0.011288473751655126,0.3904798254527868,-0.0064010327762488006
405,0.0,1032.3450499846047,0.0,0.0010081663389021694,0.7840864739141892,0.007251079476331866,0.5085618199912074,-0.0023053991004746005
406,0.0,1032.9140685042103,0.003894421158511173,0.0005563167759681039,0.5176490164533751,0.005578345521933893,0.5112879789298577,5.9724286247947586e-05
407,0.0,1033.8592186650012,0.0,0.002194945677827747,0.8892384082239309,0.0004299060494195273,0.6246731077180796,0.00017077881519942149
408,0.0,1038.204134751956,0.07257051087323146,0.009209721422780025,0.31135106966682163,-0.009121237096630293,0.5306764963027022,-0.002616825958349493
409,0.0,1040.3426480891792,0.0,0.004894275385514344,0.6476153360559871,-0.004524096303449808,0.5657581482286876,-0.003189007061879587
410,0.0,1039.2811611425059,0.0,0.0008867738107720051,0.9220566576390624,0.005070166806428215,0.6726477010518,-0.0007112549013872462
411,0.0,1042.5263704678716,0.0,0.0037168986730842686,0.6467479040240706,-0.0034093347841627165,0.6648777619434811,-0.0015206788662198872
412,0.0,1038.6494843682958,0.0,0.0007336993132141245,0.7122750437094982,0.008881098182486528,0.6790969464732862,0.0015998542483920374
413,0.0,1041.9784627919005,0.006941215728663262,0.00564564097480014,0.4604199733985329,-0.0054179918238802804,0.6134938545508601,-0.0005054995732896579
414,0.0,1042.4838045729964,0.02066635698264899,0.0027642299118287882,0.48601956127007356,-0.0026982477371379357,0.5752515665666241,-0.001163324022444141
415,0.0,1046.7815087930942,0.02010542396662839,0.008378516568758107,0.4626011658272242,-0.008378516568758107,0.5414564463448042,-0.003327881786338331
416,0.0,1050.1258115229105,0.0,0.005897887504391513,0.8868366798305151,-0.005616839755973464,0.6450705163905174,-0.00401456917722887
417,0.0,1053.405346463898,0.0,0.0043626258370193256,0.5290164145436852,-0.0031985472172374454,0.6102542858364677,-0.0037697625892314426
418,0.0,1053.6807088356088,0.0,0.0010387089179012582,0.549724057622728,0.003765244726434021,0.5920952173723457,-0.0015092603945318034
419,0.0,1057.797832152712,0.017243718538776136,0.004629932460992406,0.32940115908646656,-0.00458761836374399,0.513286999886582,-0.002432767785295459
420,0.0,1054.5651746681294,0.0,2.3773319731358147e-05,0.685231889825471,0.008408214661572449,0.5648704668682487,0.0008195269487649133
421,0.0,1055.4041779351721,0.0,0.0017121864922607362,0.6882266305562517,0.0007520626804782364,0.6018773159746496,0.0007992876682789102
422,0.0,1056.7269664810206,0.0,0.00407398427298035,0.518241928934366,-0.0036427870283258757,0.5767866998625645,-0.0005333347407025256
423,0.0,1055.267653189999,0.0,0.0010105203608196845,0.6698134115477,0.0022298669827002524,0.6046947133681051,0.00029562577631830786
424,0.0,1059.729706804442,0.07174215966134585,0.008753582336517896,0.3199198904911918,-0.008752705749204493,0.519262266505031,-0.0024188736813385322
425,0.0,1058.351102993265,0.04714171922632865,0.0019115099089213581,0.36962513778287404,0.0026649341596764083,0.4743711278883839,-0.0008937313290340499
426,0.0,1058.968059325514,0.0,0.0019443288960669333,0.746325785124557,0.0012715731979182398,0.5559575250592358,-0.00024413997094836299
427,0.0,1062.4158948565876,0.008602303341755406,0.006603422648601964,0.42756707431992347,-0.006241848056536783,0.5174403898374421,-0.002043452396624889
428,0.0,1065.5719401279675,0.0,0.0068020606988422536,0.5635882543045952,-0.006235637995776927,0.5312847491775881,-0.0033011080763705
429,0.0,1068.6572662337214,0.0039713254390533245,0.004970545538000619,0.4226451083106968,-0.004161620303987943,0.49869285691752063,-0.0035592617446557322
430,0.2731252670928077,1074.350226743516,0.24462269232417688,0.008429565168740645,-0.1434291773058365,-0.008273377576492274,0.30605624665051345,-0.004973496494206695
431,0.0,1075.1222249656419,0.0,0.0008080416286261708,0.9466703447004122,0.002306463708513268,0.49824047606548305,-0.0027895084333907057
432,0.0,1076.7321103285944,0.0,0.0016116087543118808,0.6964311929100344,0.0019430271933716869,0.5576976911188485,-0.0013697477453619878
433,0.0,1080.8829302738357,0.0030691947026178696,0.0058070813131502075,0.47612395759839643,-0.005684730778413537,0.5332255710627128,-0.0026642426552774524
434,0.0,1084.4620277646477,0.02667250204412509,0.00691281349760976,0.5282376646574866,-0.005918622427136199,0.5317291991411449,-0.0036405565868350763
435,0.0,1088.1160700628466,0.0,0.004697018308649622,0.7514926219320872,-0.004685645497549178,0.5976582259784275,-0.0039540832600493065
436,0.0,1091.009420075203,0.0,0.0029466170972815412,0.6829993109187381,-0.0020708126119539515,0.6232605514605207,-0.0033891020656207
437,0.0,1095.709446416177,0.0,0.005550862577040482,0.8192504722402246,-0.005531672228410354,0.6820575276944318,-0.004031873114457596
438,0.0,1101.7327916762417,0.0,0.009023719756995459,0.7548328422515722,-0.008850326593677698,0.7038901220615739,-0.005477409158223626
439,0.0,1097.695356473034,0.0,3.4300848258828515e-05,0.6183178975599726,0.01283941654916902,0.6782184547110934,1.7638553994167756e-05
440,0.0,1102.0500308162548,0.0,0.004288662322478004,0.6841243493793608,-0.0033673386149771774,0.6799902231115736,-0.0009978545966972357
441,0.0,1100.5018280811564,0.029548108079658568,0.0010748112161667576,0.36964919049844336,0.0032486261459069485,0.5868879133276346,0.00027608962608401957
442,0.0,1100.316881926964,0.0,0.001676680990274019,0.819499628216777,0.0014132326250397625,0.6566714277943773,0.0006172325257707424
443,0.0,1099.8511191801088,0.0013040290419116614,0.0018101304851341974,0.6362136380784204,0.0006570276735379795,0.6505340908795901,0.0006291710701009134
444,0.0,1100.621567059306,0.0,0.0032907689419452704,0.7743745352709722,-0.0022742657572601905,0.6876862241970048,-0.00024185997810741768
445,0.0,1098.4427624819855,0.0,0.0015629215811831113,0.8771618880627895,0.003893867170483621,0.7445289233567401,0.000998858166469894
446,0.0,1098.3610701802381,0.013321099019647276,0.0018612651966353874,0.48390817810205783,0.00038051068223310917,0.6663426997803354,0.0008133539211988585
447,0.0,1100.1279573190363,0.0,0.004794929415448191,0.6154847305861566,-0.004755381875952575,0.6510853090220818,-0.0008572668179465715
448,0.0,1099.265402574293,0.0,0.0027085982542613255,0.658743856330101,0.000985464834381193,0.6533828732144875,-0.00030444732224824204
449,0.0,1100.637264456089,0.0,0.0027963330339256507,0.6813393792869221,-0.001952374013287749,0.6617698250362178,-0.000798825329560094
450,0.0,1105.0528619922147,0.0,0.008851308949545262,0.8892384082239309,-0.008848744517521406,0.7300103999925317,-0.0032138010859484875
451,0.0,1105.2099218999965,0.0,0.0023909629008534595,0.8359087529243435,0.0006388099556610034,0.7617799058720751,-0.00205801777346564
452,0.0,1106.2287791654294,0.0,0.001292047376592438,0.6730752085768432,0.0013108409021052368,0.7351684966835055,-0.0010473601707943771
453,0.0,1107.721111249861,0.00012809561823393342,0.0029097289868694055,0.6389992564335549,-0.0009216166547553341,0.7063177246085203,-0.0010096371159826643
454,0.0,1108.4163068546284,0.0,0.002324645475016786,0.7029285434673465,-0.00031525578552193126,0.7053009702661681,-0.0008013227168444443
455,0.0,1109.609501676754,0.0,0.0028878966633051934,0.7333517235020578,-0.0014007287704119898,0.7137161962369349,-0.0009811445329147078
456,0.0,1113.3564859276325,0.0,0.007152204666307515,0.7808420718191116,-0.0069306250037456,0.7338539589115879,-0.0027659886741639756
457,0.0,1115.5256021170355,0.0,0.0039239838413917035,0.7456585670327316,-0.0033817169780467225,0.7373953413479309,-0.0029507071653287996
458,0.0,1119.0439421662422,0.02947795226613678,0.004814606180996794,0.42497038351407723,-0.004325690768370713,0.6436678539977748,-0.0033632022462413732
459,0.0,1123.333378495096,0.0,0.005726281304789885,0.9261589388159536,-0.005722538960968064,0.7284151794432284,-0.0040710032606593805
460,0.0,1121.0400634029857,0.0,9.647994252914531e-06,0.8034415521576964,0.008450700584258725,0.7509230912575688,-0.00031449210718394877
461,0.0,1126.3135103280842,0.0,0.00740060404862088,0.708738036440709,-0.00673261552630249,0.7382675748125108,-0.0022399291329195108
462,0.0,1127.6622368641515,0.0,0.0035490784014753744,0.7251471611482755,-0.002388920624618395,0.7343314507132402,-0.0022846265804291757
463,0.0,1122.0443398243585,0.0,3.647856692473576e-06,0.7480710655553101,0.014132404453878186,0.7384533351658612,0.002640482729863033
464,0.0,1126.3767255999953,0.0,0.007380354195835864,0.5751890122802618,-0.006756004458374863,0.6894740383001813,-0.00017846342660833613
465,0.0,1130.6966021979943,0.033784844989175854,0.011746552123817762,0.38226225657324175,-0.011742809779995944,0.5973105037820994,-0.0036477673326246185
466,0.0,1133.2126418245773,0.0,0.005109079604022636,0.7131351546320207,-0.004903859513804648,0.6320578990370758,-0.0040245949869786276
467,0.0,1133.8366988569328,0.014798046103155646,0.0009091097581806856,0.6151786378251729,0.002667330278533811,0.6269941206735049,-0.002017017407324896
468,0.0,1134.133584943041,0.019326674358100447,0.0018415223897211414,0.3754573862644132,0.003657816157349364,0.5515331003507773,-0.0003145673379226178
469,0.0,1135.987742055091,0.0,0.0029416737943401727,0.8285021924081163,-0.0017486605450608764,0.634623827967979,-0.0007447953000640953
470,0.0,1137.787175967343,0.0,0.004486969814389108,0.865525932171683,-0.0033901132026863635,0.7038944592290901,-0.0015383906708507757
471,0.0,1141.3280642815987,0.002098645849303127,0.006738589394129089,0.46286076387017633,-0.006536922605846606,0.6315843506214159,-0.0030379502513495247
472,0.0,1144.7161290355136,0.0,0.00545657473770187,0.6536297251692748,-0.005329396694714165,0.6381979629857736,-0.0037253841843589166
473,0.0,1148.6493756395164,0.003618655286169327,0.00569875707432607,0.5938741634877495,-0.004874507905501436,0.6249008231363663,-0.004070121300701672
474,0.0,1152.4430333570474,0.004279102602567873,0.004134270046579033,0.5378312444144699,-0.0038532566652865878,0.5987799495197974,-0.004005061910077146
475,0.0,1155.4530116840463,0.0,0.002715585961977213,0.6402712528700907,-0.0018642009134304564,0.6112273405248854,-0.003362803611083139
476,1.1784950357235813,1164.7815502163398,0.2722187994689973,0.01512239896881951,-0.19401049221709368,-0.01512239896881951,0.3696559907022916,-0.0068906822184040505
477,0.0,1167.7858600527913,0.0,0.0027356304180509486,0.5986027030044014,-0.0024689466386286947,0.43834000439292453,-0.005564161544471443
478,0.0,1175.111317257089,0.13445958528101726,0.008006149161192216,0.19496060939086715,-0.007851735133762862,0.3653261858923073,-0.006250433621258869
479,0.0,1181.6037658220519,0.009451710291774114,0.007716484079646138,0.3548534752893497,-0.007469498167295429,0.36218437271142,-0.006616152985069837
480,0.0,1182.7361385635702,0.0,0.0009259370345921906,0.6048156577066203,0.004427431518359472,0.4349737582099801,-0.0033030776340410434
481,0.0,1185.0864045019155,0.00010894205261436085,0.002220961773203896,0.617857998649663,0.0021330668893134183,0.4898390303418849,-0.0016722342770347045
482,0.0,1190.113889963794,0.0,0.007094842580024421,0.9306021456141211,-0.0069635457485777525,0.6220679649235558,-0.003259627718497619
483,0.0,1191.7965462507575,0.0,0.0027701230916561334,0.8605224399856916,-0.0016278054043256942,0.6936043074421965,-0.0027700810242460416
484,0.0,1195.3260701440156,0.000691413120854776,0.004389176573939078,0.606181007018424,-0.0038423091948422876,0.6673773173150647,-0.003091749475424915
485,0.0,1195.1394720556025,0.01144412471052182,0.0017274350728999422,0.47438117852925105,0.0034030699792595254,0.6094784756793206,-0.001143303639019583
486,0.0,1196.1202377938732,0.0,0.001456208674322461,0.6981413647660879,0.0012249480671294648,0.6360773424053507,-0.0004328281271748686
487,0.0,1193.9727526242739,0.0,0.0004842340707894071,0.7251471611482755,0.005682903232609669,0.6627982880282282,0.0014018912807604927
488,0.0,1195.4746565505104,0.0060214425739600905,0.0033439916269903665,0.363206844257614,-0.002736516017217345,0.5729208548970439,0.00016036909136714122
489,0.0,1197.4455983988657,0.03621220197781426,0.005594233755464871,0.3809174854349486,-0.005573114313672806,0.5153198440584152,-0.0015596759301448428
490,0.0,1197.4594472862186,0.0,0.0015448774990306654,0.7276042865111856,-0.00013091648840297872,0.5790051767942463,-0.0011310480976222835
491,0.0,1200.4243257839528,0.0,0.004574650131292421,0.47242765007717225,-0.004505040772310962,0.547031918779124,-0.0021432459000288867
492,0.0,1200.6943376560791,0.05546640830251458,0.002458405315659481,0.20694826942135702,0.0007049522805944103,0.4450068239717939,-0.0012887864458418976
493,0.0,1201.5375276245647,0.005776165649636019,0.0024298400019150627,0.2969326937815248,0.000529601480095305,0.40058458491471316,-0.0007432700680607367
494,0.0,1199.8739602469855,0.005162250447376819,0.00120685929982573,0.4069810706030795,0.004839220837211525,0.402503530621223,0.0009314772035209417
495,0.0,1203.2322432749736,0.0,0.006430924256170644,0.5835416199546697,-0.006260994870891872,0.456814957421257,-0.0012262644188029024
496,0.0,1204.4564379283515,0.022977759174548144,0.003992425209176091,0.33791502544459195,-0.0034695999307552973,0.42114497782825744,-0.0018992650723886207
497,0.0,1206.918624649849,0.00012964183409142085,0.0040820679421656614,0.4473732866628803,-0.0037730608555175734,0.42901347047864424,-0.0024614038073273066
498,0.0,1204.222918643245,0.0,0.00016628400480662019,0.8687270023394744,0.0076970137894688045,0.5609275300368932,0.000586121471711527
499,0.0,1207.058719699412,0.0,0.0036822110516527428,0.8399318585766559,-0.0033683782957035532,0.644628828598822,-0.0006002284585129971
500,0.0,1209.6439979319935,0.018678478457740958,0.006898619320156009,0.328426351968071,-0.005971529998472888,0.5497680856095967,-0.0022116189205009643
501,0.0,1211.4250986450522,0.0,0.0053436245860930525,0.716159749863657,-0.002993237719567081,0.5996855848858147,-0.002446104560220799
502,1.474173812755975,1220.9567664481162,0.31118676332841244,0.01745195052418505,-0.23199335883805766,-0.01745195052418505,0.35018190176865294,-0.006947858349410074
503,0.0,1221.4764306822096,0.0,0.0004446719032934614,0.741611318529849,0.0017548858604271589,0.46761072679701177,-0.004337035086458905
504,0.0,1226.2187997615315,0.0,0.004078951331080109,0.5663994161807491,-0.0024618733393493727,0.4972473336121329,-0.0037744865623260447
505,0.0,1232.7758752526806,0.005551809901245371,0.00900286167068229,0.4799887168605672,-0.008985558784736055,0.4920697485866632,-0.005337808229049047
506,0.0,1239.810065276547,0.038758352635222856,0.010500397037754327,0.536685799067593,-0.010500397037754327,0.5054545637309421,-0.006886584871660631
507,0.0,1241.9867310652132,0.1323891375090433,0.000680155696348947,0.2589403849853264,0.0013124375485239425,0.4315003101072574,-0.004426878145605258
508,0.0,1248.3056768746906,0.026600283424307036,0.006589462359221242,0.366523745672353,-0.005806491272364306,0.4120073407767861,-0.004840762083632972
509,0.0,1253.3038898169193,0.003931831210261941,0.005676113866245405,0.4535648368185919,-0.005599913807819952,0.42447458958932777,-0.005068507600889066
510,0.0,1261.192066668644,0.009181511607661813,0.011180053453938328,0.4206608637796669,-0.011180053453938328,0.42333047184642947,-0.006901971356803844
511,0.0,1267.546051520202,0.11143362551743685,0.007698662922241035,0.19302881682034106,-0.00767019088328639,0.3542399753386029,-0.007132437214748608
512,0.0,1273.1952238184303,0.01089142525249232,0.006598113937391586,0.5118153398557093,-0.004282370574023841,0.4015125846937348,-0.006277417222531177
513,0.0,1277.4207861300351,0.0,0.003240199182558538,0.7641053874049062,-0.0011120736662081144,0.5102904255070861,-0.0047278141556342575
514,0.0,1284.0486553298774,0.004870662341356708,0.007242340176638169,0.40258575956329823,-0.007072092303050145,0.4779790257239498,-0.005431097599859024
515,0.0,1283.7601084141409,0.0,0.0011811842831276759,0.6408634866725712,0.005752241553230199,0.5268443640085362,-0.002076095853932257
516,0.0,1287.5031294603807,0.0,0.0037197711393005045,0.8359087529243433,-0.0020540631858989348,0.6195636806832783,-0.00206948605352226
517,0.0,1287.3929360687257,0.0016789762830520377,0.0013772750830654413,0.4203391609400774,0.002478397999357635,0.559796324760318,-0.0007051208376582916
518,0.0,1288.1863702531532,0.0,0.0014090075903118594,0.5849102433637554,0.0005321067897640674,0.5673305003413492,-0.00033395254943158393
519,0.0,1287.924493187798,0.0,0.0018716025322629902,0.814593283723513,0.0012939927816104596,0.6415093353559984,0.00015443104988102914
520,0.0,1284.7933582921785,0.0,4.226190730714076e-05,0.8686443182749976,0.006864630311120447,0.7096498302316981,0.0021674908282528545
521,0.0,1288.066588636309,0.0,0.007070407678408341,0.7289452021327111,-0.007070407678408341,0.715438441802002,-0.0006038787237455042
522,0.0,1285.9798645407116,0.11892987650485344,0.0019547280628655966,0.19769868645491875,0.002114700533220255,0.560116515197877,0.00021169505334422354
523,0.0,1287.8894436709998,0.045703421735065926,0.005920337179478448,0.31507351153015356,-0.003358070144754181,0.4866036140975599,-0.0008592345060852978
524,0.0,1287.090294924568,0.001149821587955402,0.0008440825596670152,0.6268860725759786,0.0014801789789190471,0.5286883516410855,-0.0001574104605839943
525,0.0,1286.2193347447985,0.0,0.0007857748220667919,0.8329140601956821,0.002716095087550017,0.6199560642074644,0.000704641203856209
526,0.0,1287.0298048053405,0.0,0.004997961077913627,0.6853089399441693,-0.0015538701131814292,0.6395619269284758,2.7087808744917573e-05
527,0.0,1287.383889577572,0.05434062356278356,0.002980252485350012,0.18871361901280057,-0.0014728065215310737,0.5043074345537731,-0.00042288049033787977
528,0.0,1286.8239949402218,0.0,0.001049011870290857,0.6173164408021723,0.0011558507141345344,0.5382101364282929,5.07388710038445e-05
529,0.0,1287.2860128326586,0.0,0.002499649498008663,0.6610453795761783,-0.0005241508847665811,0.5750607093726584,-0.00012172805572728318
530,0.0,1287.5844436093018,0.0,0.0025899728867154895,0.7284599152348523,-0.0006695117729800875,0.6210804711313166,-0.00028606317090312447
531,0.0,1287.026784859413,0.0036573315144032754,0.0012687328199841388,0.5204764156245644,0.0013005084191048863,0.5908992544792909,0.0001899083060992788
532,0.0,1286.4260150025539,0.006918603304199759,0.0012038702694050292,0.4477253038654031,0.0015416734920600578,0.5479470692951245,0.0005954378618875124
533,0.0,1286.3564537799932,0.0022358290444597756,0.00138246940505382,0.3827218430729814,-7.771184943099938e-05,0.49837950142848153,0.00039349294849195886
534,0.0,1284.2699141175758,0.0,0.0003408047313360682,0.8526170164413639,0.0037103143177161357,0.6046507559323462,0.001388539359259212
535,0.0,1284.64871780606,0.0,0.0031234966822625515,0.48591605223127365,-0.0012569186456561922,0.5690303448220244,0.0005949019577845907
536,0.0,1279.2132892266343,0.0014273950971294047,1.5297767621886731e-06,0.6908677748129194,0.009852626793000197,0.6055815738192929,0.0033722194083492724
537,0.0,1279.6407136106363,0.0,0.003662134282211653,0.9015452517546055,-0.0016506661480442657,0.6943706771998867,0.0018653537414312108
538,0.0,1279.8417947064515,0.045066489844157155,0.004485190899722621,0.3155053723335562,-0.004009370572538547,0.5807110857399874,0.00010293644724028352
539,0.0,1278.4493063318228,0.0004553693345490983,0.001312423161661226,0.42858314539784287,0.0009536516145172908,0.5350727036373439,0.0003581509974233857
540,0.0,1278.4040641000045,0.0,0.0011863971170055995,0.5406617037596138,-2.789377447960383e-05,0.5367494036740248,0.0002423375658524888
541,0.0,1280.0047572256185,0.0,0.0038774911326004183,0.6473962055404959,-0.0037179486992562428,0.5699434442339661,-0.0009457483136801306
542,0.0,1281.9105120574347,0.0,0.00419890030063664,0.7170747864042508,-0.004183351350976927,0.6140828468850515,-0.0019170292248691695
543,0.40290195340326207,1287.492015391705,0.1737246921591526,0.010688199772382004,-0.10656436913254004,-0.010563101235276711,0.39788868207977407,-0.004510850827991432
544,0.0,1285.5771343244714,0.0,9.977511220395251e-05,0.7340567763050103,0.006174193117141392,0.49873911034734497,-0.0013053376444515847
545,0.0,1290.7392403996696,0.0,0.006086824578165685,0.6634916058228163,-0.0060011956423195005,0.5481648589899863,-0.0027140950438119594
546,0.0,1288.7097279971304,0.0,0.0005118827060062438,0.7135885851363358,0.0057009648450859676,0.5977919768338912,-0.0001895770771425812
547,0.0,1292.1724645976165,0.0,0.004862039594660194,0.7220655032707325,-0.004378953202161185,0.6350740347649435,-0.0014463899146481623
548,0.0,1291.0811188860785,0.01870730170296209,0.0018256365215741056,0.4991647556695036,0.002531379267504555,0.5943012510363115,-0.0002530591600023471
549,0.0,1293.559829912478,0.009711831989078552,0.0038746141637080885,0.4999936851702528,-0.0036467810122400323,0.5660089812764938,-0.0012711757156736525
550,0.0,1292.3271807762612,0.0,0.002195406954699292,0.6000632310356774,0.0028845879802743236,0.5762252562042489,-2.4446606889259675e-05
551,0.0,1295.236433414179,0.003618655286169327,0.004906280462120367,0.5020951343280392,-0.004735783016548155,0.553986219641386,-0.0014378475297869282
552,0.0,1297.1167024653446,0.0,0.004566121811294629,0.5801809473316674,-0.0038318516606776617,0.5618446379484703,-0.0021560487690541483
553,0.0,1298.5945572132882,0.0,0.002366967464063339,0.8409434730197626,-0.0014912708493107951,0.6455742884698579,-0.0019566153931311423
554,0.0,1300.2974530826461,0.0,0.003436513619961923,0.7104391545558382,-0.0012202899520168474,0.6650337482956519,-0.0017357177607968538
555,0.0,1299.1156978129156,0.0,0.0007436844707302121,0.612909836989989,0.004572452753150067,0.649396574903953,0.00015673339338722258
556,0.0,1300.388981761712,0.06924792421091212,0.0021739911454579167,0.13731563862577317,-0.0008511661172202759,0.49577229402049905,-0.00014563645979502696
557,0.0,1300.409844054581,1.0902985237357952e-05,0.0020351762443702346,0.4073111195552184,-0.0002006588757637258,0.4692339416809148,-0.0001621431845856366
558,0.0,1301.9546689623614,0.009469566813933314,0.004394413328203077,0.342625571446469,-0.0030599246128980863,0.431251430610581,-0.0010314776130793714
559,0.0,1300.4800413908772,0.05419854773927785,0.0015617222862204484,0.41602337567763303,0.0032840181584133706,0.4266830141306966,0.0002631711183684513
560,0.0,1302.4560285432735,0.0,0.003487647126861413,0.6760956259863937,-0.0030531495171331785,0.5015067976874057,-0.0007317250722820377
561,0.0,1305.9412895663195,0.038247822467435764,0.007542352338133052,0.23823357240790927,-0.007504608501634469,0.42252483010355674,-0.002763590101087767
562,0.0,1307.5993991580356,0.00010155662632655659,0.0026759297866730705,0.36437693845604235,-0.0025770317782361878,0.40508046260930236,-0.002707622604232293
563,0.0,1311.08297967441,0.07325023052193912,0.00454768175986018,0.19136969781128274,-0.004265902111970436,0.34096723316989647,-0.0031751064565537354
564,0.0,1308.0485030654274,0.016419550094847947,0.00011260362285209217,0.524098164128017,0.009274562583812191,0.3959065124573326,0.0005597942555560431
565,0.0,1309.433918463074,0.0,0.001867657719535667,0.6939052666846093,0.00039779571983155785,0.4853061387255156,0.0005111946948386975
566,0.0,1308.35696377851,0.0,0.0014588496413849251,0.5686149389297754,0.001639236797686364,0.5102987787867935,0.0008496073256929975
567,0.0,1308.3402310160668,0.05681307232379564,0.0018582739581914675,0.40691450578229144,-0.000533034857271005,0.4792834968854429,0.0004348146708037967
568,0.0,1309.62184418972,0.037392806549887504,0.003742011140186543,0.22660016011282272,-0.003573152353991174,0.40347849585365686,-0.0007675754366346946
569,0.0,1309.508272695565,0.08948990555666717,0.0016802281732845187,0.14171241930302073,-0.00018434235940476655,0.324948672888466,-0.0005926055134657162
570,0.0,1303.1401394552784,0.0,0.0,0.6744702857974345,0.01409119389348631,0.42980515676115655,0.0038125343086198916
571,0.0,1303.586693780449,0.0,0.0020013446432688648,0.5109237692094347,-0.0004718796971048939,0.45414074049564,0.002527210106902456
572,0.0,1303.5082506300512,0.018424078004451883,0.005512144898928373,0.2652775374002604,-0.003913267095937795,0.39748177956702613,0.0005950669460503804
573,0.0,1297.7209304787698,0.0,0.00013113379324700123,0.8860960369482586,0.009399611997727719,0.5440660567813957,0.0032364304615535816
574,0.0,1300.5265054377444,0.0,0.00719333643786139,0.5362317438723486,-0.006599660502563839,0.5417157629086816,0.0002856031723183555
575,0.0,1298.897170740874,0.0,0.002919037426665373,0.7357648642040948,1.1265422181283561e-05,0.5999304932973055,0.00020330184727723388
576,0.0,1295.4347857993744,0.002432840753159999,0.0009040392962385535,0.46930104753142526,0.0069073277466558695,0.5607416595675414,0.0022145096170908245
577,0.0,1298.2869729680237,0.010118386032067807,0.006263503257626892,0.4027203100639442,-0.006246100592979106,0.5133352547164622,-0.0003236734459301548
578,0.0,1299.6876449814495,0.04249326047911856,0.006126978047959742,0.20009050629790895,-0.0052113611521923935,0.41936183019089623,-0.0017899797578088262
579,0.0,1302.929828626779,0.2481341696519637,0.006438479862957304,-0.009994630781697305,-0.006342806931684249,0.29055489189911815,-0.003155827909971453
580,0.0,1306.7639780815255,0.2856227020749673,0.006454995100629489,-0.1444396392858347,-0.00599175628675514,0.16005653254363228,-0.004006606423006559
581,0.0,1310.2952340660333,0.00548129908901018,0.004371869418960149,0.5265045204298185,-0.0039025206272121854,0.26999092890948817,-0.003975380684268247
582,0.0,1310.02364935789,0.0,0.00035058001123760906,0.6763504960774817,0.004904990694441214,0.3918987990598862,-0.0013112692706554083
583,0.0,1313.8248920064498,0.03333747734962979,0.0038156692322264332,0.4894812755015438,-0.003723597752109619,0.42117354199238344,-0.0020349678150916716
584,0.0,1309.4290260995517,0.0,4.92261646910571e-07,0.7725252618717572,0.010608749788599391,0.5265790579561955,0.0017581474660156473
585,0.0,1312.5235910662761,0.037128084598736455,0.004462096635871244,0.27067059302819807,-0.004400508351039161,0.4498065184777963,-8.944927910079534e-05
586,0.0,1309.4323510090676,0.0916636790275899,0.00033363771636813356,0.26170563858626195,0.004612406895380592,0.3933762545103359,0.0013211075732436207
587,0.0,1307.8278363987217,0.011470796006158496,0.0023518858273113025,0.5462835563875624,0.003380868955065824,0.4392484450735038,0.0019390359877902816
588,0.0,1307.2772169461975,0.005391541288896575,0.00151447431311642,0.4601148537514765,-0.0003098230288612579,0.4455083676768956,0.0012643782827948197
589,0.0,1308.2149035279672,0.0,0.005646282183093594,0.7949406819992078,-0.004026025294417391,0.5503380619735893,-0.0003227427903688436
590,0.0,1309.2162226707949,0.0,0.004564148167301584,0.7004960044107525,-0.003389694642537379,0.5953854447047382,-0.0012428283460194042
591,0.0,1310.3430503462162,0.05783816716232806,0.004095179829567504,0.21411471644200292,-0.0019595827360761207,0.48100422622591754,-0.001457854663036419
592,0.0,1313.4282027614768,0.004459503139367073,0.005561922551312021,0.5086869547482917,-0.0050720440603958285,0.4893090447826297,-0.0025421114822442416
593,0.0,1315.6650294479025,0.00026730066581259277,0.004308626635918735,0.6805406649582716,-0.00303553567763012,0.5466785308353223,-0.002690138740860005
594,0.0,1318.1143928979789,0.0,0.003421665601152629,0.7533710073988413,-0.0023427186127857086,0.6086862738043779,-0.002585912702437716
595,0.0,1321.7588932042386,0.0,0.004848170848078099,0.5056745047032183,-0.004682734753710214,0.57778274307403,-0.003214959317819465
596,0.0,1324.0428763045372,0.02375076650818234,0.003104508048336621,0.366627316455794,-0.0019306824223407305,0.5144361150885591,-0.0028296762491758446
597,0.0,1324.1599977250696,0.0,0.0017497894851032142,0.7099722023322423,0.003222816173668624,0.5730969412616641,-0.0010139285223225037
598,0.0,1325.5821050251634,0.1161913177676681,0.0013334140120900373,0.3550927139940923,2.7102906126128258e-05,0.5076956730813925,-0.0007016190937879141
599,0.0,1328.218809772318,0.12605550363889828,0.00470059552481844,0.08338325999084223,-0.004407725216912307,0.3804019491542274,-0.0018134509307252318
600,0.0,1333.0826941400562,0.07913623511780825,0.00932675156155495,0.06537278044945709,-0.0093266787546447,0.2858931985427963,-0.004067419277901072
601,0.0,1335.6039026538838,0.11547948708947778,0.003524768837923304,0.0018941192826328068,-0.003194030547723035,0.20069347476474725,-0.0038054026588476607
602,0.0,1341.0369523455822,0.04819535880105846,0.00714279562436895,0.25113872247340974,-0.006923399999105844,0.21582704907734598,-0.004740801860925115
603,0.0,1342.7810835129621,0.0212479692764167,0.0018401758470285553,0.39223838789454357,0.0005278879151302031,0.26875045072250525,-0.0031601949281085196
604,0.0,1343.7648580536859,0.01241300174903743,5.751749255026304e-05,0.3944271497525333,0.003020479767292937,0.30645346043151367,-0.0013059925194880825
605,0.0,1349.8480603315793,0.05432178671801491,0.009399122211061678,0.25337444348988897,-0.009327052007186165,0.29052975534902625,-0.0037123103657975072
606,0.0,1350.1916530509384,0.0,0.0012767536701898815,0.7318416651075483,0.0007992703077105303,0.42292332827658285,-0.002358836163745096
607,0.0,1352.7121669052926,0.03399514373216322,0.003582783694982819,0.3878448334622553,-0.0012857957253762536,0.41239977983228454,-0.0020369240322344433
608,0.0,1357.7936539078203,0.03413322021463722,0.008112958577853397,0.1432377647515261,-0.008044438416688436,0.331651175308057,-0.003839178347570641
609,0.0,1358.336329268372,0.046352478587491856,0.0017436271994140775,0.2599841982326504,0.0011511879635765817,0.31015108218543497,-0.002342068454226474
610,0.0,1358.394098698083,0.0,0.000687641328841636,0.6793719275471072,0.003976377319080852,0.42091733579393664,-0.000446534722234276
611,0.0,1360.577493172007,0.04212718047367034,0.0035477216752894626,0.310437842853569,-0.0020904782340960093,0.38777348791182636,-0.000939717775792796
612,0.0,1360.0326357750469,0.0,0.0017640823393371935,0.5517365340085062,0.0016394148199858512,0.4369624017408303,-0.0001659779970592018
613,0.0,1360.125100776849,0.0,0.002195713308328464,0.48317131917831746,0.000793153012573323,0.4508250769720764,0.00012176130583055565
614,0.0,1362.4266850004663,0.1488338334708422,0.004665380889171281,0.028020157858713812,-0.0046271467733417886,0.3239836012380676,-0.0013029111179211476
615,0.0,1366.7117113083316,0.12472697465763974,0.009021448582379734,0.05742094221184676,-0.008999684871713124,0.2440148035302013,-0.0036119432440587405
616,0.0,1367.6741749727669,0.0,0.0012613546301969499,0.5980566384802489,-0.0004974359179032138,0.35022735401521554,-0.0026775910462120823
617,0.0,1372.694758357829,0.008707009121483849,0.006686747128497132,0.5136392568615175,-0.006585541546059559,0.39925092486910607,-0.003849976196166325
618,0.0,1374.7172419147357,0.002358234937569593,0.0029624048562728084,0.3580599185784363,-0.0012639343955772279,0.3868936229819051,-0.003074163655989596
619,0.0,1379.6863234804591,0.09992316425539441,0.006228108741166335,0.2631729163600259,-0.00621377123858439,0.3497774109953413,-0.004016045930768034
620,0.0,1382.959025809476,0.04379013550561614,0.004068367280502145,0.3699350111962425,-0.0034485407966811546,0.35582469105561165,-0.00384579439054197
621,0.0,1386.4103404411226,0.015435991888557288,0.004589316707935301,0.39381715283245394,-0.0028466162051078306,0.36722242958866436,-0.003546040934911728
622,0.0,1387.6462193241719,0.003583323628674908,0.00034508059516132094,0.51121006248582,0.001579039856083237,0.41041871945781105,-0.0020085166976132386
623,0.0,1390.6530932359244,0.0,0.0038796365325393773,0.5744564356187768,-0.0024868398132177547,0.4596300343061007,-0.0021520136322945933
624,0.0,1392.1406502057473,0.011443505504332966,0.0030655862358501956,0.27527085909541366,-0.0009172048924383703,0.40432228174289453,-0.0017815710103377264
625,0.0,1396.4165458384148,0.047605490228968615,0.0068248644597308445,0.3308680647647216,-0.006592202908986145,0.3822860166494426,-0.0032247605799322517
626,0.0,1397.1370018115886,0.006509497607745536,0.0023504193619489668,0.36819642772378564,0.0004892182158202338,0.37805913997174545,-0.002110566941206506
627,0.0,1400.5191195691705,0.0010478378054437944,0.005233318718985917,0.5772343306588775,-0.003599012768315566,0.43781169717788504,-0.002557100689339224
628,0.0,1403.0416821745914,0.013346631685818736,0.004413884626379352,0.4391541714021358,-0.0029502856688146954,0.43821443944516025,-0.002675056183181865
629,0.0,1408.7766302107823,0.048209414731452876,0.009317141620133248,0.2736550552271362,-0.009172701183036647,0.388846624179753,-0.004624349683138299
630,0.0,1408.8584770873658,0.0,0.0011158497901404534,0.848916130567677,0.0028086837680630487,0.5268674760961302,-0.0023944396477778946
631,0.0,1414.4287582512518,0.01647568113522263,0.007015878537743744,0.5440579960219836,-0.006687953186169581,0.5320246320738862,-0.0036824937092954004
632,0.0,1414.773277934219,0.0,0.0008916917969799814,0.5373367573781265,0.0019298958648074512,0.5336182696651582,-0.0019987768370645447
633,0.0,1412.720320199304,0.004353195616994971,0.000988580584266816,0.4754973450681521,0.008196208596466697,0.5161819922860564,0.001059718792994828
634,0.0,1417.180917790567,0.022637254551474452,0.007255007392897571,0.5196507960008142,-0.007255007392897571,0.5172226334004837,-0.0014346990627728915
635,0.0,1414.5299737321054,0.012010421119496448,0.0002498528067696649,0.3833911497997184,0.004478705506707807,0.4770731883202541,0.0003393223080713182
636,0.0,1416.1810247555745,0.005820295773474083,0.002784326029450311,0.6477772382631887,-0.001959349871341621,0.5282844033031344,-0.00035027934575256346
637,0.0,1415.9354165534116,0.0953749889247173,0.0009664366836621841,0.15294168587681398,0.00017281798967122176,0.41568158807523825,-0.00019335014512542788
638,0.0,1419.6063549415344,0.00877270614199489,0.00727522241290974,0.5257215208217113,-0.007274857734049552,0.44869356789918013,-0.002317802421802665
639,0.0,1419.1423187216562,0.0,0.0020512868155352216,0.34645610247779074,0.0012647236268259836,0.41802232827276325,-0.0012430446072140705
640,0.0,1419.0813165591155,0.0011656190852725992,0.001428461842389604,0.46235095880438315,0.0025932588866389907,0.4313209174322492,-9.215355905815208e-05
641,0.0,1424.0518137351642,0.05748551629918584,0.009065630598555802,0.1663798130964492,-0.009056524585959513,0.3518385861315092,-0.0027814648671285603
642,0.0,1422.4017937508595,0.0,0.000978669435743408,0.6451924994571773,0.0036494292941173026,0.4398447601292096,-0.0008521966187548012
643,0.0,1422.5476566753198,0.0,0.0017550919302784802,0.49941725027161094,0.002628986336414768,0.4577165071719299,0.0001921582677960695
644,0.0,1427.9717749113158,0.11037361949423921,0.010420548108280353,-0.0025336797054222758,-0.010420548108280353,0.3196414511087242,-0.0029916536450268574
645,0.0,1426.7174660618718,0.0016789762830520377,0.0014243198329921551,0.6225901317259892,0.002537630809263739,0.4105260552939037,-0.0013328683087396784
646,0.0,1429.7002370497776,0.0,0.0034914306122356444,0.7853103535804556,-0.0030422641650365207,0.5229613447798693,-0.0018456870656287311
647,0.0,1428.0819508413676,0.0301771308702366,0.00010674575833522325,0.43095854813513546,0.004836737716859191,0.49536050578644913,0.00015904036911764557
648,0.0,1432.766397567173,0.036702834923370585,0.007848444244100606,0.39767523368343605,-0.007843300000778746,0.46605492415554517,-0.0022416617418512716
649,0.0,1433.054406068353,0.0,0.0019338392134055076,0.8626219235155914,-0.0006722821893784042,0.585025023963559,-0.0017708478761094112
650,0.0,1437.9270532605285,0.044007840133280136,0.007750167194328633,0.2257698085165704,-0.007742498674432518,0.47724845932946247,-0.003562343115606343
651,0.0,1435.9581766329102,0.0,0.00015064604858342615,0.6059070186614272,0.006094890474968804,0.5158460271290518,-0.0006651730384337989
652,0.0,1438.3017557585586,0.02430663254903789,0.002062860700910182,0.5144035546721071,-0.0011439668897421083,0.5154132853919684,-0.0008088111938262917
653,0.0,1442.9071176907778,0.015489546736427589,0.009002642179584902,0.34239110118853744,-0.008867914977345268,0.46350663013093907,-0.003226542328881985
654,0.0,1446.25799705767,0.08369278805569322,0.006193926942034994,0.10638796419685029,-0.006004047757086809,0.35637103035071244,-0.004059793957343432
655,0.0,1454.2751665542787,0.07519874530808075,0.013172296777126556,0.3294800766465075,-0.013172296777126556,0.348303744239451,-0.0067935448032783695
656,0.0,1453.279221507702,0.0022359806860151,0.0011529888883168018,0.5287407840022768,0.00658690191940386,0.40243485616829866,-0.0027794107864737
657,0.0,1455.0113836558971,0.15411567241763005,0.0008394666686361013,0.22198937108323677,0.003583746810778053,0.3483012106427801,-0.0008704635072981741
658,0.0,1456.5766450907595,0.19269093916569532,0.0030090343898209137,0.20736834061634266,-0.00032947244058237606,0.30602134963484884,-0.0007081661872834346
659,0.0,1457.555833827728,0.0,0.00225713567658706,0.589701747135221,-0.0011037367907787915,0.39112546888496047,-0.0008268373683320417
660,0.0,1460.6705923520562,0.1411156685941734,0.007431008087860525,0.0005861121630894379,-0.005716955590249557,0.2739636618683991,-0.0022938728349072963
661,0.0,1465.9662577538027,0.02396128945662517,0.01007576929350505,0.447696127090093,-0.01007576929350505,0.32608340143490727,-0.004628441772486622
662,0.0,1471.3105352641633,0.0376361101813441,0.008760878059659662,0.17251133984047876,-0.008551608869702474,0.2800117829565787,-0.005805391901651377
663,0.0,1473.9382075498106,0.02382695622504836,0.0031928005145858613,0.36989027273633596,-0.0004111324195228074,0.30697532989050585,-0.004187114057012806
664,0.0,1484.467042296702,0.20305362335538651,0.01571332607276168,-0.06647065054116465,-0.01571332607276168,0.1949415357610047,-0.007644977661737468
665,0.0,1488.4083855305323,1.9544744626300122e-05,0.0036995010925474562,0.5695797094808871,-0.003531013858518942,0.3073329878769694,-0.00641078852077191
666,0.14833483723672858,1498.9563353358526,0.22694521576776544,0.013744260841742227,-0.21461240467318388,-0.013744260841742227,0.1507493701119234,-0.008610830217063005
667,0.0,1502.9776250076302,0.0,0.0017972606060902097,0.5468602447370744,-0.001340997514687836,0.2695826324994687,-0.006429880406350454
668,0.0,1505.717993618093,0.036168730773540984,0.0015273074538266595,0.3212833339462183,0.0035284252212410593,0.2850928429334936,-0.0034423887180729997
669,0.0,1507.140215873591,0.0,0.00019810182307962017,0.6156458858147934,0.0038782619209141353,0.3842587557978835,-0.0012461935263768592
670,0.0,1510.3224499295939,0.0,0.0035469287152526167,0.5707678952454954,-0.002991907971747552,0.44021149763216705,-0.0017699078599880671
671,0.0,1513.2637169637317,0.14396885590711536,0.004867403412418986,0.10287018326046095,-0.0047557752369784415,0.3390091033206552,-0.0026656680730851793
672,0.0,1514.987297265447,0.01973667158107234,0.002670062575918248,0.37584979761202514,-0.0016360687713745138,0.35006131160806614,-0.0023567882825719796
673,0.0,1516.794990447567,0.05142611367186677,0.002124895393786072,0.09377265895395638,-0.0008910903748459309,0.27317471581183317,-0.0019170789102541648
674,0.0,1520.1792960007222,0.0536099299935847,0.004540912555084654,0.28719270675440794,-0.004515770486800178,0.2773801130946056,-0.002696686383217969
675,0.016989308924181934,1527.920364984977,0.31762388805723685,0.014017907919715682,-0.2753150484482555,-0.014017907919715682,0.11157156463174724,-0.006093052844167283
676,0.0,1528.396928926902,0.0,0.001113518313272139,0.603689983559344,0.002070083972015268,0.25920709031002626,-0.0036441117993125174
677,0.0,1531.8807922532965,0.004748170985669907,0.002124932474005857,0.28321921374138603,-0.0007592805590093813,0.26641072733943416,-0.002778662427221576
678,0.0,1531.7534165047314,0.05673050942212743,0.0005258477233412866,0.3810922954801429,0.004177093534928724,0.3008151977816468,-0.000691935638576486
679,0.0,1533.6606190930129,0.0046784637104717005,0.0017219089330227665,0.30836258242233283,-0.0010500680456230274,0.30307941317385256,-0.0007993753606904484
680,0.0,1537.3987773501613,0.1109425841678997,0.007184902640161515,0.07764325194412763,-0.007033756105513397,0.23544856480493506,-0.002669689584137333
681,0.0,1536.7171624610908,0.0,0.0009123631596479434,0.6265487106945291,0.0023639507522884343,0.35277860857181326,-0.0011595974832096026
682,0.0,1538.1186616103607,0.0,0.0006401995433059962,0.6016294430333162,-9.054668236884686e-05,0.42743385891026414,-0.0008388822429573758
683,0.0,1534.9059770061365,0.0,3.795801518943827e-05,0.6939541128631613,0.007935960397266866,0.5073899350961333,0.0017935705491098964
684,0.0,1535.7871365245119,0.0,0.0025051451910474455,0.5420532168475952,-0.00103664543308073,0.5177889196215718,0.0009445057544527084
685,0.0,1534.4840206909569,0.0,0.0017725901250586116,0.6537036045231535,0.000807167591481147,0.5585633250920463,0.0009033043055612399
686,0.0,1538.2280028698458,0.0771388913438656,0.00882948986231552,0.12343288196556258,-0.008821460712971938,0.4280241921541012,-0.002014125199998713
687,0.0,1540.1239676105358,0.013089612403904096,0.0051984080999990905,0.3570156690052642,-0.004806946644730951,0.40672163520945004,-0.0028519716334183846
688,0.0,1544.0200979402566,0.01679951787082585,0.005913885106900898,0.37540097350128604,-0.005900058952193716,0.3973254366970008,-0.0037663978290509836
689,0.0,1543.8229938865516,0.04142172647436016,0.001369818872859783,0.37343041554698014,0.0035383704729068893,0.3901569303519946,-0.0015749673384636213
690,0.0,1546.8888161820441,0.06604452369438135,0.0035626222581613505,0.24140038880503278,-0.0023981750712455297,0.345529967887906,-0.0018219296582981936
691,0.0,1547.7772178370867,0.0,0.00164592292760031,0.5426574223072341,-0.00013433206800988662,0.4046682042137044,-0.0013156503812117013
692,0.0,1552.2336779755503,0.08382468497378627,0.007929877109508234,0.09649750188428839,-0.007331629795188395,0.3122169935148796,-0.0031204442054047093
693,0.0,1552.5513428098652,0.030424121906369988,0.0019143617009458368,0.443485070199359,0.0008386859174979773,0.35159741652022336,-0.0019327051685339033
694,0.0,1552.5124055182664,0.2163098274525026,0.0002816734171330113,0.07182246626406705,0.0034121114534836077,0.26766493144337644,-0.00032926018192864994
695,0.0,1553.2757387438771,0.019872753608718364,0.0020979869302838556,0.37575291096833013,0.00043667617144747925,0.3000913253008625,-9.947927591581117e-05
696,0.0,1552.9249674360208,0.0,0.0013468777624143294,0.6019826540242094,0.001077897884039821,0.39065872391786655,0.0002537338720708784
697,0.0,1555.4977386356331,0.16253963168483476,0.006216754814110529,0.21269238782376426,-0.005266887998116666,0.33726882308963585,-0.001402452688985385
698,0.0,1553.0336161609193,0.0,0.0003002483035178876,0.490189991686037,0.00492771790095444,0.38314517366855616,0.0004965984879965624
699,0.0,1553.552421394392,0.0,0.002184058787104308,0.5755461164584628,0.00035935237762480833,0.4408654565055281,0.0004554246548850362
700,0.0,1553.1416945399283,0.0,0.001776592554409236,0.6449044734228473,0.0003194148278495338,0.5020771615807238,0.00041462170677438544
701,0.0,1551.214476791967,0.003050575527375562,0.0007984392816003812,0.41474556752012665,0.003523360388299214,0.47587768336254466,0.0013472433112318338
702,0.0,1552.85693151058,0.0255948156593435,0.0050539174938445865,0.24409375497957994,-0.003909813412968528,0.4063425048476552,-0.0002298737060282747
703,0.0,1554.874907035953,0.015090594367716854,0.006222381566649985,0.4437048446325261,-0.005597916055975474,0.41755120678311647,-0.0018402864110124344
704,0.0,1559.2294043530028,0.07996520168331905,0.00886875471065834,0.12109802960517345,-0.008755739032949362,0.32861525362973354,-0.003914922197593512
705,0.0,1561.5984402258393,0.0,0.0038066199491824785,0.6619547294223637,-0.0028554046320382913,0.42861709636752254,-0.0035970669279269457
706,0.0,1559.9500968521095,0.0,0.00015069600524140098,0.9507726258773029,0.007661970439760888,0.5852637552204566,-0.0002193557176205954
707,0.0,1565.1818829782328,0.015435991888557288,0.007179389702955951,0.26047367346739936,-0.007143469891265317,0.4878267306945394,-0.0022965899697140117
708,0.0,1564.6891612965069,0.0,0.0015027604564175946,0.6636449570581021,0.0013506902915213735,0.5405721986036083,-0.0012024058913433962
709,0.0,1566.217950918328,0.0,0.002859157969728631,0.6983887687255204,-0.0007425969148683138,0.5879171696401819,-0.0010644631984008713
710,0.0,1566.9858794805768,0.0,0.0027115650323613805,0.7121402655896869,-0.0003029924012694671,0.6251840984250334,-0.00083602195926145
711,0.0,1570.3418441226383,0.10856246531262989,0.0061772283628892125,0.13359719026097927,-0.005847942924324856,0.47770802597581713,-0.002339598248780472
712,0.0,1576.113470466782,0.10039859935764911,0.011055882082368946,0.07301615913655815,-0.011055882082368946,0.3563004659240394,-0.004954483398857014
713,0.0,1575.0701349403657,0.0,0.0006676743132651795,0.7486660500228512,0.00481713399746538,0.4740101411536829,-0.0020229981799602956
714,0.0,1576.9847098372916,0.012579318567716775,0.0018763310583716694,0.5956510916552957,0.0012565140960455429,0.5105024263041668,-0.001039144497158544
715,0.0,1579.5809501578024,0.007165273231050051,0.00358651124763315,0.3298303034170666,-0.003258246542890085,0.45630078943803665,-0.0017048751108780062
716,0.0,1578.598797974761,0.0,0.0009455470050483937,0.7492588397047776,0.0031996290288292574,0.5441882045180589,-0.00023352386896582705
717,0.0,1576.6694932588587,0.0,0.00028084413347498696,0.5232266920222329,0.0058050265598346956,0.5378997507693111,0.0015780412596743296
718,0.0,1578.8470527476613,0.0,0.004809806603992802,0.5956018547835491,-0.004359079957319117,0.5552103819735824,-0.0002030951054237044
719,0.0,1578.6484364022149,0.011832744785986164,0.0022194178890729515,0.3701124702241267,-0.0012215466297548386,0.4996810084487457,-0.0005086305627230446
720,0.0,1577.122650112635,0.004209998497189186,0.001130596315782039,0.4494862163731953,0.0034114717782215533,0.4846225708260805,0.0006674001395603348
721,0.0,1579.2180453868325,0.012097605887132615,0.0042947477028255215,0.2703231493096631,-0.003863391657556989,0.42033274437115525,-0.0006918373995748624
722,0.0,1580.6156764138736,0.0,0.004463493742596456,0.639618119868561,-0.0035781132267289173,0.4861183570203769,-0.0015577201477210787
723,0.0,1583.2463499323144,0.0,0.0051446564746618975,0.3924970888424813,-0.004695000866039066,0.4580319765670082,-0.002498904363216475
724,0.0,1584.324465376602,0.010364212984558937,0.002451450677657053,0.3996830501013022,-0.0005193276732560064,0.4405272986272964,-0.0019050313562283341
725,0.0,1586.9857455889405,0.0,0.003325297154181257,0.3157104120611936,-0.0028619320908447386,0.40308223265746557,-0.0021921015766132555
726,0.0,1586.5113270678823,0.10001358077083543,5.140025195070167e-05,0.2860292762950859,0.003064117147301442,0.36796634574875164,-0.0006152359594388461
727,0.0,1587.8227648727238,0.04449906301748926,0.0011620550732911533,0.20680244921575763,-0.00042308811947131843,0.31961717678885343,-0.0005575916074485877
728,0.0,1590.4221423668268,0.002098645849303127,0.005280557157832022,0.5692604764264008,-0.0047512660046553365,0.3945101666801176,-0.0018156939266106122
729,0.0,1593.8371245816588,0.004842569879360137,0.0065732521238170884,0.44984397383818864,-0.006458067776199055,0.41111030882753896,-0.0032084060814871447
730,0.0,1593.2558498656654,0.020686141715304234,0.0002646951334557649,0.35883125922604087,0.003236020418601496,0.3954265939470895,-0.0012750781314605523
731,0.0,1595.3168318966266,0.005614990006867296,0.0021691946789704204,0.5491462060589074,-0.000898494640809572,0.4415424775806349,-0.0011621030842652582
732,0.0,1598.1064669443642,0.059548308231784294,0.005282480502221056,0.26446526703833523,-0.004435112334004209,0.38841931441794497,-0.002144005859186943
733,0.0,1602.4394951547388,0.02462893677176654,0.007907522666927133,0.23888406142509472,-0.007727284481370999,0.3435587385200899,-0.0038189894458421593
734,0.0,1608.8500740036438,0.1674313796218456,0.010962908604989018,0.005657229192207598,-0.010962908604989018,0.2421882857217252,-0.005962165193586217
735,0.0,1610.6603122644613,0.0,0.0007154192631521065,0.484167590206842,0.00045520784578187754,0.31478207706726025,-0.004036953281775788
736,0.0,1617.4556165359413,0.023435707791918274,0.00777969827906657,0.4036845384719016,-0.007778088768856654,0.34145281548865264,-0.005159293927900047
737,0.0,1621.2589833550564,0.06188937536501153,0.0038720613073395253,0.3225046041270904,-0.0035035506243111963,0.33576835208018396,-0.004662570936823392
738,0.0,1621.8766002438165,0.0,0.000849457048625943,0.7096223070453938,0.004281836445680009,0.4479245385697469,-0.0019792487220723714
739,0.0,1618.2815830313996,0.0,0.0,0.7325794847658256,0.01242893261514601,0.5333210224285705,0.002343205679093143
740,0.0,1618.440126941418,0.0004553693345490983,0.0008897471003092481,0.4585280956377012,0.0016337840363244973,0.5108831443913097,0.002130379186262549
741,0.0,1619.924540032727,0.08697989004802177,0.005639755590892975,0.13190085486895523,-0.005622132322043492,0.3971884575346033,-0.00019537426622926336
742,0.0,1622.462570837787,0.08498085349880122,0.007498568568472724,0.25499322763140897,-0.007498568568472724,0.354529888563645,-0.0023863325569023013
743,0.0,1625.9171415857054,0.2661636830652209,0.006955326609573277,-0.19776013866379571,-0.006894077007636188,0.18884288039541275,-0.0037386558921224675
744,0.0,1628.5805817413502,0.012770559797381802,0.0033427325476770185,0.2489671248070179,-0.0029072932486489352,0.2068801537188943,-0.0034892470990804075
745,0.0,1627.8239930667253,0.0,0.0005274156737466646,0.7073224833533025,0.005616044922224718,0.3570128526092168,-0.0007576594926888697
746,0.0,1630.1824053394764,0.02233616041785897,0.0031789035999257717,0.4336321091785214,-0.001247157361160785,0.3799986295800082,-0.0009045088532304442
747,0.0,1631.9481784066058,0.0,0.004199050006290474,0.8523178776319089,-0.0028517773827508703,0.5216944039955784,-0.001488689412086572
748,0.0,1630.259444551681,0.0025622923163736372,0.0007006432858337906,0.6312908707650918,0.004522420978711951,0.5545733440264324,0.0003146437051529849
749,0.0,1635.7619278353948,0.157585643667013,0.009925898857861274,-0.02519897251906059,-0.009925898857861274,0.38064164906278447,-0.002757519063751293
750,0.0,1633.9713356884063,0.017560265138228906,0.0007941128137825944,0.40937706947944424,0.003517543074348324,0.3892622751877824,-0.0008750004223214076
751,0.0,1639.6288804166795,0.022264312638186394,0.008877677474898742,0.27026820059828344,-0.008877677474898742,0.3535640528109327,-0.003275803538094608
752,0.0,1642.4910650976087,0.0,0.005096961517036358,0.3962226736736957,-0.004914934164596868,0.3663616390697616,-0.003767542726045286
753,0.0,1649.279265312358,0.1254709835600711,0.010572807481626917,-0.043228093840829734,-0.010572807481626917,0.2434847191965842,-0.005809122152719775
754,0.0,1650.9546418787468,0.0,0.002189699701344825,0.6174635790919183,0.0006762025826834563,0.3556783771651844,-0.0038635247320988053
755,0.0,1655.0537732667344,0.00010345167115562559,0.003055943848120756,0.45575575675976376,-0.0023277079520537683,0.38570159104355817,-0.0034027796980852943
756,0.0,1658.311837246077,0.0,0.0031226848633765336,0.678655091317019,-0.0026213458736068997,0.47358764112559637,-0.003168349550741776
757,0.0,1661.5507012947203,0.001278161174975969,0.0039423325156528076,0.47926379799321395,-0.003071056684553723,0.4752904881858816,-0.00313916169088536
758,0.0,1663.4627877769772,0.016087432081707986,0.0018128557165272895,0.4704314786093338,-0.0005523509855587744,0.4738327853129173,-0.002363118479287384
759,0.0,1664.7796444305134,0.0,0.0008892090279055302,0.41288065188378487,0.0006249720031084801,0.4555471452841775,-0.0014666913345686248
760,0.0,1669.4989409318741,0.03563528731633692,0.007309173822969918,0.1276294610321469,-0.007309173822969918,0.35717184000856833,-0.003219436081089013
761,0.0,1674.581333473798,0.1432145463011033,0.008926371152120336,-0.0451182974883235,-0.008926371152120336,0.23648479875950074,-0.004931516602398409
762,0.0,1675.4862476024525,0.0,0.00017641255461457072,0.44013816028414526,0.0016738213415373846,0.29758080721689406,-0.002949915219217671
763,0.0,1675.5942242057258,0.016786239296982305,0.0009079347723060828,0.41549097992800477,0.005034958338146154,0.33295385903022723,-0.0005544531520085231
764,0.0,1676.5569787068498,0.021565775120302152,0.0016580266701240705,0.36290717431979774,0.0010901920240108615,0.34193985361709833,-6.105959920270766e-05
765,0.0,1685.4076433951482,0.2509337014142549,0.017858785250645885,-0.20481230169073888,-0.017858785250645885,0.17791420702474714,-0.005400377294635661
766,0.0,1689.0536794006562,0.039465633798501244,0.007331833840643794,0.2579869945587735,-0.007307288875028563,0.20193604328495504,-0.005972450768753531
767,0.0,1696.1155210589666,0.023081892285982644,0.008837924990870149,0.1471035046489445,-0.008837924990870149,0.18548628169415188,-0.006832093035388516
768,0.0,1700.5710141113584,1.4497430684092177e-05,0.0035824868442266575,0.4895859903449707,-0.002776303765223494,0.27671619428939753,-0.005615356254339008
769,0.0,1703.6329275431833,0.013702746507611921,0.0012627330812671634,0.4395524141368171,0.0009717504394919451,0.32556706024362336,-0.0036392242461897218
770,0.0,1706.4017683601062,0.07635471625324246,0.002632873233457625,0.13673791056886653,0.00023254540660515985,0.26891831534119626,-0.002477693350351257
771,0.0,1710.035435037682,0.028291455894120573,0.004983667241088258,0.44497499806175594,-0.0036760430989041058,0.32173532015736417,-0.0028371982749171116
772,0.0,1715.8197032823405,0.06494123758227914,0.009351411674968198,0.04795005813395306,-0.009351411674968198,0.2395997415503408,-0.004791462294932438
773,0.0,1718.8692906486795,0.00026730066581259277,0.004202331608210564,0.49960444726658143,-0.0031982478812120803,0.317601153265213,-0.00431349797081633
774,0.0,1722.68485729823,0.0,0.0036127711963002585,0.623876254992715,-0.0027782615472249795,0.40948368378346356,-0.0038529270437389243
775,0.0,1725.7632078984873,0.0,0.0030878866599985586,0.6440970050202705,-0.001759464737446124,0.4798676801545056,-0.0032248883518510843
776,0.0,1731.8614151370623,0.0,0.008556762395142786,0.25822670897301697,-0.008556762395142786,0.413375388800059,-0.004824450564838594
777,0.0,1737.5659110543331,0.04118624821006837,0.008324089020934284,0.19171351107764117,-0.008324089020934284,0.3468768254833336,-0.005874342101667301
778,0.0,1740.275309252419,0.002827172255479634,0.0015703349525171993,0.41293265786095723,-0.00037434598673609577,0.36669357519662066,-0.004224343267187939
779,0.0,1743.6149087088259,0.06642389859110046,0.0016234784901773183,0.023394289142726392,-0.0006623782088112318,0.26370378938045236,-0.003155753749674926
780,0.0,1749.2842574099072,0.02438551571329717,0.007424126696665309,0.5458800504513122,-0.007279295817695751,0.34835666770171025,-0.004392816370081173
781,0.0,1752.5278224760596,0.006228879111038447,0.0035560820097202636,0.5190373425532963,-0.003287149716485899,0.399560870157186,-0.00406111637400259
782,0.0,1757.8287330935775,0.023664843988159545,0.0071480611646820135,0.2921091560083594,-0.006298500218744892,0.367325355912538,-0.004732331527425281
783,0.0,1763.1496053033395,0.0,0.006663320673666432,0.400070781494904,-0.0066576404004419715,0.3771489835872478,-0.005309924189330288
784,0.0,1767.537764647625,0.0,0.004547435524742469,0.3501057701501736,-0.003991239784971049,0.3690360195561255,-0.004914318868022516
785,0.0,1771.6077018764258,0.0019046431750044553,0.0031481004340870073,0.41633566163450947,-0.0027431015766153873,0.3832259121796407,-0.004262953680600377
786,0.0,1774.8100972076927,0.005075194828476031,0.0027768371235809873,0.22067921625593143,-0.001374951715924533,0.3344619034025279,-0.0033965530911976237
787,0.0,1779.3471706385014,0.07597107556956616,0.004886812758542556,0.23494134416041065,-0.004870136518092914,0.3046057356298927,-0.003838628119266211
788,0.0,1784.3928700491629,0.05146578586903205,0.007123886885777557,0.2573014767183253,-0.006813854797243974,0.29041445795642246,-0.00473119612265954
789,0.0,1785.5030798096484,0.0,0.0008002196488172008,0.6021060023397281,0.0018827671283344924,0.3839219212714141,-0.00274700714736133
790,0.0,1790.2156354081824,0.02651987932635162,0.005307089249884802,0.3529776819409383,-0.004775036238035118,0.3746386494722713,-0.0033554158745634664
791,0.0,1790.8625797888926,0.0,0.002031851650269284,0.5081490103459724,0.0016534739801286843,0.4146917577343816,-0.0018527489181558209
792,0.0,1794.4160462711131,7.380707906409393e-05,0.004613756282008166,0.5319498632225684,-0.003830632430366154,0.44986918938083764,-0.0024461139718189207
793,0.0,1795.2763254083545,0.008936168414722343,0.00238977123954413,0.3720237883631944,0.00023962000265197235,0.42651556907554466,-0.0016403937794776528
794,0.0,1796.5304352201983,0.0,0.002427332276638907,0.5201468239958074,3.6563534482210772e-06,0.45460494555162345,-0.0011471787395998904
795,0.0,1798.658376645848,0.0,0.0028738079883104777,0.3741653194441692,-0.0026766686689975367,0.43047305771938715,-0.0016060257184191842
796,0.0,1798.6502458404095,0.0,0.0008836535029940854,0.5646393754727971,0.001278834770013775,0.4707229530454101,-0.0007405675718892965
797,0.0,1805.1510479822894,0.10370715411737766,0.011839537356734054,0.0038163040305102844,-0.011839537356734054,0.3306509583409401,-0.004070258507342724
798,0.0,1808.362347655584,0.19623492561253095,0.005836396290588325,0.27915138732612055,-0.005749188994173329,0.31520108703649424,-0.004573937653391905
799,0.0,1809.90591982021,0.0,0.002638552439506902,0.45394641578736566,0.0012146580044016175,0.3568246856617556,-0.002837358956053848
800,0.0,1811.3681374237158,0.07385246906305902,0.0006794579781604385,0.16598663836851477,0.001836455004815767,0.2995732714737834,-0.0014352147677929635
801,0.0,1816.2199403840966,0.18429237708354865,0.007703396392241314,-0.009781300921443229,-0.007092539972913026,0.2067668997552154,-0.0031324123293289823
802,0.0,1819.4965781949663,0.0,0.00550523436425467,0.3112060985594806,-0.00520079620913892,0.23809865939649494,-0.0037529274932719637
803,0.0,1819.551313669212,0.0,0.0009360388203217608,0.6240002534718021,0.003305269250592426,0.35386913761908706,-0.001635468470112647
804,0.0,1821.8029315079505,0.001064581641744299,0.0022883197368739772,0.30246758440614596,-0.0007134265056250672,0.3384486716552047,-0.0013588558807663728
805,0.0,1824.3883083742714,0.01131444466104534,0.0037490908716219374,0.32067105962785264,-0.0036259698201030733,0.33311538804699903,-0.0020389900625673828
806,0.0,1827.1476334686445,0.08553320317934575,0.004442275395546128,0.16605068132204104,-0.004248161151538702,0.2829959760295116,-0.0027017413892587785
807,0.0,1826.5049207273132,0.0,0.0021669501273352348,0.6380158505749078,0.0035755054175005976,0.38950193839313046,-0.0008185673472309656
808,0.0,1830.3694862801808,0.0030691947026178696,0.005813771702205852,0.3470454300049046,-0.0052027573151952,0.3767649858766627,-0.002133824337620236
809,0.0,1832.2849040300832,0.18558885672567033,0.0037386243306627037,-0.09555692894754658,-0.003048869978196797,0.2350684114293999,-0.002408338029793204
810,0.0,1834.7399195294463,0.0008573231285696306,0.0034167769299285,0.41616968762615325,-0.0027915345207438717,0.2893987942884259,-0.0025232969770784043
811,0.0,1836.5705823860178,0.0,0.0030927599467956523,0.6157354887461639,-0.001200058129444837,0.38729980262574726,-0.002126325322788334
812,0.0,1838.336923296101,0.07508805815424577,0.0022424788401843557,0.34883716507844187,-0.0009628456564337896,0.3757610113615556,-0.0017772814228819705
813,0.0,1842.58262777838,0.19907260136875427,0.0067094962312431545,-0.07152850010016208,-0.006556242067556414,0.2415741579230403,-0.0032109696162843033
814,0.06604518097736456,1848.5031678903445,0.2984009841950434,0.010349333350412495,-0.2966794587526381,-0.010349333350412495,0.08009807292033676,-0.00535247873652276
815,0.0,1848.894166240702,0.04277484263239046,0.0016837120080253132,0.13694991754383862,0.0027532000677398553,0.0971536263073873,-0.0029207750952439755
816,0.0,1856.2510333228076,0.06215619662990617,0.009629608774873736,0.004384459298875611,-0.009629608774873736,0.0693228762048338,-0.004933425199132903
817,0.0,1857.549023575901,0.0,0.0009510703837733467,0.4322629637734612,0.000543887080231709,0.178204902475422,-0.003290231515323519
818,0.0,1860.1921887103651,0.0,0.0015338240685952745,0.6523771993595799,-0.0002305164678984675,0.3204565915406694,-0.002372317001096003
819,0.0,1862.4206714482657,0.07663143872090056,0.002608929900745227,0.3966989669431065,-0.001116501333784881,0.3433293041614005,-0.001995572300902666
820,0.0,1864.2334552578482,0.0,0.0022635283205135292,0.5755980477365397,-0.001222320547950629,0.41300992723394225,-0.001763596775017055
821,0.0,1868.4544192256776,0.16485646583301394,0.0071471400512913355,-0.0799675478671902,-0.0066414705872457945,0.2651166847036025,-0.0032269589186856764
822,0.0,1868.0150342605593,0.0,0.0005309730476789658,0.564282732497725,0.002886921939584673,0.3548664990418392,-0.0013927946612045713
823,0.0,1869.5296981674078,0.014871330670516807,0.0014936163191800157,0.4362611183347801,0.00026389884524662544,0.37928488482972145,-0.0008957866092692122
824,0.0,1869.089748990907,0.0038569444097627022,0.0009086836576043209,0.34445864786555824,0.0024047129985167934,0.3688370137404725,9.436327306658939e-05
825,0.0,1876.6617818885088,0.14106125310758466,0.014845889288392283,-0.0015221762309092421,-0.014845889288392283,0.257729256749058,-0.0043877124953710725
826,0.0,1881.414665987398,0.006725213898720219,0.009818558446861277,0.5011470245439791,-0.00981731559482301,0.33075458708753436,-0.0060165934252066535
827,0.0,1884.8623392419886,0.005764757064891881,0.0026712323523877877,0.4851876071536008,-0.0023614273716689453,0.37708449310735426,-0.004920043609145341
828,0.0,1886.911671400451,0.00012809561823393342,0.0010967842745690242,0.4037236355326098,0.0022028446381746575,0.3850762358349309,-0.002783177134949341
829,0.0,1893.3640941761757,0.0,0.008256781067909214,0.6765534967283885,-0.008201536309277562,0.47251941410296816,-0.004408684887247808
830,0.0,1896.138707056749,0.1131247180880484,0.0041208588678267625,0.018972046660292265,-0.002697605448652954,0.33645520387016536,-0.0038953610556693515
831,0.0,1900.2675514212985,0.09534930657937433,0.004023206739488014,0.04830093004699088,-0.0038470722912759617,0.250008921723213,-0.0038808744263513343
832,0.0,1902.2455496700484,0.004574565610904284,0.0013965314884555034,0.43630975493422486,9.85411825246783e-05,0.30589917168651654,-0.0026870497436885304
833,0.0,1908.8885422999556,0.11158454909576741,0.009685030045537165,0.014205907078170061,-0.009685030045537165,0.21839119230401258,-0.00478644383424312
834,0.0,1911.9061338536558,0.005876140951646094,0.004607505227138864,0.5024830545887311,-0.00328820376077346,0.30361875098942814,-0.004336971812202222
835,0.0,1918.1698690546782,0.19058654986250861,0.007888694783269718,-0.02365937910597579,-0.007882862182618376,0.20543531196080694,-0.005400738923327068
836,0.0,1925.1907939575815,0.0873518363719118,0.00988629144072232,-0.03143895911490958,-0.00988421712153255,0.13437303063809197,-0.006745782382788713
837,0.0,1929.7359692792893,0.00026730066581259277,0.004573239994084147,0.5680437323749816,-0.003562271275808852,0.26447424115915885,-0.005790729050694754
838,0.0,1937.5304051306978,0.14360730147876033,0.008970270997917518,0.02530720611187834,-0.008970270997917518,0.1927241306449747,-0.006744591634861583
839,0.0,1941.3592410286312,0.0,0.003489784548170074,0.8010583120846684,-0.001663707374768296,0.3752243850768828,-0.0052203263568335965
840,0.0,1943.94901751568,0.0,0.0009286300372019758,0.6740345789097415,0.0018477622031637297,0.4648674432267404,-0.003099899788834398
841,0.0,1945.591069253637,0.012540078898625415,0.0021004199475462434,0.2567343447123103,0.002146061325492467,0.40242751367241136,-0.0015261114545363384
842,0.0,1947.066936450678,0.01355889629618182,0.002223978892032698,0.36730037480543376,0.00021792693013920688,0.39188937201231805,-0.0010028999391336747
843,0.0,1952.1460188731612,0.13699736757305508,0.008949934784234028,0.196704560730218,-0.008949934784234028,0.333333928627688,-0.0033870103926637806
844,0.0,1949.0261789438368,0.0,0.00017157937775578896,0.6101560220170754,0.007685479389051479,0.41638055664450424,-6.52634581492029e-05
845,0.0,1950.9569110271793,0.000965528788031757,0.0023480067185548373,0.5551525269322567,-0.000491503370515696,0.45801214773083,-0.00019313543185915083
846,0.0,1949.5511717593936,0.0,0.0011342862930486214,0.48402116770164305,0.003004653553119371,0.4658148537220739,0.0007662012636344056
847,0.0,1949.2247936524893,0.010373993495368241,0.0008733448171789725,0.47988482242902225,0.0008492120782524582,0.47003584433415835,0.0007911045080198214
848,0.0,1952.6463827787832,0.03626526405217925,0.008112800337624132,0.20204824506979388,-0.007959399683898723,0.389639564554849,-0.0018340467495557421
849,0.0,1955.1701014966807,0.0016789762830520377,0.006389407238497352,0.4264819343105705,-0.006005395910242838,0.4006922754815654,-0.0030854514977618707
850,0.0,1958.8903793461532,0.009469566813933314,0.006412371519744634,0.6195960349324544,-0.00571155300987329,0.46636340331683207,-0.003873281951395296
851,0.0,1965.1455658623145,0.030579477543200173,0.009700948334804222,0.1429493774825917,-0.00965623985052596,0.3693391955665599,-0.0056081693211344945
852,0.0,1971.6862030910554,0.09104910642415949,0.009358139981658657,0.25388061906181175,-0.009357985138793197,0.3347016226151355,-0.006733114066432105
853,0.0,1973.8962778404573,0.0,0.0005267708021872613,0.5907382130497159,0.0015180670676957797,0.4115125997455096,-0.004257759726193739
854,0.0,1978.9578783502973,0.017959635468685155,0.005165148202438403,0.3501031016619801,-0.003353933921041293,0.3930897503204507,-0.003986611984648005
855,0.0,1979.936733624914,0.0,0.0022510495199817727,0.6950147457112335,0.0025619933920269576,0.4836672489376855,-0.0020220303716455158
856,0.0,1984.591515954417,0.017266202548694425,0.0055229564308564155,0.28136709593352205,-0.005460491103638088,0.42297720303643643,-0.0030535685912432874
857,0.0,1985.7740177587345,0.004794024732228902,0.0015749170254417554,0.5355673477572216,-0.00023003176389530642,0.45675424645267193,-0.002206507543038893
858,0.0,1990.7903817242714,0.00017891500754647338,0.007533757798784142,0.5282603538849905,-0.007178019831363359,0.47820607868236753,-0.0036979612295362325
859,0.0,1990.6890246956418,0.0,0.0011320743029078508,0.39566624774776,0.00266368755154116,0.45344412940198525,-0.0017894665952130145
860,0.0,1997.3889268983153,0.03098392844811532,0.010031525533335363,0.4017516669243684,-0.010031525533335363,0.43793639065870016,-0.004262084276649719
861,0.0,2000.8488513800992,0.0,0.005189425316974638,0.5407906224744926,-0.005166561455508634,0.46879266020343785,-0.0045334274303073935
862,0.0,2007.3133228886513,0.095951268262233,0.009215754922224244,0.10293771407412952,-0.008839085045044099,0.3590361763646453,-0.005825124714728404
863,0.0,2006.7992041657824,0.0,5.361656500236293e-06,0.5108094907205215,0.006036114442327172,0.40456817067140816,-0.002266752967611731
864,0.0,2009.8154791011916,0.0,0.0011117571740902248,0.7244193247441939,-0.00012161983060993309,0.5005235168932438,-0.0016232130265111918
865,0.0,2010.94153841585,0.01166057677518411,0.0030282483710731343,0.20744563339206998,8.287797849563642e-05,0.4126001518428916,-0.001111385725009143
866,0.0,2014.0954244218556,0.014587334567043099,0.004949293072356163,0.3828734703950154,-0.0048334412046878265,0.40368214740852876,-0.002228002368912748
867,0.0,2017.7561602885862,0.005809094364397043,0.006661776501304975,0.23278420940970923,-0.006376006160099746,0.3524127660088829,-0.0034724035062688474
868,0.0,2022.6593232103232,0.044648422794611904,0.0077494034732400845,0.3305862301933529,-0.0077494034732400845,0.3458648052642239,-0.004755503496360218
869,0.0,2025.6697347421307,0.0,0.0028298926575593074,0.49145069621355625,-0.002456457726553865,0.3895405725490236,-0.004065789765418311
870,0.0,2033.1371503519329,0.10493758405663461,0.010435667981696631,0.2580017487536311,-0.010434058471486716,0.3500789254104058,-0.005976270377238833
871,0.0,2033.567548254929,0.0,0.0008425032352913774,0.6008554043344577,0.0035875466401198244,0.42531186908762136,-0.003107125272031235
872,0.0,2039.8167835194624,0.2256639342565333,0.006664701503393845,-0.1924250185979787,-0.0066644949384856425,0.23999080278194135,-0.004174336171967557
873,0.0,2042.120336162761,0.0,0.0022377139923334126,0.5722923549551434,-0.0013885485080081402,0.33968126843390195,-0.0033385998727797316
874,0.0,2046.7619583188628,0.0,0.005200199334110807,0.6252824054197085,-0.005182670984713175,0.42536160952964386,-0.0038918212063597645
875,0.0,2049.562582404003,0.0,0.004297656254579876,0.638069254053826,-0.002194766092964767,0.48917390288689844,-0.003382704672341265
876,0.0,2054.823378753963,0.047897615523573814,0.006811586185895453,0.07339110480268907,-0.006765065944445221,0.36443906346163557,-0.004397413053972451
877,0.0,2054.9542009607317,0.0,0.0011662722256916538,0.7670840883166272,0.003434329980171311,0.485232570918133,-0.002047890143729322
878,0.0,2057.94866299665,0.00017304693647409212,0.0029690076334898965,0.5317780927939206,-0.0015724952209535835,0.4991962274808692,-0.0019052716668966003
879,0.0,2060.6675889700064,0.09925922787298114,0.003754701666658282,0.2529838358333936,-0.003451823891987148,0.42533250998662653,-0.0023692373344237645
880,0.0,2066.453161703874,0.06895344609826567,0.009969900320271405,0.07876087087892088,-0.009969900320271405,0.32136101825431485,-0.004649436230178056
881,0.0,2065.865620173427,0.0,0.0012295502550451062,0.533997182331346,0.0038857269213793105,0.38515186747742414,-0.0020888872847108463
882,0.0,2066.9941871892524,0.05413263255932315,0.0006859827347307898,0.34379203424597116,0.0025790184269951313,0.3727439175079882,-0.000688515571199053
883,0.0,2066.032171968257,0.006403481418035186,0.0011658507613543625,0.5378859446855683,0.004208810780781214,0.4222865256612622,0.0007806823343950272
884,0.0,2067.2505462805175,0.0023672588204792875,0.003677243608031928,0.5228929027870459,-0.0018536045278099156,0.45246843879899734,-9.603724266455684e-06
885,0.0,2066.758558889655,0.0,0.0011509326388529594,0.6340085729744881,0.00021216312114564066,0.5069304790516446,5.692632935717322e-05
886,0.0,2072.476347932996,0.10689466609507528,0.011904428557905434,0.01453597889605372,-0.011904428557905434,0.3592121290049673,-0.0035314801368216088
887,0.0,2075.644868035921,0.0,0.0067191236273615,0.5556833392003105,-0.006513236801805568,0.4181534920635702,-0.004426007136316796
888,0.0,2075.6313216434482,0.007166771723771249,0.0005479768742505925,0.4015467869956835,0.00389126375752036,0.4131714805432042,-0.0019308258681656493
889,0.0,2081.5556990291916,0.029425855067439985,0.0076856661972405935,0.26251189675176406,-0.007651577708795892,0.3679736054057721,-0.0036470514203547216
890,0.0,2085.457983422339,0.0,0.00642076751141757,0.7262537325571697,-0.005966521730535975,0.47545764355119136,-0.0043428925134090975
891,0.0,2085.699303364079,0.009636822535476108,0.0007273772202565702,0.3928727872781636,0.0034772158723027856,0.450682186669283,-0.0019968599976955322
892,0.0,2090.8489381538902,0.00026730066581259277,0.0061213569440682685,0.537087255833161,-0.0061213569440682685,0.4766037074184464,-0.003234209081607353
893,0.0,2089.6556994740467,0.02808530566135616,0.000720918935169469,0.35102311408325193,0.004700735125675086,0.438929529417888,-0.0008537258194226212
894,0.0,2092.387369799193,0.0,0.0025523108098104387,0.865596354695849,-0.002286440141571789,0.5669295770012763,-0.0012835401160673713
895,0.0,2097.292768580796,0.006199398790061578,0.009276802228271647,0.32384727455627205,-0.009276802228271647,0.494004886267775,-0.003681518749728654
896,0.0,2098.407638945348,0.0,0.0027188306150450147,0.5974326541328716,-0.0008322290240083234,0.525033216627304,-0.0028267318320125546
897,0.0,2100.136874191461,0.0,0.00236675453067854,0.6024726238412775,0.0003501224278999576,0.548265038791496,-0.001873675554038801
898,0.0,2100.8343762626055,0.054068949001916174,0.0013345588504058694,0.3727529260600392,0.0015694528248807959,0.4956114049720589,-0.0008407370403629218
899,0.0,2105.385840894377,0.016574911209341667,0.007495441904051303,0.3870513134007188,-0.007495441904051303,0.4630433775006569,-0.002837148499469436
900,0.0,2104.4999925714064,0.0,0.0015679347430717042,0.5335899628933475,0.002839499610710444,0.4842073531184641,-0.0011341540664154717
901,0.0,2105.6192218897004,0.0,0.0010315988789560365,0.5251489825975322,0.0006708916932686883,0.4964898419621845,-0.0005926403385102237
902,0.0,2105.9409951036887,0.01840744283040223,0.0006931353827816603,0.4153665571693502,0.0005357429708118865,0.4721528565243342,-0.0002541253457135907
903,0.0,2107.290693771082,0.002098645849303127,0.0032407943603467164,0.6027798946949694,-0.0021839499817171842,0.5113409679755248,-0.0008330727365146687
904,0.0,2108.8970987454677,0.0,0.004500270253047171,0.7577790389160844,-0.003047251764163975,0.5852723892576926,-0.0014973264448094605
905,0.0,2111.629896598782,0.0,0.0047707413307553756,0.4613620356973884,-0.0047631561586688855,0.5480992831896013,-0.0024770753589672878
906,0.0,2112.863018075288,0.0,0.002090617962988978,0.5571703913142761,-0.0009060765560867439,0.5508206156270037,-0.0020057757181031243
907,0.0,2113.5136821209003,0.016383584753545267,0.002208394603088942,0.518157476109135,0.0013083107254862492,0.541021673771643,-0.0010115497850263122
908,0.0,2115.077285976059,0.0,0.002300851035267701,0.7047202260034847,-0.0011260104175144304,0.5901312394411955,-0.0010458879747727477
909,0.0,2116.064226235146,0.0004326668358456724,0.0035629737107076135,0.5556547827080985,-0.0009588491814142485,0.5797883024212663,-0.0010197763367651978
910,0.0,2117.2850333633355,0.0,0.0030297872130574392,0.707675349022896,-0.001411390862640914,0.6181544164017552,-0.0011372606945279126
911,0.0,2119.9453975896877,0.025565456405020514,0.004823431014325067,0.4800665657788335,-0.004432772591830681,0.5767280612148786,-0.002125914263718743
912,0.0,2117.5498427638313,0.0,0.0004935580991108803,0.8383314518549798,0.00626396553832216,0.6552090784069089,0.00039104967689352786
913,0.0,2118.006411743493,0.0029726936249447468,0.0010776546183198623,0.3520501388581699,0.001247014913873777,0.5642613965422871,0.0006478392479876026
914,0.0,2114.242514824425,0.0,0.0004717296677042542,0.550085290026439,0.007407115199294817,0.5600085645875327,0.0026756220333797667
915,0.0,2114.6804213186506,0.01570863044345227,0.0024097643868780825,0.26293575227245686,-0.0016986219976804055,0.47088672089300987,0.001363348824061715
916,0.0,2116.5398681630786,0.029670879366712307,0.006723152303084292,0.22315169718791894,-0.006717760078331283,0.3965662137814826,-0.0010609838466561845
917,0.0,2113.81508179546,0.16599409212680116,0.0005372874102720448,0.22324431609713033,0.004300690901085128,0.3445696444761769,0.0005475185776662091
918,0.0,2111.574623967512,0.0,0.001353898489356246,0.6603019765466438,0.00574999870775631,0.43928934409731696,0.0021082626166932395
919,0.0,2113.5739858320976,0.026193679114074695,0.0054738219230254384,0.464881908930389,-0.004823513345319213,0.4469671135472385,2.8729828089503777e-05
920,0.0,2112.4000730772873,0.00012809561823393342,0.002412694140514186,0.40105207646125857,0.00024834760396264064,0.4331926024214445,9.461516085144482e-05
921,0.0,2113.141707566879,0.007847361038356404,0.0018165028257698104,0.2187060473545758,-0.0015789410559454147,0.36884663590138383,-0.00040745170418761303
922,0.0,2115.7405542908664,0.08108267304011237,0.005584835910537151,0.23889259686874248,-0.005495844313184949,0.32986042419159145,-0.0019339694868868139
923,0.0,2114.0938451743214,0.0,6.444348459959069e-05,0.7333238359552624,0.003935654913283547,0.4508994477206927,-0.0001730821668357056
924,0.0,2116.5857007822233,0.0,0.004480753666854858,0.7934066435441526,-0.0031696025440031018,0.5536516064677306,-0.0010720382799859244
925,0.0,2117.176264531417,0.0,0.0020085284105669874,0.5047863835354626,-0.001005378958699763,0.5389920395880502,-0.001052040483600076
926,0.0,2119.786915527815,0.0,0.005080831658933499,0.5235708578383795,-0.004278314680693892,0.534365685063149,-0.002019922742728221
927,0.0,2121.5232352409016,0.015435991888557288,0.004045844031659888,0.3460903524496049,-0.0024372937842328684,0.47788308527908574,-0.002145134055179615
928,0.0,2125.3037829455425,0.028828387278713563,0.006249800861641605,0.21660907986856065,-0.0056826742753608465,0.3995008836559282,-0.0032063961212339845
929,0.0,2127.3799283403623,0.0013040290419116614,0.0040663793429304654,0.38350731737837446,-0.0019571884266780574,0.39470281377266203,-0.0028316338128672063
930,0.0,2130.129719426144,0.0023017240310281334,0.0032220291922365938,0.42126292901431045,-0.0022707507268904742,0.40267084834515654,-0.0026633688870741864
931,0.0,2133.4995365382138,0.0,0.004749551491799014,0.6272952796818434,-0.003959860058113154,0.47005817774616254,-0.0030523162383858764
932,0.0,2136.888485571409,0.006981405135188086,0.004631134614265076,0.4796145966142667,-0.0041587880518553855,0.47292510340659377,-0.003384257782426729
933,0.0,2142.9618837831918,0.0,0.009356105754837503,0.5428643611347654,-0.009332406118627864,0.4939068807250453,-0.00516870228328707
934,0.0,2145.8266459396605,0.0025622923163736372,0.0026218917407292964,0.5225135250373675,-0.002227623374144676,0.5024888740187419,-0.004286378610544352
935,0.0,2149.4570326413354,0.004209998497189186,0.004303773456662777,0.46130116065587357,-0.0020006416412929997,0.49013256000988137,-0.003600657519768946
936,0.0,2150.467250927456,0.002041666110903651,0.000875537674528574,0.5648885908161949,0.002510383686556468,0.5125593692517754,-0.0017673451578713215
937,0.0,2148.1576861643575,0.0,0.0006325996222239579,0.6410808668313842,0.008635917554458495,0.5511158185256579,0.0013536336558276235
938,0.0,2151.075960253897,0.13657593408451194,0.0045354679192807,0.11871680931639829,-0.00429515454941789,0.42139611576288005,-0.00034100280574603063
939,0.0,2154.053634998684,0.08892662203544903,0.007599470502419496,0.030694397117950918,-0.007599315659554036,0.30418560016940127,-0.0025184966618884324
940,0.0,2153.8151867032925,0.0,0.0017445389156872677,0.6029489780565516,0.000956915898964693,0.39381461353554637,-0.0014758728936324946
941,0.0,2153.71226930114,0.029573190409075294,0.0004095332600348076,0.31025882325409876,0.0028993399811858053,0.36874787645111207,-0.00016330903118700474
942,0.0,2154.589312316159,3.867622823394803e-05,0.0027034151417164114,0.4903157118460726,-0.0002830008074558418,0.4052182270696002,-0.00019921656406765586
943,0.0,2156.3963049355452,0.0,0.0036177896802052165,0.7666914892984793,-0.003586153692732392,0.5136602057382639,-0.0012152977026670768
944,0.0,2157.715344272445,0.002098645849303127,0.004475199901030902,0.47220336743841745,-0.002489843960025025,0.5012231542483099,-0.0015976615798744612
945,0.0,2158.292972152225,0.0,0.0018595015556185771,0.4687031000978116,0.00012911292323060264,0.49146713800316033,-0.0010796292289429418
946,0.0,2160.0061138593005,0.0,0.004497214309676975,0.7699196592192855,-0.0018598298594988177,0.5750028943679979,-0.0013136894181097045
947,0.0,2165.255214862062,0.07948466779680032,0.009858078501054066,0.23302762737526084,-0.009756276249850383,0.47241031427017677,-0.003846465467631908
948,0.0,2165.9284366522397,0.10153314819403926,0.0029075457466942586,0.19289003590695075,0.0001261504754791597,0.38855423076120893,-0.0026546806846985877
949,0.0,2171.095442580796,0.11297498558479971,0.0068885201105187465,0.05451617031403957,-0.0066472491271793175,0.2883428126270581,-0.0038524512174428066
950,0.0,2171.4450633000074,0.0,0.0013025939786626606,0.7766084702174647,0.0021974346822632566,0.43482250990418003,-0.0020374854475309874
951,0.0,2175.511186248778,0.004604996446199871,0.004521768213797138,0.6530477233472158,-0.004373224231456048,0.5002900739370908,-0.0027382070827085053
952,0.0,2178.695312126891,0.0,0.0047851582546337415,0.44193715842913733,-0.004397122943111652,0.48278419928470473,-0.003235881840829449
953,0.0,2180.616675031111,0.0,0.0033407210011907862,0.6233917723115003,-0.0010157119292695197,0.5249664711927433,-0.00256983086736147
954,0.0,2183.639428449514,0.004215565731264799,0.00466206529385364,0.4566986562989328,-0.0028196164180026282,0.5044861267246001,-0.0026447665325538172
955,0.0,2181.702838148777,0.01657319364729489,0.00019436911613937818,0.3512434483666087,0.006821668885560699,0.4585133232172027,0.00019516409288053752
956,0.0,2186.5795343871555,0.06456602758058665,0.0075898166828549,0.15171455529923944,-0.007412950529081104,0.3664736928418137,-0.0020872702937079547
957,0.0,2182.260635337516,0.0,0.00042530485287008455,0.7732527261074642,0.008881380018903111,0.48850740282150884,0.001203324800075365
958,0.0,2185.4833123289177,0.0,0.005668516635336105,0.6430396706566223,-0.004589809042811077,0.5348670831720428,-0.0005346153527905676
959,0.0,2184.962666844272,0.0,0.0022762512596119504,0.7764643136756308,-0.00014650960070106966,0.6073462523231191,-0.0004181836271637182
960,0.0,2184.2685923557397,0.0,0.0011415242345195128,0.7201126193195395,0.0020203038280657516,0.6411761624220452,0.0003133626094051227
961,0.0,2183.1997290873824,0.0007671135128410873,0.0008707320037020183,0.5700247350462065,0.002649349645314523,0.6198307342092936,0.0010141587201779427
962,0.0,2185.1801923188764,0.02831669820092164,0.005204585485768586,0.3034996440274108,-0.004494641063750475,0.5249314071547287,-0.0006384812150005826
963,0.0,2189.811611415607,0.058715610855725194,0.010678601734415863,0.032993630018240384,-0.010678601734415863,0.37735007401378223,-0.0036505173708251664
964,0.0,2191.723286029989,0.0,0.004090518450413362,0.8498084657153157,-0.003165465957220231,0.5190875915242422,-0.0035050019467436854
965,0.0,2196.2050533981046,0.00026730066581259277,0.0061685415307021286,0.5450350445345422,-0.0053883513411831325,0.5268718274273322,-0.00407000676507552
966,0.0,2196.9252150082457,0.0,0.0008993440978112485,0.7353680628922155,0.0023202906219420673,0.5894206980667971,-0.0021529175489702432
967,0.0,2202.8938304757244,0.0969264330030727,0.008105320279086364,-0.059087458760028806,-0.008105320279086364,0.39486825101874934,-0.003938638368005079
968,0.0,2203.9486435716926,0.004209998497189186,0.001762517021800377,0.5795977330142406,0.00020920509557841228,0.45028709561739666,-0.0026942853289300315
969,0.0,2206.724282398232,0.00026730066581259277,0.003325524518401991,0.47617911431373,-0.0015675706999134262,0.45805470122629666,-0.00235627094022505
970,0.0,2206.365763754339,0.0,0.0015225945823949044,0.644398925257076,0.0036516390149220882,0.5139579684355304,-0.0005538979536809084
971,0.0,2204.6584764880204,0.009893364037624244,7.075851772684732e-05,0.5378743435443877,0.006034376448967743,0.5211328809681876,0.001422584367113687
972,0.0,2203.6419140204325,0.04932434807030014,0.0006030431585739764,0.31434609897277577,0.002635541160595944,0.459096846369564,0.0017864714051583639
973,0.0,2206.0621785755347,0.0,0.006607958677874447,0.5596583466124988,-0.006598512847420589,0.48926529644244443,-0.0007290238706153219
974,0.0,2206.30048955288,0.00026730066581259277,0.003999121832260237,0.5432018326145136,-0.0023270129219018546,0.5054462572940651,-0.0012084205860012818
975,0.0,2208.549501142298,0.09723766273970849,0.003984853663970347,0.1949288234805387,-0.0038756900883119435,0.41229102715000715,-0.00200860143669448
976,0.0,2209.155414789058,0.0,0.0022648451805557146,0.5572083397508436,8.014307286368498e-05,0.4557662209302581,-0.0013819780838270305
977,0.0,2204.8388902233182,0.0,0.0002321455848156739,0.8254593341727758,0.011142635095340673,0.5666741549030134,0.0023754058699232803
978,0.0,2203.919921816954,0.0,0.0004978350294375744,0.6842634092976368,0.0032551027726652384,0.6019509312214004,0.0026393149407458677
979,0.0,2208.498051698983,0.07356540927679232,0.012129705592456424,0.2193147826988327,-0.012122123157928238,0.48716008666463007,-0.001789116488856364
980,0.0,2207.645096671943,0.009595666424429045,0.002893604650867188,0.3936475010402111,-0.0008977502365745419,0.45910631097730437,-0.0015217066131718172
981,0.0,2211.5694488417803,0.02019787171250596,0.006273857261795377,0.20499902155382638,-0.006248666235720871,0.3828741241502609,-0.002939794499936533
982,0.0,2212.0099128655356,0.05423306418670123,0.001459923362481688,0.23489087928071772,0.0007899691100614643,0.33847915068939793,-0.0018208654169371338
983,0.0,2210.4492753383456,0.18953802884478294,8.283730485412227e-05,0.23388662624895987,0.0063894835114517165,0.3071013933572665,0.0006422392615795212
984,0.0,2213.184322885904,0.03026775589129736,0.003929119924246001,0.32713580686530397,-0.0038280408840027373,0.3131117174096777,-0.0006988447820951562
985,0.0,2214.2478791110957,0.016004015196217136,0.0034594523780605555,0.41864786601359627,-0.002855622834040409,0.34477256199085327,-0.0013458781976787321
986,0.0,2219.825908892999,0.24428001586722528,0.01084402087899301,-0.12748814762966607,-0.010836853806046357,0.20309434910469745,-0.004193170880189019
987,0.0,2222.7528321879963,0.17875593366715187,0.005136689060648881,-0.06566333900804819,-0.004521084955322226,0.12246704267087374,-0.004291545102728981
988,0.0,2224.3233717286016,0.0,0.0010645374279530028,0.5268445988021023,0.0012747433365494928,0.2437803095102423,-0.0026216585709454383
989,0.0,2227.137671588715,0.039305257044626805,0.0025382662894195157,0.31149506437151403,-0.0012835294527710663,0.26409473596862376,-0.0022202198354931263
990,0.0,2232.2733857258895,0.007874785305806922,0.007895936990774446,0.2612169628928221,-0.00787600094789982,0.26323140404588324,-0.003916954169215134
991,0.0,2236.5123521168284,0.009065435488289244,0.0065107098832424505,0.3461775680983546,-0.006355244562100253,0.2881152532616246,-0.00464844128708067
992,0.0,2239.667140526681,0.004842569879360137,0.0026606479790056104,0.3475357315138465,-0.002298630207300337,0.30594139673729115,-0.003943497963146569
993,0.0,2244.42444230393,0.0,0.0050641845533297555,0.7190937589435833,-0.004904606613427143,0.42988710539917874,-0.004231830558230741
994,0.0,2248.3033988011057,3.867622823394803e-05,0.005192823042851506,0.5774650387801837,-0.003797022717579161,0.4741604854134802,-0.004101388206035266
995,0.0,2253.298274642392,0.004222655906763039,0.00657701328700057,0.46831251761707776,-0.005826943329271862,0.47240609507455944,-0.004619054743006244
996,0.0,2252.6694228890874,0.0,0.0008843548167068298,0.6785148970820363,0.00577484781496207,0.5342387356768025,-0.0015008839756157498
997,0.0,2258.8111870259922,0.028079430717746576,0.007926681987023145,0.4377926216257102,-0.007921289762270134,0.5053049014614748,-0.0034270057116120647
998,0.0,2261.1381787814967,0.022781866550886293,0.003444213168899526,0.24296916884009462,-0.0031416867780505,0.4266041816750607,-0.0033414100315435954
999,0.0,2263.3434227861762,0.05090229583825742,0.002686584713619752,0.24419621670527383,-0.0008852353088386646,0.3718817921841246,-0.002604557614732116
1000,0.0,2265.015430161728,0.0,0.0019265633871770943,0.48341650605563935,0.00010580998440522291,0.40534220634557905,-0.0017914473349909142
1001,0.0,2265.602503294676,0.0,0.0016735267547201796,0.6647617436263888,0.0015646554606623304,0.48316806752982194,-0.0007846164962949406
1002,0.0,2267.425837688623,0.0016789762830520377,0.002617797212647043,0.28937995872356276,-0.0018998299927619584,0.42503163488794415,-0.001119180545235046
1003,0.0,2268.141410643781,0.0,0.00276295369929106,0.4509215639057141,-0.0006268356168862842,0.4327986135932751,-0.0009714770667304173
1004,0.0,2269.400184057379,0.028327348530046943,0.0030649319524361147,0.42881577132037196,-0.001416153332595922,0.43160376091140407,-0.0011048799464900686
1005,0.0,2270.9423981985806,0.0,0.0033191921943770673,0.6697459692782533,-0.0021549541852222513,0.5030464234214588,-0.0014199022181097234
1006,0.0,2271.3606567524594,3.867622823394803e-05,0.0025013729291925722,0.6100462468442507,0.0003387072161008425,0.5351463704482964,-0.0008923193878465536
1007,0.0,2274.2223380714654,0.0,0.004733471813324277,0.4191045831719977,-0.004445591296238036,0.5003338342654067,-0.0019583009603639985
1008,0.0,2275.114004640718,4.381389850520808e-05,0.002469356074857187,0.47326089947214284,-0.0008465434502552532,0.4922119538274275,-0.0016247737073313748
1009,0.0,2281.8319860952497,0.04870927045002228,0.01188819895875604,0.26437230091917524,-0.01188819895875604,0.4238600579549518,-0.004703801282758774
1010,0.0,2282.1981630310906,0.0,0.0011530518443650549,0.4331447182322752,0.0011255957155839264,0.42664545603814874,-0.002954982183255964
1011,0.0,2284.6088421339573,0.08658538039975239,0.002124259291237918,0.28966494575131796,6.69129537262049e-07,0.3855513029520995,-0.002068286789417996
1012,0.0,2287.176205719938,0.05135063159839583,0.0024484725509417767,0.14857161041930067,-0.0021843890803425942,0.3144573951922598,-0.0021031174766953753
1013,0.0,2288.4666578546576,0.0,0.0027068586437252948,0.6575763881638278,-0.000446346646826495,0.4173930930837302,-0.0016060862277347111
1014,0.0,2293.595459858655,0.022559902095006558,0.008524570103402448,0.3952761745167103,-0.008427336543948949,0.4107580175136242,-0.0036524613225989823
1015,0.0,2295.9844603037977,0.006228879111038447,0.004370263012265376,0.3334399867321435,-0.0031518918850488345,0.38756260827917993,-0.003502290491333938
1016,0.0,2300.0924257327074,0.009076763050633738,0.004817084963602006,0.41093832303234207,-0.004607685328715483,0.3945753227051285,-0.003833908942548401
1017,0.0,2302.858226555565,0.0,0.0027626291964945363,0.6014754497929019,-0.0019541195798738276,0.45664536083146057,-0.003269972133746029
1018,0.0,2305.3591612127366,0.12486581074878728,0.002139617456294671,0.27927853136401326,-0.0010803765483797501,0.40343531199122634,-0.0026130934581361453
1019,0.0,2307.286310701987,0.0,0.0023341253395500984,0.5366458985966419,-0.0004997949025308245,0.443398487972851,-0.001979103891454549
1020,0.0,2306.3838937613214,0.0,0.00028595345218245736,0.6577200500249076,0.004684470307422001,0.507694956588468,1.9968368208415996e-05
1021,0.0,2308.5214255897454,0.025514723290384587,0.0038446942158494816,0.3627130160589027,-0.002392456770959903,0.4642003744295984,-0.0007037591735420797
1022,0.0,2309.9286137067443,0.041088365017968684,0.0051044540646384435,0.2813346844154238,-0.0029231189950665666,0.409340667425346,-0.0013695671199994257
1023,0.0,2312.8162537840967,0.0019263541523962663,0.006264363203001885,0.4588866407204022,-0.005225769058711051,0.42420445941386287,-0.002526427701612913
1024,0.0,2313.8155064625457,0.0007985446552909355,0.0027179565490304545,0.45038777881259245,-0.0005498761758692921,0.4320594552334817,-0.0019334622438898267
1025,0.0,2317.4813386379597,0.03704263855997878,0.005189288309240369,0.25821035051788116,-0.004924893916105179,0.3799047238188015,-0.0028308917455544323
1026,0.0,2317.027357476897,0.0,0.0010133039139736159,0.7907515261886044,0.0030777710789975173,0.5031587645297424,-0.0010582928981888473
1027,0.0,2325.3449648203164,0.07217920561878066,0.014335407526412615,0.13664306944375684,-0.014335407526412615,0.3932040560039467,-0.005041427286655978
1028,0.0,2328.2219443261297,0.0,0.00533784703944202,0.6910562017678442,-0.0046812593978867705,0.4825596997331159,-0.0049333769200252155
1029,0.0,2331.117411142299,0.0,0.0019020272440885319,0.49667763725617475,-0.0005751784050850993,0.48679508099003355,-0.0036259173655431806
1030,0.0,2336.9119193461975,0.10058512107851682,0.0069788082058981635,0.10362716876830429,-0.006781877909531572,0.37184470732351477,-0.004572705528739698
1031,0.0,2338.399097062592,0.0,0.0021010020956095605,0.7126276827296918,0.0008692397436497799,0.47407959994536786,-0.0029401219470228546
1032,0.0,2341.5715513191085,0.004209998497189186,0.004279549987995787,0.5561151628404916,-0.0017235396941793905,0.498690268813905,-0.0025751472711698148
1033,0.0,2343.0639191372015,0.0,0.002268944992473678,0.44424830497312423,6.0825210086995483e-05,0.48235767966167076,-0.0017843555267927716
1034,0.33780667255185914,2350.073845510704,0.22267782429223668,0.011847220057044115,-0.21986028148819076,-0.011847220057044115,0.2716922913167123,-0.004803214885868174
1035,0.0,2353.782609433663,0.01903493439929567,0.005796306865448307,0.29876452186024816,-0.005667753878845469,0.279813960479773,-0.005062576583761362
1036,0.0,2361.0409924834084,0.04031363020569033,0.010073462976354409,0.2598218546002192,-0.009907341823200265,0.2738163287159069,-0.006516006155593033
1037,0.0,2362.822643580003,0.0,0.0017924493782987888,0.7987301574138765,0.0018332444133290905,0.43129047732529774,-0.004011230984916396
1038,0.0,2370.0474631735187,0.15605997061150056,0.00809706645004315,-0.06597593104236563,-0.00809706645004315,0.28211055481499875,-0.005236981624454422
1039,0.0,2367.63254999728,0.0,0.0001997692834060549,0.6913990817413793,0.00942764229413787,0.40489711289291286,-0.0008375944488767341
1040,0.0,2371.5153758681104,0.004392710040321566,0.003287235427635057,0.36693027040805354,-0.00259913160338712,0.393507060147455,-0.00136605559522985
1041,0.0,2371.357799649471,0.0,0.0007326278812211439,0.6082438218935282,0.0012576969895467362,0.45792808867127693,-0.000578929819796874
1042,0.0,2369.654635737594,0.00019272070268511274,0.0002802804530534256,0.3718206685296958,0.004995354803932119,0.43209586262880256,0.001093355567321824
1043,0.0,2371.220774236676,0.0016789762830520377,0.003382657254034012,0.6359391986159022,-0.0027052931261031692,0.49324886342493246,-4.623904070567397e-05
1044,0.0,2374.786165100492,0.07109851103102029,0.008564883055547723,-0.024595092103967105,-0.008564883055547723,0.3378956767662626,-0.0026018322451582887
1045,0.0,2373.00782749791,0.0,0.00012869570717196122,0.5181556000783508,0.0038614453496614506,0.391973653759889,-0.0006628489667123668
1046,0.0,2375.48649221803,0.057795747298241246,0.0029276028183766235,0.19060853902102298,-0.002426024204596134,0.33156411933822916,-0.0011918015380774968
1047,0.0,2377.4481370470035,0.0021584560335196727,0.0036618007845140564,0.3845522354178643,-0.0033466339892834966,0.3474605541621197,-0.0018382512734392968
1048,0.0,2377.0154747752727,0.00012809561823393342,0.002728063841987496,0.507505065101188,0.0022194334713306826,0.39547390744384014,-0.0006209458500083029
1049,0.0,2380.0470961583815,0.0,0.004782630441892477,0.3785583370815163,-0.0043751600612272614,0.390399236335143,-0.0017472101133739904
1050,0.0,2382.32757842303,3.867622823394803e-05,0.004659594836190445,0.4237896984572195,-0.004031385702868934,0.4004163749717659,-0.002432462790222473
1051,0.0,2388.2984719168226,0.004266855430970599,0.010517998294378265,0.33630149831564055,-0.010517998294378265,0.3811819119749283,-0.004858123441469211
1052,0.0,2389.6112303041145,0.0,0.001255286715344728,0.7024770074111367,1.3239096856821137e-06,0.4775704406057908,-0.003400289236122743
1053,0.0,2396.6069062397623,0.04568877978015044,0.009372100896231776,0.16530689020008998,-0.009372100896231776,0.38389137548408053,-0.005191832734155452
1054,0.0,2400.7070777995123,7.032437129883053e-05,0.005207407593995012,0.43843172832154037,-0.004783729764592893,0.40025348133531846,-0.005069401843286684
1055,0.0,2401.0537354847042,0.0,8.542911524542605e-05,0.3725220655596467,0.004897180664064759,0.39193405660261693,-0.0020794270910812506
1056,0.0,2405.128828993421,0.0,0.003557016063823722,0.7208963341445837,-0.0031225084276060456,0.49062273986520694,-0.002392351492038689
1057,0.0,2409.0637014266163,0.011315067205307174,0.005937877518367155,0.5471652768958221,-0.005931899703779053,0.5075855009743915,-0.003454215955560798
1058,0.0,2414.7931624310504,0.21533258386408344,0.009325405848968587,-0.15547628806902333,-0.00930041862354957,0.30866696426136697,-0.005208076755957429
1059,0.0,2417.7881355905647,0.0004242456595764193,0.00323001919502262,0.3886293177989347,-0.002424382597114876,0.3326556703226373,-0.004372968508304663
1060,0.0,2422.762550256638,0.012460107709131066,0.005336398814801372,0.2689534787964499,-0.00475607691235074,0.3135450128647811,-0.004487901029518486
1061,0.0,2427.9886375684478,0.0,0.0063533862611612054,0.4873907832063909,-0.006145510493889798,0.365698743967264,-0.004985183868829879
1062,0.0,2432.054544315678,0.0,0.003707093751041051,0.4263416525180779,-0.0035880261564464585,0.38389161653250814,-0.004566036555114852
1063,0.0,2435.0812385021263,0.0,0.0014748965562750363,0.6130213441418362,-0.0009224615019398888,0.45263053481530646,-0.0034729640391623633
1064,0.0,2435.012824556792,0.0,0.0006663278541178725,0.6735995482603228,0.00504352396599005,0.5189212388488114,-0.0009180176376166391
1065,0.0,2436.9076033759457,0.0023803767772270687,0.0014867330583596176,0.5321342453995105,-0.0002915342642089737,0.522885140814021,-0.0007300726255943395
1066,0.0,2439.089165059705,0.019194685297530188,0.005423525421954122,0.3859417471849946,-0.0035582321092483293,0.4818021227253131,-0.0015785204706905364
1067,0.0,2441.663220917791,0.04144870898498162,0.0049339398109646505,0.26403447958275267,-0.004536352366405875,0.41647182978254493,-0.002465870039405138
1068,0.0,2443.3671430796057,0.026846855693335166,0.0021899079080638793,0.44949565410038544,-0.0018028010951689302,0.42637897707789707,-0.0022669493561342756
1069,0.0,2446.0505169161825,0.008346112105287538,0.003278999156681459,0.3316108020063117,-0.002927291311982413,0.39794852455642143,-0.0024650519428887165
1070,0.0,2449.811541534922,0.12490925058091479,0.00538075216737376,0.10510879691138564,-0.005371351878780749,0.3100966062629107,-0.0033369419236563263
1071,0.0,2453.708950548987,0.006981405135188086,0.0054645711725577455,0.3692796596420567,-0.005412800425307071,0.3278515222766545,-0.00395969947415155
1072,0.0,2453.7578807342193,0.0,0.00046179114096161643,0.6014585641394032,0.003539030762664473,0.40993363483547907,-0.001710080403106743
1073,0.0,2455.942046560899,0.0,0.0016955580959833068,0.4343210899160409,-0.0003544051698797155,0.41724987135964764,-0.0013033778331386346
1074,0.0,2460.366418569377,0.09407749888384961,0.007826604574532863,0.07040644016381618,-0.007381800521378526,0.3131968420008982,-0.003126904639610602
1075,0.0,2463.5507680567393,0.0,0.0051609800060125645,0.4375953437502879,-0.005146088495835471,0.3505163925257151,-0.0037326597964780625
1076,0.0,2464.300832186761,0.029158008019653972,0.0006948766976312478,0.3229948561401586,0.0018500862202361955,0.34225993161004814,-0.0020578359914637852
1077,0.0,2469.184535689395,0.009315359359977057,0.00631268319373598,0.31861619728672613,-0.00620045184284601,0.3351668113130515,-0.0033006207468784525
1078,0.0,2470.3537055903244,0.0,0.0017205509929150503,0.46953569571443343,-0.00015466560470696393,0.37547747663346603,-0.0023568342042270055
1079,0.0,2473.792088667495,0.019283175699557283,0.004899857073704008,0.17298123747797675,-0.003626950040931454,0.31472860488681925,-0.00273786895523834
1080,0.0,2473.5484693779135,0.007394345130327738,0.0008475950278742343,0.4765093934174865,0.0030766536891657877,0.3632628414460194,-0.0009935121619171015
1081,0.0,2478.3748249726887,0.010406568466953628,0.00718957120563439,0.47422923461690936,-0.007161564320661578,0.39655275939728635,-0.0028439278095404442
1082,0.0,2481.062987093944,0.013305161129006987,0.004469185046398921,0.40260754197441406,-0.004446932258553991,0.39836919417042466,-0.0033248291442445083
1083,0.0,2487.15826737918,0.2498253769128952,0.009616487332673219,-0.2140646482607495,-0.009597541244960288,0.21463904144107243,-0.005206642774459242
1084,0.0,2488.8530855643285,0.0011355660878503645,0.003289541921054669,0.3486872239346121,0.00014943592179831642,0.25485349618913433,-0.0035998191655819737
1085,0.0,2491.921092549703,0.0,0.0026979959863177336,0.6268225979788674,-0.000818102530902309,0.36644422672605426,-0.0027653041751780744
1086,0.0,2494.1299530674014,0.008602303341755406,0.002805638929776966,0.37630801556126237,-0.0007367601070915792,0.36940336337661667,-0.0021567409547521258
1087,0.0,2493.299410407342,0.0,0.0007063518670020753,0.5467392027781716,0.004700686597383315,0.4226041151970831,-9.951268911149351e-05
1088,0.0,2494.9221472282793,0.0,0.00217460118993296,0.6723066769783032,-0.0011299501870407067,0.4975148837314491,-0.0004086439384902575
1089,0.0,2499.978259994086,0.05199966515715305,0.0104151721028076,0.27704629806440007,-0.010412882380168213,0.43137430803133436,-0.003409915470993644
1090,0.0,2504.4921225191515,0.06301587126398417,0.008839245521202703,0.10294978777689333,-0.008836129680002103,0.332846951955002,-0.005037779733696181
1091,0.0,2507.547646966819,0.002711184677061649,0.004309735984583983,0.3991356334183143,-0.002603773161450956,0.3527335563939957,-0.004307577762022613
1092,0.0,2513.4311652170704,0.0,0.006830160058673952,0.381413744893659,-0.006830160058673952,0.36133761294389466,-0.005064352451018015
1093,0.0,2516.844326949062,0.009469566813933314,0.0033995450393238596,0.32558374916113203,-0.002412678754083991,0.3506114538090659,-0.004268850341937807
1094,0.0,2521.2231066536797,0.0,0.004755005855475205,0.5595152917000876,-0.0036692218172286527,0.4132826051763724,-0.004088961784525061
1095,0.0,2527.3908392603153,0.01165419756455492,0.008232350416617313,0.06562615131987275,-0.008232350416617313,0.3089856690194224,-0.005331978374152736
1096,0.0,2533.018675869695,0.08119744647352194,0.007243523323931223,0.18564570558671895,-0.007243158645071036,0.27198367998961137,-0.005905332455428226
1097,0.0,2536.474213641692,0.0,0.0024391269886901083,0.34561941775932253,-0.001398837366274614,0.2940744013205247,-0.004553383928682142
1098,0.0,2542.513508607204,0.017851335521054366,0.0062561878716341016,0.3142019030232138,-0.006240752206717004,0.3001126518313314,-0.0050595944120926
1099,0.0,2548.9555479547803,0.11356694419992781,0.00870832023022742,0.29107705255103106,-0.008466990614568955,0.2974019720472413,-0.006081813272835506
1100,0.0,2555.2577857905712,0.03364328595694166,0.007612424947115874,0.17658786739682583,-0.007605842425599937,0.2611577406521166,-0.006539022018664835
1101,0.0,2559.5340395699995,0.0003539736185920538,0.0028007668195599083,0.49800007707248306,-0.002301180630494038,0.33221044157822655,-0.005267669602213596
1102,0.0,2562.5167607253074,0.0,0.0012561110405838612,0.7230544178373983,0.0008169650959756933,0.44946363445597803,-0.0034422791927568087
1103,0.0,2566.2242563559607,0.1495469180702139,0.002335194295058249,0.07276758154642544,-0.002093365095189405,0.33645481858311227,-0.0030376049634865876
1104,0.0,2570.4979808253133,0.14305184405693658,0.005548490418170603,0.05952800393223646,-0.005191318278551606,0.2533767741878495,-0.0036837189580060927
1105,0.0,2576.4397579023507,0.1635384238331096,0.009061042116945826,-0.08390673970618619,-0.009061042116945826,0.15219172001963877,-0.0052969159056880126
1106,0.0,2577.600516055858,0.03161500959952889,0.001210013058121133,0.30192421676381254,0.001639665924186035,0.1971114690428909,-0.003215941356725798
1107,0.0,2577.7793097638523,0.00120159084265138,0.00046314231397530105,0.6593813609655516,0.005279131399967878,0.33579243661968905,-0.0006674195297176951
1108,0.0,2579.8332099913614,0.05438376641260187,0.00359714437300585,0.14643186976497535,-0.0009012107469834453,0.2789842665632749,-0.0007375568948974202
1109,0.0,2580.618553738945,0.015418136372446297,0.0021613135429631074,0.5160648453266758,-0.0009101725933895239,0.35010844019229515,-0.0007893416044450512
1110,0.0,2585.3993321698426,0.08726833720669061,0.009158777398666999,-0.025267994468148786,-0.009158777398666999,0.23749550979416195,-0.0033001723427116356
1111,0.0,2588.712065282326,0.003930772075926127,0.00595118958735584,0.37513882224929507,-0.00594178929876283,0.2787885035307019,-0.004092657429526993
1112,0.0,2590.514657624406,0.0015573492903771025,0.0018203959164328697,0.39581097032309503,-0.00014719379611278604,0.3138952435684198,-0.002909018339502731
1113,0.0,2596.8535449833557,0.11987647814883118,0.008821621411242146,0.0259280296321872,-0.008821621411242146,0.22750507938755002,-0.004682799261024556
1114,0.0,2599.784488769675,0.0,0.0032206647845820775,0.7333517235020578,-0.002880788815306062,0.37925907262190234,-0.004142196127309007
1115,0.0,2603.2457051802394,0.00029332013046196915,0.003523741490688048,0.4802522490722805,-0.0021603601198039017,0.4095570255570158,-0.003547645325057475
1116,0.0,2607.090666114432,0.0,0.0037765563803539045,0.7254823735220366,-0.0035477290917437874,0.504334629946522,-0.0035476704550633687
1117,0.0,2611.5519352804904,0.03007567002774133,0.005694390155662583,0.3440711123753396,-0.0054510272800591935,0.45625557467516725,-0.004118677502562116
1118,0.0,2614.2968274451378,0.0,0.003497066610540604,0.7151912479677541,-0.0018514237230502963,0.5339362766629433,-0.0034385013687085702
1119,0.0,2619.119365398891,0.06005169054972866,0.007083655400685442,0.3275730886869264,-0.005613394114787534,0.4720273202701382,-0.004090969192532259
1120,0.0,2622.1618218551243,0.0013040290419116614,0.0037619829178028572,0.5568121611252635,-0.0025862216417260222,0.4974627725266758,-0.003639544927290388
1121,0.0,2628.0719804681494,0.10493658715975034,0.008031618902667296,0.003064401799828386,-0.00789975649627734,0.34914326130862156,-0.004917608397986473
1122,0.0,2628.9538628756873,0.0,0.0001844409216534521,0.739857243610598,0.0021588379668062508,0.46635745599921447,-0.002794674488548656
1123,0.0,2628.0595973956615,0.0,0.0006399315389956396,0.6669195321518562,0.007102006601644817,0.526526078845007,0.00017432983850938603
1124,0.0,2627.2730339556083,0.0005866355773725573,0.0006236038185461773,0.47692195405135357,0.004542529349077598,0.5116448414069109,0.0014847896916798495
1125,0.0,2628.8720016870384,0.005515735115298068,0.004151530203925063,0.3578169956141323,-0.0035746425927460374,0.4654964876690773,-3.303999364791667e-05
1126,0.0,2630.5701007449775,0.02597753851431232,0.0064372795016878715,0.18733514594582823,-0.0050829856331372734,0.38204808515210253,-0.0015480236854947236
1127,0.0,2631.286657907879,0.09967262055171201,0.0029393327113332404,0.06642432150598973,-0.00139390977576646,0.28736095605826867,-0.0015017895125762446
1128,0.0,2636.217936232973,0.04519775422733106,0.009176879503769017,0.3986634568534917,-0.008598397275198354,0.3207517062968356,-0.0036307718413628775
1129,0.0,2638.901428935247,0.022637254551474452,0.004765774832208721,0.30194571592961916,-0.0038749635607479723,0.31510990918667064,-0.003704029357178406
1130,0.0,2645.974479888471,0.02462059276079873,0.010838531976941217,0.31178862300095095,-0.010799134261247132,0.3141135233309547,-0.0058325608283990235
1131,0.0,2646.3403602203025,0.0,0.0003763839741097947,0.7368732069865822,0.003339136590261668,0.44094142842764295,-0.003081051602800816
1132,0.0,2651.233020391209,0.018888172496276875,0.0041074052339408855,0.3579582005586237,-0.003989080676356131,0.41604646006693713,-0.00335346032486741
1133,0.0,2656.5139018485784,0.0,0.007662235234524567,0.7543503769120007,-0.007652680103066096,0.5175376351204561,-0.0046432262583270155
1134,0.0,2661.8226561821057,0.02951205743811493,0.007467470494608259,0.20392755540892096,-0.007373249262347821,0.42345461120699557,-0.005462233159533257
1135,0.0,2672.0035894740986,0.16950185722303945,0.016145990624246886,-0.06014530498089521,-0.016145990624246886,0.2783746363506283,-0.008667360398947345
1136,0.0,2675.065857788407,0.0,0.002250454347100366,0.9529110528952982,-0.00032875943033966465,0.4807355613140293,-0.00616578010836504
1137,0.0,2679.9655978106816,0.0,0.0027800119833792476,0.4595079393036362,-0.0009223837929856349,0.47436727471091134,-0.004592761213751219
1138,0.0,2685.1734519927318,0.043688352189532986,0.005023436636492796,0.27492682397099305,-0.004235643549151684,0.41453513948893583,-0.004485625914371358
1139,0.0,2686.633269580678,0.07998446381579924,0.0022818015320949566,0.1759370727788904,0.0019297407025337043,0.3429557194759222,-0.0025610159292998396
1140,0.0,2688.8189482773664,0.0,0.0015051459702724321,0.6212416494419346,0.0002257387064244928,0.4264414984657259,-0.0017249895385825398
1141,0.0,2693.4876448861637,0.0011496133635871834,0.006987704809867281,0.5137485246457412,-0.006986851777866033,0.4526336063197305,-0.003303548210367588
1142,0.0,2692.3018901486735,0.0,0.0007114301407718431,0.810103880849424,0.004404834314559036,0.5598746886786385,-0.0009910334528896007
1143,0.0,2693.9826299441243,0.0,0.001874712571463086,0.6242198351959783,-1.905212751785048e-05,0.5791782326338405,-0.0006994390552780756
1144,0.0,2698.367442179868,0.0,0.008086567592600144,0.3928831556515614,-0.008073555683736047,0.5232897095391568,-0.002911674043815467
1145,0.0,2698.2467576562162,0.0029214039709596555,0.002279862879818591,0.5748639136744205,0.001101328192014516,0.5387619707797359,-0.0017077733730664717
1146,0.0,2702.4418402610772,0.0,0.005953107688065343,0.7989034376099657,-0.005635604407274761,0.6168044108288049,-0.002886122683328958
1147,0.0,2702.306003733997,0.004209998497189186,0.0005357936759323137,0.6583487628463413,0.0021821784735003525,0.6292677164340658,-0.001365632336280165
1148,0.0,2706.155947225614,0.0,0.005021935076916753,0.7825790976247552,-0.004957436465056529,0.6752611307912726,-0.002443173574913074
1149,0.0,2706.381147111484,0.04654402964784816,0.0018449398009279473,0.338452845121551,0.0010551661536841914,0.574218645090356,-0.0013936716563338943
1150,0.0,2704.2703549430953,0.0,5.4338861931580004e-05,0.6802362059469467,0.00700052581035955,0.6060239133473332,0.0011245875836741388
1151,0.0,2706.657112976071,0.0,0.004160004743622906,0.7555444475441955,-0.0035675290760048095,0.6508800736063918,-0.00028304741422954566
1152,0.0,2707.25764595486,0.0,0.003721902678128659,0.5943455035764657,-0.0024107621298786706,0.6339197025974139,-0.000921361828924283
1153,0.0,2704.4859505541594,0.0009745752572769129,0.00044132842528376106,0.4368500863530989,0.006107596550819844,0.5747988177241194,0.0011873256849989548
1154,0.0,2702.042127828294,0.0,3.647856692473576e-06,0.8919084894356147,0.006001577347141436,0.669931719237568,0.002631601183641699
1155,0.0,2700.8773651172196,0.0,0.0007074018436861445,0.742187090995466,0.0010801413435468632,0.6916083307649373,0.002166163231613248
1156,0.0,2700.8995259944027,0.011728200085340722,0.004102575575544986,0.4171288616589299,-0.0028776765284096763,0.609264490033135,0.0006530113036063706
1157,0.0,2698.1752146381223,0.005659827803951939,0.0008296900233381783,0.33706124222446743,0.0033920198216708906,0.5276035156905347,0.0014747138590257265
1158,0.0,2698.6522220292563,0.008203360691441822,0.0026036858501691227,0.4452247893382142,-0.0017354319169115477,0.5028898977848385,0.0005116701262445441
1159,0.0,2696.4792159992016,0.0055568605072627095,0.00029481354993072146,0.3969717672313928,0.0029696160375343905,0.47111445861880474,0.001249053899631498
1160,0.0,2696.0880387658294,0.0,0.002170788020724971,0.8598489366757406,0.0002299189422025804,0.5877348020358855,0.0009433134124028226
1161,0.0,2695.767629535717,0.0,0.0022976975184341862,0.7353311276490886,-0.0006728833082317639,0.6320136997198463,0.0004584543962124466
1162,0.0,2693.1722153285173,0.020773097903081916,0.0015400521312693423,0.38297214834145193,0.004405392527236868,0.5573012343063279,0.001642535835519773
1163,0.0,2692.481109500775,0.0,0.002419183045646253,0.6205955143578612,0.0008938081519293304,0.5762895183217879,0.0014179175304426402
1164,0.0,2694.540664278489,0.034550236451950135,0.006097751871574255,0.4285551629985288,-0.006060793846006822,0.5319692117248102,-0.0008256958824921982
1165,0.0,2693.134977352855,0.00667152458787778,0.0015724140507890796,0.3550347700047538,0.0014859209959640844,0.47888887920879325,-0.0001322108189553134
1166,0.0,2693.8140915373547,0.0013040290419116614,0.003579231323702431,0.6075564660631027,-0.0005492125559887686,0.5174891552650861,-0.00025731134006534993
1167,0.0,2693.479305102155,0.0,0.0010343070476862611,0.6397149702728938,0.0008459126489139193,0.5541568997674284,7.365585662843087e-05
1168,0.0,2693.847519411828,0.0,0.0023500619973410818,0.7303071732800309,-0.0005021494932777966,0.6070019818212091,-9.908574834343737e-05
1169,0.0,2695.4879234589193,0.000691413120854776,0.004103377611431223,0.5646316127717199,-0.0034901047092470165,0.5942908711063624,-0.001116391436614511
1170,0.0,2693.082022906555,0.0,0.00026927979586063036,0.6270116495009083,0.0051620234484757305,0.604107104624726,0.0007671330289125615
1171,0.0,2690.3831846997155,0.0,0.001205571177492601,0.8892384082239309,0.006753523467851024,0.6896464957044874,0.0025630501605941004
1172,0.0,2689.1317433134195,0.0,0.001577328074708879,0.577611291787348,0.0017012788929743178,0.6560359345293456,0.0023045187803081655
1173,0.0,2686.287934610113,0.011900134616961777,0.0023411858630310155,0.45828890785837917,0.003158735932089459,0.5967118265280557,0.0025607839258425533
1174,0.0,2685.8423943622734,0.0,0.002983805979237667,0.6791035707750515,-0.0015790308767306054,0.6214293498021544,0.0013188394850706055
1175,0.0,2684.0031196823256,0.0,0.0023297796694526163,0.9220566576390624,0.0011093873485928823,0.7116175421532267,0.0012560038441272884
1176,0.0,2682.9575235619554,0.008347396830237212,0.0009185559470842331,0.41937110981976217,0.0007522006269838639,0.6239436124531873,0.001104862878984261
1177,0.0,2687.1194682703954,0.04930975659559956,0.010025091433506874,0.29600252114672876,-0.010025091433506874,0.5255612850612497,-0.0022341234147630795
1178,0.0,2688.1648463401693,0.0,0.005015342066453595,0.4218194076190953,-0.0032356813353557443,0.4944387218286033,-0.002534590790940879
1179,0.0,2690.4768443992707,0.0,0.0035079453322275737,0.9056475329314982,-0.0023838427831277963,0.6178013651594718,-0.002489366388596954
1180,0.0,2690.4896003349513,0.0,0.0003409893370594056,0.6888527687819183,0.002717347474087113,0.6391167862462057,-0.0009273522297917337
1181,0.0,2696.115191419137,0.062288147872471424,0.009235175721669427,0.26994815796728355,-0.009088251761023493,0.528366197762529,-0.0033756220891612613
1182,0.0,2701.7626158115836,0.09572901266696673,0.010663192962227888,0.1490449733220104,-0.010658824657849703,0.41456983043037343,-0.005560582859767793
1183,0.0,2700.0252110315582,0.0,0.00011904771291904669,0.7497608482096239,0.007367557253752895,0.5151271357641485,-0.0016821408257115867
1184,0.0,2706.2666026897828,0.007516542772254209,0.0073371607922026755,0.383952688550607,-0.007140536274638192,0.475774801600086,-0.003319659460389568
1185,0.0,2706.2033009322377,0.0,0.0009992216363281954,0.653671719050912,0.002022427832518373,0.5291438768353338,-0.0017170332725171857
1186,0.0,2710.5702758996003,0.03365530088386207,0.006681333602303971,0.10918901831991619,-0.00556834285774402,0.40315741928070853,-0.002872426148085236
1187,0.0,2707.1496898873907,0.0,5.100060338092918e-05,0.853360443123596,0.009034481607145336,0.5382183264335747,0.0006996461784839355
1188,0.0,2708.213040219626,0.0002023711504045741,0.0016271040641933263,0.4772498647487898,0.0007476454546628904,0.5199277879281392,0.0007140459613376219
1189,0.0,2710.9126265751465,0.0,0.006555168814111067,0.6884375918745146,-0.006382688258312744,0.5704807291120518,-0.0014149743045574876
1190,0.0,2711.6097870482845,0.0007300893490887241,0.003849383654374401,0.36359130616900087,-0.002137258266073348,0.5084139022291365,-0.0016316594930122458
1191,0.0,2711.675874363483,0.0,0.0016736517865409155,0.5701752485141154,0.0014042354727918428,0.5269423061146301,-0.0007208910032710191
1192,0.0,2710.048683565257,0.0,0.0007602516697588571,0.6053432751118993,0.005119663259995288,0.5504625968138108,0.0010312752757088732
1193,0.0,2710.69894679356,0.004158485183529765,0.0027332784266255288,0.2966998396857877,-0.0006467567337127039,0.47433376967540386,0.0005278656728824001
1194,0.0,2714.4813787888957,0.1290774253994928,0.00897942198005061,0.04044919798240037,-0.008976306138850008,0.3441683981675028,-0.0023233858706373225
1195,0.0,2715.5103719725557,5.81172340845959e-06,0.0034213735044406786,0.4861944111139564,-0.0025967881306001345,0.3867762020514388,-0.002405406548626166
1196,0.0,2716.999773280496,0.005323355693168888,0.002408616051494858,0.5749126818057084,-0.0005825005034358549,0.44321714597771966,-0.0018585347350690725
1197,0.0,2716.966106975958,0.0,0.0004784982798102947,0.6256752138632764,0.0026532089032331816,0.49795456634338664,-0.0005050116435783961
1198,0.0,2717.4537297793313,0.0,0.0026733109322682694,0.7179908462078127,0.0009411349938194783,0.5639654503027145,-7.116765235903373e-05
1199,0.0,2716.513070845338,7.294347573085713e-05,0.0015116080357804027,0.5794056196784628,0.002488725226727686,0.5685975011154389,0.0006968002113669822
1200,0.0,2718.161280307023,0.0715276424951319,0.004401074243702844,0.030239924715590834,-0.0033886700827760836,0.40709022819548446,-0.0005288408768759376
1201,0.0,2716.938545776305,0.012292285905944726,0.0028445326384680548,0.5979764446646411,0.0018435650886907153,0.4643560931362314,0.00018288091279405829
1202,0.0,2717.952359436869,0.016372019645770428,0.0032428007533909717,0.37205720450230195,-0.0015688559174611726,0.4366664265460525,-0.00034264013628251095
1203,0.0,2718.9978933172097,0.0,0.00443522982131712,0.5433405676158215,-0.0023544198625256333,0.46866866886698316,-0.0009461740541554476
1204,0.0,2716.4172868353066,0.0013040290419116614,0.0007533408434337042,0.5396594780440117,0.005772604231515434,0.48996591162009173,0.001069459431545817
1205,0.0,2719.231081194541,0.08510119191016806,0.006960635649662745,0.060843005670841874,-0.004921034418307065,0.36122903983531673,-0.0007276887234100476
1206,0.0,2719.9624183668407,0.007772734008722076,0.003101501540598919,0.4192906626966889,-0.0026073189866754535,0.37864752669372836,-0.0012915778023896694
1207,0.0,2726.2392938209905,0.15019301051583758,0.012264999034160774,0.025234938600069732,-0.012264999034160774,0.2726237502656308,-0.004583604171921001
1208,0.0,2727.770456714007,0.10905485866295198,0.0026704726163732733,0.04717852045377045,-0.001653545642464902,0.2049901813220727,-0.003704586613084171
1209,0.0,2730.3889424210874,0.0,0.0024429239154475147,0.5822388471467189,-0.0005262331017882478,0.31816478106946655,-0.0027510805596953937
1210,0.0,2730.9248328063964,0.0,0.0018017103537268345,0.4873356412583706,0.002857134442556522,0.36891603912613774,-0.0010686160590198186
1211,0.0,2736.300297273027,0.03960816142004321,0.00829927635124054,0.2529967511454251,-0.00828864972000539,0.33414025273192394,-0.00323462615731549
1212,0.0,2740.2846732980174,0.016737310960222736,0.007377085158353307,0.2917620566814342,-0.0070528655673622,0.321426793916777,-0.004380097980329503
1213,0.0,2742.036584819155,0.002098645849303127,0.002159859243609585,0.49992647969767534,-9.790933931879734e-05,0.37497669965104646,-0.0030954413880262908
1214,0.0,2746.8948057923058,0.0013751303510885129,0.005616282752474851,0.36396227029921013,-0.005429714906720366,0.37167237084549554,-0.0037957234436345132
1215,0.0,2746.4949391604273,0.008228103343271174,0.0018327799288769353,0.32314926199908317,0.004215628739093256,0.3571154381915718,-0.0013923177888161822
1216,0.0,2751.4342699058902,0.005368386551946709,0.00628149925717779,0.32720761787169245,-0.006278380558062409,0.348143092095608,-0.00285813661959005
1217,0.0,2751.60349087522,0.0,0.002730887726724686,0.7535637056967942,0.0012168763697296147,0.46976927617596387,-0.0016356327227941506
1218,0.0,2754.1653190203056,0.0,0.0030934681145504805,0.6896873982532551,-0.0022917649600733133,0.5357447127991511,-0.0018324723939778993
1219,0.0,2751.808388124229,0.0,1.8569725608897777e-05,0.6040396160997881,0.0066904098028201815,0.5562331837893422,0.000724392265061525
1220,0.0,2753.6079973657334,0.0,0.0023529412212242775,0.5918723182383446,-0.0018705435204518126,0.5669249241240428,-5.4088470592476325e-05
1221,0.0,2756.932568092605,0.03341411635567391,0.007688627516617726,0.394564121653787,-0.007678510604146565,0.515216683382966,-0.0023414151106587026
1222,0.0,2758.4753532666914,0.10847108029949044,0.004017332015778828,0.05740982340528836,-0.003060234659535241,0.37787462538966266,-0.0025570609753216636
1223,0.0,2763.0841751662892,0.0,0.007124462474125344,0.8316458712759383,-0.0070561940099221464,0.5140059991555452,-0.003906800885701808
1224,0.0,2766.5841828629164,0.0,0.004726388801455827,0.5415593314854872,-0.004465294148441788,0.5222719988545278,-0.004074348864523802
1225,0.0,2772.2176117141616,0.0,0.0074969613147991285,0.3676188749461266,-0.0074969613147991285,0.4758760616820074,-0.0051011325996064
1226,0.0,2772.4227682331293,0.0,0.0016485493131648823,0.8830303527213375,0.0040292511776787426,0.5980223489938064,-0.002362017466420857
1227,0.0,2775.1312706912254,0.01001649069645355,0.0017562220439070154,0.45047156192782895,-0.00023061626867615007,0.5537571128740131,-0.0017225971070974448
1228,0.0,2777.21683203711,0.056732900128030214,0.00221653528350363,0.4010117538561029,-0.0018127097302746366,0.50793350516864,-0.0017496308940506023
1229,0.0,2779.8215035217017,0.0037606078234726464,0.005108317629468568,0.5159308211268127,-0.003559125652420864,0.5103326999560918,-0.002292479321561681
1230,0.0,2779.8938166139096,0.0008734140071893562,0.0010999769475027899,0.5682449215378225,0.0017673998776009945,0.527706366430611,-0.0010745155618128782
1231,0.0,2780.648460451936,0.0,0.0013473639046846936,0.9005035398161884,0.000860596112480883,0.6395455184462842,-0.0004939820595247498
1232,0.0,2779.51231420929,0.015086609565574184,0.0001760818111439303,0.45496559690342186,0.00350684096821454,0.5841715419834255,0.0007062648487970371
1233,0.0,2776.6399098488,0.0,0.0,0.7156299936678423,0.006469312694325085,0.6236090774887505,0.0024351792024554513
1234,0.0,2775.9675416973405,0.0,0.001172926196577376,0.7594310130520037,0.0005636086312743011,0.6643556581577263,0.001873708031101106
1235,0.0,2776.689833207056,0.12089293519571218,0.004141726389928788,-0.04643434384826685,-0.004119490149093531,0.45111865755592834,7.574857704271509e-05
1236,0.0,2778.618988365489,0.004209998497189186,0.006455281125786812,0.5760399387386305,-0.005974008636509177,0.488595041910739,-0.0017391785870228525
1237,0.0,2778.527275606268,0.0,0.00239036867947367,0.8492554784533224,0.00018462925508244219,0.596793172873514,-0.001162036234391264
1238,0.0,2783.3548351814056,0.0,0.008201721548000704,0.5714633163288885,-0.008197353243622519,0.5891942159101262,-0.0032726313371606404
1239,0.0,2785.7010490104635,0.012292285905944726,0.004257947805580117,0.2840669497078187,-0.00354113142733131,0.4976560360494339,-0.003353181364211841
1240,0.0,2788.464114342747,0.0,0.00445852381862329,0.7680068052860385,-0.0022076792425396803,0.5787612668204153,-0.0030095307277101923
1241,0.0,2788.0275341301585,0.0,0.0010615810582877759,0.8819035196677404,0.004527836477601778,0.6697039426746128,-0.0007483205661166011
1242,0.0,2788.3712888436276,0.0,0.0011535013791102932,0.8222920255664368,0.0024499522118931675,0.7154803675421599,0.00021116126728632954
1243,0.0,2789.351749731113,0.0,0.002421998619506663,0.526029448414185,-0.0012719246453615234,0.6586450918037674,-0.00023376450650802632
1244,0.0,2795.6324286432687,0.08060181888329028,0.013294967199308418,-0.005133917103546378,-0.013294967199308418,0.45951138913157324,-0.004152125314348144
1245,0.0,2793.0552203902025,0.0,0.00029208976977097167,0.7784768164478628,0.005785693776265088,0.5552010173264601,-0.0011707795871641745
1246,0.0,2794.7608582274997,0.041121005920832586,0.002375299526107038,0.43838882866318934,0.000820500857541641,0.5201573607274788,-0.0005733954537524299
1247,0.0,2794.5803770308476,0.0,0.00025799755163267925,0.8401652415551915,0.0016194560402282064,0.6161597249757925,8.445999444176098e-05
1248,0.0,2793.8461706173166,0.0,0.0012308485180049353,0.7251471611482755,0.002123364459412453,0.6488559558275374,0.0006961313339329686
1249,0.0,2798.976842876835,0.01044608028506477,0.010831167060787237,0.3034198546311795,-0.010805885173786584,0.54522512546863,-0.0027544736183828973
1250,0.0,2802.584732173103,0.014353217432920954,0.008126803105973296,0.3098403800209793,-0.008126803105973296,0.47460970183433476,-0.004366172464660017
1251,0.0,2803.627749750304,0.0,0.001649654645580062,0.6418288104059261,0.0008782139193410154,0.5247754344058122,-0.0027928565494597067
1252,0.0,2804.422250798291,0.03938825621949206,0.0020325350135200855,0.4394060502236346,0.0030092548236092076,0.49916461915115884,-0.0010522231375390326
1253,0.0,2807.9256704660756,0.0004553693345490983,0.004582362319331288,0.5083382890789454,-0.004345722771466884,0.5019167201294947,-0.002040273027717388
1254,0.0,2813.363744594781,0.0,0.010148243957045241,0.851468200448733,-0.010148243957045241,0.6067821642252662,-0.004472664306515744
1255,0.0,2815.3609738292657,0.009034623972701822,0.002295036534216574,0.4761864929371927,-0.0018492488218669516,0.5676034628388441,-0.003685639661121106
1256,0.0,2820.782999639425,0.0765462202554844,0.0071058902350861555,0.3018176881213445,-0.006483293465997282,0.4878677304235942,-0.004524935802583958
1257,0.0,2825.0127470932753,0.06790021518550625,0.005317989179679711,0.40406253571614875,-0.004784226890079064,0.4627261720113605,-0.00460272312883249
1258,0.0,2830.7348894290712,0.008602303341755406,0.007015874941516147,0.5282376646574866,-0.007015874941516147,0.48237961980519833,-0.005326668672637587
1259,0.0,2839.4847276755945,0.10276460675851538,0.013212381893029595,0.07515657819549773,-0.013212381893029595,0.3602127073222881,-0.007692382638755189
1260,0.0,2844.06571196908,0.0,0.004350996606190776,0.5421827158084501,-0.003674588134149496,0.41480370986813675,-0.006487044287373481
1261,0.0,2848.7124602282283,0.0,0.00240082154493902,0.5517603655654609,-0.001397533445881975,0.455890706577334,-0.004960191034926028
1262,0.0,2851.943452409151,0.0,0.0018108300915751444,0.6725136672220493,0.0002327787155473882,0.5208775947707486,-0.003402300109784003
1263,0.0,2856.8763546493724,0.12273159486785246,0.005654023304099689,0.006012964336062233,-0.0049682515011726875,0.3664182056403426,-0.0038720855272006086
1264,0.0,2861.8715436871594,0.04196963953566582,0.006702120904710333,0.3228574427386232,-0.0067012443173969285,0.35334997676982677,-0.004720833164259504
1265,0.0,2867.8293888276626,0.0030686547940983367,0.00826045548044217,0.39241169132573117,-0.008182053570037153,0.36506849113659806,-0.0057591992859927985
1266,0.0,2870.789540641004,0.0,0.003188356535944534,0.7680277005277645,-0.0010094817614405,0.4859562539539479,-0.004334284028627108
1267,0.0,2876.4978081268,0.04008052185106205,0.006770844458579486,0.11933048828040232,-0.005712462837973895,0.3759685242518842,-0.0047477376714311435
1268,0.0,2880.497466951318,0.10905619876407155,0.0042180896444824496,0.2663271878617611,-0.0036199209516157927,0.3430761233348472,-0.004409392655486538
1269,0.0,2882.955322604016,0.006965588249806833,0.0022562959745173923,0.34364801167174125,8.752158597399716e-06,0.3432476898359154,-0.003083949211261357
1270,0.0,2885.8394389780833,0.0,0.004215381630874181,0.8724639379909129,-0.0012869605460384802,0.5020125642824147,-0.0025448526116944935
1271,0.0,2888.4263773493926,0.17424805860886142,0.00252578750198066,-0.1159059625878114,-0.0020709723196770955,0.3166370062213469,-0.0024026885240892738
1272,0.0,2890.4444616876644,0.000594906612178807,0.0028823932886615365,0.5307439460828193,-0.0014533422123815612,0.3808690881797886,-0.00211788463057696
1273,0.0,2890.561091127146,0.01182914816659879,0.000395633945850987,0.3602322650211816,0.002348067739947476,0.3746780412322065,-0.0007780989194196293
1274,0.0,2896.195628598419,0.00920412878304298,0.009682582109597224,0.3396508323766456,-0.00950006911999079,0.36416987857553823,-0.003394689979590977
1275,0.0,2896.3882740442086,0.017028675283767943,0.002067402238338924,0.27672552434526004,0.0005506204448166232,0.33793657230645474,-0.0022110968522686967
1276,0.0,2899.7323518144517,0.0,0.003813299312156867,0.5065285414666035,-0.0033385642570883892,0.3885141630544994,-0.0025493370737146043
1277,0.0,2903.4599332862117,0.02393214470853187,0.005357589319020346,0.3754888055577003,-0.00535634646698208,0.3846065558054596,-0.003391439891694847
1278,0.0,2908.3710969676836,0.06250052265625933,0.007678903920393708,0.09504792398947431,-0.007434721555792593,0.297738966260664,-0.004604424390924171
1279,0.0,2910.743031522448,0.0,0.0034847003893943517,0.8190763034177108,-0.0012169294189550226,0.45414016740777796,-0.003588175899333426
1280,0.0,2917.2423635718455,0.004310068407024102,0.008594492366559776,0.4534557024205288,-0.008594492366559776,0.45393482791160317,-0.005090070839501332
1281,0.0,2919.1928182020306,0.0,0.0021910553929563583,0.5294909713436804,-0.00011367763276697603,0.4766016709412263,-0.0035971528774810246
1282,0.0,2918.9772701857914,0.0,2.7130950358174622e-05,0.5893900649585515,0.005901096861539937,0.5104381891464238,-0.0007476779557747358
1283,0.0,2920.9913236864927,0.0,0.0024632891079024856,0.6077747470502942,-0.0004177572975947268,0.5396391565175849,-0.000648701758320733
1284,0.0,2923.719771668989,0.031035299661238903,0.005399246277751576,0.4496204556785702,-0.004878406186337149,0.5126335462658804,-0.0019176130867256578
1285,0.0,2928.4368375501,0.0,0.009071589042117259,0.6153798743756154,-0.009071589042117259,0.5434574446988009,-0.004063805873343138
1286,0.0,2930.841579220178,0.23340746154514852,0.0037958730528621196,0.040279985622575315,-0.00284303960260066,0.3925042069759332,-0.003697575992120394
1287,0.0,2937.423510860879,0.0812606945166106,0.009327931797322194,0.2389525670691343,-0.009325160800390135,0.3464387150038935,-0.0053858514346013155
1288,0.0,2939.3178954906107,0.0017047354800500158,0.002204141356207495,0.5065496151189082,0.00012941748962748656,0.39447198503839787,-0.0037312707573326745
1289,0.0,2941.148867480537,0.0,0.0012827886465920308,0.5925203164244548,0.0019512065469186653,0.45388648445421487,-0.0020265275660572724
1290,0.0,2945.5567683117715,0.025673822856890724,0.0065534204464036214,0.2181341457109968,-0.005211947710932465,0.38316078283124944,-0.00298215360951983
1291,0.0,2949.7597506738207,0.003374592673643512,0.006521197204138306,0.42848580674693126,-0.006520990639230104,0.396758290005954,-0.004043804718432912
1292,0.0,2948.9906726781924,0.008454179919476293,0.001121656255945351,0.481982610975715,0.004877147697410382,0.4223255862968822,-0.0013675189936799238
1293,0.0,2951.2609694582393,0.008327524918260342,0.002220584588091153,0.43940076836559877,-0.00046050841865922327,0.42744814091749717,-0.0010954158211737136
1294,0.0,2951.3161463450656,0.02229412385843398,0.0017520474836926886,0.3105647397469336,0.001355189430077664,0.39238312056632807,-0.00036023424579830035
1295,0.0,2948.9290192940543,0.0,0.0017449632890063403,0.6062215485574225,0.00612924926357066,0.45653464896365636,0.0015866108070123875
1296,0.0,2948.186527319266,0.0,0.0008903148820753947,0.6583667617758959,0.0018559935032242026,0.5170842828073282,0.001667425615875932
1297,0.0,2949.036647006146,0.0004553693345490983,0.003935755224351144,0.6939474138220559,-0.0034932783389658843,0.5701432221117465,0.00011921442942338712
1298,0.0,2950.4327755797553,0.004146576424592693,0.005016762512303685,0.43954773781075357,-0.0046504701461156945,0.5309645768214486,-0.0013116909432383374
1299,0.0,2949.18127423622,0.03307529955855791,0.000787193293752029,0.3469926769530593,0.002537766557683469,0.4757730068609318,-0.00015685369296179546
1300,0.0,2952.4290340144917,0.07426810417877998,0.005454630228383884,0.1513150551041268,-0.005393285901652624,0.3784356213338903,-0.0017277833555690441
1301,0.0,2952.814225736097,0.0303448797897327,0.0025232900112465645,0.40965949554565784,-0.0005671025166936259,0.38780278359742054,-0.0013795791039064188
1302,0.0,2958.884497533079,0.07849160908627588,0.010789142785665309,0.073787774803049,-0.010789142785665309,0.29359828095910906,-0.004202448208434085
1303,0.0,2959.439125176973,0.01228410485511793,0.0017448201333686072,0.4512689312927228,0.0004566893171406126,0.34089947605919313,-0.0028047069507616757
1304,0.0,2961.4327463271948,0.0,0.0011633811879942805,0.8136497950713689,0.0003410356104391539,0.4827245717628459,-0.0018609841824014266
1305,0.0,2966.7003368674023,0.12523139920731563,0.007975036210789311,-0.022614246741374383,-0.007975036210789311,0.3311229262115798,-0.003695199790917792
1306,0.0,2969.42034894159,0.011466803501919228,0.003742658666874208,0.3099473609327401,-0.0035741999732679186,0.32477025662792786,-0.0036588998456228298
1307,0.0,2969.338372135429,0.0,0.00029442803345735685,0.85153484394484,0.0041724056219421485,0.4827996328230015,-0.0013095082053533361
1308,0.0,2972.2770058328856,0.0,0.003563152989245103,0.5587903258361695,-0.002256236688620748,0.5055968407269519,-0.0015935267503335597
1309,0.0,2974.9850508828613,0.0030732211065800405,0.004213600733118729,0.32468146284989907,-0.004211292525610549,0.451322227363836,-0.0023788564829166563
1310,0.0,2976.7866585329566,0.04602957799234149,0.0031217730355259134,0.41609467072613576,-0.001994306552645575,0.4407539603725259,-0.002263491503835332
1311,0.0,2980.953963459111,0.0,0.0061601565853247955,0.6570432836476603,-0.006109597613790003,0.5056407573550662,-0.0034173233368217327
1312,0.0,2982.8361366779495,0.04817577850521264,0.003040641617763374,0.2871423665240218,-0.0014210020837174472,0.44009124010575285,-0.002818426960890447
1313,0.0,2984.8345880698425,0.029728263239058066,0.0018036354069972766,0.20557528338923145,-0.00048629413388398,0.3697364530907964,-0.002118787112788507
1314,0.0,2987.3200656969693,0.1687848224133007,0.0030618059048140465,0.22865814816441382,-0.0021539341758868152,0.3274129616128816,-0.0021293312317179993
1315,0.0,2988.6214745846564,0.000691413120854776,0.002305023196980952,0.4872330670639939,-0.00041547647220525576,0.37535899324821526,-0.0016151748038641762
1316,0.0,2991.2702873114295,0.1744455602391004,0.0036857450208315104,0.11828189034137304,-0.00323300753091058,0.2982358623761626,-0.0021005246219780974
1317,0.0,2992.7918558212314,0.05593019634847298,0.0020182307998999134,0.030187099696626557,-0.0013999387821462433,0.2178212335723018,-0.001890348870028541
1318,0.0,2994.8467267350825,0.0016097957236340952,0.002315054735832607,0.2886592311258103,-0.0020141700530453654,0.23907263283835434,-0.0019274952249335882
1319,0.0,2992.026369150973,0.0,0.00048260188988941263,0.508259101316468,0.007925170674212605,0.3198285733817884,0.0010283045448102694
1320,0.0,2993.810919942659,0.00510987054517273,0.004276238434909698,0.47865675598182766,-0.0017528526460730818,0.36747702816180017,0.00019395738754526403
1321,0.0,2994.8368651480123,0.0019046431750044553,0.0033879337099390204,0.5610673035261718,-0.0032166179698118525,0.4255541107711116,-0.000829215219661871
1322,0.0,2995.5022441311876,0.027724976736796563,0.0036472623116026014,0.4167121533798528,-0.0015536945261544564,0.4229015235537339,-0.0010465590116096465
1323,0.0,2997.3704631109745,0.00395380726072132,0.004201311967696302,0.6146417606086747,-0.002984750395259198,0.4804235946702161,-0.001628016426704512
1324,0.0,2998.491532131451,0.0013468466780447452,0.0035091652731349364,0.34735379433948776,-0.001177560804453177,0.4405026545709976,-0.0014928797400291112
1325,0.0,3003.087512023689,0.00965523244308275,0.007963867986607497,0.37737632680190103,-0.007816904341845192,0.42156475624026857,-0.0033900871205739353
1326,0.0,3002.146858596518,0.015444492207720728,0.00046971081546060147,0.34567305494984674,0.003656031332495101,0.398797245853142,-0.0012762515846532244
1327,0.0,3007.9229131688367,0.03205376279979026,0.008452046129322918,0.39219274130192644,-0.008448929125705702,0.3968158944877773,-0.003428054846968968
1328,0.0,3009.725337356084,0.0,0.0027587451822243636,0.5602598801229092,-0.002282786037460363,0.44584909017831686,-0.003084474204116386
1329,0.0,3010.942402090677,0.007855868980888532,0.0012600875014813833,0.5001840616151114,0.0011638586936943906,0.46214958160935526,-0.0018099743347731526
1330,0.0,3015.873756241974,0.13064636490544657,0.007031963984254505,0.015194711590129889,-0.006985244921965476,0.3280631206035876,-0.0033625555109308494
1331,0.0,3017.1964438864,0.0,0.0018202981700999033,0.45937167402072154,-0.0007301028475441462,0.36745568662872774,-0.0025728197119148383
1332,0.0,3014.861245236,0.0,0.000508285265379445,0.7934675610410182,0.008474860000216388,0.49525924895241485,0.0007414842017245298
1333,0.0,3015.8877856098024,0.0,0.0010060793357991446,0.6501969487098264,0.0005104995794168101,0.5417405588796382,0.0006721888150322138
1334,0.0,3013.677361798299,0.0,0.0004973990999617216,0.7489168309210937,0.003804662363210389,0.6038934404920748,0.0016119308794856665
1335,0.0,3016.892528172791,0.04305523822753304,0.007545890500559005,0.15066949251257383,-0.0074656237491630435,0.4679262560982245,-0.0011113355091089464
1336,0.0,3021.1949146229435,0.08556405680416149,0.010596094124401191,0.05947943652716064,-0.010596094124401191,0.3453922102269053,-0.003956763093696619
1337,0.0,3020.7636083688626,0.0,0.0016488667192346709,0.6451516360098424,0.0022210609802283195,0.4353200379617864,-0.002103415871519137
1338,0.0,3023.51355566533,0.0,0.0039090026620735956,0.4913183031461613,-0.0015197863170600418,0.4521195175170989,-0.0019283270051814083
1339,0.0,3025.514150467558,0.1396481593312642,0.002439951226576362,-0.0601257300947319,-0.0018965006799271096,0.29844594323354967,-0.0019187791076051186
1340,0.0,3029.1417058880093,0.015435991888557288,0.005606518014115882,0.5120211589820932,-0.005468784032725616,0.3625185079581127,-0.0029837805851412676
1341,0.0,3029.7865641891617,0.029939058703692747,0.0014549436524298,0.23354612119339185,0.0007795976340689953,0.3238267919286964,-0.0018547671193781888
1342,0.0,3034.3102722001327,0.0,0.006239004950027025,0.5372262605145136,-0.006239004950027025,0.3878466325044415,-0.0031700384685728394
1343,0.0,3033.4748334447986,0.0,0.0010292003019412045,0.45943923148428834,0.0038046314258216598,0.40932441219839555,-0.0010776375002544895
1344,0.0,3036.950464789892,0.0,0.005031779299264839,0.6767404150552441,-0.003893873668336159,0.48954921305545007,-0.0019225083506789903
1345,0.0,3038.3317471577766,0.027666704999462277,0.002464169087610613,0.36998798596977506,-0.0016750280223836343,0.45368084492974753,-0.0018482642521903834
1346,0.0,3043.4289805508874,0.013305161129006987,0.008685641259018634,0.6225901317259893,-0.008539612359849595,0.5043536309686201,-0.0038556686844881467
1347,0.0,3047.337308849146,0.04138163379809372,0.006286297838910222,0.3454260519874218,-0.006056422496819832,0.45667535727426056,-0.0045158948281876525
1348,0.0,3049.445192093369,0.008732456114854003,0.0040992053293297985,0.556301471239637,-0.00018693959461395986,0.4865631914638735,-0.003217208258115544
1349,0.0,3054.9271871541487,0.002625098311319422,0.006664059866526259,0.495967169245903,-0.006582715586507123,0.48938438479848234,-0.004226860456633018
1350,0.0,3052.4870417604116,0.0,5.179104159526143e-05,0.6536433246576248,0.008611014024848781,0.538662066756225,-0.00037549811218847784
1351,0.0,3051.585938609151,0.0,0.0009890320760962425,0.7303279560040083,0.006295923628792121,0.59616183353056,0.0016259284101057018
1352,0.0,3052.8491303132064,0.0,0.003011580417092234,0.7208624228175335,-0.002308252533672486,0.633572010316652,0.0004456741269722454
1353,0.0,3051.860966601555,0.0,0.0024420042199184487,0.5094417281511997,0.0003464292167902735,0.5963329256670162,0.00041590065391765383
1354,0.0,3051.2042010394703,0.0,0.0011147592763713745,0.8124074227618204,0.0008866885114998926,0.6611552747954574,0.0005571370111923254
1355,0.0,3051.6538457065562,0.019295241402868944,0.00246779715109914,0.36287764187776334,-0.0013932036130604323,0.5716719849201491,-2.7965176083501913e-05
1356,0.0,3051.9090972602603,0.0,0.0034107367272145027,0.5544764766399523,-0.0011109599078718093,0.56651333243609,-0.0003528635956199941
1357,0.0,3053.5059732296086,0.004132003192885789,0.0036585871947411187,0.4264027599038341,-0.003282991894570823,0.5244801606764132,-0.001231902085305243
1358,0.0,3059.893429551512,0.0,0.012888305171640866,0.6683732630621685,-0.012888305171640866,0.5676480913921398,-0.0047288230112059295
1359,0.0,3060.6903903551656,0.05207297241000364,0.0032844440948989265,0.39329585817765644,-0.00018006937661904133,0.5153424214277947,-0.0033641969208298627
1360,0.0,3063.756247500418,0.10602364178476688,0.0023900140230185126,0.23851533371856168,-0.0013211702109010418,0.4322942951150248,-0.0027512889078512162
1361,0.0,3066.3059534594845,0.08483799784255877,0.003320794123329032,0.31797327706828155,-0.0016928785843641776,0.3979979897010018,-0.0024337658108051045
1362,0.0,3067.039434527437,0.26162574841029157,0.0022621362828953574,0.05882214720999687,0.0014392472962275798,0.2962452369537003,-0.0012718618786952992
1363,0.0,3071.8486573669443,0.0,0.007432290136477295,0.6893068538120355,-0.007431047284439029,0.4141637220112009,-0.0031196175004184184
1364,0.0,3071.033403292579,0.0,0.0013258985794271615,0.46014251487146796,0.0031532861744195877,0.42795735986928096,-0.0012377463979670164
1365,0.0,3070.60948093668,0.11875745586620612,0.0006571972916594282,0.27868551471150854,0.004184345904306722,0.38317580632194925,0.0003888812927151053
1366,0.0,3073.43979580738,0.048455970562821395,0.0050364490268707445,0.15173968905564664,-0.004623373536606202,0.31374497114205846,-0.0011147951560812868
1367,0.0,3073.271380155559,0.0,0.0025343622011449966,0.5548408058000395,-7.768940448243904e-06,0.38607372153945274,-0.0007826872913913739
1368,0.0,3073.370382926145,0.0004553693345490983,0.002446524775879667,0.5405802197856326,0.000987601152672455,0.4324256710133067,-0.0002516007581722252
1369,0.0,3073.6461831505453,0.009878881983185138,0.001725997798945533,0.2584370691363776,0.00025119882595500226,0.38022909045022796,-0.00010076088293405695
1370,0.0,3076.0375191782914,0.013006950835249467,0.004726162904384391,0.3645096847063756,-0.004715667564584951,0.37551326872707225,-0.0014852328874293249
1371,0.0,3075.325774943629,0.03408271524224555,0.0015721937319164811,0.3750570981452338,0.0016496444455797617,0.37537641755252066,-0.0005447696875265989
1372,0.0,3076.84945783445,0.19923055415732394,0.003962988792459301,-0.12286849922149988,-0.0016045230278248293,0.22590294252031445,-0.0008626956896160679
1373,0.0,3080.682891255603,0.05613512127799376,0.007856165124830474,0.20911690194172775,-0.0073829055491613895,0.2208671303467384,-0.0028187586474796643
1374,0.0,3077.9512695578233,0.05781645669017455,9.060176332466146e-05,0.35816141739519636,0.00670696815736936,0.2620554164612758,3.895939397504343e-05
1375,0.0,3081.5555758110722,0.02492812188988849,0.004788378888852073,0.0632189494685477,-0.00457438774455937,0.20240447636345732,-0.0013450447475852807
1376,0.0,3085.652198792183,0.0,0.008519170381555962,0.8343034956260432,-0.008519170381555962,0.391974182142233,-0.0034972824377764848
1377,0.0,3085.299650397782,0.0012631889856745478,0.0009221283531291991,0.2761847154834046,0.002281284201977423,0.35723734214458447,-0.0017637124458503126
1378,0.0,3087.6193716297535,0.0012219826898628712,0.0029973214764292444,0.3250480784573235,-0.0011162620086798952,0.3475805630384061,-0.0015694773146991872
1379,0.0,3089.327065292581,0.05982451131897551,0.002208402828422538,0.10441041867669966,-0.001655099778350979,0.27462951972989413,-0.0015951640537947248
1380,0.0,3090.553943638189,0.006636156923865992,0.003144890664273325,0.3717459025227568,-0.0008546591816308268,0.30376443456775293,-0.0013730125921455553
1381,0.0,3093.457945386801,0.08482252451287962,0.004456682468122852,0.09086210567409565,-0.004331165562232054,0.23989373589965574,-0.002260458483171505
1382,0.0,3095.1464916135133,0.1825963182298378,0.0025907417463235374,0.04035568643849648,-0.001993397418698852,0.18003232106130795,-0.002180340163829709
1383,0.0,3096.2961451742526,0.0,0.0016672325019348913,0.8214536338669257,5.0380175255691946e-05,0.37245871490299326,-0.0015111240621040888
1384,0.0,3097.1146746339055,0.014414709770128565,0.001393218927595162,0.48884356774066245,0.0006288814656333092,0.40737417075429405,-0.0008691224037828693
1385,0.0,3100.3216837199316,0.00245347473692811,0.005904194406248852,0.34029312349277785,-0.005070967931037621,0.38724985657583916,-0.002129676061959295
1386,0.0,3097.612821318612,0.0951572693928407,3.4300848258828515e-05,0.24417745648361427,0.006637535675937905,0.3443281365481717,0.0005004874594098647
1387,0.0,3099.442022075123,0.0,0.0019022113810998411,0.6030445374171615,-0.00161327598899905,0.42194305680886857,-0.0001336415751128097
1388,0.0,3097.2525994688767,0.016995601178604512,0.0012454599348118549,0.38618465976379746,0.004045524391757828,0.4112155376953472,0.0011201082149483817
1389,0.0,3095.8686499849264,0.04898530103751099,0.002076853606859905,0.18453651347716263,0.0029757668900166653,0.3432118304298918,0.0016768058174688666
1390,0.0,3092.4954125261656,0.011635662466608741,0.0007499842964125151,0.4326522929700505,0.005790931739452552,0.3700439691919394,0.002911043594063972
1391,0.0,3096.2779914552334,0.035513679764369796,0.009748338978507914,0.2298991140997842,-0.009748338978507914,0.3280005126642928,-0.000886771177707594
1392,0.0,3092.9563787010584,0.00015038127528602506,0.0008948043825050749,0.39234605727575517,0.003924638293119158,0.3473041760477315,0.0005566516635404314
1393,0.0,3093.4015246806202,0.045168857152745066,0.003414592817135442,0.4130411338631189,-2.686129995482073e-05,0.3670252633923477,0.00038159777449185575
1394,0.0,3095.1655863650885,0.03867048354154755,0.00494083241368999,0.2989964899992763,-0.0042708738994346246,0.3466166313744262,-0.0010141437276860884
1395,0.0,3097.546969391706,0.026800597662359028,0.00590779227589966,0.2992041078427234,-0.005316456331895012,0.3323928743149153,-0.0023048375089487656
1396,0.0,3095.3925996767375,0.0,0.00017172212852305683,0.624168580583183,0.005640704852063615,0.41992558619539566,7.88251993549486e-05
1397,0.0,3095.456919126413,0.001876713047577218,0.0010310116137649658,0.49313634287784935,0.00226358916835854,0.44188881320013174,0.000734254390056026
1398,0.0,3095.60744020323,0.0,0.0010658282593734498,0.5915390019278777,-0.0004262890922825059,0.4867838698184555,0.00038609134535446646
1399,0.0,3098.093324933131,0.10780067850984129,0.00629455764015255,0.06471338682935633,-0.005959861982992498,0.36016272492172574,-0.0015176946531496227
1400,0.0,3101.2566870252112,0.02521438029495864,0.006929278899363112,0.3249699210794273,-0.006929278899363112,0.3496048837690362,-0.003141169927013669
1401,0.0,3099.9618421440264,0.0,0.0013584228773714127,0.5844779994479934,0.004409407513125861,0.4200668184727233,-0.0008759966949718099
1402,0.0,3106.8304819641694,0.01773409961546119,0.011001114422368103,0.19439354309205253,-0.011001114422368103,0.3523648358585221,-0.003913532013190698
1403,0.0,3106.9802594693033,0.0,0.0009925730752442198,0.6224235716608063,0.0007635239221163209,0.4333824565992073,-0.0025104152325985916
1404,0.0,3113.167752371306,0.010658409422113007,0.009313152773583381,0.390054242190567,-0.008709413730739982,0.42038399227661516,-0.004370114782041008
1405,0.0,3114.0846197670962,0.0,0.0012544188418210176,0.5605202147077895,0.000886963575312418,0.4624248590059674,-0.0027929912748349797
1406,0.0,3117.9291688963053,0.02256551237431893,0.003835393288049159,0.17109744520960254,-0.0033408998181077656,0.37502663486705795,-0.0029573638378168152
1407,0.7662237621422587,3123.480410334823,0.3951777348886438,0.008587947733228966,-0.39515019278069236,-0.008532496925716943,0.14397358657273285,-0.004629903764186853
1408,0.0,3128.200408584914,0.08197910726830887,0.006725897504163217,0.14569651453040425,-0.006559829699788182,0.14449046496003426,-0.005208881544867251
1409,0.0,3132.9977877777987,0.005357839683382735,0.005056529581353336,0.2911286710174051,-0.004954686833113053,0.1884819267772455,-0.005132623131340991
1410,0.0,3135.6053161878253,0.0,0.002834444495878271,0.7101821697568218,0.000207426718820867,0.3449919996711184,-0.0035306081762924335
1411,0.0,3138.143288469139,0.0,0.0035890046302191818,0.568089617306365,0.00020614884975563784,0.41192128496169234,-0.0024095810684780124
1412,0.0,3144.721786059443,0.03773680424905974,0.009932919852293519,0.19988737493438635,-0.009927087251642177,0.3483111119535005,-0.004664832923427262
1413,0.0,3144.410600287316,0.0025666300068972457,0.00085665888597412,0.553214457720257,0.0033526520100719366,0.4097821156835274,-0.002259587443377502
1414,0.0,3145.4820727726556,0.0,0.0017748049437537768,0.6023522553795705,0.002721116094251935,0.4675531575923403,-0.0007653763820886709
1415,0.0,3147.4423286520637,0.08885094845906509,0.00256666002645823,0.1342310303951857,-0.0016982388126605453,0.3675565194331939,-0.001045235111260233
1416,0.0,3149.230822853719,0.06357812472111098,0.003592724708912801,0.24092506124013605,-0.0028852110591377393,0.32956708197527657,-0.0015972278956234848
1417,0.0,3151.208977547354,0.052757291321315604,0.0031423255990467532,0.29120227398927007,-0.0029658178751933943,0.3180576395794746,-0.0020078048894944574
1418,0.0,3155.993498821991,0.009600212308378925,0.008220315060489602,0.3786765526672291,-0.008220315060489602,0.3362433135058009,-0.0038715579407930002
1419,0.0,3154.9565281038126,0.030050401850454735,0.0005512235188696878,0.3664416356935501,0.004413134003627963,0.34530281016212566,-0.0013861503574667108
1420,0.0,3156.0067689307075,0.0023675814394658215,0.0007266383496922753,0.43613789372678086,0.0019026273971897547,0.37255333523152223,-0.00039951703106977116
1421,0.0,3158.716828592375,0.0006874230913379179,0.004188520304351955,0.5139018520154569,-0.004185404463151353,0.4149578902667026,-0.0015352832606942458
1422,0.0,3156.94686144525,0.0931052897842206,0.0008620524789339072,0.2557875351599717,0.004167565266402799,0.3672067837346833,0.00017557129743486777
1423,0.0,3157.7571463870167,0.004354274828351489,0.002432973307280067,0.4254317124242017,-9.615570285067817e-05,0.3846742623415388,9.405319734920397e-05
1424,0.0,3158.155346459636,0.008110481882937186,0.0014906018922881436,0.42131206184336845,-0.0010163891360069736,0.3956656021920877,-0.0002390795026576493
1425,0.0,3160.111992400424,0.04898808021127072,0.005003738170344021,0.380666052698209,-0.004164356144603798,0.39116573734392407,-0.0014166624952414938
1426,0.0,3157.7217322804045,0.06526883384987923,0.0019210854806245565,0.413473369430441,0.0052877773359445695,0.39785802696987915,0.0005946694541143251
1427,0.0,3159.5381757607556,0.0663945144089786,0.002733794080153091,0.1845170376505862,-0.002333345045443971,0.3338557301740912,-0.0002837348957531638
1428,0.0,3160.189680340985,0.10193901632655576,0.0035363039367123186,0.2996062354280502,-0.001964926269523605,0.3235808817502789,-0.0007880923078842961
1429,0.0,3163.1705042859207,0.0962338107052314,0.0061465392195718315,0.09713859575420673,-0.005881655522710867,0.2556481959514572,-0.002316161272332267
1430,0.0,3166.564176043063,0.003618655286169327,0.006448842457913636,0.35780767223270005,-0.006152713286986441,0.28629603883583005,-0.0034671268767285193
1431,0.0,3167.861898500628,0.0,0.001752594012112017,0.7175538913432519,-0.000146456841384374,0.4156733945880566,-0.0024709258661252754
1432,0.0,3171.905933485274,0.07044302912298238,0.005689991596645993,0.17341324393829133,-0.004710527143666115,0.342995349393127,-0.0031428062493875273
1433,0.0,3172.8726770581143,0.08167390005847563,0.0024600843780166904,0.32474992514982853,0.0006907822608549822,0.3375217221201374,-0.0019927296963147744
1434,0.0,3175.2901536383915,0.001342268064056242,0.0030597368817108107,0.4724482058684936,-0.0016796226284537658,0.3779996672446443,-0.0018987975759564718
1435,0.0,3174.373835756732,0.06226114539603958,0.0008988934810646364,0.34715586999189635,0.004063872252783757,0.3687465280688199,-0.00010999662733440318
1436,0.0,3172.5790084873984,0.000594906612178807,0.000110217623133724,0.4809995605745525,0.005721720812205668,0.40242243782053966,0.001639518604527618
1437,0.0,3171.0225699019843,0.036593684128423565,0.003461490831323422,0.29760296881098486,0.0032888469312313427,0.3709765971176732,0.0021343171025387355
1438,0.0,3173.0295437734953,0.0013040290419116614,0.006634647404559595,0.5104399297996448,-0.0059779573246358485,0.41281559692226466,-0.00029936522561363954
1439,0.0,3172.6302706714846,0.06510489192753924,0.002874528193112402,0.3517333211455825,-0.001378954468222785,0.39449091418926,-0.0006232419983963831
1440,0.1009395511237745,3176.9866374004423,0.3707124851794552,0.008793003752425787,-0.3125789340798819,-0.008737956825381641,0.1823699597085174,-0.0030576564464919603
1441,0.0,3177.1899795037125,0.003967461264494872,0.0026071306297788628,0.5823943946881835,0.0003529833851212701,0.3023772902024172,-0.002034464497007991
1442,0.0,3182.718484998457,0.014309444430640774,0.008253035871568632,0.3269122224688874,-0.008247891628246773,0.30973776988235824,-0.003898492636379625
1443,0.0,3182.1651190279676,0.0,0.0005150386445975158,0.6610224018241566,0.0034345168160842083,0.41512315946489775,-0.001698589800640475
1444,0.0,3188.6134855620994,0.02667250204412509,0.00950719410252188,0.31400419917957656,-0.009302392541519084,0.38478747137930136,-0.003979730622904057
1445,0.0,3191.5160036009047,0.008602303341755406,0.005768805063443084,0.4756746170422781,-0.004111726095889771,0.4120536150781944,-0.004019329264799771
1446,0.0,3194.62555334587,0.0,0.00376944574526237,0.6474592927049192,-0.00216520385045146,0.4826753183662118,-0.003463091640495277
1447,0.0,3195.2339237152382,0.04436116280974909,0.0010609572439980962,0.5043990457799495,0.003063658533003049,0.48919243659033307,-0.001505066588445779
1448,0.0,3198.027158319898,0.07795289108871575,0.0026639411905730387,0.2243791733625096,-0.0021491405263408224,0.40974845762198603,-0.0016982887698142922
1449,0.0,3198.4530283030194,0.06883903583395357,0.0017755456552793693,0.1488460708959966,0.0007513105968705151,0.3314777416041892,-0.00096340895980885
1450,0.0,3203.431801230135,0.00629087497150904,0.008563250756275623,0.5701267352846668,-0.008563250756275623,0.40307243970833245,-0.0032433614987488818
1451,0.0,3202.693489709652,0.0,0.0003938810595548371,0.5593829130798025,0.0026768400632556258,0.4499655817197734,-0.0014673010301475293
1452,0.0,3210.6446906361352,0.23412484763329056,0.013125362826054072,-0.14372851986127194,-0.013125362826054072,0.2718573512454598,-0.004964719568919492
1453,0.0,3210.9155778101854,0.0,0.0011566094989623934,0.5032987630672754,0.0011709536091712182,0.34128977479200445,-0.0031240176154922784
1454,0.0,3207.130238864101,0.0,1.5220526576489107e-05,0.6405642729134794,0.013187873089279307,0.4310721242284469,0.0017695495959391978
1455,0.0,3209.0107104904396,0.0011712165152036678,0.002860567710726747,0.42910871914500437,-0.0007371954385659213,0.4304831027034141,0.001017526085587662
1456,0.0,3210.140636814826,3.867622823394803e-05,0.004983271936038062,0.4736512226032194,-0.004239690925140866,0.44343353867335566,-0.0005596390176308963
1457,0.0,3211.7299597201522,0.03411747940038088,0.004777735840292359,0.3376019650551934,-0.00434769409951549,0.411684066587907,-0.0016960555421962743
1458,0.0,3212.919067620527,0.07904075094502805,0.0034339751753853665,0.2121394627944936,-0.0018236818348237734,0.35182068544988293,-0.0017343434299845239
1459,0.0,3217.8638552367256,0.025781423336856842,0.00854026008087487,0.2014777098977524,-0.008462652034376206,0.30671779278424377,-0.0037528360113020286
1460,0.0,3222.257118469068,0.20942237367009345,0.007272599242140071,-0.1682126617356034,-0.00718965582734212,0.1642386564282896,-0.004783881956114056
1461,0.0,3222.962082867809,0.0,0.002733220883758209,0.5071267942201022,0.002639856762567621,0.26710509776583335,-0.0025567603405095528
1462,0.0,3231.14182856409,0.14689859175465886,0.01200390161415307,-0.047607202182927355,-0.01195139481544501,0.17269140778120515,-0.00537515068299019
1463,0.0,3231.570266989617,3.867622823394803e-05,0.0007846902854572495,0.47785903356824033,0.001994676579974364,0.2642416955173157,-0.0031642025041008237
1464,0.0,3235.5616553953596,0.0,0.003600696446544193,0.48638913346123513,-0.0025844354461773736,0.3308859269004915,-0.0029902723867237884
1465,0.0,3237.637146175771,0.14889290290948115,0.0027957951516178166,0.03347092565670014,-0.0009033001679730629,0.2416614265273541,-0.0023641807210985706
1466,0.0,3239.660370126027,0.04892162694319784,0.0043659677875151175,0.2815312492397709,-0.0010016752968163682,0.2536223733410791,-0.0019554290938139096
1467,0.0,3242.823956212858,0.016336804424228833,0.00550166801116558,0.28057780159524365,-0.004046639884177586,0.2617090018173285,-0.0025827923309230125
1468,0.0,3248.782752482971,0.0025622923163736372,0.010277511549369846,0.4804061963600682,-0.010269637242891726,0.32731816018015036,-0.004888845804513626
1469,0.0,3256.3644219476737,0.2993493074492355,0.012901034131564437,-0.29174083767872766,-0.012901034131564437,0.14160046082248695,-0.007292502302628869
1470,0.0,3259.406420122166,0.0,0.0016221428197452249,0.4554644256996128,-0.000941094221213825,0.2357596502856247,-0.005387079878204356
1471,0.0,3264.0059279109655,0.06454574555972423,0.003912991126572468,0.14686573862746216,-0.0017614896665016898,0.20909147678817594,-0.004299402814693556
1472,0.0,3267.402322219424,0.05193485791518077,0.003038211104869801,0.24255566173645512,-0.0012851381522149229,0.2191307322726597,-0.0033951234159499653
1473,0.0,3269.707712009101,0.011713117355208415,0.003817542746894603,0.4866269381788499,-0.00018288732085726078,0.29937959404451675,-0.0024314525874221536
1474,0.0,3275.1029228305933,0.04151521942369318,0.0076021251286840195,0.34366755064201576,-0.0076021251286840195,0.3126659810237664,-0.003982654349800713
1475,0.0,3277.598431387682,0.28824565890360654,0.0033179092242011225,-0.04841878835445232,-0.002500269117462132,0.20434055021030076,-0.0035379387800991385
1476,0.0,3281.18804079936,0.03475416400240313,0.0037101369901428923,0.25809970251560393,-0.003182340544116017,0.2204682959018917,-0.003431259309304202
1477,0.0,3285.8301734968322,0.11897503307581715,0.00591397514761752,0.012209867985853528,-0.005842787752576701,0.15799076752708024,-0.0041547178422859515
1478,0.0,3290.0508962035333,0.18387019624987128,0.006065988904448475,0.010862677380742786,-0.005045830615006205,0.11385234048317901,-0.004422051674102027
1479,0.0,3294.1231942653426,0.012585207616973324,0.004066237140087345,0.14593104374436053,-0.003971871056633737,0.12347595146153345,-0.0042869974888615405
1480,0.0,3294.2950678470675,0.0,0.0009314427302312295,0.6829580062534143,0.004426858760632995,0.29132056789909766,-0.0016728406140131796
1481,0.0,3297.433677358775,0.21021463608189667,0.002801516475071809,-0.022393987443473293,-0.0020034457395773195,0.19720620129632638,-0.0017720221516824217
1482,0.0,3301.711113185301,0.05731169474475985,0.007358915789406444,0.16619114067480645,-0.007094948076011552,0.18790168310987038,-0.003368899928981161
1483,0.0,3300.7150783031175,0.0,0.001425338413529618,0.6507722007973025,0.004061299909592595,0.3267628384161,-0.0011398399774090343
1484,0.0,3304.1396005118586,0.03026944071600185,0.005526758552818466,0.4312412098056431,-0.0035776571764628584,0.3581063498329629,-0.0018711851371251815
1485,0.0,3306.1294617404806,0.0,0.0037812004486492408,0.5487279177481565,-0.0028802448691145482,0.41529282020752095,-0.0021739030567219913
1486,0.0,3305.3698455006147,0.13662532391753088,0.0008788577849413948,0.226744453112082,0.003622264311588562,0.3587283100788892,-0.0004350528462288253
1487,0.0,3308.689591245395,0.009700774122465835,0.005210806250742956,0.2987709015842266,-0.004633527415614303,0.3407410875304904,-0.0016945952170444685
1488,0.0,3311.909635402214,0.004054156063365459,0.0062777804776811596,0.31210988023113295,-0.006184637144507609,0.33215172534068316,-0.0030416077952834103
1489,0.0,3313.760184983129,0.0004413314856025168,0.0029651856693065533,0.5721568565755708,-0.0019633746176817312,0.40415326471114943,-0.0027181378420029064
1490,0.0,3318.1534717045542,0.0,0.005893018460286639,0.5388074336467089,-0.0058710834727991445,0.4445495153918172,-0.003664021531241778
1491,0.0,3321.122331976817,0.004587064882747016,0.0034155747428295125,0.4519223873646349,-0.0032010644179921643,0.4467613769836625,-0.0035251343972668935
1492,0.0,3322.1722307899345,0.0,0.0013726974622111122,0.5899280520133242,0.0017762805009334153,0.48971137949256094,-0.0019347099278068007
1493,0.0,3323.399383938616,0.04095261776949636,0.0006842608164228482,0.308533593063679,0.0011960588510580637,0.43535804356389635,-0.0009954792941473413
1494,0.0,3323.459527641129,0.033882067882182114,0.0006415137384821841,0.34635259347044356,0.0019315017651530648,0.4086564085358605,-0.00011738497635721947
1495,0.0,3325.556520465343,0.03473256584306616,0.004501462565894509,0.38893672676745455,-0.003326886411694066,0.4027405040053387,-0.0010802354069582734
1496,0.0,3323.8988662694765,0.009107869430400733,0.0005880350245498518,0.47391601144033346,0.003620732067050191,0.4240931562358371,0.0003300548352442659
1497,0.0,3321.6273927058814,0.056094974033106634,4.226190730714076e-05,0.19759282817995022,0.005843729521602859,0.35614305781907096,0.0019841572411518436
1498,0.0,3320.9684739400277,0.0,0.0017920879944251504,0.6301650900798565,0.0009462670904351537,0.43834966749730664,0.0016727901959368366
1499,0.0,3320.2221939754218,0.0,0.002500352048862674,0.4913404271295114,-0.0005817801247687121,0.45424689538696805,0.000996419099725172
1500,0.0,3319.358479660681,0.0068573788194266645,0.002458858199478672,0.3592717715231737,1.5397572454677637e-05,0.4257543582278297,0.0007021126415440237
1501,0.0,3322.5062830218426,0.3090488066466372,0.007625114924698263,-0.16558725521522458,-0.007625114924698263,0.24835187419491336,-0.001796055628328662
1502,0.0,3325.8583944947613,0.004209998497189186,0.007835988722836779,0.3487291048689451,-0.007640097252341407,0.27846504339712286,-0.003549268115532485
1503,0.0,3327.5791922468616,0.00043522188438690937,0.0031172377641205755,0.5088116902043104,-0.0015662178658864842,0.34756903743927914,-0.0029543530406386845
1504,0.0,3328.204634753159,0.0,0.0024473268929745087,0.6923239082427324,0.002517247108919709,0.4509954986803151,-0.0013128729957711661
1505,0.0,3330.429450669915,0.023135770177816522,0.002785195617236839,0.23493082912479996,-0.0015028790344192421,0.3861760978136605,-0.001369874807365589
1506,0.0,3330.941002379103,0.0,0.0012962293817370145,0.6610065015617705,0.0003589214267606311,0.4686252189380935,-0.000851235937127723
1507,0.0,3332.8881146186422,0.0009745752572769129,0.0034761796167553935,0.6090151051916731,-0.0025940627439879314,0.5107421848141673,-0.0013740839791857855
1508,0.0,3335.00556249465,0.09073741766558084,0.0036307986793718407,0.32129386902235485,-0.003467392141374803,0.45390769007662357,-0.002002076427842491
1509,0.0,3340.174088383444,0.04616919627707922,0.00925300493884303,0.05123049241357903,-0.00925300493884303,0.3331045307777102,-0.004177354981142653
1510,0.0,3343.227210446782,0.028994090935132305,0.004246789643997843,0.41505683717609465,-0.004101118228736482,0.3576902226972255,-0.004154483955420801
1511,0.0,3346.331287896239,0.08562041888027146,0.0038871713340220687,0.23101121403592617,-0.0019423130828695138,0.3196865200988357,-0.003490832693655415
1512,0.0,3347.3983118412953,0.0004553693345490983,0.0011405453568574982,0.5598269644270886,0.002250072263598,0.39172865339731155,-0.0017685612064793905
1513,0.0,3352.0115954044486,0.0,0.006163616775090945,0.7341135985022758,-0.0059010333170760945,0.49444413692880074,-0.0030083028396584014
1514,0.0,3355.4106706161297,0.0017870644346376719,0.005190879630541316,0.49590736691268156,-0.005113809482599142,0.4948831059239649,-0.003639954832540623
1515,0.0,3355.566362732689,0.00797191210680331,0.0009536234956912291,0.3985591866270616,0.0029609549998349115,0.46598593013489387,-0.0016596818828279625
1516,0.0,3356.161410556275,0.0,0.000288030810061181,0.7744500086236698,0.002621090063209317,0.5585251536815266,-0.0003754502990167787
1517,0.0,3360.1246425447584,0.16483844813484178,0.0068134708294611,0.02013267095978836,-0.006512254252268774,0.3970074088650051,-0.002216491484992377
1518,0.0,3359.6226794853865,0.1229480056008982,0.0010176786616324961,0.18834706026209647,0.001529204247041876,0.33440930428413246,-0.001092782765382101
1519,0.0,3359.9652330336658,0.0,0.0010858694902225105,0.6363593056769608,0.0016407246865103899,0.42499430470198096,-0.00027273052981435374
1520,0.0,3360.2377701588393,0.06903486642267602,0.0007291045799010596,0.3636686125370705,0.0005818934752365293,0.4065965970525078,-1.634332829908883e-05
1521,0.0,3361.3150823539986,0.0027388323791621753,0.0037739619780729817,0.38025898063249575,-0.0019596251326789863,0.39869531212650416,-0.000599327869613058
1522,0.0,3360.8026227792425,0.0,0.0008826512197074269,0.7053195977114144,0.0011096204089542105,0.4906825978019772,-8.664338604287742e-05
1523,0.0,3359.64113733808,0.14205192357698307,0.0010619733970433651,0.011303262023082255,0.003047671341020199,0.3468687970683087,0.0008536510320760456
1524,0.0,3362.5111955198167,0.036553439768111574,0.006374091676546513,0.46317072099207107,-0.005924603144492657,0.3817593742454374,-0.0011798252208945652
1525,0.0,3361.6356756129535,0.0029176065981825613,0.0013337611791454673,0.5802292889595093,0.0009839393650894748,0.44130034865965895,-0.0005306958450993532
1526,0.0,3362.130369792386,0.001026617831665374,0.002202129913427001,0.3166087885905489,0.00022048405815978118,0.4038928806389259,-0.00030534187412161286
1527,0.0,3363.692047095408,0.0,0.003602531323471624,0.5007661740282695,-0.0026879636312283125,0.43295486865572896,-0.0010201284012536227
1528,0.0,3363.4356581409165,0.0,0.0017214582100631948,0.8093605184830591,0.0008947134574526516,0.545876563603928,-0.0004456758436417404
1529,0.0,3366.5559348902875,0.10686449052408394,0.0054567198452221315,0.20555772196705455,-0.0054193729830650916,0.44378091111286594,-0.0019377849854687456
1530,0.0,3364.168613556989,0.0,0.0008679344138582255,0.6855385952398309,0.005518572822558862,0.5163082163509554,0.0002991223569395367
1531,0.0,3364.8186235068433,0.0021347457912747137,0.0012628392970272257,0.34502118970556966,0.0006518751994604843,0.4649221083573396,0.00040494820969582096
1532,0.0,3364.607626580348,0.0,0.002593170084530581,0.45793778763609816,0.00011111829964984846,0.46282681214096716,0.00031679923668202916
1533,0.0,3365.8322890662703,0.0,0.0036412303784575362,0.5301971273372422,-0.002986401198966165,0.4830379066998497,-0.000674160894012429
1534,0.0,3367.26617367519,0.04516980212366568,0.004161809777071029,0.15769062771278042,-0.003289168769543188,0.3854337230037289,-0.0014586632566716568
1535,0.0,3371.9099604037347,0.09080647395368718,0.00892550811508337,0.11349668459491365,-0.00891152711751073,0.30385261148108433,-0.0036945224149233786
1536,0.0,3371.8821322021467,0.02030683136527081,0.002203291579714686,0.4295536148569193,0.0017313547462963184,0.3415629124938348,-0.0020667592665574697
1537,0.0,3377.981386708109,0.14744445974240458,0.008772204402435747,0.03216224361367002,-0.008772204402435747,0.24874271182978536,-0.004078392807320953
1538,0.0,3381.033274282599,0.0,0.005651819597288594,0.8242756622070697,-0.00403529184388506,0.42140259694297066,-0.004065462518290185
1539,0.0,3386.7954623095575,0.11980906805426841,0.008068903718307797,0.14844526877875938,-0.007586838276942142,0.33951539849370727,-0.0051218752458857715
1540,0.0,3389.2848975044694,0.0,0.0033365913243066214,0.8030905035092111,-0.000738055064269486,0.47858792999835836,-0.0038067291914008856
1541,0.0,3391.2507763680433,0.029066440821344387,0.0014388466205378096,0.2691898231785016,0.001398319464993651,0.4157684979524013,-0.0022452145944825246
1542,0.0,3392.838815613066,0.00026730066581259277,0.0013045169570746469,0.5072209619589222,0.0007504784220160128,0.4432042371543575,-0.0013465066895329632
1543,0.0,3393.236491734778,0.0,0.0012608739703226259,0.5920055235854749,0.0015663777277491056,0.4878446230836927,-0.0004726413643483425
1544,0.0,3394.202024611507,0.0,0.0013491059189154233,0.6320809113515053,-0.0005892223014073429,0.5311155095640364,-0.0005076156454660426
1545,0.0,3393.611116735107,0.019318124637755747,0.0014484533033467721,0.4491179656270373,0.00174454348225761,0.5065162463829367,0.00016803209285105321
1546,0.0,3396.5653326916145,0.025910694359906287,0.005802466143468969,0.3056615886808467,-0.005632851615899924,0.44625984907230964,-0.0015722330197742401
1547,0.0,3393.4407616906574,0.0,0.0005853810799111404,0.6785186958815318,0.0063999991977650985,0.5159375031150762,0.0008194366454875616
1548,0.0,3396.1439028066284,0.012346633564254165,0.004796288480835601,0.4585552719524135,-0.004027944456236279,0.4987228337662774,-0.0006347776850295907
1549,0.0,3394.762744911553,0.09449880911932514,0.002263582074049592,0.22915954026552324,0.002050281512567507,0.4178538457160511,0.00017074007424953865
1550,0.0,3394.253034885625,0.057072665931024454,0.0022098655874469605,0.25115411229566464,0.0017160084728282932,0.3678439256899352,0.000634320593823165
1551,0.0,3395.184595192487,0.0,0.0032912522138455187,0.6015807234244479,-0.0021450349080478323,0.43796496501028903,-0.00019948605673813418
1552,0.0,3395.060064509266,0.05064311974917859,0.002487400927160713,0.2736963892708116,-0.0003929997761572904,0.3886843922884458,-0.00025754017256388105
1553,0.0,3399.2516400392883,0.004170310324124934,0.0085201174840994,0.4879070065381172,-0.00851392020458787,0.4184511765633472,-0.0027344541821710776
1554,0.0,3397.534399424033,0.000419327990462407,0.00136832090221807,0.43478487517609987,0.003959791219127064,0.42335128614717293,-0.000726180561781635
1555,0.0,3400.3508986357783,0.0,0.003635467499472636,0.46405220372730455,-0.0029890593946334787,0.4355615614212124,-0.001405044211637188
1556,0.0,3399.966728560082,0.0,0.0012122938673026146,0.4990650245504076,0.0016153359183746548,0.45461260035997086,-0.0004989301726336351
1557,0.0,3395.227285016077,0.06695705894830392,1.3681706597023412e-05,0.32831454477384053,0.011358217194325273,0.41672318368413175,0.0030582140374540373
1558,0.0,3393.5279482921414,0.06928290020462043,0.0008578181207240559,0.4041338132816837,0.003932578186465044,0.41294637256339733,0.003320523282157339
1559,0.0,3388.5288222792396,0.04166065669618257,0.0004154288943673343,0.3533878879574853,0.007090851101108606,0.39507882718162374,0.004451621627842719
1560,0.0,3385.66773263325,0.1633202802031057,0.00041620720906523386,-0.12471875334673313,0.0023162407757371844,0.23913955302311668,0.0038110073722110584
1561,0.0,3382.655531525826,0.0,0.0015016371239361308,0.47484906236073204,0.001479521137621457,0.30985240582440127,0.0031115615018341776
1562,0.0,3383.3667532107493,0.018647414709707846,0.006244877594425255,0.40010920503910286,-0.005581159585553845,0.3369294455888117,0.0005037451756177706
1563,0.0,3384.50759696651,0.007356383159413274,0.006591808247758212,0.40055499158009883,-0.005638957104562373,0.35601710938619785,-0.0013390655084362724
1564,0.0,3384.922379849145,2.83716189450344e-05,0.002247004824243783,0.5269038886948785,-0.0013330711672399182,0.407283143178802,-0.0013372672060773662
1565,0.0,3384.871484319952,0.07342777716643198,0.0023251212292301608,0.3325946569502833,0.001556611724027089,0.38487659731024637,-0.0004691035270460296
1566,0.0,3384.581303559272,0.004209998497189186,0.001626781355266422,0.58351357028494,0.0020170759047073955,0.44446768920265445,0.00027675030247999795
1567,0.0,3385.3656571688825,0.0,0.002570525175514795,0.5733327282373132,-0.0011569517752863321,0.48312720091305206,-0.00015336032084990105
1568,0.0,3388.9198948937865,0.09869491228883845,0.007686553478598443,0.3069526206426591,-0.007686553478598443,0.43027482683193413,-0.0024133182681744633
1569,0.0,3390.1832725913146,0.0,0.0028939853859993696,0.654092633471654,-0.0023717316077904497,0.4974201688238501,-0.002400842270059259
1570,0.0,3390.928111515763,0.0,0.0015181829595498578,0.6030614496675044,0.0010621605313332733,0.5291125530769464,-0.0013619414296414992
1571,0.0,3394.9513735961864,0.13026615766145827,0.006074863095806109,0.14069750955347693,-0.00582417107666782,0.41258804001990557,-0.0027006103237493953
1572,0.0,3396.811746067506,0.013934209827294786,0.003072569512767302,0.41522169042932816,-0.0023445615625503576,0.41337813514273236,-0.0025937956953896836
1573,0.0,3401.0330790632333,0.06537301260854149,0.0058779585179608435,0.1948861439312305,-0.005873233166550326,0.3478305377792818,-0.003577626936737876
1574,0.0,3399.8443701873703,0.0,1.7137998077627179e-06,0.6504588128386695,0.005327415129776076,0.4386190202970981,-0.0009061143167836902
1575,0.0,3399.8610383121036,0.0911204921279876,0.0006148033533607972,0.23239024644624243,0.0037297242291065135,0.37675038814184136,0.00048463724698337104
1576,0.0,3400.7588636528108,0.084071401802119,0.0020457279939139626,0.23494193677324954,-0.0009467935984475874,0.3342078527312638,5.5207993354083494e-05
1577,0.0,3400.1209028597723,0.0005785914866650213,0.002314807098372697,0.5169498802354027,0.0008219541868322362,0.3890304609825055,0.0002852318513975293
1578,0.0,3400.282959815955,0.0,0.001973768408733523,0.7019933532584023,-0.0004070116455995414,0.48291932866527454,7.755880229840805e-05
1579,0.0,3401.3334184673167,0.05885055656345848,0.0027981627014238993,0.35959751431168274,-0.002488803652304734,0.44592278435919697,-0.0006923499340825346
1580,0.0,3402.1714476605193,0.0,0.004042273737017629,0.441368829832414,-0.0017978366576464058,0.444556598001162,-0.0010239959511516958
1581,0.0,3404.635103332927,0.0,0.004991938776300411,0.5539962075944335,-0.004368751638214405,0.4773884808791434,-0.0020274226572705085
1582,0.0,3406.0066586800417,0.0015023043552395423,0.0030212591491279466,0.4407269530138995,-0.0017062685799863933,0.4663900225195702,-0.001931076434085274
1583,0.0,3407.339056357764,0.07770938518382009,0.0026119362455691974,0.24834167126486031,-0.0005834683758447163,0.40097551714315716,-0.0015267940166131064
1584,0.0,3408.4214434902665,0.06644886215048716,0.0026899003922319174,0.3065656946240878,-0.00017981882318251151,0.3726525703874363,-0.001122701458583928
1585,0.0,3408.6490598997843,0.0,0.0008902153179413111,0.5277023427055018,0.0011629888082503102,0.4191675020828559,-0.0004369943785336565
1586,0.0,3412.5384649709085,0.0711315973167811,0.0071050774580797525,0.1797345593827107,-0.006915238446377853,0.34733761927281237,-0.002380467598886915
1587,0.0,3411.532350096379,0.13240677083036048,0.0015643208207683063,0.13855689638457475,0.0026504612828627382,0.28470340240634107,-0.000871188934362019
1588,0.0,3410.4705627686744,0.0,0.00013181172769363329,0.5895374116247122,0.004728010220490782,0.37615360517185237,0.0008085708120938212
1589,0.0,3408.7577983432884,0.0,0.0001526919297376366,0.448356990816523,0.004442057242343147,0.39781462086525354,0.0018986167411686188
1590,0.0,3408.0664459740315,0.0,0.0015010889870430608,0.6785836423806595,0.0005189471424724134,0.48204532731987526,0.001484715861559757
1591,0.0,3407.126375856767,0.010178718825917938,0.0017263246923249862,0.4360894317324376,-8.110952198100399e-05,0.46825855864364396,0.0010149682464975288
1592,0.0,3409.0271142670676,0.014097026196453085,0.005951288321552611,0.4777035603995438,-0.00554874105418928,0.47109205917041386,-0.0009541445437085138
1593,0.0,3411.0874658027587,0.05306492133710498,0.005699076398205872,0.2719606887100694,-0.005309901600136586,0.4113526480323105,-0.002260871660636935
1594,0.0,3414.1626783601414,0.06656316970064634,0.005573250965913541,0.24226126604736933,-0.0053185892756576975,0.36062523343682806,-0.0031781869451431638
1595,0.0,3416.807200444593,0.03614998454178336,0.003629238530626079,0.35472046203375895,-0.003021921906729801,0.3588538020159073,-0.0031313074336191547
1596,0.0,3418.482065325023,0.0,0.00300438427910694,0.5775173818886927,-4.821928997191957e-05,0.4244528759777429,-0.002206380990524984
1597,0.0,3422.1265964137933,0.009168810764864109,0.004266930138554855,0.4447519923911218,-0.004239061983645299,0.43054261090175655,-0.0028161852884610785
1598,0.0,3425.439611978716,0.0,0.005148463929497049,0.4622473647921088,-0.004486461174773774,0.4400540370688622,-0.003317268054354887
1599,0.0,3428.723080896511,0.022085096835382404,0.005139303342041987,0.3325744533906593,-0.003768814400993739,0.40781016196540126,-0.0034527319583465424
1600,0.0,3428.5453997016534,0.000691413120854776,0.0012811288457222052,0.5884232816686873,0.0039695205441708774,0.461994097876387,-0.0012260562075913164
1601,0.0,3431.4770103171386,0.03230735084996527,0.003012114547932411,0.33217430194707026,-0.0024598406503342006,0.42304815909759197,-0.0015961915404141816
1602,0.0,3430.3051197742675,0.0,0.0009003326023392837,0.7721023330383939,0.003785088494740114,0.5277644112798325,1.8192470132107064e-05
1603,0.0,3431.681609226023,0.0,0.003072377442177224,0.6048771141626094,-0.0012057448561485543,0.5508982221446656,-0.00034898872775209134
1604,0.0,3437.894958756309,0.2250566811324596,0.012948887480825948,-0.1783780788549968,-0.012948887480825948,0.3321153318447668,-0.004128958353674248
1605,0.0,3443.748012504648,0.0,0.011658292119563029,0.7316990299304074,-0.011658292119563029,0.45199044127045895,-0.006387758483440881
1606,0.0,3447.0783860916868,0.10858237920139392,0.0029315348164635335,0.19427713735583726,-0.0023711234177757525,0.3746764500960724,-0.005182767963741342
1607,0.0,3451.52463401619,4.324664433768831e-05,0.0035742973125314765,0.46286996079338383,-0.0023931527573092127,0.4011345033052658,-0.004345883401811704
1608,0.0,3457.7749530857773,0.015392214688523045,0.0075179793305870865,0.3591588331859933,-0.007441702957666529,0.38854180226948404,-0.0052746292685681515
1609,0.0,3459.3947014256646,0.02176865625899291,0.003119135628648422,0.3510750751072682,0.0013722623883112588,0.3773017841208193,-0.0032805617715043283
1610,0.0,3461.480158176203,0.0014273950971294047,0.0014710298338218377,0.5601198143415776,0.0012863939982832061,0.43214719318704675,-0.001910475040568068
1611,0.0,3461.772796603243,0.005624752149517034,0.0010589014913267596,0.5087490684875956,0.0028871915823405134,0.4551277557772114,-0.0004711750536954936
1612,0.0,3465.1985222216176,0.0018160131516702306,0.005619274710250449,0.500767537113204,-0.005127217910450587,0.4688196901780092,-0.0018679879107220217
1613,0.0,3468.0848419297076,0.01887979514203951,0.007126597310182041,0.334435124860495,-0.005444525881308413,0.4285043205827549,-0.002940949301897939
1614,0.0,3471.2244024366964,0.024710032533841898,0.00488493698094455,0.332946289040821,-0.004472390761646107,0.3998369111201747,-0.003400381739822389
1615,0.0,3470.3450565792436,0.22539556578211403,3.647856692473576e-06,0.20486565421073208,0.005037141964996516,0.3413455340473419,-0.0008691246283767174
1616,0.0,3471.7399866852993,0.009524531272879893,0.002122991144182183,0.42432013639583493,0.0006721734508819869,0.3662379147518898,-0.000406735204599106
1617,0.0,3474.5021193514026,0.0,0.00631379678962902,0.5853778384314003,-0.0048321575996317775,0.431979891855743,-0.0017343619231089075
1618,0.0,3474.4345796869907,0.008497534615712378,0.002034155437460319,0.5075074474679891,0.00063665521911074,0.4546381585394168,-0.0010230567804430132
1619,0.0,3475.173865988867,0.015435991888557288,0.002345636121552022,0.4901876938990421,0.00030907457351480287,0.4653030191473043,-0.0006234173742556684
1620,0.0,3472.7697285991762,0.12262962580078839,1.9291258730776538e-05,0.2606276487691429,0.006100279432077443,0.40390040803385585,0.001393691667644265
1621,0.0,3473.9240274009676,0.2072504536463968,0.0032905849385038355,0.21070392281577452,-0.0018134665583676018,0.3459414624684314,0.0004315441998407049
1622,0.0,3473.878553758286,0.0013040290419116614,0.002484634755304101,0.6505892579196692,-0.001375006406536783,0.4373358011038027,-0.00011042098207254147
1623,0.0,3477.18662080026,0.004052911298115518,0.007471433462726369,0.43567908812910283,-0.007336730671358842,0.43683878721139274,-0.0022783138888584314
1624,0.0,3478.9195799654817,0.009797434724787963,0.004268209527538884,0.44674461236023083,-0.003400379992518725,0.43981053475604415,-0.0026149337199565196
1625,0.0,3480.705050164721,0.00283168177503328,0.0022179774483972368,0.43377922442873346,-0.0012375303758553424,0.4380011416578509,-0.002201712716726166
1626,0.0,3481.664007600349,0.021542582769988914,0.00232941833638319,0.39803567503704673,0.0008177993305916087,0.42601150167160967,-0.0012958591025308335
1627,0.0,3483.0152159738113,0.017470990066903405,0.001812876150347688,0.2782926409051529,-0.00046757256885051755,0.3816958434416726,-0.0010473731424267387
1628,0.0,3485.5835472036592,0.00033933963283480894,0.00470714542804058,0.5653030591200501,-0.003957196282778568,0.43677800814518586,-0.0019203200845322875
1629,0.0,3487.185047851312,0.0,0.003538314270363939,0.6088709915709306,-0.0021654326557263128,0.4884059031729093,-0.001993853855890495
1630,0.0,3488.4492163277573,0.08200400095484413,0.002191515761969575,0.3372527777807607,-0.0005502736605454707,0.44305996555526467,-0.0015607797972869877
1631,0.0,3492.056467871553,0.01656900598121981,0.005666409362886314,0.5227003959027073,-0.005373143791468751,0.46695209465949744,-0.0027044889955415165
1632,0.0,3493.33093483619,0.0030691947026178696,0.003290850225649426,0.4068330520706618,-0.0009166401793378182,0.4489163818828467,-0.002168134350680407
1633,0.0,3497.707796074791,0.0,0.006294370008103349,0.5690849646338506,-0.006210945945452212,0.4849669567081478,-0.0033809778291119487
1634,0.601671295731335,3501.837565921996,0.37846702466126547,0.006628372393267278,-0.3280042201389941,-0.00620433982350443,0.2410756036540052,-0.004227986427429693
1635,0.0,3501.6848072364573,0.028872274448404293,0.000527953074233309,0.32696462729760206,0.004016265268006334,0.26684231074708425,-0.0017547109187988845
1636,0.0,3503.121110400597,0.0,0.0032594623062988035,0.453435852619118,0.0014849672248981296,0.3228203733086944,-0.00078280747568978
1637,0.0,3504.758587202831,0.09418517540694649,0.002717686328739644,0.10469714718421218,-0.0015509691527515368,0.2573834054713497,-0.001013255978808307
1638,0.0,3506.905539980286,0.00026730066581259277,0.005177992532243204,0.4859680625033539,-0.0036151748334031027,0.3259588025809509,-0.0017938316351867457
1639,0.0,3507.580766571007,0.06216063658697284,0.0022719168932687586,0.39524539198638414,-0.0002765041012776058,0.34674477940258086,-0.0013386333750140035
1640,0.0,3510.1005860185305,0.07735123064524667,0.003425157111418376,0.10169781514594796,-0.003325272838394897,0.273230690125591,-0.0019346252140282714
1641,0.0,3510.3237022787803,0.11018798886475589,0.0008965267765127348,0.2660579454999029,0.0010101936073698635,0.27107886673788456,-0.0010511795676088308
1642,0.0,3511.222633576013,0.21623455562404795,0.002972300199132266,0.08275366670827203,0.00018626021069533872,0.2145813067290008,-0.0006799476341175798
1643,0.0,3510.3209737179686,0.020414692896246953,0.000861950699219204,0.42747141557510937,0.0030017679052734983,0.27844833938283337,0.00042456702769974364
1644,0.0,3514.9760899550884,0.15256245067139104,0.00903989705881117,-0.07259798065265616,-0.00900757033461503,0.17313444337218648,-0.0024050741809946885
1645,0.0,3512.391394091755,0.0,0.0008458280187009138,0.6315327893766818,0.005042737152298575,0.31065394717353506,-0.0001707307810067094
1646,0.0,3512.732450724435,0.0,0.001671280930229207,0.6819217699179968,0.0018018647363286522,0.4220342939968736,0.00042104787419389904
1647,0.0,3510.206016698215,0.0,0.00037395201608259775,0.6366362560615396,0.005423705123414957,0.48641488261627336,0.0019218450489602162
1648,0.0,3510.268928542429,0.008049860855965593,0.001614999001752076,0.45483045305805064,-0.0006497347547716504,0.47693955374880653,0.0011503711078406562
1649,0.0,3512.0007867265854,0.061430225899010066,0.006253092106002165,0.1518435634130532,-0.005657891939151361,0.37941075664808055,-0.0008921078062569488
1650,0.0,3508.690374993745,0.06998956679659593,0.0003434364440719929,0.3226547179875359,0.005735559031343404,0.3623839450499171,0.0010961922450231569
1651,0.0,3510.5672920580546,0.009469566813933314,0.003933346468477479,0.3390744644109418,-0.0030266395960038043,0.35539110085822445,-0.00014065730728493153
1652,0.0,3510.3631973900588,0.006457864843013224,0.0025768132782293157,0.42842819311167585,-0.0007108089757705417,0.3773022285342599,-0.00031170280783061454
1653,0.0,3513.199490446007,0.1522789106916544,0.006258707648682307,-0.03732353686122797,-0.005749438221144309,0.2529144989156135,-0.001943023431824723
1654,0.0,3514.4939629296578,0.0,0.002912820852110663,0.7590308312204648,-0.0022911679397885905,0.4047493986070689,-0.002047466784213883
1655,0.0,3518.1085849487436,0.0030691947026178696,0.005459559257060477,0.36132327438581985,-0.005421168682270022,0.39172156134069414,-0.0030595773536307245
1656,0.0,3519.322765964963,0.008602303341755406,0.002929697680613174,0.4326707391502167,-0.0002692834938324578,0.40400631468355086,-0.0022224891956912447
1657,0.0,3520.4726201104772,0.037818263911051475,0.0014860850688317075,0.24101469088289648,0.0008841339900304594,0.3551088275433545,-0.0012905022399747332
1658,0.0,3522.6135500549876,0.03538920349694631,0.0026674123911311068,0.42054095863820784,-0.0020914068788852893,0.37473846687181045,-0.0015307736316479
1659,0.0,3524.1427163762883,0.004756901729110527,0.0028999723585097933,0.4138911610192696,-0.0017777077680848612,0.38648427511604816,-0.0016048538725789885
1660,0.0,3529.5233556493804,0.02959921186706276,0.009548446939525706,0.19706582390110897,-0.009548240374617503,0.3296587397515664,-0.003987869823190542
1661,0.0,3533.8471319852815,0.03458928933916077,0.007190928133201152,0.4064308839800933,-0.007169983339890801,0.35269038302012445,-0.00494250387820062
1662,0.0,3537.044276537517,0.06421434243403108,0.002898250883233087,0.333757388368104,-0.0023007490897431924,0.3470104846245183,-0.004149977441663391
1663,0.0,3544.3098400993276,0.22878295383815386,0.009815233487242612,-0.08294187734257738,-0.009815233487242612,0.21802477603438958,-0.0058495542553371575
1664,0.0,3544.1253041710934,0.0,0.0017324579602154206,0.5083523692589746,0.004951074446193382,0.3051230540017651,-0.0026093656448779954
1665,0.0,3546.871351256628,0.022598968590412705,0.00333676541493166,0.3700757505550266,0.0004810778229828906,0.32460886296774355,-0.0016822326045197295
1666,0.0,3552.025852444136,0.011210012894711328,0.008003068850974378,0.3081159977127874,-0.007950361902039953,0.3196610033912567,-0.003562671393775796
1667,0.0,3553.299598241969,0.0,0.0019503246165210085,0.7690077968136836,-0.0007528668077029065,0.4544650414179847,-0.002719730017953929
1668,0.0,3555.495545122946,0.0010503222553650514,0.0024056714428992037,0.3388436098169532,-0.0007504512161046479,0.41977861193767524,-0.0021289463773991445
1669,0.0,3558.7596725084345,0.0,0.005021057414020073,0.6255286382132736,-0.0038785071853398943,0.4815036198203547,-0.0026538146197813695
1670,0.0,3557.447473072527,0.006007774671631087,0.00012286211711951632,0.3531795498446014,0.005061976910422427,0.4430063988276287,-0.00033907716072023066
1671,0.0,3559.3170812831245,0.0021576474811093815,0.002178113127933573,0.46659456364400365,-0.0011164986614422864,0.4500828482725412,-0.0005723036109368474
1672,0.0,3560.935275854036,0.063877635436578,0.00324088547378944,0.2446513464452163,-0.002994187329859484,0.38845339772434373,-0.0012988687266136383
1673,0.0,3563.898406792331,0.0,0.005596897408153416,0.4294326251703375,-0.005522920329779941,0.40074716595814186,-0.002566084207563529
1674,0.0,3566.968491351851,0.2846747629601453,0.004973447928952666,-0.09616270120086698,-0.004936101066795625,0.2516742058104392,-0.0032770892653331577
1675,0.0,3571.995069052993,0.03255373179971183,0.0077562231992649,0.3900560233154255,-0.007662487108445227,0.2931887510619351,-0.004592708618266778
1676,0.0,3573.7447003857756,0.015091111693791083,0.003728314213442322,0.42882999516228215,-4.0067766146690883e-05,0.3338811242920392,-0.0032269163626307516
1677,0.0,3574.333916517569,0.02385803658722839,0.0019891237475492276,0.2918083340716802,0.0036909927179006596,0.32125928722593144,-0.0011515436384713282
1678,0.0,3573.555836280195,0.0004553693345490983,0.000815258528527349,0.47870771891160485,0.005030352690538715,0.36849381673163345,0.0007030252602316848
1679,0.0,3574.93270444354,0.0,0.0022161500352552693,0.5507858055162307,-0.001698243436070302,0.4231814133670126,-1.7355348658911244e-05
1680,0.0,3573.064810564911,0.020396633848842625,0.000566634782040029,0.3341212366124676,0.0031598507405947184,0.39646336034064905,0.0009358064781171776
1681,0.0,3573.1655948426037,0.0,0.002172075804678748,0.684350244301431,-0.0002308806935938447,0.48282942552888364,0.0005858003266038709
1682,0.0,3573.512917030743,0.025998468009773824,0.0026902183524530558,0.35196609370625087,-0.001722794653604702,0.44357042598209373,-0.0001067781674587009
1683,0.0,3570.8303505939643,0.0,0.00014553529002146655,0.8664420164246549,0.004982920493387816,0.570431903114862,0.0014201314307952541
1684,0.0,3571.17654356121,0.0,0.0025316796472601875,0.5924920085557063,-0.0006691802336091169,0.5770499347471153,0.0007933379314739428
1685,0.0,3572.9758310213597,0.039793925274854036,0.005360832295517562,0.21072203900581854,-0.005260874862867918,0.4671515660247263,-0.0010229259068286157
1686,0.0,3571.860152475606,0.0013040290419116614,0.0016978582222394632,0.6524968032558853,0.0015405585378189997,0.522755137194074,-0.00025388057343433105
1687,0.0,3572.901911701584,0.30890861018153437,0.0026719116179289974,-0.20957992036466908,-0.0010942055439484507,0.30305461992645105,-0.0005059780645885669
1688,0.0,3573.4457005933714,0.0004553693345490983,0.002504226918150647,0.489564601530587,-0.0008473521745371898,0.3590076144076918,-0.0006083902975731537
1689,0.0,3570.4164768215596,0.040483523510127475,0.0006195103481444323,0.3239781156997143,0.006863292937619111,0.3484987647952985,0.0016331146729845255
1690,0.0,3570.257731405496,0.0964604198752918,0.0016949228148008541,0.3625167683557937,0.0008964130653969459,0.35270416586344705,0.0014121041907082515
1691,0.0,3568.0243558244147,0.061859258952558095,0.0010229997402650766,0.21005760157705847,0.0028928670016152218,0.30991019657753044,0.0018563330339803424
1692,0.0,3567.6544211339246,0.0,0.0014386080996269639,0.6537381811193184,-0.0007775918032160512,0.4130585919400668,0.0010661555828214242
1693,0.0,3568.748300850553,0.0,0.00466668879610229,0.5904611974081297,-0.004257019469323678,0.46627937358048566,-0.0005307969328221064
1694,0.0,3571.6063719559343,0.0004553693345490983,0.007044634487757386,0.5154927679283579,-0.007042776996116319,0.48104339188484724,-0.00248439095181037
1695,0.0,3571.582209408133,0.0,0.0012179169625975072,0.49760711155972853,0.0007067684026017742,0.48601250778731164,-0.0015270431454867267
1696,0.0,3576.59861326596,0.03967261347054904,0.007970066415444529,0.2847441503541996,-0.007799307331275623,0.425632000557378,-0.0034087224012233955
1697,0.0,3577.437858824343,0.0,0.0021688432776657044,0.579375017640524,-1.5728203364604307e-05,0.47175490568232176,-0.002390824141865758
1698,0.0,3579.030910815471,0.0,0.0014273849207696251,0.6511960031038798,0.0003315118590023689,0.5255872349087891,-0.0015741233416053197
1699,0.0,3583.0102502547343,0.0013433346415042899,0.005893679181484918,0.5678146375192361,-0.005734260211455521,0.5382554556919232,-0.0028221644025603803
1700,0.0,3587.595666757798,0.04418296882026061,0.00784016044089415,0.276611037078285,-0.007795649050437016,0.45976213010783173,-0.0043142097969233704
1701,0.0,3590.971388471413,0.0,0.004428035195945945,0.5604837534665531,-0.0039132402424914186,0.4899786171154481,-0.004193918930593785
1702,0.0,3597.3311819981495,0.008996575023906623,0.008580854686797805,0.464258267250405,-0.008580854686797805,0.48226251215593513,-0.005509999657454991
1703,0.0,3600.705277007973,0.0,0.002907580294181943,0.5469655390712708,-0.00243111573203695,0.5016734202305357,-0.004586334479829578
1704,0.0,3604.896628371101,0.005515735115298068,0.004132555142151478,0.47069551764344003,-0.0028013017600094212,0.492380049454407,-0.004050824663883531
1705,0.0,3607.899331806203,0.04376823643216809,0.0033887222884242756,0.42516114371929925,-0.001309416045644959,0.47221437773387465,-0.0032284020784119592
1706,0.0,3611.095547159999,0.0036656592088933296,0.002730870674180837,0.4581408255486505,-0.0023046562089284878,0.4679923120783074,-0.0029512783175669175
1707,0.0,3610.7182849598253,0.0,0.0009903397423883691,0.7182168759544392,0.004271851678605593,0.5430596812411469,-0.0007843393187151643
1708,0.0,3615.006981306267,0.03346350664799156,0.0058672527183691444,0.3556337767359646,-0.0058278550026750545,0.4868319098895922,-0.0022973940239031316
1709,0.0,3616.329100576438,0.0,0.0035314177952010532,0.5676553902114515,-0.0018416702715320008,0.51107895398615,-0.002160676898191792
1710,0.0,3619.3515063492773,0.006981405135188086,0.004758258868689278,0.45482257804699716,-0.003813531714424672,0.49420204120440414,-0.002656533343061656
1711,0.0,3617.1935970830305,0.0,0.00021365933122934153,0.4721994122263614,0.00685703829625802,0.4876012525109913,0.00019753814873424685
1712,0.0,3620.0961810827716,0.0,0.0037270791197573394,0.7392638966434361,-0.0032880585233009997,0.5631000457507247,-0.0008481408528763271
1713,0.0,3623.26194435481,0.06188205743998706,0.006799626616715157,0.37131923485249163,-0.006765769852808733,0.5055658024812547,-0.0026234295528560487
1714,0.0,3624.6450187336295,0.0,0.002686104147522719,0.493902603018376,-0.0018886153360917314,0.5020668426423911,-0.0024029852878267536
1715,0.0,3625.9428479898584,0.0,0.00232438835322554,0.5380921256292448,0.00012905255407469812,0.5128744275384471,-0.001643373935256318
1716,0.0,3626.015260862274,0.0,0.0020310396157341296,0.7201122960994633,0.002420723437922145,0.5750457881067519,-0.0004241447233027792
1717,0.0,3631.5247027139085,0.006670133144690584,0.009955762377582384,0.3360321179863279,-0.00974848331154107,0.5033416870706247,-0.0032214462997742664
1718,0.0,3634.501317098723,0.0,0.005788693365283205,0.724041779749974,-0.0056252356191002165,0.5695517148744293,-0.0039425830955720515
1719,0.0,3635.1165786626907,0.05726358132290341,0.0009622794307521921,0.3624524967978891,0.0022381525996480467,0.5074219494514672,-0.002088362387006022
1720,0.0,3636.011452451449,0.0007691487382295372,0.0019089252877392585,0.49040005109016716,0.0023295520974329744,0.5023153799430772,-0.0007629880416743231
1721,0.0,3635.8022552597977,0.0568558631159319,0.0018981236685421613,0.19828767666886288,0.002642996137474291,0.4111070689608129,0.0002588072120702612
1722,0.0,3633.5854090900416,0.0019318084127633896,0.0003527312498013029,0.5886525357993337,0.0054024250965660535,0.4643707090123691,0.001801892577418999
1723,0.0,3635.9629121538414,0.07731724723711311,0.005410246198771955,0.21369287812701135,-0.005297801086214668,0.38916735974676175,-0.0003280155216711009
1724,0.0,3635.758693602472,0.07234930556032858,0.0027929428802892196,0.1658897101462,-0.0014378488060558811,0.3221840648665932,-0.000660965506986535
1725,0.0,3637.8887014616516,0.04267637210581825,0.004377711862775204,0.04442830387679513,-0.004068293308759633,0.23885733656965374,-0.0016831638475184644
1726,0.0,3639.7416109639344,0.003618655286169327,0.005252023040450459,0.4131605341213742,-0.0031015905663308264,0.2911482958351699,-0.002108691863162173
1727,0.0,3636.0932432684504,0.009125947259328762,0.00034746479634516805,0.46572803242787547,0.009441923867721386,0.34352221681298156,0.0013564928561028947
1728,0.0,3638.0843888062795,0.04328294184941665,0.002793750933633054,0.3330683106669628,-0.00200818638202098,0.3403860449691759,0.0003470890846657323
1729,0.0,3637.3855231421294,0.0,0.0016206347875404605,0.5809131941119623,2.8494696677315848e-05,0.4125441897120118,0.00025151076826920735
1730,0.0,3637.8052763821975,0.0004553693345490983,0.0024779950549057403,0.3759966408087552,-0.0012465166620121478,0.4015799250410348,-0.00019789746081519922
1731,0.0,3640.6174606672134,0.008602303341755406,0.006387622325252775,0.39500122782966907,-0.006112461916530285,0.399606315877625,-0.001972266797529725
1732,0.0,3648.53135050291,0.2501468655150362,0.016198949519455212,-0.2444729251394033,-0.016198949519455212,0.2063825435725165,-0.006240271614107371
1733,0.0,3650.839151339872,0.038604145181266585,0.0027688937744716046,0.31100591856096993,-0.002493462512322989,0.2377695560690525,-0.005116228883572056
1734,0.0,3652.2478868754706,0.00024803753682076416,0.0009343863497920737,0.5346201101971211,0.0037785934356800643,0.32682472230747306,-0.00244778218779642
1735,0.0,3655.9797035253014,0.07012541747926637,0.0035576398822222285,0.2579116809376605,-0.002343222008935235,0.30615080989652926,-0.0024164141341380643
1736,0.0,3661.5747565206093,0.027582633163573442,0.009021617246190772,0.22480491094305322,-0.009005903372347848,0.2817470402104864,-0.004393260905600999
1737,0.0,3663.080217973079,0.037579943461384206,0.004272371517227708,0.33659172838640533,-0.00043622743185051625,0.29820044666326206,-0.0032061508634758542
1738,0.0,3668.349092896058,0.10229451602002441,0.006266919693560079,0.06850638544851878,-0.006266919693560079,0.22929222829883908,-0.004124381512501121
1739,0.0,3670.2950062595896,0.2513427338645947,0.002966154589481556,-0.043330009547714717,-0.0005423964615500178,0.14750555694487294,-0.00304978599721579
1740,0.0,3674.299300854847,0.04120827760959335,0.004477835295881879,0.1420406418108107,-0.003918975248046469,0.14586608240465426,-0.0033105427724649935
1741,0.0,3678.822871092807,0.028556300133196117,0.007443881883984284,0.20687501394084445,-0.006109304966464151,0.16416876186551133,-0.004150171430664741
1742,0.0,3683.1073377178764,0.0033067742964658546,0.0055200168010807495,0.4104022758589796,-0.005304566271299677,0.2380388160635518,-0.0044964898828552214
1743,0.0,3685.7218229439686,0.0016828225256576366,0.004559134056284282,0.32632724588410006,-0.0009363952356300665,0.26452534500971625,-0.0034284614886876744
1744,0.0,3688.100966069945,0.027562214926838902,0.0017475685764677317,0.4303871760542046,-0.00012985198911505744,0.31428389432306275,-0.002438878638815889
1745,0.0,3691.160851679844,0.003011096930131425,0.0030535056151236983,0.4194692547041983,-0.0027018276932890195,0.34583950243740336,-0.0025177633551578277
1746,0.0,3695.0894242670333,0.0,0.005539120834746732,0.5585432324606527,-0.005539120834746732,0.40965062144437814,-0.003424170599034499
1747,0.0,3695.645773470942,0.0,0.002293792605539027,0.5345286146525525,0.0016062830951061582,0.4471140194068304,-0.0019150344907923017
1748,0.0,3701.961272176188,0.11254518480906756,0.00951065149148532,0.1700777423505113,-0.00951065149148532,0.3640031362899346,-0.004193719591000207
1749,0.0,3701.546178857676,0.08422128978453307,0.0005443333960727872,0.3253113307752118,0.0030343436577664326,0.35239559463551773,-0.0020253006163702156
1750,0.0,3700.9128989447363,0.0,0.0014494869706979051,0.6814178490139322,0.0057721785849314386,0.4511022709490421,0.00031394314402028085
1751,0.0,3700.918041228734,0.0,0.0006405337143793848,0.7176007558161804,0.0020858940860562984,0.5310518164091835,0.000845528426631086
1752,0.0,3698.5017098958274,0.0013040290419116614,0.0016954908929902926,0.6508234714787267,0.004671769150758373,0.5669833129300464,0.001993400643869272
1753,0.0,3701.5894571177937,0.03381908662966142,0.007412958125637808,0.2604632076513577,-0.007396623850332231,0.4750272813464398,-0.000823606704391179
1754,0.0,3701.5625337329793,0.0,0.003371269073712878,0.7703811733199186,-0.001986051672983788,0.5636334489384833,-0.0011723401949689616
1755,0.0,3703.506289506689,0.04864754795209235,0.0034029405849603828,0.23440788484075809,-0.0031427200366972567,0.4648657797091657,-0.00176345414748745
1756,0.0,3706.452947305459,0.0003828512517195046,0.004967850389139046,0.5156661792460502,-0.0048442054548663935,0.480105899570231,-0.002687679539701133
1757,0.0,3706.27307027073,0.024528604880361737,0.0015435966692346355,0.44738361287933404,0.002323661873473117,0.4702892135629619,-0.0011842771157488578
1758,0.0,3706.278386458552,0.04037545380976952,0.001983788567521339,0.18488328010705674,0.002837935675715274,0.3846674335261903,2.2386721690381716e-05
1759,0.0,3709.342544096398,0.11240435683272472,0.0067939721207226885,0.03591813918183195,-0.005150972530011214,0.2800426452228828,-0.001529621053820097
1760,0.0,3711.1699908638925,0.034363576532344245,0.004850552125457296,0.21190642448371047,-0.0037667660567987015,0.25960177900113107,-0.0022007645547136782
1761,0.0,3712.1793734439566,0.0009745752572769129,0.003447453936550293,0.41973787176199456,-0.0004178265876249431,0.3076426068293901,-0.0016658831645870577
1762,0.0,3711.9048523879874,0.005515735115298068,0.0008559691439855042,0.47507632054096527,0.0029337937429541956,0.3578727209428626,-0.00028598009232468167
1763,0.0,3713.3993706227366,0.06412013051158914,0.0032001618765182278,0.27069050388280247,-0.001366368855436705,0.33171805582484454,-0.0006100967212582886
1764,0.0,3718.526512837949,0.10181852160416952,0.010358229655468313,0.059837674606611914,-0.010358229655468313,0.25015394145937475,-0.003534536601521296
1765,0.0,3719.2550692944765,1.2103313887342282e-05,0.0029138396241132703,0.5966055692027273,-0.0007350361747253345,0.3540894297823805,-0.002694686473482507
1766,0.0,3721.3281223214176,0.0,0.0016673494066947036,0.4191803286525126,-0.0005247729098136265,0.37361669944342013,-0.0020437124043818427
1767,0.0,3721.6483360084453,0.0,0.0013145865780933815,0.5258401679656522,0.0022250079120860904,0.4192837400000897,-0.0007630963094414626
1768,0.0,3723.5700730221524,0.005515735115298068,0.0029218952738253633,0.5506753564194272,-0.0018429560110993976,0.45870122492589094,-0.001087054219938843
1769,0.0,3723.453819144364,0.01771094178300109,0.0015520817281594356,0.46406224595268364,0.001082381493558032,0.4603095312339287,-0.0004362235058897805
1770,0.0,3724.574055081346,0.013794578840854053,0.0030235657208237954,0.4137991430987106,-0.0011833007435315447,0.44635641479336324,-0.0006603466771823097
1771,0.0,3724.6813297584195,0.007277256908049277,0.0020045887711210614,0.4300982309298989,0.00025842501961589843,0.44147895963432393,-0.00038471516814284724
1772,0.0,3726.2057095358296,8.077607920305683e-05,0.00382973160730346,0.5525432668228785,-0.002471900282199896,0.4747982517908903,-0.0010108707023599617
1773,0.0,3728.408335948287,0.0,0.005093584989447404,0.5932261973923307,-0.004145940446540006,0.5103266354713224,-0.001951391625613975
1774,0.0,3729.8432739430427,0.0,0.002739074069030938,0.4786196655762273,-0.0018551558563813504,0.5008145445027938,-0.0019225208948441875
1775,0.0,3730.750336426068,0.0,0.002731854525980406,0.7455573565010297,0.00022309114099755995,0.5742373881022645,-0.0012788372840916633
1776,0.0,3732.4522072232176,0.0,0.0022961126853191013,0.7131431916056489,-0.001489653341762743,0.6159091291532798,-0.001342082101392987
1777,0.0,3731.6418051355895,0.0,0.0006087787586166549,0.6616805755469095,0.003076379941045454,0.6296405630713687,-1.6543488661454665e-05
1778,0.0,3731.542475528758,0.005515735115298068,0.0030259871886046765,0.38140699787789206,0.0016056281818769829,0.5551704935133257,0.00047010801250007655
1779,0.0,3730.3495564447967,0.0,0.0008700505121359801,0.5440252380072681,0.0024828930584214607,0.5518269168615084,0.0010739435262764917
1780,0.0,3730.482853276196,0.0,0.002281711594776154,0.7919295727449377,-0.0008121452253632871,0.6238577136265372,0.0005081169007845581
1781,0.0,3731.3250580603067,0.11069055270508475,0.0041401702473839435,0.29085469904952116,-0.002894456010968896,0.5239568092534324,-0.0005126549727414782
1782,0.0,3733.3732415193076,0.012475784259924719,0.004876843004228801,0.4550297689970385,-0.004774976687371452,0.5032786971765142,-0.0017913514871304701
1783,0.0,3731.950291426456,0.0,0.0004503352619083222,0.4191619791063231,0.0035731346020111024,0.47804368175545686,-0.00018200566038799825
1784,0.0,3735.1214531491846,0.009990926755375176,0.0060858222163469415,0.4400064134447437,-0.004733012220741892,0.46663250126224287,-0.0015473076284941664
1785,0.0,3735.8462034717836,0.0,0.0029390295405539,0.5804743126754873,-0.0012558361246563098,0.5007850446862162,-0.0014598661773428093
1786,0.0,3736.991377251587,0.016626519205268135,0.002112439341060697,0.3196854636934928,-0.0007131721708530886,0.44645517038839916,-0.0012358579753958929
1787,0.0,3737.3004110885618,0.0,0.0022053770143430343,0.4871424257351845,0.0009283675233432047,0.45866134699243477,-0.0005865903257741636
1788,0.0,3739.5299317889135,0.05689547031619483,0.003772454998821353,0.12054542283024793,-0.0033330414711207784,0.3572265697437787,-0.0014105256693781481
1789,0.0,3738.0421988293915,0.0,0.0006766852053364991,0.5849858228995715,0.0037692471579095508,0.42555434569051653,0.00014340617880816164
1790,0.0,3740.5664030252674,0.04157468402287909,0.004467798021038859,0.17924004732231108,-0.003795436426590081,0.35166005618005486,-0.0010382466028113111
1791,0.0,3739.4149012138914,0.0,0.002981883683228975,0.630526262896947,0.0022928409458924286,0.4353199181951225,-3.892033820018911e-05
1792,0.0,3738.017100746456,0.0,0.0010502065911522928,0.663510599256218,0.00399521286584426,0.5037771225134511,0.0011713196230131455
1793,0.0,3738.5146815159906,0.01177424878817078,0.002869014585572057,0.288504618134997,-0.0010448895685309157,0.43919537119991486,0.000506456865549927
1794,0.0,3740.794386647187,0.05012243512822374,0.006387786508491496,0.2029754260746321,-0.005990612666694734,0.36832938766233003,-0.0014426639941234713
1795,0.0,3743.4698952875247,0.11829758187196522,0.0060414245692306835,0.039747190422281524,-0.0060414245692306835,0.26975472849031545,-0.002822292166655635
1796,0.0,3750.31121378571,0.0069536462987620055,0.012816624526419632,0.37543097480723797,-0.012632376370396754,0.3014576023853922,-0.00576531742777797
1797,0.0,3752.4422624251597,0.0030691947026178696,0.0036466105926321792,0.3705261435601002,-0.0012595754324288763,0.3221781647378046,-0.004413594829173242
1798,0.0,3758.4603127347964,0.006228879111038447,0.006400121642443177,0.41698043495463366,-0.006348166039925932,0.3506188458028533,-0.004993966192399049
1799,0.0,3762.362969302219,0.0013040290419116614,0.004055353249158838,0.4635343848371291,-0.0033249579770586886,0.38449350751313605,-0.004493263727796941
1800,0.0,3767.7190935097497,0.0016789762830520377,0.0062645083489508155,0.5318553456211097,-0.005769324659948733,0.4287020589455281,-0.004876082007442478
1801,0.0,3772.827933193854,0.12574333100507787,0.005782569048567589,0.09719585726721872,-0.005759762875117236,0.3292501984420353,-0.005141186267744905
1802,0.0,3773.2822227841466,0.0,0.00045571981452213956,0.6895603781331965,0.004347031539131567,0.43734325234938365,-0.0022947209256819635
1803,0.0,3778.6084786075558,0.16853259439253393,0.006161255596538591,-0.005145593918479074,-0.005645350564631583,0.3045965984690248,-0.003299909817366849
1804,0.0,3778.630324230336,0.0,0.0008258240022020418,0.37107849419527317,0.0024823188258506273,0.3245411671868993,-0.001565241224401606
1805,0.0,3783.118036557086,0.004742529576816006,0.005863139432123653,0.3509931408773135,-0.005846776236620856,0.33247675929402354,-0.002849701728067381
1806,0.0,3784.939438422776,0.0,0.003652692783218914,0.4873306320168547,-0.002045390039434822,0.37893292111087284,-0.0026084082214776136
1807,0.0,3785.9074904638583,0.018156071765347195,0.0017455923325063573,0.32662654609526004,0.0010603478903773412,0.36324100860618896,-0.001507781387921127
1808,0.0,3789.7637279226583,0.0,0.005288258930632452,0.7085872057567402,-0.005253911917296925,0.4668448677513543,-0.0026316205467338664
1809,0.0,3790.6324635793694,0.0,0.002058425874322269,0.6906853042165585,-0.0001296094829513684,0.5339969986909155,-0.0018810172275991169
1810,0.0,3790.0497459295543,0.0,0.0007107679501786628,0.7185862690774253,0.004033642224446921,0.5893737798068684,-0.00010661939198530561
1811,0.0,3794.3530346345938,0.017674042392207254,0.007007181982735016,0.19173486253814268,-0.007001349382083675,0.47008210462625066,-0.0021750383890148163
1812,0.0,3792.507508102258,0.06840616131419888,0.0001863343835237878,0.4151109759758428,0.004046535408560374,0.45359076603112825,-0.0003085662497422589
1813,0.0,3790.7184036453705,0.0,0.0017026844954052551,0.6622917232931745,0.006005822867477927,0.5162010532097421,0.001585750485423797
1814,0.0,3790.3127196371915,0.0,0.0019150752406554808,0.7292274579997963,0.0011005252569612654,0.5801089746467583,0.0014401829168850374
1815,0.0,3791.2281707807047,0.0016789762830520377,0.004452184878680996,0.49417827039815115,-0.003619020926171661,0.5543297633721761,-7.75782360319722e-05
1816,0.0,3792.01534682154,0.0,0.00437515688828781,0.6355042443449186,-0.0031369081969938573,0.5786821076639989,-0.0009953772243205376
1817,0.0,3790.1305428113255,0.0,0.0010878009165216028,0.4880999756806455,0.004048959734826751,0.5515074680689929,0.0005179238634236489
1818,0.0,3787.5372867392502,0.0,0.0,0.6788807374289768,0.006417887931180995,0.589719448876988,0.0022879130837508525
1819,0.0,3789.4043228993655,0.0,0.004718216146496925,0.4902338376931828,-0.004524492403129487,0.5598737655218464,0.0002441914376867507
1820,0.0,3787.987518922198,0.0,0.002705039285289515,0.43842394583387745,0.0005582575136215958,0.5234388196154557,0.0003384112604672042
1821,0.0,3787.1616773329706,0.0006705448217518301,0.0008195956916892878,0.5300735977193779,0.0014520367607803565,0.5254292530466322,0.0006724989105611499
1822,0.0,3791.1485403833362,0.007772734008722076,0.008810339222960283,0.3503037283017718,-0.008686497205853586,0.47289159562317407,-0.0021351999243632708
1823,0.0,3790.6472677148,0.0,0.001154615139812673,0.7588812945976464,0.00043276502446340135,0.5586885053155157,-0.0013648104397152691
1824,0.0,3792.680005092479,0.0,0.003487300491513937,0.773782264010883,-0.0019538358472973656,0.6232166329241259,-0.001541518061989898
1825,0.0,3791.4641510478077,0.0,0.00032604886499507313,0.5381251826513573,0.004018936720350896,0.5976891978422952,0.00012661837271234016
1826,0.0,3792.8092664829155,0.000691413120854776,0.002214013499438269,0.6641977645313871,-0.0012018516074305788,0.6176417678490228,-0.0002719226213305355
1827,0.0,3796.906013696568,0.022322574030589626,0.008689801070799032,0.3566815315423772,-0.008655454057463506,0.5393536969570291,-0.0027869820521704263
1828,0.0,3800.678186605661,0.133848660857669,0.007950770142955966,0.05726366505130659,-0.007459316577883797,0.3947266873853123,-0.004188682409884437
1829,0.0,3802.684397646321,0.0,0.003429817555500024,0.6000756634107348,-0.0011019715966193732,0.456331380192939,-0.0032626691659049176
1830,0.0,3805.842969499401,0.0009745752572769129,0.003399724165795366,0.3601888911238054,-0.002081202635041273,0.42748863347219895,-0.0029082292066458237
1831,0.0,3810.480670855798,0.05859765199570753,0.006202076127610526,0.12440975427198195,-0.006142087894398932,0.3365649697121338,-0.003878386812971756
1832,0.0,3815.839836707484,0.21695467538313334,0.008140418023543226,-0.1635251424701118,-0.007973923983549482,0.1865379360574601,-0.005107047964145074
1833,0.0,3817.1925519764345,0.0684790858777716,0.0023122324270265474,0.11791877285605011,0.001434623118372429,0.1659521870970371,-0.003144546639389823
1834,0.0,3823.278913380885,0.04376235065404417,0.007436199989834217,0.3882821098166757,-0.007229055186647722,0.23265116391292867,-0.004369899203567193
1835,0.0,3828.853031928155,0.07210415730400398,0.008165289554858575,0.25078409712512356,-0.008155098423964918,0.23809104387658714,-0.00550545896968651
1836,0.0,3832.4028599877674,0.0,0.003855893588713708,0.7527197558310104,-0.0026141026634072494,0.3924796574629141,-0.004638052077802732
1837,0.0,3840.8682792034438,0.05246212552442959,0.011708184769327256,0.27722332425330853,-0.011708184769327256,0.3579027575000324,-0.006759091885260089
1838,0.0,3845.454604709634,0.287712795622022,0.004489315686575001,-0.27727986250442876,-0.004441911728300089,0.16734797149869407,-0.006063937838172089
1839,0.0,3849.2609191489933,0.018081234761697103,0.0031840713067742767,0.46090791888276117,-0.000636436958260968,0.2554159557139142,-0.004435687574198753
1840,0.0,3853.818149727728,0.002318718640188318,0.005041673861133374,0.3358555533937292,-0.0029928081420100487,0.2795478350178586,-0.0040028237445421415
1841,0.0,3852.3987032059126,0.0,0.0002614571354234316,0.5158073929984398,0.0077444724662614544,0.35042570241203297,-0.0004786348813010624
1842,0.0,3855.641928723943,0.0024179675881051458,0.0040829707106777345,0.2746523403606722,-0.002567168641943445,0.3276936937966247,-0.001105195009493777
1843,0.0,3855.4809768429213,0.01213040920891734,0.0030599790469904983,0.41654606769811403,0.0008799442122119874,0.3543494059670715,-0.0005096532429820478
1844,0.0,3858.068518120439,6.18613080098985e-05,0.0049165922711127226,0.5108284078776157,-0.0042182306414822865,0.40129310654023476,-0.0016222264625321192
1845,0.0,3862.5644846767973,0.006981405135188086,0.008863094161575174,0.46406710791336414,-0.008768115428367076,0.42012530695217354,-0.0037659931522826063
1846,0.0,3866.7742332189314,0.0,0.006963980083164532,0.40609412523963645,-0.006923573849630512,0.4159159524384124,-0.004713267361486978
1847,0.0,3864.593653250124,0.01941057889236025,0.0,0.41233692107445136,0.008662170608704492,0.41484224302922407,-0.0007006359704295369
1848,0.0,3872.446592203194,0.11818734629290917,0.011430843107172137,0.09065438100663682,-0.011421442818579125,0.3175858844224479,-0.003916878024874414
1849,0.0,3872.7191058114713,0.027617734674185792,0.001575854435209041,0.3007181950349195,0.0003252957029899281,0.3125255776061894,-0.002644225906515111
1850,0.0,3878.311310131879,0.11240912254018924,0.007766536639238802,0.19486768060738002,-0.0074601683121672795,0.27722820850654656,-0.004089008628210761
1851,0.0,3882.2831888335004,0.0004553693345490983,0.005362128121222822,0.41843801710363804,-0.0053499699495828616,0.319591151085674,-0.004467297024622391
1852,0.0,3883.2379903779906,0.011315067205307174,0.0007986864070321101,0.35428863580284686,0.0024563514793913234,0.3300003965008258,-0.002390202473418277
1853,0.0,3881.9143515816395,0.0,0.001325595012725519,0.5381738415306573,0.007510606996106106,0.3924524300097752,0.0005800403674390382
1854,0.0,3881.170467456062,0.0,0.00029311396871015925,0.5830751776141674,0.004015384489453675,0.44963925429109286,0.0016106436040434291
1855,0.0,3880.036387979606,0.0,0.0008548891478911895,0.7433554614883222,0.0016913467096995062,0.5377541164502616,0.0016348545357402523
1856,0.0,3876.999361389368,0.004279728596484623,0.0008733441243248936,0.572549033367307,0.004581266036461682,0.5481925915253751,0.0025187779859566816
1857,0.0,3874.115910633063,0.013691944171489012,0.000402531228414204,0.37168301606340104,0.004199266518158008,0.49523971888678286,0.003022924545617079
1858,0.0,3874.4411508207872,0.1990886964345064,0.0054796419186467485,0.012759844857727094,-0.0034272659825313073,0.3504957566780661,0.0010878673871725628
1859,0.0,3873.004332236943,0.0,0.0019683552651518447,0.826379186150591,-0.00020083549314048018,0.49326078551982355,0.0007012565230786499
1860,0.0,3872.3837494081836,0.0008025694663849865,0.0018177809725186157,0.5020580509168712,0.00013046667648217196,0.4958999651389378,0.0005300195690997064
1861,0.0,3871.5978885950562,0.0,0.0017389871633281167,0.6351564337135829,0.0008846503337624936,0.5376769057113313,0.0006364087984985427
1862,0.0,3867.2278315637627,0.0,0.00038254051411700603,0.6820077728595954,0.008525664730779264,0.5809761658558105,0.0030031855781827593
1863,0.0,3869.2243631437027,0.004842569879360137,0.00557252196049103,0.526695407064686,-0.00494749935573664,0.5646919382184731,0.0006179800980069393
1864,0.0,3867.3818286143546,0.0022451289862991343,0.001064417470343233,0.659061277086887,0.000684546121452135,0.5930027398789972,0.000637949905040498
1865,0.0,3865.6568676097118,0.0,0.00035629103412199555,0.5354006741805978,0.0029233582448725095,0.5757221201694773,0.0013235724069901014
1866,0.0,3866.7189419086785,0.059910888136517286,0.0031196564849432775,0.30712602573080083,-0.002932334790889846,0.49514329183787437,4.680024762611715e-05
1867,0.0,3866.9041217781796,0.004362526376747364,0.004929715681588738,0.45604999245905564,-0.0017664626623934262,0.4834153020242288,-0.0004971786253797458
1868,0.0,3865.9235146581364,0.0,0.0011363629846544098,0.32558458011848246,0.0020148970182041043,0.43606608545250486,0.0002564440676954092
1869,0.0,3866.7438557482587,0.0,0.0031618589397327443,0.4948683556670581,-0.0012018347058047535,0.4537067665168708,-0.00018103956435463963
1870,0.0,3871.202940609249,0.012297836631613407,0.0096981396012076,0.3149499317028475,-0.009549346049063757,0.4120797160726638,-0.0029915315097673745
1871,0.0,3870.7286307500194,0.0,0.0015701371497996478,0.7405995856812827,0.0013013755658371738,0.5106356769552494,-0.0017036593870860097
1872,0.0,3872.6911071101244,0.021941041312510828,0.002886581539161666,0.41138212469729424,-0.0009013279530819426,0.4808596112778628,-0.0014629599568847895
1873,0.0,3872.657565586956,0.0,0.0009462069900869694,0.7610664530177257,0.0019054800330183992,0.5649216637998216,-0.0004524279599138328
1874,0.0,3876.9225549711296,0.08144184958001105,0.007366624417181085,0.1502830377033883,-0.0073426267636107784,0.44053007597089155,-0.0025194876010229163
1875,0.0,3880.4311048051313,0.0016789762830520377,0.006733221045883716,0.37960631573125914,-0.006733221045883716,0.4222529478990018,-0.003783607634481156
1876,0.0,3889.441064613223,0.3099371211714742,0.015988633031022086,-0.283253367598598,-0.015988633031022086,0.21060105324972184,-0.007445115253443435
1877,0.0,3893.34114857247,0.0051597270304716775,0.004527493862420663,0.39829419616309564,-0.003873703826953324,0.266908996123734,-0.006373691825496401
1878,0.0,3898.7151561580295,3.867622823394803e-05,0.003756678537840422,0.4694427050894628,-0.003174950254850479,0.32766910881345257,-0.005414069354302624
1879,0.0,3901.1307827172045,0.060314005534259627,0.001457240806492538,0.3117361627187517,0.0018322932097079557,0.3228892249850423,-0.00324016058509945
1880,0.0,3907.3330221459814,0.01359989876782758,0.007168297522064995,0.33702051504968855,-0.007146669874840806,0.32712861200443616,-0.0044121133720218565
1881,0.0,3907.7235077860373,0.0,0.001269442494246846,0.46679620456954807,0.002745493583196055,0.3690288897739697,-0.002264831285456483
1882,0.0,3909.1814149900747,0.04001267652555203,0.0018193259573205233,0.4266020811446348,0.0016530127243394265,0.3863008471851692,-0.0010894780825177102
1883,0.0,3912.546949925797,0.011704522624376674,0.0048464265353538654,0.5155373230876349,-0.004606936940299658,0.4250717899559089,-0.0021447157398522946
1884,0.0,3914.7911829853274,0.0,0.004088718041051046,0.5637078429776211,-0.0034512493822379774,0.4666626058624225,-0.0025366758325679993
1885,0.0,3917.435548372182,0.13313554109668083,0.00331229132945895,0.1517368232386395,-0.003169320833910262,0.3721848710752875,-0.002726469332970678
1886,0.0,3919.4315572072574,0.0,0.0023961142186897954,0.5074016912447611,-0.0014023781919421422,0.41274991712612963,-0.002329241990662117
1887,0.0,3920.7346143948125,0.0,0.0022911225950892587,0.6675053333633593,0.00022242149738250927,0.4891765419972985,-0.001563742944248729
1888,0.0,3920.97343836158,0.021438315067862864,0.0011719765469464297,0.5213314189524473,0.0019938997655173808,0.4988230050838431,-0.000496450131318896
1889,0.0,3923.0897814847626,0.0,0.0035145390344286,0.39446241373352714,-0.0027594638508991265,0.4675148276787483,-0.001175354247192965
1890,0.0,3921.321045411032,0.0,0.000331882198590729,0.68942558700085,0.004250975467361256,0.5340880554753789,0.00045254466717330134
1891,0.0,3922.113869546197,0.0,0.002057464716891789,0.7564824584135816,-0.00044624563523183833,0.6008063763568396,0.0001829075764517594
1892,0.0,3921.5499249498434,0.0,0.0017682230856684272,0.481522285111003,0.0006958627317445228,0.5650211489830885,0.0003367941230395884
1893,0.0,3920.3324434574465,0.0,0.0023276012033070018,0.5340585440398867,0.002331857961896707,0.555732367500128,0.000935313274696724
1894,0.0,3921.067583481966,0.0,0.0028913377380480588,0.7249425999592656,-0.001921340315693461,0.6064954372378693,7.83171975796684e-05
1895,0.0,3919.9197413289216,0.0,0.0018732953533879837,0.5800225327811546,0.0014137899411332054,0.5985535659008548,0.0004789590206457294
1896,0.0,3918.732810207967,0.0,0.0011089665798907637,0.6746660797712299,0.002371236128650296,0.6213873200619674,0.0010466421530470993
1897,0.0,3917.6021515234056,0.0,0.0008330878941769502,0.6245655138507897,0.0018130131899535054,0.6223407781986141,0.0012765534641190211
1898,0.0,3917.9390657764707,0.0015982005054701936,0.0034335898091707845,0.419264573064186,-0.001845346664314703,0.5614179166582857,0.00033998342558890394
1899,0.0,3916.4607494272464,0.0025622923163736372,0.0011346577983596736,0.37877921872344894,0.0017359165596935542,0.5066263072778346,0.0007587633658202989
1900,0.0,3919.18517499091,0.002098645849303127,0.006271654536027739,0.49375682913352625,-0.00606165113286388,0.5027654638345421,-0.0012873609837849545
1901,0.0,3919.3073443267535,0.0013040290419116614,0.0026991604317733882,0.5866025475014115,-0.0009912579147448803,0.5279165889346029,-0.001198530063072932
1902,0.0,3920.767210419961,0.0009745752572769129,0.003917508925683967,0.4514423095208895,-0.0016504479167783932,0.5049743051104888,-0.0013341054191845702
1903,0.0,3928.490842851097,0.09073609553113553,0.014786844356700237,0.17241141533618692,-0.014786844356700237,0.4052054381781982,-0.00536992710043927
1904,0.0,3928.0525903373323,0.0,0.0011397214111051339,0.7497185845591549,0.0025264661778463047,0.5085593820924852,-0.003001009116953597
1905,0.0,3932.6751241676625,0.07686973144981028,0.004928831083351003,0.2699523770953299,-0.003911562703691444,0.43697728059333857,-0.003274175192974951
1906,0.0,3936.050726441604,0.0010830872472145604,0.004479456215759186,0.3968408165988857,-0.0037700296075108305,0.4249363413950027,-0.0034229315173357148
1907,0.0,3936.5942540295155,0.0,0.0016265127992164214,0.6041295349071297,0.0024208721644232273,0.4786942994486407,-0.001669790412808032
1908,0.0,3935.85415246431,0.0,0.00034322300694026816,0.570281844937984,0.0051770065252696295,0.5061705630954436,0.00038424866861526646
1909,0.0,3938.6000263491774,0.0,0.004322813175694393,0.7682797946085492,-0.003997215941324819,0.5848033325493753,-0.0009301907143667591
1910,0.0,3936.620183605127,0.0,0.0015464195699979115,0.5369622627646077,0.003763171300063538,0.570451011613945,0.00047781788996233
1911,0.0,3938.171656823682,0.026579522058902138,0.0036071694969984107,0.43525258201041306,-0.002283196289938898,0.5298914827328853,-0.0003504863640080384
1912,0.0,3940.258889687838,0.016988102502147173,0.004888877330813393,0.17614493842110324,-0.004831525170535384,0.42376751943935065,-0.001694798005966242
1913,0.0,3941.490234890428,0.018346461168958605,0.003313181581809855,0.4906066738170334,-0.002129595959306405,0.44381926575265546,-0.0018252373919682907
1914,0.0,3942.5230094064254,0.0,0.0020617335224605944,0.7575699211537725,-0.00031014742744749335,0.5379444623729905,-0.0013707104026120514
1915,0.0,3942.1210789626048,0.0,0.0011642756733243238,0.7155939183842558,0.0027957569747019398,0.5912392991763701,-0.00012077018941785398
1916,0.0,3943.4515189847293,4.504947081230708e-05,0.0036848938599319254,0.38324546162903445,-0.0013388946188126855,0.5288411479121693,-0.0004862075182363035
1917,0.0,3947.312302094165,0.13455305160955022,0.00864130987221613,0.05049721118123395,-0.007897237217421684,0.38533796689288863,-0.002709516427991918
1918,0.0,3949.7860926714197,0.010188473989731143,0.0052376260059406364,0.48193531575665577,-0.004534367686617987,0.41431717155201875,-0.0032569718055797383
1919,0.0,3952.0011047122885,3.867622823394803e-05,0.0030239120367178385,0.3153459289983285,-0.0016564883140854924,0.38462579878591163,-0.0027768267581314643
1920,0.0,3953.7354061728047,0.0,0.0012341776865318192,0.649699296087534,-0.00010474796367451596,0.4641478479763983,-0.0019752031197943797
1921,0.0,3954.3581899622404,0.0009745752572769129,0.0010690600006429112,0.6481302124678421,0.0016773617750535,0.5193425573238314,-0.0008794336513400158
1922,0.0,3954.7941405318315,0.0,0.00245681376243805,0.7582744632331179,0.0011859159652781344,0.5910221290966173,-0.00025982876635457066
1923,0.0,3953.6944141164518,0.0,0.000479408163981819,0.6401634936764853,0.0032179996174505356,0.6057645384705777,0.0007835197487869611
1924,0.0,3953.7030101045934,0.0,0.001653495989792057,0.7448575628326142,0.00022010000012534533,0.6474924457791886,0.0006144938241884764
1925,0.0,3952.561812980968,0.0,0.0015996653354275721,0.6314506974074487,0.0015357236932245716,0.6426799212676666,0.0008908627848993049
1926,0.0,3950.0905862990917,0.0,0.0010005350179384308,0.8030905035092111,0.004471171904341904,0.6908030959401299,0.0019649555207320846
1927,0.0,3947.9780580029355,0.0,0.001547471776141708,0.5701353788462112,0.0033912454026918414,0.6546027808119543,0.0023928424853200117
1928,0.0,3945.1219370540357,0.0,0.0005825670177000946,0.7600167560216509,0.0038037215392237858,0.6862269733748633,0.0028161062014911437
1929,0.0,3945.554327895949,0.0,0.003950408631789786,0.5667768047357741,-0.003510696267923171,0.6503919227831365,0.0009180654606668495
1930,0.0,3943.1369093877092,0.07039690674923918,0.0008801470148296211,0.20575180509465518,0.002064591871418315,0.5169998874765921,0.0012620233838922892
1931,0.0,3938.906195096786,0.0013040290419116614,0.0005756094493115585,0.47170756296663646,0.007805085610232808,0.5034121901236054,0.0032249420517944443
1932,0.0,3936.2790400435456,0.0,0.0007829328195978608,0.6197995328380359,0.004024259417204922,0.5383283929379346,0.0034647372614175875
1933,0.0,3933.5953940903432,0.01106308242119318,0.001094220992225516,0.4732063449609286,0.0020872503793266267,0.5187917785448328,0.0030514911967902993
1934,0.0,3932.509038697813,0.02071279421418427,0.001950465510582471,0.18692121177321866,-0.0014730063794051978,0.41923060851334853,0.00169414192393165
1935,0.0,3932.7905037984788,0.0191363934464134,0.003917445481743407,0.28553013488674817,-0.003835611536540128,0.3791204664253684,3.521588579011672e-05
1936,0.0,3932.696800692835,0.04055118995822106,0.0050671904155448096,0.41898684721244717,-0.0015709836959119222,0.391080380661492,-0.00044664398872049495
1937,0.0,3934.0825939347696,0.002278604299188574,0.003111733978727263,0.46984294498789186,-0.002905142302198451,0.4147091499594119,-0.0011841934827638819
1938,0.0,3931.352974453035,0.0,0.00020062605586833033,0.6970287943675763,0.006201302803646054,0.4994050432818612,0.0010314554031590987
1939,0.0,3930.623207840997,0.0,0.0012337248450057427,0.7285105444649228,0.0027109046778256373,0.5681366936367797,0.0015352901855590602
1940,0.0,3929.8171706939506,0.0,0.0022266783173146777,0.8408365586748409,0.0005408409203249744,0.649946653148198,0.0012369554059888344
1941,0.0,3930.0061042066204,0.022972327582047515,0.002685926291232272,0.41412959114458187,-0.0020444119032684126,0.5792015345471131,0.0002525452132116603
1942,0.0,3934.119539753732,0.046325193743463756,0.00986867532160524,0.09233082837333945,-0.00986867532160524,0.433140322694981,-0.0027838209472334095
1943,0.0,3933.117875330614,0.0,0.0018314906226620789,0.7439589386380965,0.0019397254905360343,0.5263859074779156,-0.0013667570159025763
1944,0.0,3933.2366347703264,0.06981283782722045,0.00189434809121264,0.3399369762811683,0.0027093461962966084,0.47045122811889134,-0.0001439260522428208
1945,0.0,3933.659261770328,0.0,0.0016501455580098595,0.4884625994573455,0.0005492292270719847,0.47585463952042756,6.402053155162086e-05
1946,0.0,3935.446987510612,0.004209998497189186,0.004459728595771678,0.5300022438338634,-0.0035771731766538607,0.4920989208144583,-0.0010283375809100235
1947,0.0,3937.5492141114137,0.0,0.004728228436658791,0.5457201202352925,-0.004403479406164779,0.5081852806407086,-0.00204088012848645
1948,0.0,3941.017855600816,0.0795430738410454,0.0069741225246752,0.27740502428530583,-0.006070114784120275,0.4389512037340877,-0.0032496505251765973
1949,0.0,3941.6321785820514,0.0,0.0012128515306014877,0.4978126287113164,0.0009814793614814367,0.4566096312272563,-0.001980311559179187
1950,0.0,3943.170138573649,0.0,0.0015110013160542029,0.8039898771973386,0.0002634822961959985,0.5608237050182809,-0.0013071734025666313
1951,0.0,3945.240490749656,0.0010245383943969782,0.002304371905384247,0.28248642471755453,-0.002195943600762644,0.477322520928063,-0.001573804462025435
1952,0.0,3947.4565018138137,0.0021080023118117816,0.004734808910476913,0.4860670278212555,-0.003189475570070447,0.4799458729960207,-0.0020585057944389386
1953,0.0,3951.446989969421,0.0,0.00659086129916852,0.7993392880602387,-0.006588366268137555,0.5757638975152861,-0.0034174639365485236
1954,0.0,3956.154398014482,0.013940578096112485,0.0075319343866375905,0.31301431039265537,-0.007520428893980131,0.4969390213784969,-0.004648353423778005
1955,0.0,3960.344280062641,0.0033583433767859746,0.005131497319417421,0.5779111704868326,-0.004975381273768779,0.5212306661109976,-0.0047464617787752374
1956,0.0,3965.3701136622517,0.09353079838785425,0.0060088037988381155,0.06717003522626652,-0.00543068260863867,0.3850124768455782,-0.004951728027734267
1957,0.0,3969.6849330111963,0.004209998497189186,0.004051689454062922,0.44545381992820443,-0.0038386539562544836,0.40314487977036606,-0.004617805806290332
1958,0.0,3975.6447082901504,0.0,0.007065739893670052,0.9161166251172169,-0.007065739893670052,0.5570364033744213,-0.005352186032504248
1959,0.0,3975.578354417342,0.0,0.0004010273614463735,0.8534162986889441,0.005171459367924799,0.6459503719687781,-0.002195092412375534
1960,0.0,3984.8403664967163,0.08125875499676291,0.013638602819583248,0.12317371833814864,-0.013629202530990234,0.48911737587958926,-0.005625325447959944
1961,0.0,3985.029332903304,0.008285434177099746,0.001537481525725465,0.37722672426876375,0.002127263142833856,0.45555018039634154,-0.003299548870721804
1962,0.0,3993.6948442223375,0.2786633485578941,0.012056026176993225,-0.23394762154478058,-0.012055953370082976,0.24870083981400487,-0.005926470220530155
1963,0.0,3996.3730509407974,0.0,0.003670631892092335,0.7323633712793185,-0.0018956309972671557,0.3937995992535989,-0.004717218453551255
1964,0.0,4001.6496810811514,0.0009745752572769129,0.0054075776315007425,0.6136340682590359,-0.004623022210454224,0.45974993995522995,-0.004688959580622145
1965,0.0,4002.3819213699367,0.0051245846327472745,0.0012920906244564764,0.37901608593281033,0.003583641936671582,0.43552978374850404,-0.002207179125434027
1966,0.0,4003.0310351180583,0.0,0.000732956693371158,0.6136931199121863,0.0036239783847878287,0.4889787845976087,-0.00045783187236747027
1967,0.0,4002.4726510167006,0.0,0.0008481677881105558,0.7238330556141043,0.0034815214615047697,0.5594350659025573,0.0007239741277942016
1968,0.0,4003.975472548096,0.0,0.0037066228790028563,0.6578018448895965,-0.002684135578682312,0.588945099598669,-0.0002984587841487525
1969,0.0,4004.7339923512154,0.06751039044463644,0.0036658445582063177,0.20669730205482614,-0.002321953523611061,0.47427076033551613,-0.000905507205987445
1970,0.0,4008.575480279112,0.044698784999264746,0.007670125952537458,0.2454561866523478,-0.007654475816047138,0.4056263882305656,-0.0029301977890053526
1971,0.0,4007.620550449539,0.0,0.000968159892816104,0.4474728475434513,0.0030547653923891746,0.41818032602443134,-0.0011347088345869942
1972,0.0,4012.7458561606777,0.0,0.007842010727601757,0.3644452048846272,-0.007578151333217054,0.4020597896824901,-0.003067741584176012
1973,0.0,4014.048243506977,0.0,0.002744104068805702,0.7839175686670904,-0.001403496036088609,0.5166171233778702,-0.002568467919749791
1974,0.0,4015.837469210225,0.03359306717498101,0.0025919861313098798,0.3895527814164437,-0.00042496990159430196,0.47849782078944225,-0.0019254185143031443
1975,0.0,4019.177746841324,0.010819924043887387,0.005196459884543211,0.39395141066609957,-0.004203198543619856,0.4531338977524394,-0.0026087525230981574
1976,0.0,4024.8873019922617,0.0031972903208518032,0.00979728272632431,0.3772781999170067,-0.00978056425692567,0.43037718840180955,-0.004760296043246411
1977,0.0,4025.7625593459925,0.0,0.0009155024499982555,0.9570820037418342,0.0010923433930895934,0.5883886330038168,-0.003004504212345609
1978,0.0,4030.0511447019694,0.003954606196419513,0.003963401618906594,0.3154776380350014,-0.0038507234377221384,0.5065153345131722,-0.003258369979958567
1979,0.0,4030.018807949959,0.010773785301579922,0.0004423993262719017,0.526176494355007,0.0033328255370465333,0.5124136824657226,-0.001281011324857037
1980,0.0,4033.141735801757,0.0,0.004640509787977618,0.7520173741001511,-0.0030585888235874206,0.5842947899560511,-0.001814284574476152
1981,0.0,4029.5305141978374,0.0,5.557278671548129e-05,0.6626713700553536,0.008933360328829097,0.6078077639858418,0.0014100088965154228
1982,0.0,4032.6108877318434,0.0,0.004948705283288122,0.42159771752219566,-0.004586315468121654,0.5519447500467479,-0.0003888884128757002
1983,0.0,4032.231669766385,0.00477415318315419,0.0018304043802355357,0.44676909593051106,-0.0006625181552962398,0.5203920538118768,-0.0004709773356018621
1984,0.0,4033.9666572577344,0.051083733612817254,0.00402702358118053,0.3570436275290759,-0.0031898411212493063,0.47138752592703653,-0.0012866364712960953
1985,0.0,4035.7697547913053,0.04287707495595112,0.004504196560896329,0.527606591256914,-0.0032122419507165908,0.4882532455259998,-0.001864318115122244
1986,0.0,4037.1871843570057,0.0,0.0025573846451140696,0.6760732915221956,-0.0015350520161455084,0.5445992593248585,-0.001765538285429223
1987,0.0,4037.5529124617874,0.0,0.0020032745490626155,0.786459323265076,0.0012536285801819699,0.6171572785069237,-0.0008597882257458651
1988,0.0,4041.2283130708533,0.014353217432920954,0.006911264825193803,0.3845874145057978,-0.005782157712158097,0.5473863193065859,-0.0023364990716695346
1989,0.0,4041.1100881700077,0.0,0.0024354706406698656,0.56354187594334,0.0012392687398999186,0.5522329862976121,-0.0012637687281986986
1990,0.0,4043.838490119023,0.0,0.003341468176414534,0.757965410563406,-0.0031976604971188705,0.6139527135773503,-0.00184393625887475
1991,0.0,4046.108000698462,0.02603458892943763,0.0033541025972888324,0.157218067341467,-0.0033348906045041426,0.47693231970658523,-0.0022912225625635677
1992,0.0,4045.4956946567168,0.0,0.00041356401085009914,0.645774416620606,0.0032918721300714488,0.5275849487807914,-0.0006162941547730627
1993,0.0,4050.0895817040937,0.016679877070577057,0.007240652255925695,0.3860760689539996,-0.007158228922916124,0.48513228483275384,-0.002578874585215981
1994,0.0,4050.494819327281,0.00026730066581259277,0.0040012425067980344,0.6431015376104465,-9.481886270141637e-05,0.5325230606660616,-0.0018336578684616113
1995,0.0,4052.829489590027,0.006981405135188086,0.0024978142983807143,0.3663358410400502,-0.0021011662766017365,0.48266689477825814,-0.0019139103909036489
1996,0.0,4050.7465372917595,0.0,0.00023583884676985097,0.596593359989895,0.006329290500659741,0.5168448343417491,0.0005590498765653681
1997,0.0,4054.0651354931574,0.08603451265783445,0.00547331856497717,0.3451676943910394,-0.004943383340578052,0.46534169235653616,-0.001091680088577658
1998,0.0,4054.1289713729116,0.0007952122249759616,0.0027944489289531012,0.4589419442486655,-0.0006698483672193493,0.46342176792417494,-0.0009651305721701654
1999,0.0,4058.3685032077733,0.0004553693345490983,0.007995978917329593,0.5171577301852729,-0.007654977456521058,0.47954255660250433,-0.0029720846374754334
2000,0.0,4058.3269570899547,0.0,0.002066320626692683,0.8133859058553619,0.001215735618027727,0.5796955613783615,-0.001715738560824485
2001,0.0,4063.703427321645,0.0,0.008168626427443385,0.7005353133401537,-0.008033569045283899,0.6159474869668992,-0.003611087706162309
2002,0.0,4068.919816001301,0.014390931755247851,0.00893290260186829,0.424467977388421,-0.008929786760667689,0.5585036340933557,-0.005206697422513923
2003,0.0,4071.9092036889206,0.007772734008722076,0.0029719696672806297,0.6252442794834357,-0.0022493955960167407,0.5785258277103796,-0.004319506874564768
2004,0.0,4075.3660619984294,0.002523449941210966,0.0028660299653169,0.33068209237788204,-0.0015981655432499688,0.5041727071106303,-0.003503104475170328
2005,0.0,4080.50043035251,0.0,0.006266981022468522,0.6043970537011524,-0.006051151723531166,0.534240011087787,-0.00426751864967858
2006,0.0,4081.3710737410224,0.025218901925927472,0.002579811058293599,0.393040434426101,0.002013040045971857,0.4918801380892811,-0.0023833510409834485
2007,0.0,4078.9354890679897,0.02109860467673069,0.0,0.4090983312201977,0.009618772955607147,0.46704559602855605,0.00121728615799373
2008,0.0,4078.252060096196,0.0,0.0011911972373570515,0.704351467683285,0.0038557474356780653,0.5382373575249747,0.0020088245412990305
2009,0.0,4076.351479428236,0.016430045602594007,0.0014324069534946834,0.4031570503027779,0.0026078356211191546,0.4977132653583156,0.002188527865245068
2010,0.0,4073.6979173299455,0.0,0.0007982610906678992,0.43003660161853274,0.00334454014653412,0.4774102662363807,0.0025353315496317833
2011,0.0,4073.4540692996025,0.0,0.0030857582382993755,0.36384896368812336,-0.0018773386109827092,0.44334187547190346,0.0012115305014474354
2012,0.0,4071.273410847023,0.0,0.0010150079829316378,0.5331744687146891,0.0018515876411126764,0.4702916534447391,0.0014035476433470078
2013,0.0,4072.011294043617,0.0,0.004224738079546494,0.5377131423665548,-0.0028577487503839696,0.49051810012128383,0.00012515872522771458
2014,0.0,4070.7197731921938,0.0,0.0017680428058005758,0.8101478797209779,0.0012234246984271682,0.586407034001192,0.00045463851718755065
2015,0.0,4070.4225624660507,0.0,0.002903272755678173,0.5192354475366996,0.0004698720691363243,0.5662555580618442,0.00045920858277218274
2016,0.0,4071.0755192477413,0.0028130034661500033,0.003588535966554361,0.38147497847413847,-0.001853042108207459,0.5108213841855325,-0.00023446662452170975
2017,0.0,4069.6644407764047,0.0,0.0010525149982894833,0.6569351830658512,0.002471173984252105,0.554655523849628,0.0005772255581104346
2018,0.0,4069.636444273543,0.0,0.0012510130237395197,0.6512150981170975,0.00027851104991670874,0.5836233961298688,0.0004876112056523168
2019,0.0,4070.972218489973,0.00043522188438690937,0.0035525562991496904,0.5298150919296886,-0.0034044567074960246,0.5674809048698147,-0.0006800091682921857
2020,0.0,4069.600887175039,0.01709108423805068,0.0008074905675101538,0.38551280227558155,0.0023773456155706026,0.5128904740915448,0.00023719726686665082
2021,0.0,4069.576290974731,0.005709504332915832,0.001836949925328888,0.5077090039037854,0.0007497017481598901,0.5113360330352169,0.00039094861125462256
2022,0.0,4070.8185606197717,0.00926200603519158,0.004243971419914183,0.3697926409370443,-0.0028514317722912676,0.4688730154057651,-0.0005817655038091445
2023,0.0,4070.6225985833235,0.001000388899710814,0.0013930697842448334,0.5054443557053847,2.5256335203407132e-05,0.47984441749565093,-0.00039965895210537897
2024,0.0,4068.3342136302194,0.003146205149591304,0.00043210295774837677,0.5550030448075628,0.005390126841771918,0.5023920056892245,0.00133727678605781
2025,0.0,4069.7655257814213,0.05724202964410187,0.0032658748797781993,0.20017512837034,-0.002621308772646906,0.4117269424935591,0.0001497011184463953
2026,0.0,4068.8313356871763,0.0,0.0007793419026988677,0.7509127603104195,0.0005469951642652851,0.5134826878386172,0.00026888933219206224
2027,0.0,4072.7999244878347,3.867622823394803e-05,0.008435035721928165,0.6336087448689752,-0.008435035721928165,0.5495205049477245,-0.002342288184044006
2028,0.0,4074.9404634799434,0.0101056792502802,0.005803170649137251,0.3570598973189267,-0.004641953946925689,0.49178232265908517,-0.0030321879129085105
2029,0.0,4075.514506383554,0.0,0.001115836939417903,0.6693885183870039,0.0013703019722286166,0.5450641813774607,-0.0017114409473673723
2030,0.0,4078.9687388650887,0.036838217298187446,0.004862063146545975,0.16833821505329555,-0.003966478554442996,0.4320463914802112,-0.0023879522294900594
2031,0.0,4079.3603776833693,0.0,0.0010218255682433815,0.8022781598135649,0.0010663347916511359,0.5431159219802173,-0.0013516661231477009
2032,0.0,4081.129926193263,0.001146622338888181,0.0028428656330841493,0.5353173386054219,-0.0011427897347621584,0.5407763469677787,-0.001289003206632038
2033,0.0,4083.656066140487,0.013513014717958127,0.004261772058596915,0.39681555852307426,-0.0038010975448278753,0.4975881104343673,-0.002042631508090789
2034,0.0,4081.416184029444,0.0,0.000737349548512721,0.6336850059584832,0.006094242384418447,0.538417179091602,0.0003984306596619819
2035,0.0,4079.502599239105,0.0,0.0005719568205496847,0.610132693743311,0.006097774856648375,0.5599318334871147,0.0021082339187578998
2036,0.0,4083.0570800920386,0.0,0.007930133586707862,0.6067893522551416,-0.007908043460708138,0.5739890891175228,-0.0008966492950819116
2037,0.0,4084.302215693455,0.00026730066581259277,0.0051782453309731965,0.44893979981318344,-0.004752749114361758,0.536474302326221,-0.0020534792408658654
2038,0.0,4090.444506110876,0.09702849944188988,0.011776867052214538,0.31172205092715594,-0.011776867052214538,0.4690486269065014,-0.004970495584270467
2039,0.0,4097.7245106705095,0.03310599635580881,0.01282053130732316,0.23682513881069692,-0.01282053130732316,0.39938158047776007,-0.0073255063011862746
2040,0.0,4101.383479842639,0.0031316532505354443,0.004978119012712304,0.37600454038075853,-0.0021400234457720486,0.3923684684486596,-0.005769861444562006
2041,0.0,4104.137491854705,0.0,0.0010426108486498705,0.6954413114628171,0.002133621598786588,0.48329032135290684,-0.003398816531557428
2042,0.0,4112.635444586143,0.022339441767167022,0.011552178496928689,0.20132595809859938,-0.011552178496928689,0.39870101237661454,-0.005844825121168806
2043,0.0,4118.621389311076,0.019246117589806443,0.008812790390126434,0.3007686858622373,-0.00868674990985453,0.36932131442230137,-0.006697402557774524
2044,0.0,4120.858354212103,0.037673615940729044,0.0006289669548303606,0.149523840430616,0.0017070743973182506,0.30338207222479574,-0.004176059471246692
2045,0.0,4124.282904709831,0.06040890225113756,0.0009753628944084175,0.17873390000522052,1.5983272049744588e-05,0.26598762055892317,-0.002918446648257761
2046,0.0,4128.906792776349,0.28424115835845587,0.005881215103162887,-0.24827173966069782,-0.005161436245686496,0.11170981249303687,-0.0035913435274863813
2047,0.0,4132.488082497953,0.0025622923163736372,0.0051602031587634255,0.45118977301505214,-0.004271332347761385,0.21355380064964144,-0.0037953401735688823
2048,0.0,4136.834332127346,0.009988712795092137,0.0054905486971520276,0.3673680043123741,-0.005155564712872248,0.2596980617484612,-0.004203407535359892
2049,0.0,4143.786516187699,0.03502761954016164,0.010355095464297241,0.5041585789277635,-0.010355095464297241,0.33303621690225194,-0.006048913914041097
2050,0.0,4144.417197127747,0.0,0.0014832410682517159,0.8288098582790197,0.003316668970652832,0.48176830931528225,-0.003239239048632918
2051,0.0,4150.134304409778,0.0,0.006205713797131603,0.571009677356668,-0.005474719883412466,0.508540719727698,-0.003909883299066782
2052,0.0,4150.894845203673,0.0,0.0017104011506921231,0.45206498979023607,0.0019526591591727798,0.4915980007464594,-0.0021511205615949132
2053,0.0,4153.027151178098,0.0,0.002422804787854468,0.8044457550931553,-0.0002798789867903072,0.5854523270504681,-0.0015897480891535313
2054,0.0,4158.040625354542,0.0,0.008137747778880534,0.5343156436573369,-0.008137747778880534,0.5701113220325287,-0.003554147996071632
2055,0.0,4161.645671178025,0.030949335277345447,0.0061840285500141525,0.3449248451250441,-0.005706435039551559,0.5025553789602832,-0.00419983410911561
2056,0.0,4161.5068420334555,0.0,0.000320709236171229,0.6354112430535239,0.004166457968305536,0.5424121381882554,-0.0016899464858892662
2057,0.0,4163.356225787231,0.007772734008722076,0.0014888381701291678,0.4680916671759659,0.0005923588135452813,0.5201159968845686,-0.001005254896058902
2058,0.0,4167.0584050380285,0.010373993495368241,0.006151219529375172,0.31263399564784006,-0.005910626895692721,0.45787139651354997,-0.0024768664959490473
2059,0.0,4171.942986756501,0.003618655286169327,0.0095062626572212,0.548396974120272,-0.009025868626093055,0.4850290697955666,-0.00444156713499225
2060,0.0,4172.2983630687,0.004997856819678667,0.00016962676930514767,0.3795512890212074,0.0020247672468235913,0.4533857355632588,-0.002501666820447497
2061,0.0,4176.397295110788,0.0,0.005322515416665673,0.5023986176326978,-0.003808573204547418,0.46808960018409046,-0.002893738735677473
2062,0.0,4175.559155481002,0.0,0.0006398859221771721,0.7317004784235084,0.004472599614006878,0.5471728636559159,-0.0006838372307721677
2063,0.0,4178.467021366908,0.15735111702101556,0.0041305542855338195,0.2550500824422501,-0.0030152495280238775,0.45953602929181614,-0.0013832609199476806
2064,0.0,4179.061375109487,0.06299393751134871,0.0038315315965866585,0.15490299635239643,-0.00046827064332088714,0.3681461194099902,-0.0011087638369596425
2065,0.0,4178.322896402019,0.11465963739362135,0.00020017300883653613,0.26808405646203637,0.0030255925920447506,0.33812750052560403,0.00013154309174167548
2066,0.0,4179.394950988725,0.009469566813933314,0.0029399354030603822,0.5385068275215982,-0.0010839656876301894,0.3982412986244023,-0.000233109542069884
2067,0.0,4182.443300697599,0.003068241933445144,0.006482239872301369,0.19099558810102385,-0.006478039716462544,0.33606758546738874,-0.002106588594387682
2068,0.0,4181.479625394801,0.1002827580528145,0.0012121328615467475,0.24824294441025438,0.0023382538452514138,0.3097201931502484,-0.0007731358624959531
2069,0.0,4185.001719330718,0.051607913053679115,0.005796398126833496,0.25255811293977604,-0.005111118586402271,0.2925715690871067,-0.0020745306796678483
2070,0.0,4187.093769119119,0.016553033591690525,0.005503062182773452,0.4680028713810982,-0.003466648424082157,0.34520095977530413,-0.002492166002992141
2071,0.0,4187.778191064656,0.0,0.002565483467998156,0.6448153063536175,0.0008389306549091486,0.4350852637487981,-0.0014928370056217538
2072,0.0,4189.891973064139,0.08325422007739666,0.004173752907116709,0.256756814023838,-0.0017455047039082333,0.38158672883131,-0.0015686373151076976
2073,0.0,4195.930588152943,0.13460778891219013,0.010960049666021461,-0.09741932592887596,-0.010960049666021461,0.2378849124032542,-0.0043860610203818266
2074,0.0,4199.872909790516,0.009469566813933314,0.0066355889658297525,0.5301045385164209,-0.006396420332523803,0.32555080023720423,-0.0049891688140244195
2075,0.0,4204.271327885893,0.1564934457048871,0.004764282344340364,0.1258977319185085,-0.004386675435219422,0.2656548797415955,-0.0048084208003829195
2076,0.0,4207.773966453158,0.0,0.0020741393973203173,0.76039786612125,-0.0018997619671775833,0.41407777565549186,-0.003935823150421318
2077,0.0,4211.567636115686,0.0464723208272368,0.003202106965172555,0.3393312573628823,-0.0027307141652668744,0.39165382016770894,-0.003574290454874985
2078,0.0,4213.07036641433,0.0,0.001481990077854881,0.871546142609147,0.0011180564284674266,0.5356215169001404,-0.002166586389872261
2079,0.0,4216.371563924272,0.07940217339048421,0.00397418418657362,0.17273343913148123,-0.003064001155638787,0.4267550935695426,-0.0024358108196022186
2080,0.0,4218.461441025933,0.006955537268252391,0.00380793448501816,0.44576858768007216,-0.0019955576881947813,0.43245914180270145,-0.002303734880179987
2081,0.0,4223.170489594417,0.2410606020822718,0.007186626249175175,-0.016707289339525123,-0.007177225960582164,0.29770921246003346,-0.00376578220430064
2082,0.0,4225.297031926627,0.01438426190792504,0.004525226757896723,0.3301339004087141,-0.0018736651000697115,0.30743661884463763,-0.003198147073031361
2083,0.0,4228.786523966505,0.008177986478777549,0.005230991465557778,0.30159507663353385,-0.0032138291588908086,0.3056841561813065,-0.003202851698789195
2084,0.0,4232.834885447865,0.02838179051699011,0.005253219952876569,0.46877362889777335,-0.004969231064310918,0.3546109979962465,-0.0037327655084457116
2085,0.0,4237.214112533796,0.012953438948696118,0.005631554013265031,0.19546217677119232,-0.005631554013265031,0.3068663516287302,-0.004302402059891507
2086,0.0,4238.917441679639,0.0,0.0014883474245782524,0.6411268945397116,0.0005189617699530513,0.4071445145020246,-0.002855992910938139
2087,0.0,4239.568169255356,0.00450536074926225,0.001508443718740428,0.41806705549249834,0.0032449860675997293,0.4104212767991667,-0.0010256992173767786
2088,0.0,4242.664320307475,0.0,0.0042132326597265485,0.5136588375028581,-0.0034325846089605736,0.44139254501027403,-0.001747764834851917
2089,0.0,4242.456941425401,0.0,0.0015719736491456157,0.7005766240422211,0.0015732995572045562,0.5191477687198581,-0.0007514455172349749
2090,0.0,4243.966602140014,0.017891139339225575,0.0025928978413380117,0.3848360619512305,-0.0012932278892539358,0.47885425668926984,-0.000913980228840663
2091,0.0,4244.071253652029,0.005643830733532001,0.0027977878425411427,0.34221011948199637,0.0006028142732915543,0.4378610155270878,-0.0004589418782009978
2092,0.0,4246.736546666598,0.0,0.005603522765150045,0.5386575492757746,-0.004581508463719827,0.4680999756516938,-0.0016957118538566465
2093,0.0,4248.894024002802,0.0,0.004062508434049894,0.27083165987584884,-0.003946025333387724,0.4089194809189403,-0.00237080589771597
2094,0.0,4254.139921328406,0.14439018931854952,0.009400078604251691,-0.054833915659921774,-0.009063802668171165,0.26979346194528164,-0.0043787049288525285
2095,0.0,4258.104637788605,0.027455530521859492,0.0063044139587069194,0.2645804871979527,-0.005607790443256914,0.26822956952108296,-0.004747430583173844
2096,0.0,4259.527017286383,0.0,0.0015529184979579103,0.7554555186998869,0.0017956699548141752,0.41439735427472413,-0.002784500421777438
2097,0.0,4259.7745762372315,0.011074176967529577,0.0006683073163332008,0.2722348060159698,0.004545513227447009,0.3717485897970978,-0.0005854963270101039
2098,0.0,4266.626497051148,0.24353304245233448,0.011349918076015958,-0.22666497583482886,-0.011349918076015958,0.19222452010751978,-0.00381482285171186
2099,0.0,4266.614923368617,0.0,0.0019043064299994678,0.5562950695074237,0.0007929547980622417,0.3014456849274909,-0.0024324895567796293
2100,0.0,4270.914610038115,0.031698086003915917,0.00613321823804734,0.2902266474745795,-0.004882553026053425,0.2980799736916175,-0.0031675085975617677
2101,0.0,4269.09764626704,0.0,0.00040575842028174136,0.7105961914101441,0.006451164002953118,0.42183483900717544,-0.00028190681740730174
2102,0.0,4271.680420578208,0.0,0.004561503527061322,0.75503881275664,-0.002069545575083697,0.5217960311320148,-0.0008181984447102203
2103,0.0,4273.108326037607,0.0,0.00315458211628655,0.7220527149831285,-0.0026470585037517355,0.5818730362873489,-0.0013668564624226749
2104,0.0,4277.062852976775,0.03586441042555412,0.007375308946177174,0.2015770764814843,-0.007329355390757945,0.46778424834558946,-0.0031556061409232557
2105,0.0,4275.527021048704,0.0,0.0003759614067648745,0.483429097377254,0.00475494225437467,0.47247770305508885,-0.000782441622333878
2106,0.0,4279.354080999966,0.1297781204031473,0.005796472448275223,0.05601909181373723,-0.004653350100735715,0.34754011968268333,-0.0019437141658544287
2107,0.0,4282.0462770104305,0.09904645011896918,0.005008355688838762,0.10000557689318018,-0.004712710241627282,0.2732797568458324,-0.0027744129885862844
2108,0.0,4281.354808967432,0.0,0.001902358896077413,0.459966011718409,0.0035808612202016268,0.32928563330760535,-0.0008678307259499111
2109,0.0,4278.847871327664,0.0,0.0005028102554035253,0.7456585670327316,0.008148959892877615,0.4541975134251432,0.0018372064596983467
2110,0.0,4279.7609900315265,0.0,0.002437900743313685,0.5815722552474941,-0.0010748905626729464,0.49240993597184846,0.0009635773529869587
2111,0.0,4281.461836772785,0.2818243457703562,0.005788066477065664,-0.16694002040108646,-0.0054973364961812335,0.294604949059968,-0.000974696801763499
2112,0.0,4282.23940157447,0.014285901129143004,0.004224077392093612,0.5248485527575445,-0.0025830407127982497,0.36367803016924094,-0.0014571999750739241
2113,0.0,4281.6671874453095,0.010180169986062939,0.0012006208479933868,0.313536228397307,0.00226813860321688,0.3486354896376607,-0.00033959840158668294
2114,0.0,4281.1193863310245,0.0,0.0005763436638746623,0.7347262666676898,0.0026733188955297134,0.46446272274666944,0.0005642767875482359
2115,0.0,4280.599078973034,0.0,0.0007584800360649112,0.7795690798082808,0.00141421046464952,0.5589946298651528,0.0008192568906786211
2116,0.0,4280.716175335472,0.07083312940525252,0.0030894126551903934,0.3189773230341508,-0.0008658747792196577,0.4869894378158522,0.0003137173897091374
2117,0.0,4284.331039296907,0.01639411985502587,0.008419286557892845,0.4972047692820548,-0.008397430738685518,0.49005403725571295,-0.002299627048809259
2118,0.0,4286.362706080168,0.028622700466162814,0.0044857004117045815,0.26271648590605373,-0.004463610285704861,0.42185277185081516,-0.0029488220198779394
2119,0.0,4286.545946112691,0.0,0.0005519966907995689,0.8161239201887925,0.00213656235891531,0.5401341163522083,-0.0014232067062399643
2120,0.0,4291.3590117398235,0.05626369888979023,0.007507943904978087,0.2027156293647638,-0.006896230173058002,0.43890857025597496,-0.0030651137462853755
2121,0.0,4292.272329713864,0.0,0.002761695840582397,0.596025476719842,-0.0002925257208231086,0.486043642195135,-0.002233337338646695
2122,0.0,4292.757630182623,0.15769249341507896,0.001097100886310576,0.005583016611957452,0.002274839898242192,0.34190545452018173,-0.0008808841675800289
2123,0.0,4297.527186357396,0.03483084916871133,0.00757347879604021,0.32754742882508336,-0.00757347879604021,0.3375980468116522,-0.002888662556118083
2124,0.0,4296.661681253737,0.02149335543454763,0.0011173227822706445,0.4483360480746474,0.0028410842470261055,0.3708194471905507,-0.0011697385151748264
2125,0.0,4299.614959839022,0.011922334887297438,0.004382052117357192,0.4765596205953031,-0.00309490111858951,0.40254149921197646,-0.0017472872961992315
2126,0.0,4300.309580940205,0.0,0.0012447308011221355,0.7084726575769896,-0.0001558460368162423,0.49432084672148036,-0.0012698549183843347
2127,0.0,4299.558617903932,0.003481355191385489,0.0018241653517044251,0.5863271999022436,0.0034375078807087614,0.5219227526757093,0.0001423539213435942
2128,0.0,4299.5532300694385,0.0,0.0025983190270142324,0.6897360405815448,0.001328058781788634,0.57226673904746,0.0004980653794771061
2129,0.0,4299.291926464837,0.0,0.002906737925498319,0.6080970252284089,0.00037534445070758546,0.5830158249017446,0.0004612491008462499
2130,0.0,4303.374781157554,0.08338265382390585,0.009043984092650881,0.22262702027346587,-0.009043984092650881,0.474899183513261,-0.0023903208572028894
2131,0.0,4305.141812463247,0.0009811697044622815,0.00479452947384626,0.39792888916644475,-0.004062186331192902,0.4518080952092161,-0.002891880499399893
2132,0.0,4307.314484131962,0.014358124624397088,0.002115838844544538,0.4754410773948115,-0.0019159867294266276,0.4588979898648947,-0.0025991123684079133
2133,0.0,4312.1307428198525,0.11197848498096537,0.006920710025164098,0.2959558383761455,-0.006913200397546164,0.4100153444182699,-0.003893338777149388
2134,0.0,4316.397623030039,0.0,0.006041033621111303,0.7808602637484283,-0.0060197026050825666,0.5212688202173174,-0.004531247925529341
2135,0.0,4319.653999525576,0.0,0.00337936181224839,0.5628484323666031,-0.0025397544759403782,0.533742703862103,-0.003933799890652652
2136,0.0,4318.52019533363,0.0,0.000208586519108981,0.6907904698292806,0.007246050317755483,0.5808570336522563,-0.0005798448281302115
2137,0.0,4317.613761406968,0.006729542039671605,0.0013307830706563502,0.44467747519450357,0.006010272434483482,0.5400031661149305,0.0013971903506538965
2138,0.0,4321.617903025055,0.035405480733905655,0.007796172939656194,0.09090403365661354,-0.007796172939656194,0.4052734263774354,-0.0013608186364391303
2139,0.0,4320.643886557693,0.00417697268602245,0.0019399160052470826,0.4876272639323832,0.0006304951349236593,0.4299795776439197,-0.0007634245050302934
2140,0.0,4325.097425562515,0.018097193573277506,0.007869137177611734,0.32948519182212554,-0.007828877492712757,0.39983126189738144,-0.0028830604013350327
2141,0.0,4325.275543202732,0.0,0.0030368481759709787,0.8974429705777152,0.0005442829590118595,0.5491147745014815,-0.0018548573932309648
2142,0.0,4330.1660967736225,0.027968748387223862,0.007135491314976487,0.2735145172753483,-0.007108179629915336,0.4664346973336415,-0.003430854064236276
2143,0.0,4335.626952629839,0.1093378494352615,0.009354518507331806,0.11568923988037634,-0.00930168766315687,0.3612110600976619,-0.005192104143912454
2144,0.0,4338.433476932515,0.025005823266562227,0.0025272237100079763,0.35904685052761304,-0.0020567816410016738,0.3605617972266472,-0.00425150739303922
2145,0.0,4344.5566490506135,0.17554903602458696,0.0072511589109048105,-0.08342793724489318,-0.007171020621419285,0.22736487688518509,-0.005127361361553239
2146,0.0,4348.287989025342,0.03745815661342002,0.004261995336278294,0.3448573290052911,-0.003131331356202343,0.26261261252121687,-0.00452855235994797
2147,0.0,4351.555641612873,0.02639154648521917,0.00226504280417392,0.20061423993603553,-0.001277918457408436,0.24401310074566246,-0.0035533621891861095
2148,0.0,4355.194968101766,0.0,0.002862070124067956,0.39660362489693557,-0.002716631385698041,0.28979025799104435,-0.0033023429481396885
2149,0.0,4357.878154251479,0.0,0.003416441464277424,0.7567249231564868,-0.0017509545753275645,0.42987065754067705,-0.002836926436296051
2150,0.0,4358.672970141534,0.0,0.0025763102486839945,0.7907836599785374,0.0019022794015443418,0.5381445582720351,-0.0014151646849439332
2151,0.0,4362.662962533397,0.00026730066581259277,0.005391636843322596,0.648702550493349,-0.005298387250033536,0.5713119559384293,-0.002580131454470814
2152,0.0,4363.000008036299,0.0,0.001704389691256989,0.7263257031711179,0.0008794572263731194,0.6178160801082359,-0.001542254850217634
2153,0.0,4361.139712144434,0.0,0.0009361414653545621,0.6242864845590778,0.006627513991884962,0.6197572014434884,0.0009086758024131447
2154,0.0,4362.617771794732,0.0,0.002742357040667642,0.5885980553315568,-0.0015106369609119614,0.610409457609909,0.0001828819734156128
2155,0.0,4363.399180686749,0.006346115079148535,0.004330626723708868,0.3889876456694468,-0.002582092568107121,0.5439829140277703,-0.0006466103890412074
2156,0.0,4360.454820183567,0.0,0.001249117412171367,0.48919166321524915,0.005970524425533893,0.527545538784014,0.0013385300553313227
2157,0.0,4361.112663080926,0.0,0.0017223633403904775,0.7700526532938521,-0.0007527256332209594,0.6002976731369654,0.0007111533487656381
2158,0.0,4360.614290905114,0.0,0.0026439670391074674,0.7880820323527221,-0.0003856581642280882,0.6566329809016924,0.00038210989486752014
2159,0.0,4358.683759969237,0.0,0.0004502930390702232,0.5652656271440009,0.0032652334658291753,0.6292227747743849,0.0012470469661560167
2160,0.0,4360.916223082264,0.003618655286169327,0.005419176492962097,0.537135197531909,-0.005100956249550351,0.6015965016016421,-0.0006573539985558937
2161,0.0,4362.900247564311,0.005597822381661416,0.005764941361066738,0.5235271134027016,-0.005405001844069801,0.5781756851419599,-0.0020816483522100655
2162,0.0,4365.986893756369,0.0,0.005756165381976388,0.6027786363247988,-0.005659033803616076,0.5855565704968115,-0.0031548639876318686
2163,0.0,4365.88174235112,0.0,0.0011011672074103468,0.6676331954027436,0.0025189017939716914,0.6101795579685911,-0.0014527342531508005
2164,0.0,4369.588650129705,0.0,0.004596767508936244,0.7540705766968477,-0.0043758772910527845,0.6533468635870681,-0.0023296771645213957
2165,0.0,4371.008863913934,0.03143713571505456,0.0030025883556690242,0.13886528066452603,-0.001348443988256903,0.49900238871030544,-0.0020353072116420477
2166,0.0,4372.055911149773,0.00019466417284192186,0.002175868542058002,0.4766617486695322,0.0003302031055280358,0.49230019669807346,-0.0013256541164910225
2167,0.0,4367.86687416615,0.00024079242921699038,0.0,0.3901345841304559,0.010902507649527772,0.46165051292778814,0.002342794413314616
2168,0.0,4371.35773620485,0.042960966427412664,0.006416225547290604,0.29172647345842645,-0.005989355976498974,0.41067330108697964,-0.00015685070362946073
2169,0.0,4373.7441254528185,0.0,0.007405519667821532,0.7752151394759775,-0.007405519667821532,0.520035852603679,-0.0023314513928870823
2170,0.0,4375.103162508357,0.0,0.0032664360685824264,0.7193876924253222,-0.002570797241386368,0.579841404550172,-0.002403255147436868
2171,0.0,4373.975817257656,0.0,0.0004550555663669803,0.5412790265598798,0.004877366771027926,0.5682726911530843,-0.00021906857189742958
2172,0.0,4376.878570347,0.029331590597159216,0.003909673127731571,0.41486612684696167,-0.0035348836337265317,0.5222507218612475,-0.0012138130904461603
2173,0.0,4379.0772579222385,0.08493796738683716,0.0050482385637882245,0.11822074222300488,-0.004301827140584192,0.4010417279697747,-0.00214021730548757
2174,0.0,4380.509440403722,0.008602303341755406,0.004296444657877319,0.27232719797141536,-0.0016301491461462373,0.3624273689702669,-0.00198719685768517
2175,0.0,4383.3837391632,0.023625563210247672,0.004588573174664201,0.3951678307179674,-0.0036759295199566486,0.372249507494577,-0.0024938166563666132
2176,0.0,4384.810479425465,0.0,0.002234824072224365,0.5836222725257341,-0.0007984697922831709,0.43566133700392407,-0.00198521259714158
2177,0.0,4387.496456246142,0.0210628035093069,0.004476261814790248,0.32906398890508165,-0.0029153421678124224,0.4036821325742713,-0.0022642514683428325
2178,0.0,4385.729392663458,0.0,0.00020822623882475684,0.8044813222227322,0.005843656063794494,0.5239218894688096,0.0001681207912983655
2179,0.0,4388.71509684946,0.0025622923163736372,0.004279193632211572,0.4369484607127669,-0.00386862680761611,0.49782986084199676,-0.001042903488375977
2180,0.0,4387.477365915159,0.0,0.0014856922921717894,0.7627431298742355,0.00244693460087259,0.5773038415516684,4.0479383985930675e-06
2181,0.0,4391.33101884908,0.021758438624018953,0.007140600823908045,0.22838833273628378,-0.006942254476043253,0.47262918890705297,-0.002079842785933961
2182,0.0,4392.006731473586,0.0,0.0018347955041466614,0.5096226167202765,-0.0013252911208062699,0.48372721725101997,-0.0018534772863956534
2183,0.0,4389.836803660559,0.0013040290419116614,0.0018659621498930464,0.46766253671879676,0.006764414066087007,0.478907813091353,0.0007318901193491447
2184,0.0,4388.9565892999535,0.008306018984287003,0.0011047530124449006,0.5141733143324428,0.0037339900029514086,0.48948746346367994,0.0016325200844298237
2185,0.0,4390.419594410243,0.0,0.005064833386776433,0.495803812494159,-0.0038783345242764736,0.49138236817282366,-2.0736298182065342e-05
2186,0.0,4389.976822115475,0.0,0.0023707020999248285,0.7515784018550122,-0.0007772354614254416,0.5694411782774802,-0.00024768604715507824
2187,0.0,4391.062453117275,0.04262745343479994,0.003824913963244334,0.3524313203067858,-0.0022298106911758666,0.5043382208862719,-0.0008423234403613147
2188,0.0,4392.373122366331,1.03878835726009e-05,0.003200819255444275,0.4195373627800263,-0.0024374578263984055,0.47889796345439817,-0.0013208637561724417
2189,0.0,4392.747843108848,0.034523751436319215,0.002610765282672296,0.451280050984866,0.00015178802663723357,0.4706125897135385,-0.0008790682213295391
2190,0.0,4397.844626839923,0.08238483825350718,0.009350495789619103,0.20935724352490018,-0.009205771851169784,0.39223598585694697,-0.0033770793102816123
2191,0.0,4398.158746039564,0.0,0.0014126862813132455,0.6510569510500066,0.0004019927025607462,0.4698822754148648,-0.0022433577064289046
2192,0.0,4399.494141937547,0.000691413120854776,0.002422170563173579,0.6949800956180793,0.0008291893985119264,0.5374116214758291,-0.0013215935749466552
2193,0.0,4399.657775230185,0.0,0.0009965968399426163,0.6621269503355388,0.0020509946501588655,0.574826220133742,-0.000309817107414999
2194,0.0,4396.939438957235,0.0,0.0003462095564317023,0.7623341842150754,0.007052769588688241,0.631078609358142,0.001898958901415973
2195,0.0,4394.633074933242,0.1447900412304039,0.00017554363174572413,0.29549404750938957,0.005048527915984409,0.5304032408035162,0.0028438296057865034
2196,0.0,4394.149730291963,0.0,0.0033068137883176876,0.7610840047407751,-0.0010896070865521802,0.5996074699846938,0.0016637985980848984
2197,0.0,4398.648962602624,0.22885300308330866,0.012405048094826026,-0.16812661863903292,-0.012405048094826026,0.3692872433975758,-0.002556855409788379
2198,0.0,4398.750632133677,0.0007936408721530171,0.0033777718576318027,0.3981802957328801,-0.001838399420623474,0.37795515909816707,-0.002341318613038907
2199,0.0,4401.005766118288,0.0013620201317133124,0.002928862559345531,0.48480415649382647,-0.0019372498071984145,0.4100098583168649,-0.0022200979712867592
2200,0.0,4403.160328193859,0.0013040290419116614,0.003519951940553642,0.43042073573611805,-0.00195729335338627,0.4161331215426408,-0.0021412565859166123
2201,0.0,4404.851110271539,0.0,0.001893194498641182,0.9193339755179127,-0.001120641583999151,0.5670933777352223,-0.0018350720853413738
2202,0.0,4400.859122935395,0.0,0.0,0.6836726390158033,0.010623577230852506,0.6020671561193965,0.0019025227095167902
2203,0.0,4402.077595143518,0.055561601971273175,0.0017873589353432316,0.1373969593405198,-0.0007062221242559,0.4626660970857335,0.001119899259384983
2204,0.0,4403.1766797297905,0.0016789762830520377,0.004622590544514388,0.40368654979272767,-0.004318216512956098,0.44497223289783167,-0.0005115354723173413
2205,0.0,4405.6620504242765,0.03624572573882029,0.006753095365850894,0.22694793427558088,-0.006323103364023881,0.3795649433111564,-0.0022550058398293034
2206,0.0,4405.030584257619,0.0,0.0010810489962796424,0.724656811361488,0.0019423625408588475,0.4830925037262559,-0.000995795325622858
2207,0.0,4405.58571954613,0.002336817097547019,0.0016674675764315262,0.4014192532554714,0.0012339240373237614,0.4585905285850205,-0.00032687951673887204
2208,0.0,4408.751862951462,0.0,0.005676283781033508,0.5493852655289125,-0.0055452253170496825,0.485828949668188,-0.0018923832568321151
2209,0.0,4410.10511970246,0.0,0.0034654257932659016,0.49787209526107135,-0.0023999360989433323,0.4894418933460529,-0.00204464910946548
2210,0.0,4410.398588768289,0.06158158877996483,0.0009691399008440019,0.16829791161632998,0.0014450323849503615,0.39309869882713605,-0.0009977446611407273
2211,0.0,4413.805157981498,0.0461765461606292,0.0063308662142751914,0.283419979154205,-0.004925603677611399,0.36019508292525676,-0.0021761023660819287
2212,0.0,4417.305592433069,0.013596314947856385,0.006276214150430581,0.3277043029416339,-0.006162583486830588,0.3504478489301699,-0.0033720467023065264
2213,0.0,4422.417033444662,0.10565748374292205,0.008261040396006749,0.0034926411696282584,-0.008241560196886736,0.24636128660200737,-0.004832900750680589
2214,0.0,4419.464778941747,0.0,0.0,0.6424002774334808,0.009864449727253536,0.36517298385144936,-0.0004236956073003515
2215,0.0,4421.924770453045,0.005822373397647194,0.0028803464975502868,0.3334272848382314,-7.305671627568484e-05,0.35564927414748393,-0.00031850393999295146
2216,0.0,4420.780504131809,0.0009745752572769129,0.0020998269191297735,0.5827372038833848,0.0028385087576819307,0.42377565306825415,0.0006285998693095131
2217,0.0,4419.902252743651,0.00184245461283526,0.00165500889806523,0.6747603733268767,0.002135273668265965,0.4990710691458409,0.0010806020089964487
2218,0.0,4418.39946299993,0.0,0.0017302957554175,0.8906199317919253,0.002430995351848068,0.6165357279396662,0.0014857200118519344
2219,0.0,4414.162266539691,0.0,0.00011958410414130494,0.6750891374849901,0.007639960532297703,0.6341017508032634,0.003331992167985665
2220,0.0,4417.087430028332,0.0,0.007780548620682762,0.662510788439041,-0.007780548620682762,0.6426244620939966,-1.7700686148632537e-06
2221,0.0,4416.286512601445,0.0,0.003020751471601026,0.5219327226801347,-0.0018021734494423948,0.606416940269838,-0.0005418910828631227
2222,0.0,4415.01068884148,0.0003123332873517329,0.0010514504089809435,0.46661834417790243,0.002682388783186056,0.5644773614422572,0.0004253928769516309
2223,0.0,4415.953281604409,0.019378663238804224,0.003963455449176879,0.2844648447715842,-0.0014169897479926307,0.4804736064410553,-0.0001273219105316476
2224,0.0,4413.295712640511,0.0,0.000514075794569092,0.7372798553601634,0.005098789507568488,0.5575154811167877,0.0014405115148983932
2225,0.0,4413.684711763419,0.0010809498053497902,0.004245580382233658,0.4129177523157805,-0.000737809162374233,0.5141361624764855,0.0007870153117166053
2226,0.0,4413.145908437732,0.0008077482106631443,0.001658680083735925,0.4806347535232974,-0.000410818204161286,0.5040857397905291,0.00042766525695323785
2227,0.6278401354250622,4419.519212985694,0.44928487396996675,0.014115344810331092,-0.44438397884590497,-0.014115344810331092,0.21954482419959886,-0.00393523776323206
2228,0.0,4419.788386608417,0.0,0.002333491537206844,0.49477420929873456,-0.0008422947831959889,0.3021136397293396,-0.0030073548692212387
2229,0.0,4421.258350112326,0.0,0.0013726103809298905,0.9259164455699469,0.0011620884897742103,0.48925448148152173,-0.001756521861522604
2230,0.0,4421.085902673725,0.07558670211880453,0.000533632990840793,0.019884222977254562,0.003565115230087058,0.3484434039302416,-0.00016003073403970513
2231,0.0,4421.534436194384,0.0,0.0024663665303394085,0.6498090552702419,0.0009019333849627151,0.4388530993322417,0.00015855850166102093
2232,0.0,4424.044001644368,0.0016884673709205292,0.006297466640176155,0.5338731548492803,-0.005068169277076562,0.46735911598735325,-0.001409459831960254
2233,0.0,4422.033703550159,0.0,0.0015263682504526976,0.5576774433815613,0.004081683416706836,0.49445461420561565,0.00023788314263987293
2234,0.0,4427.319167247602,0.04723483947417596,0.009553107175659298,0.2797628817786521,-0.009553107175659298,0.43004709447752654,-0.0026994139528498783
2235,0.0,4427.412473744399,0.0,0.0026239913290473336,0.6518263573113443,-0.00032970789387516653,0.49658087332767187,-0.0019885021351574647
2236,0.0,4433.705922668691,0.06083217980420688,0.010216608135758918,0.12727469719695947,-0.010216608135758918,0.3857890204884581,-0.004456933935337901
2237,0.0,4430.652933325125,0.0,0.0005396222359556846,0.6843833241526264,0.008617456437191768,0.4753673115877085,-0.000534616823579
2238,0.0,4434.072531705589,0.07421577235336775,0.003266671600551023,0.11109484373241668,-0.00245924807567494,0.3660855712311209,-0.001112006199207782
2239,0.0,4434.228928746202,0.0,0.0018933492542368183,0.5698900645636388,0.0002773989482519671,0.4272269192308762,-0.0006951846549698572
2240,0.0,4435.010224936157,0.0,0.001939727441540851,0.427129087951778,-0.00044039457760764253,0.42719756984714674,-0.0006187476317611927
2241,0.0,4436.16762552682,0.0,0.00269969982208043,0.8346636674914641,-0.0016613193969648395,0.549437399140442,-0.0009315191613222867
2242,0.0,4438.365353343489,0.0016789762830520377,0.004197568046658247,0.4325644261006579,-0.003895257536587267,0.5143755072285068,-0.0018206406739017806
2243,0.0,4443.567741918431,0.021551864855485936,0.00979363763564787,0.34227370685128056,-0.009792117043338187,0.46274496711533886,-0.0042120835847327025
2244,0.0,4444.682040889896,0.008236229912286185,0.0017653447340182076,0.25398371617780463,-0.00024945200587574525,0.4001165918340786,-0.003023294111075615
2245,0.0,4443.546444427258,0.0023557163179973913,0.001257127680156317,0.3539104005172306,0.006879383619220089,0.3862547344390242,-5.24907919869041e-05
2246,0.0,4443.109424515976,0.0,0.0005570239232705301,0.5877589335907534,0.004061909963877497,0.44670599418454293,0.0011818294347724161
2247,0.0,4445.251026133653,0.0,0.005368269814549087,0.5240560138060636,-0.004456235021624079,0.46991100007099906,-0.0005095899021465322
2248,0.0,4445.245445305123,0.006507935570722594,0.003016393688940937,0.45755374413671257,-0.001198212689195094,0.4662038232907131,-0.0007161767382611007
2249,0.0,4446.65138624668,0.0,0.003039193804810955,0.8318064717474518,-0.002368380116080026,0.5758846178277346,-0.0012118377516067782
2250,0.0,4448.380879867678,0.006981405135188086,0.004591785548235465,0.46379415431215953,-0.00280660103507186,0.5422574787730621,-0.0016902667366463027
2251,0.0,4454.635027643528,0.006486064904939205,0.011696715761068593,0.31975538580391727,-0.011696715761068593,0.4755068508823186,-0.0046922014439729895
2252,0.0,4458.426997887358,0.0,0.00622049219833131,0.5802675337408357,-0.005943735097140314,0.5069350557398737,-0.005067661539923187
2253,0.0,4462.223162247865,0.0,0.0029308695515679706,0.6722407676182134,-0.00280981334942098,0.5565267693033756,-0.0043903070827725245
2254,0.0,4467.016492588662,0.03400702081470904,0.00518422099764566,0.284983284089945,-0.0045243613107927814,0.4750637237393464,-0.004430523351178601
2255,0.0,4474.142906284189,0.014151097845016449,0.010088853514826527,0.2529015079633654,-0.010088853514826527,0.4084150590065521,-0.006128022400272978
2256,0.0,4474.149688406842,0.0,9.361861024462157e-05,0.565181654091737,0.004856333335294929,0.4554450375321076,-0.0028327156796026055
2257,0.0,4479.184075655531,0.0,0.004276931828602559,0.4398158576940156,-0.003986920281169344,0.45075628358068,-0.003178977060072627
2258,0.0,4480.3928853172,0.0075398565465815085,0.0026287789516753484,0.3785589963137018,0.000564849415280416,0.42909709740058655,-0.0020558291174667138
2259,0.0,4483.933670847877,0.07758772876289886,0.005305657179312536,0.11215480685671703,-0.003979542538105909,0.3340144102374257,-0.0026329431436584723
2260,0.0,4484.745740161261,0.0,0.0018687294844936292,0.5783728749879398,0.0005593835587971751,0.40732194966257984,-0.0016752451329217779
2261,0.0,4490.5058076586265,0.042451157868470014,0.009228320138636694,0.18683596349943987,-0.009187689630995205,0.3411761538136378,-0.003928978482343806
2262,0.0,4494.477990837781,0.02421502640684209,0.006713666601087815,0.407129841244052,-0.006366627173014221,0.36096226004276205,-0.00466027308954493
2263,0.0,4496.174100705307,0.0,0.0020517228467064204,0.46501825681313064,0.0007533017404938641,0.39217905907387257,-0.003036200640533292
2264,0.0,4501.09453442616,0.0,0.005399524732001816,0.6120366570546864,-0.005269944090146675,0.45813633846811674,-0.0037063236754173064
2265,0.0,4505.6129996979325,0.018865992149097423,0.006291421617689522,0.29530319356499474,-0.0060963301624955375,0.4092863949971801,-0.004423325621540776
2266,0.0,4505.043866680464,0.0004553693345490983,0.0003409938220567635,0.5879680900484235,0.005230752849186745,0.46289090351255313,-0.0015271020803225195
2267,0.0,4507.933065411349,0.004209998497189186,0.002506551104081923,0.502042654040092,-0.0013479039135600548,0.4746364286708148,-0.00147334263029378
2268,0.0,4508.715493892112,0.0,0.002795716206567958,0.6240083267711541,2.2061275009263915e-05,0.5194479981009166,-0.0010247214587028668
2269,0.0,4510.729295709081,0.0016789762830520377,0.0034845480164327706,0.5270042470377351,-0.0026179918180201565,0.521714872781962,-0.0015027025664980536
2270,0.0,4513.701206464276,0.027203898730104578,0.005831770009231535,0.4141752280540506,-0.005061449946902043,0.4894529793635886,-0.00257032678061925
2271,0.0,4514.212940220159,0.004209998497189186,0.001510031660680931,0.39719846919126267,0.000606300131205281,0.4617766263118908,-0.001617338707071891
2272,0.0,4514.041516397116,0.007772734008722076,0.002157726938512751,0.41917575091579784,0.003101945807279276,0.4489963636930629,-0.00020155335276654074
2273,0.0,4517.189752552508,0.025000829666103442,0.005077909262521572,0.34304452390985996,-0.004865699447500315,0.417210811758102,-0.0016007971811866728
2274,0.0,4521.011465822106,0.0,0.007804888848275346,0.6186590287646135,-0.007685251353316104,0.4776452768600554,-0.0034261334328255025
2275,0.0,4524.464277287895,0.0,0.005464512081311189,0.5082139912330177,-0.005383104596954855,0.48681589117194407,-0.004013224782064308
2276,0.0,4526.25534650595,0.0,0.002579456973833669,0.6664062800499425,4.71248749865122e-06,0.5406930078353436,-0.0028078436011954202
2277,0.0,4532.20332265125,0.0727212940711424,0.008157058735849812,0.2722680475285526,-0.008094181004676146,0.4601655197433062,-0.004393744822239637
2278,0.0,4538.242375831844,0.03098392844811532,0.009485029306964968,0.2436393300446643,-0.009473451007397259,0.3952076628337136,-0.005917656677786924
2279,0.0,4541.623142170072,0.0013040290419116614,0.00425945392634387,0.5048176078407844,-0.002219876653233771,0.4280906463358348,-0.004808322670420978
2280,0.0,4546.37118143093,0.02303422669161732,0.005405636905866234,0.367321302029323,-0.0035271759761586674,0.40985984304388123,-0.004423978662142284
2281,0.0,4547.774977505041,0.0,0.0011392926069892192,0.5063461016099748,0.002268426738211597,0.43880572061370926,-0.0024162570420361196
2282,0.0,4550.304706577642,0.0,0.001945258962359642,0.7046365545109549,-0.0005612804181029643,0.5185549707828829,-0.001859764054856173
2283,0.0,4553.12707777941,0.054926143911604865,0.004229780390295734,0.23400401540420124,-0.003285515415942303,0.4331896841692784,-0.002287489463182012
2284,0.0,4555.513521866142,0.2051571189132893,0.0030884406759456606,-0.04410768034765916,-0.002939192229248603,0.2900004748141971,-0.002483000293001989
2285,0.0,4558.293770121408,0.0,0.004010784296800162,0.8433245303752704,-0.0033059239954507636,0.4559976914825191,-0.002729877403736621
2286,0.0,4559.483929956387,0.0058465351481207534,0.001446628996153958,0.4155259697427062,0.00022070387415968628,0.4438561749605752,-0.0018447030203677286
2287,0.0,4559.766956913024,0.0,0.000444604846648297,0.6386467269577901,0.0023308454284139152,0.5022933405597396,-0.0005920384857332355
2288,0.0,4563.9699901400745,0.1968907482364318,0.006811578189120823,-0.09866107256049114,-0.006810085306565882,0.3220070166236704,-0.0024574525319830294
2289,0.0,4566.612640882608,0.05795372366561192,0.004795846828075499,0.33182084461908357,-0.0047864217688050915,0.3249511650222943,-0.0031561433030296475
2290,0.0,4570.060353857526,0.0,0.004967235466007026,0.5507031992338992,-0.004491383005972351,0.39267677528577577,-0.0035567152139124583
2291,0.0,4572.384429179972,0.0,0.003346323559004134,0.7094658802763543,-0.0014059778471934294,0.4877135067829493,-0.00291149400389675
2292,0.0,4575.343759665233,0.0,0.003929905438265257,0.4860379812962447,-0.0023390479129690154,0.4872108491369379,-0.002739760176618429
2293,0.0,4575.287911788061,0.021388588429255943,0.001043565585180524,0.37434982029872726,0.0032633126721904066,0.4533525404854747,-0.0009388383219757781
2294,0.0,4577.411244640436,0.07817549326987713,0.002661412214479337,0.2784685368702045,-0.0015305749950540483,0.4008873394008936,-0.0011163593238992591
2295,0.0,4578.542229946508,0.013835112581113812,0.0022625190129652363,0.5571132632510524,-0.0013317478304281192,0.44775511655594125,-0.0011809758758579171
2296,0.0,4575.0331132310685,0.0,0.0003152415946368423,0.45307417061001726,0.008522741447719293,0.44935083277216403,0.0017301393212152457
2297,0.0,4575.896394019398,0.0,0.002398726397880883,0.6910799080428834,-0.0006404075767184277,0.5218695553533799,0.0010189752518351438
2298,0.0,4571.51885101777,0.0,0.00019584880574404005,0.7383534384343547,0.0072751954916316095,0.5868147202776723,0.0028958413237740836
2299,0.0,4572.684273898171,0.08104096588081913,0.004263089369246287,0.283780647696463,-0.0036100569433195552,0.49590449850330953,0.0009440718436459919
2300,0.0,4573.5303397679,0.0013040290419116614,0.00610078799212904,0.5723289980983289,-0.004818474934352991,0.5188318483818153,-0.0007846921897537031
2301,0.0,4572.518293583859,0.0,0.002192455082048704,0.5895761507425803,0.0011577168875269305,0.5400551390900448,-0.0002019694665695131
2302,0.0,4572.715761381236,0.0,0.002021297210365584,0.7807347538806506,0.0004144118475666977,0.6122590235272265,-1.7055072328649856e-05
2303,0.0,4570.06213482615,0.0,0.0008200223884565786,0.6136412407614189,0.005739484145451422,0.6126736886974842,0.0017099066930053716
2304,0.0,4573.442795945882,0.0,0.007257757301163952,0.6947414166698906,-0.0070965244113051105,0.6372940070892061,-0.0009320226382877731
2305,0.0,4572.73440466026,0.003911867825232007,0.0029866507391937487,0.4176987500397914,-0.0002665033502422366,0.5714154299743817,-0.0007323668518741122
2306,0.0,4571.687974041702,0.0,0.0011085527497826134,0.522491044713946,0.0031814359890413968,0.5567381143962509,0.0004417740004005404
2307,0.0,4575.422348207964,0.03021083123514541,0.0070589994764391605,0.21927548006177192,-0.007035471292360862,0.45549932409590715,-0.0018013995874278804
2308,0.0,4574.965465458062,0.0007284372846071394,0.002476790108411451,0.5914761507010547,0.0005667161280219623,0.49629237207745136,-0.0010909648727929274
2309,0.0,4577.13177961719,0.0025622923163736372,0.004540855554296072,0.5273606269552534,-0.0025912397249142783,0.5056128485407919,-0.0015410473284293326
2310,0.0,4571.90632920495,0.002620764882406256,0.0,0.3702389638862235,0.01208698707334445,0.4650006831444214,0.0025473629921028023
2311,0.0,4571.473609177007,0.005440729662306173,0.0013163036957277274,0.5035319063896951,0.002400617567324871,0.4765600501180035,0.0025033393646694225
2312,0.0,4574.660507759586,0.003618655286169327,0.00941354416617746,0.6298712314231216,-0.009397180970674662,0.5225534045095389,-0.0010668167359338028
2313,0.0,4572.196409115744,0.013491459283036064,0.001344529470712094,0.49462229741322417,0.0025703443671367546,0.5141740723806445,2.433159498736444e-05
2314,0.0,4573.914923577899,0.0,0.00314297187411473,0.570912779863822,-0.0024699848460157355,0.5311956846255977,-0.0007239633373135655
2315,0.0,4573.657423545649,0.0,0.0021743822432994915,0.8153973470398858,0.0005412781281302418,0.6164561833498842,-0.00034439089768042324
2316,0.0,4573.220805800583,0.0,0.0007315656950183506,0.6155556777282697,0.00167809839932686,0.6161860316633998,0.00026235589142176174
2317,0.0,4573.878490599772,0.0,0.001868530567940666,0.794844316491322,-0.0010223676420375448,0.6697835171117764,-0.0001230611686160302
2318,0.0,4575.546897545776,0.0,0.0038410274799993956,0.711821142362565,-0.0037440076423793755,0.682394804687013,-0.0012093451107450337
2319,0.0,4575.223566643144,0.0,0.0009384242854564058,0.6238526399209712,0.0008521841440708913,0.6648321552572004,-0.0005908863343002562
2320,0.0,4577.555650834564,0.06646805785317307,0.004345012838636791,0.20990200176287438,-0.003574153977836783,0.5283531092089025,-0.0014858666273612142
2321,0.0,4578.316481045032,0.0,0.0026896318674866186,0.646660125353485,-0.0009076452307695969,0.5638452140522773,-0.001312400208383729
2322,0.0,4579.054118859976,0.0,0.001689988430292256,0.4463733573047214,6.571563104821407e-05,0.5286036570280105,-0.000898965456554146
2323,0.0,4582.399960152587,0.026115535051835913,0.005822104153638992,0.3253898368503534,-0.00556596224851295,0.46763951097471335,-0.0022990644941417874
2324,0.0,4587.259759112257,0.007772734008722076,0.00909236446148099,0.49784263841783793,-0.00909236446148099,0.47670044920765076,-0.004337054484343548
2325,0.0,4591.270267688972,0.02586957763146495,0.006440321956255137,0.28776474481639547,-0.005779656749909628,0.42001973789027414,-0.0047698351640133715
2326,0.0,4593.85783522459,0.04381931279967181,0.0028929954055857098,0.2539273448552758,-0.0006742574795123583,0.3701920199797746,-0.0035411618586630674
2327,0.0,4599.011363683593,0.0,0.006030690270147611,0.7410745674224217,-0.00562039091629917,0.4814567842125687,-0.004164930575953898
2328,0.0,4600.826962150098,0.013709670234544318,0.0019770223206168024,0.28909079112937575,7.975223822156974e-05,0.4237469862876108,-0.0028915257317012576
2329,0.0,4603.227767932923,0.02135525040856529,0.003081026996137666,0.3942532659026169,-0.0005427291254460646,0.41489887017211263,-0.0021868867498246996
2330,0.0,4603.917428998969,0.003118019025644979,0.0007626115966437474,0.4776512907152336,0.0016663323641679748,0.4337245963350489,-0.0010309210156268973
2331,0.0,4605.348141353031,0.1117928917658834,0.0022577241804104075,0.2799052328291542,-0.0006596886642436562,0.3875787872832805,-0.000919551310211925
2332,0.0,4607.11143218808,0.0,0.005108140641564004,0.7978398420036628,-0.0025613318771464046,0.5106571036993952,-0.0014120854802922688
2333,0.0,4610.3256380703815,0.0,0.0059635387576163455,0.4765353191328731,-0.005679559411647873,0.5004205683294385,-0.00269232765969895
2334,0.0,4612.007423868438,0.0,0.003354048332825906,0.7763883516471881,-0.0019206177181598288,0.5832109033247633,-0.0024608146772372133
2335,0.0,4615.587095104127,0.008759000127458968,0.004703351012374559,0.4516546128802381,-0.00455060648394503,0.5437440161914058,-0.003087752219249558
2336,0.0,4617.955847148485,0.0,0.0029388702367969984,0.5554458331142377,-0.0022428951278231466,0.5472545612682553,-0.0028342950918216346
2337,0.0,4620.701536223368,0.17503835192919245,0.0029657270128353344,0.11820394860446463,-0.0023856813821276066,0.4185393774691181,-0.002699710978913426
2338,0.0,4623.47978276631,0.0030691947026178696,0.0036634910402088437,0.7292494423251661,-0.00272313495302624,0.5117523969259326,-0.00270673817114727
2339,0.0,4625.571405913913,0.004209998497189186,0.0027551252127534648,0.40758764963767397,-0.0014325685306748467,0.48050297273945497,-0.0023244872790055427
2340,0.0,4634.272348614913,0.061915252414240916,0.015210591395514611,0.3316366309874926,-0.015210591395514611,0.43584307021386626,-0.006190318513958263
2341,0.0,4636.277474412689,0.19457873994183444,0.0024544211335704516,0.020808487938054045,-0.0014980745583185369,0.3113326955311225,-0.004782645327266345
2342,0.0,4640.380805811566,0.003204479637390007,0.002993263892628111,0.36021974222107417,-0.0019010817403188258,0.325998809538108,-0.00391817625118209
2343,0.0,4644.498413849505,0.0,0.003885297481585445,0.5437886531645619,-0.003433170519335897,0.3913357626260442,-0.003772674531628232
2344,0.0,4645.291909171177,0.0,0.0013164173062171491,0.7075573912080434,0.00258551311364742,0.486202251200644,-0.0018652182380455365
2345,0.0,4646.243301920652,0.0,0.001771174262363195,0.47634983620854204,0.0020255185022935063,0.4832465267030134,-0.0006979972159438236
2346,0.0,4647.817923078112,0.0,0.0032482244577149975,0.5839148359688463,-0.0013084418627461113,0.5134470194827633,-0.0008811306099845099
2347,0.0,4650.8158276778495,0.0,0.006064422992757554,0.43102820626520827,-0.005481840374096306,0.4887213755174967,-0.0022613435392180485
2348,0.0,4652.318586620638,0.0,0.0027446552889944876,0.6177556927857879,-0.002118680764609137,0.527431670697984,-0.002218544706835375
2349,0.0,4655.288912123458,0.02031523817061429,0.0040300109998049295,0.3409336173254569,-0.003740172581405604,0.47148225468622584,-0.002675033069206444
2350,0.0,4659.328369396629,0.062111081048205626,0.006017045767725427,0.1835664347170588,-0.0059930922049357925,0.3851075086954757,-0.003670450809925248
2351,0.0,4659.862098691776,0.0,0.0012061382632580291,0.6178274714898937,0.0018274921992804322,0.45492349753380107,-0.0020210679071635436
2352,0.0,4661.907934918811,0.04618311142148419,0.001753454923509108,0.429420484951056,-0.00035456138318684145,0.44727259375897754,-0.001521115949970533
2353,0.0,4664.712271770124,0.015435991888557288,0.004259290901857587,0.4846339057124907,-0.0036737095390217815,0.4584809873450315,-0.0021668940266859073
2354,0.0,4667.014770912553,0.0007160720546143497,0.003655768151053319,0.48197330165923064,-0.0031220901810621914,0.4655286816392912,-0.0024534528729987922
2355,0.0,4665.857633209112,0.04154990985217601,0.001323809726803014,0.2723196832750467,0.00477011202967583,0.4075659821300178,-0.0002863834021964054
2356,0.0,4668.346376336211,0.03820777816309619,0.0030761217200025565,0.29779488827799205,-0.0026172687969919085,0.37463465397441004,-0.0009856490206350563
2357,0.0,4669.815698585262,0.004110700240333904,0.003438372012490318,0.5170554435722028,-0.0027217032657082113,0.41736089085374783,-0.0015064652941570028
2358,0.0,4670.579869116152,0.00798915796735399,0.002635784583705995,0.42413378090765375,-0.0005025348222705416,0.4193927578699196,-0.0012052861525910644
2359,0.0,4670.76252196493,0.00012809561823393342,0.0024239246173509616,0.6256111807238928,0.0012389281694840494,0.48125828472611154,-0.00047202185596853025
2360,0.0,4673.3244153616,0.002600968544607585,0.004953002583215255,0.4050901136687831,-0.004062103923447591,0.458407833408913,-0.0015490464762122483
2361,0.0,4675.007206829554,0.047583778889077576,0.005512765511873527,0.3115434358269638,-0.0029495825217618096,0.4143485141343282,-0.001969207289877117
2362,0.0,4673.525217141388,0.0,0.00040740260147322286,0.7947355531168177,0.004783118900144888,0.528464625829075,5.649056712948462e-05
2363,0.0,4677.399260102534,0.016873939782684477,0.006041863893710991,0.2515611328785831,-0.006022019015730791,0.4453935779439274,-0.0017670623077285978
2364,0.0,4673.9758469165545,0.0,9.718306331108302e-06,0.5266053038903445,0.007146894059519338,0.4697570957278525,0.000907124602445783
2365,0.0,4673.206837424389,0.0,0.00032753304719691887,0.8048033753194226,0.003404996154127511,0.5702709796053235,0.0016564860679503014
2366,0.0,4673.776004820311,0.0,0.0034651655807546593,0.8913683014524049,-0.0021997071218817724,0.6666001761594479,0.0004996281110006791
2367,0.0,4678.351343482103,0.09272889017255656,0.01127827970414109,0.11523615773677735,-0.01127827970414109,0.5011909706326467,-0.0030337442335418513
2368,0.0,4677.869193349207,0.0,0.0018677270791376236,0.7070070020978773,0.000610439504305589,0.5629357800722159,-0.0019404891121876189
2369,0.0,4680.769567189961,0.0,0.004539350690389794,0.4724252107042395,-0.0028014415452895475,0.535782609261823,-0.0021987748421181974
2370,0.0,4682.46663272751,0.0,0.003405182439362994,0.47945286359598355,-0.001422594759610049,0.5188836855620711,-0.0019659208173657527
2371,0.0,4687.930624349278,0.16658615413861946,0.009011012050753291,-0.061329965823642675,-0.009011012050753291,0.34481959014635694,-0.004079448187382014
2372,0.0,4691.143935153784,0.0,0.004520401940513224,0.6146182558847828,-0.004476586316825435,0.4257591898678847,-0.00419858962621504
2373,0.0,4691.682143680439,0.0,0.0014515479576031472,0.8303220329796293,0.003303098665749363,0.547128042801408,-0.001948083138625719
2374,0.0,4694.2096741793575,0.04006768735741651,0.0019952116304400454,0.4592339691327452,-0.0008109875479942095,0.5207598207008092,-0.001606954461436266
2375,0.0,4699.547624237576,0.038073246440031745,0.009025762434699226,0.3325859096534088,-0.009024519582660961,0.46430764738658903,-0.0038322239978036744
2376,0.0,4699.929546517636,0.003618655286169327,0.003444397432576317,0.5266828212380799,0.0010379154804471677,0.48302019954203623,-0.002371182154328422
2377,0.0,4702.980007205485,0.0,0.0028404045233043932,0.46904349397408757,-0.002264427178877968,0.47882718787165157,-0.0023391556616932855
2378,0.0,4702.501740624122,0.0,0.0008077970919733722,0.7178635017104125,0.003563834941167646,0.5505380820232798,-0.000568258480835006
2379,0.0,4704.098669152872,0.029362480282278083,0.002345315875744573,0.3222493160945883,-0.0008666365172618084,0.48205145224467233,-0.0006577718917630468
2380,0.0,4706.913246981739,0.011315067205307174,0.005445281247261476,0.28317703647647235,-0.005244360730445838,0.4223891275142123,-0.0020337485433678843
2381,0.0,4708.655343251809,0.005446097489361452,0.004496000335142413,0.4439705005499627,-0.002859448652756993,0.4288635394249374,-0.0022814585761846166
2382,0.0,4712.648259539508,0.0,0.00674506180720129,0.695318518540808,-0.0061050267593549075,0.5088000331596986,-0.003428529031135704
2383,0.0,4715.41460650879,0.0,0.003460776017478741,0.7423760451156882,-0.0032438481261828794,0.5788728367464955,-0.0033731247596498564
2384,0.0,4719.201370658562,0.040693327702146655,0.004560953836935038,0.4347984712067649,-0.00417716070627368,0.5356505270845763,-0.0036143355436370032
2385,0.0,4718.240972394292,0.0,0.00016795784738705003,0.7111431160133054,0.005665098656184571,0.588298303763195,-0.0008305052836905312
2386,0.0,4722.9625959967225,0.0,0.0060380488680766035,0.6646638306844469,-0.0060371785936201156,0.6112079618395706,-0.0023925072766694064
2387,0.0,4726.527002383873,0.00959462976076495,0.006466729439417703,0.29063418828002574,-0.006461049166193243,0.5150358297717071,-0.003613069843526557
2388,0.0,4730.375174736249,0.031148625420364447,0.005700107173901538,0.2653349038591644,-0.0053742860774393456,0.4401255519979443,-0.004141434713700393
2389,0.0,4733.946263362013,0.0,0.004030319611270102,0.8532874280696172,-0.003503593770263472,0.5640741148194461,-0.003950082430669317
2390,0.0,4738.245459240445,0.09317845788328921,0.004965990096709081,0.20932136045042218,-0.004478076818683485,0.45764828850873895,-0.004108480747073567
2391,0.0,4739.361586346536,0.02496067260637487,0.0007135868317980946,0.45106009285450116,0.0019605910920529233,0.45567182981246757,-0.0022877591953356204
2392,0.0,4742.614344351412,0.019592917578369208,0.0034427421056804864,0.42525276579336013,-0.0024015884321523075,0.4465461106067353,-0.0023219079663806264
2393,0.0,4744.012578772239,0.0,0.0011709358132864559,0.6210082117523978,-0.0004331597163157872,0.4988847409504341,-0.0017552834913611745
2394,0.0,4748.966714816349,0.015435991888557288,0.007829325814774983,0.3946667284685756,-0.007829325814774983,0.46761933720587656,-0.003577496188385317
2395,0.0,4755.339308576282,0.02288166896083713,0.011298754355177038,0.38308992296189404,-0.011298754355177038,0.44226051293268176,-0.005893873638422833
2396,0.0,4759.22633388819,0.0,0.005238117995508006,0.5390013120522256,-0.00412583280197323,0.4712827526685449,-0.005363461387487951
2397,0.0,4759.978197396943,0.0,0.0006819861479657861,0.6326293160475017,0.004796546954602088,0.519686721682232,-0.002315458884860939
2398,0.0,4762.835932861377,0.0030691947026178696,0.0036347363433842446,0.4489819886107036,-0.0002701991520692839,0.49847530176077337,-0.0017018809650234425
2399,0.0,4766.189405787562,0.0,0.005544781477076601,0.62881510991354,-0.004503553884277653,0.5375772442066034,-0.0025423828407997056
2400,0.0,4769.079371901316,0.3190571428200103,0.004322758174344133,-0.2554474209297959,-0.004142037446721876,0.2996698446656836,-0.0030222792225763568
2401,0.0,4769.951654293162,0.0,0.001197384510807949,0.6617460876707238,0.0009569887770945231,0.40829271756719565,-0.0018284988226750928
2402,0.0,4769.169612510092,0.0,0.0008232738946629621,0.8653819469707937,0.004853648689190431,0.5454194863882751,0.0001761454308845643
2403,0.0,4771.370092146929,0.0,0.004297971107765692,0.6424344735597162,-0.0026869856960775418,0.5745239825397074,-0.0006827939072040675
2404,0.0,4773.251150504041,0.0,0.004348087365185717,0.5784709156051285,-0.00407390665502298,0.5757080624593337,-0.0017001277315497412
2405,0.0,4773.19538204414,0.0,0.0014755118962014482,0.7659758943206616,0.000898266600279324,0.6327884120177321,-0.0009206094320010216
2406,0.0,4772.349251217837,0.0,0.00027607910356964254,0.5996825608406617,0.003572097668160916,0.6228566566646109,0.00042720269804755965
2407,0.0,4773.830635583462,0.0025622923163736372,0.003683561067662575,0.47940743867051333,-0.0021450493824683356,0.5798218912663815,-0.0003444729261072089
2408,0.0,4776.0076913352395,0.0,0.00517056226448759,0.6598603863995066,-0.004966182588081924,0.603833439806319,-0.0017309858246996233
2409,0.0,4775.643375956415,0.010637972405810565,0.0019421438581684611,0.5283131229368433,0.0011899407466084057,0.5811773447454762,-0.0008547078533072144
2410,0.0,4778.396256880916,0.00026730066581259277,0.004060496623154116,0.5173149767964937,-0.003896445531426405,0.5620186343607814,-0.0017672291567429716
2411,0.0,4779.6610256623935,0.0,0.0029600547690074195,0.8906219723261828,-0.0016709797326849973,0.6605996357504018,-0.0017383543295255792
2412,0.0,4782.960199654943,0.10048280808364897,0.006883611435296953,0.23782440720725553,-0.004959984015807582,0.5337670671874579,-0.0027048432354101802
2413,0.0,4784.520287593821,0.0,0.002470686431998374,0.7366316235728798,-0.0013266956445973587,0.5946264341030845,-0.0022913989581663336
2414,0.0,4788.469293065065,0.0271775046242578,0.006249388293933907,0.3780713228133912,-0.005314074738281096,0.5296599007161764,-0.0031982016922007623
2415,0.0,4789.084740656918,0.010825882752463857,0.0012310700552582326,0.3839854741972711,0.0012379498355723092,0.4859575727605048,-0.0018673562338688407
2416,0.0,4792.121465146954,0.182275463154581,0.00401098076464323,-0.07408239136228517,-0.0029172427484542556,0.3179455835236678,-0.002182322188244465
2417,0.0,4790.55581492741,0.006497787124723764,0.00015826229422815613,0.5124522750409722,0.0052978641255043086,0.3762975909788591,6.173370588016705e-05
2418,0.0,4791.1986775934365,0.03578944127143041,0.00254185664289428,0.19329279368802116,0.0009313828207872983,0.3213961517916077,0.0003226284403523064
2419,0.0,4795.141169565549,0.006295502420226563,0.008572854471533742,0.4355498140376876,-0.008291273737205939,0.35564225046543163,-0.002261542212915167
2420,0.0,4792.546034171736,0.0,0.001096015093954064,0.5696820088007515,0.005164691703945286,0.41985417796602753,-3.3672037857031094e-05
2421,0.0,4793.503843745201,0.0,0.0017967816358038073,0.5942628039727545,0.0003617395286479686,0.4721767657680456,8.495143209446881e-05
2422,0.0,4796.747371879298,0.0,0.006731647483590707,0.5110418984036532,-0.006725814882939366,0.48383630555872786,-0.0019582784624156816
2423,0.0,4798.271454244514,0.0,0.0037071171654812687,0.8211289643376413,-0.003182067733364608,0.585024103192402,-0.0023254152437003593
2424,0.0,4799.282374143547,0.0,0.0010282329823263227,0.7485795955798815,3.068257718481608e-05,0.6340907509086458,-0.0016185858974348064
2425,0.0,4802.243927807097,0.024710032533841898,0.004897928393374168,0.38160418856307754,-0.0036801548411488022,0.5583447822049752,-0.002237056580549005
2426,0.0,4800.538030003496,0.0,0.000225929954015948,0.7687936855665404,0.005333191424854819,0.6214794532134447,3.401782107214225e-05
2427,0.0,4800.875038289518,0.0,0.002603769064609785,0.7516399621035226,0.0016267492663146863,0.660527605880468,0.0005118372546449054
2428,0.0,4803.5602467758445,0.017001052194051756,0.006002897413207327,0.24675835575521013,-0.005650946129074669,0.5363968308428906,-0.001336997760470967
2429,0.0,4803.851164853379,0.01814658694462556,0.002442756397055375,0.4230447300177584,-0.0010835348951002213,0.5023912005953509,-0.001260958900859743
2430,0.0,4806.461449341763,0.006057116250264087,0.004339300875529721,0.3840402184190773,-0.0039928467294413125,0.4668859059424688,-0.002080525249434214
2431,0.0,4807.787083106465,0.0,0.0029148060974235526,0.6639960102348967,-0.0013615496026735062,0.5260189372301972,-0.0018648325554060014
2432,0.0,4810.219694909019,0.0,0.0034691203607835897,0.6510010198687584,-0.002823026097352793,0.5635135620217655,-0.0021522906179900388
2433,0.0,4811.737559936622,0.0,0.003809422337535887,0.5703789974375527,-0.0011300061198761993,0.5655731926465016,-0.0018456052685558867
2434,0.0,4814.464792706989,0.0,0.0040839361939723475,0.8579341297838291,-0.003362865324999996,0.6532814737876999,-0.0023007832854891196
2435,0.0,4815.100624721175,0.00012809561823393342,0.0025771493462316674,0.492681403511136,0.0006937214287532626,0.6051014527047307,-0.0014024318712164048
2436,0.0,4817.818969704964,0.004842569879360137,0.004830816352686618,0.4659803010235894,-0.0032081347992078445,0.5633651072003882,-0.0019441427496138365
2437,0.0,4818.796616029298,0.0008801535800183107,0.0029359138484513062,0.5502111044069836,-0.000494890695278527,0.5594189063623668,-0.0015093671333132436
2438,0.0,4826.129058979181,0.23004439594316128,0.013187883817520675,-0.15677756714718336,-0.013187883817520675,0.34455996430950175,-0.0050129221385754735
2439,0.0,4828.072460338429,0.04783223825158008,0.004185336682961441,0.37411368977204756,-0.002267623645457077,0.35342608194826547,-0.004189332590639954
2440,0.0,4831.013244427971,0.0,0.002565548567294723,0.9097498141083892,-0.0007302841009194887,0.5203232015963025,-0.003151618043723814
2441,0.0,4832.433211368056,0.03219333362528385,0.0007007491961481826,0.3552419129717668,0.0015369410752280354,0.47079881500894183,-0.0017450503080382591
2442,0.0,4832.453213453566,0.0,0.0015571989903889122,0.7535804815541384,0.0033139748802337005,0.5556333149725008,-0.00022734275155667123
2443,0.0,4831.362632153381,0.0,0.001182870585936109,0.664479228896352,0.004099277727572171,0.5882870891496561,0.0010706433921819816
2444,0.0,4831.453359157246,0.0,0.000875504433069193,0.8236019093936684,3.190633477871568e-06,0.6588815352228597,0.0007504075645707486
2445,0.0,4830.018218174338,0.0,0.0016613738481762233,0.6652488179058851,0.0018433565323471865,0.6607917200277673,0.00107829225490368
2446,0.0,4829.688114517447,0.0,0.0032860611970417335,0.5807069827366529,-0.00013888743852468507,0.636766298840433,0.0007131383468751704
2447,0.0,4835.239160738124,0.136328849513704,0.012717614823056937,-0.05035979630360398,-0.012717614823056937,0.4306284702972219,-0.003316087604104462
2448,0.0,4833.862528957975,0.0,0.0006655742641172231,0.7579724920072695,0.0022633007474860355,0.5288316768102361,-0.0016422710986273123
2449,0.0,4839.5903032511405,0.009134390401467402,0.008410177227375765,0.3820423223493048,-0.008410177227375765,0.4847948704719567,-0.0036726429372518484
2450,0.0,4839.756218066188,0.0,0.0009975678495467207,0.7704550528623284,0.0015180699854406687,0.5704929251890681,-0.002115429060444093
2451,0.0,4841.750124975566,0.0,0.0028740982035631575,0.6662837362715692,-0.00024016012404826727,0.5992301685138184,-0.0015528483795253453
2452,0.0,4844.651487125647,0.027543836117289798,0.004561696396053526,0.28562981585036307,-0.0037762305255570573,0.5051500627147818,-0.0022198630233348587
2453,0.0,4847.037821990056,0.00022436614347128456,0.004376146431919512,0.4313139955689671,-0.0032614862795426534,0.4829992425710374,-0.002532350000197197
2454,0.0,4846.7390813414195,0.0,0.0002641654052680336,0.704849640216086,0.0030402482506414258,0.549554361864552,-0.0008605705249456102
2455,0.0,4847.485670537777,0.0,0.002506461310412703,0.5433267953453816,0.0011183275296660136,0.5476860919088008,-0.000266901108562123
2456,0.0,4851.011882026393,0.0,0.006438953074717693,0.38565719124515285,-0.006438725424941984,0.49907742170970637,-0.002118448403476081
2457,0.0,4853.809338886502,0.0035480425037820295,0.005686723925495692,0.285811150459018,-0.005461744453664857,0.4350975403344999,-0.003121437218532713
2458,0.0,4856.8744554786335,0.035685514993889285,0.00408067714680089,0.40942337496731107,-0.0040488825958823645,0.42739529072434324,-0.003399670831737608
2459,0.0,4857.154997643927,0.0,0.0009382653192266202,0.5741322570793038,0.0028086872095965847,0.47141638063083136,-0.00153716341933735
2460,0.0,4856.2493870851185,0.0,0.0004011414781040292,0.6568220387848545,0.00549206092305177,0.5270380780770383,0.0005716038833793861
2461,0.0,4855.932648721408,0.0,0.001583624515507382,0.7700454326141697,0.0022372666577336743,0.5999402844381776,0.0010713027156856725
2462,0.0,4856.427779694165,0.09393585640208774,0.004128274714272288,0.18211877934390192,-0.0016715811849189,0.4745938329098949,0.0002484375455043007
2463,0.0,4855.900476338725,0.0,0.0027136548271588672,0.5794141355243162,-2.7743236067003055e-05,0.5060399236942212,0.00016558331103290957
2464,0.0,4856.9458769534285,0.07131290350731534,0.002537945895067019,0.23966255308672782,-0.002443606361824243,0.4261267125119732,-0.0006171735908242363
2465,0.0,4858.970025274322,0.03953485193454362,0.004751385858865616,0.31938154406008085,-0.004363742717903476,0.3941031619764055,-0.001741144328948008
2466,0.0,4863.291124304333,0.04292548988944634,0.008520600051989647,0.30880073577006995,-0.008286852808374595,0.3685124341145048,-0.0037048568727759837
2467,0.0,4864.465559905889,0.0,0.0016664423661096892,0.6784154923965947,-0.0004786797908890463,0.4614833515991318,-0.0027370037482099025
2468,0.0,4869.550313625648,0.09457466326823384,0.006655269730974288,0.13263140319536712,-0.006619969184182278,0.3628277670780024,-0.003901893379001615
2469,0.0,4874.81701829399,0.0,0.007970182423192314,0.6774214257566055,-0.007958676930534855,0.4572058646815833,-0.005118928444461587
2470,0.0,4876.261163513075,0.0,0.0012429776391049744,0.7332495327206952,0.001269125081886578,0.5400189650933168,-0.0032025123865571372
2471,0.0,4879.204217185479,0.0,0.0025564932721243096,0.7368259862212847,-0.000665706671754557,0.5990610714317072,-0.002441470672116363
2472,0.0,4879.849832816385,7.482121893257558e-05,0.0017352805949088408,0.46068467119727824,0.0020926457829479744,0.5575481513613785,-0.0010812357355970614
2473,0.0,4879.910898439399,0.0102913334679778,0.0006440809604512624,0.5319877094741554,0.0024610300578252584,0.5498800187952115,-1.8555997570365466e-05
2474,0.0,4881.989460748188,0.0,0.0043707262733873485,0.6382740634920445,-0.0032032777521650885,0.5763982322042613,-0.0009739725239487824
2475,0.0,4881.438072252914,0.0,0.0014540620839128865,0.4963684535589349,0.0012086373844552784,0.5523892986106633,-0.0003191895514275641
2476,0.0,4883.261388075685,0.0014055205603974057,0.004662321040201357,0.4426301547118898,-0.002770720353685616,0.5194615554410312,-0.0010546487921049795
2477,0.0,4882.034356080042,0.005859180580643195,0.002340907695157845,0.5842941963349756,0.002932749473331045,0.5389113477092146,0.00014157068752582787
2478,0.0,4881.000403565023,0.0,0.0010557875082318783,0.6068085761029964,0.003246761452752532,0.5592805162273491,0.0010731279170938391
2479,0.0,4881.513171162146,0.0,0.004304741167794078,0.5739272563937817,-0.0012604489567248744,0.5636745382772789,0.00037305485494822506
2480,0.0,4882.558360512646,0.008602303341755406,0.004016032886900206,0.5733627576032926,-0.0033108633461363525,0.5665810040750829,-0.0007321206053771481
2481,0.0,4879.238839587507,0.01487063382309345,0.000807082618780257,0.5579934258600309,0.006557574812023485,0.5640047306105673,0.001454788019843042
2482,0.0,4880.472493087178,0.026593704844327198,0.0023416777920786487,0.38649390279587803,-0.001868101994539177,0.5107514822661605,0.00045792101552837624
2483,0.0,4879.071333458057,0.0,0.0022103042744395715,0.8709565893081277,0.001384598331019287,0.6188130143787507,0.0007359242101756495
2484,0.0,4877.791946244408,0.0,0.0008967484983311549,0.6474739329527711,0.0021577254618342723,0.6274112899509569,0.0011624645856732362
2485,0.0,4876.33434735894,0.0,0.002251402916478797,0.6108234947129577,0.002221640601389428,0.6224349513795571,0.0014802173903880936
2486,0.0,4876.595543482761,0.0,0.003158336078176138,0.8892384082239309,-0.001816734925969084,0.7024759884328691,0.0004911316954809403
2487,0.0,4877.547082528073,0.09615571473324552,0.005001280761693283,0.24984773953679434,-0.0035447299466997606,0.5666875137640466,-0.00071962679717327
2488,0.0,4877.977740070268,0.024688342721955445,0.0024932696856135384,0.43813839345727845,-0.0013788142791496564,0.5281227776720161,-0.0009173830417661859
2489,0.0,4882.365952046177,0.05679200516911519,0.008516688914650386,0.10117454579652106,-0.00835427274268288,0.4000383081093676,-0.003148449952041194
2490,0.0,4882.203333061464,0.0,0.001385528271045737,0.6248232138378389,0.0014255823013271328,0.46747377982790894,-0.001776240276030696
2491,0.0,4884.115914473522,0.0,0.002127524086781711,0.7254681790048618,-0.0006308992302419592,0.5448720995809948,-0.0014326379622940748
2492,0.0,4883.802488195217,0.0,0.0012455284278760502,0.7586357031188791,0.0025629149490956752,0.6090011806423601,-0.00023397208887714971
2493,0.0,4887.484132508771,0.02667250204412509,0.006709403005176619,0.5446467893650521,-0.006168012272147896,0.5896948632591676,-0.0020141841438583736
2494,0.0,4888.789820071971,0.012292285905944726,0.003920662582646212,0.42662243999330407,-0.002392537158091502,0.5407731362794086,-0.002127690048128312
2495,0.0,4892.35088733865,0.0,0.005289623463877467,0.6403021050311467,-0.005232127903725053,0.57063182690493,-0.003059021404807334
2496,0.0,4894.15097584295,0.0,0.00227944924891291,0.7194178961868761,-0.0014063813586221736,0.6152676476895138,-0.0025632293909517855
2497,0.0,4898.219949935959,0.03920865890418326,0.005698182433375607,0.18333951990375272,-0.005183747505806936,0.48568920935378546,-0.0033493848254083306
2498,0.0,4895.4959928985145,0.0,0.00014676979571105766,0.7496515905237355,0.008484498811311428,0.5648779237047705,0.0002007802656075969
2499,0.0,4897.302968354952,0.03221207775411147,0.0029383663343955225,0.5380027862753273,-0.00028395551884663727,0.5568153824759375,5.5359530271326655e-05
2500,0.0,4899.417753757558,0.05007666806169032,0.004853045334597886,0.5431969221787021,-0.0046172556791981975,0.5527298443867669,-0.0013464250325695307
2501,0.0,4899.445811979824,0.0,0.001839424926200038,0.5991615406822289,-6.001976406200566e-05,0.5666593532754054,-0.000960503452017273
2502,0.0,4901.9567167159175,0.0,0.004548599783447677,0.8128361159237548,-0.0037885044807700265,0.6405123820699101,-0.001808903760643099
2503,0.0,4906.663227831203,3.867622823394803e-05,0.00874458634966809,0.5997656846225965,-0.008729336070964681,0.628288372835716,-0.0038850334537395732
2504,0.0,4912.039534474645,0.005192762788427904,0.009154694260837346,0.36319033231374453,-0.009154487695929144,0.5487589606791246,-0.005465869726396444
2505,0.0,4910.531003686264,0.0,6.779855738416964e-05,0.5470886836088656,0.0074174268953734355,0.5482578775580469,-0.00160088073986548
2506,0.0,4912.765611056244,0.0,0.0009106756442892529,0.6795033356660103,0.0011048856416995718,0.5876315149904359,-0.0007891508253959644
2507,0.0,4921.358471146514,0.026270829639672286,0.016201326466310898,0.3389012319035166,-0.016201326466310898,0.51301243006436,-0.005412803517670444
2508,0.0,4920.24011949496,0.0,0.0011023131093518858,0.7743745352709722,0.003377464863761256,0.5914210616263437,-0.0027757230032409335
2509,0.0,4927.550318862091,0.05118363413565295,0.009490908929413781,0.07755762499936698,-0.009475589892151658,0.43726203063825064,-0.004785683069914151
2510,0.0,4932.237749652301,0.10581379341819244,0.007468936444140059,-0.007668029752375683,-0.006674699223313034,0.3037830125210627,-0.005352387915933815
2511,0.0,4932.489011539317,9.772305286817174e-06,0.0002671624268779636,0.4615966955212186,0.004684640429706134,0.35112711742110947,-0.00234127941224183
2512,0.0,4929.160832367655,0.0,0.0006969447821505896,0.7001551904002531,0.012606663995570781,0.45583553931485254,0.0021431036101019533
2513,0.0,4933.179683790299,0.005515735115298068,0.006262074164210419,0.5692604764264008,-0.006023070393178887,0.489863020448317,-0.00030674859088229895
2514,0.0,4931.302326965413,0.013913321622301503,0.001880772050521073,0.4369507740612782,0.0016915416492761012,0.47398934653220526,0.0002927384811652211
2515,0.0,4930.390711713597,0.0013040290419116614,0.0016340638289088626,0.5960753205546946,0.0022065307867379026,0.510615138738952,0.0008668761728370255
2516,0.0,4931.46937666435,0.0,0.004079503785457633,0.7146360767028163,-0.002588274405816162,0.5718214201281112,-0.0001696690007589308
2517,0.0,4935.328185172907,0.0036516374607080135,0.009121660155195822,0.44143323379451,-0.008935110864500977,0.5327049642280308,-0.0027993015598815445
2518,0.0,4936.033544753915,0.0,0.0028866952037376707,0.45802519266930086,-0.0011761230196457627,0.5103010327604118,-0.00231234799781081
2519,0.0,4942.923705082512,0.0,0.011342213726459105,0.7468927462016152,-0.011342213726459105,0.5812785467927728,-0.005021307716405298
2520,0.0,4941.915260336564,0.0013040290419116614,0.0016047838751955354,0.6405771735083703,0.0047188435399629775,0.599068134807452,-0.0020992623394948152
2521,0.0,4943.470985590962,0.0,0.001336548155729802,0.5885213317870106,0.0020769038554033915,0.5959040939013196,-0.0008464124810253531
2522,0.0,4944.501911905475,0.0,0.0027539996614609264,0.6694248824054588,7.423563511571231e-05,0.6179603304525614,-0.0005702180461830334
2523,0.0,4947.015760121216,0.0,0.0045116466684411004,0.6623659689930678,-0.004331745029801654,0.6312820220147133,-0.0016986761412686195
2524,0.0,4947.922161676789,0.0,0.0035514424178154937,0.696532210281355,-0.0012235812701173205,0.6508570784947058,-0.0015561476799232296
2525,0.0,4949.9623837810195,0.0,0.0034445729441287096,0.9218949575941983,-0.0024161689166616995,0.7321684422245535,-0.0018141540509447707
2526,0.0,4954.676615403095,0.0029830053249636996,0.00829828079707853,0.30595255455816467,-0.008124738960613036,0.6043036759246367,-0.0037073295238452503
2527,0.0,4954.677503162253,0.0,0.0017066249570673053,0.7752509518481607,0.0020423663683130653,0.6555878587016939,-0.001982420756197756
2528,0.0,4960.2288892293955,0.015985626580652224,0.007641090727025508,0.4399462345377518,-0.007620985187700889,0.5908953714525111,-0.003673990085648696
2529,0.0,4961.113810988242,0.0,0.0018366186366990725,0.6552651155543249,0.0003745175436797164,0.6102062946830553,-0.002459437796850172
2530,0.0,4962.605408976531,0.01628260140449335,0.0013839295265566584,0.4947321062035017,0.0008220537718160356,0.5755640381391892,-0.0014749903262503096
2531,0.0,4965.103763372133,0.029476319609374208,0.0027547680004362755,0.4163796229046654,-0.0025815326888561758,0.5278087135688321,-0.0018069530350320693
2532,0.0,4965.519337903184,0.00024143279887690024,0.0015617786857347541,0.5701918892636978,0.0007459576932804949,0.5405236662772918,-0.0010410798165383
2533,0.0,4963.047452488451,9.919257246017491e-06,0.0006025369477697148,0.612142600781367,0.007075382351207531,0.5620093466285143,0.001393858833785449
2534,0.0,4965.794396745038,0.04236870332336815,0.005399983040421964,0.4516188025518729,-0.004696419843736122,0.5288921834055219,-0.00043322476947102223
2535,0.0,4964.145924354094,0.0032355885461762624,0.0014472069231337688,0.38028757151998344,0.0020004322280017723,0.48431079983986036,0.0002968723297708161
2536,0.0,4966.982628457051,3.867622823394803e-05,0.005495993000920268,0.4856416870901222,-0.005470894093367654,0.4847100660149389,-0.001433457597170725
2537,0.0,4962.316284642115,0.0,3.653889827939647e-06,0.7024173682438927,0.00947203500415435,0.550022256683625,0.0018381901832267976
2538,0.0,4966.327450156232,0.0,0.007169938427819678,0.8000779985514052,-0.006940001081661045,0.625038979243959,-0.0007952671962395551
2539,0.0,4966.403027515898,0.0,0.0033506629743409776,0.6629949192473542,-0.002039098140320575,0.6364257612449775,-0.001168416479463861
2540,0.0,4969.961770942313,0.030808379409281817,0.006725196413093566,0.2711319172214811,-0.006536961455637108,0.5268376080379286,-0.0027789799723158346
2541,0.0,4972.121212865003,0.00026730066581259277,0.003358667792391871,0.6824430030674402,-0.003165946007316724,0.573519226546782,-0.002895069782816101
2542,0.0,4972.915222879401,0.023992663435022675,0.0013236876167285676,0.36762736700942417,0.0013612111821150541,0.5117516686855746,-0.0016181854933367545
2543,0.0,4972.654581475545,0.0,0.0015046464604500614,0.7152576557892699,0.0036261250106908306,0.5728034648166832,-4.489234212847891e-05
2544,0.0,4975.244802573115,0.07626281957866912,0.004294848426634683,0.11244697731839941,-0.0037088135501228306,0.43469651856719804,-0.0011440687045267844
2545,0.0,4976.327443882564,0.014852910109284306,0.0033054650563323494,0.49014082674392945,-0.002161070342280324,0.45132981102021746,-0.0014491691958528462
2546,0.0,4975.549976150763,0.0,0.001381328654913154,0.7455022441782381,0.0028718447249618004,0.5395815409676236,-0.0001528650196084522
2547,0.0,4974.486348890635,0.0,0.0010726571491979121,0.4790762063720612,0.0037318107467625957,0.5214299405889549,0.001012537710302862
2548,0.0,4977.580248264918,0.0,0.00655909362600689,0.631823893957367,-0.006328578372258966,0.5545481265994785,-0.0011897971144656863
2549,0.0,4978.841187451204,0.04283922119433303,0.005135292900330584,0.30761376329999923,-0.0036321085398934,0.4804678176096347,-0.0019224905420940003
2550,0.0,4976.7047333975925,0.004344982181186039,0.001340942051741844,0.33027229935232194,0.005770421711848192,0.43540916213244085,0.0003853831340886575
2551,0.0,4977.909082308989,0.0,0.0010034294642235276,0.5954565051975184,-0.0005225235479825442,0.48342336505196404,0.00011301112946729698
2552,0.0,4977.328443162504,0.002098645849303127,0.002314317218621025,0.5082738775370328,0.0008035153267740906,0.4908785187974847,0.00032016238865933505
2553,0.0,4980.692296176436,0.03754362550321836,0.007148642269871545,0.2808304958105039,-0.007139087138413073,0.4278641119013904,-0.0019176124694623873
2554,0.0,4981.517601805135,0.0,0.003581213961474097,0.6533322444579899,-0.001972988695082753,0.49550455166837026,-0.001934225337148497
2555,0.0,4986.700226663551,0.0,0.008759289095192106,0.6309972363267972,-0.00871902941029313,0.5361523570658983,-0.003969666559091887
2556,0.0,4991.236513592938,0.0,0.0072703769367323005,0.4194222784416352,-0.0072703769367323005,0.5011333334786193,-0.004959879672384011
2557,0.0,4992.88926487172,0.0,0.0026522279822159727,0.7540610533080188,0.0008984991546073974,0.5770116494274391,-0.0032023660242865883
2558,0.0,5000.455418308447,0.0,0.010462846416771312,0.7805568010703964,-0.010462846416771312,0.6380751949203263,-0.005380510142032006
2559,0.0,5002.598614499933,0.0,0.0033282833986350642,0.8308535696357199,-0.0009050062010460667,0.6959087073349444,-0.004037858959736224
2560,0.0,5005.704952747268,0.0,0.002379575080924825,0.6552813138085614,-0.0006985958273425165,0.6837204892770294,-0.0030360800200181118
2561,0.0,5009.712426734306,0.09627358972878018,0.004780505168007155,0.3617886675520403,-0.004016297722433479,0.5871409427595327,-0.003330145330742722
2562,0.0,5011.524065353653,0.0,0.0018645394476058854,0.6998660704339653,-0.0004729077140097106,0.6209584810618625,-0.0024729740457228185
2563,0.0,5011.323421069674,0.0,0.0005840867450009804,0.6898038616083506,0.0039899508963856245,0.6416120952258089,-0.0005340965630902855
2564,0.0,5012.160078610379,0.0,0.0009361597510531291,0.767103359613076,0.000855232111288653,0.6792594745419889,-0.00011729796077660393
2565,0.0,5015.093045293501,0.070998837347816,0.005616789898260318,0.4189907884270174,-0.005549109254920486,0.6011788687074974,-0.0017468413490197684
2566,0.0,5015.013973590832,0.18537623355949914,0.0023717642507650035,-0.14913321948650496,0.00035970314591106904,0.3760852422492967,-0.0011148780005405172
2567,0.0,5016.83447462296,0.0009745752572769129,0.0033904063825339384,0.6041459786071185,-0.0019266308283497472,0.4445034631566432,-0.0013584038488832861
2568,0.0,5016.66227823698,0.0,0.001765793342128155,0.7780136365550439,0.0015766738817276302,0.5445565151761633,-0.00047788052970001126
2569,0.0,5016.277752313399,0.0,0.0005006835658602214,0.5478429884233793,0.0022360113721168664,0.5455424571503281,0.00033628704084505206
2570,0.0,5014.689449046419,0.0,0.0005675910393517883,0.5566193167812673,0.0037927453979422552,0.5488655150396099,0.001373224547974213
2571,0.0,5012.954005119564,0.0,0.0005812005902880102,0.669582413467979,0.0032079914905705042,0.5850805845681206,0.0019236546307531003
2572,0.0,5011.604499281625,0.0,0.0015104014005002894,0.7588979469506938,0.001300875981952078,0.6372257932828925,0.0017368210361127935
2573,0.0,5010.869455875678,0.007863256424310593,0.0021676297860577765,0.3592905501507703,-0.000544834021148464,0.5538452203432558,0.0010523245189344162
2574,0.0,5007.766883628494,0.007806680670745338,0.00025507352117497056,0.428401036947396,0.004610656747392499,0.5162119653244979,0.0021198241874718408
2575,0.0,5009.382805962768,0.015132328857895661,0.004654868771045961,0.40414847715042834,-0.004551002244770381,0.482592918872277,0.00011857625779917416
2576,0.0,5011.351107533496,0.0,0.0063439908449596264,0.6722464641595729,-0.006313719145043976,0.5394889824584658,-0.0018111123630537708
2577,0.0,5014.891491032399,0.06361602690758908,0.007480026075674833,0.28483999843139735,-0.007423852876127059,0.4630942872503452,-0.0034949345169757572
2578,0.0,5019.0460014648825,0.0,0.0066230324179530516,0.5644932853006346,-0.0066230324179530516,0.493513986665432,-0.004433363887268945
2579,0.0,5025.526024110752,0.007497538082855397,0.009674766895074731,0.3065272154403163,-0.009674766895074731,0.4374179552978973,-0.006005784789610681
2580,0.0,5030.7823186425085,0.0,0.0062188865783668916,0.5547033965259782,-0.006082285192354657,0.4726035876663215,-0.006028734910433873
2581,0.0,5036.660993356647,0.0,0.006053416796280255,0.7292494423251661,-0.005740015877342082,0.5495973440639749,-0.0059421192005063355
2582,0.0,5038.942275543016,0.0027900589701579026,0.0012761949482991714,0.5240195447834862,0.001774849276788157,0.5419240042798282,-0.0036270286573179874
2583,0.0,5044.42154643736,0.0,0.005517899790038069,0.6717600404318986,-0.005074314001968426,0.5808748151254494,-0.004061214260713119
2584,0.0,5046.889816521907,0.0,0.0035076349957735243,0.9161412303190483,-0.0011948572305709054,0.681454739683529,-0.003201307151670455
2585,0.0,5050.70950024558,0.0,0.0039038325897470657,0.6523284034200854,-0.003593855104754583,0.6727168388044958,-0.003319071537595693
2586,0.0,5052.22316042378,0.019732567021729434,0.0022506926503701734,0.37062088687075806,0.0003195308924718948,0.5820880532243745,-0.0022274908085754166
2587,0.0,5051.187420966078,0.0,0.00033806925778012383,0.6693608251844434,0.005707968838901181,0.6082698848123952,0.00015314708566756263
2588,0.0,5056.089733398032,0.058311100796166186,0.007912344105740723,0.15191916486284002,-0.007899229102873348,0.47136466882752864,-0.0022625657708947103
2589,0.0,5058.434472907263,0.0,0.005682125091991933,0.48800965996275975,-0.0049501286180156125,0.4763581661680979,-0.003068834625030981
2590,0.0,5061.955068487746,0.0,0.004856828451583169,0.7702722540940805,-0.004849866671945976,0.5645323925458926,-0.0036031442391054793
2591,0.0,5065.785384133168,0.0030691947026178696,0.005068647871465132,0.6236528577593554,-0.004632990516924225,0.5822685321099315,-0.003912098122451102
2592,0.0,5067.847462458273,0.0,0.0032167057414679377,0.5930792014283646,-0.0003797171731331624,0.5855117329054613,-0.00285238383765572
2593,0.0,5071.723400577018,0.008602303341755406,0.005039490636064433,0.6431015376104465,-0.0038809195432626988,0.6027886743169568,-0.0031609445493378137
2594,0.0,5072.49982085234,0.0,0.0010315173802067069,0.39957756967899827,0.0014853969468596817,0.5418253429255693,-0.0017670421004785648
2595,0.0,5074.690319967164,0.0,0.0018232219390432233,0.9015452517546055,-0.0011972624961384868,0.6497413155742802,-0.0015961082191765412
2596,0.0,5073.0587463170195,0.0,0.00020873927819389543,0.4963204590741448,0.005306285134933688,0.6037150586242396,0.0004746097870565278
2597,0.0,5077.837653814694,0.21674519671287315,0.008313840525319159,0.02491880646326496,-0.008313219966306233,0.4300761829759472,-0.0021617391389523004
2598,0.0,5080.656495046724,0.029284522523167253,0.006413986761908771,0.36917273161676895,-0.00627689863079086,0.41180514756819364,-0.0033962869865038683
2599,0.0,5081.929185775825,0.004842569879360137,0.001355050157471961,0.44558175313580184,-0.0002581154581157103,0.42193812923847607,-0.0024548355279874205
2600,0.0,5084.672085745357,0.02902354030485342,0.0032091896695328175,0.32456348030527865,-0.0020742911785847588,0.39272573455851684,-0.0023406722231666217
2601,0.0,5088.956625179962,0.002098645849303127,0.006619412085925107,0.5896601283178243,-0.006271475471141441,0.4518060526863091,-0.0035199131975590676
2602,0.0,5092.668188005612,0.0,0.005300804142350001,0.7798747695178458,-0.005147559271073508,0.5502266677357701,-0.004008207019613399
2603,0.0,5097.649606805882,0.0,0.006657565377099218,0.7010022299905094,-0.006544370960621522,0.5954593364121918,-0.004769056201915835
2604,0.0,5097.877402831537,0.0,0.0005593496620764111,0.8441133152781264,0.003899351267063019,0.6700555300719722,-0.0021685339612221794
2605,0.0,5100.9775458502145,0.032132723009205374,0.003961443796584255,0.33960225768639357,-0.0014005088301976742,0.5709195483562985,-0.0019381264219148276
2606,0.0,5096.112895318984,0.0,9.347307030467645e-05,0.7730454561079899,0.01247433341724995,0.6315573206818059,0.002385611529834606
2607,0.0,5099.7493256888365,0.050433684711061674,0.005959048581787287,0.3819656422868742,-0.005656415394775852,0.5566798171633264,-2.6996547548531523e-05
2608,0.0,5102.931083689258,0.02341791408060395,0.009112549654975646,0.19670509695160293,-0.009112549654975646,0.4486874010998093,-0.0027526624797766658
2609,0.0,5105.573354126628,0.000691413120854776,0.0057589995944174605,0.5423154311546259,-0.005361914404167224,0.47677581011625425,-0.0035354380570938333
2610,0.0,5109.93475703608,0.0,0.0061693378969024885,0.5878650396103939,-0.006071589392546014,0.5101025789644962,-0.004296283457729488
2611,0.0,5111.550116411036,0.0,0.0014881979636921369,0.8464315896611148,0.0004964277557195551,0.6110012821734817,-0.0028584700936947747
2612,0.0,5115.964132647891,0.02507539812636056,0.005345199575549731,0.41176917279335357,-0.004601468971078023,0.5512316493594432,-0.003381369756909749
2613,0.0,5116.128446923024,0.00011412840857129163,0.0021794560489395284,0.5138557865145058,0.0027761420142779878,0.540018890505962,-0.0015341162255534278
2614,0.0,5116.490760569501,0.0,0.0016198463342758796,0.7242552618409889,0.0028313615760181656,0.5952898019064701,-0.00022447288508194976
2615,0.0,5119.327543077117,0.00026730066581259277,0.00492134848710794,0.5499910721678772,-0.004302572785703274,0.5817001829848922,-0.001447902855268347
2616,0.0,5122.438476421947,0.017831998818697976,0.006291489238037739,0.3552342624957075,-0.006186955927465563,0.5137604068381368,-0.002869618776927512
2617,0.0,5127.87411222422,0.1434920603476442,0.009987335959394128,-0.030856630748908365,-0.009696441664793772,0.3503752955620233,-0.00491766564328739
2618,0.0,5132.321767799845,0.0,0.006087107991260396,0.6551704108829991,-0.006071860154781116,0.441813830158316,-0.005263923996735508
2619,0.0,5138.293922350479,0.048209414731452876,0.0071299490255438535,0.36004413640493893,-0.007100090102199086,0.4172829220323028,-0.005814773828374581
2620,0.0,5139.493297146095,0.00034895810815298035,0.0015886871571347036,0.47039157750098626,0.003226838915249882,0.43321551867290786,-0.0031022900052872417
2621,0.0,5143.011818331426,0.002098645849303127,0.0030487769501428156,0.5256643127453926,-0.0011439343146636514,0.46095015689465324,-0.002514783298100165
2622,0.0,5147.783043748507,0.00012809561823393342,0.006721922934662055,0.515871396395995,-0.006603718225991085,0.47742652874505576,-0.0037414637764674407
2623,0.0,5151.857931044293,0.012831523901662787,0.005875168096162332,0.2947874086107065,-0.005713888273345681,0.42263479270475096,-0.004333191125530912
2624,0.0,5152.391358478085,0.002098645849303127,0.0015543366852375589,0.668352244406506,0.002966600576983541,0.49635002821527746,-0.0021432536147765763
2625,0.0,5150.914586205146,0.0011901239110193925,0.0008867000936055252,0.41787847692387886,0.0076796518916676625,0.4728085628278579,0.0008036180371566953
2626,0.0,5151.167050400552,0.0,0.000995172475799864,0.6619536391341563,0.001673104690079522,0.5295520857197473,0.0010644640330335433
2627,0.0,5151.583012073978,0.0,0.002995606080570646,0.5937169491673471,-0.001748041609717577,0.5488015447540272,0.00022071234020820717
2628,0.0,5146.700858040574,0.000691413120854776,0.0002060079383536743,0.5454491233071703,0.009053141187672751,0.54779581831997,0.00287044099444757
2629,0.0,5142.213753217888,0.0,5.100060338092918e-05,0.7869437829257198,0.00899862465144557,0.6195402077016949,0.00470889609154697
2630,0.0,5140.862847906972,0.0,0.0028262665200714347,0.6180899158567773,-0.0003718606419587324,0.6191051201482196,0.003184669071495259
2631,0.0,5138.2233568310685,0.0,0.001798308589317172,0.6722961064257884,0.0004611451014578493,0.6350624160314902,0.002367611880484036
2632,0.0,5138.595168090234,0.009469566813933314,0.004345092475278515,0.41585799041067373,-0.004190620901089266,0.5693010883452452,0.00040014204601204533
2633,0.0,5139.878019685406,0.0,0.005276365789064339,0.764364598429367,-0.005155542450696277,0.6278201413704817,-0.0012665633030004512
2634,0.0,5140.299652743331,0.0,0.002111449535668861,0.7908047462004574,-0.0012424433643141509,0.6767155228194743,-0.001259327321394561
2635,0.0,5140.862230481892,0.0,0.0019201984227080122,0.5409542825810685,0.0001997717903467536,0.6359871507479525,-0.0008215975878721664
2636,0.0,5142.3555575916525,0.007515982408322135,0.0034973371385980593,0.38148128271644277,-0.0017650656193862002,0.5596353903384995,-0.0011046379973263763
2637,0.0,5144.0531461352975,0.019425685723771135,0.004038330246475977,0.38731337745241645,-0.0026347853953392446,0.5079387864726745,-0.0015636822167302369
2638,0.0,5148.18573468294,0.009469566813933314,0.00810898200678191,0.47584675311738206,-0.007393741468011401,0.4983111764660868,-0.003312699992114586
2639,0.0,5151.997334477732,0.20837593022490225,0.007273225014116856,-0.11392587928407909,-0.006173968097051329,0.314640059741037,-0.004171080423595609
2640,0.0,5153.959401696799,0.0019643417860351637,0.0025813921065148894,0.5091110336518079,-0.0004631158636209161,0.37298135191426823,-0.003058691055603201
2641,0.0,5157.283244146392,0.0,0.003029693177179046,0.6849816274478088,-0.0024523508680868353,0.4665814345743304,-0.002876788999348291
2642,0.0,5156.658526512197,0.0009745752572769129,0.0010679616891023673,0.44888071548437436,0.004607497795800611,0.46127121884734357,-0.0006315029608036204
2643,0.0,5156.784677926725,0.0,0.0005463949441271829,0.6172842075482378,0.002760152384087025,0.5080751154576117,0.0003859936426635732
2644,0.0,5157.329666412575,0.0,0.002973941754530689,0.5803008628208873,-0.0004936601631266839,0.5297428396665944,0.00012209750092649605
2645,0.0,5160.638765751967,0.014249209467987214,0.007377635329684227,0.4442707508712728,-0.007301121064050321,0.5041012130279979,-0.0021048680685665493
2646,0.0,5164.051730253286,0.0,0.007263099828098499,0.6341977970996201,-0.007149824771686852,0.5431301882494846,-0.00361835507950264
2647,0.0,5162.729662017664,0.0,0.0022758345477904415,0.9130228237256065,0.0050976445239480596,0.6540979788923211,-0.00100355519846743
2648,0.0,5167.092472230269,0.0,0.006074115222921403,0.5849758710826964,-0.005278253268509303,0.6333613465494337,-0.0022859646194799913
2649,0.0,5169.678306561741,0.0,0.0059546174757759375,0.7456585670327316,-0.004246536333016907,0.667050512694423,-0.002874136133541066
2650,0.0,5167.936010676826,0.0,0.0001328786772564371,0.6731850383792456,0.006130751911094373,0.6688908703998697,-0.00017266972015043437
2651,0.0,5171.79540360048,0.0,0.005147780752418626,0.5647783151264312,-0.005039315546834145,0.6376571038178381,-0.0016326634681555474
2652,0.0,5177.088268338048,0.08076080736142556,0.011029619465430773,0.20212377281348923,-0.010778909600267441,0.5069971045165335,-0.004376537307789115
2653,0.0,5178.416388680666,0.0,0.0022144672669894626,0.8481712970478579,-0.0008838705466355352,0.6093493622759307,-0.0033287372794430408
2654,0.0,5181.377841719884,0.0025622923163736372,0.0038905091862728998,0.632147252778295,-0.001472103416114524,0.6161887294266399,-0.0027717471204444857
2655,0.0,5182.050953199326,0.0,0.0020207938256200067,0.7098510435728467,0.0021806085472684724,0.644287423670502,-0.0012860404201305983
2656,0.0,5183.47710497236,0.05783048559192323,0.0015602426360743335,0.31665533433819243,-3.032792585300425e-05,0.5459977968708091,-0.00090932667184732
2657,0.0,5183.392222377393,0.0,0.0015520101736944175,0.6156382222193254,0.001554352788478438,0.566889924475364,-0.00017022283374959257
2658,0.0,5184.17014833112,0.007253017972967843,0.002106978943886984,0.3174267058908,-0.0006663711690177679,0.4920509588999948,-0.0003190673343300451
2659,0.0,5181.178140162583,0.0,0.0003790624652374494,0.6554342490080566,0.00642396027520577,0.5410659459324133,0.0017038409485306994
2660,0.0,5182.484012874858,0.003618655286169327,0.0038295672114684078,0.37935493666318654,-0.0024591997168366764,0.49255264315164526,0.00045492874892048656
2661,0.0,5181.6998090500565,0.04724514507592938,0.0009325491096206018,0.3468807401601853,-0.00016003171758377188,0.4488510722542073,0.00027044060896920904
2662,0.0,5184.448986108276,0.00108256360340557,0.006814464169979926,0.5995172186467848,-0.006212604676791804,0.4940509161719805,-0.0016744729767590948
2663,0.0,5186.287647755838,0.0520991971046508,0.004264767176944643,0.24614079266200403,-0.004042484359400012,0.4196778791189875,-0.0023848763915513696
2664,0.0,5190.592367680888,0.059623946702793376,0.007125796828786625,0.13980284116650707,-0.007124553976748358,0.33571536773324334,-0.003806779667110466
2665,0.0,5192.222392535318,0.0,0.002632181130574423,0.724328751453131,-0.0007530230527343625,0.4522993828492096,-0.0028906526827976345
2666,0.0,5198.827797717092,0.0009745752572769129,0.009675421447004676,0.5692604764264008,-0.009675421447004676,0.487387710922367,-0.004926083312059747
2667,0.0,5196.331202114628,0.0,0.0,0.8090596585450381,0.008417590854383402,0.5838892952091683,-0.0009229810621268026
2668,0.0,5198.845935030256,0.0,0.00338173744291784,0.6835223606807729,-6.923257990884993e-05,0.6137792148506497,-0.0006668565174614168
2669,0.0,5199.923808569051,0.000691413120854776,0.0023485206963878213,0.5426984256934629,-0.0012563455778809528,0.5924549781034937,-0.0008437032355872775
2670,0.0,5202.24724751885,0.032849366799578776,0.005469032006381886,0.3595482034417242,-0.0041107013049091,0.5225829457049628,-0.0018238026563838243
2671,0.0,5203.016861884358,0.0,0.004041304054128068,0.6840831201302181,-0.0006485139470561257,0.5710329980325394,-0.0014712160435855146
2672,0.0,5207.075452626574,0.010373993495368241,0.006838224272898587,0.396236598083837,-0.006494302277401061,0.5185940780479287,-0.0029781419137301784
2673,0.0,5210.31668613048,0.0,0.005121557797946044,0.4319487006419722,-0.005095963841331122,0.4926004648261417,-0.0036134884920104612
2674,0.0,5207.12435689659,0.0,7.075851772684732e-05,0.8892384082239309,0.009903479084573013,0.6115918478454785,0.00044160178096458143
2675,0.0,5209.359567489616,0.0,0.002302572474099495,0.6654137691940493,-0.0009110382971670982,0.6277384242500497,3.580975752507753e-05
2676,0.0,5209.185511206676,0.0,0.002018203159354066,0.6531964700008074,-9.887667227612391e-05,0.635375837975277,-4.596171415282899e-06
2677,0.0,5211.805011050374,0.0,0.006120804948350318,0.7258756766668576,-0.005494401664647847,0.6625257895827511,-0.001651537819385052
2678,0.0,5213.746405492911,0.07620907088828173,0.004863785514129267,0.23133750173164247,-0.00397097000092157,0.5331693032274185,-0.002347367473846007
2679,0.0,5213.767676043311,0.0,0.0011002518319896298,0.7064002939605198,0.0017738452266008627,0.5851386004473489,-0.001111003663711946
2680,0.0,5216.541264292719,0.03745291766427301,0.0035736369186694325,0.21985640474460236,-0.0032868425816851166,0.47555394173652493,-0.001763755339103897
2681,0.0,5214.626798005808,0.0,0.0009415944569637901,0.904420460811047,0.0052192567198910455,0.6042138974588815,0.00033114827859458584
2682,0.0,5212.735397390799,0.003464447832213068,0.0012673131832696529,0.45048591381259745,0.005763865247894938,0.5580955023649963,0.0019609633693846917
2683,0.0,5214.451144484562,0.000691413120854776,0.0047209909400466555,0.43071192511855005,-0.004001126042600897,0.5198804291910624,0.00017233654578901504
2684,0.0,5219.521755308665,0.06727376790908383,0.012613623416064555,0.4101822491967338,-0.012613623416064555,0.4869709751927638,-0.003663451442767056
2685,0.0,5215.302786854231,0.0,1.050887938463083e-05,0.672490034100962,0.008762644188321365,0.5426266928652232,6.437724655947033e-05
2686,0.0,5218.303845051834,0.0,0.003221548521518527,0.7312456880031184,-0.002438791710729143,0.5992123914065918,-0.0006865734406271137
2687,0.0,5219.7861178046505,0.00012809561823393342,0.0037510301698070745,0.6975154906916552,-0.0031265206401741904,0.6287033211921108,-0.0014185576004912366
2688,0.0,5221.486491911019,0.00945721457157487,0.0034262227500131384,0.36363743197342824,-0.0027681588209252654,0.549183554426506,-0.0018234379666214452
2689,0.0,5225.383486994075,0.007435277832819201,0.0066025863690415115,0.45802915703656,-0.006565099007246048,0.5218372352095222,-0.0032459362788088255
2690,0.0,5228.850917928224,0.0,0.005800893769269069,0.5515102265332515,-0.005189152552629814,0.530739132606641,-0.0038289011609551216
2691,0.0,5233.195954387624,0.042219366239689575,0.005978503764492454,0.3304646798269886,-0.005511438118283609,0.4706567967727452,-0.004333662248153667
2692,0.0,5235.403595584593,0.0,0.0036767438039899147,0.666676752147178,-0.0004302445240200573,0.529462783385075,-0.003162636930913584
2693,0.0,5239.265331045492,0.03399741989158183,0.004145452417708464,0.3190942523590998,-0.0033992741629219124,0.4663522240772824,-0.0032336281005160825
2694,0.0,5245.2120431768635,0.038758352635222856,0.008960456192148204,0.4813066270239003,-0.008959835633135276,0.4708385449612677,-0.00495149036030184
2695,0.0,5244.630745389374,0.0,0.0007062552820342374,0.6003854489793535,0.004785711760319804,0.5097026161666934,-0.0020303297241153467
2696,0.0,5248.1448612205195,0.0,0.003480904573717,0.39404577624479814,-0.0020786751177332727,0.47500556419012485,-0.0020448333422007246
2697,0.0,5249.529156287739,0.0,0.002299592105990674,0.6746354542597929,-0.0006838198714952287,0.5348945312110251,-0.0016365293009890757
2698,0.0,5253.501984234938,0.016553033591690525,0.006170492419144088,0.4506588094616511,-0.00607850143766524,0.5096238146862129,-0.002969120941991925
2699,0.0,5251.517324956495,0.0008685559147197939,0.0004065360940236839,0.5113024290365221,0.00596313822453669,0.5101273989913057,-0.0002894431920333403
2700,0.0,5251.787084862545,0.0,0.0016210573815963534,0.4744854851810942,0.0025428946433041387,0.4994348248482422,0.0005602581585679033
2701,0.0,5253.902143781526,0.006601011257519157,0.005277749064222889,0.5286180585351555,-0.004128213512782066,0.5081897949543162,-0.0008462833428370875
2702,0.0,5254.068925245361,0.0,0.0016639666037400699,0.5167329563343745,-0.0008958018255459359,0.5107527433683337,-0.0008611388876497419
2703,0.0,5255.074020392266,0.0,0.002780061902250086,0.8394312639892214,-0.0011765222869426543,0.6093562995545999,-0.0009557539074376157
2704,0.0,5256.112577448128,0.0004553693345490983,0.0035987358291546525,0.6068734470477088,-0.0012268177789361459,0.6086114438025325,-0.0010370730688871747
2705,0.0,5257.382224884958,0.0,0.0027483443528648617,0.7127633021076581,-0.0016063104619439654,0.6398570012940702,-0.001207844286804212
2706,0.0,5257.861387088138,0.0,0.002552820349975058,0.7477375734516782,0.00013235670208289988,0.6722211729413525,-0.0008057839901380783
2707,0.0,5256.6754394603195,0.0004553693345490983,0.0019476166994964192,0.46122853751859216,0.0037624696896342486,0.6089233823145244,0.0005646921137936197
2708,0.0,5257.127927469548,0.020986992333417755,0.0019604265715690615,0.4081080460060256,-0.00012685386757379027,0.5486787814219747,0.00035722831938339664
2709,0.0,5258.220803668091,0.007772734008722076,0.003423152993367529,0.5698760609408093,-0.0028799308788088835,0.5550379652776251,-0.0006139194400742874
2710,0.0,5259.605299365558,0.007772734008722076,0.004877066955870117,0.5107720845847742,-0.0032308988924087184,0.5417582010697698,-0.0013990132757746166
2711,0.0,5260.022542249261,0.0002474006345382189,0.0018728145420420046,0.5079609580511149,-0.00017146437114861602,0.5316190281641733,-0.0010307486043868164
2712,0.0,5262.910464860634,0.0,0.004870623827895365,0.5559380402716382,-0.004516252086246838,0.5389147317964127,-0.002076399648944823
2713,0.0,5265.539877123851,0.0004553693345490983,0.004785653913957599,0.5862042024655919,-0.004317729100089771,0.5531015729971664,-0.002748798484288307
2714,0.0,5268.778495840096,0.016312985412085763,0.004487910706056288,0.30315632591163544,-0.004469672754350569,0.47811799887150713,-0.0032650607653069855
2715,0.0,5274.205644199564,0.003618655286169327,0.008307803688215865,0.37060869400811125,-0.008307183129202938,0.44586520741248836,-0.00477769747447577
2716,0.0,5272.254145503134,0.0,0.0002321455848156739,0.790604361095571,0.007665797976194651,0.5492869535174132,-0.0010446488392746437
2717,0.0,5273.112291322152,0.0,0.001678391546401368,0.6335522956855875,0.0032324914479278334,0.5745665561678654,0.00023849324688609945
2718,0.0,5276.441832548858,0.0,0.006705201121464277,0.5831176091184629,-0.005858305566679411,0.5771318720530446,-0.0015905463971835538
2719,0.0,5277.54064985043,0.0,0.004059516689691137,0.6883454617098564,-0.002471360410566205,0.6104959489500881,-0.0018547906011983492
2720,0.0,5282.074526696301,0.10520177098331453,0.0077774101242009085,0.08276143126670128,-0.007711474656782676,0.45217559364507204,-0.0036117958178736474
2721,0.0,5288.132144358254,0.059504546857849484,0.010559883957863675,0.3764886625830117,-0.010537471760406565,0.42946951432645397,-0.005689498600633523
2722,0.0,5289.642439645538,0.0022844914484175917,0.0013015505769127808,0.5551708427907713,0.0008529012368034666,0.4671799128657491,-0.003726778649402426
2723,0.0,5295.230260829572,0.0,0.006181026190742554,0.5691228361818188,-0.0055594506473558465,0.49776278986057,-0.004276580248788452
2724,0.0,5296.235976069175,0.0,0.0008424648606784327,0.6238464048180384,0.001965011854320729,0.5355878743478105,-0.0024041026178556976
2725,0.0,5299.4050009565935,0.004842569879360137,0.003663199346824164,0.48652909726249505,-0.002047193147222636,0.5208702412222158,-0.002297029776665779
2726,0.0,5299.994874844801,0.016311593438843343,0.0010710687239936846,0.32319194799567974,0.0013710792005298454,0.461566753254255,-0.0011965970835070914
2727,0.0,5303.763608391308,0.00376413062059968,0.0055262202201969675,0.37352763976320014,-0.0054089306593821124,0.43515501920693855,-0.0024602971562695977
2728,0.0,5310.766890765014,0.08923398870711478,0.013241203935055838,0.1086867869206901,-0.013241203935055838,0.337214549521064,-0.00569456918990547
2729,0.0,5311.249936259662,0.0,0.002127865976737861,0.808176377882732,0.0017937384735093606,0.47850309802956437,-0.0034480768908810204
2730,0.0,5311.016685249446,0.0,0.0002552071032149408,0.6069131063420129,0.006561452381221765,0.5170261005232989,-0.0004452181092501851
2731,0.0,5310.931358916269,0.0,0.0006872132031505978,0.6423190449156306,0.003788060710002516,0.5546139838409984,0.0008247655365256252
2732,0.0,5310.9980431878985,0.0,0.0014074938455260072,0.7473844153443698,0.00029047806721927024,0.6124451132920098,0.0006644792957337187
2733,0.0,5309.356593572639,0.0,0.00018239260842423344,0.3788082142472606,0.002532869293921238,0.542354043578585,0.0012249962951899744
2734,0.0,5309.98229074777,0.011770436539856271,0.0035720750594648645,0.4064261531793941,-0.0020467432268789893,0.5015756764588277,0.0002434744385692852
2735,0.0,5312.26720243025,0.006092375021467147,0.006046415247596706,0.3798817200762847,-0.006046415247596706,0.46506748954406474,-0.0016434924672805121
2736,0.0,5317.308616194996,0.0,0.010688085697260518,0.5205070017213077,-0.010688085697260518,0.4816993431972376,-0.004356870436274514
2737,0.0,5321.973438698256,0.06199805388679176,0.007840827472457674,0.17931831648116384,-0.00782487262686399,0.39098503518241545,-0.005397271093451356
2738,0.0,5328.065687506747,0.0004553693345490983,0.008221471668350133,0.5331691956466861,-0.007928892017677738,0.43364028332169663,-0.00615675737071927
2739,0.0,5331.451621911616,0.0,0.0030232867528768616,0.6823868284287341,-0.0011753410640163748,0.5082642468538079,-0.004662332478708401
2740,0.0,5334.404926286529,0.0,0.0012700408785088467,0.7242767798137489,0.0004548353333770033,0.5730680067417901,-0.0031271821350827796
2741,0.0,5338.950164413266,0.002098645849303127,0.005097519368906653,0.45905790304188654,-0.004482350509752782,0.538864975631819,-0.00353373264748378
2742,0.0,5340.941874163477,0.0,0.0017929008364242938,0.63073260801777,-0.0007446750619187392,0.5664252653476043,-0.002697015371814268
2743,0.0,5347.872265784918,0.0013040290419116614,0.010644968729715416,0.5918069911151029,-0.010644968729715416,0.5740397830778539,-0.005081401379184612
2744,0.0,5346.794521341926,0.018662905694776796,0.00010871751371572162,0.44736065396731167,0.005266416992671682,0.5360360443446912,-0.0019770558676277233
2745,0.0,5349.227877290378,0.0,0.0020122396832810046,0.7889839322788661,0.0003060122051952387,0.6119204107249436,-0.0012921354457808346
2746,0.0,5348.633717798635,0.06419312451429483,0.002138869428745391,0.42893542664373313,0.0033511044468181282,0.5570249155005804,0.00010083652199885428
2747,0.0,5348.090279447711,0.004767070539841055,0.00137814165362476,0.5559383243795508,0.002473936132032188,0.5566989381642715,0.0008127664050088544
2748,0.0,5346.897441803251,0.0,0.00024312602616961213,0.6732935174157817,0.002346175115333276,0.5916773119397245,0.001272789018106181
2749,0.0,5349.746965244782,0.0,0.006836171717493235,0.35124679481373217,-0.006836171717493235,0.5195481568019268,-0.0011598992025736439
2750,0.0,5348.743323583157,0.0,0.0024442439904573936,0.6677152246717951,0.0008134273679636255,0.5639982771628873,-0.0005679012314124631
2751,0.0,5352.189951072367,0.011189861587767675,0.006362284043968477,0.4554277005135985,-0.005948583048530562,0.5314271041681006,-0.0021821057765478926
2752,0.0,5352.071083102736,0.0,0.0019761737643787494,0.5768120048339592,0.0009301264601400895,0.5450425743678582,-0.0012484361055414978
2753,0.0,5352.562929644079,0.0,0.0019309883581860644,0.5215111258989522,0.0013003647271694644,0.5379831398271864,-0.000483795855728209
2754,0.0,5353.4231584361405,0.0,0.00232548879202642,0.5959783989247041,-0.0004715308795319307,0.5553817175564416,-0.00048011636286932546
2755,0.0,5355.381569753392,0.004272019247532594,0.00399529609714415,0.49345478037607354,-0.0035560647127703027,0.5368036364023312,-0.0014029008678396186
2756,0.0,5356.756777842037,0.0,0.0026174155204854456,0.7463728215898496,-0.0023064414371963917,0.5996743919585867,-0.0016739630386466504
2757,0.0,5356.324133429007,0.0,0.001054654736652859,0.7896610072504908,0.0024324460577567447,0.6566703765461579,-0.00044204030972563185
2758,0.0,5359.270464376222,0.0,0.006087093773223842,0.7374540046789495,-0.004376059628534605,0.6809054649859954,-0.0016222461053683238
2759,0.0,5361.236150626861,0.0,0.004076012674050113,0.4925100186144754,-0.0035671274451436223,0.6243868310745393,-0.002205710507300913
2760,0.0,5360.700400250357,0.0,0.0023607711366758553,0.6976557649130458,0.002897890915279134,0.6463675112260913,-0.0006746300805268989
2761,0.0,5361.751143558191,0.0,0.0022535823808462235,0.58079249478569,0.00013667614047163003,0.6266950062939708,-0.00043123821422734015
2762,0.0,5364.669626029779,0.0,0.0059534943596056275,0.7399693796768875,-0.005359463889665596,0.6606773183088457,-0.0019097059168588166
2763,0.0,5371.439553712123,0.07395828985752244,0.013575238451859893,0.16052330400102904,-0.013575238451859893,0.5106311140165006,-0.005409365677359139
2764,0.0,5378.062590045174,0.05032106945018757,0.0115864421308554,0.1747811345241062,-0.011583325127238182,0.4098761201687823,-0.007261553512322851
2765,0.0,5384.3248102148145,0.06181416741730518,0.0071142229329566615,0.22037372235235775,-0.007108971376488952,0.3530254008238549,-0.007215778871572681
2766,0.0,5385.512401031258,0.001166431692099666,0.0010893132110955089,0.3109240305021517,0.005390628160729277,0.34039498972734394,-0.0034338567618820938
2767,0.0,5389.019041098821,0.0011837499669853262,0.0010183510021174649,0.603357962733996,0.0003540135488795317,0.4192838816293395,-0.0022974956686536057
2768,0.0,5390.607301974964,0.0004553693345490983,0.002244137183142245,0.43924228707632146,0.00036378628785462214,0.42527140326343404,-0.0014991110817011372
2769,0.0,5392.716979609948,0.00861753008795017,0.0043584397396510734,0.4262061133060154,-0.0019394741229636914,0.4255518162762084,-0.0016312199940799032
2770,0.0,5396.505686449554,0.01661387750705408,0.006802986353779212,0.42726454069919256,-0.006263597705986215,0.4260656336031037,-0.0030209333076517964
2771,0.0,5400.2084683869025,0.07363280006917862,0.006436041238575334,0.10700170755492193,-0.005889069321159153,0.33034645578864913,-0.003881374111704003
2772,0.0,5404.05536837702,0.0,0.00509077143006272,0.49871421508120606,-0.004705845529286715,0.38085678357641617,-0.004128715536978817
2773,0.0,5405.437719313014,0.025922610395447722,0.0012309206377451286,0.3349406819629878,0.0013352300637443429,0.3670819530923876,-0.002489531856761869
2774,0.0,5408.377602780651,0.000691413120854776,0.0022182204350803553,0.7516814345401619,-0.0017202813791896072,0.4824617975267199,-0.0022587567134901903
2775,0.0,5411.817762516211,0.0,0.004583626167827189,0.5224376654665988,-0.004479622235228478,0.49445455790868353,-0.0029250163700116766
2776,0.0,5414.289203791153,0.0,0.0031989918370277193,0.7525598281563048,-0.00267408873082777,0.5718861389829699,-0.0028497380782565047
2777,0.0,5417.028340567294,0.0,0.003108390837284614,0.7042366750819766,-0.002540903811602831,0.6115912998126719,-0.0027570877982604023
2778,0.0,5421.80852963123,0.0,0.006911011907605826,0.5876963265467032,-0.006875371393423671,0.6044228078328813,-0.003992572876809383
2779,0.0,5426.989182199599,0.08229772505822146,0.00775470252437856,0.13717862635485095,-0.00775470252437856,0.46424955338947216,-0.005121211771080136
2780,0.0,5429.882606563488,0.017781992767143845,0.0021084381370604643,0.5146483400920593,-0.0016556535209646187,0.47936918940024825,-0.004081544296045481
2781,0.0,5431.5601197852075,0.0,0.0012632506611239464,0.8318064717474516,0.0020098407286295128,0.5851003741044092,-0.0022541287886429827
2782,0.0,5439.236209103026,0.030820716778145997,0.011646322070881308,0.2814849008308124,-0.011646322070881308,0.49401573212233013,-0.00507178677331448
2783,0.0,5442.352188811963,0.0,0.004194077446367156,0.4913832326700499,-0.00393224912322767,0.49322598228664605,-0.004729925478288437
2784,0.0,5445.972436336811,0.0,0.0048136210243813204,0.899403546773771,-0.0020619908929698665,0.6150792516327834,-0.003929545102692866
2785,0.0,5453.297056424325,0.18223273098401369,0.010168888429823338,0.09142460157274018,-0.010168888429823338,0.45798285661477045,-0.005801348100832007
2786,0.0,5453.3575527543135,0.0026676775775330668,0.00124387775537298,0.4638139465233489,0.0042089649653635815,0.45973218358734397,-0.00279825418097333
2787,0.0,5456.714428617128,0.0,0.002283778629525124,0.7612118992747768,-0.0008338265182874153,0.5501760982935738,-0.0022089258821675556
2788,0.0,5459.667556267058,0.028813691162893867,0.003682757138788404,0.2026029331986904,-0.003145462587084042,0.4459041487651088,-0.0024898868936425013
2789,0.0,5464.223094402832,0.0010317132973957407,0.007883520142306097,0.5725609985562263,-0.00708599470170386,0.48390120370244405,-0.0038687192360609087
2790,0.0,5465.853244316429,0.004328530447548911,0.0019686106930531647,0.3736241252130591,-0.0006413168376111544,0.4508180801556285,-0.002900498516525982
2791,0.0,5469.953165689943,0.016374355831624852,0.004757276296927912,0.27387643873018364,-0.004390732885735927,0.397735587727995,-0.003347568827288965
2792,0.0,5470.349694711682,0.0,0.0013144461211944917,0.5861962248241934,0.002334732527228234,0.4542737788568545,-0.0016428784209338051
2793,0.0,5466.881711549832,0.0,0.0,0.6964311929100344,0.010780469049817823,0.5269210030728084,0.0020841258202916836
2794,0.0,5470.7668088993805,0.0,0.006617073227549544,0.6116299791697516,-0.006469459698930922,0.5523336959018914,-0.00048194983547509814
2795,0.0,5470.122511540595,0.0,0.003030556395457177,0.7345705674704922,-0.0008085969888562732,0.6070047573724716,-0.0005799439814894507
2796,0.0,5467.670973814444,0.0,0.0006262418290683552,0.4840932119679632,0.005633565673996391,0.570131293751119,0.0012841089151563018
2797,0.0,5468.52201101661,0.022391768336085593,0.002436790792168141,0.4253267004431185,-0.0012223903952573146,0.5266899157587188,0.0005321591220322169
2798,0.0,5466.380700237009,0.0,0.0007759049734289105,0.6549585458103887,0.0031012773741297913,0.5651705047742197,0.0013028945976614893
2799,0.0,5469.231356981604,0.23604426499147946,0.0065507535932558545,-0.1997562879678478,-0.006547487911592792,0.33569246695159943,-0.0010522201551147951
2800,0.0,5472.008729149664,0.0066878499887871945,0.0070995313828911165,0.46354136198532475,-0.0070995313828911165,0.37404713546171703,-0.0028664135234476914
2801,0.0,5472.164322983239,0.0,0.0016739960111218336,0.6542363341254855,0.0008913427384399592,0.45810389506084753,-0.001739086644881396
2802,0.0,5475.641501046196,0.0009745752572769129,0.005475142163547683,0.39359643020741797,-0.004185811600700591,0.43875165560481866,-0.0024731041316271548
2803,0.0,5481.1689901755035,0.061787156796007,0.009603082078010942,0.292418979237425,-0.009601007758821173,0.39485185269460055,-0.00461147521978536
2804,0.0,5483.549238057781,0.0465672316346436,0.0043706383750095,0.2282228742563051,-0.0021905548168068075,0.3448631591631119,-0.0038851990988917943
2805,0.0,5485.047854340242,0.0,0.0008031128756318125,0.7093707596225463,0.001843386061268226,0.4542154393009422,-0.0021666235508437885
2806,0.0,5489.7106704063535,0.0,0.0055794061937914355,0.5694819182438652,-0.005576841761767579,0.4887953829838191,-0.0031896890141209257
2807,0.0,5490.685965890247,0.0,0.001859239791863909,0.6768827817480595,0.000357937649605725,0.5452216026130912,-0.00212540101500293
2808,0.0,5491.448434135652,0.0,0.0011277289429841811,0.5762578703663913,0.0018226755874051388,0.5545324829390812,-0.0009409780342805094
2809,0.0,5498.7753425635665,0.0044050116431491515,0.013011225749430446,0.5578191370035512,-0.013011225749430446,0.5555184791584222,-0.004562052348825491
2810,0.0,5499.282967884555,0.0,0.0020039204649632486,0.5436598547766975,0.00011271821484801945,0.5519608918439048,-0.0031596211797234376
2811,0.0,5500.9541991413425,0.0,0.001027138038262534,0.790173658713046,0.0014020569608751933,0.6234247219046471,-0.0017911177375438483
2812,0.0,5501.6857390707755,0.002395303701432397,0.0009374097983187471,0.5966258896654479,0.0018418604482907128,0.6153850722328874,-0.0007012242817934799
2813,0.0,5500.049498539763,0.0,0.00040889454109181424,0.8974429705777152,0.005303799761293412,0.7000024417363357,0.0011002829311325874
2814,0.0,5498.562295048825,0.0,0.0014196359493530214,0.5665016974108188,0.003782937444188023,0.6599522184386807,0.0019050792850492178
2815,0.0,5500.797717446384,0.0331616057246706,0.006329413032055932,0.34683025274364243,-0.005882636351720196,0.5660156287301692,-0.00043123540598160627
2816,0.0,5500.649132218107,0.000185195103047311,0.0028219483119330795,0.5284640934663929,-0.0016569368877666956,0.5547501681510363,-0.000798945850517133
2817,0.0,5499.620223029528,0.0,0.001858276496301396,0.6892025230041459,0.002626053767875709,0.5950858746069692,0.00022855403500071962
2818,0.0,5497.986383728494,0.0,0.0012538873281390114,0.7414228938494181,0.004226544053317836,0.6389869803797038,0.0014279510404958545
2819,0.0,5498.667633523114,0.0,0.004843727119504251,0.5189506707129384,-0.0017168454852715873,0.6029760874796741,0.0004845120827656219
2820,0.0,5497.54476196777,0.0,0.0008895216863052962,0.5672716941289832,0.0008316787363353743,0.5922647694744668,0.0005886620788365475
2821,0.0,5494.579010153018,0.017669520677789485,0.0002866428285374852,0.4197401685247951,0.005649421941231201,0.5405073891895653,0.0021068900375549432
2822,0.0,5493.37213139225,0.0,0.0003213957434500125,0.46448206134285375,0.001813354001249278,0.5176997908355518,0.0020188292266632435
2823,0.0,5493.8240335701585,0.0,0.0050169267818362066,0.5638185446962177,-0.0032202578775398826,0.5315354169937516,0.00044710309540230565
2824,0.0,5494.4143209805,0.05152581739926794,0.0041328944665426385,0.3753227095237069,-0.0033513418449604747,0.4846716047527382,-0.0006924303867065284
2825,0.0,5494.843623426456,0.04135600844869136,0.002607147234590322,0.373514865831407,-0.0013312612206740875,0.45132458307633877,-0.0008840796368967961
2826,0.0,5492.900827001553,0.0,0.00038304435390697374,0.6874965697125005,0.004805610856238928,0.5221761790671873,0.000822827511043921
2827,0.0,5493.859484189667,0.027956161492310103,0.001681804764516943,0.3670640560944186,-0.0011105706664294405,0.4756425421753567,0.00024280805780191252
2828,0.0,5495.6669761827125,0.09028632349158322,0.005135504733368327,0.22678999983135473,-0.0046328373119233855,0.4009867794721561,-0.001219885553115677
2829,0.0,5497.371376386011,0.07138944091961946,0.004973631953710243,0.1654194630636624,-0.003752930252372379,0.330316584549608,-0.0019797989628926875
2830,0.0,5499.482080380025,9.064330985737009e-05,0.0032030537396412154,0.5355186012489717,-0.0030440942462427803,0.3918771895594171,-0.002299087547897715
2831,0.0,5502.36275816202,0.0,0.004242734972315645,0.7088478409046539,-0.0038433261449835106,0.4869683849629881,-0.0027623591270234536
2832,0.0,5506.8591669661255,0.0,0.006873900378035976,0.7050695115740789,-0.006857537182533179,0.5523987229463153,-0.0039909125436763705
2833,0.0,5508.148199827027,0.0,0.0011430933164283236,0.6884324630813436,0.00035826031975467364,0.5932088449868238,-0.0026861606846470573
2834,0.0,5511.967048934855,0.09478295978263927,0.003878108413407109,0.16581558236549856,-0.0036868117131147226,0.4649908662004262,-0.0029863559931873566
2835,0.0,5512.439778720687,0.0,0.0007278391633934791,0.8542722102153663,0.0019376618257384,0.5817752694049081,-0.0015091506475096291
2836,0.0,5516.310176021548,0.014102745002131994,0.0050456193555911185,0.3431930626925093,-0.004889658940242118,0.5102006073911884,-0.002523303135329376
2837,0.0,5515.348932533555,0.0,0.0012058967513440594,0.5740491730765407,0.0036797601551116395,0.5293551770967941,-0.0006623841481970712
2838,0.0,5516.506584160807,0.0,0.0013685284103793379,0.49232417872444173,0.0002442658820364853,0.5182458775850884,-0.0003903891391270042
2839,0.0,5520.061329139572,0.003618655286169327,0.006719990540409179,0.5529072078100884,-0.006699469003927148,0.5286442766525884,-0.002283113098567047
2840,0.0,5525.548765209387,0.0,0.010930373413082643,0.8523178776319089,-0.010930373413082643,0.6257463569463846,-0.004877291192921726
2841,0.0,5525.737832121726,0.0,0.0005176270572882291,0.6806443191762612,0.00218757387667324,0.6422157456153476,-0.0027578316720432362
2842,0.0,5528.189612474405,0.010054304831898604,0.0018117949860650684,0.40362492520112186,8.754557754530427e-05,0.5706384994910798,-0.001904218497166674
2843,0.0,5529.706030949428,5.519921396319257e-06,0.001893653790194281,0.4120982460352548,-0.0002071213938714037,0.5230764234543323,-0.0013950893661780928
2844,0.0,5531.8952493122315,0.0011556489572178794,0.0037764290975793014,0.5073981330561862,-0.002519181931032585,0.5183729363348885,-0.0017323171356344405
2845,0.0,5534.574195740177,0.0,0.004563399471977018,0.7333517235020578,-0.004055740421132742,0.5828665724850393,-0.0024293441212839308
2846,0.0,5537.423670149605,0.006048157460319033,0.004182455455210668,0.3176982478828343,-0.0040306853316348715,0.5033160751043777,-0.002909746484389213
2847,0.0,5537.204008655955,0.0,0.0008981624547412662,0.635567689348603,0.003109434341624209,0.5429915593776452,-0.0011039922365851866
2848,0.0,5541.552014662138,0.014353217432920954,0.006389822371642207,0.49280730434027736,-0.005981360248452316,0.5279362828664349,-0.002567202640145325
2849,0.0,5543.88553660893,0.0,0.00480113884636138,0.7656167233571389,-0.003604545366034118,0.5992404150136461,-0.002878405457911963
2850,0.0,5544.162286969032,0.0,0.001286512543368883,0.7702722540940805,0.002217539727351004,0.6505499667377764,-0.0013496219023330725
2851,0.0,5545.706504293579,0.0,0.0028984194872709746,0.6480110188419247,-0.00016254616155211355,0.6497882823690209,-0.0009934991800987847
2852,0.0,5545.597188123052,0.0,0.0015073822475338715,0.6216177965917997,0.0016749939693664648,0.6413371366358545,-0.0001929512352592098
2853,0.0,5546.883750262428,0.013305161129006987,0.003428041956246669,0.45916172222566937,-0.0016374031762952412,0.5866845123127988,-0.0006262868175700192
2854,0.0,5545.552552693012,0.0,0.0024821027298543704,0.9343635011697369,0.0030004144237445914,0.6909882089698802,0.000461723554824364
2855,0.0,5541.285058422704,0.0,6.610280500612579e-06,0.7097214113738195,0.009523756683325982,0.696608169691062,0.0031803334933748493
2856,0.0,5542.749478738641,0.0,0.00565448870952435,0.8002586095269204,-0.0036643515900334194,0.7277033016418195,0.0011269279683523686
2857,0.0,5541.513325308563,0.01717532563169542,0.0020125853049436735,0.4328263251868116,-0.0007844830749522703,0.6392402087053171,0.0005535046553609769
2858,0.0,5541.090537763251,0.0,0.0016521050366700226,0.6253691075149338,-0.00031613860827193834,0.6350788783482021,0.0002926116762711023
2859,0.0,5542.716782712027,0.0004553693345490983,0.0051504032442870554,0.5658380997071196,-0.003976769812464722,0.6143066447558774,-0.000988202770349645
2860,0.0,5544.418068650483,0.0013040290419116614,0.0041547801634057215,0.5775731871784567,-0.0038079744191328647,0.6032866074826512,-0.001834134264984611
2861,0.0,5548.76220144246,0.029119586777165436,0.00796964202775799,0.43495856931685045,-0.007944476503129832,0.5527881960329109,-0.003667236936428177
2862,0.0,5549.593902476042,0.0021317217982154894,0.0019031514736876376,0.45517453275795583,0.0003306475784143666,0.5235040970504243,-0.002467871581975414
2863,0.0,5550.5994520795075,0.0,0.0015410189446941674,0.6750428542289368,0.001827971450808496,0.5689657242039781,-0.0011791186721402409
2864,0.0,5551.90947594997,0.021039860135627312,0.0030914373297344444,0.38095237298574125,-0.00010938688756901953,0.512561718838507,-0.0008581991367688745
2865,0.0,5550.140238304259,0.0,0.0009325296394332999,0.6207135098096297,0.0049499186760775925,0.5450072561298438,0.0008842362070850657
2866,0.0,5551.568904016014,0.0,0.003593306068924422,0.6228960535528634,-0.002119272640651232,0.5683738953567496,-1.681644723582358e-05
2867,0.0,5552.37262757477,0.0,0.004849632367310647,0.724768743972968,-0.0025948027778210595,0.6152923499416152,-0.0007902123464113944
2868,0.0,5551.235953460508,0.0,0.0014877649422797427,0.6882266305562517,0.0024185137183507996,0.6371726341260061,0.00017240547301726385
2869,0.0,5549.652882646425,0.0,0.0007549953710792835,0.8871031118642914,0.004114018495475925,0.7121517774474917,0.001354889379754862
2870,0.0,5547.038202858075,0.0,0.0008982098644719802,0.6012657709832069,0.005211206800510658,0.6788859755082062,0.002511784605981601
2871,0.0,5543.855290806783,0.0,0.0014939815683507685,0.6482965935569455,0.00511506597769699,0.669709160922828,0.0032927690174962172
2872,0.0,5542.983500091257,0.0015049154584808055,0.002847666439070302,0.3934392466787356,-0.0009374103496133877,0.5868281866496002,0.002023715207363336
2873,0.0,5542.147684462341,0.041357188194787564,0.0031134923699319924,0.41310512553698664,-0.0017730066332899178,0.5347112683158162,0.0008846986551673597
2874,0.0,5540.8899734705665,0.0,0.00121236881169566,0.6526366495360715,0.0004753321145618299,0.5700888826818927,0.0007618886929857007
2875,0.0,5541.414223125629,0.002729644870768869,0.003302302795138211,0.4790543126975137,-0.0020454932427206945,0.542778511686579,-8.032588772621785e-05
2876,0.0,5541.083879060788,0.0,0.002426289201034868,0.7585352751048251,-0.00010207034145233889,0.6075055407120528,-8.684922384405415e-05
2877,0.0,5540.079071728301,0.0,0.0011954184973825544,0.6522809399709338,0.002180640126721939,0.6209381604897171,0.0005933975813257438
2878,0.0,5544.620217211465,0.00011097882278998075,0.009470955920830072,0.6141599532938616,-0.009394976714310492,0.6189046983309604,-0.002403114707365127
2879,0.0,5544.775618348832,0.0001336094542575774,0.002278312270914639,0.5213438016124464,-0.0008417450705889631,0.5896364293154062,-0.0019347038163322779
2880,0.0,5545.446424207808,0.00543152877633883,0.002065125050615532,0.4359560446513662,0.001186344939650127,0.5435323139161942,-0.0009983891895375564
2881,0.0,5547.311447486058,0.0,0.0027007213272663834,0.6852628195797881,-0.0018285491381099302,0.5860514656152723,-0.0012474371741092683
2882,0.0,5554.697453437617,0.2070311674936286,0.014295547111057417,-0.0914331444227851,-0.014295547111057417,0.38280608260385507,-0.005161870155193713
2883,0.0,5554.727947693863,0.10138139795503749,0.002791882566461133,0.18991723045072062,0.001450961945649388,0.32493942695791467,-0.0031780205249407824
2884,0.0,5558.966065004789,0.0,0.005909109810918533,0.6524826416312625,-0.003320045464229357,0.423202391359919,-0.0032206280067273545
2885,0.0,5561.401603000957,0.0,0.002844310475630076,0.6964311929100344,-0.0016294066115911496,0.5051710318249536,-0.002743261588186493
2886,0.0,5564.172084713409,0.0,0.0030550758022348315,0.6632015174118079,-0.0023027134944260436,0.5525801775010099,-0.002611097160058358
2887,0.0,5565.530311129936,0.0,0.0033884146819149054,0.4773787409882615,0.00013672150159804234,0.5300197465471853,-0.0017867515615614376
2888,0.0,5568.519034813929,0.0,0.0045268081976368325,0.539579177467234,-0.003432166818190119,0.5328875758231999,-0.002280376138550042
2889,0.0,5569.550707758858,0.0004553693345490983,0.002029775891734813,0.4576320716967774,-0.00019310341953637938,0.5103109245852732,-0.001654194322845943
2890,0.0,5569.9241134780805,6.785067376647787e-05,0.0018275844945084912,0.5596172064494851,0.001666387992727682,0.5251028091445367,-0.0006580196281738555
2891,0.0,5569.653021744889,0.01690524203207867,0.0007826543771958104,0.500112523318471,0.0023153110149548304,0.517605723396717,0.0002339795647647502
2892,0.0,5565.476812417516,0.0,3.601464806659123e-05,0.7707151725206552,0.009376124062841822,0.5935385581338984,0.002976622914187871
2893,0.0,5565.272552694993,0.00026730066581259277,0.002146804255172829,0.4386598847020243,5.778642053511975e-05,0.5470749561043362,0.002100971966092046
2894,0.0,5565.278463216503,0.06586397175590851,0.004112655742259264,0.15082660471842987,-0.0032005029540116115,0.42820045068856427,0.0005105294900609485
2895,0.0,5566.1927080780815,0.0,0.0044870962274940794,0.7163950979182772,-0.004114461321722311,0.5146588448574781,-0.0008769677534740292
2896,0.0,5563.346403651446,0.0,0.000959542497691557,0.6915979155333384,0.005434539659738328,0.5677405660602362,0.0010164844704896778
2897,0.0,5562.767086303208,0.011315067205307174,0.0007172544858303867,0.46203847379363766,0.0020780656990934876,0.5360299383802566,0.0013349588390708207
2898,0.0,5563.839828642815,0.0,0.0038402851496925276,0.7246469106642259,-0.003349341149232968,0.5926150300654474,-7.03311574203159e-05
2899,0.0,5565.526678519903,0.0013040290419116614,0.005444835133436571,0.6002508782679428,-0.004901922236406591,0.594905784526196,-0.0015198084811161984
2900,0.0,5567.002754785724,0.012155694776558115,0.0035912081960278817,0.33340628348863,-0.002938571911437094,0.5164559342149262,-0.001945437510212467
2901,0.0,5569.167997791519,0.03464664573203284,0.004512210106999076,0.3529115412797457,-0.0028467291979841144,0.467392616334372,-0.0022158250165439613
2902,0.0,5564.823887069028,0.0,7.075851772684732e-05,0.5747448277302019,0.011169054120682335,0.499598279753121,0.0017996387246239276
2903,0.0,5566.970884863244,0.04844420333751756,0.003142058637516922,0.32935831673513627,-0.0022397459592410924,0.44852629084772555,0.0005878233194644216
2904,0.0,5565.590747909668,0.0009745752572769129,0.0015512219079320446,0.5095240653862655,0.0009761690101576521,0.46682562320928755,0.0007043270266723907
2905,0.0,5568.0730571830045,0.0,0.006068613836949713,0.5394510389459725,-0.005813140570005039,0.488613247930293,-0.0012509132523308383
2906,0.0,5564.293614412342,0.0,0.0,0.7842334111248892,0.007192286504942069,0.5772992968886718,0.0012820466748510338
2907,0.0,5566.35844333784,0.0,0.003949146624190713,0.741556285855841,-0.003052110901726462,0.6265763935788226,-1.820059812221496e-05
2908,0.0,5565.685800658196,0.0,0.0025514584844722487,0.5493389471920925,6.663198787679812e-05,0.6034051596628035,7.249177677488966e-06
2909,0.0,5570.6079608378595,0.16870306555834064,0.010273800315979607,-0.08197931353101774,-0.010235843466991999,0.3977898177046571,-0.0030656786157233573
2910,0.0,5571.066388790045,0.000991460542535386,0.0036423362749050305,0.48475500436789076,-0.0008348728514779411,0.42387937370362716,-0.0023964368864497322
2911,0.0,5575.9759134063515,0.061289153429898366,0.008422699114552427,0.1624888097217102,-0.006934909522323144,0.345462204509052,-0.0037579786772117558
2912,0.0,5576.066180967847,0.0,0.00140839881390576,0.6133688935179337,0.0024648134484878724,0.4258342112117165,-0.0018911410395018673
2913,0.0,5576.237749748717,0.013671140505016503,0.0005566588903461218,0.5166386998528429,0.0036359237052608745,0.4530755578040544,-0.00023302161607304472
2914,0.0,5577.654969032414,0.020233519584862324,0.002290182019418062,0.3571623837376874,-0.0009728923575505664,0.42430160558414426,-0.0004549828385163012
2915,0.0,5575.27173978774,0.0,0.0017726996011216865,0.6786047199409242,0.005226749394748148,0.5005925398911781,0.0012495368314630337
2916,0.0,5580.712483234009,0.04419153164091094,0.010913005757581425,0.30929260643234735,-0.010913005757581425,0.4432025598535289,-0.002399225945250304
2917,0.0,5579.9830248766975,0.0026771502694948783,0.0018129308438938085,0.4880706672891032,0.00031807179267778426,0.45666299208420114,-0.0015840366238718774
2918,0.0,5580.243615632737,0.0025622923163736372,0.0012858028458653237,0.6774224209679436,0.002022297810547253,0.5228908207493239,-0.0005021362935461383
2919,0.0,5583.488879205236,0.0,0.005939924714618522,0.5595651170814783,-0.005090005280610248,0.5338931096489702,-0.0018784969896653708
2920,0.0,5582.698084717393,0.0,0.0014875478841696918,0.8311740651033265,0.0022488178633549307,0.623077396285277,-0.0006403025337592803
2921,0.0,5583.329537507753,0.0,0.0013321843664989078,0.5765565606419296,0.0006679203232246274,0.6091211455922728,-0.00024783567666410795
2922,0.0,5586.087440215022,0.031194021445890414,0.005963841372285331,0.49343337319146846,-0.005068322347616411,0.5744148138720315,-0.0016939816779497987
2923,0.0,5584.49112195273,0.0,0.0014084131685540972,0.9077685760050479,0.0036544077795456096,0.6744209425119364,-8.946484070117625e-05
2924,0.0,5585.441051187382,0.0,0.00228050110259413,0.7134091288314105,-0.00021072728929756723,0.6861173984077786,-0.00012584357528009352
2925,0.0,5586.88093997331,0.0180149808508822,0.003769789760200931,0.3419906188628229,-0.0029013322793162463,0.5828793645442919,-0.0009584901864909393
2926,0.0,5588.834430664286,0.0,0.004163520039683342,0.5318876488009111,-0.0038987481241795937,0.5675818498212777,-0.0018405675677975355
2927,0.0,5594.902148218776,0.08199259474145316,0.011604706785888317,0.15875884417452152,-0.01156596064560226,0.4449349481272508,-0.004758185491138952
2928,0.0,5595.981989987278,0.0,0.002723509831922502,0.7936078894654194,-0.00013415473912740264,0.5495368305287014,-0.003370976265535487
2929,0.0,5599.356322730654,0.0,0.004076700436004,0.788036034542055,-0.0019329593176958923,0.6210865917327074,-0.0029395711811836082
2930,0.0,5599.435483113231,0.0,0.00033935926001880116,0.3813051612184363,0.003468998278778027,0.549152162578426,-0.0010170003431951174
2931,0.0,5601.81716895739,0.0,0.003061598058778679,0.5127189282082948,-0.0018574171806308478,0.5382221922673867,-0.0012691253944258365
2932,0.0,5607.458269444829,0.11929252268749153,0.010641534246228889,0.09740891293793269,-0.010640037099902558,0.4059782084685505,-0.004080398906068853
2933,0.0,5608.014283642516,0.0,0.001451629454572888,0.7839620314051213,0.0003336593284326488,0.5193733553495217,-0.002756181435718402
2934,0.0,5615.0224928519565,0.0,0.010235179432690292,0.7831528609566928,-0.010235179432690292,0.598507207031673,-0.0049998808348099685
2935,0.0,5617.41951237945,0.002098645849303127,0.0041177701516397075,0.43940996650215314,-0.0019144399852886408,0.5507780348728171,-0.0040742485799535695
2936,0.0,5619.618165346446,0.0,0.0024042860572686385,0.5320600606484679,0.0007974425458492134,0.5451626426055123,-0.0026127412422127343
2937,0.0,5624.317334827851,0.03850850151451982,0.0054537395041631504,0.21257827550204556,-0.005437063263713509,0.44538733247447226,-0.0034600378486629663
2938,0.0,5624.865902722684,3.867622823394803e-05,0.0024119782102653455,0.5304916081916283,0.0017229239234293797,0.4709186151896191,-0.0019051493170352625
2939,0.0,5627.424989543556,0.0,0.002836598727447325,0.555024894595915,-0.0016478435629152177,0.49615049901150776,-0.001827957590799249
2940,0.0,5630.812395536038,0.0,0.005032668290707139,0.7509767396076297,-0.004996400379478383,0.5725983711903443,-0.0027784904274029895
2941,0.0,5631.633748442432,0.002630384989189254,0.0020233310861013354,0.3605883031016535,0.0003087410365721879,0.508995350763737,-0.0018523209882104362
2942,0.0,5634.185503792634,0.0,0.002910282613096673,0.64542198808431,-0.002344716076537346,0.5499233419599089,-0.002000039514708509
2943,0.0,5633.3905860441055,0.0,0.000544729452096975,0.4021895097215838,0.0036689146519373397,0.5056031922884113,-0.00029935326471475406
2944,0.0,5635.288146998511,0.002098645849303127,0.0035838281121319667,0.6607390505074613,-0.0018574044411628742,0.5521439497541263,-0.0007667686176491902
2945,0.0,5632.585415586001,0.0,0.00035367692847479307,0.6839721989809797,0.005974465452544225,0.5916924245221823,0.0012556016034088345
2946,0.0,5635.335846830143,0.00026730066581259277,0.005666539430716107,0.6247393313296215,-0.004983664515386213,0.601606496564414,-0.0006161782322296799
2947,0.0,5635.485663840631,0.0,0.002464223282506674,0.7818235965283591,-0.0015943630157258355,0.6556716265535975,-0.0009096336672785266
2948,0.0,5633.917399177357,0.0006655452539190837,0.0010665189005342602,0.5981425691388409,0.003946971776531329,0.6384129093291704,0.0005473479658644302
2949,0.0,5634.113937309269,0.0,0.001280691245314181,0.9356121162043275,0.000515274463351798,0.7275726713917174,0.0005377259151106406
2950,0.0,5634.898052528604,0.0004553693345490983,0.004897310871681826,0.6249089552117076,-0.0022261327511865388,0.6967735565377144,-0.0002914316847785132
2951,0.0,5634.949905563274,0.0,0.0025355217764553534,0.7083124870921212,-0.0006560153302699814,0.7002352357040365,-0.00040080677842595366
2952,0.0,5636.422671784501,0.0033624640497014607,0.0029411921451016564,0.5014439797148199,-0.0027479880068117476,0.6405978589072714,-0.0011049611469416917
2953,0.0,5637.4244598045125,0.0004720538747139874,0.002701764172509942,0.5822795994419202,-0.0016235112663725401,0.6231023810676659,-0.0012605261827709463
2954,0.0,5637.098260272385,0.0,0.0015920329704318722,0.7029966525713597,0.0018831054776110086,0.647070662518774,-0.00031743668465635975
2955,0.0,5633.268573574589,0.0020212933928352313,2.0766093625313442e-05,0.5828446664660278,0.009304788589323175,0.6278028637029501,0.0025692308975375005
2956,0.0,5634.400322460821,0.0,0.004511598272065877,0.5509849387881705,-0.002134198253866036,0.6047574862285162,0.0011582021521164393
2957,0.0,5630.453692789446,0.001282537627573153,0.0008769961342112124,0.41506936542745604,0.005497604540758923,0.5478510499881981,0.002460022868709184
2958,0.0,5628.208141417829,0.002098645849303127,0.0005213835489562711,0.6871409041370576,0.003369270496217417,0.5896380062328559,0.002732797156961654
2959,0.0,5626.6098160554,0.0,0.001849891674667484,0.43753102819883577,0.000653454135282584,0.5440059128226498,0.002108994250457933
2960,0.0,5626.384864959123,0.0016789762830520377,0.0033489855965042887,0.5933777448134459,-0.0024658903483602513,0.5588174624198885,0.0007365288708124775
2961,0.0,5627.990898141166,0.035708467841486236,0.005911562503250377,0.26717844346532343,-0.005573460176435065,0.47132575673351895,-0.0011564678433617851
2962,0.0,5630.697452285681,0.010373993495368241,0.006405272794922408,0.41218475853097636,-0.006357685881360986,0.4535834572727562,-0.0027168332547615453
2963,0.0,5633.191010552013,0.0009745752572769129,0.0047518896454391705,0.6102832881953151,-0.003877057665742006,0.5005934065495238,-0.0030649005780556834
2964,0.0,5632.69268025553,0.017703903200464045,0.0013953547843253817,0.4189954927806589,0.003995926948803884,0.4761140324188643,-0.0009466523199978133
2965,0.0,5633.932659893051,0.0,0.0011820533820784706,0.7076185994306673,0.0006487577039705182,0.5455654025224052,-0.0004680293128073138
2966,0.0,5632.927252915564,0.0,0.0016313271091014327,0.7456585670327316,0.0031001952577979224,0.605593351875503,0.0006024380583742571
2967,0.0,5637.269539006078,0.0,0.00858400040682925,0.5861432023356999,-0.00858400040682925,0.5997583070135621,-0.002153493481186795
2968,0.0,5638.3435422639695,0.013619261164398846,0.0031997776449319555,0.5769964656705672,-0.0027753175363634296,0.5929297546106637,-0.0023400406977397855
2969,0.0,5642.873121464159,0.055823966378748285,0.007354961274935239,0.19070410425903128,-0.007095899261753417,0.4722620595051739,-0.0037667982669438746
2970,0.0,5641.543940111676,0.0,6.760152835118377e-05,0.8377274045546599,0.0053636201389402885,0.5819016630200198,-0.0010276727451786255
2971,0.0,5639.447048074826,0.0,5.784174380378261e-05,0.7420726204558504,0.008335092969220572,0.6299529502507689,0.0017811569691411338
2972,0.0,5638.016970615512,0.09062978663194604,0.0003972794930095603,0.3259324621409483,0.003975605609416871,0.5387468038178227,0.002439491561223855
2973,0.0,5636.879197508644,0.0,0.0024841503228910603,0.6418357869949768,0.0004133433147358776,0.5696734987709688,0.0018316470872774616
2974,0.0,5638.783158112083,0.0,0.006586532584945342,0.7043761766495737,-0.006584040262076975,0.6100843021345503,-0.0006930591175288694
2975,0.0,5636.600225335126,0.011922334887297438,0.001190210589526938,0.5433639732872396,0.0026686883659751896,0.5900682034803572,0.0003154651275223483
2976,0.0,5636.594000112192,0.004279728596484623,0.0013027657574863182,0.45558599926277554,0.0007217614148942208,0.5497235422150826,0.00043735401373391
2977,0.0,5636.338281621198,0.023344926660751684,0.0036276975484000797,0.34762853307828767,0.00018591426449634022,0.4890950394740441,0.00036192208896263905
2978,0.0,5637.453158787674,0.0,0.004232816506607946,0.6218048742339852,-0.002793317948172701,0.5289079899020264,-0.0005846499221779629
2979,0.0,5636.621669424963,0.0,0.002187435680438443,0.5389162997065822,0.0013796277430693739,0.5319104828433932,4.633377396238156e-06
2980,0.0,5640.537798985114,0.0008317108822121914,0.007554930215424981,0.5068739186476171,-0.007549785972103122,0.5243995135846603,-0.00226169242745357
2981,0.0,5642.088492513123,0.0,0.00496065088124846,0.6741121345201907,-0.0031412007669989494,0.5693132998653194,-0.0025255449293171838
2982,0.0,5647.949199899063,0.0,0.00975911204745083,0.5658967870945454,-0.009748646403387904,0.5682883460340872,-0.0046924753715384
2983,0.0,5649.454458740377,0.035246240013348,0.0035203516760480263,0.32819161517965234,-0.00030966014421580847,0.4962593267777567,-0.0033776308033416223
2984,0.0,5653.786458448863,0.05812941738823504,0.005490682860709073,0.367634520821977,-0.003996269597187338,0.4576718849910228,-0.0035632224414953373
2985,0.0,5659.8486535992315,0.11405163272558887,0.008974771441963658,-0.027756281415916247,-0.008962740208056189,0.31204343506894106,-0.005183077771463592
2986,0.0,5662.732753569443,0.000691413120854776,0.0035474736796613196,0.6157571290324475,-0.002080889987572721,0.403157543257993,-0.004252421436296331
2987,0.0,5669.379869554775,0.006981405135188086,0.008662249738241406,0.4433660038398406,-0.00827193473098569,0.4152200814325473,-0.005458275424703138
2988,0.0,5673.852833880809,0.008148490826876674,0.0061742517330215085,0.47009872636318906,-0.004661641873734501,0.43168367491173976,-0.005219285359412547
2989,0.0,5679.709122959015,0.010331209167958997,0.006442570295523211,0.47040540486329674,-0.0062974284555557475,0.4433001938972069,-0.0055427282882555065
2990,0.0,5682.687150525826,0.00012809561823393342,0.002705925981190504,0.560850946624713,-0.0005365215027894796,0.4785654197154587,-0.004040866252615698
2991,0.0,5683.652237639351,0.0,0.001883744435069535,0.599761859106191,0.003931446574281817,0.5149243515326783,-0.0016491724045464432
2992,0.0,5692.139097399023,0.1138209435881008,0.01340300663598728,0.050357531391108414,-0.01340300663598728,0.37555430549020735,-0.0051753226739786945
2993,0.0,5691.9797714618435,0.019130808195845974,0.00029961919319258616,0.49357248307713475,0.0022654554019427126,0.41095975876628554,-0.002943089251202272
2994,0.0,5696.948068885653,0.08273170005779013,0.005811387036532174,0.10899016517253092,-0.004837029795410212,0.32036888068815916,-0.0035112714144646534
2995,0.0,5698.236689279712,0.0,0.001664697057860231,0.6114259449258752,0.0005273951246472262,0.40768599995947397,-0.0022996714527310897
2996,0.0,5699.674322922434,0.0,0.0031844847346640948,0.8365580992676539,0.0007583239449281442,0.536347629751928,-0.0013822728334333195
2997,0.0,5699.731556781813,0.0,0.0011957295102972075,0.848215596455018,0.002333848590947663,0.6299080197628549,-0.0002674364061190246
2998,0.0,5701.220843426504,0.186509308046376,0.0021415394167154118,0.03200207678778322,-0.0016516697913557565,0.4505362368703334,-0.0006827064216900441
2999,0.0,5701.642819247786,0.03774457766387884,0.0013392002090700074,0.1822608191513882,-0.0005720906037284033,0.37005361155464983,-0.0006495216763015519
3000,0.0,5700.334316884511,0.0,0.0007558402388612255,0.7387649306455671,0.0034642625159278335,0.480667007281925,0.0005846135813672638
3001,0.0,5705.747502626344,0.0,0.010634644403818101,0.5434726071879672,-0.010625244115225089,0.49950868725373765,-0.002778343727610442
3002,0.0,5706.126628209458,0.0,0.0033626280972569155,0.6856335891300567,-0.0012830531234307564,0.5553461578166333,-0.002329756546356536
3003,0.0,5708.592665981991,0.0,0.003524287722396153,0.6850865739386935,-0.002146397453751941,0.5942682826532514,-0.0022747488185751574
3004,0.0,5709.4818687726,0.0,0.0024715901842593487,0.6727008943977758,0.0006691051227932969,0.6177980661766087,-0.001391592636164621
3005,0.0,5709.564699104083,0.0,0.001704386713332042,0.532627500806058,0.002254949855265921,0.5922468965654435,-0.0002976298887354584
3006,0.0,5711.625768834814,0.01683080232060524,0.004764904095201709,0.3200500665758171,-0.0028319183643210873,0.5105878475685556,-0.001057916431411147
3007,0.0,5711.227776020225,0.0,0.0008242454467831895,0.897931446601752,0.0011832626824683067,0.6267909272785144,-0.0003855626972473108
3008,0.0,5715.537304219311,0.09466338774952479,0.007943755267474465,0.30218049507785627,-0.007860122352991945,0.5294077976183169,-0.002627930593970701
3009,0.0,5717.487200148181,0.002098645849303127,0.004366160155865613,0.6506135907582881,-0.003551158267428845,0.5657695355603082,-0.002904898896008144
3010,0.0,5724.088664724892,0.03714610094403233,0.010894586045426176,0.4247447923321668,-0.010894586045426176,0.5234621125918657,-0.005301805040833553
3011,0.0,5725.306861866377,0.0,0.0020021089204511756,0.8477167246886917,0.0007089341819469938,0.6207384962209135,-0.003498583273999389
3012,0.0,5732.016869935587,0.0,0.00845734762939068,0.7435982215578861,-0.008310695590235421,0.6575964138220053,-0.004942216968870199
3013,0.0,5733.390400364165,0.007915210551997176,0.0019375736653461477,0.47838779892465416,0.0009887615579182549,0.6038338293527998,-0.003162923410833662
3014,0.0,5736.214636379437,0.07479065356156486,0.002661893375669436,0.1666057528825114,-0.0006038938804592796,0.4726654064117133,-0.002395214551721347
3015,0.0,5738.603411735424,0.0,0.0034386135295997058,0.8441133152781263,-0.0015821028323672862,0.5840997790716371,-0.0021512810359151286
3016,0.0,5737.464201955872,0.0029013342247962643,0.0007241430975052858,0.4844400563964155,0.004958005575272577,0.5542018622690706,-1.849505255881699e-05
3017,0.0,5737.7305346620415,0.0,0.001651321294068751,0.6449985482806847,0.001686828568416546,0.5814408680725549,0.000493102033733792
3018,0.0,5737.802670819223,0.0,0.0019844597788631424,0.5264191989043087,-0.00015156389911842512,0.564934367322081,0.0002997022538781268
3019,0.0,5738.138736581697,0.003822471513525421,0.003419390510676588,0.39862289502931314,-0.00122627255087171,0.5150409256342506,-0.00015809018754682423
3020,0.0,5739.922183613005,0.0,0.004702774078512439,0.7264033353290268,-0.00402111740519974,0.5784496485426834,-0.001316998352842699
3021,0.0,5741.410886038825,0.0,0.0033297736734867055,0.6582461458169788,-0.0028819111770627924,0.602388597724972,-0.0017864722001087268
3022,0.0,5744.315673582398,0.0012980284280965284,0.004838554224371922,0.4042980685741706,-0.004605331089895463,0.5429614389797315,-0.0026321298670447476
3023,0.0,5746.044557029266,0.00013200365065920667,0.0036935320548652528,0.44126917339432087,-0.0016312598947328546,0.5124537593041083,-0.0023318688753511795
3024,0.0,5748.373361000619,0.0,0.002426203734432239,0.5760440503212769,-0.002012711792342928,0.5315308466092589,-0.002236121750448704
3025,0.0,5751.266616046259,0.021622551074377872,0.0053476146290875335,0.4420897599427669,-0.0035054128603237674,0.5046985206093113,-0.002616909083411223
3026,0.0,5753.921509172237,0.008602303341755406,0.004248549359621023,0.6793567390010781,-0.0030926959772623595,0.5570959861268413,-0.002759645151566564
3027,0.0,5755.724048510939,0.0,0.003460216364542106,0.5894754967917757,-0.0009143581124240765,0.5668098393263216,-0.0022060590398238177
3028,0.0,5758.550435561478,0.010373993495368241,0.0038231461776012297,0.605096042584577,-0.002921756862415335,0.5782957003037982,-0.002420768386601273
3029,0.0,5763.324737723079,0.01766822219833896,0.007547619320744756,0.3356718940148268,-0.007547619320744756,0.5055085584171067,-0.003958823666844318
3030,0.0,5764.654508856841,3.867622823394803e-05,0.0026688500561261527,0.6856557826536349,-8.377180650864225e-05,0.5595527256880651,-0.0027963081087436148
3031,0.0,5765.371693647154,0.00012809561823393342,0.001037554298853804,0.4759278359906942,0.002746152511008826,0.5344652587788539,-0.0011335699228178825
3032,0.0,5768.42589389682,0.03565051358899426,0.004108311965299421,0.3312869085434771,-0.003402864160079363,0.4735117537082408,-0.0018143581939963267
3033,0.0,5769.357521145914,0.0,0.0018755742638267637,0.7473064649058522,-0.0006844898412600841,0.5556501670675242,-0.001475397688175454
3034,0.0,5772.03507457848,0.01604958970032988,0.003807186945321954,0.33060121384015223,-0.00362680496209391,0.4881354810993126,-0.0021208198703509904
3035,0.0,5774.281490400072,0.0,0.004113751219033598,0.8916844938573836,-0.0030547928752015325,0.6092001849267339,-0.0024010117718061526
3036,0.0,5778.007980964258,0.006232779033943476,0.005462275246213569,0.2469579709830619,-0.005454292486614279,0.5005275207436323,-0.0033169959862485903
3037,0.0,5778.558096666295,0.0013040290419116614,0.002203580705990297,0.44566281249830814,0.0014931877158156945,0.484068108270035,-0.0018739408756293045
3038,0.0,5781.709973227641,0.024128673174915977,0.003950440855526953,0.4330100505315114,-0.003033124480645431,0.4687506909484779,-0.0022216959571341424
3039,0.0,5784.114248650998,0.0,0.004181212962700899,0.8053766305317139,-0.0029643147216655555,0.5697384728234487,-0.002444481586493566
3040,0.0,5785.410060290257,0.00026730066581259277,0.0039033156142704896,0.4030688107041582,-0.0002834875603368352,0.5197375741876615,-0.0017961833786465467
3041,0.0,5787.5342332024575,0.0,0.0024795765809042664,0.5394282763184334,-0.001804184273707886,0.525644784826893,-0.0017985836471649482
3042,0.0,5789.940541149734,0.0,0.0034826078596663715,0.5933696786941017,-0.003067176218771658,0.5459622529870556,-0.002179161418646961
3043,0.0,5784.999302895574,0.0,0.0,0.8960693957265242,0.012258569387740241,0.6509943958088962,0.0021521578232691994
3044,0.0,5789.747797974841,0.0,0.007712411513351554,0.570089949915382,-0.007712411513351554,0.6267230620408418,-0.0008072129777170268
3045,0.0,5789.039339090846,0.0,0.003416024735935295,0.5009464418077779,-0.0007322411835119908,0.5889900759709227,-0.000784721439455516
3046,0.0,5789.284221678852,0.023452121907936645,0.0008600759604142218,0.3989967321906742,0.0003633715200856961,0.5319920728368481,-0.00044029355159315225
3047,0.0,5786.097118694057,0.0,0.00031716958001689894,0.5167175280828836,0.007475561615736868,0.5274097094106587,0.001934462998605854
3048,0.0,5787.645008974654,0.0,0.003606745419939045,0.7550333317794649,-0.0028467349266096892,0.5956967961213004,0.0005001036210411909
3049,0.0,5785.414669230055,0.04164438715349051,0.0011996287879405272,0.47192224900806956,0.0026106378601587626,0.5585644319873311,0.0011332638927764624
3050,0.0,5784.8649398957605,0.0,0.0019087469621079458,0.6562771891554052,0.0005771088456611598,0.5878782591377533,0.0009664173786418716
3051,0.0,5783.794419516836,0.0,0.0012648460846605427,0.479678551331207,0.0010095001770078695,0.5554183467957894,0.000979342218151671
3052,0.0,5784.903851504484,0.0025622923163736372,0.003765035920217919,0.5482798449030819,-0.003358807336110748,0.5532767962279771,-0.00032210264812705474
3053,0.0,5782.59590744711,1.3192653364373785e-05,0.0009039956403421987,0.6095844870891725,0.0038014895859621307,0.5701691034863356,0.0009149750220997008
3054,0.0,5782.019242532671,0.0,0.0013536567565664525,0.794885941155429,0.0014987848709586834,0.6375841547870635,0.0010901179767573955
3055,0.0,5782.308939286007,0.0,0.0019164636705341618,0.5209797284098909,-0.0016020554665036595,0.6026028268739118,0.000282465943779079
3056,0.0,5785.091959643782,0.0,0.00695692838766252,0.7692040858255833,-0.006945268052139601,0.6525832045594132,-0.0018858542549965247
3057,0.0,5784.893397671886,0.002553720255894362,0.002518655272000931,0.4156310353194527,0.0001980126773044112,0.581497553787425,-0.0012606941753062438
3058,0.0,5788.894632829883,0.03493773570883664,0.0063285514037211875,0.35125785657218084,-0.00631894613956821,0.5124256446228517,-0.0027781697645848334
3059,0.0,5786.960183050523,0.0,0.00019105912843848312,0.6604643475724437,0.005459083879802275,0.5568372555077292,-0.00030699367126870076
3060,0.0,5788.457090316936,0.0,0.0029897255689374114,0.5743034496599009,-0.00021183856394760362,0.5620771137533807,-0.0002784471390723716
3061,0.0,5786.923018485239,0.0,0.0004967491571633259,0.6790586217614116,0.0035273700210688183,0.5971715661557899,0.0008632980089699853
3062,0.0,5789.09797146693,0.0036457749906787474,0.004895698509175979,0.4121834978091881,-0.004277073692364403,0.5416751456518093,-0.0006788135014303312
3063,0.0,5791.096537223105,0.0017027469965343234,0.0054242185225392104,0.42424361986860265,-0.0050346635221473635,0.5064456879168473,-0.001985568507645441
3064,0.0,5792.82082792877,0.0,0.003446500814942699,0.741556285855841,-0.002802442884992319,0.5769788672985454,-0.002230630820849504
3065,0.0,5795.144250381875,0.0,0.004084702165546388,0.46457057633062376,-0.0026792199643034175,0.5432563800081689,-0.002365207563885678
3066,0.0,5800.188716753312,0.007827576810160494,0.008093660749038912,0.3236193049068034,-0.00808718085361338,0.47736525747775926,-0.004081799550803988
3067,0.0,5800.241566451374,0.002098645849303127,0.0010768201996855665,0.6758039483284692,0.002523729322702983,0.5368968647329723,-0.0021001408887518966
3068,0.0,5802.540612762105,0.0,0.004398806428088472,0.6734642928125186,-0.000450299411569785,0.5778670931568362,-0.001605188445597263
3069,0.0,5806.851228564813,0.007804391201777415,0.006796873973811859,0.4421178383368235,-0.006725919977958833,0.5371423167108323,-0.0031414079053057337
3070,0.0,5813.8065676952465,0.00012809561823393342,0.012817552338271164,0.5060289255782232,-0.012687326561518702,0.5278082993710496,-0.006005183502169624
3071,0.0,5813.4898835173635,0.001820235754145808,0.0005219862681123253,0.6083577856952522,0.004182274584539365,0.5519731452683103,-0.002948946076156927
3072,0.0,5812.664012955882,0.0,0.00034769586327254684,0.5704680731129302,0.00809883590435569,0.5575216236216962,0.000365388517996858
3073,0.0,5813.453138866089,0.0,0.001869439730999412,0.8092219988032804,0.0014125819948147848,0.6330317361761715,0.000679546561042236
3074,0.0,5812.34305084636,0.0,0.0012087974014225406,0.642252965340063,0.00190375589481178,0.635798104925339,0.0010468093611730991
3075,0.0,5811.676910472457,0.0,0.002267869812425191,0.8209182426501642,0.0006363143878299695,0.6913341462427864,0.0009236608691701602
3076,0.0,5810.450589241801,0.0,0.000947994091521518,0.6861048058187974,0.0014259236097615925,0.6897653441155898,0.00107433969134759
3077,0.0,5810.914793087032,0.0,0.0032072418415682365,0.7129970240111675,-0.001974002236754269,0.696734848084263,0.0001598371129170323
3078,0.0,5810.115150967732,0.020079556099692697,0.0035632649753449784,0.4707152298870168,0.0005401573570173521,0.6289289626250891,0.0002739331861471282
3079,0.0,5814.778081462263,0.026448507443415415,0.009895465246850234,0.477969235612583,-0.009892349405649632,0.5836410445213372,-0.0027759515913919
3080,0.0,5815.093032297728,0.0,0.0038156217908614045,0.7684406808760469,-0.0008258299931486975,0.6390809354277501,-0.0021909151119189393
3081,0.0,5818.382720944126,0.0,0.0046128672065190125,0.8236019093936683,-0.0038706136426322145,0.6944372276175255,-0.002694824671132922
3082,0.0,5824.321792066697,0.0,0.009978577235810459,0.7511963967512197,-0.009978577235810459,0.7114649783576337,-0.004879950440536182
3083,0.0,5823.622862579569,0.002822789664815779,0.0015401680093890628,0.43529607743358817,0.004466543398966744,0.62861430808042,-0.0020760022886853044
3084,0.0,5826.048950764723,0.002208620337931864,0.0018331764551179643,0.4985290420577054,0.00011543141851913424,0.5895887282736055,-0.0014185721765239728
3085,0.0,5828.102061773122,0.11514434978612167,0.003647022094947929,0.24415539187597407,-0.002055705042762887,0.48595872735431606,-0.001609712036395647
3086,0.0,5829.851237853692,0.05673091357586113,0.0036151575446328843,0.41481065466956857,-0.0020993661491231076,0.4646143055488918,-0.001756608270213885
3087,0.0,5827.708326197031,0.0,0.0003575721913639524,0.7743745352709722,0.006214374667213053,0.5575423744655159,0.0006346866110141965
3088,0.0,5825.235352600137,0.0,2.4473684677308648e-05,0.781044809087936,0.006955383332876853,0.624593104852242,0.002530895627572993
3089,0.0,5824.354371300753,0.027322260391820636,0.002605587976050718,0.5101639247423693,0.0010687918360949098,0.5902643508192801,0.002092264490129568
3090,0.0,5824.852094754,0.0,0.004858170617145782,0.7005334740869263,-0.0037604511600746716,0.623345087799574,0.0003364497950682961
3091,0.0,5823.091566614307,0.0,0.002967177939436739,0.6632490955409022,0.001474306039012157,0.6353162901219724,0.0006778066682514544
3092,0.0,5826.14483211931,0.033474302186415957,0.006972128832972537,0.2984462421871475,-0.006739680283128251,0.5342552757415249,-0.0015474394171624572
3093,0.0,5825.7610254226665,0.0,0.0013085753934281355,0.5539845076994813,0.00015802531429273995,0.5401740453289118,-0.001035799997725898
3094,0.0,5826.223848804564,0.006228879111038447,0.003733822728986482,0.6841243493793608,0.0006908590138312113,0.5833591365440465,-0.0005178022942587652
3095,0.0,5828.277046526595,0.0,0.0034753305559074616,0.752344314064215,-0.0031769618276705908,0.6340546898000969,-0.0013155501542823128
3096,0.0,5828.524070511719,0.0,0.0009982730809610205,0.7865655401045374,7.955867726945749e-05,0.679807944891429,-0.0008970175048167816
3097,0.0,5829.996636628923,0.0,0.002855266890984698,0.7309415383219239,-0.00166010560409244,0.6951480229205774,-0.001125943934599479
3098,0.0,5832.443980203286,0.0,0.004855946960805211,0.6036648848706441,-0.004117324881798938,0.6677030815055973,-0.0020233582187593165
3099,0.0,5834.0336899319655,0.0,0.00384030406415014,0.7802867553285638,-0.0020547304104263646,0.7014781836524873,-0.0020327698762594307
3100,0.0,5836.819784389091,0.03560849728304692,0.00430634483011174,0.4348580879953246,-0.0036119998962938836,0.6214921549553385,-0.0025065388822697664
3101,0.0,5839.746173926235,0.10339525207460107,0.004947688149195884,0.057304181642988755,-0.0038747371278527137,0.45223576296163354,-0.00291699835594465
3102,0.0,5841.003358227651,0.00012809561823393342,0.002171291792374232,0.6011580474394135,0.00011338563924592906,0.4969124483049675,-0.0020078831573874766
3103,0.0,5843.153044637132,0.0,0.002403677094028033,0.45606399430691535,-0.0013563116007501701,0.48465791210555187,-0.0018124116903962845
3104,0.0,5843.737308123753,0.02532126089831413,0.0005527605330320856,0.4388025724426317,0.0009498465122511845,0.4709013102066758,-0.0009837342296020438
3105,0.0,5847.800370523727,0.000691413120854776,0.006535795562884129,0.6277622661085155,-0.006535795562884129,0.5179595969772277,-0.002649352629586669
3106,0.0,5852.072959379407,0.0,0.00797879659732564,0.7903119730867758,-0.00776611393393072,0.5996653098100921,-0.0041843810208898845
3107,0.0,5855.944228209821,0.033874896496980535,0.005433391947905272,0.4339469517811353,-0.0051310518650039,0.5499498024014051,-0.00446838227412409
3108,0.0,5859.231684899955,0.0,0.0030867494922337006,0.6454549408964141,-0.0023039552796008072,0.5786013439499078,-0.003819054175767105
3109,0.0,5863.320247013972,0.0,0.004140515985352328,0.6913061591765639,-0.0037041456113325886,0.6124127885179046,-0.0037845816064367497
3110,0.0,5865.072999316229,0.0,0.0020564985273497046,0.585062177148493,0.0004843050369921611,0.604207605107081,-0.0025039156134080763
3111,0.0,5868.526175720387,0.011058875968839305,0.0033075625777233527,0.545887362488545,-0.0031475151847341976,0.5867115323215202,-0.0026969954848059126
3112,0.0,5870.299306571827,0.036471805341226696,0.0019078544418624315,0.2517970319581232,-0.0009734023646652783,0.486237182212501,-0.0021799175487637224
3113,0.0,5874.201456189879,0.0064227506433952785,0.006334909893679447,0.43485267458718235,-0.005229278176401716,0.4708218299249054,-0.0030947257370551205
3114,0.0,5873.18300337475,0.0,0.0012749043557542918,0.6751224532473498,0.0045214710505244015,0.5321120169216387,-0.0008098667007812638
3115,0.0,5876.114774261998,0.0,0.003458995676475274,0.7776422493415801,-0.0028504389264671134,0.6057710866476211,-0.0014220383684870187
3116,0.0,5876.975669370951,0.0,0.0018930169185625205,0.7647600451639534,-0.0008906687316542958,0.6534677742025208,-0.0012626274774372016
3117,0.0,5883.0221964161765,0.1495731298430082,0.011063031898818122,0.2750087706195859,-0.011063031898818122,0.5399300731276403,-0.004202748803851478
3118,0.0,5882.878268009244,0.0,0.0015619323594847198,0.5819499926985369,0.0017902023369345996,0.5525360489989093,-0.0024048634616156543
3119,0.0,5887.79700584472,0.0,0.005813989628995647,0.8153973470398858,-0.005769304508996672,0.6313944384112022,-0.0034141957758299594
3120,0.0,5889.124027319416,0.0,0.0017238000462161702,0.6027892925280068,-0.0001173038091076942,0.6228128946462436,-0.0024251281858132796
3121,0.0,5892.155300422946,0.0016531084161163455,0.003540182712237561,0.3884931790753751,-0.002657651358124247,0.5525169799749831,-0.0024948851375065696
3122,0.0,5895.184823088087,0.0,0.004537751637705372,0.6844996333258629,-0.003681376811422865,0.592111775980247,-0.002850832639681458
3123,0.0,5894.952239480811,0.0,0.0008760192613483794,0.8115914569644886,0.0032021725600471247,0.6579556802755194,-0.0010349310797628831
3124,0.0,5896.30105792762,0.0,0.0010957491401519077,0.567131282504008,0.00020270103047339937,0.630708360944066,-0.0006636414466919984
3125,0.0,5896.341243208131,0.0,0.003144080510935386,0.5697679116733323,0.001021985600633228,0.6124262261628459,-0.00015795333249443038
3126,0.0,5896.72616900375,0.0,0.0027759279842054256,0.6834402311632826,-0.00010405417838018549,0.6337304276629769,-0.0001417835862601569
3127,0.0,5896.846607128639,0.0,0.002489020859199145,0.8203777553629517,-8.047038941033631e-05,0.6897246259729694,-0.00012338962720521074
3128,0.0,5899.569426324304,0.0,0.0057793463226243355,0.7331809209115837,-0.005519707520813184,0.7027615144545536,-0.0017422849952876027
3129,0.0,5900.179737451205,0.04655562663053083,0.004148498616810983,0.23490370199526392,-0.0010703554445689572,0.5624041707167666,-0.001540706130072009
3130,0.0,5903.464796535126,0.003618655286169327,0.005756738925262832,0.5913691583357334,-0.0049647967993247935,0.5710936670024567,-0.0025679333308478445
3131,0.0,5907.159505669465,0.0,0.005985411255595403,0.8077950103625275,-0.005985411255595403,0.6421040700104779,-0.003593176708272112
3132,0.0,5911.368307581909,0.0,0.00607232296756886,0.6758357364921522,-0.005943691068445896,0.6522235699549801,-0.0042983310163242465
3133,0.0,5914.294577593089,0.0,0.0038852213907357184,0.5638516031711482,-0.002174406326497575,0.6257119799198305,-0.003661153609376245
