episode,lam_util,lam_tp,util_gap,tp_gap
1,0.0,0.054166666666666675,-0.23750000000000004,-0.022916666666666665
2,0.0,0.008333333333333345,-0.16666666666666663,-0.022916666666666665
3,0.0,0.008333333333333345,-0.04166666666666663,0.0
4,0.0,0.0,-0.10624999999999996,-0.014583333333333334
5,0.0,0.0,-0.12916666666666665,-0.0020833333333333333
6,0.0,0.0,-0.13749999999999996,-0.022916666666666665
7,0.0,0.0,-0.10624999999999996,-0.020833333333333332
8,0.0,0.0,-0.18958333333333333,-0.014583333333333334
9,0.0011666666666666663,0.020833333333333332,0.11666666666666664,0.010416666666666666
10,0.00018749999999999973,0.004166666666666666,-0.09791666666666665,-0.008333333333333333
11,0.0,0.0,-0.0854166666666667,-0.010416666666666666
12,0.0,0.0,-0.14375000000000004,-0.01875
13,0.00020833333333333316,0.0,0.020833333333333315,-0.004166666666666667
14,0.0,0.0,-0.14166666666666672,-0.0125
15,0.00029166666666666675,0.0,0.029166666666666674,0.0
16,0.0,0.0,-0.09166666666666667,-0.01875
17,0.0007500000000000001,0.0,0.07500000000000001,-0.004166666666666667
18,0.00018749999999999984,0.0,-0.05625000000000002,-0.0020833333333333333
19,0.000708333333333333,0.0,0.052083333333333315,-0.00625
20,0.00010416666666666614,0.0,-0.060416666666666674,0.0
21,0.0007291666666666662,0.008333333333333333,0.0625,0.004166666666666667
22,0.0006666666666666663,0.0125,-0.006249999999999978,0.0020833333333333333
23,0.0,0.0041666666666666675,-0.09166666666666667,-0.004166666666666667
24,0.0006458333333333332,0.0375,0.06458333333333333,0.016666666666666666
25,0.0,0.0,-0.1479166666666667,-0.020833333333333332
26,0.0003958333333333336,0.004166666666666667,0.03958333333333336,0.0020833333333333333
27,0.0,0.0,-0.06458333333333333,-0.004166666666666667
28,0.0022291666666666666,0.03333333333333333,0.22291666666666665,0.016666666666666666
29,0.002104166666666667,0.029166666666666667,-0.012499999999999956,-0.0020833333333333333
30,0.0010416666666666673,0.025,-0.10624999999999996,-0.0020833333333333333
31,0.0030625000000000006,0.037500000000000006,0.20208333333333334,0.00625
32,0.005125000000000001,0.0625,0.20625,0.0125
33,0.005479166666666668,0.0625,0.03541666666666665,0.0
34,0.006854166666666668,0.07083333333333333,0.1375,0.004166666666666667
35,0.007708333333333334,0.07083333333333333,0.08541666666666664,0.0
36,0.008020833333333335,0.05416666666666667,0.03125,-0.008333333333333333
37,0.006750000000000002,0.020833333333333336,-0.12708333333333333,-0.016666666666666666
38,0.005604166666666668,0.0,-0.11458333333333337,-0.01875
39,0.007020833333333335,0.025,0.14166666666666666,0.0125
40,0.006125000000000001,0.008333333333333335,-0.08958333333333335,-0.008333333333333333
41,0.0061041666666666675,0.0,-0.002083333333333326,-0.008333333333333333
42,0.005020833333333335,0.0,-0.10833333333333328,-0.010416666666666666
43,0.0048333333333333344,0.0,-0.018750000000000044,0.0
44,0.004395833333333335,0.004166666666666667,-0.043749999999999956,0.0020833333333333333
45,0.005395833333333335,0.020833333333333332,0.09999999999999998,0.008333333333333333
46,0.005687500000000002,0.012499999999999999,0.029166666666666674,-0.004166666666666667
47,0.006729166666666668,0.020833333333333332,0.10416666666666669,0.004166666666666667
48,0.007000000000000002,0.058333333333333334,0.027083333333333348,0.01875
49,0.006687500000000002,0.04583333333333334,-0.03125,-0.00625
50,0.0065000000000000014,0.037500000000000006,-0.018750000000000044,-0.004166666666666667
51,0.005583333333333334,0.0,-0.09166666666666667,-0.020833333333333332
52,0.0032500000000000016,0.0,-0.23333333333333328,-0.016666666666666666
53,0.0007083333333333351,0.0,-0.25416666666666665,-0.010416666666666666
54,0.0007916666666666687,0.004166666666666667,0.00833333333333336,0.0020833333333333333
55,0.0012708333333333354,0.029166666666666667,0.04791666666666666,0.0125
56,0.0014583333333333354,0.029166666666666667,0.01874999999999999,0.0
57,0.0007916666666666688,0.025,-0.06666666666666665,-0.0020833333333333333
58,0.0005625000000000018,0.05,-0.022916666666666696,0.0125
59,0.0,0.025,-0.14166666666666672,-0.0125
60,0.0,0.0125,-0.18958333333333333,-0.00625
61,0.0,0.0,-0.014583333333333282,-0.00625
62,0.0,0.0,-0.0708333333333333,-0.004166666666666667
63,0.0,0.016666666666666666,-0.006249999999999978,0.008333333333333333
64,0.0009791666666666666,0.05,0.09791666666666665,0.016666666666666666
65,0.0003749999999999998,0.03333333333333334,-0.060416666666666674,-0.008333333333333333
66,0.0003125,0.05,-0.006249999999999978,0.008333333333333333
67,0.0,0.037500000000000006,-0.08125000000000004,-0.00625
68,0.0,0.025000000000000005,-0.03749999999999998,-0.00625
69,0.0,0.01666666666666667,-0.13958333333333328,-0.004166666666666667
70,0.0013541666666666663,0.03333333333333334,0.13541666666666663,0.008333333333333333
71,0.002041666666666666,0.05833333333333334,0.06874999999999998,0.0125
72,0.003979166666666666,0.09166666666666667,0.19374999999999998,0.016666666666666666
73,0.002937499999999999,0.09166666666666667,-0.10416666666666663,0.0
74,0.0021874999999999993,0.08333333333333334,-0.07499999999999996,-0.004166666666666667
75,0.002541666666666666,0.10833333333333334,0.03541666666666665,0.0125
76,0.005729166666666666,0.14166666666666666,0.31875000000000003,0.016666666666666666
77,0.005354166666666667,0.1625,-0.03749999999999998,0.010416666666666666
78,0.004208333333333333,0.15416666666666667,-0.11458333333333337,-0.004166666666666667
79,0.004145833333333333,0.1625,-0.006249999999999978,0.004166666666666667
80,0.0031041666666666665,0.16666666666666669,-0.10416666666666663,0.0020833333333333333
81,0.006416666666666667,0.2041666666666667,0.33125000000000004,0.01875
82,0.006083333333333334,0.21250000000000002,-0.033333333333333326,0.004166666666666667
83,0.006458333333333333,0.20833333333333334,0.03749999999999998,-0.0020833333333333333
84,0.006270833333333333,0.23333333333333334,-0.018750000000000044,0.0125
85,0.007020833333333333,0.24166666666666667,0.07500000000000001,0.004166666666666667
86,0.006749999999999999,0.24583333333333335,-0.027083333333333348,0.0020833333333333333
87,0.005479166666666666,0.23750000000000002,-0.12708333333333333,-0.004166666666666667
88,0.006166666666666666,0.275,0.06874999999999998,0.01875
89,0.006104166666666666,0.275,-0.006249999999999978,0.0
90,0.0068541666666666655,0.29583333333333334,0.07500000000000001,0.010416666666666666
91,0.005437499999999998,0.275,-0.14166666666666672,-0.010416666666666666
92,0.007020833333333331,0.28750000000000003,0.15833333333333333,0.00625
93,0.006458333333333331,0.30000000000000004,-0.05625000000000002,0.00625
94,0.004916666666666664,0.2666666666666667,-0.15416666666666667,-0.016666666666666666
95,0.004145833333333331,0.27916666666666673,-0.07708333333333328,0.00625
96,0.003812499999999998,0.2833333333333334,-0.033333333333333326,0.0020833333333333333
97,0.004583333333333332,0.29166666666666674,0.07708333333333334,0.004166666666666667
98,0.0038749999999999987,0.2875000000000001,-0.0708333333333333,-0.0020833333333333333
99,0.0027708333333333317,0.28333333333333344,-0.11041666666666672,-0.0020833333333333333
100,0.0022916666666666645,0.28333333333333344,-0.04791666666666672,0.0
101,0.003624999999999998,0.29583333333333345,0.13333333333333336,0.00625
102,0.0031041666666666644,0.32083333333333347,-0.05208333333333337,0.0125
103,0.0027083333333333313,0.3166666666666668,-0.039583333333333304,-0.0020833333333333333
104,0.0025624999999999984,0.3250000000000002,-0.014583333333333282,0.004166666666666667
105,0.0009999999999999983,0.31250000000000017,-0.15625,-0.00625
106,0.0,0.3041666666666668,-0.12708333333333333,-0.004166666666666667
107,0.0005833333333333335,0.32083333333333347,0.05833333333333335,0.008333333333333333
108,0.0,0.27500000000000013,-0.22083333333333333,-0.022916666666666665
109,0.0,0.21666666666666679,-0.3041666666666667,-0.029166666666666667
110,0.0,0.20000000000000012,-0.07708333333333328,-0.008333333333333333
111,0.0,0.18333333333333346,-0.12083333333333335,-0.008333333333333333
112,0.0,0.15000000000000013,-0.1645833333333333,-0.016666666666666666
113,0.0,0.1416666666666668,-0.15208333333333335,-0.004166666666666667
114,0.0,0.1416666666666668,-0.018750000000000044,0.0
115,0.0009375,0.1541666666666668,0.09375,0.00625
116,0.001125,0.13750000000000015,0.01874999999999999,-0.008333333333333333
117,0.0006458333333333327,0.12916666666666682,-0.04791666666666672,-0.004166666666666667
118,0.0,0.10833333333333349,-0.08750000000000002,-0.010416666666666666
119,0.0004375000000000001,0.10000000000000016,0.04375000000000001,-0.004166666666666667
120,0.0,0.0833333333333335,-0.13124999999999998,-0.008333333333333333
121,0.0,0.05416666666666683,-0.20416666666666672,-0.014583333333333334
122,0.0,0.01666666666666683,-0.12083333333333335,-0.01875
123,0.0,0.0,-0.17291666666666672,-0.014583333333333334
124,0.0,0.0,-0.014583333333333282,-0.004166666666666667
125,0.0,0.004166666666666667,-0.10624999999999996,0.0020833333333333333
126,0.0,0.0,-0.19374999999999998,-0.0125
127,0.0,0.0,-0.18958333333333333,-0.008333333333333333
128,0.0,0.0,-0.28125,-0.022916666666666665
129,0.0,0.0,-0.09583333333333333,0.0
130,0.0,0.0,-0.1875,-0.016666666666666666
131,0.0,0.0,-0.16666666666666663,-0.008333333333333333
132,0.0,0.0,-0.002083333333333326,-0.00625
133,0.0,0.0,-0.09375,-0.008333333333333333
134,0.0,0.0,-0.17291666666666672,-0.014583333333333334
135,0.0,0.0,-0.30625,-0.022916666666666665
136,0.0,0.0,-0.21875,-0.004166666666666667
137,0.0,0.0,-0.1875,-0.010416666666666666
138,0.0,0.0,-0.10416666666666663,0.0
139,0.0,0.0,-0.039583333333333304,-0.0020833333333333333
140,0.0007500000000000001,0.0,0.07500000000000001,-0.008333333333333333
141,0.0,0.0,-0.11458333333333337,-0.014583333333333334
142,0.0,0.020833333333333332,-0.002083333333333326,0.010416666666666666
143,0.0,0.004166666666666666,-0.15000000000000002,-0.008333333333333333
144,0.0,0.0,-0.11041666666666672,-0.004166666666666667
145,0.0,0.0,-0.19791666666666663,0.0
146,0.0,0.0,-0.13958333333333328,-0.004166666666666667
147,0.0,0.0,-0.20625000000000004,-0.025
148,0.0,0.0,-0.07916666666666672,-0.0125
149,0.0,0.0,-0.04166666666666663,-0.004166666666666667
150,0.0,0.0,-0.19374999999999998,-0.0020833333333333333
151,0.0,0.004166666666666667,-0.04791666666666672,0.0020833333333333333
152,0.0002500000000000002,0.0,0.025000000000000022,-0.004166666666666667
153,0.0007500000000000001,0.016666666666666666,0.04999999999999999,0.008333333333333333
154,0.0,0.0,-0.08125000000000004,-0.010416666666666666
155,0.0,0.0,-0.09375,-0.010416666666666666
156,0.00041666666666666686,0.016666666666666666,0.041666666666666685,0.008333333333333333
157,6.250000000000033e-05,0.004166666666666666,-0.03541666666666665,-0.00625
158,0.0,0.0,-0.25416666666666665,-0.0125
159,8.333333333333359e-05,0.0,0.00833333333333336,0.0
160,0.0003125,0.0,0.02291666666666664,-0.004166666666666667
161,0.0020416666666666665,0.020833333333333332,0.17291666666666666,0.010416666666666666
162,0.0028749999999999995,0.03333333333333333,0.08333333333333331,0.00625
163,0.0027083333333333326,0.04583333333333334,-0.01666666666666672,0.00625
164,0.002270833333333333,0.025000000000000005,-0.043749999999999956,-0.010416666666666666
165,0.0,0.0,-0.2833333333333333,-0.027083333333333334
166,0.0,0.0,-0.0854166666666667,-0.0125
167,0.0005208333333333331,0.020833333333333332,0.052083333333333315,0.010416666666666666
168,0.0,0.016666666666666666,-0.0625,-0.0020833333333333333
169,0.000625,0.004166666666666666,0.0625,-0.00625
170,0.0,0.0,-0.2104166666666667,-0.010416666666666666
171,0.00014583333333333337,0.0,0.014583333333333337,-0.004166666666666667
172,0.002125,0.041666666666666664,0.19791666666666669,0.020833333333333332
173,0.0016249999999999997,0.0375,-0.050000000000000044,-0.0020833333333333333
174,0.002875,0.05416666666666667,0.125,0.008333333333333333
175,0.001708333333333333,0.037500000000000006,-0.1166666666666667,-0.008333333333333333
176,0.0007083333333333332,0.012500000000000004,-0.09999999999999998,-0.0125
177,0.0005833333333333336,0.020833333333333336,-0.012499999999999956,0.004166666666666667
178,0.00018750000000000055,0.037500000000000006,-0.039583333333333304,0.008333333333333333
179,0.0010000000000000005,0.04583333333333334,0.08124999999999999,0.004166666666666667
180,0.00039583333333333365,0.05,-0.060416666666666674,0.0020833333333333333
181,0.0013958333333333336,0.03333333333333334,0.09999999999999998,-0.008333333333333333
182,0.0022916666666666667,0.02083333333333334,0.08958333333333329,-0.00625
183,0.0016874999999999998,0.025000000000000005,-0.060416666666666674,0.0020833333333333333
184,0.0029999999999999996,0.037500000000000006,0.13124999999999998,0.00625
185,0.004333333333333333,0.037500000000000006,0.13333333333333336,0.0
186,0.0053124999999999995,0.04166666666666667,0.09791666666666665,0.0020833333333333333
187,0.0070416666666666666,0.0625,0.17291666666666666,0.010416666666666666
188,0.009125000000000001,0.075,0.20833333333333337,0.00625
189,0.010729166666666668,0.08333333333333333,0.16041666666666665,0.004166666666666667
190,0.010395833333333335,0.08333333333333333,-0.033333333333333326,0.0
191,0.009854166666666667,0.07916666666666666,-0.054166666666666696,-0.0020833333333333333
192,0.011833333333333335,0.0875,0.19791666666666669,0.004166666666666667
193,0.012791666666666668,0.10416666666666666,0.09583333333333333,0.008333333333333333
194,0.014125000000000002,0.11666666666666665,0.13333333333333336,0.00625
195,0.015000000000000003,0.10833333333333332,0.08750000000000002,-0.004166666666666667
196,0.01591666666666667,0.10833333333333332,0.09166666666666667,0.0
197,0.01647916666666667,0.12499999999999999,0.05625000000000002,0.008333333333333333
198,0.01635416666666667,0.13333333333333333,-0.012499999999999956,0.004166666666666667
199,0.016708333333333335,0.16666666666666666,0.03541666666666665,0.016666666666666666
200,0.017020833333333336,0.19166666666666665,0.03125,0.0125
201,0.0170625,0.19583333333333333,0.004166666666666652,0.0020833333333333333
202,0.017125,0.20416666666666666,0.006249999999999978,0.004166666666666667
203,0.0175,0.20416666666666666,0.03749999999999998,0.0
204,0.018437500000000002,0.2375,0.09375,0.016666666666666666
205,0.018458333333333337,0.22499999999999998,0.002083333333333326,-0.00625
206,0.016187500000000004,0.19999999999999998,-0.2270833333333333,-0.0125
207,0.015770833333333338,0.17916666666666664,-0.04166666666666663,-0.010416666666666666
208,0.01683333333333334,0.1958333333333333,0.10625000000000001,0.008333333333333333
209,0.015729166666666673,0.20416666666666664,-0.11041666666666672,0.004166666666666667
210,0.012979166666666672,0.1708333333333333,-0.275,-0.016666666666666666
211,0.012708333333333339,0.16666666666666663,-0.027083333333333348,-0.0020833333333333333
212,0.012687500000000006,0.16249999999999995,-0.002083333333333326,-0.0020833333333333333
213,0.01164583333333334,0.15416666666666662,-0.10416666666666663,-0.004166666666666667
214,0.011166666666666672,0.14999999999999994,-0.04791666666666672,-0.0020833333333333333
215,0.010354166666666671,0.12083333333333326,-0.08125000000000004,-0.014583333333333334
216,0.010125000000000004,0.1041666666666666,-0.022916666666666696,-0.008333333333333333
217,0.010416666666666671,0.1041666666666666,0.029166666666666674,0.0
218,0.008791666666666672,0.08749999999999994,-0.16249999999999998,-0.008333333333333333
219,0.008333333333333338,0.0916666666666666,-0.04583333333333328,0.0020833333333333333
220,0.005312500000000005,0.05833333333333327,-0.30208333333333337,-0.016666666666666666
221,0.003958333333333338,0.04999999999999994,-0.13541666666666663,-0.004166666666666667
222,0.0038333333333333383,0.054166666666666606,-0.012499999999999956,0.0020833333333333333
223,0.0045208333333333385,0.06249999999999994,0.06874999999999998,0.004166666666666667
224,0.006041666666666672,0.08333333333333327,0.15208333333333335,0.010416666666666666
225,0.005541666666666671,0.08749999999999994,-0.050000000000000044,0.0020833333333333333
226,0.004541666666666671,0.08333333333333327,-0.09999999999999998,-0.0020833333333333333
227,0.0016458333333333381,0.04999999999999994,-0.2895833333333333,-0.016666666666666666
228,0.0011875000000000054,0.02499999999999994,-0.04583333333333328,-0.0125
229,8.333333333333825e-05,0.020833333333333273,-0.11041666666666672,-0.0020833333333333333
230,0.0,0.004166666666666607,-0.3125,-0.008333333333333333
231,0.0,0.0,-0.18958333333333333,-0.0020833333333333333
232,0.0,0.0125,-0.06874999999999998,0.00625
233,0.0,0.008333333333333335,-0.24791666666666667,-0.0020833333333333333
234,0.0,0.0,-0.3520833333333333,-0.022916666666666665
235,0.0,0.0,-0.2875,-0.014583333333333334
236,0.0,0.0,-0.2729166666666667,-0.01875
237,0.0,0.0,-0.060416666666666674,0.0
238,0.0,0.0,-0.23541666666666672,-0.01875
239,0.0,0.0,-0.24791666666666667,-0.0125
240,0.0,0.0,-0.2666666666666667,-0.0125
241,0.0,0.0,-0.25416666666666665,-0.008333333333333333
242,0.0,0.0,-0.09999999999999998,-0.0020833333333333333
243,0.0,0.0,-0.1958333333333333,-0.014583333333333334
244,0.0,0.0,-0.38541666666666663,-0.029166666666666667
245,0.0,0.0,-0.1791666666666667,-0.008333333333333333
246,0.0,0.004166666666666667,-0.0625,0.0020833333333333333
247,0.0,0.0,-0.17291666666666672,-0.010416666666666666
248,0.0,0.0,-0.22291666666666665,-0.008333333333333333
249,0.0,0.0,-0.42708333333333337,-0.0125
250,0.0,0.016666666666666666,-0.04583333333333328,0.008333333333333333
251,0.0,0.0,-0.22291666666666665,-0.020833333333333332
252,0.0,0.0,-0.17500000000000004,-0.016666666666666666
253,0.0,0.0,-0.4833333333333333,-0.029166666666666667
254,0.0,0.0,-0.37083333333333335,-0.020833333333333332
255,0.002125,0.016666666666666666,0.21250000000000002,0.008333333333333333
256,0.0013124999999999996,0.008333333333333333,-0.08125000000000004,-0.004166666666666667
257,0.0,0.004166666666666667,-0.25625,-0.0020833333333333333
258,0.0,0.004166666666666667,-0.13124999999999998,0.0
259,0.0,0.0,-0.29374999999999996,-0.01875
260,0.0,0.0,-0.09791666666666665,-0.0020833333333333333
261,0.0,0.0,-0.2520833333333333,-0.0020833333333333333
262,0.0,0.004166666666666667,-0.0,0.0020833333333333333
263,0.0,0.0,-0.17708333333333337,-0.00625
264,0.0,0.0,-0.014583333333333282,-0.004166666666666667
265,0.0,0.0,-0.17291666666666672,-0.0125
266,0.0,0.0,-0.21250000000000002,-0.014583333333333334
267,0.0,0.0,-0.09166666666666667,-0.004166666666666667
268,0.0,0.004166666666666667,-0.08125000000000004,0.0020833333333333333
269,0.0,0.0,-0.15625,-0.010416666666666666
270,0.0,0.0,-0.13541666666666663,-0.0020833333333333333
271,0.0,0.0,-0.008333333333333304,-0.008333333333333333
272,0.0,0.0,-0.09583333333333333,-0.008333333333333333
273,0.0,0.0,-0.0854166666666667,-0.00625
274,0.0,0.0,-0.1479166666666667,-0.014583333333333334
275,0.0003125,0.0,0.03125,-0.00625
276,0.00010416666666666631,0.0,-0.02083333333333337,-0.00625
277,0.0,0.0,-0.02083333333333337,-0.004166666666666667
278,0.0,0.0,-0.17291666666666672,-0.014583333333333334
279,0.0,0.0,-0.20208333333333328,-0.010416666666666666
280,0.0,0.0,-0.01666666666666672,-0.0020833333333333333
281,0.0017916666666666665,0.008333333333333333,0.17916666666666664,0.004166666666666667
282,0.0,0.0,-0.23541666666666672,-0.016666666666666666
283,0.0,0.0,-0.2645833333333333,-0.014583333333333334
284,0.0,0.0,-0.16666666666666663,-0.004166666666666667
285,0.0,0.0125,-0.14583333333333337,0.00625
286,0.0,0.0,-0.24791666666666667,-0.010416666666666666
287,0.0,0.0,-0.3145833333333333,-0.020833333333333332
288,0.0,0.0,-0.006249999999999978,-0.00625
289,0.0,0.0,-0.2270833333333333,-0.016666666666666666
290,0.0,0.0,-0.10833333333333328,-0.008333333333333333
291,0.00022916666666666642,0.0,0.02291666666666664,-0.004166666666666667
292,0.0,0.0,-0.23541666666666672,-0.010416666666666666
293,0.0,0.0,-0.12291666666666667,-0.008333333333333333
294,0.0,0.0,-0.24375000000000002,-0.004166666666666667
295,0.0,0.0,-0.08750000000000002,-0.0020833333333333333
296,0.0005416666666666664,0.0,0.05416666666666664,-0.004166666666666667
297,0.0,0.0,-0.0625,-0.0020833333333333333
298,0.0,0.008333333333333333,-0.01041666666666663,0.004166666666666667
299,0.0,0.0,-0.23541666666666672,-0.00625
300,0.0,0.0,-0.17708333333333337,-0.008333333333333333
301,0.0,0.0,-0.31875,-0.022916666666666665
302,0.0001874999999999999,0.0,0.01874999999999999,-0.00625
303,0.0,0.016666666666666666,-0.043749999999999956,0.008333333333333333
304,0.0,0.03333333333333333,-0.13749999999999996,0.008333333333333333
305,0.0,0.008333333333333331,-0.15625,-0.0125
306,0.0,0.008333333333333331,-0.15416666666666667,0.0
307,0.0,0.020833333333333332,-0.04791666666666672,0.00625
308,0.0,0.008333333333333331,-0.27083333333333337,-0.00625
309,0.00035416666666666653,0.012499999999999997,0.03541666666666665,0.0020833333333333333
310,0.0,0.016666666666666663,-0.07291666666666663,0.0020833333333333333
311,0.0,0.012499999999999997,-0.14375000000000004,-0.0020833333333333333
312,0.0014375,0.024999999999999998,0.14375,0.00625
313,0.0007708333333333334,0.024999999999999998,-0.06666666666666665,0.0
314,0.00043750000000000017,0.041666666666666664,-0.033333333333333326,0.008333333333333333
315,0.0,0.03333333333333333,-0.050000000000000044,-0.004166666666666667
316,0.0,0.03333333333333333,-0.1166666666666667,0.0
317,0.0,0.041666666666666664,-0.03541666666666665,0.004166666666666667
318,0.0,0.058333333333333334,-0.01666666666666672,0.008333333333333333
319,0.0,0.05416666666666667,-0.1479166666666667,-0.0020833333333333333
320,0.0,0.020833333333333336,-0.25416666666666665,-0.016666666666666666
321,0.0,0.0,-0.21250000000000002,-0.0125
322,0.0,0.004166666666666667,-0.12916666666666665,0.0020833333333333333
323,4.1666666666666516e-05,0.0,0.004166666666666652,-0.004166666666666667
324,0.0,0.0,-0.16666666666666663,0.0
325,0.0010208333333333337,0.0,0.10208333333333336,-0.00625
326,0.0,0.0,-0.125,-0.008333333333333333
327,0.00016666666666666663,0.008333333333333333,0.016666666666666663,0.004166666666666667
328,0.0,0.004166666666666667,-0.018750000000000044,-0.0020833333333333333
329,0.0009583333333333333,0.0,0.09583333333333333,-0.004166666666666667
330,0.0,0.0,-0.125,-0.0020833333333333333
331,0.0008958333333333336,0.0,0.08958333333333335,-0.010416666666666666
332,0.0014166666666666668,0.0125,0.052083333333333315,0.00625
333,0.0023333333333333335,0.020833333333333336,0.09166666666666667,0.004166666666666667
334,0.0012708333333333339,0.004166666666666669,-0.10624999999999996,-0.008333333333333333
335,0.001208333333333334,0.008333333333333335,-0.006249999999999978,0.0020833333333333333
336,0.0018125000000000007,0.029166666666666667,0.060416666666666674,0.010416666666666666
337,0.0011041666666666678,0.04583333333333334,-0.0708333333333333,0.008333333333333333
338,0.001312500000000001,0.04583333333333334,0.020833333333333315,0.0
339,0.001729166666666668,0.0625,0.041666666666666685,0.008333333333333333
340,0.0016458333333333349,0.058333333333333334,-0.008333333333333304,-0.0020833333333333333
341,0.00039583333333333484,0.05,-0.125,-0.004166666666666667
342,0.0015625000000000012,0.04166666666666667,0.11666666666666664,-0.004166666666666667
343,0.0002083333333333349,0.025000000000000005,-0.13541666666666663,-0.008333333333333333
344,0.000958333333333335,0.04583333333333334,0.07500000000000001,0.010416666666666666
345,0.0022708333333333348,0.058333333333333334,0.13124999999999998,0.00625
346,0.0013125000000000016,0.05,-0.09583333333333333,-0.004166666666666667
347,0.0014166666666666685,0.05,0.010416666666666685,0.0
348,0.0014166666666666685,0.03333333333333334,-0.0,-0.008333333333333333
349,0.0012291666666666681,0.02500000000000001,-0.018750000000000044,-0.004166666666666667
350,0.001062500000000001,0.04583333333333334,-0.01666666666666672,0.010416666666666666
351,0.0,0.025000000000000005,-0.11875000000000002,-0.010416666666666666
352,0.0,0.008333333333333338,-0.06666666666666665,-0.008333333333333333
353,0.0001250000000000001,0.012500000000000004,0.012500000000000011,0.0020833333333333333
354,0.0002083333333333337,0.020833333333333336,0.00833333333333336,0.004166666666666667
355,0.0013958333333333336,0.025,0.11874999999999997,0.0020833333333333333
356,0.0004375000000000003,0.04166666666666667,-0.09583333333333333,0.008333333333333333
357,0.0010833333333333335,0.058333333333333334,0.06458333333333333,0.008333333333333333
358,0.0011875000000000004,0.07916666666666666,0.010416666666666685,0.010416666666666666
359,0.0022291666666666666,0.07083333333333333,0.10416666666666663,-0.004166666666666667
360,0.001958333333333333,0.07083333333333333,-0.027083333333333348,0.0
361,0.0014583333333333327,0.06666666666666667,-0.050000000000000044,-0.0020833333333333333
362,0.002541666666666666,0.08333333333333333,0.10833333333333334,0.008333333333333333
363,0.0022499999999999994,0.07916666666666666,-0.029166666666666674,-0.0020833333333333333
364,0.000270833333333333,0.06666666666666667,-0.19791666666666663,-0.00625
365,0.0015833333333333329,0.09583333333333333,0.13124999999999998,0.014583333333333334
366,0.0017291666666666662,0.09583333333333333,0.014583333333333337,0.0
367,0.002416666666666666,0.10833333333333332,0.06874999999999998,0.00625
368,0.0015416666666666656,0.11249999999999999,-0.08750000000000002,0.0020833333333333333
369,0.0022499999999999994,0.12916666666666665,0.07083333333333336,0.008333333333333333
370,0.004208333333333333,0.15833333333333333,0.1958333333333333,0.014583333333333334
371,0.004187499999999999,0.15416666666666665,-0.002083333333333326,-0.0020833333333333333
372,0.006625,0.18333333333333332,0.24375000000000002,0.014583333333333334
373,0.006875,0.19166666666666665,0.025000000000000022,0.004166666666666667
374,0.006291666666666667,0.18749999999999997,-0.05833333333333335,-0.0020833333333333333
375,0.0069375,0.1958333333333333,0.06458333333333333,0.004166666666666667
376,0.0075625,0.19999999999999998,0.0625,0.0020833333333333333
377,0.010020833333333333,0.2333333333333333,0.24583333333333335,0.016666666666666666
378,0.011541666666666667,0.24583333333333332,0.15208333333333335,0.00625
379,0.012125,0.27499999999999997,0.05833333333333335,0.014583333333333334
380,0.014541666666666666,0.3,0.24166666666666664,0.0125
381,0.016125,0.3208333333333333,0.15833333333333333,0.010416666666666666
382,0.0165625,0.3333333333333333,0.04375000000000001,0.00625
383,0.018479166666666668,0.3708333333333333,0.19166666666666665,0.01875
384,0.019895833333333335,0.38749999999999996,0.14166666666666666,0.008333333333333333
385,0.020208333333333335,0.3916666666666666,0.03125,0.0020833333333333333
386,0.021395833333333336,0.41666666666666663,0.11875000000000002,0.0125
387,0.023125000000000003,0.44166666666666665,0.17291666666666666,0.0125
388,0.023562500000000004,0.4333333333333333,0.04375000000000001,-0.004166666666666667
389,0.025375000000000005,0.43749999999999994,0.18125000000000002,0.0020833333333333333
390,0.027395833333333338,0.46249999999999997,0.20208333333333334,0.0125
391,0.028937500000000005,0.475,0.15416666666666667,0.00625
392,0.02972916666666667,0.4958333333333333,0.07916666666666666,0.010416666666666666
393,0.030250000000000003,0.5041666666666667,0.052083333333333315,0.004166666666666667
394,0.03047916666666667,0.5333333333333333,0.02291666666666664,0.014583333333333334
395,0.03122916666666667,0.5375,0.07500000000000001,0.0020833333333333333
396,0.029437500000000002,0.5208333333333333,-0.1791666666666667,-0.008333333333333333
397,0.030354166666666668,0.5166666666666666,0.09166666666666667,-0.0020833333333333333
398,0.03202083333333333,0.5416666666666666,0.16666666666666669,0.0125
399,0.0321875,0.5375,0.016666666666666663,-0.0020833333333333333
400,0.03289583333333333,0.5541666666666667,0.07083333333333336,0.008333333333333333
401,0.034020833333333333,0.5458333333333334,0.11249999999999999,-0.004166666666666667
402,0.0335625,0.5333333333333334,-0.04583333333333328,-0.00625
403,0.03310416666666667,0.5708333333333334,-0.04583333333333328,0.01875
404,0.03445833333333334,0.5791666666666667,0.13541666666666669,0.004166666666666667
405,0.03531250000000001,0.5916666666666667,0.08541666666666664,0.00625
406,0.03362500000000001,0.575,-0.16874999999999996,-0.008333333333333333
407,0.03304166666666668,0.5583333333333332,-0.05833333333333335,-0.008333333333333333
408,0.032000000000000015,0.5458333333333333,-0.10416666666666663,-0.00625
409,0.032125000000000015,0.5499999999999999,0.012500000000000011,0.0020833333333333333
410,0.030979166666666683,0.5499999999999999,-0.11458333333333337,0.0
411,0.02864583333333335,0.5416666666666666,-0.23333333333333328,-0.004166666666666667
412,0.030291666666666682,0.5458333333333333,0.16458333333333336,0.0020833333333333333
413,0.02885416666666668,0.5499999999999999,-0.14375000000000004,0.0020833333333333333
414,0.030145833333333347,0.5499999999999999,0.12916666666666665,0.0
415,0.030166666666666682,0.5583333333333332,0.002083333333333326,0.004166666666666667
416,0.03127083333333335,0.5666666666666665,0.11041666666666666,0.004166666666666667
417,0.032104166666666684,0.5833333333333333,0.08333333333333331,0.008333333333333333
418,0.032791666666666684,0.5916666666666666,0.06874999999999998,0.004166666666666667
419,0.031562500000000014,0.5791666666666666,-0.12291666666666667,-0.00625
420,0.033562500000000016,0.6,0.2,0.010416666666666666
421,0.033750000000000016,0.6083333333333333,0.01874999999999999,0.004166666666666667
422,0.032166666666666684,0.6,-0.15833333333333333,-0.004166666666666667
423,0.032666666666666684,0.6291666666666667,0.04999999999999999,0.014583333333333334
424,0.03170833333333335,0.6333333333333333,-0.09583333333333333,0.0020833333333333333
425,0.031229166666666686,0.65,-0.04791666666666672,0.008333333333333333
426,0.03064583333333335,0.6458333333333334,-0.05833333333333335,-0.0020833333333333333
427,0.031000000000000017,0.675,0.03541666666666665,0.014583333333333334
428,0.032125000000000015,0.675,0.11249999999999999,0.0
429,0.031520833333333345,0.6875,-0.060416666666666674,0.00625
430,0.03022916666666668,0.6708333333333333,-0.12916666666666665,-0.008333333333333333
431,0.03022916666666668,0.6875,-0.0,0.008333333333333333
432,0.030125000000000013,0.6875,-0.01041666666666663,0.0
433,0.026875000000000013,0.6791666666666667,-0.32499999999999996,-0.004166666666666667
434,0.02397916666666668,0.65,-0.2895833333333333,-0.014583333333333334
435,0.022708333333333348,0.6416666666666667,-0.12708333333333333,-0.004166666666666667
436,0.022312500000000016,0.6291666666666668,-0.039583333333333304,-0.00625
437,0.019750000000000018,0.6125,-0.25625,-0.008333333333333333
438,0.018812500000000017,0.625,-0.09375,0.00625
439,0.017687500000000016,0.6291666666666667,-0.11250000000000004,0.0020833333333333333
440,0.01652083333333335,0.6375,-0.1166666666666667,0.004166666666666667
441,0.01639583333333335,0.6291666666666667,-0.012499999999999956,-0.004166666666666667
442,0.016687500000000015,0.6458333333333334,0.029166666666666674,0.008333333333333333
443,0.015937500000000014,0.65,-0.07499999999999996,0.0020833333333333333
444,0.01604166666666668,0.6708333333333334,0.010416666666666685,0.010416666666666666
445,0.014333333333333347,0.6708333333333334,-0.17083333333333328,0.0
446,0.01447916666666668,0.7041666666666667,0.014583333333333337,0.016666666666666666
447,0.01410416666666668,0.7041666666666667,-0.03749999999999998,0.0
448,0.013062500000000013,0.6958333333333334,-0.10416666666666663,-0.004166666666666667
449,0.013479166666666681,0.6916666666666668,0.041666666666666685,-0.0020833333333333333
450,0.014125000000000014,0.7000000000000001,0.06458333333333333,0.004166666666666667
451,0.012729166666666682,0.7000000000000001,-0.13958333333333328,0.0
452,0.010583333333333349,0.7000000000000001,-0.21458333333333335,0.0
453,0.00895833333333335,0.7041666666666667,-0.16249999999999998,0.0020833333333333333
454,0.009041666666666682,0.7041666666666667,0.00833333333333336,0.0
455,0.00920833333333335,0.7041666666666667,0.016666666666666663,0.0
456,0.01002083333333335,0.7208333333333334,0.08124999999999999,0.008333333333333333
457,0.008708333333333351,0.7208333333333334,-0.13124999999999998,0.0
458,0.009250000000000017,0.7208333333333334,0.05416666666666664,0.0
459,0.009041666666666684,0.7250000000000001,-0.02083333333333337,0.0020833333333333333
460,0.007479166666666684,0.7125000000000001,-0.15625,-0.00625
461,0.006479166666666684,0.7041666666666668,-0.09999999999999998,-0.004166666666666667
462,0.005104166666666685,0.7208333333333335,-0.13749999999999996,0.008333333333333333
463,0.004104166666666685,0.7208333333333335,-0.09999999999999998,0.0
464,0.0006041666666666851,0.6958333333333335,-0.35,-0.0125
465,0.00020833333333335208,0.6875000000000002,-0.039583333333333304,-0.004166666666666667
466,0.0,0.6708333333333335,-0.16666666666666663,-0.008333333333333333
467,0.0,0.6541666666666668,-0.12708333333333333,-0.008333333333333333
468,0.0,0.6291666666666668,-0.3770833333333333,-0.0125
469,0.0,0.6416666666666667,-0.04791666666666672,0.00625
470,0.0,0.6375000000000001,-0.12291666666666667,-0.0020833333333333333
471,0.0,0.6250000000000001,-0.20208333333333328,-0.00625
472,6.249999999999978e-05,0.6208333333333335,0.006249999999999978,-0.0020833333333333333
473,0.0,0.6041666666666667,-0.15833333333333333,-0.008333333333333333
474,0.0,0.5708333333333334,-0.3291666666666667,-0.016666666666666666
475,0.0,0.5583333333333335,-0.27083333333333337,-0.00625
476,0.0,0.5666666666666668,-0.08750000000000002,0.004166666666666667
477,0.0,0.5625000000000001,-0.2104166666666667,-0.0020833333333333333
478,0.0,0.5416666666666667,-0.25416666666666665,-0.010416666666666666
479,0.0006874999999999997,0.5750000000000001,0.06874999999999998,0.016666666666666666
480,0.0,0.5625000000000001,-0.1166666666666667,-0.00625
481,0.0,0.5541666666666668,-0.08750000000000002,-0.004166666666666667
482,0.0,0.5333333333333334,-0.2833333333333333,-0.010416666666666666
483,0.00029166666666666675,0.5333333333333334,0.029166666666666674,0.0
484,0.0,0.49583333333333346,-0.38749999999999996,-0.01875
485,0.0,0.44583333333333347,-0.1958333333333333,-0.025
486,0.0,0.42083333333333345,-0.15625,-0.0125
487,0.0,0.3916666666666668,-0.2666666666666667,-0.014583333333333334
488,0.0,0.37916666666666676,-0.16249999999999998,-0.00625
489,0.0,0.36666666666666675,-0.07708333333333328,-0.00625
490,0.0,0.3708333333333334,-0.1875,0.0020833333333333333
491,0.0,0.38750000000000007,-0.07916666666666672,0.008333333333333333
492,0.0,0.3791666666666667,-0.2104166666666667,-0.004166666666666667
493,0.0,0.3583333333333334,-0.23333333333333328,-0.010416666666666666
494,0.0,0.35000000000000003,-0.2104166666666667,-0.004166666666666667
495,0.0,0.3375,-0.12916666666666665,-0.00625
496,0.0,0.30000000000000004,-0.06458333333333333,-0.01875
497,0.0,0.2958333333333334,-0.039583333333333304,-0.0020833333333333333
498,0.0,0.2833333333333334,-0.18333333333333335,-0.00625
499,0.0,0.27083333333333337,-0.008333333333333304,-0.00625
500,0.0,0.25000000000000006,-0.35624999999999996,-0.010416666666666666
501,0.0,0.21666666666666673,-0.12083333333333335,-0.016666666666666666
502,0.0,0.17500000000000007,-0.1875,-0.020833333333333332
503,0.0,0.1458333333333334,-0.32291666666666663,-0.014583333333333334
504,0.0,0.10833333333333339,-0.2895833333333333,-0.01875
505,0.0,0.09166666666666673,-0.17083333333333328,-0.008333333333333333
506,0.0,0.0833333333333334,-0.15833333333333333,-0.004166666666666667
507,0.0,0.06666666666666674,-0.21458333333333335,-0.008333333333333333
508,0.0,0.058333333333333404,-0.30208333333333337,-0.004166666666666667
509,0.0,0.045833333333333406,-0.2895833333333333,-0.00625
510,0.0,0.02916666666666674,-0.19166666666666665,-0.008333333333333333
511,0.0,0.01666666666666674,-0.11041666666666672,-0.00625
512,0.0,0.0,-0.20416666666666672,-0.010416666666666666
513,0.0,0.0,-0.01666666666666672,-0.016666666666666666
514,0.0,0.0,-0.22291666666666665,-0.00625
515,2.0833333333333258e-05,0.025,0.002083333333333326,0.0125
516,0.0,0.0,-0.3125,-0.01875
517,0.0,0.0125,-0.1333333333333333,0.00625
518,0.0,0.0,-0.21666666666666667,-0.00625
519,0.0,0.0,-0.2958333333333333,-0.01875
520,0.0,0.0,-0.25,-0.027083333333333334
521,0.0,0.0,-0.3770833333333333,-0.022916666666666665
522,0.0,0.0,-0.25416666666666665,-0.0125
523,0.0,0.0,-0.24583333333333335,-0.0125
524,0.0,0.008333333333333333,-0.11875000000000002,0.004166666666666667
525,0.0,0.0,-0.2270833333333333,-0.00625
526,0.0,0.008333333333333333,-0.14583333333333337,0.004166666666666667
527,0.0,0.004166666666666667,-0.1479166666666667,-0.0020833333333333333
528,0.0,0.0,-0.43333333333333335,-0.008333333333333333
529,0.0,0.0,-0.3375,-0.025
530,0.0,0.0,-0.3041666666666667,-0.00625
531,0.0,0.016666666666666666,-0.13124999999999998,0.008333333333333333
532,0.0,0.0,-0.0625,-0.010416666666666666
533,0.0,0.0,-0.24375000000000002,-0.008333333333333333
534,0.0,0.0,-0.21666666666666667,-0.008333333333333333
535,0.0,0.0,-0.07708333333333328,-0.004166666666666667
536,0.0,0.0,-0.11041666666666672,-0.01875
537,0.0,0.025,-0.09166666666666667,0.0125
538,0.0015208333333333335,0.020833333333333336,0.15208333333333335,-0.0020833333333333333
539,0.0,0.037500000000000006,-0.19374999999999998,0.008333333333333333
540,0.0,0.04583333333333334,-0.1020833333333333,0.004166666666666667
541,0.0,0.025000000000000005,-0.014583333333333282,-0.010416666666666666
542,0.0004375000000000001,0.012500000000000004,0.04375000000000001,-0.00625
543,0.0,0.012500000000000004,-0.08125000000000004,0.0
544,0.0,0.008333333333333338,-0.08125000000000004,-0.0020833333333333333
545,0.0,0.025000000000000005,-0.1333333333333333,0.008333333333333333
546,0.0,0.025000000000000005,-0.11875000000000002,0.0
547,0.0,0.0,-0.25416666666666665,-0.01875
548,0.0,0.0,-0.17083333333333328,0.0
549,0.0,0.0125,-0.09375,0.00625
550,0.0,0.04166666666666667,-0.15416666666666667,0.014583333333333334
551,0.0015000000000000002,0.0625,0.15000000000000002,0.010416666666666666
552,0.0005000000000000004,0.058333333333333334,-0.09999999999999998,-0.0020833333333333333
553,0.0,0.075,-0.06666666666666665,0.008333333333333333
554,0.0,0.0875,-0.018750000000000044,0.00625
555,0.0,0.07083333333333333,-0.1333333333333333,-0.008333333333333333
556,0.0,0.07083333333333333,-0.11458333333333337,0.0
557,0.0,0.0625,-0.07916666666666672,-0.004166666666666667
558,0.0,0.07083333333333333,-0.002083333333333326,0.004166666666666667
559,2.0833333333333258e-05,0.05,0.002083333333333326,-0.010416666666666666
560,0.0,0.05416666666666667,-0.08333333333333337,0.0020833333333333333
561,0.0,0.05416666666666667,-0.06874999999999998,0.0
562,0.0,0.04166666666666667,-0.054166666666666696,-0.00625
563,0.0,0.025000000000000005,-0.18541666666666667,-0.008333333333333333
564,0.0011458333333333331,0.05,0.11458333333333331,0.0125
565,0.00043750000000000006,0.04166666666666667,-0.0708333333333333,-0.004166666666666667
566,0.0007291666666666668,0.04166666666666667,0.029166666666666674,0.0
567,0.0,0.025000000000000005,-0.15625,-0.008333333333333333
568,0.0,0.02083333333333334,-0.022916666666666696,-0.0020833333333333333
569,0.0,0.029166666666666674,-0.11875000000000002,0.004166666666666667
570,0.0,0.029166666666666674,-0.07708333333333328,0.0
571,0.0,0.020833333333333343,-0.05833333333333335,-0.004166666666666667
572,0.0,0.0,-0.12083333333333335,-0.0125
573,0.0008750000000000002,0.0,0.08750000000000002,-0.0020833333333333333
574,0.001666666666666667,0.0,0.07916666666666666,0.0
575,0.004958333333333334,0.041666666666666664,0.32916666666666666,0.020833333333333332
576,0.006,0.0625,0.10416666666666669,0.010416666666666666
577,0.007208333333333334,0.09166666666666667,0.12083333333333335,0.014583333333333334
578,0.008604166666666668,0.12083333333333335,0.13958333333333334,0.014583333333333334
579,0.009083333333333334,0.15000000000000002,0.04791666666666666,0.014583333333333334
580,0.01025,0.16666666666666669,0.11666666666666664,0.008333333333333333
581,0.008354166666666668,0.15416666666666667,-0.18958333333333333,-0.00625
582,0.008145833333333335,0.16666666666666669,-0.02083333333333337,0.00625
583,0.010333333333333335,0.18750000000000003,0.21875,0.010416666666666666
584,0.011541666666666669,0.17083333333333336,0.12083333333333335,-0.008333333333333333
585,0.013208333333333336,0.17083333333333336,0.16666666666666669,0.0
586,0.01229166666666667,0.16666666666666669,-0.09166666666666667,-0.0020833333333333333
587,0.012875000000000003,0.17083333333333336,0.05833333333333335,0.0020833333333333333
588,0.012270833333333337,0.15833333333333335,-0.060416666666666674,-0.00625
589,0.01316666666666667,0.17083333333333336,0.08958333333333335,0.00625
590,0.014833333333333337,0.18750000000000003,0.16666666666666669,0.008333333333333333
591,0.01460416666666667,0.1791666666666667,-0.022916666666666696,-0.004166666666666667
592,0.01435416666666667,0.17083333333333336,-0.025000000000000022,-0.004166666666666667
593,0.013437500000000003,0.15833333333333335,-0.09166666666666667,-0.00625
594,0.01497916666666667,0.16250000000000003,0.15416666666666667,0.0020833333333333333
595,0.01435416666666667,0.18750000000000003,-0.0625,0.0125
596,0.014875000000000003,0.18333333333333335,0.052083333333333315,-0.0020833333333333333
597,0.015458333333333336,0.19583333333333336,0.05833333333333335,0.00625
598,0.014916666666666668,0.19166666666666668,-0.054166666666666696,-0.0020833333333333333
599,0.012020833333333335,0.19583333333333336,-0.2895833333333333,0.0020833333333333333
600,0.009145833333333336,0.18750000000000003,-0.2875,-0.004166666666666667
601,0.009479166666666669,0.1916666666666667,0.033333333333333326,0.0020833333333333333
602,0.00841666666666667,0.1958333333333334,-0.10624999999999996,0.0020833333333333333
603,0.006666666666666669,0.17916666666666672,-0.17500000000000004,-0.008333333333333333
604,0.0048125000000000025,0.18750000000000006,-0.18541666666666667,0.004166666666666667
605,0.000937500000000003,0.1666666666666667,-0.38749999999999996,-0.010416666666666666
606,0.0,0.1541666666666667,-0.2666666666666667,-0.00625
607,0.0,0.1666666666666667,-0.17291666666666672,0.00625
608,0.0,0.16250000000000003,-0.2958333333333333,-0.0020833333333333333
609,0.0,0.16250000000000003,-0.29166666666666663,0.0
610,0.0,0.17500000000000004,-0.12291666666666667,0.00625
611,0.0,0.1666666666666667,-0.1875,-0.004166666666666667
612,0.0,0.16250000000000003,-0.11250000000000004,-0.0020833333333333333
613,0.0,0.16250000000000003,-0.1645833333333333,0.0
614,0.0,0.1791666666666667,-0.12708333333333333,0.008333333333333333
615,0.0,0.16666666666666669,-0.10833333333333328,-0.00625
616,0.0,0.17083333333333336,-0.1166666666666667,0.0020833333333333333
617,0.0,0.1541666666666667,-0.10624999999999996,-0.008333333333333333
618,0.0017291666666666666,0.16250000000000003,0.17291666666666666,0.004166666666666667
619,0.0,0.1541666666666667,-0.19374999999999998,-0.004166666666666667
620,0.00029166666666666675,0.18750000000000003,0.029166666666666674,0.016666666666666666
621,0.0,0.1791666666666667,-0.36458333333333337,-0.004166666666666667
622,0.0,0.15833333333333335,-0.14583333333333337,-0.010416666666666666
623,0.0,0.1416666666666667,-0.2416666666666667,-0.008333333333333333
624,0.0,0.12916666666666668,-0.14166666666666672,-0.00625
625,0.00035416666666666653,0.125,0.03541666666666665,-0.0020833333333333333
626,0.0,0.11666666666666667,-0.2104166666666667,-0.004166666666666667
627,0.0,0.10416666666666667,-0.1958333333333333,-0.00625
628,0.0003749999999999998,0.11666666666666667,0.03749999999999998,0.00625
629,0.0,0.10833333333333334,-0.06458333333333333,-0.004166666666666667
630,0.0,0.08750000000000001,-0.17708333333333337,-0.010416666666666666
631,0.0,0.1,-0.275,0.00625
632,0.0,0.10416666666666667,-0.25,0.0020833333333333333
633,0.0,0.1,-0.35624999999999996,-0.0020833333333333333
634,0.0,0.10833333333333334,-0.3208333333333333,0.004166666666666667
635,0.0,0.09166666666666667,-0.25,-0.008333333333333333
636,0.0,0.08750000000000001,-0.24583333333333335,-0.0020833333333333333
637,0.0,0.07916666666666668,-0.30833333333333335,-0.004166666666666667
638,0.0,0.05833333333333335,-0.17083333333333328,-0.010416666666666666
639,0.0,0.02916666666666668,-0.2791666666666667,-0.014583333333333334
640,0.0006874999999999997,0.03333333333333335,0.06874999999999998,0.0020833333333333333
641,0.0,0.00416666666666668,-0.2729166666666667,-0.014583333333333334
642,0.0,0.0,-0.05625000000000002,-0.004166666666666667
643,0.0,0.0,-0.16874999999999996,-0.0020833333333333333
644,0.0,0.008333333333333333,-0.08333333333333337,0.004166666666666667
645,0.0,0.0125,-0.04791666666666672,0.0020833333333333333
646,0.0,0.0,-0.21666666666666667,-0.008333333333333333
647,0.0,0.0,-0.2791666666666667,-0.0125
648,0.0,0.0,-0.12708333333333333,-0.004166666666666667
649,0.0,0.0,-0.09583333333333333,0.0
650,0.0,0.0,-0.18125000000000002,-0.00625
651,0.0,0.0,-0.03749999999999998,-0.0020833333333333333
652,0.00020833333333333316,0.016666666666666666,0.020833333333333315,0.008333333333333333
653,0.0,0.0,-0.13749999999999996,-0.010416666666666666
654,0.0,0.0,-0.03541666666666665,-0.0125
655,0.0,0.0,-0.23333333333333328,-0.010416666666666666
656,0.0,0.0,-0.20208333333333328,-0.0020833333333333333
657,0.0,0.0,-0.17291666666666672,-0.010416666666666666
658,0.0,0.0125,-0.15833333333333333,0.00625
659,0.00020833333333333316,0.025,0.020833333333333315,0.00625
660,0.0,0.020833333333333336,-0.16666666666666663,-0.0020833333333333333
661,0.0,3.469446951953614e-18,-0.20208333333333328,-0.010416666666666666
662,0.0,3.469446951953614e-18,-0.11250000000000004,0.0
663,0.0,0.0,-0.1166666666666667,-0.008333333333333333
664,0.0,0.0,-0.07708333333333328,0.0
665,0.0,0.0,-0.13541666666666663,-0.016666666666666666
666,0.0013124999999999999,0.0,0.13124999999999998,0.0
667,0.0011458333333333327,0.004166666666666667,-0.01666666666666672,0.0020833333333333333
668,0.0010416666666666664,0.016666666666666666,-0.01041666666666663,0.00625
669,0.0008749999999999993,0.025,-0.01666666666666672,0.004166666666666667
670,0.0,0.029166666666666667,-0.2666666666666667,0.0020833333333333333
671,0.0,0.0375,-0.21666666666666667,0.004166666666666667
672,0.0,0.029166666666666667,-0.12708333333333333,-0.004166666666666667
673,0.0,0.016666666666666666,-0.0708333333333333,-0.00625
674,0.00020833333333333316,0.029166666666666667,0.020833333333333315,0.00625
675,0.0,0.025,-0.03541666666666665,-0.0020833333333333333
676,0.0,0.01666666666666667,-0.25416666666666665,-0.004166666666666667
677,0.0009791666666666666,3.469446951953614e-18,0.09791666666666665,-0.008333333333333333
678,0.0,0.0,-0.10416666666666663,-0.0125
679,0.0,0.008333333333333333,-0.027083333333333348,0.004166666666666667
680,0.0,0.004166666666666667,-0.17083333333333328,-0.0020833333333333333
681,0.00010416666666666685,0.0,0.010416666666666685,-0.0020833333333333333
682,0.0,0.0,-0.0854166666666667,0.0
683,0.0,0.03333333333333333,-0.03749999999999998,0.016666666666666666
684,0.0,0.025,-0.15416666666666667,-0.004166666666666667
685,0.0009166666666666668,0.05,0.09166666666666667,0.0125
686,0.0,0.02916666666666667,-0.1958333333333333,-0.010416666666666666
687,0.0003958333333333336,0.058333333333333334,0.03958333333333336,0.014583333333333334
688,0.0,0.05416666666666667,-0.07291666666666663,-0.0020833333333333333
689,0.0016875000000000002,0.075,0.16875,0.010416666666666666
690,0.002104166666666667,0.058333333333333334,0.041666666666666685,-0.008333333333333333
691,0.0019791666666666673,0.05416666666666667,-0.012499999999999956,-0.0020833333333333333
692,0.001875000000000001,0.029166666666666667,-0.01041666666666663,-0.0125
693,0.0012916666666666675,0.0375,-0.05833333333333335,0.004166666666666667
694,0.0007916666666666671,0.016666666666666666,-0.050000000000000044,-0.010416666666666666
695,0.002416666666666667,0.03333333333333333,0.16249999999999998,0.008333333333333333
696,0.0007291666666666672,0.008333333333333331,-0.16874999999999996,-0.0125
697,0.0023125000000000003,0.029166666666666664,0.15833333333333333,0.010416666666666666
698,0.0018750000000000008,0.016666666666666663,-0.043749999999999956,-0.00625
699,0.0008958333333333342,0.012499999999999997,-0.09791666666666665,-0.0020833333333333333
700,0.0001250000000000014,0.004166666666666664,-0.07708333333333328,-0.004166666666666667
701,0.0005416666666666683,0.0,0.041666666666666685,-0.00625
702,0.0,0.0,-0.07291666666666663,-0.0020833333333333333
703,0.0024583333333333336,0.020833333333333332,0.24583333333333335,0.010416666666666666
704,0.001770833333333334,0.004166666666666666,-0.06874999999999998,-0.008333333333333333
705,0.0025625000000000005,0.004166666666666666,0.07916666666666666,0.0
706,0.0021875000000000006,0.0,-0.03749999999999998,-0.0020833333333333333
707,0.003062500000000001,0.0,0.08750000000000002,-0.00625
708,0.002833333333333334,0.0,-0.022916666666666696,0.0
709,0.0007500000000000002,0.0,-0.20833333333333337,-0.01875
710,0.001666666666666667,0.0,0.09166666666666667,-0.004166666666666667
711,0.003729166666666667,0.004166666666666667,0.20625,0.0020833333333333333
712,0.0036041666666666674,0.0,-0.012499999999999956,-0.008333333333333333
713,0.003562500000000001,0.0,-0.004166666666666652,-0.010416666666666666
714,0.004395833333333334,0.0125,0.08333333333333331,0.00625
715,0.006854166666666668,0.0625,0.24583333333333335,0.025
716,0.006937500000000002,0.04166666666666667,0.00833333333333336,-0.010416666666666666
717,0.009291666666666669,0.06666666666666668,0.23541666666666666,0.0125
718,0.008520833333333335,0.04583333333333335,-0.07708333333333328,-0.010416666666666666
719,0.009645833333333334,0.05416666666666668,0.11249999999999999,0.004166666666666667
720,0.010416666666666668,0.05833333333333335,0.07708333333333334,0.0020833333333333333
721,0.011333333333333334,0.07083333333333335,0.09166666666666667,0.00625
722,0.011625000000000002,0.05416666666666668,0.029166666666666674,-0.008333333333333333
723,0.01022916666666667,0.041666666666666685,-0.13958333333333328,-0.00625
724,0.011145833333333336,0.03750000000000002,0.09166666666666667,-0.0020833333333333333
725,0.010770833333333335,0.03750000000000002,-0.03749999999999998,0.0
726,0.01066666666666667,0.04583333333333335,-0.01041666666666663,0.004166666666666667
727,0.01116666666666667,0.05000000000000002,0.04999999999999999,0.0020833333333333333
728,0.011687500000000003,0.03750000000000002,0.052083333333333315,-0.00625
729,0.012687500000000003,0.03750000000000002,0.09999999999999998,0.0
730,0.013625000000000002,0.029166666666666688,0.09375,-0.004166666666666667
731,0.01622916666666667,0.07083333333333336,0.26041666666666663,0.020833333333333332
732,0.01666666666666667,0.0666666666666667,0.04375000000000001,-0.0020833333333333333
733,0.017875000000000002,0.07500000000000002,0.12083333333333335,0.004166666666666667
734,0.018083333333333337,0.0666666666666667,0.020833333333333315,-0.004166666666666667
735,0.01729166666666667,0.05000000000000003,-0.07916666666666672,-0.008333333333333333
736,0.017125000000000005,0.0416666666666667,-0.01666666666666672,-0.004166666666666667
737,0.015041666666666672,0.0291666666666667,-0.20833333333333337,-0.00625
738,0.015125000000000005,0.025000000000000033,0.00833333333333336,-0.0020833333333333333
739,0.014354166666666671,3.122502256758253e-17,-0.07708333333333328,-0.0125
740,0.012187500000000004,0.0,-0.21666666666666667,-0.008333333333333333
741,0.00985416666666667,0.0,-0.23333333333333328,-0.004166666666666667
742,0.008041666666666671,0.0,-0.18125000000000002,-0.008333333333333333
743,0.008208333333333338,0.0125,0.016666666666666663,0.00625
744,0.0067291666666666715,0.016666666666666666,-0.1479166666666667,0.0020833333333333333
745,0.007395833333333338,0.004166666666666666,0.06666666666666665,-0.00625
746,0.005083333333333338,0.0,-0.23124999999999996,-0.010416666666666666
747,0.005312500000000005,0.0125,0.02291666666666664,0.00625
748,0.005354166666666671,0.025,0.004166666666666652,0.00625
749,0.003770833333333338,0.0,-0.15833333333333333,-0.014583333333333334
750,0.0033333333333333383,0.029166666666666667,-0.043749999999999956,0.014583333333333334
751,0.00035416666666667103,0.029166666666666667,-0.2979166666666667,0.0
752,0.0,0.0375,-0.1166666666666667,0.004166666666666667
753,0.0,0.004166666666666666,-0.28125,-0.016666666666666666
754,0.0,0.0,-0.21875,-0.00625
755,0.0,0.05,-0.050000000000000044,0.025
756,0.0,0.04583333333333334,-0.15625,-0.0020833333333333333
757,0.0007500000000000001,0.037500000000000006,0.07500000000000001,-0.004166666666666667
758,0.0,0.02083333333333334,-0.29166666666666663,-0.008333333333333333
759,0.0,0.0,-0.26249999999999996,-0.014583333333333334
760,0.0,0.025,-0.15000000000000002,0.0125
761,0.0,0.029166666666666667,-0.30833333333333335,0.0020833333333333333
762,0.0,0.004166666666666666,-0.17291666666666672,-0.0125
763,0.0,0.0,-0.07291666666666663,-0.00625
764,0.0,0.0,-0.3666666666666667,-0.0125
765,0.0,0.0,-0.02083333333333337,-0.00625
766,0.0,0.0,-0.1875,-0.016666666666666666
767,0.0,0.0,-0.08125000000000004,0.0
768,0.0,0.0,-0.3583333333333333,-0.010416666666666666
769,0.0,0.0125,-0.23333333333333328,0.00625
770,0.0,0.0,-0.21458333333333335,-0.022916666666666665
771,0.0,0.0,-0.13124999999999998,-0.016666666666666666
772,0.0,0.004166666666666667,-0.02083333333333337,0.0020833333333333333
773,0.0,0.0,-0.3208333333333333,-0.014583333333333334
774,0.0,0.0,-0.23541666666666672,-0.0020833333333333333
775,0.0,0.0,-0.09791666666666665,-0.0125
776,0.0,0.0,-0.08750000000000002,-0.008333333333333333
777,0.0,0.0,-0.19999999999999996,-0.008333333333333333
778,0.0,0.04583333333333333,-0.04583333333333328,0.022916666666666665
779,0.0,0.06666666666666667,-0.2270833333333333,0.010416666666666666
780,0.0,0.07083333333333333,-0.043749999999999956,0.0020833333333333333
781,0.0,0.05,-0.3375,-0.010416666666666666
782,0.0,0.06666666666666667,-0.17500000000000004,0.008333333333333333
783,0.0,0.0375,-0.33958333333333335,-0.014583333333333334
784,0.0,0.024999999999999998,-0.18541666666666667,-0.00625
785,0.0,0.058333333333333334,-0.16249999999999998,0.016666666666666666
786,0.0,0.025,-0.3979166666666667,-0.016666666666666666
787,0.0,0.004166666666666669,-0.24791666666666667,-0.010416666666666666
788,0.0,0.0,-0.16249999999999998,-0.00625
789,0.00016666666666666663,0.0,0.016666666666666663,-0.004166666666666667
790,0.0,0.03333333333333333,-0.04583333333333328,0.016666666666666666
791,0.0,0.058333333333333334,-0.275,0.0125
792,0.0,0.04166666666666667,-0.09375,-0.008333333333333333
793,0.0,0.04583333333333334,-0.1791666666666667,0.0020833333333333333
794,0.0,0.025000000000000005,-0.060416666666666674,-0.010416666666666666
795,0.0,0.012500000000000004,-0.05625000000000002,-0.00625
796,0.00047916666666666664,0.0,0.04791666666666666,-0.008333333333333333
797,0.0,0.0,-0.1020833333333333,-0.029166666666666667
798,0.0,0.0,-0.13958333333333328,-0.016666666666666666
799,0.0005625000000000003,0.08333333333333333,0.05625000000000002,0.041666666666666664
800,0.0,0.09583333333333333,-0.15625,0.00625
801,0.0,0.07083333333333333,-0.2270833333333333,-0.0125
802,0.0,0.10416666666666666,-0.11041666666666672,0.016666666666666666
803,0.0,0.10416666666666666,-0.3104166666666667,0.0
804,0.0,0.09166666666666666,-0.2583333333333333,-0.00625
805,0.0,0.10833333333333332,-0.17083333333333328,0.008333333333333333
806,0.0,0.12499999999999999,-0.17083333333333328,0.008333333333333333
807,0.0,0.15833333333333333,-0.14375000000000004,0.016666666666666666
808,0.0,0.20833333333333331,-0.06874999999999998,0.025
809,0.0,0.20833333333333331,-0.22916666666666663,0.0
810,0.0,0.18749999999999997,-0.2791666666666667,-0.010416666666666666
811,0.0,0.2208333333333333,-0.13749999999999996,0.016666666666666666
812,0.0,0.18749999999999997,-0.26875000000000004,-0.016666666666666666
813,0.0,0.1833333333333333,-0.26875000000000004,-0.0020833333333333333
814,0.0,0.1833333333333333,-0.25,0.0
815,0.0,0.19166666666666662,-0.060416666666666674,0.004166666666666667
816,0.0,0.1833333333333333,-0.17291666666666672,-0.004166666666666667
817,0.0,0.16249999999999995,-0.27708333333333335,-0.010416666666666666
818,0.003104166666666667,0.2791666666666666,0.3104166666666667,0.058333333333333334
819,0.004458333333333334,0.3583333333333333,0.13541666666666669,0.03958333333333333
820,0.002291666666666667,0.35416666666666663,-0.21666666666666667,-0.0020833333333333333
821,0.0006875000000000006,0.3625,-0.16041666666666665,0.004166666666666667
822,0.0,0.32916666666666666,-0.1875,-0.016666666666666666
823,0.0,0.3416666666666667,-0.24791666666666667,0.00625
824,0.0001250000000000001,0.375,0.012500000000000011,0.016666666666666666
825,0.0,0.3541666666666667,-0.018750000000000044,-0.010416666666666666
826,0.0,0.3666666666666667,-0.08333333333333337,0.00625
827,0.00010416666666666685,0.325,0.010416666666666685,-0.020833333333333332
828,0.0,0.35000000000000003,-0.25625,0.0125
829,0.0,0.3583333333333334,-0.13749999999999996,0.004166666666666667
830,0.0,0.34166666666666673,-0.22291666666666665,-0.008333333333333333
831,0.0,0.3458333333333334,-0.17291666666666672,0.0020833333333333333
832,0.0,0.32500000000000007,-0.16249999999999998,-0.010416666666666666
833,0.0,0.31250000000000006,-0.16041666666666665,-0.00625
834,0.0,0.29166666666666674,-0.19374999999999998,-0.010416666666666666
835,6.249999999999978e-05,0.2833333333333334,0.006249999999999978,-0.004166666666666667
836,0.0,0.2666666666666667,-0.13124999999999998,-0.008333333333333333
837,0.0,0.2541666666666667,-0.15833333333333333,-0.00625
838,0.0,0.2166666666666667,-0.16249999999999998,-0.01875
840,0.0,0.20000000000000004,-0.1333333333333333,-0.008333333333333333
841,0.0,0.1666666666666667,-0.26041666666666663,-0.016666666666666666
842,0.0,0.1958333333333334,-0.002083333333333326,0.014583333333333334
843,0.0,0.18333333333333338,-0.25625,-0.00625
844,0.0,0.14166666666666672,-0.2833333333333333,-0.020833333333333332
845,0.0,0.1291666666666667,-0.12083333333333335,-0.00625
846,0.0,0.11250000000000004,-0.17500000000000004,-0.008333333333333333
847,0.0,0.06666666666666671,-0.34791666666666665,-0.022916666666666665
848,0.0,0.07500000000000004,-0.1875,0.004166666666666667
849,0.0,0.06666666666666671,-0.18541666666666667,-0.004166666666666667
850,0.0,0.033333333333333375,-0.2104166666666667,-0.016666666666666666
851,0.0,0.02916666666666671,-0.029166666666666674,-0.0020833333333333333
852,0.001354166666666667,0.05416666666666671,0.13541666666666669,0.0125
853,0.0008333333333333332,0.04166666666666671,-0.05208333333333337,-0.00625
854,0.0,0.03750000000000005,-0.12708333333333333,-0.0020833333333333333
855,0.0,0.016666666666666715,-0.3916666666666667,-0.010416666666666666
856,0.0,0.0,-0.2104166666666667,-0.016666666666666666
857,0.0,0.0,-0.08333333333333337,0.0
858,0.0,0.0,-0.2791666666666667,-0.020833333333333332
859,0.0,0.020833333333333332,-0.006249999999999978,0.010416666666666666
860,0.0009375,0.029166666666666667,0.09375,0.004166666666666667
861,0.0002500000000000002,0.016666666666666666,-0.06874999999999998,-0.00625
862,0.0,0.016666666666666666,-0.0625,0.0
863,0.0,0.008333333333333333,-0.22916666666666663,-0.004166666666666667
864,0.0,0.004166666666666667,-0.04166666666666663,-0.0020833333333333333
865,0.0,0.004166666666666667,-0.16666666666666663,0.0
866,0.0,0.0,-0.08125000000000004,-0.008333333333333333
867,0.0,0.0,-0.16874999999999996,-0.020833333333333332
868,0.0,0.0,-0.14166666666666672,-0.008333333333333333
869,0.0,0.0,-0.06874999999999998,-0.020833333333333332
870,0.0006041666666666668,0.05416666666666667,0.060416666666666674,0.027083333333333334
871,0.0012916666666666667,0.13333333333333333,0.06874999999999998,0.03958333333333333
872,0.0011041666666666663,0.12083333333333333,-0.018750000000000044,-0.00625
873,0.0015624999999999997,0.0875,0.04583333333333334,-0.016666666666666666
874,0.001708333333333333,0.07083333333333333,0.014583333333333337,-0.008333333333333333
875,0.00010416666666666647,0.09166666666666666,-0.16041666666666665,0.010416666666666666
876,0.0,0.0875,-0.16666666666666663,-0.0020833333333333333
877,0.0,0.125,-0.10833333333333328,0.01875
878,0.0005833333333333335,0.125,0.05833333333333335,0.0
879,0.0,0.15833333333333333,-0.0854166666666667,0.016666666666666666
880,0.0,0.15,-0.12083333333333335,-0.004166666666666667
881,0.0,0.1625,-0.018750000000000044,0.00625
882,0.00020833333333333316,0.1625,0.020833333333333315,0.0
883,0.0,0.17083333333333334,-0.08958333333333335,0.004166666666666667
884,0.0,0.18333333333333335,-0.1479166666666667,0.00625
885,0.00016666666666666663,0.20833333333333334,0.016666666666666663,0.0125
886,0.0,0.25416666666666665,-0.13541666666666663,0.022916666666666665
887,0.0,0.24583333333333332,-0.043749999999999956,-0.004166666666666667
888,0.0,0.2625,-0.1479166666666667,0.008333333333333333
889,0.0,0.27083333333333337,-0.16666666666666663,0.004166666666666667
890,0.00020833333333333316,0.25833333333333336,0.020833333333333315,-0.00625
891,0.0,0.24583333333333335,-0.22916666666666663,-0.00625
892,0.0,0.25,-0.01041666666666663,0.0020833333333333333
893,0.0,0.225,-0.018750000000000044,-0.0125
894,0.0013333333333333337,0.2125,0.13333333333333336,-0.00625
895,0.0013333333333333337,0.20833333333333331,-0.0,-0.0020833333333333333
896,0.0001041666666666669,0.2125,-0.12291666666666667,0.0020833333333333333
897,0.0006041666666666668,0.19166666666666665,0.04999999999999999,-0.010416666666666666
898,0.0010208333333333337,0.19583333333333333,0.041666666666666685,0.0020833333333333333
899,0.0006458333333333339,0.17916666666666667,-0.03749999999999998,-0.008333333333333333
900,0.0020625000000000005,0.1625,0.14166666666666666,-0.008333333333333333
901,0.0018541666666666667,0.15,-0.02083333333333337,-0.00625
902,0.0015416666666666667,0.13749999999999998,-0.03125,-0.00625
903,0.0013541666666666663,0.1333333333333333,-0.018750000000000044,-0.0020833333333333333
904,0.0021041666666666665,0.13749999999999998,0.07500000000000001,0.0020833333333333333
905,0.0014583333333333332,0.13749999999999998,-0.06458333333333333,0.0
906,0.002145833333333333,0.10416666666666666,0.06874999999999998,-0.016666666666666666
907,0.000979166666666666,0.08333333333333333,-0.1166666666666667,-0.010416666666666666
908,0.0007916666666666656,0.075,-0.018750000000000044,-0.004166666666666667
909,0.0005833333333333319,0.075,-0.02083333333333337,0.0
910,0.001458333333333332,0.0625,0.08750000000000002,-0.00625
911,0.0020208333333333324,0.05,0.05625000000000002,-0.00625
912,0.0025208333333333324,0.09166666666666667,0.04999999999999999,0.020833333333333332
913,0.0035624999999999993,0.1,0.10416666666666669,0.004166666666666667
914,0.003645833333333333,0.10416666666666667,0.00833333333333336,0.0020833333333333333
915,0.002916666666666667,0.07500000000000001,-0.07291666666666663,-0.014583333333333334
916,0.002458333333333334,0.08333333333333334,-0.04583333333333328,0.004166666666666667
917,0.001833333333333334,0.05833333333333334,-0.0625,-0.0125
918,0.002354166666666667,0.04166666666666667,0.052083333333333315,-0.008333333333333333
919,0.0018333333333333335,0.02083333333333334,-0.05208333333333337,-0.010416666666666666
920,0.0030833333333333338,0.012500000000000006,0.125,-0.004166666666666667
921,0.0029166666666666664,0.0,-0.01666666666666672,-0.0125
922,0.0029583333333333328,0.0,0.004166666666666652,-0.016666666666666666
923,0.0038749999999999995,0.0,0.09166666666666667,-0.010416666666666666
924,0.0019791666666666664,0.0,-0.18958333333333333,-0.008333333333333333
925,0.0025833333333333333,0.0,0.060416666666666674,-0.0020833333333333333
926,0.0030625,0.020833333333333332,0.04791666666666666,0.010416666666666666
927,0.0020416666666666673,0.004166666666666666,-0.1020833333333333,-0.008333333333333333
928,0.0032916666666666676,0.008333333333333331,0.125,0.0020833333333333333
929,0.002937500000000001,0.008333333333333331,-0.03541666666666665,0.0
930,0.001062500000000001,0.0,-0.1875,-0.01875
931,0.0018333333333333344,0.025,0.07708333333333334,0.0125
932,0.0028333333333333344,0.025,0.09999999999999998,0.0
933,0.0023125000000000008,0.0,-0.05208333333333337,-0.0125
934,0.003520833333333334,0.004166666666666667,0.12083333333333335,0.0020833333333333333
935,0.0019375000000000009,0.0,-0.15833333333333333,-0.008333333333333333
936,0.001562500000000001,0.0,-0.03749999999999998,-0.008333333333333333
937,0.0010625000000000005,0.008333333333333333,-0.050000000000000044,0.004166666666666667
938,0.0006041666666666677,0.0,-0.04583333333333328,-0.004166666666666667
939,0.0015208333333333345,0.0,0.09166666666666667,-0.0020833333333333333
940,0.0007500000000000018,0.0,-0.07708333333333328,-0.010416666666666666
941,0.00018750000000000147,0.0125,-0.05625000000000002,0.00625
942,0.0,0.0,-0.13749999999999996,-0.008333333333333333
943,0.0,0.004166666666666667,-0.08333333333333337,0.0020833333333333333
944,0.0,0.0125,-0.0708333333333333,0.004166666666666667
945,0.0,0.0041666666666666675,-0.07916666666666672,-0.004166666666666667
946,0.0,0.0041666666666666675,-0.05833333333333335,0.0
947,0.00020833333333333316,0.0,0.020833333333333315,-0.00625
948,0.0004374999999999996,0.0,0.02291666666666664,-0.022916666666666665
949,0.00035416666666666653,0.0,-0.008333333333333304,-0.004166666666666667
950,0.0,0.0,-0.11458333333333337,-0.014583333333333334
951,0.0,0.0,-0.10624999999999996,-0.00625
952,0.0004375000000000001,0.0,0.04375000000000001,-0.0020833333333333333
953,0.0006041666666666667,0.0,0.016666666666666663,-0.008333333333333333
954,0.0,0.0,-0.0854166666666667,-0.008333333333333333
955,0.0,0.0,-0.07916666666666672,-0.00625
956,0.0,0.0,-0.012499999999999956,-0.0125
957,0.0012083333333333336,0.0,0.12083333333333335,0.0
958,0.0014375,0.0,0.02291666666666664,-0.0020833333333333333
959,0.0,0.0,-0.1791666666666667,-0.010416666666666666
960,0.0,0.0,-0.0,-0.0125
961,0.0,0.0,-0.15000000000000002,-0.027083333333333334
962,0.0015833333333333333,0.0,0.15833333333333333,-0.0020833333333333333
963,0.0028125,0.0125,0.12291666666666667,0.00625
964,0.003645833333333333,0.0041666666666666675,0.08333333333333331,-0.004166666666666667
965,0.002604166666666667,0.0,-0.10416666666666663,-0.014583333333333334
966,0.004833333333333334,0.0125,0.22291666666666665,0.00625
967,0.006208333333333334,0.037500000000000006,0.1375,0.0125
968,0.008645833333333335,0.0625,0.24375000000000002,0.0125
969,0.009145833333333336,0.04583333333333334,0.04999999999999999,-0.008333333333333333
970,0.009062500000000003,0.02916666666666667,-0.008333333333333304,-0.008333333333333333
971,0.007875000000000004,0.0,-0.11875000000000002,-0.01875
972,0.008062500000000004,0.0,0.01874999999999999,-0.016666666666666666
973,0.00710416666666667,0.0,-0.09583333333333333,-0.0020833333333333333
974,0.010020833333333336,0.029166666666666667,0.29166666666666663,0.014583333333333334
975,0.009833333333333336,0.016666666666666666,-0.018750000000000044,-0.00625
976,0.010687500000000003,0.0125,0.08541666666666664,-0.0020833333333333333
977,0.009395833333333336,0.0,-0.12916666666666665,-0.014583333333333334
978,0.009520833333333336,0.0,0.012500000000000011,-0.020833333333333332
979,0.007854166666666669,0.0,-0.16666666666666663,-0.014583333333333334
980,0.008625000000000002,0.0,0.07708333333333334,-0.004166666666666667
981,0.00804166666666667,0.0,-0.05833333333333335,-0.008333333333333333
982,0.008437500000000002,0.0,0.03958333333333336,-0.008333333333333333
983,0.008500000000000002,0.0,0.006249999999999978,0.0
984,0.008437500000000002,0.0,-0.006249999999999978,-0.014583333333333334
985,0.006500000000000002,0.0,-0.19374999999999998,-0.008333333333333333
986,0.005687500000000002,0.0,-0.08125000000000004,-0.0020833333333333333
987,0.005416666666666668,0.0,-0.027083333333333348,0.0
988,0.0043125,0.0,-0.11041666666666672,-0.0125
989,0.0029791666666666673,0.0,-0.1333333333333333,-0.0020833333333333333
990,0.0022916666666666675,0.008333333333333333,-0.06874999999999998,0.004166666666666667
991,0.002000000000000001,0.0,-0.029166666666666674,-0.00625
992,0.002520833333333334,0.008333333333333333,0.052083333333333315,0.004166666666666667
993,0.0027500000000000007,0.0,0.02291666666666664,-0.008333333333333333
994,0.0007916666666666675,0.0,-0.1958333333333333,0.0
995,4.166666666666793e-05,0.0,-0.07499999999999996,-0.00625
996,0.0,0.0,-0.02083333333333337,-0.004166666666666667
997,0.0,0.0,-0.008333333333333304,-0.00625
998,0.0,0.004166666666666667,-0.20208333333333328,0.0020833333333333333
999,0.0,0.0,-0.05208333333333337,-0.014583333333333334
1000,0.0,0.0,-0.10833333333333328,0.0
1001,0.0,0.0,-0.09791666666666665,-0.004166666666666667
1002,0.0,0.0125,-0.12083333333333335,0.00625
1003,0.0,0.0,-0.19791666666666663,-0.010416666666666666
1004,0.0,0.0,-0.125,-0.008333333333333333
1005,0.0,0.0,-0.05625000000000002,0.0
1006,0.0,0.0,-0.15833333333333333,-0.0020833333333333333
1007,0.0,0.0,-0.11041666666666672,-0.01875
1008,0.0,0.0,-0.36250000000000004,-0.00625
1009,0.0,0.0,-0.21875,-0.0020833333333333333
1010,0.0,0.0,-0.2104166666666667,-0.020833333333333332
1011,0.0,0.0,-0.17708333333333337,-0.004166666666666667
1012,0.0,0.0,-0.18958333333333333,-0.00625
1013,0.0,0.0,-0.12708333333333333,-0.014583333333333334
1014,0.0,0.0,-0.050000000000000044,-0.008333333333333333
1015,0.0,0.029166666666666667,-0.20208333333333328,0.014583333333333334
1016,0.0,0.03333333333333333,-0.14583333333333337,0.0020833333333333333
1017,0.0,0.0,-0.13749999999999996,-0.016666666666666666
1018,0.0,0.016666666666666666,-0.043749999999999956,0.008333333333333333
1019,0.0,0.0,-0.03125,-0.0125
1020,0.0,0.0,-0.1020833333333333,-0.0020833333333333333
1021,0.0,0.0,-0.19166666666666665,0.0
1022,0.0006666666666666665,0.004166666666666667,0.06666666666666665,0.0020833333333333333
1023,0.0,0.0,-0.16249999999999998,-0.00625
1024,0.0,0.004166666666666667,-0.12083333333333335,0.0020833333333333333
1025,0.0,0.0,-0.2583333333333333,-0.00625
1026,0.0,0.0,-0.07499999999999996,-0.022916666666666665
1027,0.0,0.0,-0.07916666666666672,-0.0125
1028,0.0014166666666666666,0.0,0.14166666666666666,-0.004166666666666667
1029,0.0,0.0,-0.14375000000000004,-0.010416666666666666
1030,0.00020833333333333316,0.0,0.020833333333333315,-0.008333333333333333
1031,0.0,0.0,-0.1166666666666667,-0.0020833333333333333
1032,0.0,0.0,-0.004166666666666652,-0.008333333333333333
1033,0.0,0.0,-0.1791666666666667,-0.004166666666666667
1034,0.0001250000000000001,0.0,0.012500000000000011,0.0
1035,0.0,0.008333333333333333,-0.03125,0.004166666666666667
1036,0.0,0.0,-0.03749999999999998,-0.004166666666666667
1037,0.0,0.0,-0.01041666666666663,0.0
1038,0.0007083333333333336,0.0,0.07083333333333336,-0.00625
1039,0.0,0.0,-0.11041666666666672,0.0
1040,0.0009791666666666666,0.025,0.09791666666666665,0.0125
1041,0.0003749999999999998,0.037500000000000006,-0.060416666666666674,0.00625
1042,0.0007916666666666666,0.037500000000000006,0.041666666666666685,0.0
1043,0.0,0.025000000000000005,-0.15833333333333333,-0.00625
1044,0.0013958333333333333,0.04166666666666667,0.13958333333333334,0.008333333333333333
1045,0.001125,0.02083333333333334,-0.027083333333333348,-0.010416666666666666
1046,0.0006666666666666671,0.004166666666666673,-0.04583333333333328,-0.008333333333333333
1047,0.00016666666666666663,0.0,-0.050000000000000044,-0.004166666666666667
1048,0.0,0.016666666666666666,-0.018750000000000044,0.008333333333333333
1049,0.0,0.0,-0.018750000000000044,-0.008333333333333333
1050,0.0,0.0,-0.027083333333333348,-0.016666666666666666
1051,2.0833333333333258e-05,0.0,0.002083333333333326,-0.0020833333333333333
1052,0.0009375,0.0375,0.09166666666666667,0.01875
1053,0.0006041666666666667,0.024999999999999998,-0.033333333333333326,-0.00625
1054,0.0006458333333333332,0.0,0.004166666666666652,-0.016666666666666666
1055,0.0005000000000000004,0.0,-0.014583333333333282,-0.014583333333333334
1056,0.0017291666666666673,0.016666666666666666,0.12291666666666667,0.008333333333333333
1057,0.002208333333333334,0.058333333333333334,0.04791666666666666,0.020833333333333332
1058,0.002666666666666667,0.0625,0.04583333333333334,0.0020833333333333333
1059,0.0011250000000000001,0.04583333333333334,-0.15416666666666667,-0.008333333333333333
1060,0.00018750000000000017,0.04166666666666667,-0.09375,-0.0020833333333333333
1061,0.0005208333333333334,0.0625,0.033333333333333326,0.010416666666666666
1062,0.0017500000000000003,0.08333333333333333,0.12291666666666667,0.010416666666666666
1063,0.001833333333333334,0.075,0.00833333333333336,-0.004166666666666667
1064,0.0008750000000000007,0.06666666666666667,-0.09583333333333333,-0.004166666666666667
1065,0.0009375000000000004,0.0625,0.006249999999999978,-0.0020833333333333333
1066,0.0005000000000000009,0.06666666666666667,-0.043749999999999956,0.0020833333333333333
1067,0.000708333333333334,0.06666666666666667,0.020833333333333315,0.0
1068,0.0015833333333333342,0.05,0.08750000000000002,-0.008333333333333333
1069,0.0036250000000000006,0.05,0.20416666666666666,0.0
1070,0.005000000000000001,0.058333333333333334,0.1375,0.004166666666666667
1071,0.005270833333333335,0.058333333333333334,0.027083333333333348,0.0
1072,0.006729166666666668,0.05,0.14583333333333331,-0.004166666666666667
1073,0.007541666666666668,0.0625,0.08124999999999999,0.00625
1074,0.008541666666666668,0.0625,0.09999999999999998,0.0
1075,0.009333333333333334,0.07916666666666666,0.07916666666666666,0.008333333333333333
1076,0.011479166666666667,0.07083333333333333,0.21458333333333335,-0.004166666666666667
1077,0.0118125,0.07083333333333333,0.033333333333333326,0.0
1078,0.011166666666666667,0.07083333333333333,-0.06458333333333333,0.0
1079,0.0126875,0.058333333333333334,0.15208333333333335,-0.00625
1080,0.0143125,0.058333333333333334,0.16249999999999998,0.0
1081,0.01575,0.07083333333333333,0.14375,0.00625
1082,0.015125,0.0875,-0.0625,0.008333333333333333
1083,0.015020833333333334,0.09166666666666666,-0.01041666666666663,0.0020833333333333333
1084,0.015270833333333334,0.10416666666666666,0.025000000000000022,0.00625
1085,0.014979166666666667,0.10416666666666666,-0.029166666666666674,0.0
1086,0.015541666666666667,0.09999999999999999,0.05625000000000002,-0.0020833333333333333
1087,0.015437500000000002,0.12083333333333332,-0.01041666666666663,0.010416666666666666
1088,0.015354166666666669,0.12916666666666665,-0.008333333333333304,0.004166666666666667
1089,0.015312500000000001,0.13749999999999998,-0.004166666666666652,0.004166666666666667
1090,0.014666666666666668,0.12916666666666665,-0.06458333333333333,-0.004166666666666667
1091,0.012916666666666668,0.12916666666666665,-0.17500000000000004,0.0
1092,0.011479166666666669,0.12916666666666665,-0.14375000000000004,0.0
1093,0.011770833333333336,0.10833333333333332,0.029166666666666674,-0.010416666666666666
1094,0.011875000000000004,0.09999999999999999,0.010416666666666685,-0.004166666666666667
1095,0.01085416666666667,0.07916666666666666,-0.1020833333333333,-0.010416666666666666
1096,0.009187500000000003,0.05416666666666666,-0.16666666666666663,-0.0125
1097,0.00891666666666667,0.075,-0.027083333333333348,0.010416666666666666
1098,0.008750000000000003,0.10416666666666666,-0.01666666666666672,0.014583333333333334
1099,0.0070833333333333364,0.07916666666666666,-0.16666666666666663,-0.0125
1100,0.007937500000000004,0.10416666666666666,0.08541666666666664,0.0125
1101,0.005312500000000004,0.09999999999999999,-0.26249999999999996,-0.0020833333333333333
1102,0.0018750000000000038,0.09583333333333333,-0.34375,-0.0020833333333333333
1103,0.0,0.09583333333333333,-0.20208333333333328,0.0
1104,0.0,0.0875,-0.26041666666666663,-0.004166666666666667
1105,0.0,0.06249999999999999,-0.19791666666666663,-0.0125
1106,0.0,0.04166666666666666,-0.1645833333333333,-0.010416666666666666
1107,0.0,0.054166666666666655,-0.26249999999999996,0.00625
1108,0.0,0.062499999999999986,-0.22083333333333333,0.004166666666666667
1109,0.0,0.062499999999999986,-0.11458333333333337,0.0
1110,0.0,0.054166666666666655,-0.022916666666666696,-0.004166666666666667
1111,0.0,0.04583333333333332,-0.0625,-0.004166666666666667
1112,0.0007291666666666669,0.029166666666666657,0.07291666666666669,-0.008333333333333333
1113,0.0,0.02499999999999999,-0.13749999999999996,-0.0020833333333333333
1114,0.0,0.008333333333333325,-0.2416666666666667,-0.008333333333333333
1115,0.0,0.0,-0.04166666666666663,-0.014583333333333334
1116,0.00020833333333333316,0.016666666666666666,0.020833333333333315,0.008333333333333333
1117,0.0004374999999999996,0.008333333333333333,0.02291666666666664,-0.004166666666666667
1118,0.0,0.025,-0.07291666666666663,0.008333333333333333
1119,0.0003125,0.07083333333333333,0.03125,0.022916666666666665
1120,0.0,0.0875,-0.12708333333333333,0.008333333333333333
1121,0.0,0.07083333333333333,-0.039583333333333304,-0.008333333333333333
1122,0.0,0.075,-0.08333333333333337,0.0020833333333333333
1123,0.0,0.0875,-0.12291666666666667,0.00625
1124,0.0,0.05416666666666666,-0.08333333333333337,-0.016666666666666666
1125,0.0,0.05416666666666666,-0.09583333333333333,0.0
1126,0.0,0.05833333333333333,-0.13749999999999996,0.0020833333333333333
1127,0.0,0.06249999999999999,-0.09375,0.0020833333333333333
1128,0.0,0.0875,-0.09791666666666665,0.0125
1129,0.0,0.10833333333333332,-0.08958333333333335,0.010416666666666666
1130,0.0001250000000000001,0.14583333333333331,0.012500000000000011,0.01875
1131,0.0,0.12083333333333332,-0.20208333333333328,-0.0125
1132,0.0,0.10833333333333332,-0.06874999999999998,-0.00625
1133,0.0,0.12916666666666665,-0.01666666666666672,0.010416666666666666
1134,0.0,0.12083333333333332,-0.03125,-0.004166666666666667
1135,0.0,0.11666666666666665,-0.2520833333333333,-0.0020833333333333333
1136,0.0,0.13749999999999998,-0.050000000000000044,0.010416666666666666
1137,0.0,0.14166666666666666,-0.14166666666666672,0.0020833333333333333
1138,0.00020833333333333316,0.13749999999999998,0.020833333333333315,-0.0020833333333333333
1139,0.0,0.1333333333333333,-0.12083333333333335,-0.0020833333333333333
1140,0.0,0.12916666666666662,-0.18958333333333333,-0.0020833333333333333
1141,0.001125,0.1458333333333333,0.11249999999999999,0.008333333333333333
1142,0.0003541666666666671,0.15416666666666662,-0.07708333333333328,0.004166666666666667
1143,0.0,0.1458333333333333,-0.31875,-0.004166666666666667
1144,0.0,0.16666666666666663,-0.25416666666666665,0.010416666666666666
1145,2.0833333333333258e-05,0.1833333333333333,0.002083333333333326,0.008333333333333333
1146,0.0,0.22499999999999995,-0.01666666666666672,0.020833333333333332
1147,0.0,0.22916666666666663,-0.033333333333333326,0.0020833333333333333
1148,0.0,0.23749999999999996,-0.2958333333333333,0.004166666666666667
1149,0.0,0.23333333333333328,-0.16666666666666663,-0.0020833333333333333
1150,0.0,0.27083333333333326,-0.027083333333333348,0.01875
1151,4.1666666666666516e-05,0.2874999999999999,0.004166666666666652,0.008333333333333333
1152,0.0,0.30833333333333324,-0.060416666666666674,0.010416666666666666
1153,0.00047916666666666664,0.3499999999999999,0.04791666666666666,0.020833333333333332
1154,0.0,0.33333333333333326,-0.07708333333333328,-0.008333333333333333
1155,0.0,0.3499999999999999,-0.008333333333333304,0.008333333333333333
1156,0.0,0.3499999999999999,-0.15208333333333335,0.0
1157,0.0,0.34166666666666656,-0.07499999999999996,-0.004166666666666667
1158,0.0,0.3374999999999999,-0.05625000000000002,-0.0020833333333333333
1159,0.00020833333333333316,0.36249999999999993,0.020833333333333315,0.0125
1160,0.0,0.39583333333333326,-0.027083333333333348,0.016666666666666666
1161,0.0,0.4041666666666666,-0.06666666666666665,0.004166666666666667
1162,0.0,0.4125,-0.1875,0.004166666666666667
1163,0.0,0.41666666666666663,-0.09583333333333333,0.0020833333333333333
1164,0.0,0.41666666666666663,-0.0708333333333333,0.0
1165,0.0,0.4041666666666666,-0.054166666666666696,-0.00625
1166,0.0,0.4125,-0.03125,0.004166666666666667
1167,0.0,0.4375,-0.0708333333333333,0.0125
1168,0.0007291666666666669,0.44166666666666665,0.07291666666666669,0.0020833333333333333
1169,0.0,0.4458333333333333,-0.10624999999999996,0.0020833333333333333
1170,0.0,0.4333333333333333,-0.08333333333333337,-0.00625
1171,0.0,0.4333333333333333,-0.03749999999999998,0.0
1172,0.0,0.4458333333333333,-0.09375,0.00625
1173,6.249999999999978e-05,0.4583333333333333,0.006249999999999978,0.00625
1174,0.00033333333333333327,0.47916666666666663,0.027083333333333348,0.010416666666666666
1175,0.0,0.47083333333333327,-0.12916666666666665,-0.004166666666666667
1176,0.0,0.4749999999999999,-0.15416666666666667,0.0020833333333333333
1177,0.0,0.49583333333333324,-0.025000000000000022,0.010416666666666666
1178,0.00035416666666666653,0.4916666666666666,0.03541666666666665,-0.0020833333333333333
1179,0.0011666666666666663,0.5166666666666666,0.08124999999999999,0.0125
1180,0.0010625,0.5125,-0.01041666666666663,-0.0020833333333333333
1181,0.0010416666666666669,0.5166666666666666,-0.002083333333333326,0.0020833333333333333
1182,0.0,0.5249999999999999,-0.15000000000000002,0.004166666666666667
1183,0.0007708333333333334,0.49583333333333324,0.07708333333333334,-0.014583333333333334
1184,2.0833333333333858e-05,0.4916666666666666,-0.07499999999999996,-0.0020833333333333333
1185,0.0005833333333333341,0.5166666666666666,0.05625000000000002,0.0125
1186,0.0005208333333333343,0.5249999999999999,-0.006249999999999978,0.004166666666666667
1187,0.001437500000000001,0.5125,0.09166666666666667,-0.00625
1188,0.002166666666666668,0.4958333333333333,0.07291666666666669,-0.008333333333333333
1189,0.0025416666666666678,0.475,0.03749999999999998,-0.010416666666666666
1190,0.0032291666666666675,0.4458333333333333,0.06874999999999998,-0.014583333333333334
1191,0.002729166666666667,0.4041666666666666,-0.050000000000000044,-0.020833333333333332
1192,0.004666666666666667,0.3916666666666666,0.19374999999999998,-0.00625
1193,0.0030625000000000006,0.3791666666666666,-0.16041666666666665,-0.00625
1194,0.0017708333333333341,0.3583333333333333,-0.12916666666666665,-0.010416666666666666
1195,0.0,0.3583333333333333,-0.18958333333333333,0.0
1196,0.0,0.36666666666666664,-0.01041666666666663,0.004166666666666667
1197,6.249999999999978e-05,0.37916666666666665,0.006249999999999978,0.00625
1198,0.0,0.35416666666666663,-0.02083333333333337,-0.0125
1199,0.00020833333333333316,0.35416666666666663,0.020833333333333315,0.0
1200,0.0,0.3333333333333333,-0.02083333333333337,-0.010416666666666666
1201,2.0833333333333258e-05,0.3,0.002083333333333326,-0.016666666666666666
1202,0.000708333333333333,0.29583333333333334,0.06874999999999998,-0.0020833333333333333
1203,0.0,0.30833333333333335,-0.12916666666666665,0.00625
1204,0.0,0.29583333333333334,-0.14583333333333337,-0.00625
1205,0.000625,0.25416666666666665,0.0625,-0.020833333333333332
1206,0.0,0.24999999999999997,-0.09375,-0.0020833333333333333
1207,0.0,0.25416666666666665,-0.07291666666666663,0.0020833333333333333
1208,0.0,0.2333333333333333,-0.16041666666666665,-0.010416666666666666
1209,0.0,0.2208333333333333,-0.12083333333333335,-0.00625
1210,0.0,0.19999999999999996,-0.07916666666666672,-0.010416666666666666
1211,0.0,0.1833333333333333,-0.18125000000000002,-0.008333333333333333
1212,0.0,0.18749999999999997,-0.06666666666666665,0.0020833333333333333
1213,0.0,0.14999999999999997,-0.18125000000000002,-0.01875
1214,0.0,0.10416666666666663,-0.3208333333333333,-0.022916666666666665
1215,0.0,0.0708333333333333,-0.025000000000000022,-0.016666666666666666
1216,0.0,0.033333333333333305,-0.23541666666666672,-0.01875
1217,0.0,0.01666666666666664,-0.14166666666666672,-0.008333333333333333
1218,0.0,0.0,-0.09166666666666667,-0.020833333333333332
1219,0.0001250000000000001,0.0,0.012500000000000011,-0.010416666666666666
1220,0.0,0.016666666666666666,-0.15000000000000002,0.008333333333333333
1221,0.0,0.0,-0.12291666666666667,-0.0125
1222,0.0,0.0,-0.19166666666666665,-0.020833333333333332
1223,0.0,0.0125,-0.1645833333333333,0.00625
1224,0.0,0.0,-0.05625000000000002,-0.022916666666666665
1225,0.0,0.0,-0.12708333333333333,-0.0125
1226,0.0,0.0,-0.10416666666666663,0.0
1227,0.0,0.0,-0.15625,-0.008333333333333333
1228,0.0,0.0,-0.01666666666666672,-0.022916666666666665
1229,0.0,0.0,-0.10416666666666663,-0.0020833333333333333
1230,0.0,0.0,-0.07708333333333328,-0.01875
1231,0.0,0.0,-0.002083333333333326,-0.029166666666666667
1232,0.0,0.0,-0.3145833333333333,-0.01875
1233,0.0,0.0,-0.01666666666666672,-0.004166666666666667
1234,0.0,0.0,-0.07499999999999996,-0.008333333333333333
1235,0.0,0.0,-0.15625,-0.020833333333333332
1236,0.0,0.0,-0.3041666666666667,-0.014583333333333334
1237,0.0,0.03333333333333333,-0.0,0.016666666666666666
1238,0.0,0.041666666666666664,-0.16666666666666663,0.004166666666666667
1239,0.0,0.024999999999999998,-0.027083333333333348,-0.008333333333333333
1240,0.0,0.0,-0.14166666666666672,-0.014583333333333334
1241,0.0,0.0,-0.08958333333333335,-0.014583333333333334
1242,0.0,0.0,-0.13541666666666663,-0.014583333333333334
1243,0.0,0.0125,-0.043749999999999956,0.00625
1244,0.0,0.0,-0.14583333333333337,-0.016666666666666666
1245,0.0008541666666666664,0.0,0.08541666666666664,-0.008333333333333333
1246,0.0,0.008333333333333333,-0.1645833333333333,0.004166666666666667
1247,0.0,0.0125,-0.19999999999999996,0.0020833333333333333
1248,0.0,0.0,-0.12083333333333335,-0.014583333333333334
1249,0.0,0.0125,-0.09583333333333333,0.00625
1250,0.0,0.008333333333333335,-0.10624999999999996,-0.0020833333333333333
1251,0.0,0.0,-0.18958333333333333,-0.00625
1252,0.0,0.0,-0.05625000000000002,-0.0125
1253,0.0,0.0,-0.09999999999999998,-0.00625
1254,0.0,0.0,-0.21458333333333335,-0.004166666666666667
1255,0.0,0.0,-0.18125000000000002,-0.01875
1256,0.0,0.0,-0.014583333333333282,-0.004166666666666667
1257,0.0,0.0,-0.14583333333333337,-0.016666666666666666
1258,0.0,0.0,-0.09791666666666665,-0.016666666666666666
1259,0.0,0.0,-0.18125000000000002,-0.01875
1260,0.0,0.004166666666666667,-0.2416666666666667,0.0020833333333333333
1261,0.0,0.0,-0.01041666666666663,-0.014583333333333334
1262,0.0,0.0,-0.054166666666666696,-0.0125
1263,0.0,0.0,-0.17708333333333337,-0.004166666666666667
1264,0.0012083333333333336,0.0,0.12083333333333335,-0.010416666666666666
1265,0.0,0.0,-0.20625000000000004,-0.01875
1266,0.0,0.0,-0.31666666666666665,-0.01875
1267,0.0,0.029166666666666667,-0.22291666666666665,0.014583333333333334
1268,0.0,0.058333333333333334,-0.23750000000000004,0.014583333333333334
1269,0.0,0.037500000000000006,-0.04166666666666663,-0.010416666666666666
1270,0.0,0.03333333333333334,-0.27708333333333335,-0.0020833333333333333
1271,0.00029166666666666675,0.04583333333333334,0.029166666666666674,0.00625
1272,0.0,0.004166666666666673,-0.22499999999999998,-0.020833333333333332
1273,0.0,0.0,-0.21875,-0.022916666666666665
1274,0.0,0.0,-0.06458333333333333,-0.0020833333333333333
1275,0.0007500000000000001,0.0,0.07500000000000001,-0.00625
1276,0.0,0.0,-0.09791666666666665,-0.010416666666666666
1277,0.0,0.0,-0.08333333333333337,-0.0020833333333333333
1278,0.0,0.0,-0.0854166666666667,-0.016666666666666666
1279,0.0,0.0,-0.25,-0.010416666666666666
1280,0.0,0.008333333333333333,-0.07708333333333328,0.004166666666666667
1281,0.0026458333333333334,0.03333333333333333,0.26458333333333334,0.0125
1282,0.002395833333333333,0.008333333333333331,-0.025000000000000022,-0.0125
1283,0.0033541666666666663,0.008333333333333331,0.09583333333333333,0.0
1284,0.002541666666666666,0.0,-0.08125000000000004,-0.004166666666666667
1285,0.001291666666666666,0.0,-0.125,-0.010416666666666666
1286,0.0004999999999999988,0.0,-0.07916666666666672,-0.010416666666666666
1287,0.0,0.0,-0.060416666666666674,-0.004166666666666667
1288,0.0,0.0,-0.17291666666666672,-0.020833333333333332
1289,0.00022916666666666642,0.0,0.02291666666666664,-0.0020833333333333333
1290,0.00016666666666666663,0.0,-0.006249999999999978,-0.00625
1291,0.0,0.0,-0.10833333333333328,-0.0020833333333333333
1292,0.0006874999999999997,0.008333333333333333,0.06874999999999998,0.004166666666666667
1293,0.0026458333333333334,0.0125,0.19583333333333336,0.0020833333333333333
1294,0.0015416666666666662,0.0,-0.11041666666666672,-0.010416666666666666
1295,0.002083333333333333,0.0,0.05416666666666664,-0.022916666666666665
1296,0.002604166666666666,0.008333333333333333,0.052083333333333315,0.004166666666666667
1297,0.0030624999999999993,0.0,0.04583333333333334,-0.00625
1298,0.003291666666666666,0.008333333333333333,0.02291666666666664,0.004166666666666667
1299,0.003083333333333332,0.0,-0.02083333333333337,-0.008333333333333333
1300,0.003062499999999999,0.0,-0.002083333333333326,-0.008333333333333333
1301,0.0,0.0,-0.3125,-0.008333333333333333
1302,8.333333333333359e-05,0.0,0.00833333333333336,-0.00625
1303,0.0,0.0,-0.22916666666666663,-0.014583333333333334
1304,0.0011875000000000002,0.008333333333333333,0.11875000000000002,0.004166666666666667
1305,0.0,0.0125,-0.3125,0.0020833333333333333
1306,0.0003958333333333336,0.0,0.03958333333333336,-0.00625
1307,0.0004375000000000001,0.0,0.004166666666666652,-0.027083333333333334
1308,0.0016458333333333338,0.008333333333333333,0.12083333333333335,0.004166666666666667
1309,0.0,0.03333333333333333,-0.26041666666666663,0.0125
1310,0.0007708333333333334,0.0375,0.07708333333333334,0.0020833333333333333
1311,0.0014583333333333332,0.012499999999999997,0.06874999999999998,-0.0125
1312,0.000979166666666666,0.0,-0.04791666666666672,-0.0125
1313,0.0005833333333333328,0.0,-0.039583333333333304,-0.010416666666666666
1314,0.0,0.0,-0.0708333333333333,-0.0020833333333333333
1315,0.0,0.0,-0.033333333333333326,-0.008333333333333333
1316,0.0008750000000000002,0.029166666666666667,0.08750000000000002,0.014583333333333334
1317,0.00125,0.03333333333333333,0.03749999999999998,0.0020833333333333333
1318,0.0008958333333333336,0.029166666666666667,-0.03541666666666665,-0.0020833333333333333
1319,0.0,0.029166666666666667,-0.15208333333333335,0.0
1320,0.0,0.0,-0.025000000000000022,-0.016666666666666666
1321,0.0,0.0,-0.1020833333333333,-0.004166666666666667
1322,0.0,0.0,-0.08958333333333335,-0.010416666666666666
1323,0.0007916666666666666,0.0,0.07916666666666666,-0.014583333333333334
1324,0.0001041666666666669,0.0,-0.06874999999999998,-0.010416666666666666
1325,0.0005625000000000003,0.0,0.04583333333333334,-0.0020833333333333333
1326,0.00010416666666666745,0.0125,-0.04583333333333328,0.00625
1327,0.0012708333333333339,0.0041666666666666675,0.11666666666666664,-0.004166666666666667
1328,0.0009791666666666672,0.0,-0.029166666666666674,-0.016666666666666666
1329,0.0013125000000000005,0.0,0.033333333333333326,-0.00625
1330,0.0034375000000000005,0.008333333333333333,0.21250000000000002,0.004166666666666667
1331,0.005854166666666667,0.0125,0.24166666666666664,0.0020833333333333333
1332,0.008958333333333334,0.03333333333333333,0.3104166666666667,0.010416666666666666
1333,0.010833333333333334,0.041666666666666664,0.1875,0.004166666666666667
1334,0.013062500000000001,0.041666666666666664,0.22291666666666665,0.0
1335,0.013958333333333335,0.020833333333333332,0.08958333333333335,-0.010416666666666666
1336,0.013666666666666667,0.012499999999999999,-0.029166666666666674,-0.004166666666666667
1337,0.016125,0.041666666666666664,0.24583333333333335,0.014583333333333334
1338,0.018520833333333334,0.041666666666666664,0.23958333333333331,0.0
1339,0.0184375,0.03333333333333333,-0.008333333333333304,-0.004166666666666667
1340,0.020166666666666666,0.03333333333333333,0.17291666666666666,0.0
1341,0.020479166666666666,0.0125,0.03125,-0.010416666666666666
1342,0.020666666666666667,0.0,0.01874999999999999,-0.008333333333333333
1343,0.023395833333333334,0.008333333333333333,0.2729166666666667,0.004166666666666667
1344,0.025437500000000002,0.0,0.20416666666666666,-0.004166666666666667
1345,0.0248125,0.0,-0.0625,-0.014583333333333334
1346,0.024458333333333335,0.0,-0.03541666666666665,-0.004166666666666667
1347,0.023895833333333335,0.0,-0.05625000000000002,-0.004166666666666667
1348,0.024770833333333336,0.0,0.08750000000000002,-0.008333333333333333
1349,0.024375000000000004,0.0,-0.039583333333333304,-0.0125
1350,0.02147916666666667,0.0,-0.2895833333333333,-0.010416666666666666
1351,0.017875000000000002,0.0,-0.3604166666666667,0.0
1352,0.018187500000000002,0.0,0.03125,-0.010416666666666666
1353,0.016645833333333335,0.0,-0.15416666666666667,-0.016666666666666666
1354,0.015125000000000001,0.004166666666666667,-0.15208333333333335,0.0020833333333333333
1355,0.013708333333333335,0.0,-0.14166666666666672,-0.01875
1356,0.012833333333333334,0.0,-0.08750000000000002,-0.008333333333333333
1357,0.009604166666666667,0.025,-0.32291666666666663,0.0125
1358,0.0086875,0.058333333333333334,-0.09166666666666667,0.016666666666666666
1359,0.0080625,0.037500000000000006,-0.0625,-0.010416666666666666
1360,0.005729166666666667,0.016666666666666673,-0.23333333333333328,-0.010416666666666666
1361,0.0027291666666666666,0.0,-0.30000000000000004,-0.014583333333333334
1362,0.0,0.0,-0.42708333333333337,-0.008333333333333333
1363,0.0,0.0,-0.09791666666666665,-0.0020833333333333333
1364,0.0,0.020833333333333332,-0.25,0.010416666666666666
1365,0.0,0.012499999999999999,-0.014583333333333282,-0.004166666666666667
1366,0.0,0.0,-0.4229166666666667,-0.0125
1367,0.0,0.0,-0.3979166666666667,-0.004166666666666667
1368,0.0,0.0,-0.03541666666666665,-0.0125
1369,0.0,0.0,-0.4083333333333333,-0.008333333333333333
1370,0.0,0.0,-0.44375,-0.0020833333333333333
1371,0.0,0.0,-0.38541666666666663,-0.0020833333333333333
1372,0.0,0.0,-0.25416666666666665,-0.004166666666666667
1373,0.0,0.0,-0.3729166666666667,-0.01875
1374,0.0,0.0,-0.2645833333333333,-0.010416666666666666
1375,0.0,0.0,-0.35416666666666663,-0.010416666666666666
1376,0.0,0.004166666666666667,-0.23750000000000004,0.0020833333333333333
1377,0.0,0.004166666666666667,-0.0625,0.0
1378,0.0,0.0125,-0.23124999999999996,0.004166666666666667
1379,0.0,0.008333333333333335,-0.08333333333333337,-0.0020833333333333333
1380,0.0,1.734723475976807e-18,-0.35416666666666663,-0.004166666666666667
1381,0.0,0.0,-0.3604166666666667,-0.016666666666666666
1382,0.0,0.0,-0.34791666666666665,-0.004166666666666667
1383,0.0,0.0,-0.3583333333333333,-0.0125
1384,0.0,0.0,-0.3041666666666667,-0.004166666666666667
1385,0.0,0.0,-0.09166666666666667,0.0
1386,0.0,0.0,-0.22916666666666663,-0.0020833333333333333
1387,0.0,0.0,-0.09999999999999998,-0.0125
1388,0.0,0.0,-0.2791666666666667,-0.0375
1389,0.0,0.0,-0.4083333333333333,-0.01875
1390,0.0,0.0,-0.1645833333333333,-0.008333333333333333
1391,0.0,0.0,-0.36250000000000004,-0.00625
1392,0.0,0.0,-0.29166666666666663,-0.016666666666666666
1393,0.0,0.0,-0.1479166666666667,-0.004166666666666667
1394,0.0,0.0,-0.31875,-0.01875
1395,0.0,0.0,-0.19999999999999996,-0.008333333333333333
1396,0.0,0.0125,-0.39583333333333337,0.00625
1397,0.0,0.0,-0.4083333333333333,-0.014583333333333334
1398,0.0,0.020833333333333332,-0.41874999999999996,0.010416666666666666
1399,0.0,0.041666666666666664,-0.13749999999999996,0.010416666666666666
1400,0.0,0.05416666666666667,-0.28125,0.00625
1401,0.0,0.03333333333333334,-0.2729166666666667,-0.010416666666666666
1402,0.0,0.037500000000000006,-0.21666666666666667,0.0020833333333333333
1403,0.0,0.058333333333333334,-0.2958333333333333,0.010416666666666666
1404,0.0,0.0875,-0.08958333333333335,0.014583333333333334
1405,0.0,0.09583333333333333,-0.1333333333333333,0.004166666666666667
1406,0.0,0.05833333333333333,-0.35624999999999996,-0.01875
1407,0.0,0.02083333333333333,-0.3291666666666667,-0.01875
1408,0.0,0.008333333333333328,-0.22083333333333333,-0.00625
1409,0.0,0.012499999999999994,-0.21875,0.0020833333333333333
1410,0.0,0.008333333333333328,-0.3458333333333333,-0.0020833333333333333
1411,0.0,0.02916666666666666,-0.22083333333333333,0.010416666666666666
1412,0.0,0.0875,-0.07291666666666663,0.029166666666666667
1413,0.0,0.06249999999999999,-0.30208333333333337,-0.0125
1414,0.0,0.06666666666666667,-0.29374999999999996,0.0020833333333333333
1415,0.0,0.03333333333333333,-0.21250000000000002,-0.016666666666666666
1416,0.0,0.004166666666666666,-0.03749999999999998,-0.014583333333333334
1417,0.0,0.03333333333333333,-0.13749999999999996,0.014583333333333334
1418,0.0,0.04583333333333334,-0.0854166666666667,0.00625
1419,0.0,0.06666666666666667,-0.17500000000000004,0.010416666666666666
1420,0.0005416666666666664,0.075,0.05416666666666664,0.004166666666666667
1421,0.0,0.05416666666666667,-0.3208333333333333,-0.010416666666666666
1422,0.0,0.09583333333333333,-0.12291666666666667,0.020833333333333332
1423,0.0,0.11666666666666665,-0.26249999999999996,0.010416666666666666
1424,0.0,0.10416666666666666,-0.07916666666666672,-0.00625
1425,0.0,0.11249999999999999,-0.23541666666666672,0.004166666666666667
1426,0.0,0.10416666666666666,-0.12916666666666665,-0.004166666666666667
1427,0.0,0.07916666666666666,-0.15000000000000002,-0.0125
1428,0.0,0.13333333333333333,-0.13124999999999998,0.027083333333333334
1429,0.0,0.17083333333333334,-0.15833333333333333,0.01875
1430,0.0,0.18333333333333335,-0.002083333333333326,0.00625
1431,0.0,0.21666666666666667,-0.2104166666666667,0.016666666666666666
1432,0.0,0.225,-0.23958333333333337,0.004166666666666667
1433,0.0,0.20416666666666666,-0.30208333333333337,-0.010416666666666666
1434,0.0,0.19166666666666665,-0.41874999999999996,-0.00625
1435,0.0,0.175,-0.20208333333333328,-0.008333333333333333
1436,8.333333333333359e-05,0.21666666666666665,0.00833333333333336,0.020833333333333332
1437,0.0,0.19166666666666665,-0.2791666666666667,-0.0125
1438,0.0,0.25,-0.10833333333333328,0.029166666666666667
1439,0.00029166666666666675,0.2625,0.029166666666666674,0.00625
1440,0.0,0.2791666666666667,-0.27083333333333337,0.008333333333333333
1441,0.0,0.25416666666666665,-0.2666666666666667,-0.0125
1442,0.0,0.22916666666666666,-0.26875000000000004,-0.0125
1443,0.0,0.2375,-0.24583333333333335,0.004166666666666667
1444,0.0,0.2375,-0.13124999999999998,0.0
1445,0.0006874999999999997,0.2375,0.06874999999999998,0.0
1446,0.0,0.22499999999999998,-0.275,-0.00625
1447,0.0,0.2333333333333333,-0.0625,0.004166666666666667
1448,0.0,0.24166666666666664,-0.2979166666666667,0.004166666666666667
1449,0.0,0.2791666666666666,-0.26041666666666663,0.01875
1450,0.0,0.31249999999999994,-0.17083333333333328,0.016666666666666666
1451,6.249999999999978e-05,0.33749999999999997,0.006249999999999978,0.0125
1452,0.0,0.3458333333333333,-0.06874999999999998,0.004166666666666667
1453,0.0,0.30416666666666664,-0.3666666666666667,-0.020833333333333332
1454,0.0,0.29166666666666663,-0.1791666666666667,-0.00625
1455,0.0,0.3083333333333333,-0.33125000000000004,0.008333333333333333
1456,0.0,0.2666666666666666,-0.39583333333333337,-0.020833333333333332
1457,0.0,0.27499999999999997,-0.21875,0.004166666666666667
1458,0.0,0.2708333333333333,-0.1645833333333333,-0.0020833333333333333
1459,0.0,0.2875,-0.08750000000000002,0.008333333333333333
1460,0.0,0.2708333333333333,-0.16041666666666665,-0.008333333333333333
1461,0.0,0.25416666666666665,-0.2666666666666667,-0.008333333333333333
1462,0.0,0.2625,-0.1479166666666667,0.004166666666666667
1463,0.0,0.275,-0.014583333333333282,0.00625
1464,0.0,0.24583333333333335,-0.2416666666666667,-0.014583333333333334
1465,0.0,0.2625,-0.2979166666666667,0.008333333333333333
1466,0.0,0.24583333333333335,-0.4375,-0.008333333333333333
1467,0.0,0.23750000000000002,-0.17500000000000004,-0.004166666666666667
1468,0.0,0.21250000000000002,-0.07708333333333328,-0.0125
1469,0.0,0.18333333333333335,-0.2979166666666667,-0.014583333333333334
1470,0.0,0.18333333333333335,-0.04166666666666663,0.0
1471,0.0,0.17083333333333334,-0.18958333333333333,-0.00625
1472,0.0,0.16666666666666666,-0.07291666666666663,-0.0020833333333333333
1473,0.0,0.15,-0.10624999999999996,-0.008333333333333333
1474,0.0,0.125,-0.1479166666666667,-0.0125
1475,0.0,0.1,-0.2791666666666667,-0.0125
1476,0.0,0.1,-0.2729166666666667,0.0
1477,0.0,0.08750000000000001,-0.02083333333333337,-0.00625
1478,0.0,0.09166666666666667,-0.13958333333333328,0.0020833333333333333
1479,0.0,0.09166666666666667,-0.1645833333333333,0.0
1480,0.00014583333333333337,0.09583333333333334,0.014583333333333337,0.0020833333333333333
1481,0.0007083333333333336,0.09166666666666667,0.05625000000000002,-0.0020833333333333333
1482,0.0,0.09166666666666667,-0.12083333333333335,0.0
1483,0.0,0.09583333333333334,-0.3104166666666667,0.0020833333333333333
1484,0.0,0.10416666666666667,-0.3104166666666667,0.004166666666666667
1485,0.0,0.07916666666666666,-0.24791666666666667,-0.0125
1486,0.0,0.05416666666666666,-0.2833333333333333,-0.0125
1487,0.0,0.05833333333333333,-0.18541666666666667,0.0020833333333333333
1488,0.0007291666666666669,0.06249999999999999,0.07291666666666669,0.0020833333333333333
1489,0.00016666666666666663,0.06666666666666667,-0.05625000000000002,0.0020833333333333333
1490,4.1666666666667065e-05,0.07083333333333333,-0.012499999999999956,0.0020833333333333333
1491,0.0,0.0875,-0.24791666666666667,0.008333333333333333
1492,0.0,0.07916666666666666,-0.09166666666666667,-0.004166666666666667
1493,0.0,0.06666666666666667,-0.002083333333333326,-0.00625
1494,0.0002500000000000002,0.04583333333333334,0.025000000000000022,-0.010416666666666666
1495,0.0,0.025000000000000005,-0.05625000000000002,-0.010416666666666666
1496,0.0,0.01666666666666667,-0.11875000000000002,-0.004166666666666667
1497,0.00016666666666666663,0.025,0.016666666666666663,0.004166666666666667
1498,0.001020833333333333,0.020833333333333336,0.08541666666666664,-0.0020833333333333333
1499,0.0,0.0,-0.16874999999999996,-0.016666666666666666
1500,0.0,0.016666666666666666,-0.014583333333333282,0.008333333333333333
1501,0.0,0.016666666666666666,-0.03541666666666665,0.0
1502,0.0,0.0,-0.26249999999999996,-0.0125
1503,0.0,0.0,-0.022916666666666696,-0.004166666666666667
1504,0.0,0.0,-0.004166666666666652,0.0
1505,0.0,0.0,-0.29374999999999996,-0.01875
1506,0.0,0.0,-0.09791666666666665,-0.010416666666666666
1507,0.0,0.0125,-0.19999999999999996,0.00625
1508,0.0005625000000000003,0.0125,0.05625000000000002,0.0
1509,0.0,0.0,-0.16249999999999998,-0.020833333333333332
1510,0.00014583333333333337,0.008333333333333333,0.014583333333333337,0.004166666666666667
1511,0.0006458333333333333,0.029166666666666667,0.04999999999999999,0.010416666666666666
1512,0.0,0.016666666666666666,-0.08125000000000004,-0.00625
1513,0.0,0.008333333333333333,-0.18125000000000002,-0.004166666666666667
1514,0.0,0.0,-0.24583333333333335,-0.01875
1515,0.001875,0.0,0.1875,0.0
1516,0.0,0.0,-0.26875000000000004,-0.0125
1517,0.0,0.0,-0.375,-0.004166666666666667
1518,0.0016249999999999997,0.0,0.16249999999999998,-0.008333333333333333
1519,0.003270833333333333,0.0125,0.16458333333333336,0.00625
1520,0.0009791666666666668,0.0,-0.22916666666666663,-0.022916666666666665
1521,0.0,0.0,-0.1166666666666667,-0.00625
1522,0.0,0.0,-0.19791666666666663,-0.0125
1523,0.0,0.0,-0.08125000000000004,-0.020833333333333332
1524,0.0010208333333333337,0.016666666666666666,0.10208333333333336,0.008333333333333333
1525,0.0028750000000000004,0.004166666666666666,0.18541666666666667,-0.00625
1526,0.0014791666666666675,0.0,-0.13958333333333328,-0.00625
1527,0.0007291666666666679,0.0,-0.07499999999999996,-0.0020833333333333333
1528,0.0019375000000000015,0.0,0.12083333333333335,-0.004166666666666667
1529,0.0016041666666666682,0.0,-0.033333333333333326,-0.010416666666666666
1530,0.00029166666666666837,0.0,-0.13124999999999998,-0.0125
1531,0.001000000000000002,0.0,0.07083333333333336,-0.00625
1532,0.0017916666666666686,0.0,0.07916666666666666,-0.0020833333333333333
1533,0.002958333333333335,0.008333333333333333,0.11666666666666664,0.004166666666666667
1534,0.0039583333333333345,0.025,0.09999999999999998,0.008333333333333333
1535,0.004937500000000001,0.008333333333333335,0.09791666666666665,-0.008333333333333333
1536,0.005395833333333334,0.0,0.04583333333333334,-0.008333333333333333
1537,0.005208333333333334,0.0,-0.018750000000000044,-0.00625
1538,0.004375,0.04583333333333333,-0.08333333333333337,0.022916666666666665
1539,0.0045000000000000005,0.012499999999999997,0.012500000000000011,-0.016666666666666666
1540,0.006833333333333334,0.024999999999999998,0.23333333333333334,0.00625
1541,0.006729166666666667,0.008333333333333331,-0.01041666666666663,-0.008333333333333333
1542,0.007270833333333334,0.024999999999999998,0.05416666666666664,0.008333333333333333
1543,0.006812500000000001,0.008333333333333331,-0.04583333333333328,-0.008333333333333333
1544,0.0048958333333333345,0.0,-0.19166666666666665,-0.00625
1545,0.005500000000000001,0.0,0.060416666666666674,-0.00625
1546,0.004604166666666668,0.0,-0.08958333333333335,-0.008333333333333333
1547,0.004500000000000001,0.004166666666666667,-0.01041666666666663,0.0020833333333333333
1548,0.004750000000000002,0.0,0.025000000000000022,-0.01875
1549,0.003604166666666668,0.0,-0.11458333333333337,-0.016666666666666666
1550,0.0035416666666666682,0.0,-0.006249999999999978,-0.014583333333333334
1551,0.0030000000000000014,0.0,-0.054166666666666696,-0.0125
1552,0.003395833333333335,0.0,0.03958333333333336,-0.010416666666666666
1553,0.003916666666666668,0.0,0.052083333333333315,-0.008333333333333333
1554,0.0058958333333333345,0.008333333333333333,0.19791666666666669,0.004166666666666667
1555,0.007312500000000001,0.0,0.14166666666666666,-0.004166666666666667
1556,0.008541666666666668,0.0,0.12291666666666667,-0.008333333333333333
1557,0.009312500000000001,0.0,0.07708333333333334,-0.004166666666666667
1558,0.008666666666666668,0.004166666666666667,-0.06458333333333333,0.0020833333333333333
1559,0.010020833333333335,0.0,0.13541666666666669,-0.004166666666666667
1560,0.010916666666666668,0.0,0.08958333333333335,0.0
1561,0.011562500000000002,0.016666666666666666,0.06458333333333333,0.008333333333333333
1562,0.012791666666666668,0.025,0.12291666666666667,0.004166666666666667
1563,0.014875000000000001,0.03333333333333333,0.20833333333333331,0.004166666666666667
1564,0.016020833333333335,0.0375,0.11458333333333331,0.0020833333333333333
1565,0.017666666666666667,0.029166666666666667,0.16458333333333336,-0.004166666666666667
1566,0.018604166666666668,0.020833333333333336,0.09375,-0.004166666666666667
1567,0.017541666666666667,0.0,-0.10624999999999996,-0.014583333333333334
1568,0.0166875,0.0,-0.0854166666666667,-0.014583333333333334
1569,0.017770833333333333,0.0125,0.10833333333333334,0.00625
1570,0.020520833333333332,0.025,0.275,0.00625
1571,0.022020833333333333,0.029166666666666667,0.15000000000000002,0.0020833333333333333
1572,0.0216875,0.025,-0.033333333333333326,-0.0020833333333333333
1573,0.022395833333333334,0.025,0.07083333333333336,0.0
1574,0.021875,0.008333333333333335,-0.05208333333333337,-0.008333333333333333
1575,0.02264583333333333,0.004166666666666668,0.07708333333333334,-0.0020833333333333333
1576,0.02220833333333333,0.0,-0.043749999999999956,-0.016666666666666666
1577,0.02158333333333333,0.0,-0.0625,-0.00625
1578,0.02210416666666666,0.0,0.052083333333333315,-0.010416666666666666
1579,0.01972916666666666,0.0,-0.23750000000000004,-0.025
1580,0.01922916666666666,0.0,-0.050000000000000044,-0.00625
1581,0.02018749999999999,0.0,0.09583333333333333,-0.010416666666666666
1582,0.018520833333333323,0.0,-0.16666666666666663,-0.01875
1583,0.017604166666666657,0.0,-0.09166666666666667,-0.027083333333333334
1584,0.01677083333333332,0.0,-0.08333333333333337,0.0
1585,0.014520833333333321,0.0,-0.22499999999999998,-0.00625
1586,0.012104166666666654,0.0,-0.2416666666666667,-0.008333333333333333
1587,0.008854166666666654,0.0,-0.32499999999999996,-0.016666666666666666
1588,0.0049583333333333215,0.0,-0.3895833333333333,-0.020833333333333332
1589,0.0029166666666666542,0.0,-0.20416666666666672,-0.022916666666666665
1590,0.0014374999999999872,0.0,-0.1479166666666667,-0.008333333333333333
1591,0.0004374999999999874,0.0,-0.09999999999999998,-0.016666666666666666
1592,0.0,0.0,-0.30000000000000004,-0.008333333333333333
1593,0.0,0.0,-0.09999999999999998,-0.00625
1594,0.0,0.0,-0.2875,-0.014583333333333334
1595,0.0,0.0,-0.1791666666666667,-0.008333333333333333
1596,0.0,0.0,-0.1791666666666667,-0.010416666666666666
1597,0.0,0.0125,-0.10624999999999996,0.00625
1598,0.0,0.0,-0.08958333333333335,-0.022916666666666665
1599,0.0,0.0,-0.31666666666666665,-0.016666666666666666
1600,0.0,0.0,-0.07916666666666672,-0.0125
1601,0.0,0.0,-0.08958333333333335,-0.01875
1602,0.0,0.0,-0.08125000000000004,-0.008333333333333333
1603,0.0,0.025,-0.15208333333333335,0.0125
1604,0.00016666666666666663,0.008333333333333335,0.016666666666666663,-0.008333333333333333
1605,0.0,0.0,-0.15416666666666667,-0.0125
1606,0.0,0.0,-0.025000000000000022,-0.0020833333333333333
1607,0.0,0.0,-0.2104166666666667,-0.014583333333333334
1608,0.0,0.004166666666666667,-0.25416666666666665,0.0020833333333333333
1609,0.0,0.0,-0.16874999999999996,-0.014583333333333334
1610,0.0,0.025,-0.18125000000000002,0.0125
1611,0.0,0.008333333333333335,-0.08125000000000004,-0.008333333333333333
1612,0.0,0.0,-0.07291666666666663,-0.010416666666666666
1613,0.0,0.0,-0.06874999999999998,-0.004166666666666667
1614,0.0,0.0,-0.20625000000000004,-0.00625
1615,0.0,0.0,-0.15625,-0.0020833333333333333
1616,0.0,0.0,-0.3895833333333333,-0.010416666666666666
1617,0.0,0.025,-0.1333333333333333,0.0125
1618,0.0,0.0,-0.07708333333333328,-0.0125
1619,0.0,0.020833333333333332,-0.25,0.010416666666666666
1620,0.0,0.029166666666666667,-0.002083333333333326,0.004166666666666667
1621,0.0003958333333333336,0.03333333333333333,0.03958333333333336,0.0020833333333333333
1622,0.0,0.016666666666666666,-0.16249999999999998,-0.008333333333333333
1623,0.0004999999999999999,0.008333333333333333,0.04999999999999999,-0.004166666666666667
1624,0.0,0.0,-0.1479166666666667,-0.016666666666666666
1625,0.0019374999999999998,0.008333333333333333,0.19374999999999998,0.004166666666666667
1626,0.0,0.0,-0.2645833333333333,-0.00625
1627,0.0,0.0,-0.022916666666666696,-0.010416666666666666
1628,0.0,0.0,-0.3416666666666667,-0.014583333333333334
1629,0.0,0.0,-0.2875,-0.016666666666666666
1630,0.0,0.004166666666666667,-0.07499999999999996,0.0020833333333333333
1631,0.0009791666666666666,0.0,0.09791666666666665,-0.0020833333333333333
1632,0.002,0.03333333333333333,0.10208333333333336,0.016666666666666666
1633,0.0026458333333333334,0.016666666666666666,0.06458333333333333,-0.008333333333333333
1634,0.003916666666666666,0.020833333333333332,0.12708333333333333,0.0020833333333333333
1635,0.004541666666666666,0.008333333333333331,0.0625,-0.00625
1636,0.003958333333333333,0.016666666666666663,-0.05833333333333335,0.004166666666666667
1637,0.004791666666666666,0.02083333333333333,0.08333333333333331,0.0020833333333333333
1638,0.003937499999999999,0.016666666666666663,-0.0854166666666667,-0.0020833333333333333
1639,0.001416666666666666,0.0,-0.2520833333333333,-0.008333333333333333
1640,0.0016666666666666661,0.020833333333333332,0.025000000000000022,0.010416666666666666
1641,0.0006666666666666663,0.0,-0.09999999999999998,-0.025
1642,0.0012499999999999998,0.0,0.05833333333333335,-0.0020833333333333333
1643,0.0,0.0,-0.37083333333333335,-0.027083333333333334
1644,0.0013124999999999999,0.004166666666666667,0.13124999999999998,0.0020833333333333333
1645,0.0,0.0,-0.1875,-0.00625
1646,0.0,0.0,-0.10833333333333328,-0.004166666666666667
1647,0.0,0.0,-0.008333333333333304,-0.0020833333333333333
1648,0.0,0.0,-0.01041666666666663,-0.010416666666666666
1649,0.0,0.0,-0.30833333333333335,-0.00625
1650,0.0,0.0,-0.1333333333333333,-0.0020833333333333333
1651,0.0,0.008333333333333333,-0.0708333333333333,0.004166666666666667
1652,0.0009791666666666666,0.0,0.09791666666666665,-0.004166666666666667
1653,0.0,0.0,-0.23124999999999996,0.0
1654,0.0,0.0125,-0.043749999999999956,0.00625
1655,0.0010208333333333337,0.008333333333333335,0.10208333333333336,-0.0020833333333333333
1656,0.0,0.0,-0.13749999999999996,-0.00625
1657,0.0001874999999999999,0.020833333333333332,0.01874999999999999,0.010416666666666666
1658,0.0,0.0,-0.3270833333333333,-0.020833333333333332
1659,8.333333333333359e-05,0.0,0.00833333333333336,-0.00625
1660,0.0,0.0,-0.07291666666666663,-0.010416666666666666
1661,0.0019583333333333336,0.0,0.19583333333333336,-0.0020833333333333333
1662,0.0019583333333333336,0.0,-0.0,-0.004166666666666667
1663,0.002666666666666667,0.0125,0.07083333333333336,0.00625
1664,0.0010625000000000005,0.0041666666666666675,-0.16041666666666665,-0.004166666666666667
1665,0.0008333333333333335,0.0041666666666666675,-0.022916666666666696,0.0
1666,0.0023541666666666667,0.0,0.15208333333333335,-0.008333333333333333
1667,0.0037916666666666667,0.0,0.14375,-0.00625
1668,0.004562500000000001,0.0,0.07708333333333334,-0.0020833333333333333
1669,0.004979166666666667,0.0,0.041666666666666685,-0.00625
1670,0.007125000000000001,0.0,0.21458333333333335,-0.0020833333333333333
1671,0.008333333333333335,0.004166666666666667,0.12083333333333335,0.0020833333333333333
1672,0.008250000000000002,0.0,-0.008333333333333304,-0.0125
1673,0.009625000000000002,0.0125,0.1375,0.00625
1674,0.010333333333333335,0.0,0.07083333333333336,-0.010416666666666666
1675,0.011500000000000002,0.0,0.11666666666666664,-0.008333333333333333
1676,0.012479166666666668,0.0,0.09791666666666665,-0.0125
1677,0.012854166666666668,0.0,0.03749999999999998,-0.0125
1679,0.013645833333333334,0.0,0.07916666666666666,-0.010416666666666666
1680,0.011937500000000002,0.0,-0.17083333333333328,-0.0020833333333333333
1681,0.010833333333333335,0.0,-0.11041666666666672,-0.020833333333333332
1682,0.012895833333333336,0.0125,0.20625,0.00625
1683,0.012312500000000002,0.0041666666666666675,-0.05833333333333335,-0.004166666666666667
1684,0.01397916666666667,0.0,0.16666666666666669,-0.004166666666666667
1685,0.013416666666666669,0.0,-0.05625000000000002,-0.00625
1686,0.012958333333333336,0.0,-0.04583333333333328,-0.014583333333333334
1687,0.012333333333333335,0.004166666666666667,-0.0625,0.0020833333333333333
1688,0.012437500000000002,0.0,0.010416666666666685,-0.00625
1689,0.011729166666666669,0.0,-0.0708333333333333,-0.008333333333333333
1690,0.008625000000000002,0.0375,-0.3104166666666667,0.01875
1691,0.004854166666666669,0.008333333333333331,-0.3770833333333333,-0.014583333333333334
1692,0.0035000000000000027,0.058333333333333334,-0.13541666666666663,0.025
1693,0.00179166666666667,0.05416666666666667,-0.17083333333333328,-0.0020833333333333333
1694,0.0011458333333333368,0.025,-0.06458333333333333,-0.014583333333333334
1695,0.0,0.008333333333333335,-0.23750000000000004,-0.008333333333333333
1696,0.00125,0.0,0.125,-0.00625
1697,0.001770833333333333,0.0,0.052083333333333315,-0.0125
1698,0.0026875,0.1,0.09166666666666667,0.05
1699,0.004020833333333334,0.10416666666666667,0.13333333333333336,0.0020833333333333333
1700,0.0037916666666666667,0.08750000000000001,-0.022916666666666696,-0.008333333333333333
1701,0.003125,0.15416666666666667,-0.06666666666666665,0.03333333333333333
1702,0.0014166666666666674,0.14166666666666666,-0.17083333333333328,-0.00625
1703,0.0010416666666666677,0.13749999999999998,-0.03749999999999998,-0.0020833333333333333
1704,0.0,0.11666666666666665,-0.375,-0.010416666666666666
1705,0.00022916666666666642,0.10833333333333332,0.02291666666666664,-0.004166666666666667
1706,0.0,0.1875,-0.1020833333333333,0.03958333333333333
1707,0.0,0.15416666666666667,-0.08125000000000004,-0.016666666666666666
1708,0.0,0.1375,-0.13749999999999996,-0.008333333333333333
1709,0.0012291666666666668,0.12916666666666668,0.12291666666666667,-0.004166666666666667
1710,0.0,0.1416666666666667,-0.22291666666666665,0.00625
1711,0.0,0.1166666666666667,-0.050000000000000044,-0.0125
1712,0.0,0.10833333333333336,-0.15833333333333333,-0.004166666666666667
1713,0.0,0.12500000000000003,-0.35,0.008333333333333333
1714,0.0,0.1041666666666667,-0.0708333333333333,-0.010416666666666666
1715,0.0,0.10833333333333336,-0.0,0.0020833333333333333
1716,0.0,0.07500000000000004,-0.08125000000000004,-0.016666666666666666
1717,2.0833333333333258e-05,0.05000000000000004,0.002083333333333326,-0.0125
1718,0.00041666666666666686,0.02083333333333337,0.03958333333333336,-0.014583333333333334
1719,0.000270833333333334,0.004166666666666704,-0.014583333333333282,-0.008333333333333333
1720,0.0,0.0,-0.0708333333333333,-0.020833333333333332
1721,0.0006458333333333332,0.0,0.06458333333333333,-0.014583333333333334
1722,0.0010833333333333333,0.0,0.04375000000000001,-0.00625
1723,0.0013333333333333335,0.0,0.025000000000000022,-0.010416666666666666
1724,0.002,0.008333333333333333,0.06666666666666665,0.004166666666666667
1725,0.00010416666666666669,0.058333333333333334,-0.18958333333333333,0.025
1726,0.0,0.04166666666666667,-0.19374999999999998,-0.008333333333333333
1727,0.0,0.07916666666666666,-0.19374999999999998,0.01875
1728,0.0,0.04583333333333333,-0.07499999999999996,-0.016666666666666666
1729,0.0,0.0,-0.08750000000000002,-0.022916666666666665
1730,0.0,0.0,-0.054166666666666696,-0.010416666666666666
1731,0.0,0.0,-0.054166666666666696,-0.008333333333333333
1732,0.0016041666666666665,0.0,0.16041666666666665,-0.00625
1733,0.001958333333333333,0.0,0.03541666666666665,-0.00625
1734,0.0,0.025,-0.20416666666666672,0.0125
1735,0.0,0.04166666666666667,-0.050000000000000044,0.008333333333333333
1736,0.0,0.03333333333333334,-0.03749999999999998,-0.004166666666666667
1737,0.0,0.004166666666666673,-0.08125000000000004,-0.014583333333333334
1738,0.0015625,0.0,0.15625,-0.004166666666666667
1739,0.001395833333333333,0.0,-0.01666666666666672,-0.014583333333333334
1740,0.0015833333333333329,0.0,0.01874999999999999,-0.025
1741,0.0006458333333333329,0.0,-0.09375,-0.00625
1742,0.0011249999999999995,0.0,0.04791666666666666,-0.010416666666666666
1743,0.0,0.004166666666666667,-0.20833333333333337,0.0020833333333333333
1744,0.0,0.0,-0.16249999999999998,-0.016666666666666666
1745,0.0,0.0,-0.09583333333333333,-0.004166666666666667
1746,0.0006666666666666665,0.0,0.06666666666666665,-0.0020833333333333333
1747,0.0007708333333333334,0.0,0.010416666666666685,-0.01875
1748,0.0019374999999999998,0.0,0.11666666666666664,-0.0125
1749,0.0016874999999999995,0.0,-0.025000000000000022,0.0
1750,0.002270833333333333,0.0,0.05833333333333335,-0.0020833333333333333
1751,0.0032499999999999994,0.0,0.09791666666666665,-0.00625
1752,0.0006666666666666665,0.0,-0.2583333333333333,-0.020833333333333332
1753,0.0015625,0.0,0.08958333333333335,0.0
1754,0.001333333333333333,0.0,-0.022916666666666696,-0.010416666666666666
1755,0.0018749999999999995,0.0,0.05416666666666664,-0.004166666666666667
1756,0.0019374999999999993,0.020833333333333332,0.006249999999999978,0.010416666666666666
1757,0.001895833333333333,0.0,-0.004166666666666652,-0.01875
1758,0.002666666666666666,0.008333333333333333,0.07708333333333334,0.004166666666666667
1759,0.0026874999999999994,0.008333333333333333,0.002083333333333326,0.0
1760,0.0026041666666666665,0.0125,-0.008333333333333304,0.0020833333333333333
1761,0.0033541666666666668,0.016666666666666666,0.07500000000000001,0.0020833333333333333
1762,0.0031874999999999994,0.0,-0.01666666666666672,-0.016666666666666666
1763,0.0008333333333333322,0.0,-0.23541666666666672,-0.01875
1764,0.00016666666666666566,0.0,-0.06666666666666665,-0.008333333333333333
1765,0.00031249999999999903,0.0,0.014583333333333337,-0.016666666666666666
1766,0.0,0.0,-0.03541666666666665,-0.0125
1767,0.0,0.0,-0.014583333333333282,-0.010416666666666666
1768,0.0009375,0.0,0.09375,-0.00625
1769,0.0012708333333333332,0.0,0.033333333333333326,-0.008333333333333333
1770,0.0021458333333333334,0.0,0.08750000000000002,-0.010416666666666666
1771,0.0032291666666666666,0.0,0.10833333333333334,-0.004166666666666667
1772,0.00425,0.0,0.10208333333333336,-0.0020833333333333333
1773,0.005729166666666667,0.0,0.14791666666666664,-0.010416666666666666
1774,0.006500000000000001,0.0,0.07708333333333334,-0.004166666666666667
1775,0.007520833333333334,0.0,0.10208333333333336,-0.008333333333333333
1776,0.007354166666666667,0.0,-0.01666666666666672,-0.0020833333333333333
1777,0.008229166666666668,0.0,0.08750000000000002,-0.00625
1778,0.008729166666666668,0.0,0.04999999999999999,-0.004166666666666667
1779,0.007812500000000002,0.008333333333333333,-0.09166666666666667,0.004166666666666667
1780,0.008979166666666668,0.0,0.11666666666666664,-0.010416666666666666
1781,0.008375000000000002,0.0,-0.060416666666666674,-0.008333333333333333
1782,0.008250000000000002,0.008333333333333333,-0.012499999999999956,0.004166666666666667
1783,0.007458333333333335,0.0,-0.07916666666666672,-0.016666666666666666
1784,0.007645833333333335,0.0,0.01874999999999999,-0.0020833333333333333
1785,0.008625000000000002,0.03333333333333333,0.09791666666666665,0.016666666666666666
1786,0.008437500000000002,0.0125,-0.018750000000000044,-0.010416666666666666
1787,0.006208333333333336,0.04166666666666667,-0.22291666666666665,0.014583333333333334
1788,0.004791666666666668,0.01666666666666667,-0.14166666666666672,-0.0125
1789,0.004333333333333335,0.0,-0.04583333333333328,-0.010416666666666666
1790,0.0025416666666666678,0.0,-0.1791666666666667,-0.01875
1791,0.0036458333333333343,0.0,0.11041666666666666,-0.0125
1792,0.003000000000000001,0.0,-0.06458333333333333,-0.020833333333333332
1793,0.003604166666666668,0.0,0.060416666666666674,-0.008333333333333333
1794,0.004125000000000001,0.0,0.052083333333333315,-0.008333333333333333
1795,0.0035625000000000006,0.0,-0.05625000000000002,0.0
1796,0.0029791666666666673,0.0,-0.05833333333333335,-0.010416666666666666
1797,0.0026458333333333342,0.0,-0.033333333333333326,-0.004166666666666667
1798,0.000687500000000001,0.029166666666666667,-0.1958333333333333,0.014583333333333334
1799,0.00020833333333333386,0.0,-0.04791666666666672,-0.020833333333333332
1800,0.0,0.0,-0.19166666666666665,-0.029166666666666667
1801,0.0,0.0,-0.13541666666666663,-0.008333333333333333
1802,0.0,0.0,-0.033333333333333326,-0.010416666666666666
1803,0.0,0.0,-0.16874999999999996,0.0
1804,0.0,0.0,-0.05208333333333337,-0.0125
1805,0.0,0.0,-0.054166666666666696,-0.0125
1806,0.0,0.0,-0.3104166666666667,-0.016666666666666666
1807,0.0,0.0,-0.018750000000000044,0.0
1808,0.0,0.0,-0.004166666666666652,-0.010416666666666666
1809,0.0020833333333333333,0.0,0.20833333333333331,-0.004166666666666667
1810,0.002395833333333333,0.0125,0.03125,0.00625
1811,0.003666666666666666,0.0125,0.12708333333333333,0.0
1812,0.005479166666666667,0.0,0.18125000000000002,-0.010416666666666666
1813,0.005541666666666667,0.0125,0.006249999999999978,0.00625
1814,0.008041666666666667,0.04166666666666667,0.25,0.014583333333333334
1815,0.008041666666666667,0.025000000000000005,-0.0,-0.008333333333333333
1816,0.008895833333333334,0.012500000000000004,0.08541666666666664,-0.00625
1817,0.010270833333333333,0.01666666666666667,0.1375,0.0020833333333333333
1818,0.010708333333333334,0.0,0.04375000000000001,-0.0125
1819,0.011104166666666667,0.0,0.03958333333333336,-0.010416666666666666
1820,0.0105,0.004166666666666667,-0.060416666666666674,0.0020833333333333333
1821,0.0121875,0.020833333333333332,0.16875,0.008333333333333333
1822,0.009875000000000002,0.008333333333333331,-0.23124999999999996,-0.00625
1823,0.012312500000000002,0.004166666666666665,0.24375000000000002,-0.0020833333333333333
1824,0.011687500000000002,0.0,-0.0625,-0.010416666666666666
1825,0.011458333333333334,0.0,-0.022916666666666696,-0.004166666666666667
1826,0.011166666666666667,0.0,-0.029166666666666674,-0.022916666666666665
1827,0.011062500000000001,0.0,-0.01041666666666663,-0.01875
1828,0.011250000000000001,0.0,0.01874999999999999,-0.0125
1829,0.012020833333333335,0.0,0.07708333333333334,-0.016666666666666666
1830,0.011312500000000001,0.0,-0.0708333333333333,-0.008333333333333333
1831,0.009458333333333334,0.0,-0.18541666666666667,-0.020833333333333332
1832,0.009083333333333334,0.0,-0.03749999999999998,-0.0125
1833,0.009770833333333333,0.0,0.06874999999999998,-0.016666666666666666
1834,0.009854166666666666,0.0,0.00833333333333336,-0.016666666666666666
1835,0.008333333333333331,0.020833333333333332,-0.15208333333333335,0.010416666666666666
1836,0.010166666666666664,0.012499999999999999,0.18333333333333335,-0.004166666666666667
1837,0.010937499999999998,0.0,0.07708333333333334,-0.01875
1838,0.01120833333333333,0.0,0.027083333333333348,-0.0125
1839,0.008604166666666664,0.008333333333333333,-0.26041666666666663,0.004166666666666667
1840,0.009541666666666664,0.0,0.09375,-0.010416666666666666
1841,0.009749999999999997,0.004166666666666667,0.020833333333333315,0.0020833333333333333
1842,0.00983333333333333,0.0,0.00833333333333336,-0.00625
1843,0.009437499999999996,0.0,-0.039583333333333304,-0.00625
1844,0.010187499999999997,0.0,0.07500000000000001,-0.004166666666666667
1845,0.006062499999999997,0.0,-0.4125,-0.004166666666666667
1846,0.004562499999999996,0.0,-0.15000000000000002,-0.022916666666666665
1847,0.0022291666666666636,0.0,-0.23333333333333328,-0.0020833333333333333
1848,0.0018124999999999973,0.0,-0.04166666666666663,-0.0125
1849,0.0,0.0,-0.22083333333333333,-0.016666666666666666
1850,0.0,0.0,-0.20833333333333337,-0.014583333333333334
1851,0.0,0.0,-0.18125000000000002,-0.010416666666666666
1852,0.0,0.0,-0.1020833333333333,-0.004166666666666667
1853,0.00029166666666666675,0.0,0.029166666666666674,-0.00625
1854,0.00033333333333333327,0.0,0.004166666666666652,-0.01875
1855,0.0,0.0,-0.08750000000000002,-0.020833333333333332
1856,4.1666666666666516e-05,0.016666666666666666,0.004166666666666652,0.008333333333333333
1857,0.0,0.0,-0.22083333333333333,-0.027083333333333334
1858,0.0,0.0,-0.09791666666666665,-0.020833333333333332
1859,0.0,0.0,-0.09791666666666665,-0.022916666666666665
1860,0.0005208333333333331,0.0,0.052083333333333315,-0.0125
1861,0.0,0.0,-0.17500000000000004,-0.025
1862,0.0,0.0,-0.054166666666666696,-0.014583333333333334
1863,0.0010625,0.0,0.10625000000000001,0.0
1864,0.0009166666666666672,0.0,-0.014583333333333282,-0.008333333333333333
1865,0.00018750000000000093,0.0,-0.07291666666666663,0.0
1866,0.0016041666666666674,0.0,0.14166666666666666,-0.00625
1867,0.0005416666666666677,0.0,-0.10624999999999996,-0.010416666666666666
1868,7.589415207398531e-19,0.0125,-0.054166666666666696,0.00625
1869,0.0005000000000000007,0.0,0.04999999999999999,-0.00625
1870,0.00014583333333333413,0.0,-0.03541666666666665,-0.014583333333333334
1871,0.0,0.0,-0.018750000000000044,-0.0020833333333333333
1872,0.0018541666666666667,0.0,0.18541666666666667,-0.00625
1873,0.002708333333333333,0.0,0.08541666666666664,-0.008333333333333333
1874,0.0010624999999999999,0.008333333333333333,-0.1645833333333333,0.004166666666666667
1875,0.0,0.016666666666666666,-0.12916666666666665,0.004166666666666667
1876,0.0007500000000000001,0.016666666666666666,0.07500000000000001,0.0
1877,0.00047916666666666664,0.0,-0.027083333333333348,-0.014583333333333334
1878,0.0007916666666666666,0.025,0.03125,0.0125
1879,0.0,0.0125,-0.11041666666666672,-0.00625
1880,0.0,0.008333333333333335,-0.03541666666666665,-0.0020833333333333333
1881,0.0002500000000000002,0.0,0.025000000000000022,-0.014583333333333334
1882,0.0,0.0375,-0.09375,0.01875
1883,0.0,0.029166666666666667,-0.13124999999999998,-0.004166666666666667
1884,0.0007291666666666669,0.04166666666666667,0.07291666666666669,0.00625
1885,8.33333333333337e-05,0.01666666666666667,-0.06458333333333333,-0.0125
1886,0.00014583333333333348,0.01666666666666667,0.006249999999999978,0.0
1887,0.0013333333333333337,0.04166666666666667,0.11875000000000002,0.0125
1888,0.002145833333333334,0.025000000000000005,0.08124999999999999,-0.008333333333333333
1889,0.003541666666666667,0.008333333333333338,0.13958333333333334,-0.008333333333333333
1890,0.004458333333333333,0.012500000000000004,0.09166666666666667,0.0020833333333333333
1891,0.005583333333333333,0.025000000000000005,0.11249999999999999,0.00625
1892,0.006791666666666667,0.04166666666666667,0.12083333333333335,0.008333333333333333
1893,0.008020833333333335,0.02083333333333334,0.12291666666666667,-0.010416666666666666
1894,0.006437500000000001,0.05,-0.15833333333333333,0.014583333333333334
1895,0.006708333333333335,0.04166666666666667,0.027083333333333348,-0.004166666666666667
1896,0.006437500000000001,0.03333333333333334,-0.027083333333333348,-0.004166666666666667
1897,0.007000000000000002,0.04166666666666667,0.05625000000000002,0.004166666666666667
1898,0.0038750000000000017,0.037500000000000006,-0.3125,-0.0020833333333333333
1899,0.003041666666666668,0.008333333333333338,-0.08333333333333337,-0.014583333333333334
1900,0.003354166666666668,0.0875,0.03125,0.03958333333333333
1901,0.0037500000000000016,0.075,0.03958333333333336,-0.00625
1902,0.0033541666666666685,0.14583333333333331,-0.039583333333333304,0.035416666666666666
1903,0.002854166666666668,0.12499999999999999,-0.050000000000000044,-0.010416666666666666
1904,0.0017916666666666684,0.13333333333333333,-0.10624999999999996,0.004166666666666667
1905,0.002479166666666668,0.15,0.06874999999999998,0.008333333333333333
1906,0.0005416666666666684,0.15833333333333333,-0.19374999999999998,0.004166666666666667
1907,0.0017291666666666686,0.15833333333333333,0.11875000000000002,0.0
1908,0.001062500000000002,0.13333333333333333,-0.06666666666666665,-0.0125
1909,0.0,0.125,-0.15000000000000002,-0.004166666666666667
1910,0.0008958333333333336,0.10416666666666667,0.08958333333333335,-0.010416666666666666
1911,0.0012083333333333336,0.07083333333333333,0.03125,-0.016666666666666666
1912,0.0022291666666666675,0.07083333333333333,0.10208333333333336,0.0
1913,0.0029166666666666672,0.0625,0.06874999999999998,-0.004166666666666667
1914,0.0028541666666666676,0.05416666666666667,-0.006249999999999978,-0.004166666666666667
1915,0.0,0.04166666666666667,-0.30833333333333335,-0.00625
1916,0.0,0.05,-0.03749999999999998,0.004166666666666667
1917,0.0008541666666666664,0.037500000000000006,0.08541666666666664,-0.00625
1918,0.0,0.0,-0.14166666666666672,-0.025
1919,0.0015208333333333335,0.004166666666666667,0.15208333333333335,0.0020833333333333333
1920,0.0009166666666666666,0.024999999999999998,-0.060416666666666674,0.010416666666666666
1921,0.00033333333333333316,0.075,-0.05833333333333335,0.025
1922,0.0,0.0625,-0.16249999999999998,-0.00625
1923,0.0,0.04583333333333334,-0.23541666666666672,-0.008333333333333333
1924,0.0003125,0.03333333333333334,0.03125,-0.00625
1925,0.0007083333333333336,0.029166666666666674,0.03958333333333336,-0.0020833333333333333
1926,0.0015000000000000002,0.020833333333333343,0.07916666666666666,-0.004166666666666667
1927,0.0029791666666666664,0.037500000000000006,0.14791666666666664,0.008333333333333333
1928,0.0044375,0.05,0.14583333333333331,0.00625
1929,0.006270833333333333,0.04583333333333334,0.18333333333333335,-0.0020833333333333333
1930,0.007145833333333333,0.05,0.08750000000000002,0.0020833333333333333
1931,0.006354166666666666,0.05416666666666667,-0.07916666666666672,0.0020833333333333333
1932,0.0038958333333333323,0.09583333333333333,-0.24583333333333335,0.020833333333333332
1933,0.0035416666666666656,0.075,-0.03541666666666665,-0.010416666666666666
1934,0.002562499999999999,0.041666666666666664,-0.09791666666666665,-0.016666666666666666
1935,0.0003958333333333318,0.04583333333333333,-0.21666666666666667,0.0020833333333333333
1936,0.0014999999999999985,0.033333333333333326,0.11041666666666666,-0.00625
1937,0.0,0.012499999999999994,-0.22291666666666665,-0.010416666666666666
1938,0.0005208333333333331,0.0,0.052083333333333315,-0.008333333333333333
1939,0.0006666666666666665,0.029166666666666667,0.014583333333333337,0.014583333333333334
1940,0.00045833333333333284,0.016666666666666666,-0.02083333333333337,-0.00625
1941,0.0008124999999999994,0.0,0.03541666666666665,-0.014583333333333334
1942,0.0,0.0,-0.09999999999999998,-0.01875
1943,0.0013124999999999999,0.0,0.13124999999999998,-0.0020833333333333333
1944,0.0003541666666666666,0.0,-0.09583333333333333,-0.004166666666666667
1945,0.0,0.0,-0.20208333333333328,-0.0125
1946,0.0,0.041666666666666664,-0.13958333333333328,0.020833333333333332
1947,0.0,0.04583333333333333,-0.04583333333333328,0.0020833333333333333
1948,0.0,0.04583333333333333,-0.20208333333333328,0.0
1949,4.1666666666666516e-05,0.029166666666666664,0.004166666666666652,-0.008333333333333333
1950,0.0,0.0,-0.033333333333333326,-0.025
1951,0.00020833333333333316,0.0,0.020833333333333315,-0.010416666666666666
1952,0.0,0.0375,-0.1791666666666667,0.01875
1953,0.0009375,0.029166666666666667,0.09375,-0.004166666666666667
1954,0.0019166666666666666,0.0,0.09791666666666665,-0.014583333333333334
1955,0.0009583333333333333,0.008333333333333333,-0.09583333333333333,0.004166666666666667
1956,0.0005833333333333335,0.0,-0.03749999999999998,-0.0125
1957,0.00043750000000000066,0.0,-0.014583333333333282,-0.0125
1958,0.0,0.0,-0.0625,-0.014583333333333334
1959,0.0014375,0.0,0.14375,0.0
1960,0.0018124999999999999,0.0,0.03749999999999998,-0.020833333333333332
1961,0.0019375,0.075,0.012500000000000011,0.0375
1962,0.00027083333333333365,0.10416666666666666,-0.16666666666666663,0.014583333333333334
1963,0.0004791666666666668,0.13749999999999998,0.020833333333333315,0.016666666666666666
1964,0.0018333333333333337,0.15833333333333333,0.13541666666666669,0.010416666666666666
1965,0.002041666666666667,0.15,0.020833333333333315,-0.004166666666666667
1966,0.0,0.15,-0.23958333333333337,0.0
1967,0.0008333333333333332,0.1625,0.08333333333333331,0.00625
1968,0.0,0.17500000000000002,-0.1958333333333333,0.00625
1969,0.0005416666666666664,0.17083333333333334,0.05416666666666664,-0.0020833333333333333
1970,0.0011874999999999998,0.15833333333333333,0.06458333333333333,-0.00625
1971,0.0012708333333333335,0.12083333333333332,0.00833333333333336,-0.01875
1972,0.0,0.16249999999999998,-0.26041666666666663,0.020833333333333332
1973,0.0,0.18333333333333332,-0.26249999999999996,0.010416666666666666
1974,0.0011458333333333331,0.1708333333333333,0.11458333333333331,-0.00625
1975,0.0018333333333333329,0.16666666666666663,0.06874999999999998,-0.0020833333333333333
1976,0.00014583333333333332,0.15416666666666662,-0.16874999999999996,-0.00625
1977,0.0022083333333333334,0.24999999999999994,0.20625,0.04791666666666667
1978,0.002791666666666667,0.24583333333333326,0.05833333333333335,-0.0020833333333333333
1979,0.003229166666666667,0.24166666666666659,0.04375000000000001,-0.0020833333333333333
1980,0.0019166666666666672,0.24583333333333326,-0.13124999999999998,0.0020833333333333333
1981,0.0027500000000000003,0.2541666666666666,0.08333333333333331,0.004166666666666667
1982,0.002645833333333334,0.2541666666666666,-0.01041666666666663,0.0
1983,0.001958333333333334,0.23749999999999993,-0.06874999999999998,-0.008333333333333333
1984,0.0008750000000000012,0.2291666666666666,-0.10833333333333328,-0.004166666666666667
1985,0.0002916666666666677,0.22499999999999992,-0.05833333333333335,-0.0020833333333333333
1986,0.0,0.2166666666666666,-0.11041666666666672,-0.004166666666666667
1987,0.0,0.20416666666666658,-0.004166666666666652,-0.00625
1988,0.0,0.18333333333333324,-0.12083333333333335,-0.010416666666666666
1989,0.0010625,0.15833333333333324,0.10625000000000001,-0.0125
1990,0.0019583333333333336,0.1374999999999999,0.08958333333333335,-0.010416666666666666
1991,0.0008333333333333331,0.10416666666666657,-0.11250000000000004,-0.016666666666666666
1992,0.0,0.11666666666666657,-0.24375000000000002,0.00625
1993,0.0020416666666666665,0.09999999999999991,0.20416666666666666,-0.008333333333333333
1994,0.0041875,0.1124999999999999,0.21458333333333335,0.00625
1995,0.0031666666666666675,0.07916666666666658,-0.1020833333333333,-0.016666666666666666
1996,0.0016041666666666674,0.07916666666666658,-0.15625,0.0
1997,0.0021041666666666674,0.07083333333333325,0.04999999999999999,-0.004166666666666667
1998,0.0018541666666666672,0.06666666666666658,-0.025000000000000022,-0.0020833333333333333
1999,0.0027291666666666675,0.06249999999999992,0.08750000000000002,-0.0020833333333333333
2000,0.0,0.03333333333333325,-0.33125000000000004,-0.014583333333333334
2001,0.0012083333333333336,0.03333333333333325,0.12083333333333335,0.0
2002,0.0001875000000000006,0.03333333333333325,-0.1020833333333333,0.0
2003,0.0,0.012499999999999917,-0.4708333333333333,-0.010416666666666666
2004,0.0,0.0,-0.32499999999999996,-0.00625
2005,0.0006874999999999997,0.016666666666666666,0.06874999999999998,0.008333333333333333
2006,0.0,0.0125,-0.08333333333333337,-0.0020833333333333333
2007,0.0,0.0,-0.14166666666666672,-0.016666666666666666
2008,0.0005416666666666664,0.0,0.05416666666666664,-0.004166666666666667
2009,0.002645833333333333,0.0,0.21041666666666664,-0.0020833333333333333
2010,0.0027916666666666663,0.0,0.014583333333333337,0.0
2011,0.002458333333333333,0.0,-0.033333333333333326,-0.010416666666666666
2012,0.0,0.0,-0.30208333333333337,0.0
2013,0.0,0.0,-0.004166666666666652,-0.004166666666666667
2014,0.0,0.0,-0.3375,-0.00625
2015,0.0,0.004166666666666667,-0.08958333333333335,0.0020833333333333333
2016,0.0,0.0,-0.19999999999999996,-0.004166666666666667
2017,0.0,0.016666666666666666,-0.18333333333333335,0.008333333333333333
2018,0.0,0.004166666666666666,-0.09166666666666667,-0.00625
2019,0.0,0.0,-0.09166666666666667,-0.0125
2020,0.0,0.0,-0.1020833333333333,-0.00625
2021,0.0,0.029166666666666667,-0.19791666666666663,0.014583333333333334
2022,0.0,0.05,-0.09375,0.010416666666666666
2023,0.0,0.03333333333333334,-0.14166666666666672,-0.008333333333333333
2024,0.0,0.03333333333333334,-0.22499999999999998,0.0
2025,0.0,0.012500000000000008,-0.31875,-0.010416666666666666
2026,0.0,0.0,-0.15000000000000002,-0.008333333333333333
2027,0.002291666666666667,0.025,0.22916666666666669,0.0125
2028,0.0005833333333333344,0.04166666666666667,-0.17083333333333328,0.008333333333333333
2029,0.0,6.938893903907228e-18,-0.0625,-0.020833333333333332
2030,0.0,0.0,-0.15625,-0.008333333333333333
2031,0.0,0.0,-0.09791666666666665,-0.004166666666666667
2032,0.0,0.016666666666666666,-0.2895833333333333,0.008333333333333333
2033,0.0,0.058333333333333334,-0.05208333333333337,0.020833333333333332
2034,0.0,0.058333333333333334,-0.11250000000000004,0.0
2035,0.0005833333333333335,0.05416666666666667,0.05833333333333335,-0.0020833333333333333
2036,0.0,0.01666666666666667,-0.19791666666666663,-0.01875
2037,0.00029166666666666675,0.0,0.029166666666666674,-0.016666666666666666
2038,0.0,0.0,-0.1333333333333333,-0.0125
2039,0.000625,0.025,0.0625,0.0125
2040,0.002125,0.01666666666666667,0.15000000000000002,-0.004166666666666667
2041,4.1666666666666415e-05,0.01666666666666667,-0.20833333333333337,0.0
2042,0.0,0.06666666666666668,-0.0625,0.025
2043,0.0,0.04583333333333335,-0.22499999999999998,-0.010416666666666666
2044,0.000625,0.05833333333333335,0.0625,0.00625
2045,0.0,0.041666666666666685,-0.21250000000000002,-0.008333333333333333
2046,0.0,0.016666666666666684,-0.275,-0.0125
2047,0.0,0.0,-0.16666666666666663,-0.016666666666666666
2048,0.0,0.0,-0.12708333333333333,-0.004166666666666667
2049,0.0004999999999999999,0.016666666666666666,0.04999999999999999,0.008333333333333333
2050,0.0,0.029166666666666667,-0.25416666666666665,0.00625
2051,0.0,0.008333333333333335,-0.22499999999999998,-0.010416666666666666
2052,0.00033333333333333327,0.0,0.033333333333333326,-0.008333333333333333
2053,0.0,0.0125,-0.0854166666666667,0.00625
2054,0.00022916666666666642,0.0,0.02291666666666664,-0.0125
2055,0.0016041666666666665,0.0,0.1375,-0.0020833333333333333
2056,0.0,0.0,-0.26249999999999996,-0.004166666666666667
2057,0.0014166666666666666,0.008333333333333333,0.14166666666666666,0.004166666666666667
2058,0.002833333333333333,0.0375,0.14166666666666666,0.014583333333333334
2059,0.004583333333333333,0.0625,0.175,0.0125
2060,0.0032708333333333335,0.10416666666666666,-0.13124999999999998,0.020833333333333332
2061,0.0054375000000000005,0.13749999999999998,0.21666666666666667,0.016666666666666666
2062,0.007229166666666667,0.15,0.17916666666666664,0.00625
2063,0.0069375,0.13333333333333333,-0.029166666666666674,-0.008333333333333333
2064,0.006895833333333334,0.125,-0.004166666666666652,-0.004166666666666667
2065,0.008895833333333334,0.16666666666666666,0.2,0.020833333333333332
2066,0.007729166666666667,0.16666666666666666,-0.1166666666666667,0.0
2067,0.008145833333333335,0.19999999999999998,0.041666666666666685,0.016666666666666666
2068,0.008458333333333335,0.18333333333333332,0.03125,-0.008333333333333333
2069,0.009250000000000001,0.18333333333333332,0.07916666666666666,0.0
2070,0.010979166666666668,0.20416666666666666,0.17291666666666666,0.010416666666666666
2071,0.011937500000000002,0.225,0.09583333333333333,0.010416666666666666
2072,0.01235416666666667,0.225,0.041666666666666685,0.0
2073,0.012270833333333337,0.20416666666666666,-0.008333333333333304,-0.010416666666666666
2074,0.012375000000000004,0.22916666666666666,0.010416666666666685,0.0125
2075,0.01185416666666667,0.22083333333333333,-0.05208333333333337,-0.004166666666666667
2076,0.011312500000000003,0.225,-0.054166666666666696,0.0020833333333333333
2077,0.012500000000000004,0.19166666666666668,0.11875000000000002,-0.016666666666666666
2078,0.012875000000000004,0.2,0.03749999999999998,0.004166666666666667
2079,0.01341666666666667,0.18333333333333335,0.05416666666666664,-0.008333333333333333
2080,0.012458333333333337,0.15833333333333335,-0.09583333333333333,-0.0125
2081,0.011562500000000003,0.16250000000000003,-0.08958333333333335,0.0020833333333333333
2082,0.00954166666666667,0.13750000000000004,-0.20208333333333328,-0.0125
2083,0.009125000000000005,0.13750000000000004,-0.04166666666666663,0.0
2084,0.010291666666666671,0.13750000000000004,0.11666666666666664,0.0
2085,0.012104166666666671,0.14166666666666672,0.18125000000000002,0.0020833333333333333
2086,0.011937500000000004,0.15000000000000005,-0.01666666666666672,0.004166666666666667
2087,0.009145833333333337,0.15833333333333338,-0.2791666666666667,0.004166666666666667
2088,0.008875000000000004,0.15833333333333338,-0.027083333333333348,0.0
2089,0.008520833333333339,0.12083333333333338,-0.03541666666666665,-0.01875
2090,0.006562500000000006,0.1291666666666667,-0.1958333333333333,0.004166666666666667
2091,0.004625000000000006,0.11250000000000004,-0.19374999999999998,-0.008333333333333333
2092,0.004333333333333339,0.12500000000000006,-0.029166666666666674,0.00625
2093,0.00589583333333334,0.1458333333333334,0.15625,0.010416666666666666
2094,0.004104166666666673,0.10833333333333339,-0.1791666666666667,-0.01875
2095,0.000604166666666673,0.0958333333333334,-0.35,-0.00625
2096,0.00045833333333334016,0.10833333333333339,-0.014583333333333282,0.00625
2097,0.0,0.08750000000000006,-0.24791666666666667,-0.010416666666666666
2098,0.0,0.0583333333333334,-0.2645833333333333,-0.014583333333333334
2099,0.0,0.04166666666666673,-0.09166666666666667,-0.008333333333333333
2100,0.0,0.008333333333333394,-0.054166666666666696,-0.016666666666666666
2101,0.0,0.0,-0.20833333333333337,-0.01875
2102,0.0,0.0,-0.039583333333333304,-0.004166666666666667
2103,0.0,0.0,-0.07499999999999996,-0.0020833333333333333
2104,0.0,0.0,-0.22083333333333333,-0.008333333333333333
2105,0.0,0.0,-0.039583333333333304,-0.008333333333333333
2106,0.000625,0.0,0.0625,-0.00625
2107,0.0006874999999999997,0.016666666666666666,0.006249999999999978,0.008333333333333333
2108,0.0,0.0125,-0.18333333333333335,-0.0020833333333333333
2109,0.0,0.04166666666666667,-0.16249999999999998,0.014583333333333334
2110,0.0,0.02083333333333334,-0.10624999999999996,-0.010416666666666666
2111,0.0026458333333333334,0.037500000000000006,0.26458333333333334,0.008333333333333333
2112,0.002,0.012500000000000004,-0.06458333333333333,-0.0125
2113,0.0028125,0.008333333333333338,0.08124999999999999,-0.0020833333333333333
2114,0.001416666666666667,0.037500000000000006,-0.13958333333333328,0.014583333333333334
2115,0.0,0.0625,-0.23124999999999996,0.0125
2116,0.0,0.0875,-0.16041666666666665,0.0125
2117,0.0,0.06666666666666667,-0.1958333333333333,-0.010416666666666666
2118,2.0833333333333258e-05,0.08333333333333333,0.002083333333333326,0.008333333333333333
2119,0.0,0.06666666666666667,-0.10624999999999996,-0.008333333333333333
2120,0.0,0.07916666666666666,-0.0708333333333333,0.00625
2121,0.00016666666666666663,0.07083333333333333,0.016666666666666663,-0.004166666666666667
2122,0.0007083333333333331,0.075,0.05416666666666664,0.0020833333333333333
2123,0.0006874999999999999,0.04583333333333333,-0.002083333333333326,-0.014583333333333334
2124,0.0008749999999999997,0.033333333333333326,0.01874999999999999,-0.00625
2125,0.0019791666666666664,0.054166666666666655,0.11041666666666666,0.010416666666666666
2126,0.0026249999999999997,0.04166666666666666,0.06458333333333333,-0.00625
2127,0.00014583333333333288,0.033333333333333326,-0.24791666666666667,-0.004166666666666667
2128,0.0,0.03749999999999999,-0.01666666666666672,0.0020833333333333333
2129,0.0004375000000000001,0.020833333333333325,0.04375000000000001,-0.008333333333333333
2130,0.0007083333333333336,0.0,0.027083333333333348,-0.014583333333333334
2131,0.0,0.0,-0.18333333333333335,-0.010416666666666666
2132,0.0,0.0,-0.06458333333333333,-0.016666666666666666
2133,0.0003749999999999998,0.016666666666666666,0.03749999999999998,0.008333333333333333
2134,0.0,0.025,-0.05833333333333335,0.004166666666666667
2135,0.0008750000000000002,0.037500000000000006,0.08750000000000002,0.00625
2136,0.0,0.012500000000000004,-0.11458333333333337,-0.0125
2137,0.0,3.469446951953614e-18,-0.16874999999999996,-0.00625
2138,0.0,0.008333333333333337,-0.20625000000000004,0.004166666666666667
2139,0.00014583333333333337,0.0,0.014583333333333337,-0.00625
2140,0.0007083333333333336,0.0,0.05625000000000002,-0.004166666666666667
2141,0.0005625000000000007,0.029166666666666667,-0.014583333333333282,0.014583333333333334
2142,0.0019166666666666676,0.025,0.13541666666666669,-0.0020833333333333333
2143,0.0008125000000000005,0.004166666666666669,-0.11041666666666672,-0.010416666666666666
2144,0.0,0.0,-0.11875000000000002,-0.01875
2145,0.00035416666666666653,0.004166666666666667,0.03541666666666665,0.0020833333333333333
2146,0.0007916666666666666,0.0125,0.04375000000000001,0.004166666666666667
2147,0.0025208333333333333,0.025,0.17291666666666666,0.00625
2148,0.001104166666666666,0.0,-0.14166666666666672,-0.020833333333333332
2149,0.0009374999999999989,0.0,-0.01666666666666672,-0.0020833333333333333
2150,0.0024999999999999988,0.04583333333333333,0.15625,0.022916666666666665
2151,0.003354166666666665,0.029166666666666664,0.08541666666666664,-0.008333333333333333
2152,0.0045208333333333316,0.075,0.11666666666666664,0.022916666666666665
2153,0.005749999999999998,0.09166666666666666,0.12291666666666667,0.008333333333333333
2154,0.005645833333333332,0.10416666666666666,-0.01041666666666663,0.00625
2155,0.0043958333333333315,0.08333333333333333,-0.125,-0.010416666666666666
2156,0.002562499999999998,0.11666666666666667,-0.18333333333333335,0.016666666666666666
2157,0.0019166666666666646,0.1125,-0.06458333333333333,-0.0020833333333333333
2158,0.00041666666666666436,0.0875,-0.15000000000000002,-0.0125
2159,0.002333333333333331,0.10416666666666666,0.19166666666666665,0.008333333333333333
2160,0.000791666666666664,0.10833333333333332,-0.15416666666666667,0.0020833333333333333
2161,0.0008333333333333306,0.10416666666666666,0.004166666666666652,-0.0020833333333333333
2162,0.0,0.05833333333333333,-0.2791666666666667,-0.022916666666666665
2163,0.0,0.03749999999999999,-0.060416666666666674,-0.010416666666666666
2164,0.0,0.07083333333333333,-0.04166666666666663,0.016666666666666666
2165,0.0,0.041666666666666664,-0.23541666666666672,-0.014583333333333334
2166,0.0015000000000000002,0.05416666666666667,0.15000000000000002,0.00625
2167,0.0,0.03333333333333334,-0.22291666666666665,-0.010416666666666666
2168,0.002479166666666667,0.06666666666666668,0.24791666666666667,0.016666666666666666
2169,0.00014583333333333419,0.05416666666666668,-0.23333333333333328,-0.00625
2170,0.0,0.02083333333333335,-0.11041666666666672,-0.016666666666666666
2171,0.0,0.05833333333333335,-0.012499999999999956,0.01875
2172,0.0,0.05833333333333335,-0.03749999999999998,0.0
2173,0.0,0.03333333333333335,-0.04583333333333328,-0.0125
2174,0.0,0.025000000000000015,-0.01041666666666663,-0.004166666666666667
2175,0.0007500000000000001,0.04583333333333335,0.07500000000000001,0.010416666666666666
2176,0.0035833333333333333,0.07083333333333336,0.2833333333333333,0.0125
2177,0.0040625,0.04583333333333336,0.04791666666666666,-0.0125
2178,0.007875,0.09583333333333335,0.38125,0.025
2179,0.005416666666666667,0.05416666666666669,-0.24583333333333335,-0.020833333333333332
2180,0.0025625,0.00833333333333336,-0.28541666666666665,-0.022916666666666665
2181,0.0005625000000000005,0.037500000000000026,-0.19999999999999996,0.014583333333333334
2182,2.0833333333333533e-05,0.05833333333333336,-0.054166666666666696,0.010416666666666666
2183,0.0005416666666666666,0.08750000000000002,0.052083333333333315,0.014583333333333334
2184,0.002270833333333333,0.10416666666666669,0.17291666666666666,0.008333333333333333
2185,0.0037916666666666663,0.10833333333333335,0.15208333333333335,0.0020833333333333333
2186,0.004729166666666666,0.08333333333333334,0.09375,-0.0125
2187,0.004333333333333333,0.1,-0.039583333333333304,0.008333333333333333
2188,0.0045,0.12083333333333333,0.016666666666666663,0.010416666666666666
2189,0.006375,0.14583333333333334,0.1875,0.0125
2190,0.008416666666666666,0.15416666666666667,0.20416666666666666,0.004166666666666667
2191,0.008729166666666666,0.14583333333333334,0.03125,-0.004166666666666667
2192,0.0062499999999999995,0.15416666666666667,-0.24791666666666667,0.004166666666666667
2193,0.008,0.1625,0.175,0.004166666666666667
2194,0.0078125,0.12916666666666668,-0.018750000000000044,-0.016666666666666666
2195,0.009395833333333332,0.1416666666666667,0.15833333333333333,0.00625
2196,0.0096875,0.10833333333333336,0.029166666666666674,-0.016666666666666666
2197,0.008979166666666667,0.1166666666666667,-0.0708333333333333,0.004166666666666667
2198,0.0099375,0.13333333333333336,0.09583333333333333,0.008333333333333333
2199,0.008229166666666668,0.15000000000000002,-0.17083333333333328,0.008333333333333333
2200,0.007270833333333334,0.1541666666666667,-0.09583333333333333,0.0020833333333333333
2201,0.007416666666666668,0.1916666666666667,0.014583333333333337,0.01875
2202,0.0083125,0.17500000000000004,0.08958333333333335,-0.008333333333333333
2203,0.008645833333333333,0.22500000000000003,0.033333333333333326,0.025
2204,0.008854166666666666,0.25000000000000006,0.020833333333333315,0.0125
2205,0.0069791666666666665,0.23750000000000004,-0.1875,-0.00625
2206,0.004229166666666666,0.1958333333333334,-0.275,-0.020833333333333332
2207,0.003520833333333333,0.21250000000000005,-0.0708333333333333,0.008333333333333333
2208,0.0028541666666666663,0.17500000000000004,-0.06666666666666665,-0.01875
2209,0.0033958333333333327,0.17083333333333336,0.05416666666666664,-0.0020833333333333333
2210,0.0029166666666666655,0.19583333333333336,-0.04791666666666672,0.0125
2211,0.0013749999999999986,0.1791666666666667,-0.15416666666666667,-0.008333333333333333
2212,0.003395833333333332,0.2041666666666667,0.20208333333333334,0.0125
2213,0.004312499999999999,0.22083333333333335,0.09166666666666667,0.008333333333333333
2214,0.004624999999999999,0.21666666666666667,0.03125,-0.0020833333333333333
2215,0.005395833333333332,0.21666666666666667,0.07708333333333334,0.0
2216,0.004604166666666665,0.20416666666666666,-0.07916666666666672,-0.00625
2217,0.0018749999999999982,0.19583333333333333,-0.2729166666666667,-0.004166666666666667
2218,0.0023333333333333314,0.2125,0.04583333333333334,0.008333333333333333
2219,0.004541666666666664,0.24583333333333332,0.22083333333333333,0.016666666666666666
2220,0.0014999999999999974,0.24166666666666664,-0.3041666666666667,-0.0020833333333333333
2221,0.0009791666666666638,0.23749999999999996,-0.05208333333333337,-0.0020833333333333333
2222,0.0006666666666666637,0.2666666666666666,-0.03125,0.014583333333333334
2223,0.0,0.24999999999999994,-0.40625,-0.008333333333333333
2224,0.0011458333333333331,0.24999999999999994,0.11458333333333331,0.0
2225,0.0008333333333333331,0.26249999999999996,-0.03125,0.00625
2226,0.0006666666666666659,0.22916666666666663,-0.01666666666666672,-0.016666666666666666
2227,0.0,0.22499999999999995,-0.09791666666666665,-0.0020833333333333333
2228,0.0,0.18749999999999994,-0.4145833333333333,-0.01875
2229,0.0011875000000000002,0.19999999999999996,0.11875000000000002,0.00625
2230,0.0,0.17083333333333328,-0.19374999999999998,-0.014583333333333334
2231,0.0,0.1666666666666666,-0.004166666666666652,-0.0020833333333333333
2232,0.0,0.14583333333333326,-0.09583333333333333,-0.010416666666666666
2233,0.0,0.15833333333333327,-0.23958333333333337,0.00625
2234,0.0,0.14583333333333326,-0.02083333333333337,-0.00625
2235,0.0,0.13749999999999993,-0.3041666666666667,-0.004166666666666667
2236,0.0013124999999999999,0.1291666666666666,0.13124999999999998,-0.004166666666666667
2237,0.0003749999999999999,0.12083333333333326,-0.09375,-0.004166666666666667
2238,0.003208333333333333,0.1416666666666666,0.2833333333333333,0.010416666666666666
2239,0.0045625,0.14999999999999994,0.13541666666666669,0.004166666666666667
2240,0.003875,0.12499999999999994,-0.06874999999999998,-0.0125
2241,0.0007499999999999998,0.09166666666666662,-0.3125,-0.016666666666666666
2242,0.002958333333333333,0.11666666666666661,0.22083333333333333,0.0125
2243,0.0048125,0.13749999999999996,0.18541666666666667,0.010416666666666666
2244,0.003895833333333333,0.13749999999999996,-0.09166666666666667,0.0
2245,8.333333333333326e-05,0.11666666666666663,-0.38125,-0.010416666666666666
2246,0.0007916666666666669,0.1458333333333333,0.07083333333333336,0.014583333333333334
2247,0.0010833333333333337,0.1416666666666666,0.029166666666666674,-0.0020833333333333333
2248,0.00016666666666666696,0.12083333333333328,-0.09166666666666667,-0.010416666666666666
2249,0.0,0.13749999999999996,-0.033333333333333326,0.008333333333333333
2250,8.333333333333359e-05,0.12083333333333329,0.00833333333333336,-0.008333333333333333
2251,0.0019583333333333336,0.12916666666666662,0.1875,0.004166666666666667
2252,0.0034375,0.1458333333333333,0.14791666666666664,0.008333333333333333
2253,0.001333333333333333,0.10416666666666663,-0.2104166666666667,-0.020833333333333332
2254,0.0,0.0958333333333333,-0.13958333333333328,-0.004166666666666667
2255,0.0,0.04166666666666663,-0.35,-0.027083333333333334
2256,0.0,0.04999999999999996,-0.0708333333333333,0.004166666666666667
2257,4.1666666666666516e-05,0.07083333333333329,0.004166666666666652,0.010416666666666666
2258,0.0,0.05833333333333329,-0.14583333333333337,-0.00625
2259,0.0,0.00833333333333329,-0.23958333333333337,-0.025
2260,0.0003749999999999998,0.029166666666666622,0.03749999999999998,0.010416666666666666
2261,0.001333333333333333,0.04166666666666662,0.09583333333333333,0.00625
2262,0.0037499999999999994,0.07083333333333329,0.24166666666666664,0.014583333333333334
2263,0.0007083333333333325,0.03333333333333329,-0.3041666666666667,-0.01875
2264,0.0013541666666666658,0.045833333333333295,0.06458333333333333,0.00625
2265,0.0,0.01666666666666663,-0.19166666666666665,-0.014583333333333334
2266,0.002375,0.045833333333333295,0.2375,0.014583333333333334
2267,0.0010000000000000005,0.012499999999999963,-0.13749999999999996,-0.016666666666666666
2268,0.002708333333333334,0.004166666666666629,0.17083333333333334,-0.004166666666666667
2269,0.0,0.0,-0.30208333333333337,-0.016666666666666666
2270,0.0,0.0,-0.18958333333333333,-0.020833333333333332
2271,0.0,0.0,-0.23750000000000004,-0.022916666666666665
2272,0.0005833333333333335,0.0,0.05833333333333335,-0.0020833333333333333
2273,0.0,0.0,-0.2645833333333333,-0.014583333333333334
2274,0.0,0.0,-0.0854166666666667,-0.01875
2275,0.0,0.0,-0.09999999999999998,-0.008333333333333333
2276,0.0,0.0,-0.1875,-0.00625
2277,0.0,0.008333333333333333,-0.06874999999999998,0.004166666666666667
2278,0.00010416666666666685,0.0,0.010416666666666685,-0.010416666666666666
2279,0.0,0.0,-0.054166666666666696,-0.0125
2280,0.0,0.004166666666666667,-0.03125,0.0020833333333333333
2281,0.0009583333333333333,0.029166666666666667,0.09583333333333333,0.0125
2282,0.0009375000000000001,0.0,-0.002083333333333326,-0.01875
2283,0.0033125,0.03333333333333333,0.2375,0.016666666666666666
2284,0.0017083333333333334,0.025,-0.16041666666666665,-0.004166666666666667
2285,0.0007500000000000001,0.058333333333333334,-0.09583333333333333,0.016666666666666666
2286,0.0,0.04166666666666667,-0.08958333333333335,-0.008333333333333333
2287,0.0,0.01666666666666667,-0.29166666666666663,-0.0125
2288,0.0014375,0.04166666666666667,0.14375,0.0125
2289,0.0012708333333333328,0.02916666666666667,-0.01666666666666672,-0.00625
2290,0.0,0.01666666666666667,-0.25,-0.00625
2291,0.0,0.0,-0.16666666666666663,-0.016666666666666666
2292,0.0,0.0,-0.11458333333333337,-0.008333333333333333
2293,0.0,0.0,-0.14166666666666672,-0.01875
2294,0.0,0.0,-0.07916666666666672,-0.016666666666666666
2295,0.0,0.0,-0.1645833333333333,-0.010416666666666666
2296,0.0,0.0,-0.3145833333333333,-0.025
2297,0.0,0.0,-0.18333333333333335,-0.010416666666666666
2298,0.001979166666666667,0.020833333333333332,0.19791666666666669,0.010416666666666666
2299,0.003416666666666667,0.029166666666666667,0.14375,0.004166666666666667
2300,0.004458333333333333,0.07083333333333333,0.10416666666666669,0.020833333333333332
2301,0.0028541666666666667,0.02083333333333333,-0.16041666666666665,-0.025
2302,0.0034375000000000005,0.02083333333333333,0.05833333333333335,0.0
2303,0.005416666666666667,0.05416666666666666,0.19791666666666669,0.016666666666666666
2304,0.003666666666666666,0.049999999999999996,-0.17500000000000004,-0.0020833333333333333
2305,0.00475,0.0625,0.10833333333333334,0.00625
2306,0.0054375,0.05416666666666667,0.06874999999999998,-0.004166666666666667
2307,0.0057083333333333335,0.0625,0.027083333333333348,0.004166666666666667
2308,0.0073124999999999996,0.058333333333333334,0.16041666666666665,-0.0020833333333333333
2309,0.010458333333333333,0.07916666666666666,0.3145833333333333,0.010416666666666666
2310,0.012625,0.12083333333333332,0.21666666666666667,0.020833333333333332
2311,0.013416666666666667,0.11249999999999999,0.07916666666666666,-0.004166666666666667
2312,0.00975,0.05833333333333332,-0.3666666666666667,-0.027083333333333334
2313,0.009520833333333333,0.054166666666666655,-0.022916666666666696,-0.0020833333333333333
2314,0.011375,0.09583333333333333,0.18541666666666667,0.020833333333333332
2315,0.012166666666666666,0.09583333333333333,0.07916666666666666,0.0
2316,0.009833333333333333,0.049999999999999996,-0.23333333333333328,-0.022916666666666665
2317,0.01175,0.0625,0.19166666666666665,0.00625
2318,0.013479166666666667,0.07916666666666666,0.17291666666666666,0.008333333333333333
2319,0.013791666666666667,0.09166666666666666,0.03125,0.00625
2320,0.014270833333333333,0.09999999999999999,0.04791666666666666,0.004166666666666667
2321,0.013041666666666667,0.0875,-0.12291666666666667,-0.00625
2322,0.012520833333333333,0.12916666666666665,-0.05208333333333337,0.020833333333333332
2323,0.012166666666666668,0.12916666666666665,-0.03541666666666665,0.0
2324,0.008520833333333333,0.10416666666666666,-0.36458333333333337,-0.0125
2325,0.006104166666666666,0.06666666666666665,-0.2416666666666667,-0.01875
2326,0.003520833333333333,0.054166666666666655,-0.2583333333333333,-0.00625
2327,0.0,0.024999999999999988,-0.40208333333333335,-0.014583333333333334
2328,0.0005208333333333331,0.04583333333333332,0.052083333333333315,0.010416666666666666
2329,0.0,0.004166666666666659,-0.29166666666666663,-0.020833333333333332
2330,0.00041666666666666686,0.03749999999999999,0.041666666666666685,0.016666666666666666
2331,0.0,0.033333333333333326,-0.054166666666666696,-0.0020833333333333333
2332,0.0,0.0,-0.3291666666666667,-0.022916666666666665
2333,0.0,0.0125,-0.1875,0.00625
2334,0.0,0.0,-0.34791666666666665,-0.0125
2335,0.0,0.0,-0.18333333333333335,-0.008333333333333333
2336,0.0,0.029166666666666667,-0.23958333333333337,0.014583333333333334
2337,0.0016249999999999997,0.05416666666666667,0.16249999999999998,0.0125
2338,0.0,0.058333333333333334,-0.3458333333333333,0.0020833333333333333
2339,0.0,0.008333333333333331,-0.2791666666666667,-0.025
2340,0.0,0.0,-0.33125000000000004,-0.014583333333333334
2341,0.0020416666666666665,0.020833333333333332,0.20416666666666666,0.010416666666666666
2342,0.0003541666666666669,0.0,-0.16874999999999996,-0.014583333333333334
2343,0.0003541666666666669,0.0,-0.0,-0.00625
2344,0.0,0.0,-0.15208333333333335,-0.014583333333333334
2345,0.0,0.0,-0.039583333333333304,-0.010416666666666666
2346,0.0,0.0,-0.4145833333333333,-0.0125
2347,0.0,0.0,-0.07916666666666672,-0.0020833333333333333
2348,0.0012083333333333336,0.016666666666666666,0.12083333333333335,0.008333333333333333
2349,0.0,0.0,-0.46458333333333335,-0.020833333333333332
2350,0.0011458333333333331,0.0,0.11458333333333331,0.0
2351,0.0,0.0,-0.32499999999999996,-0.008333333333333333
2352,0.0,0.0,-0.06666666666666665,-0.004166666666666667
2353,0.0,0.004166666666666667,-0.029166666666666674,0.0020833333333333333
2354,0.0,0.0,-0.4208333333333333,-0.016666666666666666
2355,0.0,0.0,-0.1166666666666667,-0.00625
2356,0.0,0.0,-0.3604166666666667,-0.022916666666666665
2357,0.002708333333333334,0.029166666666666667,0.27083333333333337,0.014583333333333334
2358,0.001166666666666667,0.04166666666666667,-0.15416666666666667,0.00625
2359,0.0016041666666666672,0.05,0.04375000000000001,0.004166666666666667
2360,0.0012708333333333339,0.07500000000000001,-0.033333333333333326,0.0125
2361,0.0029166666666666672,0.08750000000000001,0.16458333333333336,0.00625
2362,0.005291666666666667,0.1,0.2375,0.00625
2363,0.001,0.07083333333333333,-0.4291666666666667,-0.014583333333333334
2364,0.0028125000000000003,0.09166666666666666,0.18125000000000002,0.010416666666666666
2365,0.0011666666666666672,0.0875,-0.1645833333333333,-0.0020833333333333333
2366,0.002291666666666667,0.12083333333333332,0.11249999999999999,0.016666666666666666
2367,0.0025208333333333337,0.09166666666666665,0.02291666666666664,-0.014583333333333334
2368,0.0027500000000000003,0.12916666666666665,0.02291666666666664,0.01875
2369,0.004541666666666667,0.12916666666666665,0.17916666666666664,0.0
2370,0.003916666666666667,0.13333333333333333,-0.0625,0.0020833333333333333
2371,0.004291666666666667,0.11666666666666667,0.03749999999999998,-0.008333333333333333
2372,0.005875,0.15,0.15833333333333333,0.016666666666666666
2373,0.008604166666666666,0.18333333333333332,0.2729166666666667,0.016666666666666666
2374,0.0075625,0.1875,-0.10416666666666663,0.0020833333333333333
2375,0.008979166666666667,0.20416666666666666,0.14166666666666666,0.008333333333333333
2376,0.01075,0.22083333333333333,0.17708333333333331,0.008333333333333333
2377,0.011375,0.225,0.0625,0.0020833333333333333
2378,0.009708333333333333,0.21666666666666667,-0.16666666666666663,-0.004166666666666667
2379,0.011291666666666665,0.24166666666666667,0.15833333333333333,0.0125
2380,0.013374999999999998,0.2833333333333333,0.20833333333333331,0.020833333333333332
2381,0.014854166666666665,0.30416666666666664,0.14791666666666664,0.010416666666666666
2382,0.01520833333333333,0.3083333333333333,0.03541666666666665,0.0020833333333333333
2383,0.016562499999999997,0.34583333333333327,0.13541666666666663,0.01875
2384,0.018812499999999996,0.36249999999999993,0.22499999999999998,0.008333333333333333
2385,0.018937499999999996,0.3666666666666666,0.012500000000000011,0.0020833333333333333
2386,0.019937499999999997,0.37083333333333324,0.09999999999999998,0.0020833333333333333
2387,0.019499999999999997,0.3749999999999999,-0.043749999999999956,0.0020833333333333333
2388,0.021041666666666663,0.3624999999999999,0.15416666666666667,-0.00625
2389,0.021979166666666664,0.36666666666666653,0.09375,0.0020833333333333333
2390,0.022666666666666665,0.3541666666666665,0.06874999999999998,-0.00625
2391,0.021875,0.38749999999999984,-0.07916666666666672,0.016666666666666666
2392,0.020645833333333332,0.38749999999999984,-0.12291666666666667,0.0
2393,0.019916666666666666,0.36666666666666653,-0.07291666666666663,-0.010416666666666666
2394,0.019666666666666666,0.36666666666666653,-0.025000000000000022,0.0
2395,0.018729166666666665,0.3416666666666665,-0.09375,-0.0125
2396,0.0181875,0.3416666666666665,-0.054166666666666696,0.0
2397,0.01870833333333333,0.3416666666666665,0.052083333333333315,0.0
2398,0.015604166666666664,0.33333333333333315,-0.3104166666666667,-0.004166666666666667
2399,0.016124999999999997,0.3416666666666665,0.052083333333333315,0.004166666666666667
2400,0.01495833333333333,0.34999999999999987,-0.1166666666666667,0.004166666666666667
2401,0.015499999999999996,0.3458333333333332,0.05416666666666664,-0.0020833333333333333
2402,0.01427083333333333,0.32916666666666655,-0.12291666666666667,-0.008333333333333333
2403,0.015354166666666664,0.3374999999999999,0.10833333333333334,0.004166666666666667
2404,0.012791666666666663,0.32083333333333325,-0.25625,-0.008333333333333333
2405,0.010749999999999996,0.3249999999999999,-0.20416666666666672,0.0020833333333333333
2406,0.009979166666666662,0.34166666666666656,-0.07708333333333328,0.008333333333333333
2407,0.010604166666666663,0.3458333333333332,0.0625,0.0020833333333333333
2408,0.008354166666666663,0.34999999999999987,-0.22499999999999998,0.0020833333333333333
2409,0.007604166666666663,0.3541666666666665,-0.07499999999999996,0.0020833333333333333
2410,0.006979166666666663,0.37499999999999983,-0.0625,0.010416666666666666
2411,0.005666666666666664,0.3624999999999998,-0.13124999999999998,-0.00625
2412,0.005062499999999997,0.35416666666666646,-0.060416666666666674,-0.004166666666666667
2413,0.0029166666666666633,0.33333333333333315,-0.21458333333333335,-0.010416666666666666
2414,0.0022291666666666636,0.33333333333333315,-0.06874999999999998,0.0
2415,0.0013749999999999965,0.3291666666666665,-0.0854166666666667,-0.0020833333333333333
2416,0.00039583333333332985,0.31249999999999983,-0.09791666666666665,-0.008333333333333333
2417,0.0,0.3041666666666665,-0.1645833333333333,-0.004166666666666667
2418,0.0,0.2999999999999998,-0.060416666666666674,-0.0020833333333333333
2419,6.249999999999978e-05,0.3291666666666665,0.006249999999999978,0.014583333333333334
2420,8.333333333333305e-05,0.33749999999999986,0.002083333333333326,0.004166666666666667
2421,0.0,0.33749999999999986,-0.17291666666666672,0.0
2422,0.0004999999999999999,0.3333333333333332,0.04999999999999999,-0.0020833333333333333
2423,0.0,0.3083333333333332,-0.13124999999999998,-0.0125
2424,0.0,0.3208333333333332,-0.27083333333333337,0.00625
2425,0.0,0.30416666666666653,-0.008333333333333304,-0.008333333333333333
2426,0.0,0.32499999999999984,-0.30625,0.010416666666666666
2427,0.0,0.30416666666666653,-0.23750000000000004,-0.010416666666666666
2428,0.0,0.29583333333333317,-0.15416666666666667,-0.004166666666666667
2429,0.0,0.2916666666666665,-0.13541666666666663,-0.0020833333333333333
2430,0.0,0.29583333333333317,-0.07499999999999996,0.0020833333333333333
2431,0.0,0.27499999999999986,-0.11875000000000002,-0.010416666666666666
2432,0.0,0.24166666666666653,-0.13541666666666663,-0.016666666666666666
2433,0.0007083333333333336,0.25416666666666654,0.07083333333333336,0.00625
2434,8.333333333333359e-05,0.27916666666666656,-0.0625,0.0125
2435,0.0,0.25833333333333325,-0.20625000000000004,-0.010416666666666666
2436,0.0,0.2374999999999999,-0.23958333333333337,-0.010416666666666666
2437,0.0,0.21666666666666656,-0.20208333333333328,-0.010416666666666666
2438,0.0,0.21249999999999988,-0.16666666666666663,-0.0020833333333333333
2439,0.0,0.22916666666666655,-0.29374999999999996,0.008333333333333333
2440,0.0,0.16666666666666655,-0.2520833333333333,-0.03125
2441,0.0,0.17083333333333323,-0.3270833333333333,0.0020833333333333333
2442,0.0,0.14583333333333323,-0.08958333333333335,-0.0125
2443,0.0,0.14583333333333323,-0.08125000000000004,0.0
2444,0.0,0.1249999999999999,-0.22291666666666665,-0.010416666666666666
2445,0.0,0.09166666666666656,-0.20208333333333328,-0.016666666666666666
2446,0.0,0.06666666666666657,-0.22499999999999998,-0.0125
2447,0.0,0.05416666666666657,-0.04166666666666663,-0.00625
2448,0.0,0.06666666666666657,-0.275,0.00625
2449,0.0,0.07916666666666657,-0.21458333333333335,0.00625
2450,0.0,0.054166666666666564,-0.2979166666666667,-0.0125
2451,0.0,0.029166666666666563,-0.21250000000000002,-0.0125
2452,0.0,0.016666666666666562,-0.29374999999999996,-0.00625
2453,0.0,0.03333333333333323,-0.1958333333333333,0.008333333333333333
2454,0.0,0.03333333333333323,-0.03125,0.0
2455,0.0,0.008333333333333227,-0.22916666666666663,-0.0125
2456,0.0,0.0,-0.19374999999999998,-0.00625
2457,0.0,0.020833333333333332,-0.03749999999999998,0.010416666666666666
2458,0.0,0.008333333333333331,-0.22916666666666663,-0.00625
2459,0.0,0.0,-0.22083333333333333,-0.00625
2460,0.0,0.0,-0.2791666666666667,-0.020833333333333332
2461,0.0,0.0,-0.275,-0.01875
2462,0.0,0.0,-0.039583333333333304,0.0
2463,0.0,0.0,-0.2104166666666667,0.0
2464,0.0,0.0,-0.2645833333333333,-0.022916666666666665
2465,0.0,0.0,-0.18541666666666667,-0.010416666666666666
2466,0.0,0.0,-0.008333333333333304,-0.00625
2467,2.0833333333333258e-05,0.0,0.002083333333333326,-0.00625
2468,0.0,0.0,-0.22499999999999998,-0.022916666666666665
2469,0.0,0.0,-0.1791666666666667,-0.03125
2470,0.0,0.0,-0.24375000000000002,-0.004166666666666667
2471,0.0007291666666666669,0.008333333333333333,0.07291666666666669,0.004166666666666667
2472,0.0,0.0,-0.08125000000000004,-0.020833333333333332
2473,0.0,0.0,-0.039583333333333304,-0.008333333333333333
2474,0.0003958333333333336,0.025,0.03958333333333336,0.0125
2475,0.00041666666666666686,0.020833333333333336,0.002083333333333326,-0.0020833333333333333
2476,0.0,0.0,-0.14375000000000004,-0.020833333333333332
2477,0.0,0.0,-0.3270833333333333,-0.010416666666666666
2478,0.0,0.0,-0.1875,-0.0125
2479,0.0,0.0,-0.01666666666666672,-0.008333333333333333
2480,0.0,0.0125,-0.21666666666666667,0.00625
2481,0.0,0.020833333333333336,-0.13541666666666663,0.004166666666666667
2482,0.0,0.012500000000000002,-0.006249999999999978,-0.004166666666666667
2483,0.0,0.008333333333333335,-0.01666666666666672,-0.0020833333333333333
2484,4.1666666666666516e-05,0.0125,0.004166666666666652,0.0020833333333333333
2485,0.0009166666666666668,0.025,0.08750000000000002,0.00625
2486,0.0,0.0,-0.2416666666666667,-0.020833333333333332
2487,0.0,0.0,-0.18125000000000002,0.0
2488,0.0,0.0,-0.21875,-0.004166666666666667
2489,0.0,0.0,-0.0,-0.01875
2490,0.0,0.0,-0.2979166666666667,-0.014583333333333334
2491,0.0021458333333333334,0.020833333333333332,0.21458333333333335,0.010416666666666666
2492,0.0,0.004166666666666666,-0.23541666666666672,-0.008333333333333333
2493,0.0,0.0,-0.18333333333333335,-0.014583333333333334
2494,0.0,0.016666666666666666,-0.11250000000000004,0.008333333333333333
2495,0.0,0.0,-0.24583333333333335,-0.016666666666666666
2496,0.0,0.0,-0.043749999999999956,-0.004166666666666667
2497,0.0,0.0,-0.14583333333333337,-0.0125
2498,0.0,0.0,-0.22499999999999998,-0.010416666666666666
2499,0.0,0.0,-0.2645833333333333,-0.01875
2500,0.0,0.0,-0.13749999999999996,-0.014583333333333334
2501,0.0,0.016666666666666666,-0.1645833333333333,0.008333333333333333
2502,0.0,0.004166666666666666,-0.1166666666666667,-0.00625
2503,0.0,0.0,-0.09583333333333333,-0.008333333333333333
2504,0.0,0.0,-0.23333333333333328,-0.008333333333333333
2505,0.0,0.0,-0.2895833333333333,-0.01875
2506,0.0,0.016666666666666666,-0.16041666666666665,0.008333333333333333
2507,0.0,0.025,-0.060416666666666674,0.004166666666666667
2508,0.0,0.0,-0.08958333333333335,-0.01875
2509,0.0,0.008333333333333333,-0.15000000000000002,0.004166666666666667
2510,0.0,0.004166666666666667,-0.0,-0.0020833333333333333
2511,0.0,0.0,-0.07916666666666672,-0.004166666666666667
2512,0.001979166666666667,0.025,0.19791666666666669,0.0125
2513,0.003333333333333334,0.04583333333333334,0.13541666666666669,0.010416666666666666
2514,0.003000000000000001,0.03333333333333334,-0.033333333333333326,-0.00625
2515,0.0005625000000000005,0.05,-0.24375000000000002,0.008333333333333333
2516,0.0,0.02916666666666667,-0.27708333333333335,-0.010416666666666666
2518,0.0,0.0,-0.15625,-0.01875
2519,0.0,0.0125,-0.004166666666666652,0.00625
2520,0.0003749999999999998,0.008333333333333335,0.03749999999999998,-0.0020833333333333333
2521,0.0007708333333333334,0.004166666666666668,0.03958333333333336,-0.0020833333333333333
2522,0.0025208333333333333,0.0125,0.175,0.004166666666666667
2523,0.003854166666666667,0.016666666666666666,0.13333333333333336,0.0020833333333333333
2524,0.007020833333333334,0.04583333333333334,0.31666666666666665,0.014583333333333334
2525,0.006625000000000001,0.020833333333333336,-0.039583333333333304,-0.0125
2526,0.0033125000000000003,0.0,-0.33125000000000004,-0.0125
2527,0.004333333333333334,0.008333333333333333,0.10208333333333336,0.004166666666666667
2528,0.0028958333333333336,0.004166666666666667,-0.14375000000000004,-0.0020833333333333333
2529,0.0035208333333333337,0.008333333333333333,0.0625,0.0020833333333333333
2530,0.0021458333333333342,0.004166666666666667,-0.13749999999999996,-0.0020833333333333333
2531,0.002500000000000001,0.0125,0.03541666666666665,0.004166666666666667
2532,0.00037500000000000077,0.008333333333333335,-0.21250000000000002,-0.0020833333333333333
2533,0.0010000000000000009,0.0,0.0625,-0.00625
2534,0.0013958333333333344,0.020833333333333332,0.03958333333333336,0.010416666666666666
2535,0.0028333333333333344,0.03333333333333333,0.14375,0.00625
2536,0.0008125000000000016,0.0,-0.20208333333333328,-0.016666666666666666
2537,0.0,0.0,-0.20625000000000004,-0.010416666666666666
2538,0.0009583333333333333,0.0,0.09583333333333333,-0.004166666666666667
2539,0.0,0.0,-0.10833333333333328,0.0
2540,0.0,0.0,-0.04791666666666672,0.0
2541,0.0,0.0,-0.2104166666666667,-0.0125
2542,0.0003958333333333336,0.0,0.03958333333333336,0.0
2543,0.0,0.0,-0.08750000000000002,-0.0125
2544,0.0010416666666666669,0.0,0.10416666666666669,-0.0020833333333333333
2545,0.0011458333333333338,0.0,0.010416666666666685,-0.0020833333333333333
2546,0.0,0.0,-0.13541666666666663,-0.00625
2547,0.0,0.0,-0.08333333333333337,-0.010416666666666666
2548,0.0,0.0,-0.0625,-0.008333333333333333
2549,0.0,0.0,-0.043749999999999956,-0.004166666666666667
2550,0.0012916666666666664,0.016666666666666666,0.12916666666666665,0.008333333333333333
2551,0.00012499999999999946,0.004166666666666666,-0.1166666666666667,-0.00625
2552,0.0,0.029166666666666667,-0.2270833333333333,0.0125
2553,0.0018125000000000003,0.04166666666666667,0.18125000000000002,0.00625
2554,0.0018125000000000003,0.04583333333333334,-0.0,0.0020833333333333333
2555,0.0,0.0,-0.2875,-0.025
2556,0.0,0.0,-0.03749999999999998,-0.004166666666666667
2557,0.0017708333333333332,0.016666666666666666,0.17708333333333331,0.008333333333333333
2558,0.0014583333333333332,0.04166666666666667,-0.03125,0.0125
2559,0.002895833333333333,0.07083333333333333,0.14375,0.014583333333333334
2560,0.004937499999999999,0.0875,0.20416666666666666,0.008333333333333333
2561,0.004708333333333333,0.09583333333333333,-0.022916666666666696,0.004166666666666667
2562,0.004041666666666666,0.125,-0.06666666666666665,0.014583333333333334
2563,0.0046458333333333325,0.13333333333333333,0.060416666666666674,0.004166666666666667
2564,0.006229166666666666,0.14166666666666666,0.15833333333333333,0.004166666666666667
2565,0.007145833333333332,0.13749999999999998,0.09166666666666667,-0.0020833333333333333
2566,0.007562499999999999,0.1333333333333333,0.041666666666666685,-0.0020833333333333333
2567,0.008458333333333332,0.15416666666666665,0.08958333333333335,0.010416666666666666
2568,0.009416666666666665,0.1958333333333333,0.09583333333333333,0.020833333333333332
2569,0.010270833333333331,0.19999999999999998,0.08541666666666664,0.0020833333333333333
2570,0.010541666666666664,0.18333333333333332,0.027083333333333348,-0.008333333333333333
2571,0.010104166666666664,0.1708333333333333,-0.043749999999999956,-0.00625
2572,0.010166666666666664,0.175,0.006249999999999978,0.0020833333333333333
2573,0.010854166666666665,0.18333333333333332,0.06874999999999998,0.004166666666666667
2574,0.010229166666666664,0.19583333333333333,-0.0625,0.00625
2575,0.010666666666666665,0.18333333333333332,0.04375000000000001,-0.00625
2576,0.010645833333333332,0.19166666666666665,-0.002083333333333326,0.004166666666666667
2577,0.011374999999999998,0.15833333333333333,0.07291666666666669,-0.016666666666666666
2578,0.012812499999999998,0.16666666666666666,0.14375,0.004166666666666667
2579,0.011729166666666666,0.16249999999999998,-0.10833333333333328,-0.0020833333333333333
2580,0.012520833333333332,0.16666666666666666,0.07916666666666666,0.0020833333333333333
2581,0.010520833333333332,0.15,-0.19999999999999996,-0.008333333333333333
2582,0.011645833333333331,0.15833333333333333,0.11249999999999999,0.004166666666666667
2583,0.01052083333333333,0.14166666666666666,-0.11250000000000004,-0.008333333333333333
2584,0.011229166666666663,0.17083333333333334,0.07083333333333336,0.014583333333333334
2585,0.011812499999999997,0.18333333333333335,0.05833333333333335,0.00625
2586,0.010312499999999997,0.15833333333333335,-0.15000000000000002,-0.0125
2587,0.008562499999999997,0.15416666666666667,-0.17500000000000004,-0.0020833333333333333
2588,0.006854166666666665,0.15,-0.17083333333333328,-0.0020833333333333333
2589,0.007062499999999998,0.14583333333333331,0.020833333333333315,-0.0020833333333333333
2590,0.006416666666666664,0.15,-0.06458333333333333,0.0020833333333333333
2591,0.0056041666666666635,0.1625,-0.08125000000000004,0.00625
2592,0.005374999999999997,0.15416666666666667,-0.022916666666666696,-0.004166666666666667
2593,0.004062499999999997,0.2,-0.13124999999999998,0.022916666666666665
2594,0.0033333333333333305,0.18333333333333335,-0.07291666666666663,-0.008333333333333333
2595,0.00014583333333333072,0.15000000000000002,-0.31875,-0.016666666666666666
2596,0.0,0.14583333333333334,-0.1333333333333333,-0.0020833333333333333
2597,0.00029166666666666675,0.14166666666666666,0.029166666666666674,-0.0020833333333333333
2598,0.0,0.11666666666666667,-0.18958333333333333,-0.0125
2599,0.0,0.1,-0.0,-0.008333333333333333
2600,0.0,0.1375,-0.06458333333333333,0.01875
2601,0.0,0.1625,-0.039583333333333304,0.0125
2602,0.0,0.17916666666666667,-0.125,0.008333333333333333
2603,0.0,0.17083333333333334,-0.11458333333333337,-0.004166666666666667
2604,0.0013750000000000001,0.1875,0.1375,0.008333333333333333
2605,0.0006666666666666671,0.2,-0.0708333333333333,0.00625
2606,0.0006458333333333339,0.20833333333333334,-0.002083333333333326,0.004166666666666667
2607,0.0,0.17083333333333334,-0.10624999999999996,-0.01875
2608,0.0,0.20416666666666666,-0.16874999999999996,0.016666666666666666
2609,0.0,0.225,-0.08125000000000004,0.010416666666666666
2610,0.0,0.2,-0.1791666666666667,-0.0125
2611,0.0,0.20833333333333334,-0.24375000000000002,0.004166666666666667
2612,0.0,0.2625,-0.04791666666666672,0.027083333333333334
2613,0.0,0.25,-0.08750000000000002,-0.00625
2614,0.0,0.2625,-0.13958333333333328,0.00625
2615,0.0,0.24166666666666667,-0.09166666666666667,-0.010416666666666666
2616,0.0,0.225,-0.22499999999999998,-0.008333333333333333
2617,0.0,0.22916666666666669,-0.22291666666666665,0.0020833333333333333
2618,0.0,0.2041666666666667,-0.1166666666666667,-0.0125
2619,0.0,0.14583333333333337,-0.22083333333333333,-0.029166666666666667
2620,0.00041666666666666686,0.14583333333333337,0.041666666666666685,0.0
2621,0.0,0.1541666666666667,-0.0708333333333333,0.004166666666666667
2622,0.0,0.15000000000000002,-0.18541666666666667,-0.0020833333333333333
2623,0.0008750000000000002,0.16250000000000003,0.08750000000000002,0.00625
2624,0.0004583333333333339,0.16250000000000003,-0.04166666666666663,0.0
2625,0.0,0.1416666666666667,-0.22499999999999998,-0.010416666666666666
2626,0.0,0.09166666666666669,-0.21875,-0.025
2627,0.0,0.12083333333333335,-0.06458333333333333,0.014583333333333334
2628,0.0,0.11666666666666668,-0.08333333333333337,-0.0020833333333333333
2629,0.0,0.12916666666666668,-0.1875,0.00625
2630,0.0,0.09166666666666667,-0.24791666666666667,-0.01875
2631,0.0,0.1125,-0.01041666666666663,0.010416666666666666
2632,0.0,0.08333333333333334,-0.36250000000000004,-0.014583333333333334
2633,0.0,0.08750000000000001,-0.24583333333333335,0.0020833333333333333
2634,0.0,0.11666666666666667,-0.13541666666666663,0.014583333333333334
2635,0.0,0.09166666666666667,-0.16041666666666665,-0.0125
2636,0.0,0.1,-0.23333333333333328,0.004166666666666667
2637,0.0,0.054166666666666675,-0.3520833333333333,-0.022916666666666665
2638,0.0,0.037500000000000006,-0.02083333333333337,-0.008333333333333333
2639,0.0,0.05,-0.054166666666666696,0.00625
2640,0.0015416666666666669,0.0875,0.15416666666666667,0.01875
2641,0.0013541666666666665,0.09166666666666666,-0.018750000000000044,0.0020833333333333333
2642,0.0,0.06666666666666665,-0.15208333333333335,-0.0125
2643,0.0,0.08333333333333331,-0.03125,0.008333333333333333
2644,0.00033333333333333327,0.09166666666666665,0.033333333333333326,0.004166666666666667
2645,0.0,0.10833333333333331,-0.08333333333333337,0.008333333333333333
2646,0.0,0.09166666666666665,-0.20416666666666672,-0.008333333333333333
2647,0.0,0.11666666666666664,-0.04791666666666672,0.0125
2648,0.0019374999999999998,0.10833333333333331,0.19374999999999998,-0.004166666666666667
2649,0.0002083333333333325,0.0708333333333333,-0.17291666666666672,-0.01875
2650,0.001916666666666666,0.0958333333333333,0.17083333333333334,0.0125
2651,0.003270833333333333,0.10416666666666663,0.13541666666666669,0.004166666666666667
2652,0.0,0.06666666666666662,-0.3291666666666667,-0.01875
2653,0.000625,0.06666666666666662,0.0625,0.0
2654,0.0,0.04999999999999996,-0.17083333333333328,-0.008333333333333333
2655,0.0,0.06666666666666662,-0.14166666666666672,0.008333333333333333
2656,0.0005833333333333335,0.045833333333333295,0.05833333333333335,-0.010416666666666666
2657,0.0,0.07916666666666664,-0.11041666666666672,0.016666666666666666
2658,0.0011875000000000002,0.10416666666666663,0.11875000000000002,0.0125
2659,0.0015625,0.0833333333333333,0.03749999999999998,-0.010416666666666666
2660,0.0032708333333333335,0.07916666666666664,0.17083333333333334,-0.0020833333333333333
2661,0.003083333333333333,0.06249999999999997,-0.018750000000000044,-0.008333333333333333
2662,0.0037708333333333326,0.05416666666666664,0.06874999999999998,-0.004166666666666667
2663,0.004145833333333332,0.04583333333333331,0.03749999999999998,-0.004166666666666667
2664,0.004895833333333332,0.041666666666666644,0.07500000000000001,-0.0020833333333333333
2665,0.0021249999999999984,0.041666666666666644,-0.27708333333333335,0.0
2666,0.0,0.0,-0.33958333333333335,-0.022916666666666665
2667,0.0,0.0,-0.12291666666666667,0.0
2668,0.0,0.0125,-0.0854166666666667,0.00625
2669,0.0,0.0,-0.16249999999999998,-0.016666666666666666
2670,0.002125,0.008333333333333333,0.21250000000000002,0.004166666666666667
2671,0.0027708333333333335,0.0,0.06458333333333333,-0.016666666666666666
2672,0.0,0.0,-0.31666666666666665,-0.008333333333333333
2673,0.0017708333333333332,0.0,0.17708333333333331,-0.004166666666666667
2674,0.0032916666666666667,0.0,0.15208333333333335,0.0
2675,0.0019583333333333336,0.016666666666666666,-0.1333333333333333,0.008333333333333333
2676,0.0,0.0,-0.30625,-0.010416666666666666
2677,0.0013124999999999999,0.0,0.13124999999999998,-0.00625
2678,0.0,0.0,-0.15208333333333335,-0.0020833333333333333
2679,0.0,0.0,-0.3041666666666667,-0.00625
2680,0.0,0.008333333333333333,-0.12916666666666665,0.004166666666666667
2681,0.0,0.0,-0.1958333333333333,-0.00625
2682,0.0,0.0,-0.125,-0.027083333333333334
2683,8.333333333333359e-05,0.0,0.00833333333333336,-0.010416666666666666
2684,0.0,0.0,-0.2270833333333333,-0.008333333333333333
2685,0.0,0.0,-0.11041666666666672,-0.008333333333333333
2686,0.0,0.016666666666666666,-0.014583333333333282,0.008333333333333333
2687,0.0012083333333333336,0.004166666666666666,0.12083333333333335,-0.00625
2688,0.0,0.0,-0.13749999999999996,-0.014583333333333334
2689,0.0007916666666666666,0.016666666666666666,0.07916666666666666,0.008333333333333333
2690,0.0025,0.008333333333333333,0.17083333333333334,-0.004166666666666667
2691,0.00031249999999999984,0.0,-0.21875,-0.020833333333333332
2692,0.0,0.0,-0.18333333333333335,-0.00625
2693,0.0,0.0,-0.19791666666666663,-0.010416666666666666
2694,0.0,0.0,-0.29166666666666663,-0.027083333333333334
2695,0.0,0.0,-0.18333333333333335,-0.00625
2696,0.0016458333333333336,0.0125,0.16458333333333336,0.00625
2697,0.0,0.0,-0.33125000000000004,-0.025
2698,0.0,0.020833333333333332,-0.21250000000000002,0.010416666666666666
2699,0.0,0.024999999999999998,-0.11875000000000002,0.0020833333333333333
2700,0.0,0.0375,-0.004166666666666652,0.00625
2701,0.000625,0.012499999999999997,0.0625,-0.0125
2702,0.00125,0.024999999999999998,0.0625,0.00625
2703,0.0,0.020833333333333332,-0.14583333333333337,-0.0020833333333333333
2704,0.0004583333333333334,0.0,0.04583333333333334,-0.014583333333333334
2705,0.0,0.0,-0.23541666666666672,-0.008333333333333333
2706,0.0025208333333333333,0.0,0.2520833333333333,0.0
2707,0.0019374999999999998,0.0,-0.05833333333333335,-0.0020833333333333333
2708,0.0005625000000000003,0.0,-0.13749999999999996,-0.010416666666666666
2709,0.00125,0.0,0.06874999999999998,-0.008333333333333333
2710,0.0003541666666666665,0.0,-0.08958333333333335,0.0
2711,4.166666666666647e-05,0.0,-0.03125,-0.008333333333333333
2712,0.0009583333333333332,0.0,0.09166666666666667,0.0
2713,0.0014374999999999998,0.0,0.04791666666666666,-0.016666666666666666
2714,0.0,0.0,-0.24375000000000002,-0.0020833333333333333
2715,0.0,0.004166666666666667,-0.039583333333333304,0.0020833333333333333
2716,0.0014166666666666666,0.008333333333333333,0.14166666666666666,0.0020833333333333333
2717,0.00016666666666666653,0.004166666666666667,-0.125,-0.0020833333333333333
2718,0.0,0.0,-0.15000000000000002,-0.0125
2719,0.0012291666666666668,0.0125,0.12291666666666667,0.00625
2720,0.001479166666666667,0.0,0.025000000000000022,-0.016666666666666666
2721,0.0017291666666666673,0.020833333333333332,0.025000000000000022,0.010416666666666666
2722,0.00012500000000000076,0.024999999999999998,-0.16041666666666665,0.0020833333333333333
2723,8.333333333333424e-05,0.05,-0.004166666666666652,0.0125
2724,0.0003541666666666677,0.037500000000000006,0.027083333333333348,-0.00625
2725,0.0011458333333333344,0.008333333333333338,0.07916666666666666,-0.014583333333333334
2726,0.0008541666666666677,0.0,-0.029166666666666674,-0.014583333333333334
2727,0.0009791666666666677,0.0,0.012500000000000011,-0.0020833333333333333
2728,0.002125000000000001,0.008333333333333333,0.11458333333333331,0.004166666666666667
2729,0.004979166666666668,0.016666666666666666,0.28541666666666665,0.004166666666666667
2730,0.003708333333333335,0.0,-0.12708333333333333,-0.014583333333333334
2731,0.005458333333333335,0.004166666666666667,0.175,0.0020833333333333333
2732,0.006479166666666669,0.0125,0.10208333333333336,0.004166666666666667
2733,0.007520833333333336,0.008333333333333335,0.10416666666666669,-0.0020833333333333333
2734,0.004562500000000003,0.0,-0.2958333333333333,-0.020833333333333332
2735,0.0055416666666666696,0.0125,0.09791666666666665,0.00625
2736,0.003708333333333336,0.0,-0.18333333333333335,-0.016666666666666666
2737,0.003687500000000003,0.0,-0.002083333333333326,-0.03125
2738,0.002541666666666669,0.03333333333333333,-0.11458333333333337,0.016666666666666666
2739,0.003104166666666669,0.029166666666666667,0.05625000000000002,-0.0020833333333333333
2740,0.0012083333333333358,0.05416666666666667,-0.18958333333333333,0.0125
2741,0.0,0.08333333333333334,-0.2104166666666667,0.014583333333333334
2742,8.333333333333359e-05,0.08333333333333334,0.00833333333333336,0.0
2743,0.0,0.07500000000000001,-0.1166666666666667,-0.004166666666666667
2744,0.0,0.05000000000000001,-0.022916666666666696,-0.0125
2745,0.0,0.05000000000000001,-0.2270833333333333,0.0
2746,0.0009791666666666666,0.045833333333333344,0.09791666666666665,-0.0020833333333333333
2747,0.0018541666666666667,0.016666666666666677,0.08750000000000002,-0.014583333333333334
2748,0.002125,0.012500000000000011,0.027083333333333348,-0.0020833333333333333
2749,0.001875,0.05833333333333334,-0.025000000000000022,0.022916666666666665
2750,0.001166666666666667,0.04583333333333334,-0.0708333333333333,-0.00625
2751,0.001166666666666667,0.020833333333333336,-0.0,-0.0125
2752,0.0027916666666666667,0.04166666666666667,0.16249999999999998,0.010416666666666666
2753,0.0,0.008333333333333338,-0.3145833333333333,-0.016666666666666666
2754,0.0019166666666666666,0.008333333333333338,0.19166666666666665,0.0
2755,0.0021875,0.004166666666666672,0.027083333333333348,-0.0020833333333333333
2756,0.0016874999999999998,0.0,-0.050000000000000044,-0.016666666666666666
2757,0.0,0.03333333333333333,-0.30625,0.016666666666666666
2758,0.0007916666666666666,0.03333333333333333,0.07916666666666666,0.0
2759,0.0,0.07083333333333333,-0.09791666666666665,0.01875
2760,0.0012708333333333332,0.0625,0.12708333333333333,-0.004166666666666667
2761,0.0020208333333333332,0.07083333333333333,0.07500000000000001,0.004166666666666667
2762,0.00016666666666666653,0.025,-0.18541666666666667,-0.022916666666666665
2763,0.0,0.037500000000000006,-0.17083333333333328,0.00625
2764,0.0006458333333333332,0.012500000000000004,0.06458333333333333,-0.0125
2765,0.00041666666666666626,0.03333333333333334,-0.022916666666666696,0.010416666666666666
2766,0.0,6.938893903907228e-18,-0.14583333333333337,-0.016666666666666666
2767,0.0006041666666666668,6.938893903907228e-18,0.060416666666666674,0.0
2768,0.0011041666666666667,6.938893903907228e-18,0.04999999999999999,0.0
2769,0.0008749999999999997,0.0,-0.022916666666666696,-0.010416666666666666
2770,0.0010416666666666664,0.0,0.016666666666666663,-0.010416666666666666
2771,0.0013749999999999997,0.0,0.033333333333333326,-0.004166666666666667
2772,0.0017916666666666667,0.0,0.041666666666666685,-0.016666666666666666
2773,0.0015833333333333329,0.025,-0.02083333333333337,0.0125
2774,0.002874999999999999,0.029166666666666667,0.12916666666666665,0.0020833333333333333
2775,0.001395833333333332,0.09583333333333333,-0.1479166666666667,0.03333333333333333
2776,0.004083333333333332,0.09999999999999999,0.26875,0.0020833333333333333
2777,0.0030208333333333324,0.09999999999999999,-0.10624999999999996,0.0
2778,0.0013124999999999996,0.08333333333333333,-0.17083333333333328,-0.008333333333333333
2779,0.004458333333333333,0.10833333333333334,0.3145833333333333,0.0125
2780,0.0036458333333333325,0.15416666666666667,-0.08125000000000004,0.022916666666666665
2781,0.0009583333333333319,0.14583333333333334,-0.26875000000000004,-0.004166666666666667
2782,0.001395833333333332,0.12083333333333335,0.04375000000000001,-0.0125
2783,0.001499999999999999,0.10833333333333335,0.010416666666666685,-0.00625
2784,0.0,0.12916666666666668,-0.20208333333333328,0.010416666666666666
2785,0.0,0.11666666666666668,-0.1020833333333333,-0.00625
2786,0.0,0.12083333333333335,-0.20625000000000004,0.0020833333333333333
2787,0.0,0.11666666666666668,-0.2520833333333333,-0.0020833333333333333
2788,0.0009375,0.12083333333333335,0.09375,0.0020833333333333333
2789,0.0013958333333333333,0.12083333333333335,0.04583333333333334,0.0
2790,0.001979166666666667,0.10416666666666669,0.05833333333333335,-0.008333333333333333
2791,0.0025833333333333337,0.11250000000000002,0.060416666666666674,0.004166666666666667
2792,0.003979166666666667,0.1416666666666667,0.13958333333333334,0.014583333333333334
2793,0.003000000000000001,0.10833333333333336,-0.09791666666666665,-0.016666666666666666
2794,0.0033125000000000008,0.09583333333333337,0.03125,-0.00625
2795,0.004895833333333334,0.08750000000000004,0.15833333333333333,-0.004166666666666667
2796,0.0023125000000000008,0.0916666666666667,-0.2583333333333333,0.0020833333333333333
2797,4.1666666666667716e-05,0.08333333333333337,-0.2270833333333333,-0.004166666666666667
2798,0.0020000000000000013,0.09583333333333337,0.19583333333333336,0.00625
2799,0.0018333333333333342,0.1166666666666667,-0.01666666666666672,0.010416666666666666
2800,0.0010416666666666669,0.1166666666666667,-0.07916666666666672,0.0
2801,0.0,0.10000000000000003,-0.15000000000000002,-0.008333333333333333
2802,0.0,0.09583333333333337,-0.16874999999999996,-0.0020833333333333333
2803,0.0,0.06666666666666671,-0.1333333333333333,-0.014583333333333334
2804,0.0006458333333333332,0.04583333333333338,0.06458333333333333,-0.010416666666666666
2805,0.0,0.03750000000000005,-0.16249999999999998,-0.004166666666666667
2806,0.0,0.07916666666666672,-0.18333333333333335,0.020833333333333332
2807,0.00033333333333333327,0.10000000000000005,0.033333333333333326,0.010416666666666666
2808,0.0,0.10833333333333338,-0.17291666666666672,0.004166666666666667
2809,0.0,0.07500000000000004,-0.3416666666666667,-0.016666666666666666
2810,0.0,0.0791666666666667,-0.20625000000000004,0.0020833333333333333
2811,0.0,0.07083333333333337,-0.0625,-0.004166666666666667
2812,0.0007291666666666669,0.08333333333333337,0.07291666666666669,0.00625
2813,0.0004166666666666669,0.07500000000000004,-0.03125,-0.004166666666666667
2814,0.0,0.041666666666666706,-0.04583333333333328,-0.016666666666666666
2815,0.0007500000000000001,0.033333333333333375,0.07500000000000001,-0.004166666666666667
2816,0.0,0.06250000000000004,-0.17500000000000004,0.014583333333333334
2817,0.0,0.04166666666666671,-0.12708333333333333,-0.010416666666666666
2818,0.0,0.07083333333333339,-0.06874999999999998,0.014583333333333334
2819,0.0,0.06250000000000006,-0.16874999999999996,-0.004166666666666667
2820,0.0,0.04166666666666673,-0.20833333333333337,-0.010416666666666666
2821,0.000625,0.03750000000000006,0.0625,-0.0020833333333333333
2822,0.0,0.06666666666666674,-0.16666666666666663,0.014583333333333334
2823,0.002729166666666667,0.07916666666666673,0.2729166666666667,0.00625
2824,0.003333333333333334,0.09166666666666673,0.060416666666666674,0.00625
2825,0.0036875000000000007,0.07916666666666673,0.03541666666666665,-0.00625
2826,0.002666666666666668,0.041666666666666734,-0.1020833333333333,-0.01875
2827,0.002687500000000001,0.050000000000000065,0.002083333333333326,0.004166666666666667
2828,0.0041666666666666675,0.05416666666666673,0.14791666666666664,0.0020833333333333333
2829,0.002729166666666667,0.04166666666666673,-0.14375000000000004,-0.00625
2830,0.0034791666666666673,0.02500000000000006,0.07500000000000001,-0.008333333333333333
2831,0.003083333333333334,0.020833333333333395,-0.039583333333333304,-0.0020833333333333333
2832,0.000729166666666667,0.0,-0.23541666666666672,-0.01875
2833,0.0024583333333333336,0.016666666666666666,0.17291666666666666,0.008333333333333333
2834,0.0026875000000000002,0.0125,0.02291666666666664,-0.0020833333333333333
2835,0.0035833333333333338,0.025,0.08958333333333335,0.00625
2836,0.002979166666666667,0.0,-0.060416666666666674,-0.014583333333333334
2837,0.0019791666666666673,0.0,-0.09999999999999998,-0.008333333333333333
2838,0.0015,0.0,-0.04791666666666672,-0.0020833333333333333
2839,0.0,0.03333333333333333,-0.2270833333333333,0.016666666666666666
2840,0.0010833333333333335,0.041666666666666664,0.10833333333333334,0.004166666666666667
2841,0.0008958333333333331,0.008333333333333331,-0.018750000000000044,-0.016666666666666666
2842,0.0009791666666666668,0.012499999999999997,0.00833333333333336,0.0020833333333333333
2843,0.0,0.0,-0.1875,-0.00625
2844,0.0005416666666666664,0.025,0.05416666666666664,0.0125
2845,0.000354166666666666,0.01666666666666667,-0.018750000000000044,-0.004166666666666667
2846,0.0,0.037500000000000006,-0.12083333333333335,0.010416666666666666
2847,0.0018541666666666667,0.04583333333333334,0.18541666666666667,0.004166666666666667
2848,0.0,0.07083333333333333,-0.21458333333333335,0.0125
2849,0.0,0.04583333333333333,-0.10833333333333328,-0.0125
2850,0.00035416666666666653,0.058333333333333334,0.03541666666666665,0.00625
2851,0.0021249999999999997,0.06666666666666667,0.17708333333333331,0.004166666666666667
2852,0.0034374999999999996,0.07083333333333333,0.13124999999999998,0.0020833333333333333
2853,0.003958333333333333,0.0625,0.052083333333333315,-0.004166666666666667
2854,0.0016874999999999998,0.029166666666666667,-0.2270833333333333,-0.016666666666666666
2855,0.0001666666666666663,0.0625,-0.15208333333333335,0.016666666666666666
2856,0.0,0.04583333333333334,-0.03749999999999998,-0.008333333333333333
2857,0.0,0.05,-0.09791666666666665,0.0020833333333333333
2858,0.0007083333333333336,0.037500000000000006,0.07083333333333336,-0.00625
2859,0.0,0.025000000000000005,-0.09791666666666665,-0.00625
2860,0.0,0.02083333333333334,-0.04583333333333328,-0.0020833333333333333
2861,0.0011666666666666663,6.938893903907228e-18,0.11666666666666664,-0.010416666666666666
2862,0.0011458333333333331,0.0,-0.002083333333333326,-0.0020833333333333333
2863,0.0014791666666666664,0.0,0.033333333333333326,-0.010416666666666666
2864,0.0021249999999999997,0.0,0.06458333333333333,0.0
2865,0.002270833333333333,0.025,0.014583333333333337,0.0125
2866,0.0013958333333333327,0.0,-0.08750000000000002,-0.0125
2867,0.0019583333333333328,0.0,0.05625000000000002,-0.00625
2868,0.0036249999999999998,0.020833333333333332,0.16666666666666669,0.010416666666666666
2869,0.0009374999999999991,0.020833333333333332,-0.26875000000000004,0.0
2870,0.001437499999999999,0.0375,0.04999999999999999,0.008333333333333333
2871,0.0,0.07916666666666666,-0.29374999999999996,0.020833333333333332
2872,0.0,0.07916666666666666,-0.11250000000000004,0.0
2873,0.0026458333333333334,0.09999999999999999,0.26458333333333334,0.010416666666666666
2874,0.00375,0.11666666666666665,0.11041666666666666,0.008333333333333333
2875,0.0040416666666666665,0.09166666666666665,0.029166666666666674,-0.0125
2876,0.005979166666666667,0.08749999999999998,0.19375000000000003,-0.0020833333333333333
2877,0.009958333333333333,0.11249999999999999,0.39791666666666664,0.0125
2878,0.011416666666666665,0.13333333333333333,0.14583333333333331,0.010416666666666666
2879,0.014479166666666664,0.15416666666666667,0.30625,0.010416666666666666
2880,0.012062499999999997,0.15833333333333335,-0.2416666666666667,0.0020833333333333333
2881,0.00920833333333333,0.12500000000000003,-0.28541666666666665,-0.016666666666666666
2882,0.008270833333333331,0.1166666666666667,-0.09375,-0.004166666666666667
2883,0.006812499999999997,0.13750000000000004,-0.14583333333333337,0.010416666666666666
2884,0.006812499999999997,0.14166666666666672,-0.0,0.0020833333333333333
2885,0.004291666666666664,0.12500000000000006,-0.2520833333333333,-0.008333333333333333
2886,0.005229166666666664,0.14166666666666672,0.09375,0.008333333333333333
2887,0.004541666666666664,0.11250000000000004,-0.06874999999999998,-0.014583333333333334
2888,0.004979166666666665,0.10833333333333338,0.04375000000000001,-0.0020833333333333333
2889,0.0037916666666666645,0.09583333333333338,-0.11875000000000002,-0.00625
2890,0.0032499999999999977,0.09166666666666672,-0.054166666666666696,-0.0020833333333333333
2891,0.0019166666666666646,0.06250000000000006,-0.1333333333333333,-0.014583333333333334
2892,0.001479166666666665,0.05000000000000006,-0.043749999999999956,-0.00625
2893,0.0,0.05833333333333339,-0.17708333333333337,0.004166666666666667
2894,0.0017499999999999998,0.10416666666666671,0.175,0.022916666666666665
2895,0.0002708333333333328,0.10000000000000005,-0.1479166666666667,-0.0020833333333333333
2896,0.00037499999999999963,0.10833333333333338,0.010416666666666685,0.004166666666666667
2897,2.08333333333331e-05,0.10000000000000005,-0.03541666666666665,-0.004166666666666667
2898,0.0,0.11250000000000004,-0.2729166666666667,0.00625
2899,0.0,0.08333333333333337,-0.12083333333333335,-0.014583333333333334
2900,0.0,0.05833333333333337,-0.12291666666666667,-0.0125
2901,0.0,0.03750000000000003,-0.275,-0.010416666666666666
2902,0.0,0.020833333333333367,-0.09791666666666665,-0.008333333333333333
2903,0.0012083333333333336,0.020833333333333367,0.12083333333333335,0.0
2904,0.0016041666666666672,0.020833333333333367,0.03958333333333336,0.0
2905,0.0005208333333333343,0.03750000000000003,-0.10833333333333328,0.008333333333333333
2906,0.0,0.020833333333333367,-0.07499999999999996,-0.008333333333333333
2907,0.0,0.0166666666666667,-0.14375000000000004,-0.0020833333333333333
2908,0.0012083333333333336,0.012500000000000035,0.12083333333333335,-0.0020833333333333333
2909,0.001791666666666667,0.0,0.05833333333333335,-0.016666666666666666
2910,0.002291666666666667,0.0,0.04999999999999999,0.0
2911,0.0026875000000000007,0.0125,0.03958333333333336,0.00625
2912,0.0012291666666666668,0.0,-0.14583333333333337,-0.008333333333333333
2913,0.0020625,0.004166666666666667,0.08333333333333331,0.0020833333333333333
2914,6.250000000000049e-05,0.05416666666666667,-0.19999999999999996,0.025
2915,0.0,0.04166666666666667,-0.060416666666666674,-0.00625
2916,0.0,0.004166666666666673,-0.03541666666666665,-0.01875
2917,0.0,0.004166666666666673,-0.21250000000000002,0.0
2918,0.0,0.0,-0.22916666666666663,-0.008333333333333333
2919,0.0,0.004166666666666667,-0.0854166666666667,0.0020833333333333333
2920,0.0,0.0,-0.2958333333333333,-0.010416666666666666
2921,0.0,0.0,-0.2645833333333333,-0.022916666666666665
2922,0.0,0.016666666666666666,-0.029166666666666674,0.008333333333333333
2923,0.0,0.0,-0.05208333333333337,-0.010416666666666666
2924,0.0,0.0,-0.08958333333333335,-0.010416666666666666
2925,0.0,0.05416666666666667,-0.16874999999999996,0.027083333333333334
2926,0.0001250000000000001,0.03333333333333334,0.012500000000000011,-0.010416666666666666
2927,0.0,0.05416666666666667,-0.050000000000000044,0.010416666666666666
2928,0.0005208333333333331,0.04166666666666667,0.052083333333333315,-0.00625
2929,0.0,0.03333333333333334,-0.16666666666666663,-0.004166666666666667
2930,0.0,0.04166666666666667,-0.01666666666666672,0.004166666666666667
2931,0.0,0.04166666666666667,-0.16874999999999996,0.0
2932,0.00020833333333333316,0.03333333333333334,0.020833333333333315,-0.004166666666666667
2933,0.0,0.09166666666666667,-0.26249999999999996,0.029166666666666667
2934,0.0,0.125,-0.16041666666666665,0.016666666666666666
2935,0.001666666666666667,0.15,0.16666666666666669,0.0125
2936,0.0,0.11666666666666667,-0.2833333333333333,-0.016666666666666666
2937,0.0026875,0.13333333333333333,0.26875,0.008333333333333333
2938,0.003541666666666666,0.125,0.08541666666666664,-0.004166666666666667
2939,0.003395833333333333,0.14166666666666666,-0.014583333333333282,0.008333333333333333
2940,0.002979166666666667,0.12916666666666665,-0.04166666666666663,-0.00625
2941,0.0018749999999999997,0.10416666666666666,-0.11041666666666672,-0.0125
2942,0.0,0.07499999999999998,-0.28125,-0.014583333333333334
2943,0.0,0.045833333333333316,-0.19791666666666663,-0.014583333333333334
2944,0.0,0.05833333333333332,-0.07291666666666663,0.00625
2945,0.0,0.024999999999999988,-0.12916666666666665,-0.016666666666666666
2946,0.0,0.06666666666666665,-0.3833333333333333,0.020833333333333332
2947,0.00041666666666666686,0.09166666666666665,0.041666666666666685,0.0125
2948,0.0,0.06249999999999998,-0.30000000000000004,-0.014583333333333334
2949,0.0009166666666666668,0.04583333333333331,0.09166666666666667,-0.008333333333333333
2950,0.0011041666666666667,0.04583333333333331,0.01874999999999999,0.0
2951,0.0004791666666666667,0.06249999999999997,-0.0625,0.008333333333333333
2952,0.0012291666666666668,0.058333333333333307,0.07500000000000001,-0.0020833333333333333
2953,0.0007083333333333331,0.041666666666666644,-0.05208333333333337,-0.008333333333333333
2954,0.0,0.03749999999999998,-0.14166666666666672,-0.0020833333333333333
2955,0.0,0.016666666666666646,-0.3208333333333333,-0.010416666666666666
2956,0.0,0.016666666666666646,-0.06666666666666665,0.0
2957,0.0002708333333333335,0.041666666666666644,0.027083333333333348,0.0125
2958,0.0009583333333333332,0.03333333333333331,0.06874999999999998,-0.004166666666666667
2959,0.0,0.01249999999999998,-0.1958333333333333,-0.010416666666666666
2960,0.0,0.020833333333333315,-0.03541666666666665,0.004166666666666667
2961,0.0001250000000000001,0.041666666666666644,0.012500000000000011,0.010416666666666666
2962,0.0003958333333333336,0.016666666666666642,0.027083333333333348,-0.0125
2963,0.002291666666666667,0.0,0.18958333333333333,-0.010416666666666666
2964,0.003104166666666667,0.020833333333333332,0.08124999999999999,0.010416666666666666
2965,0.002395833333333334,0.016666666666666666,-0.0708333333333333,-0.0020833333333333333
2966,0.0024583333333333336,0.020833333333333332,0.006249999999999978,0.0020833333333333333
2967,0.0014375000000000006,0.016666666666666666,-0.1020833333333333,-0.0020833333333333333
2968,0.0034166666666666677,0.0375,0.19791666666666669,0.010416666666666666
2969,0.005125,0.05416666666666667,0.17083333333333328,0.008333333333333333
2970,0.0036875,0.04583333333333334,-0.14375000000000004,-0.004166666666666667
2971,0.0032083333333333326,0.07916666666666666,-0.04791666666666672,0.016666666666666666
2972,0.004354166666666666,0.07916666666666666,0.11458333333333331,0.0
2973,0.0010833333333333328,0.06666666666666667,-0.3270833333333333,-0.00625
2974,0.0009166666666666657,0.07083333333333333,-0.01666666666666672,0.0020833333333333333
2975,0.0,0.041666666666666664,-0.1791666666666667,-0.014583333333333334
2976,0.0006458333333333332,0.0375,0.06458333333333333,-0.0020833333333333333
2977,0.0,0.0625,-0.16041666666666665,0.0125
2978,0.0,0.04583333333333334,-0.10833333333333328,-0.008333333333333333
2979,0.00020833333333333316,0.058333333333333334,0.020833333333333315,0.00625
2980,0.0,0.07083333333333333,-0.13749999999999996,0.00625
2981,0.0,0.075,-0.05833333333333335,0.0020833333333333333
2982,0.0,0.0625,-0.25,-0.00625
2983,0.0,0.058333333333333334,-0.004166666666666652,-0.0020833333333333333
2984,0.0,0.05416666666666667,-0.0708333333333333,-0.0020833333333333333
2985,0.0037291666666666667,0.075,0.3729166666666667,0.010416666666666666
2986,0.0033333333333333335,0.08333333333333333,-0.039583333333333304,0.004166666666666667
2987,0.0,0.075,-0.3458333333333333,-0.004166666666666667
2988,0.0,0.10833333333333334,-0.22083333333333333,0.016666666666666666
2989,0.0,0.12083333333333333,-0.006249999999999978,0.00625
2990,0.0,0.09583333333333333,-0.05208333333333337,-0.0125
2991,0.0,0.08333333333333333,-0.30000000000000004,-0.00625
2992,0.0,0.05833333333333333,-0.06458333333333333,-0.0125
2993,0.0005208333333333331,0.04583333333333332,0.052083333333333315,-0.00625
2994,0.003104166666666666,0.07499999999999998,0.2583333333333333,0.014583333333333334
2995,0.0027708333333333326,0.04999999999999998,-0.033333333333333326,-0.0125
2996,0.002666666666666666,0.04999999999999998,-0.01041666666666663,0.0
2997,0.0,0.07499999999999998,-0.26875000000000004,0.0125
2998,0.00010416666666666685,0.05833333333333332,0.010416666666666685,-0.008333333333333333
2999,0.0,0.029166666666666653,-0.3354166666666667,-0.014583333333333334
3000,0.0008541666666666664,0.024999999999999988,0.08541666666666664,-0.0020833333333333333
3001,0.0018958333333333331,0.04583333333333332,0.10416666666666669,0.010416666666666666
3002,0.0,0.07083333333333333,-0.2520833333333333,0.0125
3003,0.001791666666666667,0.075,0.1791666666666667,0.0020833333333333333
3004,0.00425,0.10416666666666666,0.24583333333333335,0.014583333333333334
3005,0.005416666666666667,0.10833333333333332,0.11666666666666664,0.0020833333333333333
3006,0.004729166666666667,0.11666666666666665,-0.06874999999999998,0.004166666666666667
3007,0.004541666666666667,0.11249999999999999,-0.018750000000000044,-0.0020833333333333333
3008,0.004291666666666667,0.15416666666666665,-0.025000000000000022,0.020833333333333332
3009,0.00022916666666666658,0.15833333333333333,-0.40625,0.0020833333333333333
3010,6.24999999999994e-05,0.15,-0.01666666666666672,-0.004166666666666667
3011,0.002270833333333333,0.1625,0.22083333333333333,0.00625
3012,0.0038958333333333327,0.15833333333333333,0.16249999999999998,-0.0020833333333333333
3013,0.002833333333333333,0.13333333333333333,-0.10624999999999996,-0.0125
3014,0.005145833333333334,0.17083333333333334,0.23125,0.01875
3015,0.0026041666666666674,0.14166666666666666,-0.25416666666666665,-0.014583333333333334
3016,0.0005000000000000004,0.16666666666666666,-0.2104166666666667,0.0125
3017,0.001291666666666667,0.17083333333333334,0.07916666666666666,0.0020833333333333333
3018,0.002125,0.18333333333333335,0.08333333333333331,0.00625
3019,0.0044375000000000005,0.19166666666666668,0.23125,0.004166666666666667
3020,0.006041666666666667,0.19166666666666668,0.16041666666666665,0.0
3021,0.008791666666666668,0.21666666666666667,0.275,0.0125
3022,0.009625000000000002,0.2,0.08333333333333331,-0.008333333333333333
3023,0.009104166666666668,0.19166666666666668,-0.05208333333333337,-0.004166666666666667
3024,0.008479166666666668,0.1875,-0.0625,-0.0020833333333333333
3025,0.009437500000000001,0.16666666666666666,0.09583333333333333,-0.010416666666666666
3026,0.011875000000000002,0.18333333333333332,0.24375000000000002,0.008333333333333333
3027,0.011604166666666669,0.20416666666666666,-0.027083333333333348,0.010416666666666666
3028,0.013104166666666668,0.21666666666666667,0.15000000000000002,0.00625
3029,0.013083333333333336,0.19166666666666668,-0.002083333333333326,-0.0125
3030,0.012750000000000003,0.18333333333333335,-0.033333333333333326,-0.004166666666666667
3031,0.014312500000000002,0.20833333333333334,0.15625,0.0125
3032,0.016125000000000004,0.23333333333333334,0.18125000000000002,0.0125
3033,0.015937500000000004,0.24166666666666667,-0.018750000000000044,0.004166666666666667
3034,0.015708333333333338,0.24583333333333335,-0.022916666666666696,0.0020833333333333333
3035,0.018437500000000006,0.275,0.27291666666666664,0.014583333333333334
3036,0.017937500000000006,0.25,-0.050000000000000044,-0.0125
3037,0.019645833333333338,0.25416666666666665,0.17083333333333334,0.0020833333333333333
3038,0.020500000000000004,0.24999999999999997,0.08541666666666664,-0.0020833333333333333
3039,0.019708333333333338,0.2458333333333333,-0.07916666666666672,-0.0020833333333333333
3040,0.018395833333333337,0.22499999999999995,-0.13124999999999998,-0.010416666666666666
3041,0.01760416666666667,0.22083333333333327,-0.07916666666666672,-0.0020833333333333333
3042,0.019166666666666672,0.22499999999999995,0.15625,0.0020833333333333333
3043,0.01741666666666667,0.21666666666666662,-0.17500000000000004,-0.004166666666666667
3044,0.016687500000000004,0.21666666666666662,-0.07291666666666663,0.0
3045,0.014437500000000004,0.2541666666666666,-0.22499999999999998,0.01875
3046,0.014500000000000004,0.2541666666666666,0.006249999999999978,0.0
3047,0.014666666666666672,0.26249999999999996,0.016666666666666663,0.004166666666666667
3048,0.01720833333333334,0.3083333333333333,0.25416666666666665,0.022916666666666665
3049,0.015375000000000007,0.29166666666666663,-0.18333333333333335,-0.008333333333333333
3050,0.014666666666666673,0.28333333333333327,-0.0708333333333333,-0.004166666666666667
3051,0.015187500000000007,0.3083333333333333,0.052083333333333315,0.0125
3052,0.015166666666666674,0.2958333333333333,-0.002083333333333326,-0.00625
3053,0.016562500000000008,0.3166666666666666,0.13958333333333334,0.010416666666666666
3054,0.015625000000000007,0.29999999999999993,-0.09375,-0.008333333333333333
3055,0.015229166666666674,0.3083333333333333,-0.039583333333333304,0.004166666666666667
3056,0.01439583333333334,0.3208333333333333,-0.08333333333333337,0.00625
3057,0.010916666666666673,0.30416666666666664,-0.34791666666666665,-0.008333333333333333
3058,0.011604166666666672,0.3583333333333333,0.06874999999999998,0.027083333333333334
3059,0.012187500000000006,0.3416666666666666,0.05833333333333335,-0.008333333333333333
3060,0.012541666666666671,0.35416666666666663,0.03541666666666665,0.00625
3061,0.014562500000000004,0.3708333333333333,0.20208333333333334,0.008333333333333333
3062,0.015208333333333338,0.35,0.06458333333333333,-0.010416666666666666
3063,0.015791666666666673,0.35416666666666663,0.05833333333333335,0.0020833333333333333
3064,0.017104166666666674,0.34583333333333327,0.13124999999999998,-0.004166666666666667
3065,0.01677083333333334,0.3374999999999999,-0.033333333333333326,-0.004166666666666667
3066,0.014958333333333339,0.3374999999999999,-0.18125000000000002,0.0
3067,0.01427083333333334,0.3583333333333332,-0.06874999999999998,0.010416666666666666
3068,0.01427083333333334,0.3874999999999999,-0.0,0.014583333333333334
3069,0.012791666666666673,0.3458333333333332,-0.1479166666666667,-0.020833333333333332
3070,0.012937500000000006,0.3624999999999999,0.014583333333333337,0.008333333333333333
3071,0.008125000000000007,0.33749999999999986,-0.48124999999999996,-0.0125
3072,0.00608333333333334,0.32499999999999984,-0.20416666666666672,-0.00625
3073,0.0051041666666666735,0.31249999999999983,-0.09791666666666665,-0.00625
3074,0.0013750000000000069,0.2791666666666665,-0.3729166666666667,-0.016666666666666666
3075,0.002000000000000007,0.27499999999999986,0.0625,-0.0020833333333333333
3076,0.0006250000000000075,0.2708333333333332,-0.13749999999999996,-0.0020833333333333333
3077,0.000666666666666674,0.2708333333333332,0.004166666666666652,0.0
3078,0.0017708333333333408,0.24999999999999986,0.11041666666666666,-0.010416666666666666
3079,0.002395833333333341,0.2708333333333332,0.0625,0.010416666666666666
3080,0.003125000000000008,0.2708333333333332,0.07291666666666669,0.0
3081,0.0036875000000000085,0.26666666666666655,0.05625000000000002,-0.0020833333333333333
3082,0.0014583333333333419,0.2624999999999999,-0.22291666666666665,-0.0020833333333333333
3083,0.0009583333333333414,0.2249999999999999,-0.050000000000000044,-0.01875
3084,0.0003125000000000082,0.21666666666666656,-0.06458333333333333,-0.004166666666666667
3085,0.0,0.21666666666666656,-0.1645833333333333,0.0
3086,0.0,0.20833333333333323,-0.0854166666666667,-0.004166666666666667
3087,0.0005833333333333335,0.19166666666666657,0.05833333333333335,-0.008333333333333333
3088,0.0,0.17083333333333323,-0.26249999999999996,-0.010416666666666666
3089,0.0,0.14583333333333323,-0.039583333333333304,-0.0125
3090,0.0,0.13333333333333322,-0.21250000000000002,-0.00625
3091,0.0,0.12916666666666654,-0.14375000000000004,-0.0020833333333333333
3092,0.0007291666666666669,0.11249999999999988,0.07291666666666669,-0.008333333333333333
3093,0.0,0.0833333333333332,-0.25625,-0.014583333333333334
3094,0.0,0.07499999999999987,-0.09999999999999998,-0.004166666666666667
3095,0.0,0.062499999999999875,-0.16874999999999996,-0.00625
3096,0.0,0.062499999999999875,-0.18541666666666667,0.0
3097,0.0,0.07916666666666654,-0.3916666666666667,0.008333333333333333
3098,0.0,0.07499999999999987,-0.31875,-0.0020833333333333333
3099,0.0,0.07499999999999987,-0.25,0.0
3100,0.0,0.07499999999999987,-0.37916666666666665,0.0
3101,0.0,0.05833333333333321,-0.38541666666666663,-0.008333333333333333
3102,0.0,0.04583333333333321,-0.28541666666666665,-0.00625
3103,0.0,0.008333333333333214,-0.2583333333333333,-0.01875
3104,0.0,0.02499999999999988,-0.28541666666666665,0.008333333333333333
3105,0.0,0.01249999999999988,-0.2833333333333333,-0.00625
3106,0.0,0.03749999999999988,-0.16666666666666663,0.0125
3107,0.0,0.05833333333333321,-0.21666666666666667,0.010416666666666666
3108,0.0,0.004166666666666541,-0.3291666666666667,-0.027083333333333334
3109,0.0,0.0,-0.01041666666666663,-0.0125
3110,0.0,0.0,-0.4375,-0.0125
3111,0.0,0.0,-0.12708333333333333,-0.004166666666666667
3112,0.0,0.0,-0.25625,-0.0020833333333333333
3113,0.0,0.008333333333333333,-0.32499999999999996,0.004166666666666667
3114,0.0,0.0,-0.1958333333333333,-0.010416666666666666
3115,0.0,0.0,-0.14166666666666672,-0.020833333333333332
3116,0.0006458333333333332,0.0,0.06458333333333333,-0.0020833333333333333
3117,0.0,0.0,-0.14375000000000004,-0.016666666666666666
3118,0.0,0.0,-0.46875,-0.004166666666666667
3119,0.0,0.0,-0.3666666666666667,-0.008333333333333333
3120,0.0005416666666666664,0.0,0.05416666666666664,-0.00625
3121,0.0,0.0,-0.15625,-0.004166666666666667
3122,0.001666666666666667,0.004166666666666667,0.16666666666666669,0.0020833333333333333
3123,0.0,0.0,-0.41874999999999996,-0.016666666666666666
3124,0.0,0.004166666666666667,-0.37916666666666665,0.0020833333333333333
3125,0.0,0.0,-0.36875,-0.0020833333333333333
3126,0.0,0.0375,-0.22291666666666665,0.01875
3127,0.0,0.008333333333333331,-0.23333333333333328,-0.014583333333333334
3128,0.0,0.029166666666666664,-0.0625,0.010416666666666666
3129,0.0,0.0,-0.029166666666666674,-0.020833333333333332
3130,0.00022916666666666642,0.0,0.02291666666666664,0.0
3131,6.249999999999924e-05,0.004166666666666667,-0.01666666666666672,0.0020833333333333333
3132,0.0,0.004166666666666667,-0.3833333333333333,0.0
3133,0.0,0.0,-0.06458333333333333,-0.004166666666666667
3134,0.0,0.0,-0.15208333333333335,-0.0125
3135,0.0,0.020833333333333332,-0.07291666666666663,0.010416666666666666
3136,0.0,0.016666666666666666,-0.17291666666666672,-0.0020833333333333333
3137,0.0,0.03333333333333333,-0.19374999999999998,0.008333333333333333
3138,0.0,0.016666666666666666,-0.15000000000000002,-0.008333333333333333
3139,0.0,0.008333333333333333,-0.25,-0.004166666666666667
3140,0.0,0.008333333333333333,-0.40208333333333335,0.0
3141,0.0,0.029166666666666667,-0.22083333333333333,0.010416666666666666
3142,0.0,0.0375,-0.26249999999999996,0.004166666666666667
3143,0.0,0.0375,-0.35416666666666663,0.0
3144,0.0013333333333333337,0.03333333333333333,0.13333333333333336,-0.0020833333333333333
3145,0.0,0.016666666666666666,-0.24375000000000002,-0.008333333333333333
3146,0.0,0.04166666666666667,-0.006249999999999978,0.0125
3147,0.0,0.037500000000000006,-0.16249999999999998,-0.0020833333333333333
3148,0.0,0.07083333333333333,-0.2416666666666667,0.016666666666666666
3149,0.0,0.0875,-0.4625,0.008333333333333333
3150,0.0,0.03749999999999999,-0.16249999999999998,-0.025
3151,0.0,0.033333333333333326,-0.3416666666666667,-0.0020833333333333333
3152,0.0,0.02916666666666666,-0.09375,-0.0020833333333333333
3153,0.0008541666666666664,0.024999999999999994,0.08541666666666664,-0.0020833333333333333
3154,0.0003124999999999994,0.0,-0.054166666666666696,-0.014583333333333334
3155,0.0,0.029166666666666667,-0.37083333333333335,0.014583333333333334
3156,0.0,0.06666666666666667,-0.3125,0.01875
3157,0.0,0.12916666666666665,-0.18333333333333335,0.03125
3158,0.0,0.14166666666666666,-0.1875,0.00625
3159,0.0,0.14583333333333334,-0.36250000000000004,0.0020833333333333333
3160,0.001666666666666667,0.1375,0.16666666666666669,-0.004166666666666667
3161,0.0,0.1375,-0.1875,0.0
3162,0.0,0.1375,-0.16666666666666663,0.0
3163,0.0,0.11666666666666668,-0.23541666666666672,-0.010416666666666666
3164,0.0,0.10833333333333335,-0.11041666666666672,-0.004166666666666667
3165,0.0,0.12916666666666668,-0.3770833333333333,0.010416666666666666
3166,0.00020833333333333316,0.125,0.020833333333333315,-0.0020833333333333333
3167,0.0009375000000000001,0.12916666666666668,0.07291666666666669,0.0020833333333333333
3168,0.0,0.12916666666666668,-0.22499999999999998,0.0
3169,0.0004583333333333334,0.125,0.04583333333333334,-0.0020833333333333333
3170,0.0,0.12916666666666668,-0.4,0.0020833333333333333
3171,0.0005208333333333331,0.10833333333333335,0.052083333333333315,-0.010416666666666666
3172,0.0,0.15833333333333335,-0.2979166666666667,0.025
3173,0.00022916666666666642,0.16666666666666669,0.02291666666666664,0.004166666666666667
3174,0.0,0.1625,-0.03125,-0.0020833333333333333
3175,0.0,0.19583333333333333,-0.29166666666666663,0.016666666666666666
3176,0.0,0.2,-0.0625,0.0020833333333333333
3177,0.0006874999999999997,0.2041666666666667,0.06874999999999998,0.0020833333333333333
3178,0.0009166666666666661,0.2041666666666667,0.02291666666666664,0.0
3179,0.0007916666666666665,0.21250000000000002,-0.012499999999999956,0.004166666666666667
3180,0.001333333333333333,0.2041666666666667,0.05416666666666664,-0.004166666666666667
3181,0.0019999999999999996,0.22500000000000003,0.06666666666666665,0.010416666666666666
3182,0.0,0.23333333333333336,-0.39583333333333337,0.004166666666666667
3183,0.0009791666666666666,0.23750000000000004,0.09791666666666665,0.0020833333333333333
3184,0.0010833333333333335,0.23750000000000004,0.010416666666666685,0.0
3185,0.0,0.25833333333333336,-0.3104166666666667,0.010416666666666666
3186,0.0006458333333333332,0.275,0.06458333333333333,0.008333333333333333
3187,0.0022291666666666666,0.2916666666666667,0.15833333333333333,0.008333333333333333
3188,0.0,0.27083333333333337,-0.24791666666666667,-0.010416666666666666
3189,0.0,0.2625,-0.06874999999999998,-0.004166666666666667
3190,0.0,0.2791666666666667,-0.09791666666666665,0.008333333333333333
3191,0.0,0.275,-0.12291666666666667,-0.0020833333333333333
3192,0.0,0.25833333333333336,-0.01666666666666672,-0.008333333333333333
3193,0.0,0.23750000000000002,-0.07291666666666663,-0.010416666666666666
3194,0.0,0.24583333333333335,-0.03541666666666665,0.004166666666666667
3195,0.0,0.21666666666666667,-0.2666666666666667,-0.014583333333333334
3196,0.0,0.24583333333333335,-0.006249999999999978,0.014583333333333334
3197,0.0,0.24166666666666667,-0.014583333333333282,-0.0020833333333333333
3198,0.0010416666666666669,0.225,0.10416666666666669,-0.008333333333333333
3199,2.0833333333333858e-05,0.22083333333333333,-0.1020833333333333,-0.0020833333333333333
3200,0.0,0.2375,-0.20625000000000004,0.008333333333333333
3201,0.0,0.22083333333333333,-0.32291666666666663,-0.008333333333333333
3202,0.0009166666666666668,0.22083333333333333,0.09166666666666667,0.0
3203,0.0,0.19999999999999998,-0.21875,-0.010416666666666666
3204,0.0,0.1708333333333333,-0.1958333333333333,-0.014583333333333334
3205,0.0,0.14166666666666664,-0.3145833333333333,-0.014583333333333334
3206,0.0,0.14166666666666664,-0.15833333333333333,0.0
3207,0.0,0.1333333333333333,-0.19374999999999998,-0.004166666666666667
3208,0.0,0.1583333333333333,-0.3125,0.0125
3209,0.0,0.12499999999999997,-0.06458333333333333,-0.016666666666666666
3210,0.0018541666666666667,0.1333333333333333,0.18541666666666667,0.004166666666666667
3211,0.0,0.11666666666666664,-0.31875,-0.008333333333333333
3212,0.0,0.1208333333333333,-0.12083333333333335,0.0020833333333333333
3213,0.0,0.08333333333333331,-0.07916666666666672,-0.01875
3214,0.0012291666666666668,0.09583333333333331,0.12291666666666667,0.00625
3215,0.0,0.07499999999999998,-0.15625,-0.010416666666666666
3216,0.0009166666666666668,0.07083333333333332,0.09166666666666667,-0.0020833333333333333
3217,0.0,0.05833333333333332,-0.31666666666666665,-0.00625
3218,0.00125,0.06666666666666665,0.125,0.004166666666666667
3219,0.0,0.07083333333333332,-0.13958333333333328,0.0020833333333333333
3220,0.0,0.07499999999999998,-0.14166666666666672,0.0020833333333333333
3221,0.0,0.054166666666666655,-0.09583333333333333,-0.010416666666666666
3222,0.0,0.054166666666666655,-0.30625,0.0
3223,0.0,0.024999999999999988,-0.05833333333333335,-0.014583333333333334
3224,0.0,0.03749999999999999,-0.08333333333333337,0.00625
3225,0.0017499999999999998,0.05833333333333332,0.175,0.010416666666666666
3226,0.00039583333333333354,0.01249999999999999,-0.13541666666666663,-0.022916666666666665
3227,0.0,0.0,-0.08750000000000002,-0.008333333333333333
3228,0.0,0.0,-0.04583333333333328,0.0
3229,0.0,0.0,-0.1958333333333333,-0.025
3230,0.0020833333333333333,0.0,0.20833333333333331,0.0
3231,0.0032916666666666667,0.004166666666666667,0.12083333333333335,0.0020833333333333333
3232,0.0040416666666666665,0.0125,0.07500000000000001,0.004166666666666667
3233,0.005083333333333334,0.020833333333333336,0.10416666666666669,0.004166666666666667
3234,0.004416666666666668,0.004166666666666669,-0.06666666666666665,-0.008333333333333333
3235,0.005520833333333334,0.004166666666666669,0.11041666666666666,0.0
3236,0.006770833333333334,0.004166666666666669,0.125,0.0
3237,0.0035833333333333346,0.01666666666666667,-0.31875,0.00625
3238,0.004145833333333335,3.469446951953614e-18,0.05625000000000002,-0.008333333333333333
3239,0.0005000000000000009,0.0,-0.36458333333333337,-0.010416666666666666
3240,0.0001666666666666676,0.0,-0.033333333333333326,-0.020833333333333332
3241,0.0005416666666666674,0.0,0.03749999999999998,-0.008333333333333333
3242,0.0010625000000000005,0.0,0.052083333333333315,-0.010416666666666666
3243,0.0,0.0,-0.14583333333333337,0.0
3244,0.0,0.0,-0.043749999999999956,-0.00625
3245,0.0,0.0,-0.1958333333333333,-0.008333333333333333
3246,0.0,0.0,-0.2958333333333333,-0.0020833333333333333
3247,0.0,0.0,-0.18541666666666667,-0.014583333333333334
3248,0.0,0.0,-0.22499999999999998,-0.014583333333333334
3249,0.0015416666666666669,0.004166666666666667,0.15416666666666667,0.0020833333333333333
3250,0.0015625,0.029166666666666667,0.002083333333333326,0.0125
3251,0.0,0.016666666666666666,-0.26249999999999996,-0.00625
3252,0.0012916666666666664,0.016666666666666666,0.12916666666666665,0.0
3253,0.001770833333333333,0.0,0.04791666666666666,-0.010416666666666666
3254,0.0013541666666666667,0.0,-0.04166666666666663,-0.0020833333333333333
3255,0.002416666666666667,0.008333333333333333,0.10625000000000001,0.004166666666666667
3256,0.0,0.0,-0.34375,-0.008333333333333333
3257,0.0010416666666666669,0.0,0.10416666666666669,0.0
3258,0.001770833333333334,0.008333333333333333,0.07291666666666669,0.004166666666666667
3259,0.0029166666666666672,0.0,0.11458333333333331,-0.008333333333333333
3260,0.0035416666666666674,0.020833333333333332,0.0625,0.010416666666666666
3261,0.004645833333333334,0.029166666666666667,0.11041666666666666,0.004166666666666667
3262,0.005604166666666668,0.029166666666666667,0.09583333333333333,0.0
3263,0.005229166666666668,0.008333333333333335,-0.03749999999999998,-0.010416666666666666
3264,0.0063541666666666686,0.0,0.11249999999999999,-0.00625
3265,0.008125000000000002,0.0,0.17708333333333331,0.0
3266,0.011291666666666669,0.0375,0.31666666666666665,0.01875
3267,0.009958333333333336,0.058333333333333334,-0.1333333333333333,0.010416666666666666
3268,0.007375000000000003,0.08333333333333334,-0.2583333333333333,0.0125
3269,0.0035833333333333364,0.06666666666666668,-0.37916666666666665,-0.008333333333333333
3270,0.0036041666666666696,0.03750000000000001,0.002083333333333326,-0.014583333333333334
3271,0.003562500000000003,0.02916666666666668,-0.004166666666666652,-0.004166666666666667
3272,0.00479166666666667,0.02083333333333335,0.12291666666666667,-0.004166666666666667
3273,0.002562500000000003,0.004166666666666683,-0.22291666666666665,-0.008333333333333333
3274,0.0036250000000000032,0.008333333333333349,0.10625000000000001,0.0020833333333333333
3275,0.0008958333333333362,0.0,-0.2729166666666667,-0.014583333333333334
3276,0.000500000000000003,0.0,-0.039583333333333304,-0.0020833333333333333
3277,0.0,0.0,-0.14166666666666672,-0.020833333333333332
3278,0.0,0.0,-0.07916666666666672,-0.016666666666666666
3279,0.0,0.0,-0.10416666666666663,-0.014583333333333334
3280,0.0,0.0,-0.3770833333333333,-0.016666666666666666
3281,0.0,0.0,-0.3666666666666667,0.0
3282,0.0005416666666666664,0.0,0.05416666666666664,-0.00625
3283,2.0833333333332665e-05,0.0,-0.05208333333333337,-0.0125
3284,0.0,0.0,-0.2270833333333333,-0.004166666666666667
3285,0.0,0.0,-0.10416666666666663,-0.0125
3286,0.0014583333333333332,0.0,0.14583333333333331,0.0
3287,0.0007083333333333336,0.0,-0.07499999999999996,-0.004166666666666667
3288,0.0010208333333333337,0.0,0.03125,-0.0125
3289,0.0,0.016666666666666666,-0.15416666666666667,0.008333333333333333
3290,2.0833333333333258e-05,0.04166666666666667,0.002083333333333326,0.0125
3291,0.0,0.03333333333333334,-0.022916666666666696,-0.004166666666666667
3292,0.0,0.012500000000000008,-0.3895833333333333,-0.010416666666666666
3293,0.0,0.03333333333333334,-0.24375000000000002,0.010416666666666666
3294,0.002125,0.05416666666666667,0.21250000000000002,0.010416666666666666
3295,0.0032291666666666666,0.058333333333333334,0.11041666666666666,0.0020833333333333333
3296,0.004625,0.05,0.13958333333333334,-0.004166666666666667
3297,0.0076458333333333335,0.07500000000000001,0.30208333333333337,0.0125
3298,0.0066458333333333335,0.06250000000000001,-0.09999999999999998,-0.00625
3299,0.006604166666666667,0.06666666666666668,-0.004166666666666652,0.0020833333333333333
3300,0.008479166666666666,0.08750000000000001,0.1875,0.010416666666666666
3301,0.008833333333333332,0.07083333333333335,0.03541666666666665,-0.008333333333333333
3302,0.006541666666666666,0.045833333333333344,-0.22916666666666663,-0.0125
3303,0.0055833333333333325,0.05833333333333335,-0.09583333333333333,0.00625
3304,0.0045833333333333325,0.02083333333333335,-0.09999999999999998,-0.01875
3305,0.0044375,0.016666666666666684,-0.014583333333333282,-0.0020833333333333333
3306,0.0037083333333333334,0.05416666666666668,-0.07291666666666663,0.01875
3307,0.003270833333333334,0.05416666666666668,-0.043749999999999956,0.0
3308,0.0045000000000000005,0.07083333333333335,0.12291666666666667,0.008333333333333333
3309,0.004520833333333334,0.07500000000000001,0.002083333333333326,0.0020833333333333333
3310,0.0006041666666666669,0.05000000000000001,-0.3916666666666667,-0.0125
3311,0.0,0.045833333333333344,-0.21875,-0.0020833333333333333
3312,0.0,0.054166666666666675,-0.26249999999999996,0.004166666666666667
3313,0.0002500000000000002,0.05000000000000001,0.025000000000000022,-0.0020833333333333333
3314,0.0005208333333333337,0.037500000000000006,0.027083333333333348,-0.00625
3315,0.0015625000000000005,0.029166666666666674,0.10416666666666669,-0.004166666666666667
3316,0.002270833333333334,0.04583333333333334,0.07083333333333336,0.008333333333333333
3317,0.0026250000000000006,0.04583333333333334,0.03541666666666665,0.0
3318,0.0015833333333333344,0.07500000000000001,-0.10416666666666663,0.014583333333333334
3319,0.0,0.04166666666666668,-0.17500000000000004,-0.016666666666666666
3320,0.0,0.07083333333333335,-0.20208333333333328,0.014583333333333334
3321,0.0,0.08750000000000001,-0.1875,0.008333333333333333
3322,0.0,0.05833333333333334,-0.3520833333333333,-0.014583333333333334
3323,0.0,0.06666666666666668,-0.1166666666666667,0.004166666666666667
3324,0.0013124999999999999,0.07500000000000001,0.13124999999999998,0.004166666666666667
3325,0.00047916666666666615,0.06666666666666668,-0.08333333333333337,-0.004166666666666667
3326,0.0,0.09166666666666667,-0.27083333333333337,0.0125
3327,0.0,0.05833333333333334,-0.19791666666666663,-0.016666666666666666
3328,0.0017499999999999998,0.10833333333333334,0.175,0.025
3329,0.0,0.08750000000000001,-0.18125000000000002,-0.010416666666666666
3330,0.0,0.09583333333333334,-0.02083333333333337,0.004166666666666667
3331,0.0010416666666666669,0.10416666666666667,0.10416666666666669,0.004166666666666667
3332,0.0004791666666666666,0.07500000000000001,-0.05625000000000002,-0.014583333333333334
3333,0.0007291666666666668,0.06666666666666668,0.025000000000000022,-0.004166666666666667
3334,0.0020416666666666665,0.05000000000000002,0.13124999999999998,-0.008333333333333333
3335,0.0,0.016666666666666684,-0.23958333333333337,-0.016666666666666666
3336,0.0,0.0,-0.01041666666666663,-0.010416666666666666
3337,0.0,0.0125,-0.23333333333333328,0.00625
3338,0.0,0.0041666666666666675,-0.03541666666666665,-0.004166666666666667
3339,0.0005625000000000003,0.0,0.05625000000000002,-0.0125
3340,0.0003333333333333333,0.016666666666666666,-0.022916666666666696,0.008333333333333333
3341,0.0,0.008333333333333333,-0.03749999999999998,-0.004166666666666667
3342,0.0,0.004166666666666667,-0.09375,-0.0020833333333333333
3343,0.0,0.0,-0.043749999999999956,-0.010416666666666666
3344,0.0,0.0,-0.30000000000000004,-0.008333333333333333
3345,0.0011458333333333331,0.004166666666666667,0.11458333333333331,0.0020833333333333333
3346,0.0,0.0,-0.35624999999999996,-0.010416666666666666
3347,0.0,0.0,-0.17291666666666672,-0.014583333333333334
3348,0.0,0.0,-0.08333333333333337,-0.0125
3349,0.0,0.025,-0.04583333333333328,0.0125
3350,0.0,0.008333333333333335,-0.25625,-0.008333333333333333
3351,0.0,0.0,-0.22083333333333333,-0.014583333333333334
3352,0.0,0.0,-0.060416666666666674,-0.025
3353,0.0,0.0,-0.029166666666666674,-0.0020833333333333333
3354,0.0,0.0,-0.21250000000000002,-0.00625
3355,0.0,0.0,-0.18333333333333335,-0.00625
