episode,lam_util,lam_tp,mean_util_gap,mean_tp_gap,mean_util_slack,mean_tp_slack
1,0.0,14.733909309550386,0.0,0.009083693318468991,0.5482711561286913,-0.009083693318468991
2,0.0,6.584054092991475,0.0,0.0019530691961307713,0.712079653784482,-0.0011513796460981122
3,1.7249691810669656,14.055712353946236,0.005666527062343582,0.0030131711828642136,0.487914918958431,-0.002622705757767617
4,6.067136344328185,17.27575922380839,0.049407958054554474,0.004503900113730045,0.134033200995441,-0.0034558333627234235
5,0.0,0.532318987092812,0.0,8.359825725601676e-05,0.6711071498192587,0.008908360260377264
6,0.0,16.257738620273066,0.0,0.0034757911018022717,0.6118048520783385,-0.002623941665877221
7,0.0,5.446449005705059,0.0,4.552733653385054e-05,0.5478317431041171,0.005784622753190724
8,0.0,10.094525827232623,7.2090776706028315e-06,0.0013996797217845944,0.6417909859927874,0.0018918618999505268
9,0.25533060273745267,5.156307195482749,0.006228879111038447,0.0006317531994770522,0.45599011491042907,0.0025793470906875565
10,0.0,4.216245134082334,0.004209998497189186,0.0022700431428960186,0.6088388629534983,0.0017696330694884144
11,1.3797636454688673,12.764186428792097,0.0020346203872685055,0.005357796235895224,0.3910489109533077,-0.004931886539760178
12,0.0,14.017342278871599,0.0,0.004739663315069869,0.6229052392482743,-0.0047269047365999396
13,0.0,5.306210993489421,0.027545148328626586,0.0002768104211308781,0.46144201298635007,0.009962465575003888
14,0.0,21.078145737457305,0.009286257368019428,0.004757550770062351,0.4289350327204354,-0.001531106401977274
15,0.0,18.621572913374735,0.0,0.0037280519262314874,0.6893455651930522,-0.0026305481284964846
16,2.4868458856990276,26.547372144032543,0.029386107148086153,0.006960359493786162,0.3610586469816548,-0.006283655606884563
17,0.0,16.817600901883647,0.0,0.0007853714153036734,0.6937609987173522,0.0025831400867650733
18,0.0,13.231485736485187,0.0,0.00033240681198689665,0.7483594516986173,0.005980873165176452
19,1.65521173526143,10.814857629224576,0.0,0.0009471831420813044,0.4379580240842123,0.004815011590982606
20,0.0,23.417621963371793,0.009858463925744939,0.006444463309845149,0.3213197895290745,-0.00643543010415911
21,0.0,15.371204366475173,0.0,0.0016786723995806355,0.6208976376944293,-0.0009000383207310652
22,0.0,34.016576326247964,0.015082455097049948,0.010261061912810877,0.4992525028938752,-0.010261061912810877
23,0.0,48.76319444422949,0.0,0.01598985441356748,0.5826847728070206,-0.01598985441356748
24,0.0,36.176375828250656,0.003618655286169327,0.0024251528796340543,0.5163161478719787,8.031857341253637e-05
25,0.0,45.35833117939454,0.0,0.0014326881894803011,0.5037893492683573,-0.0006866735710039756
26,0.0,52.14811255512984,0.0026261289045523533,0.005704699416349177,0.5129463732116856,-0.004740800994091208
27,0.0,47.89508159175749,0.0,0.002308482580716861,0.8646247211625829,-0.00038657084039124236
28,19.989102200617115,64.02420534510448,0.15298515847814625,0.009319579287014863,-0.06538622874943353,-0.008864969487957348
29,0.0,63.90053096447295,0.08658924271623951,0.0059747226282035526,0.2585509926172617,-0.005896566647453706
30,0.0,62.87629420411436,0.0007952122249759616,0.002462696547676418,0.5551848152290502,-0.0006434386299136351
31,0.0,65.62223305023653,0.0,0.0018217852311848603,0.5788202949951825,-0.0003158987595626933
32,0.0,70.83650846288654,0.0,0.003955061471741433,0.8524881484549182,-0.0032750279582575894
33,0.0,59.34634262856096,0.0,0.0001533344868021299,0.6700693005813138,0.005028490287514732
34,4.408403232762957,75.20182549989974,0.01916170817665003,0.00562137388179561,0.25014933116684057,-0.0054291434849648625
35,0.0,62.31670932426718,0.0,0.0004905448067890396,0.768738701326672,0.002749258249008658
36,2.5577527269094524,82.40568216856288,0.05439408268356343,0.009107875458589364,0.3377675845569337,-0.00896888564243984
37,0.0,76.00181820615659,0.0,0.003144316212000548,0.5323484876342041,-0.00302283710548866
38,0.0,87.77015297110192,0.0004553693345490983,0.0067118260147922115,0.5606917911679551,-0.006630632974851846
39,0.8450846693923619,85.06476393451376,0.06133556498037837,0.002979455284855512,0.22148409467523925,-0.0019230554268778316
40,0.0,91.27753661153376,0.01642527967228253,0.0045970077140387615,0.37734064791678223,-0.0031330107244748047
41,0.0,93.14143964793213,0.009463465026474707,0.0032060325768599753,0.3792598911553423,-0.002717929449926088
42,0.0,105.39379153518439,0.14738304993980034,0.008605576164517464,0.26256762766622205,-0.008547230574958473
43,0.0,102.70738356510667,0.029966053822041823,0.0040472080620248,0.3100484873887152,-0.0033478630858834583
44,0.0,113.64666095247334,0.002109541856755401,0.006536373385524228,0.4768269154711376,-0.006467694683974531
45,0.0,118.86610648177343,0.0,0.0067285216520433155,0.6657783171762961,-0.0066624863367064574
46,2.6483703551525224,119.99699953556673,0.1225258870756132,0.003967072641025048,0.21338286584872979,-0.0032661129263644776
47,0.0,132.94391758545265,0.02010542396662839,0.008256126025146901,0.45155402637852127,-0.008255249437833498
48,0.0,128.4170375787535,0.0007332965989059752,0.0026943083115749784,0.420678827654487,-0.0018255236948346745
49,0.0,145.20225311563675,0.0,0.009166041801427903,0.6209905780842365,-0.009166041801427903
50,0.0,142.66832163273114,0.0,0.004932062842181905,0.6835793684453917,-0.004147470407029838
51,0.0,144.9109309431014,0.0,0.0027335689678018218,0.9220566576390624,-0.0013886286608682295
52,0.0,145.75881191219293,0.0,0.0016454658703845926,0.6374947729448814,-0.00018852330783227747
53,0.0,158.32198043545077,0.02019220153818854,0.007696025042850643,0.43388519758898386,-0.007547643644649528
54,0.0,154.44858322875024,0.0,0.003672490366114073,0.5339368714494301,-0.0027092182178111318
55,0.0,158.89591112541368,0.0,0.00340018951381311,0.7346472001493445,-0.002283528821206818
56,0.0,163.12863588829336,0.00531814044194025,0.003983901872448707,0.6655638699630284,-0.003368748348313515
57,0.0,174.08924474726746,0.0,0.0084840717330675,0.7456585670327316,-0.008452792269697217
58,0.0,176.10476967910233,0.00026730066581259277,0.007008707316485545,0.40175043683458217,-0.006018263908965663
59,0.0,181.88221389523264,0.09102023742009727,0.005169801605537285,0.32693413904207463,-0.0051069614882149495
60,0.0,180.11567362676828,0.02697261915009783,0.002709271357594639,0.262268138185202,-0.0005262408838057884
61,0.0,193.4428531299224,0.0,0.007237502092127932,0.6705711767276992,-0.0070953523320206255
62,0.0,195.17529647781058,0.0,0.005804236974781121,0.48910755184350646,-0.005796381544504987
63,0.0,198.85196308465768,0.0,0.0043492712915515494,0.5799036186859493,-0.0040656313373701606
64,3.5270153729010527,205.5124713687707,0.1417379077969981,0.0054023023098418435,0.09645638558441978,-0.005146569989354804
65,0.0,211.11080707293817,0.0,0.006071898769981542,0.7548441151465725,-0.005766716889857945
66,1.517754348741958,221.7051858293781,0.023938348814513975,0.009320230015769053,0.3092155001069089,-0.008977801462878911
67,0.0,222.76227517569077,0.0,0.0051307158023475635,0.6809918480754765,-0.005030820319094056
68,0.0,227.27336805068893,0.018394331430618003,0.004570105827721143,0.3455307215744191,-0.0034725590591013493
69,0.0,226.3512186160578,0.0,0.0019819011034383554,0.8277419825784496,-0.00023890960677082782
70,11.705730000492277,239.72215954023798,0.10446144127964614,0.007480475349937761,0.026026743921539246,-0.0074359137262983935
71,0.0,241.06079119022993,0.02059732256527036,0.006643418452846055,0.41122066104218946,-0.005874176215959227
72,0.0,245.55247609341492,0.09392504185035942,0.0050414017750950915,0.368543148757193,-0.004522076173494332
73,0.0,261.472289034371,0.0323048706744395,0.011223130389887644,0.37459337217875305,-0.011223130389887644
74,0.0,261.0209403452491,0.026204108642492313,0.0060545171720360015,0.3995028142930988,-0.006020660408129578
75,0.0,258.1210157140427,0.0,0.0013369079661081215,0.4944611576623358,0.0011804771107547984
76,0.0,246.04684695507524,0.0,2.7130950358174622e-05,0.5509676766999339,0.010239389865539055
77,7.397425139199191,262.3563704590699,0.15410968228499144,0.005828542176200307,-0.05229287051496084,-0.0035227707545494617
78,0.0,257.31506091191335,0.0,0.004057785304668964,0.5815176039353407,-0.0024708957597608474
79,2.121535724472702,278.68349287252346,0.12010279476216149,0.01395314494942021,0.12773861371893816,-0.01395314494942021
80,0.0,255.73074661622266,0.0,0.0015220533018471417,0.7183463554987735,0.005524834182386899
81,0.0,274.7212404333125,0.0,0.0039016532251720903,0.6648520664370383,-0.003710377338596337
82,0.0,268.3572192232031,0.017377581268095795,0.002532112307664072,0.31571332402214,-0.000299881845962489
83,0.0,270.2957312173401,0.0,0.002958057313888233,0.756123192209623,-0.00025824584712351293
84,0.0,270.53274558344856,0.0077174464833327325,0.00248530785279861,0.40499381065323237,-0.00023196492185188717
85,0.0,265.02066259964914,0.0,0.0012111371538865495,0.6210955459384598,0.0033662778083275386
86,0.0,270.40485047844913,0.0,0.002414880336657696,0.8031584737797202,-0.0009783123929460662
87,0.0,269.01335289356786,0.0,0.003116124106228027,0.5035835025257023,-0.0008548655947020027
88,0.0,276.4422021971702,0.05843881963237906,0.005751243120409706,0.3222558099208645,-0.004925028288313483
89,0.0,277.48817199730877,0.0,0.00423244167629369,0.6560234220367152,-0.0037725425749577197
90,0.0,275.60215364200013,0.0,0.0009720919649012966,0.5578696273521129,0.0001242097918824357
91,0.0,260.9568183068899,9.813580523050197e-05,0.00010752364381878002,0.6395470104371029,0.010417648371037345
92,0.0,292.2393486965269,0.0,0.012428263798398207,0.7743745352709722,-0.012428263798398207
93,0.0,279.62006784612504,0.008602303341755406,0.0049870948273607624,0.5677660166216615,-0.00391289594584675
94,0.0,281.965643489811,0.003920115445100178,0.0022315928202430156,0.5844765560694645,-0.00027226830307395356
95,0.0,283.6870324507237,0.008292592915264426,0.0014636566556638204,0.4937801537830952,-4.027257585664608e-05
96,0.0,287.6739903137424,0.0025622923163736372,0.0024676890246998675,0.47653126119444705,-0.0024344522155775625
97,0.0,286.3099845386265,0.0025622923163736372,0.0024946040307634297,0.43946759412304937,-0.0008085971088069284
98,0.0,305.1172090051733,0.039909645799584496,0.011549659486528571,0.36823320178231844,-0.011549659486528571
99,0.0,292.7318894630085,0.05870021208021641,0.0023040089985704518,0.42423602190398924,5.312041336682353e-05
100,0.0,299.90444904434366,0.0,0.0028727647347743536,0.7500205246704762,-0.0008370608646046304
101,0.5315218975095508,306.55918097350906,0.051323768371448864,0.004996139600783462,0.3211581752303228,-0.004751286929321182
102,0.0,300.0583706745196,0.0,0.002603770170543127,0.6317580769723249,0.0010580781931490062
103,0.0,310.78633196918923,0.0,0.0045822316891358725,0.7085629280132498,-0.00449276988596569
104,0.0,301.4240625740356,0.000598839939492723,0.0009827045944805182,0.5107527428725295,0.002431989640010541
105,0.0,306.7397532067583,0.0,0.002100157263348281,0.6572777912574705,-0.00024632317858014157
106,0.0,309.48502963008855,0.03698481731709429,0.003123023738825903,0.4385959016669742,-0.00264514171235854
107,0.0,308.70357372549387,0.09255693835786742,0.002255756966716388,0.4099125766430602,-0.0012531489935684933
108,0.0,321.2554316181435,0.060422916562887286,0.00790679166303518,0.2466066417198789,-0.007879844330872326
109,0.0,301.7001774252074,0.02951668773623434,0.0,0.5323399458343787,0.007196249953600514
110,0.0,306.72228122533045,0.0,0.0008659261117320059,0.8480997577579091,0.00427105832142104
111,0.0,309.2563676554438,0.016705215228125885,0.0034806421287764534,0.4947728246247255,-0.0008962795333440495
112,0.0,303.66707150907615,0.23835776592768326,0.001346546583561071,0.19190345406516232,0.0015424121868616856
113,0.0,321.76109888481034,0.02872610394965397,0.009975781004814355,0.49612089324027425,-0.00996827137719642
114,0.0,313.15707392298975,0.03375082957824118,0.002475678598774312,0.4504554970723958,-0.0019576747790789853
115,0.7669274562421062,342.7839337215516,0.2854334910090883,0.016747603979344095,0.054577543092146234,-0.016747603979344095
116,0.0,327.9164501089824,0.00012498769071181114,0.002002532298615048,0.6117603759484546,-0.0016100271094811225
117,0.0,349.66255875317216,0.001687893055168871,0.009464585296841825,0.4229130216733831,-0.009464585296841825
118,0.0,333.6670514773517,0.0,0.0012396705137412212,0.6845840590294966,0.003993423127521858
119,0.0,340.3062575791109,0.033295088409239296,0.0033932179685875847,0.43065277398646334,0.0015536574918348655
120,0.0,336.47957530438975,0.009443698946997621,0.0017010143298450018,0.5590307814537849,0.0022118712199866164
121,0.0,344.8737302456961,0.0,0.005399805718053442,0.7186068286770755,-0.004211203340774099
122,0.0,336.2930558991249,0.0009745752572769129,0.0012748922470407647,0.6305669567840703,0.001776509413578988
123,0.0,345.3065532266838,0.00110370564904431,0.004106260065627136,0.42031253399752433,-0.0030960845638968036
124,0.0,353.46064048571657,0.041863047370081355,0.007782096185507754,0.3364169675649,-0.007780021866317983
125,0.0,342.21196254302777,0.0,0.0005172538562964867,0.8084091057000153,0.0026491851073046253
126,0.0,346.44026403329747,0.03126529826204544,0.0011662634298549059,0.4180594978626037,0.0016098831630777211
127,0.0,346.38794574017305,0.0,0.001433845442189411,0.7957786753446587,0.00031162326178602414
128,0.0,347.1976965869246,0.0,0.0016159311773719042,0.7218069696366173,-0.0007949417752036054
129,0.0,348.07891920206487,0.0,0.002467433529859769,0.7848643037814155,-0.001194668874223277
130,4.911625799543939,350.4886948598839,0.040809802729236795,0.004009219006872347,0.16722423191965843,-0.0020790253324142567
131,0.0,348.6285016477933,3.084014994908557e-05,0.0014549183994353064,0.5149499212854358,0.00010662486471656559
132,0.0,345.11273461747345,0.015441961396311678,0.0015360245936607711,0.37285667148683943,0.0029203544048219715
133,0.0,358.3456487931975,0.02635510676766166,0.006296147976736342,0.3745873624161996,-0.006296147976736342
134,0.0,346.74798000319157,0.0,0.0012415977675890966,0.7001209241376901,0.0020073305082406044
135,0.0,355.69278740637276,0.04340264124847776,0.0035077667693261282,0.3965053093081113,-0.0022429186598427074
136,0.0,355.45278979554803,0.0,0.0037047948093001932,0.5855116040101044,-0.0020192988557016294
137,0.0,359.2157207545078,0.026600283424307036,0.0040170852990743045,0.3206107536452087,-0.0030391877314438773
138,0.0,352.68834508371583,0.0,0.0007735259347368712,0.8513932391600822,0.0026211991212840777
139,0.0,347.7379189599004,0.0,0.002618931160376922,0.545322430908929,0.005845836889343654
140,0.0,359.790247256037,0.015121636592608434,0.00627044022238613,0.5514315884287267,-0.004332817049062898
141,0.0,354.35576586347537,0.0,0.0022171028865037717,0.8441133152781263,-0.0014090848787995784
142,4.284046595867251,360.6632238728758,0.10364062895351837,0.0037295961572947076,0.20358661281954893,-0.0035569017822178494
143,0.0,356.96659170273944,0.0,0.0017697846696826218,0.598616977026611,0.0003053641556853068
144,0.0,357.731209498788,0.01591644290818258,0.0016103307220235576,0.5425232962050947,0.0008435835414463942
145,0.0,373.60633741844913,0.08461229906350466,0.009437417563695484,0.33299116019621827,-0.009437417563695484
146,0.0,360.7145782977997,0.0,0.0013244957369080435,0.6901689705623613,0.0013055050186632788
147,1.7682950538627704,387.29045614399513,0.15884251145514625,0.012763195964886311,0.13642118024848057,-0.012763195964886311
148,0.0,369.8082514185021,0.0,0.0009460272847883918,0.7451046543785347,0.001743710409241537
149,0.0,368.67954110095974,0.0,0.0015771035633041156,0.7450917217631982,0.005892743593844511
150,0.0,385.4693472957043,0.028079430717746576,0.00700211782777046,0.5405445081881608,-0.006987277153835249
151,0.0,386.3909202413513,0.12127830413742427,0.0072218390663804245,0.20642588643313622,-0.007221218507367498
152,0.0,393.9635613009996,0.0,0.008303328168640873,0.6593415249425814,-0.007513964275521812
153,0.0,386.74112874185226,0.0,0.0005454506593001992,0.692328911733144,0.0016048006935981188
154,0.0,392.44714019135154,0.0,0.0018267581872330743,0.7365027212947944,-0.00011484284298775654
155,2.23400618083687,409.317761153237,0.07399641358135227,0.011124592772481873,0.1367219442511757,-0.011124592772481873
156,0.0,407.54743595228706,0.0,0.00650581589205395,0.7340622901885321,-0.00650581589205395
157,0.0,402.08360472056603,0.0,0.0017583638207480554,0.5954035697775268,0.002418581335439149
158,0.0,409.08894268549045,0.0,0.00200323163511042,0.5630360214655256,-0.000682494093696526
159,0.0,406.88989322323357,0.0,0.0015587117301242258,0.6795077147210049,0.0001493845571694918
160,0.0,416.6626822145716,0.00012809561823393342,0.005992363314017699,0.5785901711987487,-0.005792011832252082
161,0.0,410.8347626101189,0.003618655286169327,0.001488354616080212,0.6882266305562516,-0.00038624105600584157
162,0.0,428.76258162639044,0.04296835113241205,0.00966042391359499,0.20740477898230514,-0.00966042391359499
163,0.0,410.9497645352685,0.0,0.00044107831876679364,0.8913831999220564,0.00461216957135646
164,0.0,427.61132576713806,0.0,0.004339036915513848,0.7496254732040342,-0.004223726716612444
165,0.0,417.67714598310613,0.0,0.0008718657869223862,0.6382214138797192,0.0018637472562999726
166,0.0,424.833065459105,0.0,0.0031177959349357976,0.7086850555839933,-0.0018712088348516432
167,0.0,431.0589476217031,0.0,0.0058415784271535634,0.7010312540593937,-0.005760053443178068
168,0.0,423.0280718262332,0.0,0.0023072231918769485,0.7410063244324384,0.0016440133908749474
169,0.0,423.2462124541851,0.005231317413641453,0.0006898620054370552,0.5549091628344032,0.0027939380147497237
170,0.0,435.3348320528799,0.0011443749514268525,0.006242590151333789,0.588354071963024,-0.006148309048692244
171,0.0,433.8899480425532,0.02440536958157756,0.004732092329492085,0.5291452233534091,-0.004197015594131025
172,0.0,419.3327292091732,0.0,0.00026657290521326884,0.6999202448474783,0.008134160127613789
173,0.0,429.52573224216854,0.0,0.0008316627652031343,0.7692479051680549,0.0005331755652783432
174,0.0,423.1712283002346,0.000691413120854776,0.0010819003856314192,0.6307946940797722,0.0017961981249582362
175,0.0,430.6282002039135,0.2882796716627928,0.003976148184267877,0.17890207892207577,-0.0035923385930399726
176,0.0,421.3839891371799,0.021894413358864245,0.0012541416675842145,0.3728003603638396,0.0027465872199440374
177,0.0,428.682420791874,0.0030691947026178696,0.0030097785462210457,0.6058008655297813,-0.001550635260147274
178,0.0,433.23546898960774,0.08342624187837443,0.0048777168697378475,0.3095740649045385,-0.00477002537116737
179,0.0,417.6048426643808,0.0022358290444597756,0.0006950020016775343,0.6658909708151549,0.006974322529385299
180,0.0,445.73378639265184,0.07565107323387037,0.011295110162727192,0.348434340011744,-0.011295110162727192
181,0.0,425.09358820618473,0.0,0.0004124978641146086,0.7504207276146813,0.002955259839234062
182,0.0,438.4901929908142,0.0,0.0034434670580456334,0.6578685588794598,-0.00281141492506771
183,2.2652705661194315,443.6319072605928,0.11132232330068098,0.006069937879356347,0.06012971091055267,-0.006069937879356347
184,0.0,437.4458063516288,0.008037528980978018,0.0012304689294157533,0.46551335379320996,0.000571797940128711
185,0.0,435.59047958097716,0.23307361427419632,0.0006733475417649586,0.1603249944751812,0.003449545902794578
186,0.0,430.94846255279236,0.002037672840767118,0.0001327409252029359,0.6204966012986751,0.00509413659449661
187,0.0,442.55641212380726,0.0,0.005263662776522649,0.4989456591830735,-0.004830732667791204
188,0.0,431.1630028027137,0.11782915847163365,0.0013021575156236284,0.17452058528146475,0.00220783443079681
189,0.0,439.82591222277114,0.14208268583191308,0.004176187824339126,0.2243609681320372,-0.0023868282576783298
190,0.0,448.05967890179005,0.006981405135188086,0.007525547385389107,0.5223033052171774,-0.007476996861164734
191,0.0,431.02267191713634,0.0,0.00023732945762447677,0.7130452279551199,0.006253577853882269
192,0.0,442.87802508783136,0.017451563761663715,0.002469628349799635,0.41674355820138564,-0.000773699438026288
193,0.0,450.313616129575,0.015435991888557288,0.008020772799247242,0.42012133725833173,-0.007133405844071093
194,0.0,442.3885414133321,0.0,0.0014626599571897214,0.6989765666211425,0.0002907362542361706
195,0.0,460.75489606305916,0.06745205833495166,0.009053016996220431,0.20121494726172617,-0.00904990115501983
196,0.0,466.0713475327637,0.0,0.009635444292090239,0.7292494423251661,-0.009635444292090239
197,0.0,452.8541818981121,0.0,0.00044526193591816173,0.7920895527314725,0.004464454681788929
198,0.0,467.0800108024557,0.0009745752572769129,0.004211811835993916,0.607516387822509,-0.0028107541302067234
199,0.0,462.26917222354825,0.0,0.002913894406702427,0.5990681081685413,-0.00032076144075899866
200,0.0,465.84327962017477,3.867622823394803e-05,0.0033712313825113444,0.4198876736669137,-0.0015759799477237987
201,0.0,461.0700352805391,0.0,0.0007270786502633166,0.7244153814433769,0.0020000294484493458
202,0.0,469.00177522817,0.0,0.00377746103750178,0.682218421300606,-0.0030898234877966757
203,0.0,464.5297426884286,0.0,0.002720519678775169,0.7002881072534693,4.575748683770037e-05
204,0.0,479.96600628123014,0.0,0.008679330402813549,0.7485192420648171,-0.008650636633363617
205,0.0,471.0082645453913,0.0,0.001955092077264336,0.6811019702318568,-0.00036302331517494183
206,0.0,474.63990523185856,0.0,0.0034942952215520477,0.801402340495444,0.00018396998970131084
207,3.35179872597241,494.14643473340186,0.06588066602115308,0.011951656784552744,0.12302022022466302,-0.011951656784552744
208,0.0,491.54104360546995,0.0016789762830520377,0.007069267597179577,0.5878207714788375,-0.006645885206204214
209,0.0,499.17569946331935,0.09566471184207442,0.005613127852658944,0.1493224279535812,-0.005605813245248579
210,0.0,486.9961880169103,0.021057659485240188,0.00025182695075083805,0.4646518098087437,0.00583503717483609
211,0.0,494.9475885372891,0.21158472236926937,0.0011949035418571067,0.19983928883014046,0.0007937793716032455
212,0.0,491.8508535795033,0.000691413120854776,0.0019430306317328927,0.4758663709752493,0.0006577335494570931
213,0.0,498.4824273171673,0.0,0.004689321187352406,0.7702587877226333,-0.003940597824414283
214,0.0,492.18606785900806,3.867622823394803e-05,0.0024912259128608916,0.6572047204229561,0.001020521922859374
215,0.0,494.30498249631745,0.016800749129020555,0.0022596239128785927,0.3969683875405289,0.000608723993776927
216,0.0,484.9892221362198,0.0,0.0005976847456711678,0.6777780392958939,0.005921934869889129
217,0.0,481.89337700353644,0.018752390858843167,0.0007179408385002985,0.3568298713225661,0.0058160071829205465
218,0.0,490.54248321541394,0.0004553693345490983,0.0034387961596799833,0.5168301916922889,-0.0032577910910059024
219,0.0,495.2975507417541,0.03556222087178682,0.008242805832355161,0.44327414324810904,-0.0070291508236918045
220,0.0,486.04812619841636,0.0,0.0016621557019280738,0.47915513614602717,0.00196640886423727
221,0.0,494.65515316957135,0.0,0.002104445071925725,0.7861679671059038,-0.0018308761304050522
222,0.0,487.1415530590031,0.0,0.00013435642087809163,0.8071927846861038,0.002822769959377514
223,0.0,500.7244401834283,0.06266652400580515,0.00611225536937731,0.39731688331165677,-0.005976501314942148
224,0.0,499.29469049684906,0.0,0.004274126947721301,0.6862501529728342,-0.004097366712216168
225,0.0,501.86569332839156,0.0,0.0031228910109191155,0.8412029005538312,-0.002556159723443223
226,0.0,511.9906637097994,0.025520193083695256,0.007202564122671588,0.3464923184960805,-0.006805039200679578
227,0.0,503.94303342201067,0.0,0.001829785101942538,0.7743745352709722,0.001150104392976741
228,0.0,507.0294544052155,0.04576155144215479,0.0011037946440465652,0.40972329795092854,0.0009882584058808624
229,0.0,504.9171348943247,0.0,0.0010839910401321277,0.6502698256690421,0.0016402197255446262
230,0.0,492.9705359653562,0.0,0.0011969674624665724,0.5441235046929058,0.008285444640079465
231,0.0,503.9208257266189,0.0,0.002764728923455697,0.8868915275816791,-0.0016602565749672237
232,0.0,501.48788332347675,0.04509127624974484,0.0024796831199012377,0.3137060223233238,-0.00221003884335094
233,0.0,499.02568339082967,0.0,0.0018508812477015012,0.467145860448845,0.0005383034327778737
234,0.0,491.48879734320167,0.0,0.0008734993150448304,0.4847180513454505,0.005771274528349476
235,0.0,507.0676006512995,0.017703903200464045,0.006262540015645791,0.5064958382271443,-0.0059372206520639445
236,0.0,497.84467165753074,0.0,0.0031011772241827536,0.5904308631102684,-0.00012103186729773058
237,0.0,499.40944157688955,0.0,0.0020612152908311217,0.6385168776514228,0.0007941908454035725
238,0.0,516.4014837086274,0.0025622923163736372,0.010040565971968902,0.6010711969362228,-0.010036197667590717
239,0.0,506.1464147823596,0.028885828631808528,0.0026567658765608475,0.2606057503324819,-0.0007386524567398065
240,0.0,513.5759921282952,0.0,0.0024070662446992017,0.7615879338970581,-0.0020149976340962834
241,0.0,520.664717836409,0.03708750754191968,0.005967908493110261,0.32594977900418565,-0.005584935548281091
242,0.0,522.2562109111365,0.0,0.0042968279001067596,0.6310715705390287,-0.004204639600492873
243,0.0,527.4477293314488,0.0,0.005068218399083466,0.6400631758101689,-0.004390096379196199
244,0.0,542.8519786198926,0.07197487709950817,0.01171770156225007,0.20259295438061226,-0.011331897190820773
245,0.0,549.2513428378014,0.0,0.010418376836383442,0.7360956212206377,-0.010418376836383442
246,0.0,546.6105559064249,0.004081321115560262,0.0028577836336389387,0.4642275358335933,-0.00197092437077178
247,0.0,569.2769389725171,0.05995828695365826,0.012266922313738242,0.405425420587212,-0.012265757159843406
248,0.0,557.3095277803128,0.005885900231049552,0.0023821479352337583,0.3572423927804256,-0.00033716218639858917
249,0.0,559.1522535867958,0.04466725963416474,0.0013371813106825194,0.42076618705451313,0.0024495464802502024
250,0.0,560.1817544995116,0.05947362544134768,0.003957062029964164,0.24788195817622377,0.0011459883179741795
251,0.0,560.175326705507,0.02010542396662839,0.004255622095546404,0.4913171340654636,2.6401064781904403e-05
252,0.0,569.914061202011,0.0,0.006555025073448509,0.64345088896317,-0.006426679677644413
253,0.0,562.4762376665966,0.007116431639450802,0.0018010219623062437,0.38845822888509607,0.0002220470985092065
254,0.0,568.1774068665097,0.1589537605283283,0.004251646890795886,0.13030226937135098,-0.0014022359704568294
255,0.0,574.9958829940867,0.0,0.005546152561987608,0.7064114834352293,-0.0052949745277087665
256,0.0,565.9390800341641,0.01938388786713525,0.0015140612950951843,0.4037238552959663,0.0024584056029196086
257,0.0,579.6772082560747,0.1019095796110013,0.005242742779601037,0.3092370291523986,-0.005241496746777849
258,0.0,568.9191361016891,0.0,0.0006809023948817694,0.7117430761568393,0.0023520143321688514
259,0.0,588.1286435086762,0.007516542772254209,0.008755573266388327,0.5167944386458456,-0.008750964542632782
260,0.0,568.3007755214545,0.0,9.743847583662273e-05,0.6786822559722983,0.005641124890150718
261,0.0,586.9851998950201,0.07531596540874172,0.005490749919841801,0.19534215143226677,-0.0050648154519271115
262,0.0,569.4270634168131,0.0299542009449536,0.0007269920498429453,0.44256042485629377,0.00572892314750732
263,0.0,588.323667108669,0.0,0.006334520906647378,0.7116248444069322,-0.0062889878147714285
264,0.0,585.6554425276157,0.06319437271325497,0.004977488166380669,0.28189252982659063,-0.004446327243093133
265,0.0,588.1544793272141,0.17585369381866,0.0035055773268680025,-0.032392116114244876,-0.00265343928725937
266,0.0,597.8665739536805,0.004209998497189186,0.006506678879706797,0.4780473111321377,-0.00650482138806573
267,0.0,594.9562515197374,0.08474232243991812,0.0026429968682787812,0.3309753585640319,-0.0018239134058121614
268,0.0,610.7355978669218,0.07923214198973917,0.009083275249715589,0.3255247951127182,-0.009083275249715589
269,0.0,604.8372948056348,0.040321321654571134,0.0035884988101914906,0.4389230485879301,-0.001988339381558781
270,0.0,621.5710734180985,0.18512576015364293,0.009074533463410918,-0.017127771033480815,-0.008987071442075379
271,0.0,606.5846159536361,0.028015565534536827,0.0011555539849621068,0.41910818247182124,0.0038092803555993125
272,0.0,609.5278496023656,0.0004923747953850595,8.362303269833127e-05,0.4805447251290023,0.003587819039667191
273,0.0,618.9862715294637,0.009469566813933314,0.004873496768299708,0.3578041641090658,-0.004635288225789956
274,0.0,594.6704578626171,0.0,0.00032027160092461,0.5503939442153903,0.010889429436652479
275,4.272880650856868,628.6223507940259,0.21631430302025464,0.012284922773872468,-0.0930881654116367,-0.012284922773872468
276,0.0,626.1235032422164,0.0323749119498462,0.010287051386110354,0.34361988878841937,-0.010287051386110354
277,0.0,606.851138156924,0.0,0.0002241823137320251,0.5104341178022088,0.008811918717192078
278,0.0,628.4095611789274,0.0016789762830520377,0.005356545883933708,0.47483190948924575,-0.0042011167125230765
279,0.0,631.5300569970561,0.006228879111038447,0.007592302225312562,0.4392502762717286,-0.007592302225312562
280,0.0,610.7196502083735,0.12650968272083232,7.225139511355824e-05,0.33557801036177803,0.009099645435687673
281,0.0,629.8407154507696,0.08981732136087987,0.0038617071580881526,0.3163924851640312,-0.00332206509405206
282,0.0,624.1289636170845,0.19495824176355683,0.002258867081424847,0.07218630641090916,-0.001557714054760071
283,0.0,629.7486964555495,0.0,0.003715746658389457,0.7497444107403188,-0.00354511609479683
284,0.9298148422592245,638.9533560593608,0.10939127380282741,0.008067651320893945,0.1581195002677645,-0.0077033939254423835
285,0.0,636.672788615521,0.0,0.004389420925395945,0.5752100034165378,-0.0027628798917176812
286,9.336841251933205,639.1568177928922,0.37093950714125373,0.0033648457243528832,-0.229337188135302,-0.0010446875597122506
287,0.0,648.6184936494205,0.04252814746999963,0.005944997490747453,0.41446323916794126,-0.005768370141470607
288,0.0,636.316544202141,0.058760727832095086,0.0007276979273228512,0.34702850627917364,0.004049428794698743
289,0.0,652.6109684475648,0.18400351386916036,0.005617938724307017,0.2544622684774682,-0.005597417187824986
290,0.0,654.1374371116374,0.08297531625082438,0.006087784767004612,0.3431690649404007,-0.0060677137300183
291,0.0,664.8657112861009,0.16224732345610973,0.00914660901584627,0.24340020947538768,-0.009127531677231978
292,0.0,664.7290506320495,0.23295534061622966,0.0044503852384620455,-0.021810250538133288,-0.004293604578684186
293,0.0,664.0296319128832,0.41989257795525026,0.0016503857788072688,-0.0839838250309066,0.0003376372007685376
294,0.0,666.8607593152258,0.11083508102654713,0.002364451022856321,0.262491046139772,-0.00019557762009695824
295,0.0,667.7672168226638,0.19765808523293954,0.0023761495578096636,0.11915271574535324,-0.0008065071812055754
296,0.0,683.9572541589614,0.14042743498008928,0.010612129015984495,0.34516223471818397,-0.010612129015984495
297,0.0,664.1037818020484,0.053875210664209944,9.997571543776962e-05,0.4465273191317035,0.005364615018707982
298,2.82195587398696,670.5518317037918,0.3395610546799533,0.00039655358120212257,-0.08723791415395649,0.002974431954267236
299,0.0,688.828092800085,0.40820287450446463,0.011054183409970789,-0.014862185103641443,-0.011054183409970789
300,0.0,699.0985857393456,0.1438376611688764,0.014948319167101308,0.10317393458725047,-0.014948319167101308
301,0.0,690.0901934885654,0.026305492314310834,0.0025206598144628576,0.41862124550003604,-0.0011922919550286977
302,0.0,694.4074647937307,0.08102591399765888,0.002007875765605454,0.29275231711991306,0.001153354454908706
303,0.0,709.0806548987036,0.1322701514288767,0.008169175882782539,0.29388878738707774,-0.00800522139191186
304,0.0,714.3658020813906,0.23566325041317004,0.009167229963277837,0.14126831428008746,-0.009167229963277837
305,0.0,716.676209498684,0.25903446008268205,0.005254917610231225,0.1630221975563806,-0.005244843550589434
306,0.0,715.8957689606186,0.1545162470479117,0.0017925355528599616,0.16559011946111685,-0.0002532952412150006
307,0.0,719.2066055631078,0.17341047547192004,0.0018008111616928367,0.21993021392890302,-0.0006043997453318296
308,0.0,725.0601408415013,0.34106922958791347,0.004276204705057846,0.07688514687425778,-0.003994829611031844
309,0.0,726.4129630801319,0.3311961797763079,0.003443314854455568,0.02112169785560103,-0.00340308433631241
310,0.0,723.7892363341523,0.10979446076847266,0.0021054771147460847,0.2051990411519903,0.0005485929884699757
311,0.0,733.6362936862772,0.2187029228305623,0.004774158744605482,0.07417938299727822,-0.004713789310407373
312,0.0,733.1148587672102,0.05263265193226972,0.003239525978225471,0.32468239616409633,-0.003086268635385055
313,0.0,758.4898527938101,0.2814224601141438,0.01650812179394988,0.0873045422253308,-0.01650812179394988
314,0.0,742.2057201079605,0.279304899827598,0.001599277696183897,0.12224035192700788,-0.00020729185612665597
315,0.0,759.1604054619381,0.27301198194901866,0.005580403436713801,0.04238536509086731,-0.005580403436713801
316,0.0,746.8375843426393,0.07546914787779313,0.0005649085829853157,0.4222295608740953,0.003930014541860633
317,0.0,772.844290613613,0.08597111418298971,0.01180843034785634,0.1484741207789416,-0.01180843034785634
318,0.0,759.0226174048987,0.25344085841566555,0.002724245963472534,0.09477473803935196,-0.000707879653036264
319,0.0,771.2913310797378,0.03641634211713299,0.005024927289173058,0.30319666954781455,-0.004464478824531791
320,0.0,757.582855165974,0.12996484242361916,0.0005816937761709575,0.1885171416008557,0.005719680645810654
321,0.0,768.3089079530124,0.07180552530596161,0.0029827940457259534,0.34054333531247283,-0.0013763529152380895
322,1.8390384741321668,773.3262968608251,0.3449870097953984,0.006029449343199271,-0.12027167699218452,-0.005869510898424914
323,0.0,778.804535175019,0.15858396835375402,0.007029077403026452,0.19783619045504644,-0.007029077403026452
324,0.0,778.070231497609,0.27290977075294315,0.0038310034049225295,0.16555601159368546,-0.0025393287604416623
325,0.0,785.4661640804543,0.1734656859532214,0.004279397433974548,0.22155397973065366,-0.004171659698636138
326,0.0,784.2775633255677,0.17117128933998432,0.0024778327687797054,0.2919081800679927,-0.00133160033337012
327,0.0,788.3130737338068,0.2983525720730397,0.0024369392162943908,-0.03498085129083034,-0.0021340255785176595
328,0.0,798.236852899021,0.13515325497075342,0.00732676950207773,0.09538996506613151,-0.007253379459311479
329,0.0,810.2434905900526,0.33316313372955675,0.01182396394188472,-0.11495553047491419,-0.01182396394188472
330,0.0,807.6781262917102,0.27752576214989677,0.0043010075326902035,0.14453089548916623,-0.004258941442546896
331,0.0,815.9310047090963,0.247747872722629,0.004677686727736272,0.17020650373954252,-0.004391082520778357
332,0.0,804.9414900230178,0.15516760176539818,4.394884251174304e-05,0.32842327352703626,0.005180496646559869
333,0.0,823.996766753615,0.2570407638874037,0.0069757432243700256,0.1445044878672021,-0.0069757432243700256
334,0.0,830.4366328274415,0.30093090502198033,0.01043964496494599,0.11702347144019104,-0.01043964496494599
335,0.0,824.8771319795117,0.22873505170896377,0.0023782940335668177,0.09896913886159657,-0.0015226481258285493
336,0.0,833.5425164105578,0.2527742918064423,0.0032138643350207246,0.189793771717078,-0.0032002968043653972
337,0.0,819.9951720404042,0.15262094020016786,0.00012931697114601255,0.23406888544438326,0.006742713717666239
338,0.0,841.0478824003143,0.20210961547170705,0.0075222355426840274,0.21994704216735575,-0.0075222355426840274
339,0.0,837.4871529637428,0.0,0.005081787393117925,0.5720552255704325,-0.005053179074508861
340,0.0,827.9244483711002,0.12399129514168578,0.00036546095973969734,0.3161924104576626,0.004853328363765601
341,0.0,847.0095763538135,0.06602898501307729,0.0070124232783229,0.2007301298182074,-0.0070124232783229
342,0.0,849.6578972588586,0.026229521387817117,0.0080890933629358,0.3079589195845036,-0.007992906683177049
343,0.0,848.5306907087785,0.09944802672385528,0.0030022216717907804,0.2879310699900166,-0.0025992369764082017
344,0.0,844.7555455809036,0.16349932655729796,0.0006848957867312686,0.07004269366457165,0.0030702736221339707
345,0.0,849.5149168616174,0.13873853145664325,0.0011249671335621266,0.29181392090843106,-5.153238010146273e-05
346,0.0,855.5027044864587,0.047219490842408375,0.004840159374384259,0.381056078567969,-0.004737256283762498
347,0.0,864.7073866033788,0.1824910901826275,0.008993686149380052,0.17803134980306423,-0.008993686149380052
348,0.0,862.5878629150695,0.01301859393031518,0.004604265998762609,0.45260855603688493,-0.003378064333829696
349,0.0,863.8732702210459,0.17945868391722014,0.00222310962223531,0.18519640210919316,-0.00031527187406189176
350,0.0,865.8111207144224,0.28314056528608245,0.001661731723934938,0.024052219400021033,-0.0003722608674560645
351,0.0,879.2150072688341,0.02116715430899396,0.008534835982239112,0.3303230687425371,-0.008534835982239112
352,0.0,881.9983655098877,0.04224662683061496,0.0074909671173677824,0.48190894270636686,-0.0074909671173677824
353,3.068991506440028,887.6508658620602,0.24766801669092858,0.006015716368848535,-0.015836607097066368,-0.006015716368848535
354,0.0,887.3522144831054,0.08656045281646355,0.002433952591871587,0.22868068982257994,-0.0016082206675591348
355,0.0,899.3598834850876,0.1341307783059087,0.006747209710370249,0.09845594687103644,-0.006730533469920608
356,0.0,906.4710381353857,0.23335455122261706,0.00857854474698754,0.09845192052483459,-0.00856914445839453
357,0.0,907.5756645911625,0.11324343039327212,0.004493933385162025,0.3186437254045617,-0.004478386640656593
358,0.0,909.2230997811237,0.08932848587311289,0.001754089419220353,0.34321509402756034,-0.0014306801659288246
359,0.0,923.176546898651,0.027826879084764045,0.008305001237325447,0.3668941457987393,-0.008305001237325447
360,0.0,925.6950570262727,0.06395568448389764,0.007135651908396105,0.33103021444348446,-0.00683666962857209
361,0.0,926.1637526529975,0.11792696209633424,0.00336553507753181,0.18926582258976898,-0.002397832249682077
362,0.0,935.1119434979254,0.07781369252623994,0.005104669690807565,0.3823669969024543,-0.005104669690807565
363,0.0,939.7359426043251,0.15689561355184956,0.005888242481062198,0.12677712590077206,-0.005650137275904417
364,0.0,930.0239614499806,0.02678011427508138,0.0003202029446388798,0.31954353872818303,0.00378072812265842
365,0.0,940.1208676420308,0.13173180659643688,0.0022827811807497695,0.31288263082933004,-0.001945647886983581
366,0.0,945.691086454287,0.0,0.0060845878071179435,0.6482622829266237,-0.0060004972182920524
367,0.0,956.859063313926,0.08019922382339884,0.010497312410167856,0.2996114648281552,-0.010497312410167856
368,4.348687752042304,954.2974888694686,0.3310314310340562,0.0041384304497868694,-0.1803494687277017,-0.0037407628734882764
369,0.0,958.3292990512674,0.027058483106932964,0.0022943149778626554,0.25768524522577396,-0.0018112457109699758
370,0.0,976.2384350884162,0.1934998215312185,0.011269453051544821,0.18800966603100763,-0.011269453051544821
371,0.0,967.1853131606229,0.0004553693345490983,0.002841544604125322,0.47864032916236565,-0.0015235334833880755
372,0.0,988.6976120047364,0.22532310529175817,0.010970911968792508,0.18032442763973916,-0.010970911968792508
373,0.0,1005.1521556558229,0.01130764389981837,0.017350487546915132,0.3976893740971985,-0.017350487546915132
374,0.0,1006.8292123194963,0.0,0.009563348383301813,0.5496152397102632,-0.009548210613052346
375,0.0,1006.8957601550046,0.04952347493480822,0.0022918320759883017,0.3573411452266177,-0.0011839598352552604
376,0.0,1009.0893883989824,0.03718339139891533,0.0012624396884653177,0.48429061238262,0.000798825777354765
377,0.0,1019.3259009360135,0.046527207466916014,0.0054914192241514075,0.41467139201079095,-0.005478640165195732
378,0.0,1021.1077051262641,0.08711909482919629,0.005181691670907313,0.3375785311019775,-0.005129825787902107
379,0.0,1021.3439636745215,0.0013076245202713998,0.0021476933830688063,0.5747753775973125,-0.0019623417702199124
380,0.0,1027.289658744009,8.251120499868675e-06,0.0036501362265488513,0.5340119191434951,-0.0034620988267364677
381,0.0,1040.1528958475053,0.010373993495368241,0.009817343118982474,0.39422959080657244,-0.009806484329872857
382,0.0,1038.044721786024,0.0,0.00534990607875124,0.49128036860566454,-0.0043424433050066515
383,0.0,1049.4763224722665,0.0,0.007087987259228879,0.7090655888347766,-0.007065653848008518
384,0.0,1054.5491788525328,0.047345732444165754,0.006688805441683742,0.3608346784685932,-0.006671158725357665
385,0.0,1061.1218274554028,0.07891761815533078,0.00650029117054723,0.1979603625883216,-0.006486310172974589
386,0.0,1077.7399337300544,0.0,0.012760917563902909,0.6961278967991513,-0.012760917563902909
387,0.0,1082.8766039431482,0.00026730066581259277,0.009956577779312298,0.6431015376104465,-0.009956577779312298
388,2.481801416294429,1095.3199030009825,0.10107415288560546,0.010634422395704139,0.14410440267068877,-0.010634422395704139
389,0.0,1086.908917568539,0.03562335347403961,0.0010357675117180106,0.32720114545695106,0.0010571310542658921
390,0.0,1102.9321503927245,0.004209998497189186,0.006746144123723497,0.41783333447443244,-0.005964485916650774
391,0.0,1094.2450818199222,0.012105817040023418,0.0008385663049799862,0.3772083759159627,0.0009984803358460883
392,0.0,1093.7032587268573,0.03202151631128507,0.0009878230444679342,0.37635566200322823,0.0028889965130130192
393,0.0,1098.367349506961,0.0,0.002521673998973611,0.8030905035092111,-0.0012408967398203385
394,0.0,1101.3459472096536,8.656808196344878e-05,0.0038637109881841736,0.5403508785104053,-0.0036175514831258177
395,0.0,1108.7937251747467,0.11332584661380905,0.006754147641638492,0.2718620169441104,-0.006754147641638492
396,0.0,1106.0491553751085,0.0027584548058831983,0.0032576693600487737,0.3969137256943509,-0.0017976355403757083
397,0.0,1119.337924006261,0.05485667243202082,0.007430683690466625,0.27537380011594775,-0.007430683690466625
398,2.071694754990844,1123.19446184584,0.27088885473122154,0.007283741870448265,-0.12742727702680634,-0.00695717008056524
399,0.0,1134.382601482991,0.0396755446916979,0.009453553050337241,0.35021354528658694,-0.009453553050337241
400,0.0,1141.1847463860481,1.0725700924555477e-05,0.008707258688361847,0.48655779251125575,-0.008576542636340952
401,0.0,1142.3147347226757,0.030826502447130037,0.004276369175311725,0.25165009944887273,-0.003648380444646102
402,0.0,1149.4490537324862,0.00027678245216496573,0.004322559769891308,0.4459834395664784,-0.004287041362969152
403,0.0,1150.7740417830191,0.018888172496276875,0.0035385559782582505,0.5939189334515388,-0.002635339579672726
404,0.0,1155.7885835672969,0.10079820570513584,0.0036272307153766012,0.22428721679187588,-0.003606184150270574
405,0.0,1149.498636881994,0.006070489394527575,0.0020792032268290663,0.3578737764479277,0.00227550869365106
406,0.0,1149.494862455586,0.002098645849303127,0.0014811492724614622,0.6065334674847893,0.0026937037903496347
407,0.0,1148.9042618569429,0.0,0.00041699861276156634,0.8438507484277391,0.001509950263251408
408,7.346402222224851,1154.8196235871526,0.25541959661870334,0.0038348232810183408,0.1461256551359025,-0.0035007927098800887
409,0.0,1153.9179135089214,0.0,0.0039830824530341005,0.48008798035484546,-0.0023150856464141576
410,0.0,1149.4276734689536,0.0,0.00013024958989775456,0.7395282989022866,0.0023087763649077904
411,6.564372747172044,1155.2297706765166,0.1319944109529131,0.0028515797375395398,0.07307822545695905,-0.0013155627393484522
412,0.0,1164.5091111655297,0.11711974106425614,0.0074255298029689085,0.2327700524817822,-0.0074255298029689085
413,0.0,1159.1309622339952,0.0,0.0019965595195229613,0.705070185813942,-0.0013325953012857474
414,11.490353972044275,1169.4515036399068,0.3241594006271296,0.00537598937433094,-0.10271677966777348,-0.005046019584900998
415,0.0,1175.9538540997116,0.005664994133689349,0.007117242714114076,0.48439711496031096,-0.007116671470345686
416,0.0,1172.473678739603,0.0,0.003939029223687248,0.8646247211625829,-0.0011407209155131707
417,0.0,1190.7759411736506,0.0,0.010005308103793352,0.856420158808801,-0.0099991998162121
418,0.9096013987782161,1177.8829938595152,0.0018478571351963075,0.0008106587682136834,0.3760999502701443,0.0015401174837867153
419,0.0,1178.2346782133345,0.0,2.7120586479618404e-05,0.6226520554727292,0.003963777991532612
420,0.0,1179.050232166905,0.10379085720098132,0.0006393312316603009,0.32306542459531046,0.0017340894345136367
421,0.0,1194.0852194813322,0.05522498422928318,0.009750664504189401,0.3174940581813189,-0.009443361207642675
422,0.0,1196.6086953424854,0.0,0.008611386191760563,0.794885941155429,-0.008611386191760563
423,2.7693735215442583,1191.2009282497995,0.17216094360617218,0.0006487019870435652,0.22528202697154243,0.00041057680348164396
424,0.0,1198.6199324318115,0.009469566813933314,0.0024081046181807803,0.5328185060912181,-0.0016635478764387473
425,0.0,1201.6295741935928,0.06171686906686506,0.004557426075705443,0.42327950566077077,-0.0031530205172529925
426,0.0,1218.1384595573425,0.0629617716977682,0.011965896246567704,0.35648764690980667,-0.011965896246567704
427,0.0,1213.1893987403976,0.08511652048060812,0.004636010120778067,0.15274798514660282,-0.004148071747283317
428,0.0,1219.5888394199092,0.05394781031566338,0.003193423483355454,0.16897719274727013,-0.0031121071738996553
429,0.0,1221.1419815927673,0.0,0.0035367345456753263,0.8892384082239309,-0.0018140151190661285
430,0.0,1217.350063829412,0.0,0.0008247594656243686,0.9056475329314982,0.0020953466995826293
431,1.0279153888327102,1236.3495969697512,0.010131209522125617,0.009867277632040846,0.37563195787531845,-0.009867277632040846
432,0.0,1216.0481846779765,0.0002434340606224969,3.4300848258828515e-05,0.5632599258304465,0.005249833466711701
433,0.0,1232.298591160698,0.00028791427954756447,0.003594449268654106,0.4939697105093708,-0.0034637192833238697
434,0.0,1215.3772130026275,0.0,0.00018737688187514233,0.652620319515767,0.006553981383161609
435,0.0,1227.5055441346362,0.0013914981462489007,0.002294990547357726,0.4979972119336629,-0.001991932480543193
436,0.0,1239.9755830805138,0.028922843722870177,0.011211347103784944,0.3482503677290369,-0.011211347103784944
437,0.0,1242.5889714782827,0.07219690898555634,0.008868361234588647,0.19048730238613173,-0.008718689982288029
438,0.0,1248.0649259051452,0.017626550743996144,0.0059191530534603186,0.5778883731026331,-0.005913024909679202
439,0.0,1255.2905856614846,0.14449636739754654,0.006053468351392342,0.21753481113363704,-0.005856651353651637
440,0.0,1249.9207869533823,0.0,0.0017506735747942117,0.6307068307711365,0.0011774966712032506
441,0.0,1242.8734390807483,0.0345083919317546,0.0005934382998607339,0.5110837534783531,0.007044324929864565
442,4.2604413768365035,1255.386059442968,0.22569001047540413,0.00425169218288765,-0.05221890680208194,-0.003345382046856444
443,0.0,1245.0240719960684,0.0,0.0011811830338981956,0.5878635923833548,0.001974940456515787
444,2.1978421480815307,1266.4137404516157,0.172648917538494,0.01096533933121979,0.06901508563764448,-0.01096533933121979
445,0.0,1257.7508132027526,0.0009745752572769129,0.003581841524261911,0.7046357552638178,-0.002741510152335357
446,0.0,1263.006981978186,0.0,0.0024908922492052157,0.5928624451985991,-0.0017432251733702406
447,0.0,1265.4668020506829,0.007077054946375427,0.004003143476542432,0.43231292533239346,-0.0018791329293975985
448,0.0,1278.0192737248299,0.15061845555038428,0.008592440818624437,0.1941862728485966,-0.008592440818624437
449,0.0,1282.7371350807648,0.015666220506205728,0.008268737369827124,0.29649083762367917,-0.008268737369827124
450,0.0,1278.1689370120735,0.0,0.0023173026563947743,0.5034533386221439,-0.00014449539300375483
451,0.0,1288.7341768032236,0.034972136999016176,0.004118635024088101,0.430520672719361,-0.004118635024088101
452,0.0,1274.5572149064315,0.0,0.00115682562562412,0.9507726258773029,0.00607419441674833
453,10.190452093260557,1285.4396778221492,0.1258434165769044,0.0022370635746976676,0.09001624175140024,-0.0013384572157815848
454,0.0,1291.0425016763725,0.04585201323246639,0.006325148641920834,0.35080173746277027,-0.006320139999973309
455,0.0,1279.2564104664764,0.0006329844632614623,0.0002895151729632987,0.6705677155141274,0.0034394786361352427
456,0.0,1304.688771502049,0.04434837685742275,0.011555540334898346,0.22814954280601396,-0.011555540334898346
457,0.0,1281.3894749724964,0.05208718415236098,0.00021996137312861762,0.4226647115542883,0.005542789276935609
458,0.0,1304.7304165056569,0.014948020084025094,0.007318126868028051,0.45621154458282076,-0.007166314475676411
459,0.0,1295.7699258443827,0.16474868137047624,0.0020455214516175335,0.11785395724376681,-0.0010586561877734535
460,0.0,1288.9044442363918,0.002952601146504572,0.0005416512020827242,0.608609571952249,0.005802573149548919
461,5.075342962532286,1299.5852301005364,0.2734225680933131,0.002887389623757917,-0.02109942756731629,-0.002355392066096098
462,0.0,1306.8415291800814,0.13834519885116286,0.00796782307939084,0.2057681164269633,-0.00796782307939084
463,0.0,1303.0351411604445,0.0,0.002732328243015684,0.5564513671033894,-0.002362825834153136
464,0.0,1308.6842398100232,0.02656991050184239,0.003635557404885832,0.516242557896194,-0.0026651847046571227
465,0.0,1315.427471232236,0.0,0.005308451050162067,0.8004872159341304,-0.005308451050162067
466,0.0,1324.3354466261367,0.10949349693598108,0.008384174497968858,0.3305005779874176,-0.008384174497968858
467,0.0,1323.1123460762426,0.263039520391897,0.005634748025404123,-0.05119097909966328,-0.00334079117049428
468,0.0,1334.156066196053,0.009241382590484949,0.006721781017364748,0.44464216353329866,-0.006579064473981012
469,0.0,1342.2815943978235,0.07232653504557146,0.008557564711189024,0.3328629369838602,-0.008557564711189024
470,0.0,1343.5949490785229,0.20486687482841606,0.0061564023943726474,-0.005306533560497755,-0.0046482147662606004
471,0.0,1362.796905216374,0.1237214379310413,0.012522631265714493,0.2334006251714127,-0.012522631265714493
472,0.0,1363.414786123103,0.018911037297530103,0.007844397267032007,0.43828843114301713,-0.007542917447428059
473,0.0,1369.9731205316168,0.0,0.005404459524927964,0.5726576834410598,-0.005371392479892051
474,0.0,1376.4311430789203,0.11676616215226042,0.00537518389008084,0.2806768084254541,-0.005371934719669202
475,0.0,1390.6131837284568,0.09283353835221292,0.010878420375766626,0.29645703904809234,-0.010878420375766626
476,0.0,1378.3588549813505,0.01720416984385819,0.0009239364253762417,0.4180155783604002,0.0018587710584984803
477,3.7181058754009584,1396.835491888635,0.27065002478085265,0.007097051952820378,-0.10737451475381643,-0.0068704865969079106
478,0.0,1381.5610891871606,0.0,0.0004918764761858282,0.8015298073713186,0.004242176197266446
479,0.0,1382.0386349486478,0.0,0.00028472292757533566,0.8307925738521008,0.004765057096225151
480,5.012974318870928,1377.6792773592542,0.22622140300535082,0.0006439408776467506,0.1658091714630872,0.004674895185379828
481,0.0,1381.7331139767714,0.006981405135188086,0.0020852970291475184,0.5944267516958093,-0.0008087377885698635
482,0.0,1372.9267491562491,0.18764231335881834,0.00043508050186552306,0.30825540546429014,0.003487066037753563
483,0.0,1372.9741245901043,0.030247320778078967,0.0015496973543112737,0.40656700626491266,0.0026204788137239397
484,0.0,1381.437928645742,0.03403432753323625,0.005196667405203656,0.5086199271832945,-0.004578006487136319
485,0.0,1374.7532872977597,0.0,0.0023307113230268814,0.7508455742679455,0.00021162175329388162
486,0.0,1382.4654034545285,0.14475288813858822,0.004438696381339784,0.3085448673337165,-0.0032439556153608475
487,0.0,1404.442315852574,0.030026570019098028,0.0160319215322432,0.34552499339772963,-0.0160319215322432
488,0.0,1397.5034097483656,0.22252076700857484,0.0056895754241826045,0.14210395415400817,-0.005671393608486789
489,0.0,1394.252959225047,0.01189903835101346,0.0006722731900298083,0.48751338134848465,0.0031424239500653563
490,0.0,1399.882055751133,0.00445153358529263,0.003038271579870216,0.6398941556006859,0.0004145416395182757
491,0.0,1402.9618991387097,0.004842569879360137,0.0034283344825229555,0.6554083811411209,-0.0026219122244620554
492,3.7270696499287777,1409.4192914031437,0.26180949003816395,0.005979036754654596,0.05358785700172202,-0.005967979081938477
493,0.0,1405.1373266788669,0.1702776110325766,0.0016522899854659436,0.20255167248378927,-0.0006074100960151078
494,0.0,1421.5993262271556,0.3046682646992464,0.008841350695585132,0.10097926823225091,-0.008841350695585132
495,0.0,1422.7619993592393,0.1639673800773237,0.006899705649748524,0.13502084225499683,-0.006615283655762295
496,0.0,1420.1155526532727,0.0,0.002658041285703465,0.5929936643752237,-0.0001310562297371129
497,0.0,1414.4854390309251,0.0,0.0007483434539403185,0.8399056152309563,0.005495995998448621
498,4.01727121439721,1442.2318547909153,0.224813197977943,0.0135220575292677,0.1694247142236889,-0.0135220575292677
499,0.0,1434.7241686850875,0.14886505847591947,0.0063228523367825865,0.14283291274710716,-0.006321609484744321
500,0.0,1437.0297225971635,0.0,0.003402776102429438,0.6700751922555428,-0.0015614347379130252
501,0.0,1444.5363506950096,0.04402781727648813,0.003919034658242249,0.4621790881926964,-0.003789625979486365
502,0.0,1448.1263656068597,0.0,0.005304145266357684,0.604703727129162,-0.004361178825205428
503,3.267616174443111,1458.7377070263394,0.17617940442487978,0.008460509726490791,-0.00136144959657398,-0.008446140710914114
504,0.0,1465.786077534788,0.24054576328470043,0.00884908492365726,0.1076698331703169,-0.00884908492365726
505,0.0,1472.8365144308036,0.03126210287707101,0.007864676127570578,0.41695424283706845,-0.007850849972863398
506,0.0,1477.8217208779292,0.05587581282564743,0.005747874347154089,0.3365585716497213,-0.005747874347154089
507,0.0,1476.7258927760258,0.26514026802567453,0.0013022737719544993,0.11589357784447442,-0.0008133804334590711
508,0.0,1487.9335018644265,0.2508304885228403,0.005902280692832203,0.023999416082680743,-0.005767743994767829
509,0.0,1478.9124302203327,0.0,0.0021314910192900133,0.6878623229801881,0.0019270271666117363
510,4.539516598902127,1484.7452709740617,0.27709619422033704,0.0037281137083296644,0.021892028111983302,-0.0005182742956699477
511,0.0,1484.6090440833802,0.009180099173873557,0.0021417157292108937,0.48794780837218926,-0.0008733677611633946
512,0.0,1486.7242882033065,0.04498913006449786,0.002553311671994749,0.27553311727308566,-0.0017605071933570206
513,0.0,1496.0461335969699,0.19000426425741923,0.006866700232302179,0.0848256403481019,-0.006763574641109086
514,0.0,1493.0189029403657,0.059896842582352276,0.0024318156486224656,0.2617979969290531,-0.0022077799074608963
515,0.0,1512.134517494622,0.23255127950141188,0.011351490707442935,0.07874378636158284,-0.011351490707442935
516,0.0,1506.529465371458,0.0,0.005344548374692829,0.605029066106882,-0.003611061063307867
517,0.0,1513.537474468857,0.0,0.004837390251234717,0.7737293000347685,-0.0033152693208226194
518,0.0,1506.7340185269256,0.046123741302507466,0.0005987189123407285,0.4034071089042983,0.003101368887925248
519,0.0,1529.1994407030706,0.0016789762830520377,0.01087475040607455,0.5454708123735237,-0.01087267608688478
520,0.0,1513.6690337130412,0.0,0.0015742408859819694,0.8137686653151962,0.0012623617815583248
521,0.0,1526.1572795068735,0.0,0.004599688004589297,0.632228166524488,-0.0035395686191722377
522,5.163198504367642,1528.927380600591,0.2602361916307421,0.005044194684894653,-0.03879357067138624,-0.0045592546659913935
523,0.0,1526.4633419501654,0.0649712136292614,0.001621023628407242,0.3732994157051422,-0.000488348232861707
524,0.0,1524.150600154028,0.0,0.0015012710746289612,0.5304111817581096,0.002534491295615616
525,0.0,1529.5075842708584,0.0013040290419116614,0.00276289149311003,0.5927777503837413,-0.0014530434845140138
526,0.0,1524.385600862287,0.15925810216366884,0.000860028366735385,0.23836686930038056,0.0014102437048738015
527,0.0,1521.9088884902806,0.0014448803718737232,0.00017435954995266277,0.4437237100328672,0.0029715638685154605
528,0.0,1521.0288231611607,0.08877700655078245,0.0007631858599228635,0.3550253428490492,0.002152289832531129
529,0.0,1526.6879532445255,0.1558940480173532,0.003895276176692411,0.2949604273133118,-0.0029858707511487476
530,0.0,1513.8957080035398,0.08091487234974759,0.0009237869915320366,0.2778828971473408,0.00526977656153522
531,0.0,1535.758086069697,0.012570461486169537,0.009138010710210023,0.31197151287310276,-0.009107930295558928
532,0.0,1511.033442413438,0.0,0.00040899159063715126,0.741556285855841,0.007544395031485358
533,0.0537301067320346,1526.0626857467646,0.11210657737909499,0.002289540328646069,0.22262880869259477,-0.0013602772818207534
534,0.0,1511.2948988912108,0.07504632956165519,0.0006762234023690467,0.36438605845142624,0.005937052706130143
535,0.0,1511.854922895422,0.010196561865395169,0.0008993595686334968,0.3926627396795161,0.00415679538340139
536,0.0,1510.7736530297718,1.0902985237357952e-05,0.0002673127289767371,0.5899174756168591,0.001678261521454308
537,0.0,1522.1729158456678,0.02393964870720761,0.0072755656218995495,0.3168627236123231,-0.0072697330212482085
538,0.0,1512.8302685022034,0.014252888431160335,0.0028713322224359016,0.3656904716347582,0.00031675641210270966
539,0.0,1513.7307803486453,0.03162492171978437,0.000576292583339874,0.4001038099093786,0.0019267416984344921
540,0.0,1514.046947480629,0.07945818384326153,0.0011902210141039782,0.3943048957072096,0.00102804408140203
541,0.0,1506.6734889783947,0.009469566813933314,0.00027042839847762575,0.5441523658392236,0.004713085089099377
542,0.0,1505.5381368551652,0.003189615008525264,0.00023246962483967855,0.4765075442442847,0.0036285773003361704
543,3.4103336390160237,1514.0266679179542,0.33606279779885406,0.004828195815564281,-0.09439879462271578,-0.004283524110605566
544,0.0,1515.187612605722,0.150630298446832,0.005259046671679219,0.09830159963605851,-0.004804443662251373
545,0.0,1512.2809493892737,0.07500323134437058,0.0018884400849980213,0.35129192713410506,-0.00014778922295333367
546,0.0,1518.5669081769547,0.012289650646769072,0.0034444252093768337,0.335531374667314,-0.0025289406886273855
547,0.0,1505.7056034352718,0.07418888004899694,0.00022740556710627773,0.3387450492513208,0.0063458528722932445
548,0.0,1516.5195114443156,0.08553310039102237,0.003580762647959181,0.268856857615792,-0.0016056246907546164
549,0.0,1515.3102442232855,0.017581584396673892,0.004182141613639279,0.3611982973895738,-0.0023311539843417217
550,0.0,1504.9336314497598,0.14630985418358516,0.0010157170110309099,0.09565453955181631,0.00538447233507956
551,0.0,1524.9383611574754,0.29605556291133917,0.008072645716848511,0.03164862765922123,-0.008072645716848511
552,0.0,1528.701790538867,0.004240751596669482,0.0095847348984155,0.5591404674766495,-0.0095847348984155
553,0.0,1530.7802551141665,0.09067780249034157,0.005606148206542572,0.3149606896444838,-0.005365843815707543
554,0.0,1532.8351787265544,0.14860507637134077,0.003372473786330687,0.03636311753212797,-0.001978115225286485
555,0.0,1527.063828173789,0.0,0.0022756806157605254,0.6306642217048031,0.003923966070502587
556,0.0,1524.0375612464927,0.0,4.397570711490348e-05,0.7737350979437947,0.005207304510932842
557,0.0,1541.4911570350537,0.02063839801123227,0.008557567275864564,0.3917454046107527,-0.008554714913616384
558,0.0,1532.7401412825466,0.2103859075314796,0.003132890010982868,0.24448899952271475,-0.002039264317460709
559,0.0,1537.039312263473,0.0,0.00269232604569263,0.8634557131488458,-0.0014156276708281433
560,12.386981985273584,1543.7817013060296,0.3133205108781398,0.00473458524637131,-0.060997370352142984,-0.004549967076085795
561,0.0,1531.8789555420574,0.0,0.00011448663601558012,0.712840317617601,0.004753497384807466
562,0.0,1539.2330546587118,0.0,0.002398774186356485,0.5191894815922244,9.358221542293895e-05
563,0.0,1551.8598453552129,0.051910098401317904,0.009312874344962188,0.36118541416295796,-0.009312874344962188
564,0.0,1548.7617049032842,0.16430622736087155,0.00575277459859054,0.16073438343393334,-0.004495507772025871
565,0.0,1543.287097712438,0.09224646180598542,0.0002879323005393152,0.32675452905671654,0.00324124113381177
566,16.589801976989065,1573.9953968844882,0.6049682138061159,0.015559487524277636,-0.555722020130943,-0.015559487524277636
567,0.0,1547.3124172916566,0.0,0.0004825110354951369,0.9671817505848687,0.004966826718262498
568,0.0,1567.6178679978293,0.0,0.005183907056885002,0.8658478595914462,-0.0044138734712156754
569,0.0,1557.553094532051,0.0024556303311285077,0.0007821287943152594,0.5369207853202269,0.001703812055193624
570,0.0,1566.5785376907982,0.0,0.004012816377225598,0.8847040503411947,-0.0030901957265163666
571,0.0,1559.127661876988,0.0067003905912433204,0.0015698187772147786,0.4732947394813535,0.0019998465544033023
572,0.0,1577.7399183023033,0.0,0.009292079595133436,0.5339925215062677,-0.009292079595133436
573,0.0,1571.8042260339957,5.074316176603751e-05,0.0041404116461464064,0.6021560782980003,-0.003303449102213158
574,0.0,1569.1099474002854,0.0,0.0003512882595640092,0.4827280649163191,0.002316577761776665
575,0.0,1589.3047785369145,0.0,0.010002772219318218,0.6366892755305307,-0.009996794404730117
576,0.0,1589.2092482980308,0.0717095205457995,0.007537020304504838,0.28422269133957084,-0.007537020304504838
577,0.0,1593.331217470476,0.24959041164650728,0.00464802711879973,0.17246624599255575,-0.004633933940647312
578,0.0,1578.0263819498284,0.08022957033765567,3.0823860133652626e-07,0.28900880340884905,0.008735011461367657
579,0.0,1594.9649934357983,0.09128781832381583,0.0032589300922676117,0.349775606447749,-0.003133207442588666
580,0.0,1589.306332787623,0.1314845302859001,0.0021576270275365243,0.3317901234473083,-0.0013471082933473356
581,0.0,1595.759059621094,0.05721553989316089,0.00404123465713899,0.2666184657135354,-0.003979963896786702
582,0.0,1600.378675432762,0.0,0.0058782648607618405,0.5891084866097854,-0.005202513719662399
583,0.0,1602.7508908107727,0.0012328513261145118,0.0046975464325949975,0.5425339893113349,-0.0038156240757787462
584,0.6382722864073411,1620.5779499234286,0.13957657853271419,0.012139367960113398,0.13355301694339705,-0.012139367960113398
585,0.0,1618.7967796288563,0.19656891979509467,0.006899580292328572,0.04875681329396052,-0.006040201514789376
586,0.0,1616.5896678527881,0.2284693297950541,0.0007079596309725109,0.14846223489820354,0.001020358806160476
587,0.0,1618.600324697331,0.0,0.0011735751841844906,0.5727896442852657,0.0013323991247678395
588,0.0,1631.3707498004735,0.08878060833931611,0.0076513370406886315,0.2548093303441945,-0.007384353418111488
589,0.0,1619.481995876474,0.21822898486776304,0.002200267119070936,0.17511170453305983,0.0019373535010580982
590,0.0,1650.063900888555,0.2403710804088015,0.015474149657413363,0.09143539133865033,-0.015474149657413363
591,0.0,1627.6372575991725,0.03206740415390187,0.001142507747540065,0.5391717955876287,0.0027727511973117576
592,0.0,1638.6290679763963,0.15147633474017538,0.002741759147814379,0.25417119819132206,-0.00012794326967124618
593,0.0,1629.2144547517562,0.1278484153081158,0.0005671249002380072,0.2562665195487904,0.004929687518341109
594,0.0,1648.5873497285454,0.15129451623025422,0.008686426547479363,0.16820511198652333,-0.008678916919861428
595,0.0,1643.075659751061,0.007772734008722076,0.005494245273596403,0.43938258394957064,-0.004062476495958752
596,0.0,1653.5619703127275,0.13063640942091462,0.006634735154556428,0.32759674461099214,-0.006634735154556428
597,0.0,1659.875252733857,0.038798531213308576,0.007279608655714301,0.3076577066174329,-0.007237658026976339
598,0.0,1654.5098443572915,0.1339056243494481,0.0033285224675525388,0.16555051822249067,0.0004508450776060058
599,0.0,1672.6484100960456,0.0,0.009048910409170177,0.8523178776319089,-0.00876487946243729
600,0.0,1667.7374843617315,0.0006705448217518301,0.003349967021829546,0.6626456917134594,-0.003097415133231241
601,0.42760555626916563,1683.3869785287648,0.19656214369671188,0.009171381926480433,0.20628713709980567,-0.009171381926480433
602,0.0,1668.9526573303167,0.15812169402730783,0.0019787695610330317,0.15034977515218284,0.003684067903709431
603,0.0,1695.65596619355,0.07776799997347217,0.011290714503695329,0.26009787563102615,-0.011290714503695329
604,0.0,1668.1367085498564,0.0,0.00025673357976227636,0.6311105665121288,0.008285898586108719
605,8.552903484519748,1694.8790105044257,0.2628271066260308,0.007492777505072944,-0.07785891272256219,-0.007489035161251123
606,0.0,1677.8402371320485,0.26875156805977374,0.0017495296803898737,0.16561193310996333,0.0029111783762166285
607,0.0,1701.1464435319294,0.17568495947883533,0.010383943827719781,0.18141868691318994,-0.01022462037838574
608,0.0,1687.5234717639407,0.00026730066581259277,0.0029746850727931694,0.6431015376104465,0.0005751876022851133
609,5.582785980805664,1704.151444819152,0.1955038503658301,0.006805480154525115,0.02668926855700465,-0.006801847814690405
610,0.0,1692.6448540235356,0.09720424333322747,0.00030774323738176775,0.29203717253990696,0.002335602748946543
611,0.0,1694.5310732693333,0.16042771573179843,0.0011953959551825924,0.2780380666148303,0.002552417303367814
612,0.0,1693.5467339314378,0.0,0.0008915767842680027,0.6620988123745282,0.0016401231232043205
613,3.9530265521828536,1697.695559538129,0.054559372485740436,0.002744995637871885,0.08301055298385686,-0.002263061764281494
614,0.0,1704.1354881089317,0.040045682633280885,0.006136222277148614,0.2047062337109127,-0.006093348795696534
615,0.0,1709.5787019197758,0.03714610094403233,0.0072111385186909936,0.32396661257283843,-0.006883979127480925
616,0.0,1705.9619229352347,0.09171578700178669,0.0022090058574433255,0.1248259220035306,-0.0005680772861499506
617,0.0,1699.7582518737083,0.0,1.2222679192393549e-05,0.6104567287427692,0.005637984756563814
618,0.0,1706.2289905249454,0.0,0.003315849167922537,0.7217107999098177,9.427015036294322e-06
619,0.0,1709.8766030260408,0.0,0.005047711418328355,0.7594935631320356,-0.004035146976773446
620,2.7963485466155245,1713.2879544783254,0.23598228942208227,0.004947699196548134,0.17376752468630627,-0.00490920414640842
621,0.0,1716.3943980398278,0.0,0.0048673818973663276,0.5197226350846166,-0.004055621646353116
622,0.0,1715.893596160955,0.0,0.003123135631579016,0.8502898015454284,-0.0009411124118196306
623,5.215830021560841,1712.327569925191,0.150215934698895,0.0001489205267119021,0.14467000645653405,0.0028491333787118607
624,0.0,1716.7620292449938,0.017847091425349664,0.0024747668451614306,0.47203531474954347,-0.0005186602483186856
625,0.0,1720.1202048003058,0.014210286923017693,0.005385680681693838,0.35102695481518065,-0.003345792823636646
626,0.0,1701.7717692601782,0.0,5.914820168483671e-05,0.6640076174277343,0.009329620973929281
627,0.0,1713.2243931146531,0.0,0.0021973650647297963,0.5699866958199585,0.0003017847679159284
628,0.0,1709.245459538562,0.06320285568073494,0.0014308398698736652,0.3549485589217237,-0.00022119604135368453
629,0.0,1714.61883316803,0.014771694004383659,0.004438773829761046,0.4722634596849538,-0.0036047385368219126
630,0.0,1710.2549360525336,0.0,0.002259025670735608,0.9097498141083893,0.00031830171604342724
631,1.694271074367471,1727.5592546398827,0.11940560240287004,0.009469885894556626,0.26709027014181186,-0.009469885894556626
632,0.0,1715.7181617039303,0.004100659621551814,0.0008384091218842804,0.5497870008163563,0.0007906672461989954
633,0.0,1739.269158915633,0.16108741053037562,0.011232621607049536,0.22815099769355593,-0.011216450183503396
634,0.0,1731.2349368235077,0.0,0.0037454887128034967,0.7784768164478628,-0.0029370042080175424
635,0.0,1736.0471941333233,0.0,0.003327419483685321,0.7333775913689935,-0.0015217105293018772
636,0.8932176444636664,1746.4624015510299,0.1328073112366435,0.007724133854972885,0.1258415990192361,-0.006637866809956307
637,0.0,1737.055567341453,0.0,0.0016075060256546098,0.9138520952852808,0.0017912724895472667
638,0.0,1746.710147335349,0.0009745752572769129,0.004329151747531297,0.584903930436199,-0.0027282792815097284
639,0.0,1727.0152507893963,0.0,0.0,0.7200770276114627,0.009873845682198831
640,0.0,1743.0354161321372,0.07090469752888617,0.004261051329711288,0.2982206943086116,-0.002371747157229644
641,0.0,1739.2672317031925,0.0,0.003031356770177166,0.797414648596138,-0.0023610376781918927
642,0.0,1743.4066174309612,0.039461187937133636,0.0035312087185253313,0.3188623535938115,-0.0034691584969781825
643,0.0,1754.5058895865309,0.03565817209837194,0.00858426728946858,0.2202500203960719,-0.00858426728946858
644,0.0,1752.776279360225,0.007900829626956011,0.004552871299696951,0.4995216964192467,-0.0037365653397627274
645,0.0,1758.7241979862733,0.0020911142704379236,0.004288390443530553,0.5617563084016454,-0.0036037542844081427
646,0.0,1772.775750991722,0.09847001505418392,0.010317158855028985,0.0901244332606042,-0.01009212503026026
647,0.0,1779.4729576274365,0.08858042819804243,0.010077940313136153,0.13215112790066869,-0.009997916891747931
648,0.0,1760.8247416522527,0.0,0.0005670446273313137,0.7565542103834534,0.007935356193369419
649,0.0,1775.7620073427788,0.12021039658039734,0.0013896816416766676,0.2690280116435343,-0.0007558846449661192
650,0.0,1768.4129916251661,0.0,0.0021055357476747355,0.9258044784652256,0.0015936653196658686
651,4.011643141833796,1789.5256975909283,0.20430830711104125,0.011863582369779278,0.15621413287465014,-0.011863582369779278
652,0.0,1774.41562595523,0.0,0.002011608595882578,0.5912316047067573,0.0007895614806926477
653,0.0,1772.4424247535485,0.026820658696682435,0.000904582534040525,0.44328684054332834,0.005483443759583173
654,0.0,1768.0645290491282,0.0,0.0006828811313621821,0.6307893172418864,0.006259314437259721
655,0.0,1780.667102836731,0.09193012241945439,0.0052927387171567385,0.2987594183502816,-0.005286906116505398
656,0.0,1771.6374428389895,0.20912609817190314,0.002219999029590516,0.09029287995535507,5.2753781847239363e-05
657,0.0,1765.8324290161925,0.0,0.00015193206680342902,0.6056177646271625,0.005316560025676079
658,0.0,1785.2961999247036,0.005042105991283142,0.008526207356994553,0.5466815613542475,-0.008526207356994553
659,0.0,1777.4066138722771,0.001954427557054517,0.002864145629353059,0.46804034676540845,-0.0025922012831908507
660,0.0,1795.9909917865652,0.12175997888337521,0.010732934779563098,0.1908187279239676,-0.010732934779563098
661,0.0,1787.1131431464335,0.0,0.003528123555980291,0.7208072692918621,-0.0010201743598701764
662,0.0,1792.0889742238935,8.511362669163354e-06,0.002434070934387693,0.5002443353264022,-0.0004572221772095741
663,0.0,1811.3377021752738,0.0,0.012025990728984935,0.6627805878536942,-0.012025990728984935
664,0.0,1799.92127315817,0.05551667157125907,0.003181900754128506,0.24541641722625837,-0.0009897185601094058
665,0.0,1824.166996280218,0.28288235852933064,0.012075886358547259,-0.1679980331600609,-0.012075886358547259
666,0.0,1813.365978937413,0.0009745752572769129,0.002567899265048195,0.49840715016383624,-0.0012422489822139775
667,0.0,1820.3309923699917,0.0,0.0044843443691258405,0.690030503426276,-0.0014334650835878943
668,0.0,1818.8963006991899,0.0,0.003168892709445328,0.6733892027279011,0.00029937785622638176
669,0.0,1824.590513576577,0.2732363273487657,0.002973576053240849,0.1242066432289487,-0.002905102933590162
670,0.0,1821.0740015014374,0.11472968060545002,0.0012787100409842526,0.2758379364802857,0.00010700620004839006
671,0.0,1822.879254124205,0.11298439731374826,0.0019179910569717587,0.23250516933200874,-0.00014687145994966716
672,0.0,1821.8470361790696,0.0,0.0018732160892046064,0.8507634599620337,0.0005107226494792309
673,0.0,1820.995369413567,0.0013046082629884713,0.0023400755191054835,0.5340231710888197,0.0009293108811902535
674,0.0,1811.3634888892095,0.01817966975071768,0.0003089191984796928,0.39101980159492955,0.006499225730579542
675,0.0,1828.1218337906037,0.0819566223068675,0.0063911861896453395,0.15995920699225802,-0.006296157523969908
676,0.0,1824.6659665454729,0.12093343869124488,0.00488110551348127,0.2229717408954298,-0.004199699310328612
677,0.0,1829.3511051539203,0.0,0.004461318361563845,0.4267214655767088,-0.0038479556798901257
678,0.0,1824.3181110360822,0.1466795613749151,0.002017892761733166,0.26406578472165215,0.0018125578282021128
679,0.0,1836.1776462731666,0.00317887342062259,0.004993672964817277,0.35336647318338643,-0.004963589866323287
680,0.0,1832.213328298406,0.006981405135188086,0.00411285906252032,0.463839046891285,-0.0015011936201847998
681,0.0,1830.1279638775554,0.0,0.0011822820229786027,0.8155020023870749,0.0018224039823804264
682,0.0,1843.5062921947135,0.0,0.006786481661715924,0.7827480371637422,-0.006639429454029424
683,0.0,1849.7087299752031,0.14693260844172923,0.009010632606945188,0.21104977533134472,-0.009010632606945188
684,0.0,1845.9141236484286,0.004957510861802669,0.0035160541553094014,0.3798760113702335,-0.001748359258656644
685,0.0,1846.806691663187,0.04521936828766509,0.002267383542074154,0.4143057980938023,0.001055970690119933
686,0.0,1859.7852586926806,0.007831908089769211,0.006848670095267304,0.3779405513344127,-0.006839262275645835
687,0.0,1853.96952241035,0.0011026708755108464,0.0031515850357594554,0.5049973505014991,-0.001397148478712349
688,0.0,1867.262061232977,0.017792326735126516,0.0076781782107942335,0.35023089236883403,-0.0071311068821173365
689,0.0,1867.5093224609745,0.0,0.004807439523502115,0.5119059857373578,-0.004620565349356414
690,0.0,1862.8278737998314,0.0,0.0005386455813448954,0.6354184167546676,0.0019777376361934445
691,0.0,1857.2245036675906,0.0,0.0003127454677145467,0.8773460373000928,0.006305727629207232
692,0.0,1873.130804474385,0.010755838979189471,0.006296584460483594,0.4165704116858819,-0.006224293270477001
693,0.0,1868.730867589667,0.0,0.003568830566907692,0.5413632939788933,-0.0034997809546313745
694,0.0,1873.7683826674547,0.05506490800969704,0.003783380886507256,0.3019038694793154,-0.0036094546829021656
695,0.0,1873.9252950881526,0.01938437013863642,0.0028359960194416643,0.47808613216768836,-0.0014858888091091947
696,0.0,1877.8970428683108,0.0,0.0033032099147662667,0.7661699729171885,-0.0023759363304544806
697,0.0,1869.5209142963367,0.04835533466214844,0.0019338099982664269,0.3133572225067147,0.0040659643831429376
698,0.0,1879.607586027339,0.0,0.0028323409655430258,0.8087816880324886,-0.0027663392151986753
699,0.0,1870.50916779859,0.0,0.0011320065413262896,0.48807641994813067,0.0025140393127870667
700,0.0,1882.572842003175,0.03465148220268863,0.005078547525379053,0.46761418567321333,-0.004946913345575013
701,0.0,1876.6674804467368,0.0,0.0018750984491158155,0.6876710707893805,-0.000495789237554916
702,0.0,1879.342487694957,0.0,0.003281134852332465,0.7915490918916112,-0.00046682421046453953
703,0.0,1876.0448791168153,0.0,0.0021130896826326738,0.9384657823466288,0.0018949978533800834
704,0.0,1889.062832463519,0.04135609944122152,0.006880692268046399,0.3532883790434969,-0.006687527251720836
705,0.0,1884.7634580677166,0.008346112105287538,0.0038071435189492436,0.5900280735473258,-0.0025027528173628705
706,0.0,1885.4056905609211,0.0,0.0025792913237862357,0.7082429043948304,-3.218560402715236e-05
707,0.0,1886.1693113376307,0.10387655098219865,0.0020148943367471195,0.2157511728528128,0.00028271966721368644
708,0.0,1885.6958099399178,0.008202128403115008,0.0029976929274556415,0.45171060009615155,0.0005003661460385429
709,0.0,1883.2283471925805,0.0,0.0012783887463131622,0.762168522007604,0.0017978160464832077
710,0.0,1881.2145450051207,0.0,0.0005020691616979266,0.708738036440709,0.0023382604784823874
711,0.0,1884.7718869208943,0.053875320693493864,0.0022230780672334,0.4003001016626908,-0.0011776021329277767
712,0.0,1893.1521838205708,0.04916069332493781,0.007017093900594594,0.3455841622119267,-0.006777993428211364
713,0.0,1898.633506105466,0.0,0.007717696243414952,0.7719558070694735,-0.007717696243414952
714,0.0,1889.2069669013276,0.0,0.0006306346810303048,0.647501196469449,0.0027037937815547483
715,0.0,1909.0904647130358,0.0030691947026178696,0.008172911026934312,0.43464190526010305,-0.008156547831431514
716,0.0,1898.0971616333024,3.565652242469922e-05,0.0024268804936578613,0.6143564541227476,0.0004182522339883725
717,0.0,1900.4812773834788,0.034193820947386135,0.0015585896473549127,0.36665915518688097,0.0013463972643290962
718,0.0,1913.112815708011,0.009469566813933314,0.008375363002607812,0.4194393266593376,-0.00709976715672788
719,0.0,1913.3120546304247,0.06998039391855014,0.00602143058835579,0.3798882189256165,-0.005426363391861693
720,0.0,1904.2274386563722,0.040210585311306876,0.0010938729152535544,0.33919335306615706,0.004165937388355369
721,0.0,1913.9471088168957,0.15573319859544824,0.0023123857817574536,0.229402928451592,-0.0015149733358760652
722,0.0,1913.5581163483132,0.0,0.003342084164676823,0.7511022844542105,-0.0021002793094119063
723,0.0,1921.627666710152,6.633432994219133e-05,0.006550512489183636,0.5607828872240542,-0.006013981833908686
724,0.0,1914.842467075587,0.0,0.0012597593238407511,0.8399980658243336,0.000762474544982251
725,0.0,1924.696495577112,0.03341361097258109,0.00460195796050648,0.35626160485086716,-0.003755197240681442
726,0.0,1919.1924000905058,0.0,0.0026604784726972992,0.7825790976247552,0.0006200882808534158
727,0.0,1915.9501899172387,0.01083526196854886,0.000766222423349012,0.47624644148239836,0.0036261911890914625
728,0.0,1935.6488861679688,0.09334935134813756,0.01012538839585799,0.17086047294767634,-0.010012456301972731
729,0.0,1928.682760171669,0.0,0.0042612529877594256,0.6592310168288773,-0.003662919706510005
730,0.0,1930.205096736492,0.0,0.0021977210393477136,0.6549447322306561,-0.00034082505687331964
731,0.0,1928.6945679255582,0.0,0.0022891010420153005,0.6193516911508274,0.0018544256885174115
732,0.0,1937.6975178888097,0.031098820830006937,0.004992435346698446,0.4434717550600242,-0.004245418235903465
733,0.0,1939.191787234718,0.00012809561823393342,0.0050015461917947875,0.6718175058486862,-0.004432151406038068
734,0.0,1929.47232655008,0.0,0.0012266562580895255,0.6355902675833627,0.004354252034967324
735,0.0,1939.869008845002,0.0,0.0037007722283181298,0.8523178776319089,-0.0021193308458994906
736,0.0,1937.3765346874932,0.04050635901877179,0.0019253231066191279,0.41730568076693514,-0.0012599473690399483
737,0.0,1930.0573448311436,0.0,0.0006288835727122986,0.9015452517546055,0.004370570733347062
738,0.0,1933.5758292864052,0.0,0.0010956814226568054,0.6735510245724928,0.0011994481474625505
739,0.0,1938.4160920626957,0.0,0.004429075331440356,0.819499628216777,-0.003566346987971802
740,0.0,1935.521847777986,0.009469566813933314,0.0023602051132060615,0.4224096339737873,-0.0010177884223691795
741,0.0,1928.4617335061891,0.026854642777393422,0.0006006970077308634,0.42565029851427827,0.004827325313235359
742,0.0,1935.282787012805,0.0,0.001541335072302183,0.6863996344397181,-0.0006263134067952639
743,0.0,1932.8640544632215,0.00258219021688763,0.0035085478402482554,0.41541758404805906,-0.00042742178406802447
744,0.0,1942.221746738785,0.0822860419915326,0.006612118720856659,0.1465937966399376,-0.005946687209150505
745,0.0,1944.775610467715,0.28068149953289856,0.005772567193713526,0.06753409692211883,-0.005550942979350966
746,0.0,1949.6937980039722,0.02141313574184683,0.005419998279004797,0.2211075389587134,-0.005031800755604935
747,0.0,1961.030252089734,0.010211817266880543,0.00880997714203217,0.39991609518830257,-0.00880997714203217
748,0.0,1955.2781447031762,0.12890286279143826,0.002516478645210093,0.17817525523320038,-0.000889354432421928
749,0.0,1952.3633237166196,8.251120499868675e-06,0.00028876863961495395,0.5298340467789339,0.003963449801192908
750,0.0,1958.3242264203743,0.13469048326453328,0.0015216577257870787,0.2546424310154298,-0.0007227691913947814
751,0.0,1952.1512211242652,0.0,0.0023363077019387785,0.7242368474428735,0.0021226464281115425
752,0.0,1950.183406170361,0.0,0.0008649926097987888,0.8567282192057826,0.00291506913782768
753,0.0,1958.183907157548,0.00027300320982722777,0.004169412904532268,0.404276741150324,-0.003659530093520177
754,0.0,1947.4750480309883,0.0,0.0004579542365338576,0.822282258739581,0.003266150909233647
755,0.0,1950.9355489649859,0.0,0.0010056726259585168,0.8652995253165616,0.0012262688205747316
756,0.0,1955.1372361434169,0.011315067205307174,0.0041851196913708175,0.4494057035013637,-0.002803666831509847
757,0.0,1956.1457945462253,0.0,0.0037425757109971294,0.7626356883725789,-0.002941078954847964
758,0.0,1952.9492160908324,0.004901565694369179,0.0016261402217607297,0.5903635026728828,0.0008520156380096276
759,0.0,1958.8083802332203,0.0,0.003153365225550634,0.6330517458180694,-0.00215712966447087
760,0.0,1961.8601470094595,0.0,0.004055390681871261,0.6524737910763161,-0.003656635766351419
761,0.0,1956.512669089267,0.01538262026919494,0.0008195273944617753,0.4571628654234105,0.0015023396309008247
762,0.0,1967.3808111246883,0.0637341835797943,0.004872164164122912,0.23911653738596944,-0.004617031598909181
763,0.0,1956.3872238781207,0.0,0.001687722014249913,0.5791826226440717,0.003227301670198193
764,0.0,1961.664300605711,0.004842569879360137,0.002974851604381627,0.43392718419360016,0.0003634193181765299
765,0.0,1962.9369742602305,0.0,0.001994733201867666,0.6609479542000262,-0.0015541020247653024
766,0.0,1969.231950764857,0.0010780053865506879,0.005191336454100966,0.47574710500650835,-0.005116373994347839
767,0.0,1971.8859139133524,0.0,0.0050939191123157476,0.5876695078772685,-0.004690577206184602
768,0.0,1964.852126740163,0.0,0.0007134621480243118,0.5566377932105026,0.0027702120272251655
769,0.0,1967.2465046358436,0.0013203795773514607,0.0014820048857654144,0.48785707170455334,0.0018738399608495366
770,2.842442001180652,1982.8104783743208,0.21011528470446164,0.009741173830322702,-0.12151628218068149,-0.009304909871972017
771,0.0,1975.1929167205535,0.020537940206401328,0.0047592893190180315,0.20766670281708255,-0.0022217244911416404
772,0.0,1992.7942088700147,0.14499314730894028,0.009642796953512807,0.004565457068647765,-0.009620458846081934
773,0.0,1969.2668959075081,0.016802183176866988,0.00022884130551421823,0.549816402555884,0.008784794048366986
774,0.0,1971.9144169597914,0.0,0.0010363149508400766,0.6655998117646721,0.007391238639975895
775,0.0,1979.4571691400965,0.0,0.0025036875693877927,0.7497608482096239,-0.002377991687822008
776,0.0,1971.7634555198435,0.008852392864901635,0.0027329950115852044,0.2714077005312271,0.0008639396522880117
777,0.0,1973.870167656403,0.0,0.002216390390276311,0.7552002120384582,2.0385828042615346e-05
778,0.0,1971.7890200671588,0.011315067205307174,0.002356046946192528,0.454249132046562,0.001044751358716908
779,0.0,1972.3178083734736,0.006203011244102755,0.0030080845942459904,0.6089730380093396,0.00038140329640799374
780,0.0,1972.276021996949,0.10366744485977492,0.001746745188875052,0.3392983948516159,-3.815354799068953e-05
781,0.0,1974.605525253062,0.13032855456464137,0.002247406571345608,0.15967216756997815,-0.0016013586294417845
782,0.0,1981.879816800938,0.14809235778885885,0.0056874869390108945,0.04580597539892827,-0.005635443291416517
783,0.0,1978.7345309577188,0.14471076220138596,0.0020338494759545977,0.1741328701135901,-0.001408139039136354
784,0.0,1979.9151460605485,0.0,0.0013381156232161575,0.5023974872636264,5.509599989285076e-05
785,0.0,1972.0945938098507,0.0231205923003564,0.0002325082475436217,0.3090229926983143,0.005365767106342373
786,0.0,1977.8554984109473,0.08210965895218506,0.0033310677695462154,0.1929762707657169,7.118200995861711e-05
787,0.0,1975.1008053385515,0.0,0.0016881133159917599,0.6976493203822195,9.381858136182628e-05
788,0.0,1969.5445546405813,0.0,0.00037626964536621103,0.9103926123216742,0.003514912582805742
789,0.0,1978.7049018565858,0.0004553693345490983,0.0037958375902324066,0.5943760876813021,-0.0033380329159994966
790,0.0,1973.7079183586645,0.03422850568339453,0.002192960878167807,0.4130961620614107,-0.0002701931256755781
791,0.0,1969.4386824054084,0.177829276503575,0.0007930092813245584,0.034988166522223973,0.0035256499831329883
792,0.0,1968.2583049701595,0.0,0.0009025725433653707,0.6582348387405431,0.003246055612208124
793,0.0,1974.5112700178101,0.0,0.0029977387595826153,0.7723391992328111,-0.0027782055411174917
794,0.0,1975.757733819982,0.06274813212177566,0.0038530570842837406,0.340581948573169,-0.0037034485646905966
795,0.0,1983.2145604089535,0.0,0.006355381722333299,0.7201514618474828,-0.006338448274732765
796,0.0,1987.4665462578926,0.0,0.005944213620067066,0.8227337911134016,-0.00585784666799987
797,0.0,1973.7902080112494,0.0,0.0009948484585560152,0.777219268217683,0.006501206905755917
798,23.639795437742123,2004.0830970425172,0.49265420351881045,0.012635091655174426,-0.4916796282615336,-0.012632898813085134
799,0.0,1982.5042825807745,0.0,0.0012268797326938454,0.774204931108772,0.0027700139465444778
800,0.0,1987.022587468865,0.0,0.002395462958791716,0.723766605700075,0.003028224912282004
801,0.0,1979.3816291866833,0.012137021187664618,0.00027788905817464064,0.4871279550518329,0.005991874195262133
802,0.18759098231277882,1980.6337431049724,0.14831526186147811,0.001329244059428796,0.048317759281236175,0.0023905220252240056
803,0.0,1989.1759626479627,0.009118923454609153,0.005600356039357506,0.38203761388569313,-0.005567864008047129
804,0.0,2000.7004806123375,0.2117708914210628,0.011777768366149122,0.2136290651423009,-0.011777768366149122
805,0.0,1979.9853053050037,0.0,0.0003925544308703001,0.6719523985267462,0.006589726317870852
806,0.0,1990.7742813500572,0.0013040290419116614,0.002072074427819544,0.3815265386477968,0.0014678794297994552
807,0.0,1993.1707864536206,0.0,0.0030277649561202555,0.6059263718385456,-0.002547938056074687
808,0.0,1995.9884425192458,0.008270623510814925,0.004183732484665476,0.5732821388215306,-0.003971454776379558
809,0.0,2010.3398567638155,0.1191142302635549,0.010903778419093627,0.20448767913011412,-0.010903778419093627
810,0.0,2003.1970558563976,0.009950395565469712,0.0028480127132775456,0.38962937374367446,-0.0017910174783721125
811,0.0,2003.5921662191272,0.0010119085559706167,0.001304696821823477,0.5001544426555355,0.001929162262879965
812,0.0,2011.9725909248266,0.049242481844665675,0.005051867578726232,0.35921021744528275,-0.0033517734233408304
813,0.0,2016.0664573183565,0.06955276863441652,0.006249320931238662,0.16114028549516568,-0.005465873931652944
814,0.0,2001.4756418935185,0.0,0.0001327294195160701,0.6297652839398341,0.006408900507306359
815,0.0,2005.1960446596079,0.00026730066581259277,0.0022099158866200745,0.45532700962479583,0.0037889529736087136
816,0.0,2013.0560513189348,0.0004553693345490983,0.005004309862931785,0.5052032605515259,-0.004310380401256401
817,5.138780554262807,2018.8601346918067,0.2478358381753219,0.008191951283337598,-0.08713640445773195,-0.007774986438161529
818,0.0,1997.889627051537,0.0,0.00028833500716632897,0.695628270261333,0.009108257974325058
819,7.308696257158349,2020.1650588851262,0.1913737524558866,0.006218007423583919,-0.0006680741109234153,-0.005230534276719364
820,0.0,1997.8177544863947,0.0,0.0008979423051056818,0.6493068957063499,0.007524742316986104
821,0.0,2012.6317332256122,0.0,0.0027931078208721675,0.8546674531279355,-0.0024509344076081127
822,0.0,2013.348840408294,0.0,0.0048718579420162725,0.7789818143144985,-0.0044846913684648505
823,2.383259053790587,2013.0635178255454,0.021139618539755406,0.0028982430636430127,0.19969238803911987,-0.002138981699224226
824,0.0,2018.6656079737447,0.0030691947026178696,0.003768778838567796,0.7005334740869263,-0.003570390208195925
825,0.0,2031.4398722086028,0.009469566813933314,0.009770126633913433,0.5385635125691761,-0.009770126633913433
826,0.0,2028.6533455757472,0.0008073233716506864,0.003985196220966963,0.4017214735949429,-0.0038596359752196196
827,0.0,2034.314741924667,0.0,0.003416609862343062,0.4841010389478943,-0.0031387078779404865
828,9.251154705773672,2039.6293252725864,0.3725083684179258,0.006532407165278055,-0.23568981128498853,-0.004273340016277478
829,0.0,2034.8377540847073,0.0,0.0013589600995882883,0.6939832252332782,0.0010376569430900775
830,0.0,2037.2097982468658,0.0008960679016288712,0.0015195344160833762,0.4996999980399461,0.0005662803021120809
831,0.0,2039.4335898751494,0.03969663681107962,0.002999231482389494,0.3130737886575997,-0.0013248198546909674
832,0.0,2023.7915837224805,0.0,0.00010590872928646632,0.548142892159283,0.008688477600907997
833,0.0,2036.0528182174257,0.10534794970866783,0.001766292036833308,0.25210403312320107,-0.0012759370041255363
834,0.0,2036.971675616796,0.022637254551474452,0.004901477438020753,0.43121901428403786,-0.004166641815226304
835,0.0,2024.857750087064,0.0,6.262194627693275e-06,0.5197357109594558,0.005105367521903403
836,0.0,2044.6949143159538,0.13495873475582068,0.007592983039442397,0.11021620638618923,-0.007586211904489267
837,0.0,2026.1049854677372,0.0,0.0004523410290346146,0.5697204765043801,0.004807757495204123
838,0.0,2039.2086533321767,0.010933449158916784,0.0036338399584952027,0.47369873061656154,-0.002513767917168984
839,0.0,2026.0999393729057,0.01592699634101182,3.647856692473576e-06,0.39356576293974077,0.004962306564239584
840,0.0,2032.216453859253,0.0,0.0032362263373701982,0.5247436910932198,0.00037431668306299633
841,0.0,2037.3986252258499,0.010011698961612515,0.005418513067316471,0.27386031324524984,-0.004532235185842121
842,0.0,2045.5285381192639,0.009469566813933314,0.008679555512805906,0.37632712212874403,-0.008314081212107494
843,0.0,2045.358561922968,0.0,0.0043801027612747345,0.6031337604705312,-0.004193372215063057
844,1.0365553697143515,2054.092211555287,0.190975929565857,0.005978748214281196,0.11770637244501694,-0.005743324039271964
845,0.0,2057.463296706235,0.08948066322245901,0.005006423694948012,0.12338633468342056,-0.004745034679134255
846,0.0,2066.4380383083376,0.0775550185690638,0.007915459244956251,0.18713393384647434,-0.007076636080946662
847,0.0,2080.082281952457,0.002098645849303127,0.011910016245995898,0.5550138563233445,-0.011910016245995898
848,7.51455816965955,2077.0186825730616,0.241792115616457,0.004662535777386189,-0.11856597800783873,-0.004061937781704646
849,0.0,2074.9869094784312,0.0,0.0010218797775656432,0.43583385070248626,0.0021991560360959984
850,0.20679128791634582,2086.253816424751,0.11957584932729343,0.004809990587221845,0.02203678288533094,-0.004260541509851394
851,0.0,2085.67922247921,0.07591288476136344,0.004016964821921127,0.3154196566373854,-0.003257237333339313
852,0.0,2084.967086500675,0.0,0.0038088688232344073,0.5934583969627472,-0.000462846458258261
853,0.0,2092.938074362512,0.13096639592836629,0.006418397356239054,0.23776060641110824,-0.004282187687031885
854,0.0,2098.1842175022853,0.2063820049717899,0.006243583542596842,0.20773739097930316,-0.0060782039789870415
855,0.0,2083.959385723706,0.0,6.420150708675047e-05,0.7866813788016461,0.006049938278255751
856,1.8385532584989335,2107.398051761507,0.05471151766213777,0.008593510805092023,0.22287227767018103,-0.008590394963891421
857,0.0,2103.7358229085467,0.0,0.005648092819148651,0.6300689292693316,-0.005507609216530061
858,0.0,2108.1127745796903,0.002366840525445713,0.004462201335481772,0.4473421289710825,-0.0038375777046128793
859,0.0,2103.2948680357845,0.004566426007128658,0.0034368232839338056,0.37377532119363593,0.0020939847981855204
860,0.0,2112.237797401545,0.0,0.0030240608459246275,0.7374540046789495,-0.0029504732721563273
861,0.0,2125.0426099916513,0.010373993495368241,0.0106858284928569,0.5073512167399472,-0.0106858284928569
862,0.0,2109.875851435016,0.0,0.0009916547849793127,0.5434087346627889,0.003054739906606898
863,0.0,2129.9133278449335,0.0003120311760508406,0.007094374764025999,0.39381849116807327,-0.007083967666388213
864,0.0,2127.3137058418783,0.009304125979227511,0.004310907599764832,0.39320535406926216,-0.00420007023954696
865,0.0,2123.480460893487,0.0018536308285392667,0.0021294510074868333,0.5223368007369052,0.0017219696988021102
866,0.0,2123.5608720538885,0.15565521138191676,0.0008589781704419986,0.26708717742122207,0.002446119142534022
867,0.0,2125.991839158695,0.047932057652150216,0.0037168571793324352,0.3031443635782281,-0.0003757630608875029
868,0.0,2124.8288436439157,0.0058559831945844175,0.0012450178453818066,0.46547425445363744,-0.0002958771396652166
869,0.0,2134.474580572408,0.03213799338145978,0.006252210746384302,0.2422769782079291,-0.006114575157299944
870,0.0,2137.933530827463,0.0,0.006536840846203944,0.7390409614859182,-0.006273152723907892
871,0.0,2141.657623227023,0.0502767891647437,0.0049592460565773926,0.252642356090845,-0.004729545510755746
872,0.0,2151.857685634354,0.05761935374758686,0.007701948317857793,0.15068713381479093,-0.007666241317004717
873,0.0,2154.830267632447,0.03317351001494101,0.006194683725819774,0.3343617399156717,-0.00565042168213778
874,0.0,2148.9169039297444,0.005238031530183047,0.0012801691999567654,0.3822207118845713,0.00220688781928318
875,0.0,2156.3153210079113,0.1386729366559697,0.0029704811282721096,0.16556498414940363,-0.001341018522428806
876,0.0,2154.141192623503,0.18038299286824183,0.002127666256171159,0.20714977781307445,-0.00025277243744083877
877,0.0,2148.1150498915,0.06728873442650708,0.001307556037328311,0.342461079681882,0.00401162644502038
878,0.0,2144.4504591272444,0.001179466074664085,0.00047019634227101474,0.5487279954283635,0.005127353795311732
879,0.0,2143.1732741976803,0.0,0.0017214324184161576,0.6925305348012661,0.003069663051185257
880,0.0,2142.8824114738027,0.02782323948127871,0.0010566661218932168,0.43956076803386956,0.0006898844890785379
881,0.0,2146.2860313983165,0.0,0.003669440590452562,0.7276731739682748,-0.0026122365700750466
882,0.0,2143.181354325292,0.11916624599836426,0.001740961283663853,0.24956075634111025,-7.10783741234797e-05
883,0.0,2153.4188704720054,0.15742942064332768,0.005630990045757297,-0.13419264783373838,-0.005630990045757297
884,0.0,2141.702035602677,0.0,0.0009632179404017642,0.8437947204122299,0.003473928128785871
885,0.0,2148.7066075864277,0.0,0.0021299965912834184,0.5264704032176943,-0.00022984751200484145
886,0.0,2140.645728779578,0.0,3.9126945924506487e-05,0.8406321368736029,0.0037944265495321776
887,0.0,2148.1219068835553,0.06283730423627608,0.002790614251932145,0.4223526084878547,-0.001992115714681144
888,0.0,2142.1385559437495,0.02286274049917655,0.0007042371775232996,0.41308571095146873,0.0011842564868064487
889,0.0,2140.416870472922,0.0443204042508519,0.0014771876395770372,0.15716636224998473,0.002512765914784524
890,0.0,2131.3334567432307,0.08151908884539225,0.0002114684494719953,0.34996851383087574,0.007034579995344214
891,0.0,2148.5852260944516,0.10256267081528367,0.006791182091829294,0.1533991044205345,-0.006731321446083947
892,0.0,2150.336489151603,0.006759246351699926,0.008177537866968527,0.5570140116991309,-0.007920629153447375
893,0.0,2155.438267516208,0.0,0.006530870747832171,0.588953425196491,-0.006530506068971984
894,0.0,2157.768675632551,0.008094994207338476,0.003487490651572226,0.4841865469317961,-0.003471031384680453
895,0.0,2149.083784759912,0.0,0.002073628083154327,0.6800220682024692,0.005082505864985816
896,4.734901603591133,2161.996239550766,0.17017689355357035,0.004109113498746663,0.05126572740578567,-0.0034913641543937303
897,0.0,2156.8336393698696,0.0,0.002945920655800734,0.8017826806013314,-0.0007619708258934555
898,3.4615190942024814,2159.848893317502,0.09799137496192648,0.0036452703723652874,0.16729627547239367,-0.0013173373618241343
899,0.0,2157.130007075343,0.0004553693345490983,0.0009671883517694962,0.5153368971018923,0.0010317503481868725
900,0.0,2163.0976889668946,0.0678613241079517,0.004075543437321544,0.3829992493344716,-0.0026088048922710983
901,0.0,2147.5118509841177,0.0,0.0001949048125119576,0.8121803469594558,0.00762517339199117
902,4.833974861434424,2157.254089984107,0.19147981334084094,0.0028018522539500017,0.11161069016837072,-3.1341139165058306e-05
903,0.0,2150.8020383356256,0.0,0.0011838069990538127,0.558687331702837,0.0016281185621276459
904,0.0,2161.92344826463,0.044023041776454906,0.0058221986506207515,0.356338766796488,-0.0058217555881761775
905,0.0,2162.156979165691,0.27399590297703513,0.00485553323804683,0.08242425583176513,-0.004657200830699356
906,0.0,2153.9531558638732,0.09165951997454864,0.0003421806721269043,0.3790028938884268,0.0037448626138355976
907,0.0,2157.569015377898,0.16205824612850953,0.00034129744817531376,0.15474232585984615,0.0017700561103403724
908,0.0,2164.330797996779,0.0013040290419116614,0.004463868875534941,0.6348969752566636,-0.004179470127765379
909,0.0,2163.791682910104,0.020079556099692697,0.004360192797077665,0.5175562038201149,-0.003089581318148374
910,0.0,2158.9689015419544,0.0,0.0012738588096537263,0.8043735185768819,0.0021962356137933143
911,9.888181189356171,2175.836211160424,0.1776434269096643,0.008272378506222538,-0.05431589521242771,-0.008066662365139447
912,0.0,2180.0456600067864,0.030932453833244243,0.008874637833887691,0.37645326111250427,-0.008863059534319982
913,0.0,2176.8196096867027,0.31997030516369773,0.0026006522566789257,0.10208635247536497,-0.0015562399906867952
914,0.0,2182.645401485451,0.0,0.0038427391023284677,0.6247151684805289,-0.0019413287633395107
915,6.37356431098217,2194.4994372655833,0.17806838479433243,0.008749538693319483,-0.07446624944021879,-0.008257110890289139
916,0.0,2201.7286397842827,0.3277072785627704,0.009588350072717463,-0.19122373536850454,-0.009588350072717463
917,0.0,2188.1962576366054,0.007772734008722076,0.0024516177706559615,0.4790823940969712,0.004446095320520479
918,0.0,2199.4156617108247,0.18464186408814356,0.0030922634825144247,0.12665320177485112,-0.0009590776158049954
919,0.0,2200.8963273064182,0.11054946243557069,0.0036230432393297356,0.15429298095183736,-0.002974186645774459
920,0.0,2191.8243378157954,0.14429983733750787,0.0001464745081829388,0.2081226542765704,0.003924951867608292
921,0.0,2195.0240193319255,0.0,0.0005327983264521658,0.6911555040922577,0.0016280367882039336
922,0.0,2194.6456527310206,0.008602303341755406,0.0021072507627154322,0.654157040554292,0.00012920695882821123
923,0.0,2204.264437102529,0.07615514720704115,0.006576622146724721,0.2526088831171163,-0.00643167194431233
924,0.0,2203.5702601154962,0.1616895399864931,0.004145188494356415,0.23988675374550325,-0.004028291019452867
925,0.0,2208.7854006331486,3.867622823394803e-05,0.0047064216981092906,0.5537128242740088,-0.004019015416809025
926,0.0,2198.326017441377,0.11818087948376943,0.0004424337168537123,0.31297240590637293,0.005032882339379969
927,0.0,2213.6685729358724,0.1135350149674791,0.005451110290537564,0.34544217326360677,-0.0048730482579830686
928,0.0,2211.2267270085604,0.02711436154917266,0.004317315011364846,0.37191728964193654,-0.003396842703849407
929,0.0,2202.003254510628,0.03517158159748877,0.0011484473302241446,0.496349408673056,0.004952168532930861
930,0.0,2215.7621807618625,0.05242564689453917,0.004609445456377452,0.28661580833137257,-0.0041331996956788875
931,0.0,2208.803893608942,0.0,0.0013702206313237226,0.5863581630016752,-4.0197986744941556e-05
932,0.0,2211.0308099006293,0.0,0.002434712989871319,0.7394960275447274,-0.00012783389329216956
933,1.0744555234627384,2222.5880757919326,0.035849429037664714,0.007336034781912357,0.22969204859201184,-0.007298615112845068
934,0.0,2219.9067011977254,0.003618655286169327,0.004115389188636695,0.4948510158837609,-0.0033019906770479163
935,0.0,2215.352932182063,0.0036301584688392396,0.0005443219743617988,0.5726741361646392,0.00285680426708277
936,0.0,2212.138176826498,0.0,9.13784735846427e-06,0.7236861265444942,0.005005147117425306
937,0.37656051828756,2215.8755885682754,0.09876922277727665,0.003261987112607493,0.23978029793099012,0.0002124049711555796
938,0.0,2226.8743891390513,0.007720390471439135,0.0086526891556976,0.3307217489480365,-0.008292330413260914
939,0.0,2226.7039081190837,0.038020734364986625,0.005760296438838123,0.24955979040799897,-0.005660803075123159
940,0.0,2236.929209201671,0.24290510095995269,0.007691262036620148,0.09710593314128187,-0.007691262036620148
941,0.0,2232.6352714128016,0.0,0.002395000942291095,0.49293798202988215,-0.0008350305711569249
942,0.0,2240.569003466464,0.015435991888557288,0.00365646832382215,0.48305891478582913,-0.003129146664765795
943,0.0,2243.8240972076574,0.1470894453087788,0.004718582371450276,0.1451805500590475,-0.003924774866785672
944,0.0,2247.0567784712657,0.014353217432920954,0.004884774812026908,0.3156418102736365,-0.0037408501779311325
945,0.0,2254.41311979935,0.028512980736636006,0.006687029485025093,0.22998058980264777,-0.00594305568150986
946,0.0,2254.8340918881245,0.0,0.0035942548042806246,0.6589626649058352,-0.003179942655918112
947,0.0,2270.600391671902,0.03536650895434691,0.0101829430403333,0.3802574669505808,-0.0101829430403333
948,0.0,2262.168462814393,0.003618655286169327,0.001984989828477585,0.4029185384588837,-0.0007370857243112758
949,0.0,2268.988033680986,0.06536774309956121,0.0024820672722385196,0.07319995548617217,-0.001586808526980618
950,0.0,2263.5136715032672,0.00012716924607483198,0.0014357922454891691,0.49297452179804896,0.0025608847876222984
951,0.0,2274.058285108016,0.0008380474159773127,0.004819559613008834,0.46376640820488746,-0.00433389754679616
952,0.0,2271.6224297742087,0.023390419206490674,0.003840483744382159,0.3780980405956805,-0.002257421475924861
953,0.0,2280.875108427384,0.0,0.00629264100497145,0.7794280131651037,-0.005980558439558855
954,0.0,2282.616370390317,0.011315067205307174,0.005661697162773355,0.4302208913361156,-0.004494478442803393
955,0.0,2287.6415027800927,0.19771941625351186,0.005435302503852934,0.24484864727000827,-0.0043617371606749075
956,0.0,2290.163471875876,0.0,0.003365546818605349,0.7557137083393881,-0.0031704004694523757
957,0.0,2290.495857363627,0.0,0.0029942860439719503,0.7637901056123368,-0.0010243483898819325
958,0.0,2305.2338019652834,0.002098645849303127,0.009008386160176116,0.4340837428328541,-0.008924704747375304
959,0.0,2305.127152678662,0.14409148417781062,0.006010928376568418,0.2767086009490907,-0.005748969837843768
960,0.0,2311.096679408346,0.0,0.005707016365705199,0.5168756313932532,-0.004894400736015557
961,0.0,2309.2315313918343,0.03342061551198948,0.0037464498476514918,0.3616402838729088,-0.0004026299213648438
962,0.0,2317.453854539875,0.0,0.0041740198267788695,0.5564534181178803,-0.003886259808459003
963,0.0,2324.709846294297,0.16308964301478027,0.007095873824719928,0.15557477201100586,-0.007080976614403082
964,0.0,2316.8741405056057,0.0,0.002301101844235155,0.541041956738421,0.001243600885673476
965,3.088268955328667,2333.3538659962956,0.1902321841888015,0.007428508815835087,-0.0024115355503780485,-0.007232047630779675
966,0.0,2338.77938756661,0.1012127220021762,0.009029770925348289,0.17560219145842831,-0.00875160900438048
967,0.0,2338.6759464691154,0.0035383924038725873,0.004958803058658214,0.37824463228049526,-0.003692065619959016
968,0.0,2345.785283883155,0.0009031871710411064,0.005014443688841722,0.4138983563677758,-0.004246753183627496
969,0.0,2358.6453642324823,0.17526013426588288,0.010209127991143258,0.13193265042022037,-0.009803422525836044
970,0.0,2348.196310189916,0.004209998497189186,0.0014878571962563243,0.6595106623180119,0.0011179161599751467
971,0.0,2356.7809849704445,0.07826838240815062,0.003057182943057609,0.44232634104904583,-0.0015332848385238567
972,0.0,2358.6066393612455,0.0,0.0033102407261712697,0.4977802978409861,-0.002544516120728111
973,0.0,2348.763933214715,0.0,0.0006756335596182962,0.6638880778315113,0.004881488020619624
974,0.0,2347.939452619101,0.012718478588174556,0.0005789135497725493,0.4261076339506067,0.004666484674162412
975,0.0,2349.6639709525202,0.0015362273422198508,0.0021629516875584583,0.42288225225824433,0.0006049192486559327
976,0.0,2357.8025520108604,0.11727256412138935,0.006198440733248836,0.29260534560523355,-0.0061290076386873215
977,0.0,2351.2844371193473,0.01674747140052431,0.001606624267989602,0.3814264640373766,-0.0003289082096066863
978,0.0,2352.3920037348153,0.2729043770242818,0.002257774682662698,0.0589020947231701,0.0009969613583173985
979,0.0,2359.894365173135,0.0007697558161382348,0.004331856745659132,0.4890172316633393,-0.0039007811496043284
980,0.0,2362.009976260084,0.049825382098340004,0.0048375938349042415,0.2887352161969846,-0.00431559439417005
981,0.0,2367.7573353099237,0.15536282320011033,0.0056087202880102105,0.11249282657712578,-0.005340076442890731
982,0.0,2366.955505483361,0.0,0.002928380600694566,0.6057178997073213,-0.0018215356647073664
983,0.0,2370.6476965906504,0.006674041551008502,0.0029640422446560607,0.4864512896201239,-0.0018911513231387141
984,0.0,2369.337667655693,0.04020292344265045,0.0019501734709709026,0.3555801744938492,8.78314449112681e-05
985,0.0,2372.608949020277,0.0,0.0023909212780768175,0.7603043201559517,-0.0013931819460075447
986,8.698773680797347,2375.911684304316,0.19645686996044187,0.003463564241950242,-0.005751191615478699,-0.0030494694669393617
987,0.0,2367.878464502668,0.0,0.0013381470528611408,0.6255989839905487,0.0033596214756364323
988,0.0,2381.406294879451,0.04743037094114595,0.005387849472664079,0.38877222732156186,-0.005192195012570849
989,0.0,2379.1643875014715,0.0,0.0042389513271652805,0.6168426851583136,-0.0032183236710415855
990,0.0,2380.283228356866,0.02456764265688249,0.0031602330177033953,0.29270418936450404,-0.0012893121170340915
991,0.0,2386.4662968864664,0.03368097036371302,0.004344028323997993,0.39465566822792636,-0.003745093764260824
992,0.0,2398.44634189215,0.06557001966591684,0.00965937005490824,0.2457132443086241,-0.00965937005490824
993,0.0,2386.623478669723,0.0,0.00114806008425184,0.7087380364407089,0.00191881440259867
994,0.0,2391.4773804368906,0.00515313049595401,0.0005650586514589202,0.42898568272081966,0.0013040494394657447
995,0.0,2402.8106261070798,0.024060217479602592,0.007047332064061996,0.4387993477459281,-0.006786374055047814
996,0.0,2396.2364289419597,0.0,0.0035531739021327255,0.519757670668174,-0.0009642743844783724
997,0.0,2404.5835212483953,0.010373993495368241,0.004828771023825797,0.5854909453334257,-0.003759129438648618
998,0.0,2393.2119167715105,0.0,2.2293075350944046e-05,0.6877849098884585,0.004824187054131516
999,0.0,2396.863425051131,0.0,0.0010384428243414821,0.4631054867436054,0.002209163874530175
1000,0.0,2404.4934349284545,0.1200908352539919,0.005400348851047053,0.05667490070273864,-0.004757514464003534
1001,0.0,2412.586629168942,0.08401695237397315,0.00906537446228025,0.34484032081749744,-0.00901940130509777
1002,0.0,2410.062252990767,0.04699338646946334,0.004906342974765944,0.31290426507845737,-0.0031363800158940663
1003,0.0,2402.7292255961434,0.01566953431491956,0.0009189306853980611,0.49681164798381533,0.00524544376855546
1004,0.0,2424.766324378806,0.09067566065848802,0.009187445952328012,0.31095979118782363,-0.009186825393315086
1005,0.0,2400.6714610437452,0.0,3.7378860090001506e-05,0.7496904618932868,0.007104145948835184
1006,0.0,2417.5062729171505,0.0,0.003724952363804933,0.7439164311933094,-0.002766774145643035
1007,0.0,2408.8615056151675,0.0,0.0009589607425039627,0.7272922870454088,0.0012807767295985298
1008,0.0,2415.4542041831173,0.0,0.00288094812599468,0.7573317378971062,-0.002375285682856173
1009,0.02512885031222467,2414.351213664941,0.13206372564351984,0.0038405797459543,0.24076555787284631,-0.001343882561103086
1010,0.0,2419.435428185484,0.0030691947026178696,0.003952618098618069,0.5938741634877495,-0.0033592765602052767
1011,0.0,2417.3299841447642,0.0,0.002823589682733119,0.8085245525445321,-0.0005736368093467663
1012,0.0651417663440661,2428.2435816704806,0.042365598979441706,0.006344633755454987,0.24179354818112,-0.0061655998349340905
1013,0.0,2419.974848993635,0.007142821629085535,0.0018333061311156822,0.5008896782712321,0.0011083695394316984
1014,0.0,2430.5412324482827,0.0,0.003936784026189041,0.753472120795428,-0.003915235652378006
1015,0.0,2418.1864765468486,0.0,0.0004149371948283585,0.5066535728084882,0.004683632446313931
1016,0.0,2426.8957312669636,0.03658758507998323,0.003193604085743935,0.2648706781503183,-0.0009997757518632096
1017,0.0,2428.5439042472685,0.1621026149721762,0.005032167279956116,0.15932984600192224,-0.0031810890815697503
1018,0.0,2429.420703785586,0.0,0.0036013461790265757,0.7875991353380188,-0.0024225685325699113
1019,0.0,2434.3063613458685,0.004714272672640556,0.005099012712607495,0.5838344524196228,-0.003724961503328225
1020,0.0,2415.450647296987,0.0,0.00023664600389163216,0.8459814245320354,0.009980962913440958
1021,0.7315950474137498,2434.5647362936015,0.10453462924387787,0.004957042473752406,0.2149649989728999,-0.003920343150103148
1022,0.0,2424.8215795925075,0.0,0.002923332754395611,0.794369815494593,0.000275186112037402
1023,0.0,2436.1355441975275,0.012292285905944726,0.006353529167224316,0.406720822122527,-0.005656930191704282
1024,0.0,2430.6682881292677,0.10879609596022455,0.0031875751743891925,0.10941150729441795,-0.0005581001241461497
1025,0.0,2441.6154098047696,0.01581447128518911,0.006337689722196254,0.4290321155547183,-0.005457854197631621
1026,0.0,2449.464432808044,0.006228879111038447,0.00851682636130539,0.5789744268714287,-0.008483507849122293
1027,0.0,2447.940542174063,0.0,0.0038826355230838837,0.6338061952596112,-0.003174400563273743
1028,0.0,2457.7978769341844,0.10089977251098184,0.005704313362235736,0.3170660757878308,-0.005692138409475935
1029,0.0,2451.480847349399,0.0,0.0030314901943778415,0.7346347606452,0.0010267985099992694
1030,0.0,2440.248747360675,0.00026730066581259277,0.0009625679136741035,0.42268367958487824,0.009504779721537765
1031,0.0,2436.0170521217005,0.08604676836475306,6.0648597633843705e-05,0.3762720794509942,0.00885847104854155
1032,0.0,2448.960671356196,0.0118322557386438,0.005580697231604167,0.2344776895717404,-0.004969806838667944
1033,0.0,2436.8880659640504,0.0,0.0016913008233678086,0.866507700031261,0.0013603639658377213
1034,0.0,2445.424294244328,0.0,0.00480799533985904,0.7143661358503389,-0.002846827811576467
1035,2.8202016449224203,2445.892386819105,0.1543978751995857,0.004087445627834053,0.03057031870388327,-0.0026748657190188317
1036,0.0,2435.5152525940157,0.0024240614061822006,0.0005616528995525804,0.4444671616460778,0.005536372399973192
1037,0.0,2458.4464420563822,0.0,0.00972985067036439,0.4293055413103113,-0.00968984185180405
1038,0.0,2445.820966061983,0.00012809561823393342,0.002247837719427486,0.7133749189492262,-0.000500960151607391
1039,0.0,2440.178623845644,0.0026139070719754295,8.688324450386715e-05,0.4910972326310722,0.006210129359670572
1040,0.0,2445.6866020178322,0.0,0.00101701966421166,0.49444916263706823,0.0009835276245329135
1041,0.0,2443.745221905678,0.0,0.002862454991026601,0.6539733240080329,-5.1127612934349746e-05
1042,0.0,2433.9578117647757,0.01005920780634958,0.00010590872928646632,0.4414126932879514,0.005774628721505157
1043,0.0,2424.9909840733585,0.0,0.0,0.5985270414047141,0.009590301932212624
1044,13.050292766966399,2451.165754314941,0.42906720943981935,0.011590575837387932,-0.3488273977733743,-0.011570470298063316
1045,0.0,2430.338256133763,0.0026970498958997185,0.0017144403366581736,0.43010769212533023,0.0020655186795011716
1046,0.0,2433.4271136787465,0.006531563910074959,0.001499786468231826,0.4009399984743691,0.0031052800946872066
1047,0.0,2440.0324678827114,0.03441050605345687,0.003161404232385,0.2173622362188086,-0.002638940899724868
