episode,lam_util,lam_tp,mean_util_gap,mean_tp_gap,mean_util_slack,mean_tp_slack,util_slack_ema,tp_slack_ema
1,0.0,3.333262784293754,0.003618655286169327,0.006540185942465478,0.589771882310858,-0.006527630800611987,0.17693156469325738,-0.001958289240183596
2,0.0,3.4591760092188677,0.0016789762830520377,0.003374944618503754,0.6065110631676748,-0.00018072383358633783,0.3058054142355826,-0.0014250196182044185
3,0.0,3.9487507014094825,0.0,0.0029799033729956447,0.6423386799481969,0.0010793131672193154,0.4067653939493669,-0.0006737197825772982
4,0.3450388614274107,9.109948884130038,0.05069017427324054,0.009269950267985525,0.2535580793744508,-0.00924002912076417,0.36080319957689205,-0.0032436125840333598
5,0.0,9.757887611779925,0.014017053625012762,0.002644116421788791,0.3913991894315409,-0.0005129303847511892,0.3699819965332867,-0.0024244079242487083
6,0.0,13.100538687554648,0.0,0.004214334652842743,0.8206361137216713,-0.0034840763026522258,0.505178231689802,-0.0027423084377697633
7,0.0,12.529267764719611,0.0,0.0009101379655353338,0.8105370227568824,0.0038298355285724672,0.5967858690099261,-0.0007706652478670941
8,0.3991274469996915,17.708657171470694,0.08916082974985884,0.008223333614572009,0.08564433214335947,-0.007901712256060126,0.44344340794995607,-0.0029099793503250034
9,0.0,22.03134188585263,0.005515735115298068,0.00808156771550393,0.5948340028559863,-0.00808156771550393,0.4888605864217651,-0.004461455859878682
10,0.0,28.29095940027544,0.08465928265925633,0.010228090963570904,0.08714683887146094,-0.009823747337630695,0.3683464621566738,-0.0060701433032042855
11,0.0,30.578753971338315,0.08342467720416333,0.0014735361632977504,0.3681074547823032,0.0001340338019594792,0.36827475994436265,-0.004208890171655155
12,0.0,34.43810945468719,0.014858915912841969,0.0028625496300244513,0.48919967291155436,-0.0015418875589867397,0.4045522338345201,-0.00340878938785463
13,0.0,34.16523835045396,0.0039029528368812348,0.0007664328552568136,0.527661412399967,0.005094774953787292,0.44148498740415415,-0.0008577200853620533
14,0.0,36.48935231753662,0.0,0.001839382950099601,0.7192417102062735,-0.0012553434821835512,0.5248120042447899,-0.0009770071044085027
15,0.0,35.73837349510871,0.007713637248289637,0.0016387577730462575,0.26520303903174675,0.002498706264993973,0.44692931468087693,6.570690641223998e-05
16,0.0,40.23603693584286,0.013512268163651442,0.008355154222204474,0.4395549497907347,-0.008355154222204474,0.44471700521383417,-0.002460551432172774
17,0.0,39.39463825892831,0.0009745752572769129,0.0009449139919553449,0.4533804314906078,0.0017869921923997607,0.44731603309686624,-0.0011862883448010137
18,0.0,42.6371514267792,0.0,0.004388049274831518,0.5244367092049764,-0.004142732676809333,0.47045223592929925,-0.0020732216444035094
19,0.0,45.86610933763647,0.06098716346885474,0.006593190457939049,0.20527940361556712,-0.005404894386601435,0.3909003862351796,-0.003072723467062887
20,0.0,47.90942690585284,0.025296254382395373,0.004232173916588933,0.5692604764264008,-0.001969275576402827,0.4444084132925459,-0.002741689099864869
21,0.0,48.18910941392852,0.0,0.0018517017677621565,0.609396116089548,0.002732318765527199,0.4939047241316465,-0.0010994867402472485
22,0.0,45.927030579791264,0.0,0.0008983930140382114,0.7997192293082332,0.007614402330988848,0.5856490756846224,0.0015146799811235805
23,0.0,47.993272799982854,0.056130089011681344,0.00433015940148649,0.37960985270059056,-0.0032224842701884106,0.5238373087894128,9.353070572998322e-05
24,0.0,49.47349058055186,0.0013139482991576788,0.005052209739550969,0.3235090327721025,-0.004665475802594579,0.46373882598421967,-0.0013341712467673855
25,0.0,51.220289687945815,0.0012506733862395353,0.004523262490580818,0.4033210918416936,-0.0036810021569241716,0.44561350574146186,-0.0020382205198144214
26,0.0,51.17458353014417,0.0,0.0016949920072383347,0.688556555822559,0.0015699087324617248,0.5184964207657909,-0.0009557817441315776
27,0.0,52.21462936812993,0.15000642693149743,0.0027446267374350076,0.10963795991496086,-3.7915483248274428e-06,0.3958388825105419,-0.0006701846853895525
28,0.0,51.14087599581965,0.0,0.0013534379167864231,0.6630414732752045,0.0032605165376747187,0.47599965973994063,0.0005090256815297289
29,0.0,51.28388683380961,0.0,0.002015482282254573,0.8058661175558851,0.0003789603980712959,0.5749595970847239,0.00047000609649219897
30,0.0,51.97391085422927,0.0,0.004390359252513824,0.4238458212733293,-0.00198736871482161,0.5296254643413054,-0.0002672063469019437
31,0.0,50.56212419042418,0.02667250204412509,0.0013759789358906262,0.5896378265297569,0.0024627661302021467,0.5476291729978409,0.0005517853962292834
32,0.0,52.63040026673182,0.0,0.0049679321746736865,0.45875079102910354,-0.004053559605794275,0.5209656584072196,-0.0008298181043777839
33,0.0,53.60347003014401,0.011502410284125953,0.003191601874655007,0.39616738141795654,-0.0025674293738318344,0.4835261753104407,-0.0013511014852139991
34,0.5253708401446233,59.279095555166194,0.15190475786632426,0.010903530089852098,0.02127964681637324,-0.010903530089852098,0.34485221676222044,-0.004216830066605429
35,0.0,60.353445741896955,0.03966055201541663,0.002049565602524054,0.2755553245969992,-0.0006551309224826105,0.32406314911265405,-0.0031483203233685832
36,0.0,61.803676477323734,0.00026730066581259277,0.0009696577602722613,0.6247211978768017,0.0015023973007152118,0.41426056374189835,-0.0017531050361434444
37,0.0,64.27881310080376,0.1302642719713533,0.002706029346522048,0.05774148144341322,-0.0018039882522351426,0.3073048390523528,-0.0017683700009709538
38,0.0,69.37285377303631,0.04240051475541702,0.008765142985210295,0.24684885472561416,-0.008712751571127952,0.2891680437543312,-0.0038516844720180533
39,0.0,73.10740793856573,0.04144451477620827,0.0067082290997493785,0.2200227061524101,-0.005777782240840776,0.26842444247375485,-0.00442951380266487
40,0.6000255175754017,80.63420343986888,0.1767295400494274,0.0114840895609184,-0.08261608749224018,-0.0114840895609184,0.16311228348395632,-0.0065458865301409284
41,0.0,80.35255373613906,0.02144485130798756,0.00045761650531056286,0.42822704264585654,0.0054735923659689385,0.24264671123252635,-0.002940042861307968
42,0.0,82.18867821677077,0.0013040290419116614,0.0007248811198418553,0.5700054209460227,0.003115874253468527,0.34085432414657524,-0.0011232677268750192
43,0.0,87.94525733893154,0.07276038125383827,0.008987985823478603,0.09597295190160365,-0.008883525702019302,0.26738991247308375,-0.003451345119418304
44,0.0,85.97379540133474,0.0,0.0013008470957148787,0.4907232471092659,0.005421088965463885,0.3343899128639384,-0.0007896148939536471
45,0.0,87.6757704345303,0.0,0.002282163288588351,0.6970424123928006,8.227046748471386e-05,0.443185662722597,-0.0005280492855221388
46,0.0,89.84246790649142,0.0,0.004692250653194827,0.6467205200870365,-0.003669435498487201,0.5042461199319288,-0.0014704651494116573
47,0.5596730136316599,93.35645703704209,0.10151595647753474,0.006728607510056074,0.026677158482919527,-0.006709489968336193,0.360975431497226,-0.003042172595089018
48,0.0,95.2569623353077,0.0004553693345490983,0.003455396903923091,0.4792433461741058,-0.0023008943159541968,0.39645580590028995,-0.0028197891113485715
49,0.0,98.63598908017525,0.0,0.004027793268547372,0.5790277443853548,-0.0037532180522834736,0.45122738744580937,-0.0030998177936290418
50,0.0,101.88530651106167,0.0684994587071024,0.004645112197624604,0.1046015872723287,-0.003702971915290728,0.3472396473937651,-0.0032807640301275474
51,0.0,105.77749664564743,0.0,0.004960988299884095,0.7205880691281985,-0.004743054077434759,0.4592441739140951,-0.0037194510443197106
52,0.0,107.74256374399835,0.0,0.0029902052180970705,0.6392162007282163,-0.0005214501300015823,0.5132357819583314,-0.0027600507700242718
53,0.0,112.29963476943145,0.09106387991030043,0.005742848081656025,0.150600123265838,-0.005504467683068232,0.40444508435058335,-0.0035833758439374596
54,0.0,116.21875633055434,0.006981405135188086,0.005431225306382111,0.39985955056491457,-0.0051404763734000415,0.4030694242148827,-0.004050506002776234
55,0.0,117.00170690768373,0.0,0.0011445249440299658,0.6413592788841951,0.0022703072185309746,0.47455638061567634,-0.002154262036384071
56,0.0,120.6380158741404,0.0,0.0034781986270823666,0.7021374859188565,-0.003266605675710141,0.5428307122066304,-0.002487965128181892
57,0.0,122.01595280055214,0.036795141841558146,0.0027378572659260587,0.4786452718890987,-0.000523013761783452,0.5235750801113709,-0.00189847971826236
58,0.0,124.00389210133784,0.0,0.002092716709783687,0.6508590215534538,-0.001470806546519824,0.5617602625439957,-0.001770177766739599
59,0.0,122.86075464082253,0.0,0.0004310291535810961,0.5541585922795982,0.004432876822877659,0.5594797614646764,9.07386101455783e-05
60,0.0,121.07087674854024,0.0,6.0503756191626366e-05,0.5695067096863541,0.005569066673852442,0.5624878459311796,0.0017342370292576373
61,0.8902560015571677,123.12347316175446,0.1607714274113167,0.0045686208988151705,0.015830926935307955,-0.004443021789316993,0.3984907702324181,-0.00011894061631475173
62,0.0,122.52593790385177,0.04335489204924451,0.00246144355861057,0.19156363441992758,-0.0005566759258330085,0.3364126294886709,-0.00025026120917022877
63,0.16209396560265787,122.24900021378852,0.18589887401002989,0.001726994926545968,-0.003740054155305981,0.0007112775466751093,0.23436682439547782,3.820041758337267e-05
64,0.0,124.88962424923197,0.0,0.006333023717754317,0.6284432508382514,-0.005242202998354194,0.3525897523283099,-0.0015459206071978973
65,0.0,129.39908701190927,0.10595630798967517,0.009381598324584612,0.10815506514019418,-0.009370092831927152,0.2792593461718752,-0.0038931722746166735
66,0.0,129.1093593779851,0.003506370316187104,0.0012973839272241827,0.4222741446869691,0.0023761487146155644,0.32216378572640336,-0.002012375977847002
67,0.0,132.65006465651075,0.0013049983444141959,0.003616166884312446,0.46856794792282236,-0.0032372325451257514,0.366085034385329,-0.002379832948030627
68,0.0,137.3668657349977,0.10766413711733079,0.0076312842304225945,0.1338110764263173,-0.0076312842304225945,0.2964028469976255,-0.003955268332748217
69,0.0,137.15587816320226,0.09045438860315898,0.0012263297151489509,0.1361186406702306,0.003083352942636893,0.248317585099407,-0.0018436819501326835
70,0.0,138.78530834331124,0.02815109208602928,0.001450216578398497,0.39126357005745016,0.0008022450526412357,0.29120138058681994,-0.0010499038493005078
71,0.0,139.7247272303404,0.04339678583634571,0.002409046081150377,0.2760502205687924,7.125343798299301e-06,0.2866560325814117,-0.0007327950913708656
72,0.0,142.9361574530342,0.0,0.005967298435643001,0.6247503520607915,-0.0055662966587836545,0.38808432842522567,-0.0021828455615947023
73,0.0,144.12369505750604,0.004272119701893978,0.002444999587132185,0.33729357804274257,-0.0016197565574052931,0.3728471033104807,-0.0020139188603378795
74,0.0,145.64363304128838,0.05433265289552681,0.001610607653426565,0.15567835770202934,-0.0008088267203712595,0.3076964796279453,-0.0016523912183478934
75,0.0,145.89384198256138,0.11322939186728005,0.0021153970200048977,0.26076554570431576,0.0016454131526310307,0.2936171994508564,-0.0006630499070542162
76,0.0,144.1696934008874,0.09230307735116458,9.956232854251056e-06,0.20097929900645872,0.005340844143727154,0.26582582931753707,0.001138118308180195
77,0.6282157215992341,147.2112269831972,0.19422852921145037,0.005693272906138161,-0.1630971282562138,-0.005693272906138161,0.13714894204541178,-0.0009112990561153119
78,0.0,149.79123085755128,0.06427259552377536,0.007074439562645997,0.18992725804979896,-0.006522577181920544,0.1529824368467279,-0.0025946824938568812
79,0.0,150.3700104068703,0.0,0.0019000158152157713,0.7679900417958144,-0.00014840910705044558,0.3374847183314538,-0.0018608004778149505
80,0.0,153.01338248717965,0.038457083851396484,0.003412743808986788,0.1977182990965748,-0.002726697549634538,0.2955547925609901,-0.0021205695993608267
81,0.0,154.58009468299187,0.0,0.002617827637037953,0.7869237076818881,-0.0012372928435782405,0.4429654670972595,-0.0018555865726260507
82,0.0,153.314461566093,0.0016789762830520377,0.0009337493230359351,0.4121919400757188,0.004922978433399548,0.43373340899079726,0.00017798292918162891
83,0.0,153.31063051065567,0.0647154406037968,0.0006535671303104716,0.339678986114886,0.001933468089930681,0.40551708212802384,0.0007046284774063445
84,0.0,153.03702772504946,0.0,0.002214926646000664,0.5678941066671805,0.00035524739889016325,0.45423018948977084,0.0005998141538514901
85,0.0,151.97089447633925,0.0256400001029081,0.002062764848169708,0.39214745446419863,0.0014621306811041595,0.4356053689820992,0.0008585091120272908
86,0.0,150.89996389583345,0.13198712930886303,0.0011708242089036329,0.11198438969365716,0.0015705277527906373,0.33851907519556657,0.0010721147042562947
87,0.0,150.14812828149817,3.867622823394803e-05,0.001798759202122976,0.6719094441462703,0.0006273724254926801,0.4385361858807777,0.0009386920206272103
88,0.0,153.53833220315838,0.04985935158178391,0.008220066006623412,0.3982944566373805,-0.008218823154585145,0.4264636671077585,-0.0018085625319364965
89,0.0,152.33596180540405,0.008602303341755406,0.002175238867762787,0.3788412682492682,0.0016024909126655352,0.4121769474502114,-0.000785246498555887
90,0.0,152.51036083917194,0.0776439638863326,0.0018980514407605687,0.22418684502466957,0.0015533065878572093,0.35577991672254883,-8.368057263195806e-05
91,0.0,153.6511970101265,0.00015640078801586242,0.0022616398335034106,0.4338879956421642,-0.0015552902296332779,0.37921234039843343,-0.000525163469732354
92,0.0,154.55277731098207,0.008017538004798553,0.003186106848600664,0.4484323542683348,-0.0017692432190519517,0.3999783445594038,-0.0008983873945282333
93,0.0,155.18980151667927,0.11999768219142509,0.004502333697962101,0.13520659231705084,-0.0007426556727926481,0.3205468188866979,-0.0008516678780075577
94,0.0,159.99920499270516,0.051690892849837675,0.009527404444954453,0.16968464197745692,-0.009048284210836676,0.27528816581392557,-0.003310652777856293
95,0.0,156.87432084413987,0.0,0.0001375859407916317,0.47155945591161413,0.007535273214846198,0.33416955284323213,-5.687498004554618e-05
96,0.0,161.88549024881976,0.028079430717746576,0.007127009273599507,0.3191451368924871,-0.006988969825314274,0.3296622280580086,-0.0021365034336261646
97,0.0,163.07284817505678,1.1831968877698939e-05,0.0037748253544748795,0.5749116781939417,-0.0023253965990452223,0.4032370630987885,-0.002193171383251882
98,0.0,163.6208515638179,0.005839496063844135,0.0019231258974279095,0.40014284415789014,0.0011752328244104308,0.4023087974165189,-0.001182650120953188
99,0.0,164.8927281003716,0.0035767304640131918,0.0014960372784259628,0.4033244387483517,-0.00031591217189308636,0.4026134898160687,-0.0009226287362351575
100,0.0,170.74541971408192,0.13083601628163222,0.01092273745522718,0.0727690934680051,-0.01092273745522718,0.3036601709116496,-0.003922661351932764
101,0.0,169.1044946378171,0.0,0.00021812271867669293,0.5379125776045477,0.004543109732127174,0.373935892919519,-0.0013829300267147826
102,0.0,171.68582631977702,0.11409646878513263,0.002609147390007666,0.21360772178542775,-0.0012340466780400537,0.3258374415792916,-0.001338265022112364
103,0.0,171.78640660060603,0.0,0.0007596084232753286,0.6522737821671982,0.0012867709020220805,0.4237683437556636,-0.0005507542448720306
104,0.0,173.98445780289373,0.0,0.004939586230750359,0.45356069432604446,-0.003162299179862621,0.4327060489267778,-0.0013342177253692076
105,0.0,176.49318420354442,0.008861927690526598,0.005920704209062491,0.3593629850632914,-0.004597218591056832,0.4107031297677318,-0.0023131179850754947
106,0.0,180.17440312667532,0.017703903200464045,0.006441469936674737,0.4008852238076768,-0.006183016043218331,0.40775775797971525,-0.0034740874025183457
107,0.0,182.52000085340893,0.00028688272130469704,0.004288441826010174,0.5112264740108949,-0.0023324103878031507,0.4387983727890691,-0.003131584298103787
108,0.0,184.82190733064473,0.0001846011855635402,0.0029356902843129867,0.42692970222563187,-0.0010463147708636988,0.4352377716200379,-0.0025060034399317604
109,0.0,185.7395020761998,0.0,0.0021205641703517563,0.5937967341701198,0.0014548280672822276,0.48280546038506245,-0.001317753987767564
110,0.20053130759336568,190.99788099621858,0.09511127084707298,0.008531193783600894,-0.019141246225550437,-0.008289629417286573,0.33222144840187856,-0.0034093166166232662
111,0.0,190.82428803373003,4.787178599792972e-05,0.0011695323153311811,0.41022881765150687,0.0018763672681349998,0.355623659176767,-0.0018236114511957862
112,0.0,196.90265620949702,0.056712453259497954,0.009035911746732168,0.26493844844177067,-0.009035911746732168,0.3284180959562681,-0.0039873015398567005
113,0.0,201.96935482697864,0.2626762952544832,0.008489889293930405,0.1060507070849912,-0.008489889293930405,0.261707879294885,-0.005338077866078811
114,0.0,204.2112225237114,0.0016197398216669788,0.0017372667423885791,0.5135566325770389,-0.0002946986864225982,0.3372625052795311,-0.003825064112181947
115,0.0,208.90905628917625,0.014731652386059273,0.004110502434288666,0.2905740294572632,-0.004067278229545448,0.3232559625328507,-0.0038977283473909975
116,0.0,214.36587971114147,0.03667023978489222,0.007355378914073393,0.21544644035739444,-0.007221534997763392,0.2909131058802138,-0.004894870342502716
117,0.0,216.67412784747367,0.18427383734661676,0.0022532193954155066,0.1352257908701609,-0.000544763657888851,0.2442069113771979,-0.0035898383371185563
118,0.0,222.5362003293977,0.0,0.007010802986537128,0.5766434036895329,-0.006964251133188154,0.3439378590708984,-0.004602162175939435
119,0.0,221.04043147524655,0.08424433789547207,0.0003793956533283937,0.2959888506825318,0.007047356804644213,0.3295531565543884,-0.0011073064817643404
120,0.0,224.399337761901,0.19814313256563398,0.003473587682118143,0.12956105800492645,-0.002157664727186359,0.26955552698954977,-0.001422413955390946
121,0.0,225.04929331380535,0.0027512898552047816,0.002304288727172684,0.40579635325178853,-0.00014136256648821925,0.3104277748682214,-0.001038098538720128
122,0.6543788751093751,230.23987561206488,0.267285319536422,0.009567269348735537,-0.14618105840148096,-0.00928877781206183,0.17344512488731068,-0.003513302320722639
123,0.0,233.94148963074142,0.17187866688706668,0.006528737217093561,0.22146202251375624,-0.006483955631045857,0.18785019417524434,-0.004404498313819604
124,0.0,240.26853031135164,0.19668821891283672,0.009338124070776114,-0.08459489315331414,-0.009338124070776114,0.10611666797667679,-0.005884586040906557
125,0.0,247.43626741877824,0.09927704024567369,0.010106573233085015,0.23259188310341444,-0.01009957547853884,0.14405923251469807,-0.007149082872196242
126,0.0,251.49368096212476,0.0,0.002578832809093707,0.4952526672517744,-0.0020252893030194242,0.24941726293582095,-0.005611944801443196
127,0.0,254.6735309065632,0.06579386709351608,0.0013552052334195451,0.3987433964788397,0.0010561049743511022,0.29421510299872655,-0.0036115298687049067
128,0.0,259.0928440672942,0.08103650960988962,0.0036011065804502232,0.291811756205023,-0.003210646172156851,0.29349409896061546,-0.0034912647597404897
129,0.0,261.8597069244967,0.07536729968555883,0.0025496720287201944,0.3259530886032298,-0.0018568179742818197,0.30323179585339977,-0.0030009307241028885
130,0.0,265.1681462670036,0.05047196990840101,0.0037661161478634163,0.4356151448691987,-0.003130809058655291,0.3429468005581394,-0.003039894224468609
131,0.0,264.970726575841,0.0645415287749637,0.00027228939987976065,0.3120681302039537,0.0036639227868819984,0.3336831994518837,-0.0010287491210634269
132,0.0,268.307604782802,0.04396858528639835,0.004325964413965543,0.4025368245988646,-0.003742408567302933,0.35433928699597794,-0.0018428469549352786
133,0.0,270.0638904285087,0.02825799731011671,0.0038368567061453003,0.22323581652636376,-0.0025105294709924088,0.3150082458550937,-0.0020431517097524174
134,0.0,272.9764728236929,0.0047643104638668025,0.0057089060944262165,0.3273480917269227,-0.004063116424002995,0.3187101996166424,-0.002649141124027591
135,0.0,275.86448289639924,0.08437278513835147,0.004507356970687949,0.3108179447536874,-0.003778023740311662,0.3163425231577559,-0.0029878059089128123
136,0.0,276.18926965594244,0.0,0.0007433586125427398,0.6183616616223029,0.0022073748346852,0.40694826469712,-0.0014292516858334084
137,0.0,283.05151210259146,0.04451355790755003,0.011124488455158234,0.06052628697632907,-0.011124488455158234,0.30302167138088265,-0.004337822716630856
138,0.0,282.72522873617834,0.032460090882746144,0.0010567493019803796,0.4359638410365061,0.002349303465963416,0.3429043222775696,-0.0023316848618525742
139,0.0,286.02341406821387,0.00039954139583057036,0.0035052372825064254,0.5165883443420803,-0.0022555005760062307,0.3950095288969228,-0.002308829576098671
140,0.0,289.23755825456567,0.15182904778431477,0.0043634191654197945,0.11531550039015116,-0.004171094091465892,0.31110132034489135,-0.002867508930708837
141,0.0,294.6898727314867,0.12875381648867162,0.008885639798340917,0.026880135004458666,-0.00883447814636969,0.22583496474276155,-0.004657599695407093
142,0.0,301.89444768859477,0.004972110527101901,0.011873037660817546,0.4829197601926925,-0.01182847603717818,0.30296040337774083,-0.006808862597938419
143,0.0,308.45239387451414,0.10682653796772665,0.008527091736612624,0.0927374987097536,-0.008527018929702375,0.23989353197734467,-0.007324309497467606
144,0.0,310.90860779440686,0.03147134960186302,0.0025736010522842646,0.4637275110617438,0.0022806324354705605,0.3070437257026644,-0.004442826917586156
145,0.0,317.8488674106272,0.02997459116232209,0.006768421035525492,0.2051550113011629,-0.0066442673523640985,0.276477111382214,-0.005103259048019539
146,0.0,321.4336168330629,0.01425833909308124,0.0037791152952360413,0.21010890103304938,-0.002627647463921426,0.2565666482774646,-0.004360575572790105
147,0.0,322.5523759171808,0.0033846818755237508,0.0003872019499334982,0.47660269458371435,0.00316683739864099,0.32257746216933947,-0.002102351681360776
148,0.0,322.4280317578575,0.0,0.0009065570105342732,0.684129304626213,0.004888914540303196,0.4310430149064015,-4.971814861584557e-06
149,0.0,323.5188676995716,0.0,0.0012661694343343486,0.7265942418500787,-8.2418051534334e-05,0.5197083829895046,-2.820568586340939e-05
150,0.0,323.20691211612336,0.0,0.0017231344097004575,0.50815844516068,0.0006562616762423031,0.5162434016408571,0.00017713452276830436
151,0.0,321.8283806101922,0.00346001449704971,0.001317660430554563,0.3550815801448845,0.0028939409550156297,0.4678948551920653,0.0009921764524425019
152,0.0,323.19387511784396,0.0,0.0038883794148237985,0.6198265189361307,-0.0030706360376765436,0.5134743543152849,-0.00022666729459321186
153,0.0,320.8880904501289,0.0,0.0004958458923833218,0.5459244156751927,0.0037796453903867974,0.5232093727232572,0.0009752265109007909
154,0.0,317.30712538057287,0.010466699385900205,0.00032094211030476646,0.466419907758939,0.0076558212221555,0.5061725332339617,0.002979404924277203
155,0.0,317.7086074228628,0.0,0.00345202340480782,0.7051992057859146,-0.0019764237421374116,0.5658805349995476,0.0014926563243528182
156,0.0,318.77904685419065,0.0,0.005732158824667087,0.39325912157850557,-0.00539582295823639,0.514094110973235,-0.0005738874604239443
157,0.0,319.7278597506076,0.030992993506372343,0.003711439042776278,0.20689463480283785,-0.003507631894551837,0.4219342681221158,-0.001454010790662312
158,0.0,317.23363411324954,0.0,7.833731408577799e-07,0.4810771073525323,0.005854686632048425,0.4396771198912407,0.0007385984361509093
159,0.0,319.4510591133051,0.0,0.0033261896517952578,0.5811353146136046,-0.003135815778015517,0.4821145783079498,-0.00042372582809901873
160,0.0,317.8555088725629,0.0,0.0010473108161937262,0.5790665948479827,0.00257234487339324,0.5112001832699596,0.00047509538234865884
161,0.0,323.10267505774635,0.014501621947166834,0.010510010789127026,0.4558777595352695,-0.010510010789127026,0.4946034561495526,-0.0028204364690940465
162,0.0,325.2531441297151,0.0,0.00503500510116362,0.5703677741060842,-0.004857516737002539,0.517332751536512,-0.003431560549466594
163,0.0,326.6483247281962,0.05488237637873174,0.0015097557621607902,0.23361756217191318,0.00017431009803184393,0.43221819472713235,-0.0023497993552170624
164,0.0,329.2018585593103,0.0838991057379689,0.003112629279534484,0.15638630191388697,-0.001647411602659433,0.3494686268831587,-0.0021390830294497733
165,0.0,335.2795401948867,0.015484827991946115,0.010301795970151476,0.29719817316667124,-0.010125000619539302,0.33378749076821246,-0.0045348583064766315
166,0.0,337.6325616084564,0.10531100973077019,0.003413110320248531,0.019044256187563304,-0.0024849640264900602,0.2393645203940177,-0.00391989002248066
167,0.0,340.56717389329594,0.0,0.002137959056451171,0.6707031232976429,-0.0012266361065659142,0.36876610126510523,-0.0031119138477062364
168,0.0,343.4183358658617,0.0,0.0037323796746190872,0.5127567891104089,-0.0017270389257734635,0.4119633076186964,-0.0026964513711264047
169,0.0,341.8367210813559,0.0,0.00034529976887622866,0.6849579313258027,0.006648959866211269,0.49386169473082825,0.00010717200007489733
170,0.0,341.061355475691,0.0,7.67798885096813e-05,0.5928142656511922,0.004419683023388685,0.5235474660069375,0.0014009253070690335
171,0.0,340.34551307144375,0.0659472246292707,0.0018257173515639092,0.1521074998922202,0.0013213289543092274,0.41211547617252225,0.0013770464012410918
172,0.0,340.7350881445594,0.011164595658129044,0.003413819696774377,0.3128546412443808,-0.0023282888639061744,0.3823372256940798,0.0002654458216969119
173,0.0,338.824706165936,0.0,0.0008354606312405662,0.4858220368253243,0.002534478878268506,0.4133826690334531,0.0009461557386683901
174,0.0,338.95009971148704,0.00930235240176812,0.002093390278482189,0.3220253257384107,-0.0005771657732767648,0.3859754660449404,0.0004891592850848435
175,0.0,336.648828681676,0.0,0.002020681955613421,0.7216099674349001,0.0037883541141150306,0.4866658164619283,0.0014789177337938995
176,0.0,336.87087733811416,0.004729475669917535,0.0025069405222755705,0.45174250186727577,-0.0010337638617843488,0.4761888220835325,0.0007251132551204249
177,0.0,335.9042573368542,0.09225367321117046,0.0023673327647927033,0.2567910344213052,0.0004430393109597152,0.4103694857848643,0.0006404910718722119
178,0.0,343.5011201588005,0.1551697086778997,0.016608810981133353,-0.021043178251501822,-0.016608810981133353,0.28094568657395447,-0.004534299544029457
179,0.0,342.5706088068176,0.035526012372021167,0.001123731873986425,0.31871137919915443,0.0014603162644320812,0.29227539436151445,-0.0027359148014909954
180,0.0,347.02759951348594,0.0,0.00528308150024031,0.5914174842518298,-0.004448172163799488,0.38201802132860907,-0.003249592010183543
181,0.0,350.14006909449125,0.0005177295984167334,0.004243731399385741,0.4377661900850953,-0.0034990007084503595,0.3987424719555549,-0.0033244146196635877
182,0.0,356.40150594382294,0.0635558783672523,0.009721211938091464,0.14305707900245349,-0.009521151149680569,0.32203685406962446,-0.005183435578668682
183,0.0,358.5214542216676,0.0,0.0026325927089400638,0.49083436762312055,-0.0007376505342488204,0.37267610813567326,-0.003849700065342723
184,0.0,362.6770768309203,0.06279809929868113,0.0037115950945468775,0.13244068139485823,-0.0030977308721074643,0.30060548011342875,-0.0036241093073721455
185,0.0,368.4697796895015,0.03459177720722999,0.00790702216617152,0.1858920243616853,-0.00790702216617152,0.2661914433879057,-0.004908983165011958
186,0.0,372.2375528142985,0.0,0.004412389861257768,0.41844004314830346,-0.0038698725162722974,0.311866023316025,-0.004597249970390059
187,0.0,373.6318621530306,0.013215389601639113,0.0018526006403851098,0.45516676328217626,0.0024002650899616943,0.35485624530587034,-0.0024979954522845334
188,0.0,380.43255222614954,0.007772734008722076,0.009290592746316814,0.42859969361029576,-0.009275219122662727,0.3769792797971979,-0.0045311625533979915
189,0.0,379.70365901373543,0.0,0.00034038010237216044,0.8955733407644828,0.004309404561717295,0.5325574980873833,-0.0018789924188634055
190,0.0,382.97396372335544,0.0,0.0026862892009751494,0.6465582266534609,-0.002014882467799571,0.5667577166572065,-0.001919759433544255
191,0.0,387.6766026651742,0.01814672750409032,0.008146034438988876,0.4198352388071948,-0.007759890716075211,0.522680973302203,-0.0036717988183035417
192,0.0,388.0982053727798,0.0,0.001614983372906846,0.7685423943899747,0.0012744020531930277,0.5964393996285344,-0.0021879385568545707
193,0.0,389.62883778235005,0.0,0.0017750816428726331,0.4877839433364083,0.000727137022330382,0.5638427627408966,-0.0013134158830990848
194,0.0,389.55791868947273,4.412244861940855e-06,0.0021081109982779324,0.4933970433833798,0.002481576435347008,0.5427090469336415,-0.00017491818756525687
195,0.0,393.19123876494297,0.0,0.006326952197995432,0.5745228621744791,-0.0061939870211863085,0.5522531915058928,-0.0019806388376515725
196,0.0,394.0034251494826,0.034371294560625903,0.003949337736421135,0.2716217176804411,-0.0014273219041749236,0.46806374935825723,-0.0018146437576085778
197,0.0,395.0630782286127,0.0005563393353499298,0.0015718330049475932,0.5370900526494994,-6.88349690669075e-05,0.4887716403456298,-0.0012909011210460767
198,0.0,394.2671296598489,0.0,0.0012664771699636914,0.5112590047727812,0.00360226764581053,0.4955178496737752,0.00017704950901090534
199,0.0,393.78035617159765,0.0,0.0017323284717734853,0.583245807605383,0.002351423038737673,0.5218362370532575,0.0008293615679289356
200,0.0,393.08715561909105,0.02915209443896177,0.0025803849391554576,0.47415106998153544,0.0012251845138386598,0.5075306869317409,0.0009481084517018528
201,0.0,394.3235194460321,0.039777341434015755,0.004049433225750066,0.19983823506677767,-0.00347918079154068,0.4152229513722519,-0.00038007832127090707
202,0.0,390.3588197037473,0.0,0.0001943963340836754,0.7009765753804557,0.007288014755956825,0.500949038574713,0.0019203496018974126
203,0.0,390.9420132667345,0.019901406080106435,0.002018374752951212,0.4579881395660313,-0.0008990862383117331,0.4880607688721084,0.0010745188498346688
204,0.0,388.23382949413906,0.0,0.0014023909168356498,0.5761840036027267,0.003596913738854113,0.5144977392912938,0.001831237316540502
205,0.0,389.187319294244,0.0025622923163736372,0.003611732299849003,0.4317141015451629,-0.0031820291069856667,0.4896626479674545,0.0003272573894826514
206,0.0,393.24156822956724,0.11805735065444456,0.010368147103561088,0.10815819630198746,-0.01036752654454816,0.37521131246781436,-0.0028811777907265922
207,0.0,392.8225649516803,0.0,0.0027643596991360213,0.5694561843421225,0.0006520794561669028,0.43348477403010677,-0.0018212006166585435
208,0.0,396.00859992830436,0.0,0.004198554149474343,0.6747472482880948,-0.0035604626435991136,0.5058635163075031,-0.002342979224740714
209,0.0,397.76171270196073,0.00012809561823393342,0.003293870766867993,0.6256928722113343,-0.001657610168400709,0.5418123230786525,-0.0021373685078387127
210,0.0,399.0309642120117,0.0,0.002140873920557766,0.6063326803474525,-0.0001146135990080293,0.5611684302592924,-0.0015305420351895077
211,0.0,401.2820023059652,0.023989724926290115,0.004787838780940297,0.28214684858676986,-0.0023994645819381357,0.47746195575753564,-0.0017912187992140962
212,0.0,399.91365797264643,0.0,0.0004103927587639005,0.5022722935255373,0.0045196660977038,0.4849050570879361,0.00010204666986127274
213,0.0,402.6346797522607,0.0,0.004047946754765025,0.6377963269533605,-0.003807194402926009,0.5307724380475634,-0.0010707256519749116
214,0.0,401.8043388777414,0.0,0.0024692809615518524,0.526983999586453,0.001668191776308661,0.5296359065092302,-0.0002490504234898398
215,0.0,404.597279044147,0.0,0.005118125190608384,0.6418135609727863,-0.00469290902489239,0.563289202848297,-0.0015822080039106048
216,0.0,403.4890741018198,0.0,0.0007116966380649941,0.7875755782583821,0.0026341131544797293,0.6305751154713225,-0.00031731165639350446
217,0.0,400.5444996999098,0.024734336504962602,0.001046779863268661,0.4321368135163066,0.007795884660402495,0.5710436248848177,0.0021166472386452955
218,0.0,402.0611831279562,0.013370919790070584,0.003958176731950408,0.41081028212460574,-0.0029174178012969223,0.5229736220567541,0.00060642772666263
219,0.0,398.09416867530996,0.0,0.000166229691822847,0.6991778344478302,0.006034504747479938,0.5758348857740769,0.002234850832907822
220,0.0,396.45437124085527,0.0,0.0010995478230223534,0.4458226288714039,0.002691430321802653,0.536831208703275,0.0023718246795762714
221,0.0,397.89744201117134,0.0,0.005919232657115519,0.9097498141083893,-0.005433193084086552,0.6487067903248094,3.0319350477424432e-05
222,0.0,399.6760575989492,0.002177748510143469,0.006211994040670812,0.46229081977542846,-0.0061773631553658625,0.5927819991599951,-0.0018319854012755616
223,0.0,405.50008882784766,0.0004553693345490983,0.012088648325232411,0.5689684946331774,-0.012088648325232411,0.5856379478019498,-0.004908984278462616
224,0.0,406.5469972870961,0.013996436809364994,0.0020069374783626185,0.4064277689261485,-6.820015216954068e-05,0.5318748941392094,-0.003456749040574693
225,0.0,412.8415304621486,0.0017593983764607596,0.007859239272307098,0.5025781088034825,-0.007856054281270314,0.5230858585384913,-0.004776540612783379
226,0.0,416.9697124258675,0.0,0.005213843093171238,0.8687270023394744,-0.00480057631494969,0.6267782016787862,-0.004783751323433272
227,0.0,421.15044312261927,0.07075151601973924,0.0038255859398053245,0.19337889309507958,-0.0035349695081071755,0.49675840910367414,-0.004409116778835443
228,0.0,423.99383800915456,0.021966682839642596,0.0026254392520787314,0.2591718039721951,-0.0007569518525873552,0.4254824275642304,-0.003313467300961016
229,0.0,427.0033862018719,0.004010129865396408,0.0033074367285200793,0.5183083851320092,-0.001539000952667506,0.453330214834564,-0.002781127396472963
230,0.0,431.07484838916395,0.0,0.005563385516362635,0.7920171796771328,-0.004914804143504371,0.5549363042873346,-0.0034212304205823853
231,0.0,435.9949379493963,0.0017764386039568593,0.007210627611633737,0.47264825039025055,-0.007210627611633737,0.5302498881182094,-0.00455804957789779
232,0.0,439.62772165052536,0.0009745752572769129,0.004318724859870887,0.4131229064555867,-0.0038145989568331993,0.4951117936194226,-0.004335014391578413
233,0.0,440.044138713705,0.0,0.0007497450629378022,0.6498228233014065,0.004061058361668385,0.5415251025240178,-0.0018161925656043733
234,0.0,445.07268870419364,0.0069141748097811305,0.006136832269040875,0.45169681843901177,-0.005884831132057016,0.5145766172985159,-0.0030367841355401657
235,0.0,443.02473186750257,0.006832129945476815,0.0001641830097724749,0.37433313285101993,0.006284976671258481,0.47250357196426707,-0.00024025589350057147
236,0.0,444.01553725809543,0.0,0.0019453743661835272,0.6626984200530356,0.001109149573015028,0.5295620263908976,0.00016456574645410836
237,0.0,448.98519322492166,0.0,0.010110040281260403,0.6794975099201513,-0.010110040281260403,0.5745426714496736,-0.002917816061860245
238,0.0,448.2204926632912,0.0,0.0006887140871886115,0.7226175947834668,0.0015432791867510786,0.6189651484498115,-0.0015794874872768479
239,0.0,452.80664428835075,0.0,0.006464827792126016,0.49870096532444497,-0.006449278842466303,0.5828858935122015,-0.003040424893833684
240,0.0,454.3744050082758,0.1749943410541213,0.002605869056605299,0.19373266128535327,-0.0014941843300207177,0.46613992384414704,-0.002576552724689794
241,0.0,457.59205288117215,0.15523870409244084,0.003972065488546935,0.19297689236257665,-0.0034289674405952714,0.3841910143996759,-0.002832277139461437
242,0.0,462.7126579521907,0.0,0.007866006595592393,0.6466554516994006,-0.007866006595592393,0.46293034558959334,-0.004342395976300723
243,0.0,466.1783641016713,0.0001032569413592866,0.004284469008569693,0.5444531254071558,-0.004088999292133286,0.4873871795348621,-0.004266376971050492
244,0.0,472.2445386765202,0.00026730066581259277,0.007942601449146153,0.5273383649204417,-0.007936768848494813,0.4993725351505359,-0.005367494534283788
245,0.0,471.98838373423825,0.011410434743473974,0.00031711660016269053,0.3366565491984203,0.005201444413526855,0.4505577393649012,-0.0021968128499405947
246,0.0,476.98903109340154,0.22935206542342293,0.005005670019899605,0.20501143574631442,-0.004735341322963691,0.3768938482793251,-0.0029583713918475236
247,0.0,477.21605844995065,0.0025622923163736372,0.0009116589748021344,0.3673757827928233,0.0019386385338712611,0.37403842863337455,-0.0014892684141318878
248,0.0,478.6050058634779,0.04846214322594455,0.0033162553156321876,0.2700485869093382,0.00025004927224820783,0.3428414761161636,-0.0009674731082178591
249,0.030046259749183957,482.26326000838304,0.18994877963096615,0.006633731316333437,-0.0624046783623742,-0.006029730157655948,0.22126762977260225,-0.0024861502230492855
250,0.0,480.06152781320804,0.0,0.0003809587880724675,0.49905420612003604,0.005698316153635215,0.3046036026768324,-3.081031004393544e-05
251,0.0,485.18379678462907,0.017069037089364282,0.008082934543889449,0.4415370181905547,-0.008080370111865591,0.34568362733094904,-0.002445678250590432
252,0.9043852576987605,490.32058428092785,0.22331549762448283,0.010819367136396583,-0.15829027759464476,-0.010567643283885417,0.19449145585327088,-0.004882267760578927
253,0.0,490.4027612123918,0.028079430717746576,0.0028890278608495867,0.28766947217421296,0.0025798073938392827,0.2224448607495535,-0.002643645214253464
254,0.0,494.1962570761808,0.0,0.003848403435441851,0.6046627491144604,-0.0027072689150301307,0.3371102272590255,-0.002662732324486464
255,0.0,496.38929758354396,0.0,0.0021227969360995747,0.6553407571306088,-0.001704090111972432,0.43257938622050046,-0.002375139660732254
256,0.0,492.84538732620734,0.0,0.0002544454664369288,0.6235529558503904,0.010255790026655248,0.48987145710946745,0.0014141392454839964
257,0.0,493.6752144543923,0.0,0.002457300955719018,0.5247523002423482,0.0006863748276487771,0.5003357100493316,0.0011958099201334305
258,0.0,498.9835789084975,0.0016789762830520377,0.012581979740103765,0.49717846516961717,-0.012581979740103765,0.49938853658541726,-0.0029375269779377275
259,0.0,498.45309960806543,0.0009745752572769129,0.0040458046706746825,0.422696688390003,-1.807316682481134e-05,0.476380982126793,-0.0020616908346038523
260,0.0,499.08990112505006,0.0003554949986278336,0.0011362195965082381,0.48039426412923486,0.0018191578930756716,0.47758496672752554,-0.000897436216299995
261,0.0,504.8395521030961,0.017778582117145603,0.009793451742537772,0.49324039728171293,-0.009793451742537772,0.4822815958937817,-0.003566240874171328
262,0.0,505.27773897755367,0.0,0.0021737028466666756,0.6567177597417448,0.00017053343994963686,0.5346124450481706,-0.0024452085799350383
263,0.0,506.01783128137095,0.019086215792973156,0.002468050332269668,0.3901830315906773,0.00227485896847313,0.4912836210109226,-0.0010291883154125876
264,0.0,509.04930240900694,0.047259743226961186,0.004406323876227253,0.22681988153747343,-0.003725589732000453,0.41194449916888787,-0.001838108740388947
265,0.0,511.7730109521813,0.05034194048306462,0.0054782754904854165,0.35049004434245506,-0.004525733772209009,0.393508162720958,-0.0026443962499349653
266,0.0,518.7257846199733,0.14664907258195023,0.012467574987198865,-0.0075865629008947996,-0.012460065359580929,0.2731797450344022,-0.005589096982828754
267,0.0,522.5044246875493,0.05866059805949726,0.004984519432014379,0.30929401451863897,-0.004884708339483022,0.2840140258796732,-0.005377780389825035
268,0.0,527.6475761783831,0.13246693437466864,0.005156565387708915,0.2987631197047156,-0.004668848732547972,0.28843875402718594,-0.005165100892641915
269,0.0,525.1205945413594,0.030937454225371648,0.0,0.3893383548887128,0.011081612187060446,0.318708634285644,-0.0002910869687312062
270,0.0,531.1878136333036,0.0,0.007247752564216759,0.5833232484037179,-0.007247597721351299,0.39809301852106616,-0.002378040194517234
271,0.0,528.4918007354031,0.06262793543274951,0.001058791199696268,0.295761950435459,0.006018994137826033,0.36739369809538397,0.00014107010518574627
272,0.0,531.013073790266,0.09441518299951315,0.0035675457640502958,0.053727125145724496,-0.0027814049160582326,0.2732937262104861,-0.0007356724011874473
273,0.0,533.6037418750064,0.0004167960005618935,0.005654996975708164,0.5001429821158921,-0.005513520186061521,0.3413485029821079,-0.0021690267366496693
274,0.0,530.3688355466811,0.0,0.0006012251261484572,0.5507660843556988,0.007596089715941764,0.40417377739418514,0.0007605081991277607
275,0.0,530.0398451809591,0.011871026647292627,0.0007500545511107752,0.5227037729916503,0.0029131116043004065,0.43973277607342465,0.0014062892206795543
276,0.0,530.7745553555009,0.0698808301270319,0.003808123588811165,0.34955705943848214,-0.00238143762191488,0.41268006108294186,0.0002699711679012239
277,0.0,530.4011024712429,0.03312112447686282,0.003012301295053079,0.3272160242790391,-0.0006981065613330532,0.387040850041771,-2.045215086905923e-05
278,0.0,526.9572540149188,0.0,0.0002779536970206216,0.71295259767601,0.00689431649039766,0.4848143743320427,0.0020539784415109564
279,0.0,531.7828905606718,0.011217120054634377,0.010139090432367845,0.3046128741244229,-0.010117687581559915,0.4307539242697567,-0.0015975213654103053
280,0.0,531.1075812567685,0.0485126628024014,0.0031937296878136834,0.35276993368768245,-0.0006661031032166217,0.40735872709513443,-0.0013180958867522001
281,0.0,531.9202985353814,0.0,0.0008368669920552344,0.6939730361383228,2.584442047372792e-05,0.4933430198080909,-0.0009149137945844216
282,0.0,535.1809132555389,0.0,0.005763394349663047,0.6464604113078489,-0.0053818093768536615,0.5392782372580183,-0.0022549824692651935
283,0.0,534.6912710529339,0.008671525803904774,0.002732759061748122,0.3565910932784627,0.002067080727672088,0.4844720940641516,-0.000958363510184009
284,0.0,535.0653152754293,0.010841928711339948,0.0017392913739961964,0.33477135776112316,0.0016096130882102498,0.439561873173243,-0.0001879705306657314
285,0.0,535.716054990172,0.04817385282800063,0.002482436743109922,0.28556347184874825,-0.00034958031049493006,0.39336235277589454,-0.000236453464614491
286,0.0,536.5594489372288,0.0,0.0033063268286443147,0.5549748016963154,-0.0015514158592326538,0.44184608745202075,-0.0006309421829999399
287,0.0,534.7667864835814,0.00026730066581259277,0.002198766511785095,0.5106176396202623,0.004007308395030284,0.46247755310249317,0.0007605329904091273
288,0.0,538.9307510789107,0.017389098896976332,0.008737339640982193,0.2837533076361112,-0.008049383674244626,0.4088602794625785,-0.0018824420089869984
289,0.0,538.6028653855439,0.0,0.0015842773575292385,0.7559671980307759,-3.069158678730857e-05,0.5129923550330378,-0.0013269168823270914
290,0.0,539.5651519978347,0.00026730066581259277,0.0020201810277780375,0.5220675503121325,1.1401520519155417e-05,0.5157149136167661,-0.0009254213614732173
291,0.0,538.6309609591724,0.008928053056055502,0.00044678110497026343,0.5772680747327431,0.0033669956396984832,0.5341808619515592,0.0003623037388782929
292,0.0,540.56109180264,0.012936285811741876,0.0035489063937100508,0.4520641662771827,-0.00307222132814278,0.5095458532492463,-0.0006680537812280289
293,0.0,538.7679471578264,0.0,0.0018706658635020087,0.6799120974215206,0.0033861538562480063,0.5606557265009285,0.0005482085100147816
294,0.0,539.2305953120648,0.02023108357598122,0.0023059031763226143,0.31265403522650387,-0.0002908029871347868,0.48625521911860115,0.0002965050608699111
295,0.0,538.810273882813,0.010716328061342446,0.0008292367317088358,0.4708122438575168,0.0002922647354729878,0.4816223265402758,0.00029523296325083406
296,0.0,539.3099166094239,0.003165877067900249,0.0038960727520494553,0.37957995361462604,-0.0013620831589808335,0.4510096146625809,-0.00020196187341866624
297,0.0,538.5988578441571,0.0,0.0017098708341073945,0.6196197085390339,0.0011822531689786922,0.5015926428255167,0.00021330263930054128
298,0.0,537.8770103519076,0.0105988981156297,0.0014160799379130903,0.4989303400129795,0.0017053382836934305,0.5007939519817555,0.000660913332618408
299,0.0,535.4687049441495,0.01641975963890217,0.0007158538468059068,0.3551809303393886,0.00476757462803223,0.4571100454890454,0.0018929117212425543
300,0.0,538.3217350286718,0.09951333357028255,0.006711135385950758,0.29299485065859915,-0.006711135385950758,0.4078754870399115,-0.0006883024109154393
301,0.0,534.5406155883499,0.0,0.0007227551550557686,0.4513467513809085,0.005934228391497705,0.4209168663422106,0.0012984568298085037
302,0.0,531.3273815087098,0.023800182961962155,0.00039685172310777823,0.4103885665116805,0.0073571169760453066,0.4177583763930516,0.003116054873679544
303,0.0,533.0987136475608,0.021298788689395047,0.0060117964201252825,0.3543942138031436,-0.005172670106726663,0.39874912761607917,0.000629437379557682
304,0.0,532.4643032896095,0.0,0.0035925251916823714,0.4694882295194742,-0.0019504288051658848,0.4199708581870977,-0.0001445224758593881
305,0.0,533.3067740239819,0.017788732722912107,0.003178272858957485,0.36466442445631403,-0.002404789530487794,0.4033789280678626,-0.0008226025922479099
306,0.0,531.5526014173521,0.0,0.0005736829861587334,0.8648905633036363,0.0038393456175091338,0.5418324186385947,0.0005759818706792031
307,0.0,537.8656180511365,0.08380561585547189,0.012326749159021844,0.1381930502468993,-0.012319239531403908,0.420740608121086,-0.00329258454994573
308,0.0,537.5623009986753,0.0037801527725359533,0.0008447204652213132,0.32629817040015624,0.00016912043358437552,0.39240787680480704,-0.002254073054886698
309,0.0,545.2326369569015,0.017616324701369746,0.01245617129615776,0.48918769833044307,-0.01245617129615776,0.4214418232624978,-0.005314702527268017
310,0.0,547.3586521603975,0.000185195103047311,0.0030203959654712016,0.4667551420733302,-0.0018597596364733793,0.4350358189057475,-0.004278219660029625
311,0.0,550.7718975172285,0.005311705097147452,0.002570281070836437,0.380578253857878,-0.0013965202083257209,0.4186985493913866,-0.0034137098245184535
312,0.0,559.1293775075808,0.0,0.012812699924681504,0.7786903179519519,-0.012812699924681504,0.5266960799595561,-0.006233406854567369
313,0.0,556.5678997371014,0.001159179088590341,0.0,0.5252185085234513,0.009152085041312635,0.5262528085287247,-0.001617759285803367
314,0.0,562.2090107948694,0.01956617339299646,0.005369803887417209,0.5054867991698969,-0.005191775926600632,0.5200230057210764,-0.002689964278042546
315,0.0,563.5107368078193,0.0962130643450948,0.003003653284904511,0.23984435616541105,-0.000914681426015276,0.4359694108543768,-0.002157379422434365
316,0.0,564.2376378390103,0.0,0.0018699921121617246,0.47512443307360797,0.0013775597839144915,0.44771591752014606,-0.0010968976605297079
317,0.0,568.4258957953019,0.07105988113100155,0.006444185359769554,0.2679571819385187,-0.006432563108049638,0.3937882968456578,-0.002697597294785687
318,0.0,573.1217255646849,0.0,0.008527977069213336,0.6312253951011885,-0.008527977069213336,0.46501942632231696,-0.004446711227113981
319,0.0,580.2150243694215,0.14496285594599548,0.011782429026669825,0.18541019488385616,-0.011782429026669825,0.3811366568907787,-0.006647426566980735
320,0.0,584.888400935879,0.010911068242133682,0.005204413302649449,0.29664639800019077,-0.004827234211585298,0.3557895792236023,-0.006101368860362103
321,0.0,590.5897196877366,0.0021125062364002536,0.006090374476993714,0.4047980696579212,-0.00469912102325006,0.37049212635389794,-0.00568069450922849
322,0.0,595.1773417736872,0.0,0.003816678731791341,0.5913996133720998,-0.0029652578449685775,0.4367643724593585,-0.004866063509950516
323,0.0,599.58740693147,0.0,0.00435417051268483,0.6900633113760376,-0.0030674929853531404,0.5127540541343623,-0.004326492352571303
324,0.0,602.5658488904338,1.925941605852243e-05,0.00250494493993785,0.4218283091822278,-0.0009560007436189945,0.4854763306487219,-0.00331534486988561
325,0.0,601.9145232373271,3.217770097226776e-05,0.0006153863155513038,0.5171266903919626,0.006001830680812609,0.4949714385716941,-0.0005201922046761441
326,0.0,604.8609485584903,0.0,0.0040011997973500215,0.585394922397432,-0.0026632271710976723,0.5220984837194155,-0.0011631026946026025
327,0.0,605.3598024631158,0.0,0.0025367243940567085,0.8630208144461881,-0.0004489494758235634,0.6243751829374472,-0.0009488567289688907
328,0.0,604.5228957561504,0.0,0.001215662287332548,0.6875202969567537,0.0029946566434291898,0.6433187171432391,0.0002341972827505334
329,0.0,604.7547090025492,0.0,0.0013045947353767637,0.5259840916714751,0.0004956899425638422,0.6081183295017099,0.000312645080694526
330,0.0,606.3551802945144,0.04937029406545395,0.004166263059035882,0.27141611942596344,-0.0035912975728218475,0.507107666478986,-0.000858537715360386
331,0.0,608.9407470107285,0.014754139143910163,0.006508301332356508,0.2697136262470152,-0.005676496879695994,0.43588945440939475,-0.0023039254646610684
332,0.0,612.5175391608313,0.06829428899393243,0.006492155225979219,0.12373100844374972,-0.006461343298186315,0.3422419206197012,-0.003551150814718642
333,0.0,617.4321018917915,0.027771504748952475,0.007693901221065642,0.1871584394521565,-0.007690785379865039,0.29571687626943777,-0.0047930411842625606
334,0.0,619.3000584157202,0.0,0.0022225970988901844,0.8613784045837679,7.2493898247946735e-06,0.46541533476373675,-0.003352954012036354
335,0.0,619.9629246721712,0.14812330505749285,0.0014717122585950362,0.24353603803140972,0.0037514862831684796,0.3988515457440386,-0.0012216219234749037
336,0.0,621.5359931196823,0.0,0.0024699024544678136,0.5882101456515144,0.00026633541036801017,0.4556591257162813,-0.0007752347233220295
337,0.0,620.6283737215426,0.0,0.0022041411297251236,0.7242447314877052,0.00319569802988224,0.5362348074477085,0.00041604510263925135
338,0.0,621.9625391878893,0.0,0.0037646696584814577,0.5584209500776482,-0.0019893104307050578,0.5428906502366904,-0.0003055615573640414
339,0.0,625.5880257982947,0.0652455796555646,0.007973745688703559,0.2790136037019641,-0.007973745688703559,0.4637275362762725,-0.0026060167967658964
340,0.0,629.5565608032036,0.12435347523885153,0.00795860337432216,0.04229924161834606,-0.007840903938107692,0.33729904787889453,-0.0041764829391684345
341,0.0,633.9265282675393,0.04072597049103746,0.006748208402021043,0.24229420614081623,-0.006215477931602656,0.308797595357471,-0.0047881814368987
342,0.0,636.2415459010431,0.04712377946898693,0.0025493576799429517,0.3387368232667094,-0.0002729427816281424,0.3177793637302425,-0.003433609840317533
343,0.0,639.0361040400892,0.0,0.002896511509849138,0.5462630432778269,-0.0006912400495635254,0.38632446759451783,-0.0026108989030913304
344,0.0,642.7513462333188,0.004209998497189186,0.004240357227998747,0.41336149305792497,-0.004054623531268799,0.39443557523353995,-0.0030440162915445707
345,0.0,647.2298942896202,0.0,0.007561617894035441,0.4568292342601348,-0.0064837880810932605,0.4131536729415184,-0.004075947828409177
346,0.0,649.6033435331448,0.0,0.0036265569471154347,0.8769315646932573,-0.001604004460800114,0.55228704046704,-0.003334364818126458
347,0.0,650.3381414787044,0.05779975736188442,0.0012944690340629872,0.3812740924134848,0.0028538818020987845,0.5009831560509734,-0.0014778908320588853
348,0.0,656.0907114224905,0.12461473045497355,0.008563645413244936,0.051042110165866426,-0.008449645246003602,0.36600084228544133,-0.0035694171562423
349,0.0,655.1797044161318,0.01193854141092743,0.000747718891638442,0.3515850257090188,0.003586126594818611,0.36167609731251454,-0.0014227540309240264
350,0.0,658.751274749857,0.055723486836427714,0.0038632290062556515,0.14324101299514228,-0.0036633472395530982,0.29614557201730285,-0.002094931993512748
351,0.0,658.8999956749865,0.015711826679520285,0.002333145967225242,0.2862390201737377,0.0012594890212556482,0.2931736064642333,-0.0010886056890822293
352,0.0,660.979777267122,0.0,0.0038990132825876384,0.7005967255402844,-0.0021052989199947954,0.4154005421870486,-0.0013936136583559992
353,0.0,661.0603819444981,0.0,0.0019651830977940096,0.9217524174466079,0.001024105084025346,0.5673061047649164,-0.0006682980356415957
354,0.0,663.4299599765756,0.04071913363868751,0.0038638320205749144,0.31065411732969694,-0.0034570942545555892,0.49031050853435054,-0.0015049369013157936
355,0.0,666.7952254406706,0.00899067192997593,0.006994998584828291,0.3167929342339433,-0.006252120225516471,0.43825523624422835,-0.0029290918985759966
356,0.0,668.7581476526385,0.020940620916785543,0.003465497125563394,0.30287857790736755,-0.002399733173621701,0.39764223874317006,-0.0027702842810897075
357,0.0,670.934575661288,0.0,0.0017508936480323896,0.648517342642556,-0.0013676591119581361,0.4729047699129858,-0.002349496730350236
358,0.0,671.0487910137667,0.0,0.0001441873872364631,0.5329428897059316,0.0027456598389026875,0.4909162058508695,-0.0008209497595743589
359,0.0,672.5492958951944,0.007548575458576041,0.0028645405510128196,0.5614280474990174,-0.0006444531688775914,0.5120697583453138,-0.0007680007823653286
360,1.0885179472007964,673.5234780533742,0.25369134185543135,0.001908658372999585,-0.10480007375515339,-0.00114239013071924,0.3270088087151736,-0.000880317586871502
361,0.0,673.3104581015309,0.032026561848667236,0.0021083328666437096,0.20030741430810614,0.0012804722807571148,0.28899839039305336,-0.0002320806265829169
362,0.0,674.0542693499062,0.014097026196453085,0.0027619651699881424,0.4601392970873247,-0.0006229392550165539,0.34034066240133476,-0.00034933821511300795
363,0.0,674.4952979613159,0.0,0.003082072877795328,0.7113550920335202,-0.0006625031954499773,0.45164499129099034,-0.00044328770921409874
364,0.0,673.838160057515,0.0,0.0014711329405557633,0.6508852877643985,0.0017514015948787282,0.5114170802330128,0.0002151190820137493
365,0.0,673.7620733832159,0.003826931757196121,0.0021135260859683593,0.4981920811419077,0.000611308640137183,0.5074495805056812,0.0003339759494507794
366,0.0,676.7212234581659,0.0009745752572769129,0.006553136630495208,0.6392225808353892,-0.006402894031137345,0.5469814806045936,-0.001687085044725658
367,0.0,677.9051303694697,0.150497815394439,0.004745030220249845,0.23053603047571,-0.00274406913569689,0.45204784556592853,-0.0020041802720170273
368,0.0,680.7633332920914,0.13150032929746922,0.004401113339509981,0.2946586095184852,-0.004113701655872013,0.4048310747516955,-0.0026370366871735227
369,0.0,682.8870134349378,0.0,0.0029940081846626244,0.5126601400543715,-0.002226769318947006,0.4371797943424983,-0.0025139564767055677
370,0.0,681.0261913334161,0.019416697070005706,0.0006248039413629189,0.46382447224612,0.006728374113839128,0.44517319771358477,0.0002587427004578412
371,0.0,685.5274535060165,0.04293231002581661,0.006989655026786999,0.2000421768183846,-0.006769705808868343,0.37163389144502473,-0.001849791852340014
372,1.5475256384313458,693.5565319945654,0.3342419906966541,0.01691969583693968,-0.3109209945414925,-0.01691969583693968,0.16686742564906953,-0.006370763047719914
373,0.0,695.8381201902097,0.008410716680673783,0.003649221336574322,0.30895444505643227,-0.0025609937677497628,0.20949353147127836,-0.005227832263728868
374,0.0,695.8739952708149,0.0,0.00022824744636168394,0.5279567433620741,0.006779298101102679,0.30503249503851704,-0.0016256931542794036
375,0.0,696.5398991451965,0.0,0.0015051548819692627,0.5692973655887135,0.004126096084517258,0.38431195620357594,9.984361735959494e-05
376,0.0,700.289449306937,0.2385085912404944,0.006294076644293708,0.1261161299220886,-0.0061222926186413895,0.3068532083191297,-0.0017667972534407001
377,0.0,698.8546311432127,0.0,0.0004034968374594102,0.6831956665870715,0.0029588172919023884,0.41975594579951225,-0.0003491128898377736
378,0.0,698.725174763,0.05397581711794682,0.0007616602239354043,0.32137253794162873,0.0021246609681873415,0.39024092344214717,0.00039301926756976093
379,0.0,702.7301726777923,0.021700595219026075,0.008036118699698721,0.18988370868745466,-0.007996462198385125,0.3301337590157394,-0.0021238251722167046
380,0.0,707.5093077937873,0.08227406384889459,0.010277433846532492,0.005810947509361898,-0.010277433846532492,0.2328369155638261,-0.004569907774511441
381,0.0,705.5287890476902,0.11609654404737621,2.441998345325309e-05,0.19482369973144986,0.006528811432699326,0.22143295081411324,-0.001240292012348211
382,0.0,707.3865227939394,0.017703903200464045,0.0029746855810115404,0.3120191599346717,0.0009417207942783495,0.24860881355028075,-0.0005856881703602428
383,0.0,707.8028485755602,0.019220847039486268,0.0024879534221102315,0.28028058925928423,0.00044902914158401316,0.2581103462629818,-0.0002752729767769661
384,0.0,710.3021050171366,0.005714906375123759,0.004713841056755239,0.3501050918858687,-0.004585222701793009,0.28570876994984784,-0.0015682578942817788
385,0.0,711.9853042014032,0.015435991888557288,0.004466482337022232,0.5132248219193443,-0.003154578204151208,0.35396358554069673,-0.0020441539872426075
386,0.0,713.4099102404947,0.01662223087783001,0.003129972178413261,0.444842012251767,-0.0012491541920949213,0.38122711355401784,-0.0018056540486983015
387,0.0,718.8579357488472,0.03653431503565841,0.00926606223839561,0.4042465690457701,-0.009145490486994512,0.3881329502015435,-0.004007604980187165
388,0.0,723.3541112026935,0.0018070719012859716,0.007319159020611106,0.4704814676897956,-0.007319159020611106,0.4128375054480191,-0.005001071192314347
389,0.0,726.7006837062971,0.0,0.0031001769039093094,0.8175618745773552,-0.0025890595617995356,0.5342548161868199,-0.004277467703159903
390,0.0,728.0100554191002,0.0,0.0010663714526065518,0.49861701311529855,0.0026598192446192714,0.5235634752653635,-0.0021962816188261505
391,0.0,731.5188619619219,0.0004553693345490983,0.004544080283912127,0.5517586099435724,-0.0027628063726355023,0.5320220156688261,-0.0023662390449689557
392,0.0,738.0447447065892,0.05767024725939493,0.01120920240490608,0.13128603167652247,-0.01120920240490608,0.411801220471135,-0.0050191280529500925
393,0.0,735.2115502106535,0.014253265473757902,3.6571669306097545e-06,0.36774364383737224,0.00857645120724819,0.3985839474810061,-0.0009404542748906075
394,0.0,737.5769846783309,0.0014304527072261362,0.0013945435240538683,0.3246847655527891,0.00033945550894899797,0.37641419290254097,-0.0005564813397387258
395,0.0,736.4155571356632,0.0,0.0008353789896964733,0.507611998856917,0.0034224673060579674,0.4157735346888537,0.0006372032540002822
396,0.0,737.1113796361739,0.005515735115298068,0.0019170822519379337,0.4589582265562957,-0.0008965122827527503,0.4287289422490863,0.00017708859297437245
397,0.0,738.6048824161101,0.0,0.004050095176118719,0.6311081794293435,-0.0037825962058249713,0.4894427134031634,-0.0010108168466654308
398,0.0,741.8197173754572,0.10419589128721271,0.006938481067216288,0.18592932107913687,-0.006839922747710515,0.3983886957059554,-0.002759548616978956
399,0.0,743.5118201494972,0.0,0.0030606481458837088,0.6360062867231365,-0.0023572987049325523,0.4696739730111097,-0.0026388736433650348
400,0.0,748.1798010547727,0.0,0.006740477341497437,0.5384693916404073,-0.006740477341497437,0.49031259859989895,-0.0038693547528047554
401,0.0,750.6496098316047,0.004842569879360137,0.004589955874267545,0.42682243869102804,-0.002235385125194437,0.47126555062723763,-0.0033791638645216597
402,0.0,754.5543294887908,0.031036044913841702,0.004014439254390518,0.24693053483772312,-0.003963456257277957,0.4039650458903833,-0.003554451582348549
403,0.0,756.9293744115403,0.0,0.0026382184475404096,0.5082041057794604,-0.0012799457475866649,0.4352367638571064,-0.0028720998319199833
404,0.0,760.2628078317432,0.03022072777103075,0.0036001949052616947,0.2523747485233255,-0.003122428400813104,0.38037815925697216,-0.0029471984025879194
405,0.0,762.0899124588653,0.0433256128963188,0.002116094849005645,0.23939599855582822,-0.0006918973814800636,0.338083511046629,-0.002270608096255563
406,0.0,767.128226884657,0.21252694426987426,0.007431497611929215,-0.11187308624162999,-0.007331881380359655,0.20309653186015128,-0.0037889900814867903
407,0.0,766.3677998545458,0.0,0.0005881717693860856,0.4842614487355783,0.004107314333060017,0.2874460069227794,-0.0014200987571227482
408,0.0,767.3157817824883,0.0,0.0010477140790018215,0.6135569609401771,0.00203107309988189,0.3852792931279987,-0.00038474720002135674
409,0.0,771.8728794818195,0.039909735445352666,0.008284203745262815,0.455635194921853,-0.007998652868269424,0.40638606366615493,-0.0026689189004957766
410,0.0,769.9912898717427,0.007597101237190117,0.0002478833364807454,0.5330940699189298,0.004431961641869474,0.44439846554198736,-0.0005386547377862012
411,0.0,771.3683229410411,0.0,0.0025369414601557347,0.5741054826985937,-6.625109228073275e-05,0.4833105706889692,-0.00039693364413456066
412,0.0,774.8315049880779,0.0,0.00699216027927977,0.4356566428767633,-0.006637325010960331,0.4690143923453074,-0.0022690510541822917
413,0.0,781.7804956481677,0.16157639209016025,0.013969047535289306,-0.0412658781120497,-0.013969047535289306,0.3159303112081002,-0.005779049998514396
414,0.0,783.2529514897894,0.0,0.002332454366648129,0.43744531977869056,-0.000463227738667256,0.35238481377927733,-0.004184303320560254
415,0.0,788.9133447356746,0.006228879111038447,0.006405772294950007,0.5397533729381673,-0.005598296208784891,0.4085953815269443,-0.004608501187027645
416,0.0,789.8050469200709,0.0,0.0021672148496592685,0.46414043529081317,0.002692957290884165,0.4252588976561049,-0.002418063643654102
417,0.0,791.8748177931391,0.0,0.0019427691356810979,0.5683757666463668,0.0005892520694139304,0.46819395835318345,-0.0015158689297336922
418,0.0,794.3916396694809,0.0,0.004174146932192599,0.6421038883568886,-0.002661401408166677,0.520366937354295,-0.0018595286732635877
419,0.0,797.5055594990589,0.002790850095297542,0.0051661403440424105,0.41847526718345207,-0.004830822481762382,0.48979943630304207,-0.002750916815813226
420,0.0,796.0115189500104,0.0,5.8252335328030504e-05,0.7745064729041411,0.0051642150458260745,0.5752115472833718,-0.00037637725732143565
421,0.0,797.2140627360673,0.0,0.0011713009003982042,0.603619775921682,0.0003759211812421928,0.5837340158748648,-0.0001506877257523471
422,0.0,798.5248100067765,0.010391981691686394,0.0033554865798083085,0.45591016848097954,-0.002332385182361549,0.5453868616566993,-0.0008051969627351077
423,0.0,801.5255055338911,0.0036226059877526064,0.0063549007088662705,0.31937194328006246,-0.0060609327603827175,0.4775823861437082,-0.0023819177020293902
424,0.0,802.8498717281127,0.0030691947026178696,0.0027361516752461173,0.37717411643477405,-0.001821102830861404,0.4474599052310279,-0.0022136732406789943
425,0.0,802.3350010794453,0.0010307339292640431,0.0007264431102856567,0.3787727196266427,0.003646047842699327,0.42685374954971234,-0.0004557569156654977
426,0.0,805.6671000955994,0.0,0.004627832242237468,0.5648548390750244,-0.004616973453127851,0.4682540764073059,-0.0017041218769042036
427,0.0,808.7338584031735,0.0,0.006068630501204237,0.5895663057449345,-0.005843327942090073,0.5046477452085945,-0.002945883696459964
428,0.0,815.6156479344312,0.030107878881784702,0.012439189414325745,0.1639104674570257,-0.012439189414325745,0.4024265618831238,-0.0057938754118196985
429,0.0,817.9982832801428,0.004828289732606141,0.0025821185725283967,0.2403374421046027,-0.0016537833109276153,0.35379982594956744,-0.004551847781552073
430,0.0,820.9850639011981,1.2808399026943303e-05,0.0024330489580852597,0.5360404795358867,2.4875843449503647e-06,0.4084720220254632,-0.0031855471717829663
431,0.0,823.796363298108,0.1575080394961959,0.0021688540656533716,0.27685546167354114,-0.0009826345056210628,0.36898705391988657,-0.0025246733719343955
432,0.0,825.0487701191342,0.011360190322658493,0.0012754680277854617,0.4569037516026321,0.0008142921506331354,0.39536206322471024,-0.001522983715164136
433,0.0,832.6711020618271,0.0994671252926744,0.013186532463380054,0.009098661949998518,-0.013186532463380054,0.2794830428422967,-0.005022048339628911
434,0.0,833.9829931780425,0.059188822624737916,0.0027361657469554016,0.3757072787435101,-0.0009374131080015654,0.3083503136126607,-0.003796657770140707
435,0.0,840.5034267052314,0.050315227032100174,0.008197692993944126,0.1532376270227894,-0.008194742087440952,0.2618165076356993,-0.005116083065330779
436,0.0,842.6602472714785,0.0,0.003560959666299272,0.5189457241050239,-0.0003253542080627523,0.3389552725764967,-0.0036788644081503707
437,0.0,844.1134269513874,0.08219705510973592,0.0008602945305897136,0.184526969384147,0.0024550815435823137,0.2926267816187918,-0.0018386806226305652
438,0.0,845.2394830572317,0.0,0.0007634625546004471,0.6243284238787359,0.001562811897257568,0.39213727429677503,-0.0008182328666641251
439,0.0,848.2197352362508,0.0,0.004273518454226529,0.3419288356790291,-0.004259473354938623,0.37707474271145125,-0.0018506050131464743
440,0.0,851.5964546998808,0.05962919743458178,0.006347890743619652,0.08398759150014488,-0.006105397770906607,0.2891485973480593,-0.003127042840474514
441,0.0,856.298387789552,0.0011036184695194524,0.007752380496428843,0.5456427150083593,-0.007737686929767336,0.3660968326461493,-0.00451023606726236
442,0.0,864.7662326740874,0.1400351045240228,0.014196080714485198,-0.12422222031381037,-0.014196080714485198,0.2190011167581614,-0.00741598946142921
443,0.0,869.9938958856638,0.016553033591690525,0.006080788239331985,0.5584592262872897,-0.005883802893159844,0.32083854961689984,-0.0069563334909484
444,0.0,875.7857499575352,0.05715416909528948,0.004786326105859506,0.15262198270517402,-0.004051526398620562,0.2703735795433821,-0.006084891363250048
445,0.0,881.6424671264565,0.013210126296554941,0.004737740570609863,0.15370202269238442,-0.004701776242045823,0.23537211248808276,-0.00566995682688878
446,0.0,885.5243344111913,0.006277257159497523,0.0023828627837627577,0.2703233913473131,-0.0015125468053584148,0.24585749614585184,-0.00442273382042967
447,0.0,888.0897418032599,0.0,0.002145413020834368,0.5112512482973823,0.000745886870384104,0.32547562179131095,-0.0028721476131855377
448,0.0,891.1020893297725,0.0009745752572769129,0.0027396481393975915,0.5660591904434463,-0.0015490368000709237,0.39765069238695155,-0.0024752143692511534
449,0.0,893.2416510572015,0.0,0.0028563587783144023,0.6011545971602582,-0.0013624659030233588,0.4587018638189435,-0.0021413898293828146
450,0.0,895.552698082213,0.0006655452539190837,0.0024390806718630888,0.276663190631212,-0.002147108424579934,0.404090261862624,-0.0021431054079419504
451,0.0,899.9352965243697,0.008018352620552425,0.006824329111595575,0.3307193119859442,-0.006810502956888394,0.38207897689962,-0.0035433246726258834
452,0.0,901.4741088377959,0.0,0.001681192646825724,0.7021113391767835,-0.0008258189916720945,0.47808868558276907,-0.0027280729683397463
453,0.0,900.8497493691352,0.0006575924706840975,0.0004923828273876781,0.36233705800663435,0.005105381800708835,0.4433631973099286,-0.0003780365376251716
454,0.0,904.4673132963018,0.0624963147390801,0.005213255800859138,0.36709525990590036,-0.004679097317175156,0.4204828160887201,-0.0016683547714901668
455,0.0,908.0487788495263,0.04038645890757383,0.006998083727046056,0.23342196600974055,-0.006998083727046056,0.36436456106502624,-0.0032672734581569336
456,0.0,910.4144258753565,0.00032538636406201734,0.004554584722801035,0.5651733833352155,-0.0030544253560874776,0.42460720774608296,-0.0032034190275360966
457,0.0,918.8161777144187,0.2231858278476388,0.013966764019652137,-0.07972425014322349,-0.013966764019652137,0.273307770379291,-0.006432422525170909
458,0.0,920.8441386604828,0.0,0.0015208241293241124,0.4184661307102343,-0.0006200062120682284,0.316855278478574,-0.004688697631240104
459,0.0,922.020977503524,0.0002259356578863126,0.0008372336359422145,0.5173692551267103,0.00444405494201902,0.37700947147301483,-0.0019488718592623668
460,0.0,925.4463086099879,0.0,0.0027924317980241226,0.47935574900043854,-0.002170843445122091,0.40771335473124193,-0.002015463335020284
461,0.0,925.9249494317919,0.0,0.0011759433407142826,0.4921761120322396,0.001116884113599137,0.43305218192154116,-0.0010757591004344575
462,0.0,926.7094984264089,0.07632952192316365,0.000894025436237733,0.10581496115483238,0.0005097871977120131,0.3348810156915285,-0.0006000952109905162
463,0.0,931.8333401875034,0.103851224903609,0.00952929053711118,0.05498195329719514,-0.009529083972202977,0.25091129697322845,-0.003278791839354254
464,0.0,937.6899581283558,0.20658925376000142,0.01143957187202092,-0.1533462477867612,-0.01143957187202092,0.12963403354523156,-0.005727025849154254
465,0.0,939.5716378154883,0.004818044466953795,0.0020720351407548993,0.45569862281826373,-0.00026613177181707967,0.22745341032714123,-0.004088757625953101
466,0.0,945.7625858695046,0.07795088303339957,0.007276122970348333,0.007395932566864022,-0.006761791618583727,0.16143616699905805,-0.004890667823742289
467,0.0,949.0529211458851,0.04914729940288165,0.0030220060227398858,0.1629992854747666,-0.0023919648061021892,0.1619051025417706,-0.004141056918450259
468,0.0,951.6116917388072,0.0,0.0009886815037485994,0.42977924589772976,-6.378238058758809e-05,0.24226734554855833,-0.0029178745570914576
469,0.0,956.1890743525813,0.02729212861551192,0.005912954398304153,0.18833158742536488,-0.0051010347154315065,0.22608661811160027,-0.003572822604593472
470,0.0,958.9696054636487,0.0,0.0027060540493139616,0.5536075666773209,-0.0026044528758954865,0.3243429026813165,-0.003282311685984076
471,0.0,961.707968223112,0.012952558712707406,0.0035516886005917164,0.2727900597949957,-0.0018464692155142045,0.30887704981542025,-0.002851558944843114
472,0.0,966.6847261922096,0.009027703056060574,0.006975078307056657,0.293866480010768,-0.006830356140018534,0.30437387887402456,-0.00404519810339574
473,0.0,967.8736825478085,2.7542107951378574e-05,0.0018346074842783228,0.3889327236937655,0.0006619314143556517,0.32974153231994685,-0.002633059248070322
474,0.0,970.6047776456506,0.0,0.002318409552233901,0.7842109890235015,-0.0013663226274643785,0.4660823693310132,-0.0022530382618885392
475,0.0,970.7456751803279,0.0,0.0005592054205833761,0.7510002407832976,0.002543110113740946,0.5515577307666986,-0.0008141937491996938
476,0.0,972.2157865324627,0.049884377231644454,0.00199648075060229,0.290257910688197,-0.0006818923879304662,0.4731677847431481,-0.0007745033408189254
477,0.0,975.9223423103148,0.012292285905944726,0.006841881114393116,0.4762962885010156,-0.006841601742574663,0.4741063358705083,-0.0025946328613456466
478,0.0,980.0837414948239,0.06326179927972998,0.007757396506261391,0.10440436451766508,-0.007754697618484824,0.36319574446465536,-0.004142652288487399
479,2.7356523089691,987.5678172171904,0.5039384109484722,0.012716471345674937,-0.5039384109484722,-0.012716471345674937,0.10305549784071708,-0.00671479800564366
480,0.0,986.4226057972322,0.08327806466886818,0.0007427259285836668,0.2572469515478388,0.0069809031756558485,0.14931293395285358,-0.002606087651253807
481,0.0,988.8946238037804,0.0,0.0010296096253060276,0.7823378655459602,0.0019531307277054423,0.3392204134307856,-0.001238322137566032
482,0.0,993.4108442557203,0.0,0.006642521215753643,0.4996538452975649,-0.006642521215753643,0.38735044299081933,-0.002859581861022315
483,0.0,997.2214231015329,0.003226589707866598,0.006569035506962643,0.2957923395884289,-0.006529637791268553,0.3598830119701022,-0.003960598640096186
484,0.0,1001.0405627849082,0.025741969692589094,0.005858069981430879,0.29469618788362345,-0.004812784958462982,0.3403269647441586,-0.004216254535606224
485,0.0,1005.8509258821229,0.012432189531495769,0.005756085243076296,0.2163634809621446,-0.005720288930113495,0.3031379196095544,-0.004667464853958405
486,0.0,1010.9809794554031,0.0,0.006111483557911837,0.6808766125815595,-0.006101202100829094,0.4164595275011559,-0.005097586028019612
487,0.0,1016.8937764543159,0.005031404886486356,0.0072439851070276,0.3042064480237962,-0.0072439851070276,0.38278360365794795,-0.0057415057517220085
488,0.00922112512312534,1025.4951219681654,0.21968732709005293,0.012370254968344464,-0.19229589754634502,-0.012370254968344464,0.21025975329666005,-0.007730130516708745
489,0.0,1031.8355352073938,0.08790516178658687,0.007085600161845633,0.14895601477220538,-0.006906370318818971,0.19186863173932364,-0.007483002457341813
490,0.0,1041.6943935499862,0.2104322391708768,0.012175277156439835,-0.19719408733907287,-0.012175277156439835,0.07514981601580469,-0.00889068486707122
491,0.0,1050.4150830595254,0.1997919064399339,0.010080187470809802,-0.15714486674975242,-0.010002863715680892,0.005461411186137549,-0.009224338521654121
492,0.0,1054.905319645162,0.031718535593464776,0.0027235304224082894,0.36731106231795124,0.000290817954857885,0.11401630652568166,-0.006369791578700519
493,0.0,1066.1181450469855,0.06607714705532246,0.013485958977962861,-0.0020417199275835126,-0.013485958977962861,0.07919889858970211,-0.00850464179847922
494,0.0,1069.2918714378332,0.016713738125717498,0.0021547943928968,0.4362580267939114,0.00037762965515060113,0.18631663705096488,-0.005839960362390273
495,0.0,1076.2053064299528,0.031090743892918396,0.006200965070310609,0.22390641498049613,-0.005300656011734,0.19759357042982423,-0.005678169057193391
496,0.0,1082.5300728227076,0.031737054301643884,0.006953949813959296,0.177685458447673,-0.006856714230033064,0.19162113683517884,-0.006031732609045293
497,0.0,1089.3662741872681,0.06412937492914997,0.008076004549547199,0.13257331254034058,-0.008076004549547199,0.17390678954672734,-0.006645014191195864
498,0.0,1094.2435066035196,0.003159347161301169,0.004134439514263876,0.2878646034037224,-0.0036009704748020646,0.20809413370382585,-0.005731801076277724
499,0.0,1094.588190782357,0.08152572173949488,0.00011726938400291014,0.06430114769327208,0.006442622788095625,0.16495623790065972,-0.0020794739169657187
500,0.0,1100.454271036502,0.19421536214478327,0.006163729661805542,-0.14857538184747895,-0.006163729661805542,0.07089675197621811,-0.0033047506404176655
501,0.0,1105.5077447691892,0.07230443107743868,0.008274834641657739,0.11192512415168476,-0.008224253669575132,0.0832052636288581,-0.004780601549164905
502,0.0,1109.488083518477,0.0,0.0047858771037282335,0.5420330490989702,-0.0046507320793657035,0.22085359926989173,-0.004741640708225144
503,0.0,1114.4641885598885,0.03833961508441999,0.006161502491499004,0.19459196050309632,-0.005189523859718077,0.21297510763985308,-0.004876005653673024
504,0.0,1122.89967925832,0.1356795938670319,0.01243156298176176,-0.09822634455123501,-0.01243156298176176,0.11961467198252665,-0.007142672852099645
505,0.0,1128.301181729497,0.07263971867022742,0.006191470202099512,0.15258839028816357,-0.005876346223538308,0.1295067874742177,-0.006762774863531244
506,0.0,1135.8897362092268,0.17623165983074526,0.008108513591585403,-0.10831305671768127,-0.00808742199251982,0.058160834216648014,-0.007160169002227816
507,0.0,1144.0522966625838,0.05571200513758074,0.009662436753222214,0.1592300630890444,-0.009662436753222214,0.08848160287836693,-0.007910849327526136
508,0.0,1151.9965664021347,0.02135525040856529,0.008766163444015476,0.3921103496178023,-0.008762433858096783,0.17957022690019753,-0.00816632468669733
509,0.0,1158.0119218834784,0.0,0.004054820645921834,0.502071371657096,-0.003951259008013579,0.2763205703272671,-0.006901804983092204
510,0.0,1162.8199068203644,0.00012809561823393342,0.002628646571435099,0.4856329796478314,-0.001222471862240909,0.33911429312343633,-0.005198005046836815
511,0.0,1164.8634963542013,4.728534816201896e-06,0.0007007795786961684,0.4270215152750813,0.003148485538845709,0.3654864597689298,-0.0026940578711320577
512,0.0,1169.2721101947861,0.0004706428292813608,0.0038608107151859644,0.5602411761979593,-0.00365777116613262,0.4239128746976386,-0.0029831718596322263
513,0.0,1174.832033486628,0.09403757330970088,0.00865380726679483,-0.0007904728012355084,-0.008652564414756564,0.2965018704479763,-0.004683989626169527
514,0.0,1177.300043162513,0.05219838343805641,0.0024435065027933337,0.3581583621786016,-0.0018390499032199424,0.3149988179671639,-0.0038305077092846513
515,0.0,1179.5678154462382,0.025350537451928126,0.0017240804107444797,0.4517914119570036,0.00031423475738602324,0.35603659616411576,-0.0025870849692834486
516,0.0,1182.0366626205569,0.007556908106624375,0.002582505087964928,0.5095223588985496,-0.001045524208939036,0.40208232498444585,-0.0021246167411801244
517,0.0,1182.9784029869083,0.014462566724068546,0.002639821211223647,0.5058034188053899,0.0008214467773200461,0.43319865313072903,-0.0012407976856300732
518,0.0,1187.2281517652034,0.12009292714135753,0.0066714540324352405,-0.009361377484480465,-0.0065888009458172055,0.30043064394616614,-0.0028451986636862125
519,0.0,1190.9563030384807,0.024466876479238116,0.0063625848838022026,0.1891307216143787,-0.006355934285809316,0.2670406672466299,-0.0038984193503231435
520,0.0,1192.666097898521,0.039771842824132646,0.001997604807753289,0.2996922051319282,-0.0004358898774807969,0.27683612861221935,-0.0028596605084704393
521,0.0,1189.6167030062936,0.0,2.1258355272224016e-05,0.8107913759110646,0.010532912036579599,0.43702270280187294,0.0011581112550445721
522,0.0,1191.4619487195855,0.08795889328579716,0.0024858039570229153,0.2398460584268177,-0.0009137035086613087,0.37786970948935633,0.0005365668259328079
523,0.0,1192.5233315374583,0.009469566813933314,0.004545466212406394,0.3575306009855998,-0.0034399370456536967,0.3717679769382293,-0.0006563843355431435
524,0.0,1194.4252520002108,0.007683913429849375,0.004717623706022107,0.21489212249485207,-0.004493908727099983,0.3247052206052161,-0.0018076416530101952
525,0.0,1194.5157617097473,0.0007160720546143497,0.0020216624114129137,0.4900632852992276,0.0005704901901987826,0.3743126400134196,-0.0010942021000475018
526,0.0,1197.4342029398906,0.0,0.004446264501139762,0.6287291006165339,-0.004151534086744244,0.4506375781943538,-0.0020114016960565244
527,0.0,1200.8362856346982,0.16905549650495877,0.005864472846927336,0.05361521150060024,-0.005864070022630727,0.3315308681862277,-0.0031672021940287853
528,0.0,1202.9163520499183,0.001704346984219579,0.0033193866261822546,0.41220779356960974,-0.00210629484023162,0.3557339458012423,-0.0028489299878896356
529,0.0,1204.7615559733968,0.0,0.0021555969908833433,0.6130905774924441,-0.0004263004723050135,0.4329409353086028,-0.002122141133214249
530,0.0,1206.4646084917376,0.0,0.0032159988720469883,0.8125382135549962,-0.0004919681286077102,0.5468201187825208,-0.001633089231832287
531,0.0,1207.9964822013596,0.006981405135188086,0.0020547769920844844,0.5010705457179837,-0.0009127944966212012,0.5330952468631596,-0.0014170008112689612
532,0.0,1211.87335656522,0.015726243518541204,0.0064883353901176635,0.4960335327707923,-0.0063166452744146786,0.5219767326354494,-0.0028868941502126766
533,0.0,1213.2041671052161,0.012509517471626175,0.0034451449290276936,0.36771519076652903,-0.0011761921903278372,0.4756982700747733,-0.0023736835622472246
534,0.0,1217.6805870595026,0.03708419193149035,0.006593281957979071,0.1433246780751149,-0.006219790016531207,0.37598619247487575,-0.0035275154985324195
535,0.0,1217.8167888281612,3.867622823394803e-05,0.0005208333384570305,0.5708561894704139,0.0023358131717406343,0.4344471915735372,-0.0017685168974505032
536,0.0,1218.5936649274638,0.04365767280928059,0.0004085769761825468,0.3350833438234307,0.00212969164148469,0.4046380372485052,-0.0005990543357699451
537,0.0,1223.1372031044862,0.09798008112841122,0.007617656378348452,0.07332220859479929,-0.007598538836628571,0.3052432886523934,-0.002698899686027533
538,0.0,1228.1958735598078,0.0,0.009802427695241756,0.48923779330764416,-0.009802427695241756,0.3604416400489686,-0.004829958088791799
539,0.0,1229.6111557182605,0.0,0.0024079809325426855,0.5849114387777392,6.409759653495173e-05,0.4277825796675998,-0.0033617413831937733
540,0.0,1234.6394609531583,0.0,0.005579253096975415,0.5863178777593889,-0.005304357005912951,0.4753431690951365,-0.003944526070009526
541,0.0,1238.2618914235106,0.03417125681383636,0.005295254805726427,0.21084966101658348,-0.003880560952823342,0.3959951166715706,-0.003925336534853671
542,0.0,1241.619196533368,0.027012192825583228,0.00326730145743999,0.1656335187680553,-0.002721948633657088,0.326886637300516,-0.003564320164494696
543,0.0,1245.1142551091273,0.0,0.0034052226346939973,0.758391295131753,-0.003043966468838629,0.4563380346498871,-0.0034082140557978756
544,0.0,1245.1475700977298,0.0,0.0006362442469465821,0.6586914623758228,0.0037854361974181223,0.5170440629676678,-0.0012501189798330762
545,0.0,1243.4411385526776,0.0,0.0009143429596855307,0.6607587755744586,0.007157376984474606,0.560158476749705,0.0012721298094592287
546,0.0,1242.7614810950886,0.009366908536405514,0.0015093245762984966,0.5590686173041447,0.00266515489857591,0.5598315189160369,0.0016900373361942332
547,0.0,1240.831013811255,0.01344052322912187,0.0012629304759339797,0.31785490344919504,0.002626253400791656,0.48723853427598435,0.00197090215557346
548,0.0,1240.7595910596795,3.867622823394803e-05,0.002296484414445118,0.4251157884737487,-0.0016937790825689136,0.46860171053531363,0.0008714977841307479
549,0.0,1240.5192484275788,0.000691413120854776,0.003908738674214125,0.5886773299326472,-0.0015886216695181789,0.5046243963545136,0.00013346194803606987
550,0.0,1242.645064582375,0.061787156796007,0.005767239657483893,0.2319281734815069,-0.005342154762129822,0.4228155294926116,-0.0015092230650136976
551,0.0,1242.6687276424918,0.007310064981167827,0.0014476422342105599,0.44251369428692716,-0.00012543661007184524,0.4287249789309062,-0.0010940871285311418
552,0.0,1247.2363481745494,0.00026730066581259277,0.007898181785375432,0.4726245533021767,-0.007898181785375432,0.44189485124228733,-0.0031353155255844285
553,0.0,1247.7998174642562,0.0,0.0015275074927785732,0.7571879672522914,9.64178855633967e-05,0.5364827860452885,-0.002165795502240081
554,0.0,1252.6755639234716,0.0,0.0068016099716212185,0.6759261666978632,-0.0068016099716212185,0.5783158002410609,-0.003556539843054422
555,0.0,1255.3802743286137,0.0,0.004011493994927272,0.4753675582244082,-0.0032305872024183816,0.5474313276360651,-0.00345875405086361
556,0.0,1254.1222933470476,0.0,0.0003502734083622197,0.6729059674561545,0.006469637466897047,0.5850737195820919,-0.00048023659553541286
557,0.0,1258.784847497345,0.04724637456560889,0.006209023927531062,0.21929293952664558,-0.006090775818656145,0.47533948556545796,-0.0021633983624716325
558,0.0,1256.478461432178,0.0,7.925578099496524e-06,0.7510435582190828,0.005395359021216461,0.5580507073615454,0.0001042288526347955
559,0.0,1257.7420100146774,0.0,0.0028316609252756796,0.7962151589630615,-0.0003831957881587039,0.6295000428420002,-4.199853960325432e-05
560,0.0,1256.9778276505508,0.001147929838438874,0.0028007706409248836,0.5408011301185653,0.0014852248095859695,0.6028903690249697,0.00041616846515351284
561,0.0,1257.7405034800163,0.0,0.002234957934261837,0.7371216853159968,-0.0015624998520141048,0.6431597639122778,-0.00017743202999677247
562,0.0,1262.705746149904,0.0,0.010770371378884697,0.554843553755068,-0.010770371378884697,0.6166649008651148,-0.0033553138346631498
563,0.0,1264.5659915458807,0.0,0.00566543926675243,0.5412907696991702,-0.003550881467260599,0.5940526615153314,-0.0034139841244423845
564,0.0,1271.3834010881806,0.11138665853623783,0.010565568630165893,0.08910906201676043,-0.010565568630165893,0.4425695816657601,-0.005559459476159437
565,0.0,1272.1087154232275,0.0007661146914357273,0.0009737793991845643,0.5017254717857144,0.002276806076452684,0.4603163487017463,-0.0032085798103758004
566,0.0,1278.6764204043084,0.0008780223369668011,0.007862504219999412,0.43552896536760316,-0.007757924264152781,0.4528801337015033,-0.004573383146508894
567,0.0,1280.9390651846636,0.026518854286119792,0.002812736119828186,0.34485427850359,-0.0011810150254943194,0.4204723771421293,-0.0035556727102045217
568,0.0,1284.446035953393,0.0,0.0028877628697647375,0.6661011441627049,-0.0023940952943148457,0.4941610072483019,-0.0032071994854376185
569,0.0,1290.7226676107475,0.0,0.009238856901132197,0.6980485737403421,-0.009238856901132197,0.5553272771959139,-0.005016696710145992
570,0.0,1298.2999784129297,0.017997297842461218,0.012236408909201055,0.531745734322641,-0.012236202344292853,0.548252814333932,-0.00718254840039005
571,0.0,1301.898932300485,0.14510430352839535,0.004608202484815737,0.09451848211340116,-0.0019728220093217417,0.41213251466777273,-0.005619630483069557
572,0.0,1305.8598619726054,0.00959766243216725,0.0034029321729340542,0.4913171340654636,-0.0005359642963826298,0.43588790048708004,-0.004094530627063478
573,0.0,1311.059977056013,0.0,0.0048337308600563305,0.8061173391460036,-0.004809185894441102,0.546956732084757,-0.004308927207276765
574,0.0,1310.078570491042,0.0,0.0006563358725692698,0.7791357240171324,0.006489271713850373,0.6166104296644696,-0.001069467530938623
575,0.0,1309.9121438040422,0.0,0.00038356247287416143,0.6318896117326711,0.004879749252619337,0.62119418428493,0.0007152975041287648
576,0.0,1309.215846944978,0.004277737562472619,0.0012419315411314213,0.6510752435534551,0.0025348430717721925,0.6301585020654875,0.0012611611744217932
577,0.0,1308.9360136314674,0.0,0.0014018487920343084,0.7608427749492347,-0.00021466387925487906,0.6693637839306117,0.0008184136583187916
578,0.0,1310.9024607992812,0.0,0.0054500331801073,0.5947770750727398,-0.005444575058731387,0.6469877712732501,-0.001060482956796262
579,0.0,1308.7938149276476,0.0,0.0002561561924885793,0.9179543764621706,0.003584684795021438,0.7282777528299262,0.00033306736874904794
580,0.0,1309.2861431231734,0.13596717845479928,0.001479532080527934,0.27148989147874875,6.510819895271883e-05,0.5912413944245729,0.0002526796178101492
581,0.0,1310.036292216036,0.0,0.002431390735621399,0.8153973470398858,-0.001920284103319202,0.6584881802091668,-0.00039920949852865616
582,0.0,1311.4235097824585,0.03400702081470904,0.004489706129637164,0.28320092201554947,-0.003136610802826789,0.5459020027510816,-0.001220429889818096
583,0.0,1314.070675344566,0.0,0.00508030673803443,0.5699088068482053,-0.0050482337813472986,0.5531040439802186,-0.002368771057276857
584,0.0,1315.9325014512328,0.03172888161479085,0.003620495084579501,0.3008954782997995,-0.0025088244596090875,0.47744147427609285,-0.002410787077976526
585,0.0,1313.5028514568014,0.0,1.5297767621886731e-06,0.8266845564360698,0.007629690134644336,0.5822143989240859,0.0006013560858097327
586,0.0,1315.8511842259518,0.08748114795988672,0.00283336008733728,0.3508595243301725,-0.0024061798997466522,0.5128079365459118,-0.00030090470985718275
587,0.0,1319.6926526115983,0.02188019628113136,0.008653221236180791,0.42844290077298103,-0.008616934029904232,0.4874984258140326,-0.0027957135058712976
588,0.0,1322.2022175922687,0.009469566813933314,0.005185254008630229,0.44658373690072717,-0.0047983299075506506,0.4752240191400409,-0.003396498426375103
589,0.0,1324.6430100753498,0.00578303578111066,0.004070873331654205,0.42902440045239937,-0.002031262003371328,0.4613641335337484,-0.0029869274994739703
590,0.0,1326.1121376013348,0.0,0.0012687596780329563,0.757965410563406,0.000601792160817123,0.5503445166426456,-0.001910311601386642
591,0.0,1329.7931442094755,0.0,0.004567015947132055,0.7195005402045346,-0.0044777846382833865,0.6010913237112123,-0.002680553512455665
592,0.0,1334.726190082226,0.0278681007969977,0.008175581253766601,0.26234852383847146,-0.008175581253766601,0.49946848374939007,-0.0043290618348489456
593,0.0,1337.043113198216,0.03226125650156996,0.0035712551634782073,0.36843522830736797,-0.0018543023397192436,0.4601585071167834,-0.0035866339863100346
594,0.0,1338.9624800648412,0.00014761828084830888,0.0020353210934356183,0.6153070283782539,0.00066020152192792,0.5067030634952245,-0.002312583333838648
595,0.0,1342.8326532750702,0.0,0.004242315794090422,0.6681359354540105,-0.004230426146660608,0.5551329250828603,-0.002887936177685236
596,0.0,1346.3524327882615,0.0875549194161862,0.005041930221925799,0.18055601032398444,-0.004803602338996342,0.4427598506551975,-0.0034626360260785675
597,0.0,1350.3622387464711,0.09919975318779768,0.0066709126490966,0.09373035416225396,-0.005201219060095086,0.33805100170731445,-0.003984210936283523
598,0.0,1354.1677005955992,0.0,0.004236924067180475,0.6368541565146384,-0.004155124202839283,0.4276919481495116,-0.004035484916250251
599,0.0,1355.4031390367813,0.11074049620532474,0.001671854801321623,0.25388422495725854,0.0017445348443426937,0.37554963119183565,-0.0023014789880723674
600,0.0,1360.7265292065597,0.0,0.006790871108107646,0.7789649046359182,-0.006790871108107646,0.4965742132250604,-0.0036482966240829508
601,0.0,1363.5496810403072,0.016783098995965518,0.003792562880336127,0.25687217827188125,-0.0033321800150615385,0.42466360273910664,-0.003553461641376527
602,0.0,1365.4746378186314,0.0,0.0029112034075553035,0.6766825847135713,-6.195673636517198e-05,0.500269297331446,-0.0025060101698731203
603,0.0,1367.9083237333555,0.024367625419386755,0.0023241575366775833,0.23711545040508766,-0.0012642393554969107,0.4213231432535385,-0.002133478925560257
604,0.0,1372.8859094357601,0.11054750278477894,0.007817316918023355,0.11204493976253252,-0.007670647997826043,0.32853968220623664,-0.003794629647239993
605,0.0,1373.6146456212243,0.09384889802353871,0.0017608177962052062,0.30000105043783976,0.0008622830630428192,0.31997809267571753,-0.002397555834155149
606,0.0,1374.0646246597523,0.0,0.0007538765784506203,0.5242234538145585,0.0031151810453651195,0.3812517010173698,-0.0007437347702990684
607,0.0,1375.554730239839,0.00026730066581259277,0.002483277617127981,0.41373093324590215,-0.0005759436825072147,0.3909954706859295,-0.0006933974439615123
608,0.0,1374.893920283505,0.0,0.0009009679547222644,0.5761185571587941,0.0021803026882566082,0.4465323966277889,0.0001687125957039239
609,0.0,1377.7627609626081,0.0013040290419116614,0.005873737518043958,0.5440285850029732,-0.005261492102160026,0.47578125314034414,-0.001460348813655261
610,0.0,1376.4150673558684,0.020786083173173927,0.0007793774442329209,0.44519026492136915,0.0026928005940856994,0.4666039566746516,-0.0002144039913329729
611,0.0,1379.9523009733991,0.2455273748241568,0.006019773306348509,-0.08166521919835307,-0.005839106522659458,0.3021232039127502,-0.0019018147507309183
612,0.0,1383.0267830026407,0.0,0.00622647303691186,0.6325552231829277,-0.006102591122001135,0.4012528096938034,-0.003162047662111983
613,0.0,1381.7144896401335,0.0,0.0008048131307312721,0.7105460491195068,0.004846753523155932,0.4940407815215144,-0.0007594073065316082
614,0.0,1383.4328713644245,0.00012809561823393342,0.0017878697120472101,0.5119521501977021,-0.0002545203064671933,0.49941419212437066,-0.0006079412065122837
615,0.0,1385.241598579745,0.04144869293188747,0.003145104745475705,0.18589770807219405,-0.00295180153734267,0.40535924690871766,-0.0013110993057613995
616,0.0,1386.7828150309294,0.0,0.0036281809099589133,0.5379607260825776,-0.0025229663787775013,0.44513969066087566,-0.00167465942766623
617,0.0,1392.065299701753,0.003618655286169327,0.00957223490991836,0.3763436712810086,-0.009569670477894502,0.4245008848469155,-0.004043162742734712
618,0.0,1391.6379418926915,0.0,0.0014330235224277602,0.6186611982849332,0.0028032307869775763,0.4827489788783208,-0.0019892446838210252
619,0.0,1393.9309059844,0.0,0.002242595676441109,0.5078165838910095,-0.0004824954722183979,0.49026926038212737,-0.001537219920340237
620,0.0,1396.6403312672435,0.06446652059137044,0.004678281603574796,0.221907361885527,-0.0035084552969292192,0.40976069083314726,-0.0021285905333169315
621,0.0,1401.718361825316,0.0,0.008889268306741796,0.7813978899857068,-0.008889268306741796,0.5212518505789151,-0.0041567938653443905
622,0.0,1405.6612081998246,0.0,0.005823781730298578,0.7037753324974702,-0.005823781730298578,0.5760088951544815,-0.004656890224830647
623,0.0,1407.7984203446078,0.0,0.0013246021231836204,0.7005205191718367,7.150540080349208e-05,0.6133623823596881,-0.0032383715371404045
624,0.0,1406.851484548514,0.03489638388340204,6.233985702967741e-05,0.4518118580864236,0.006958642373441651,0.5648972250777087,-0.00017926736396578795
625,0.0,1408.4248414073575,0.0,0.0024384061904066264,0.55511267451093,0.00010294636876237415,0.561961859907675,-9.460324414733932e-05
626,0.0,1412.8673433335352,0.0,0.009064533706899108,0.621108013335084,-0.009064533706899108,0.5797057059358977,-0.00278558238297287
627,0.0,1412.9191295294088,0.0,0.0014913810445339579,0.8985756671327908,0.0001067230705404181,0.6753666942949657,-0.0019178907469188833
628,0.0,1417.689664602292,0.0,0.0071438990786656525,0.9260219502437234,-0.006957054305121532,0.7505632710795929,-0.0034296398143796774
629,0.0,1422.7173914295356,0.0014018420735674116,0.008333726369784765,0.33491286819995375,-0.008333726369784765,0.6258681502157011,-0.004900865781001204
630,0.0,1424.9902401573895,0.008927843879743921,0.004127057928606303,0.42753005494571844,-0.0009583573021753402,0.5663667216347062,-0.0037181132373534445
631,0.0,1433.625009091026,0.013414103181621347,0.01272911203831007,0.45183676363070896,-0.01272911203831007,0.532007734233507,-0.006421412877640432
632,0.0,1436.8722523299782,0.0,0.0039756887259098025,0.6096547302282965,-0.0026244965890049946,0.5553018330319438,-0.005282337991049801
633,0.0,1439.1854276997155,0.0,0.0011611177895531524,0.7556438001091296,0.0020899538102160968,0.6154044231550995,-0.0030706504506700315
634,0.0,1441.7377649029786,0.0,0.0009432314015815734,0.6762761343733573,0.00031301000265699026,0.6336659365205768,-0.002055552314671925
635,0.0,1443.801028016315,0.0,0.003080947272352679,0.5944490256695345,-0.0010142225868917734,0.6219008632652641,-0.0017431533963378793
636,0.0,1447.9918755645626,0.005275134527349288,0.00651710067288449,0.5506599828949035,-0.00651710067288449,0.6005285991541558,-0.003175337579301862
637,0.0,1446.970434009057,0.007950992950269534,0.0005886097278275272,0.38565726606158274,0.004076093760958966,0.5360671992263838,-0.0009999081772236135
638,0.0,1452.0108789627811,0.0,0.007617357288333188,0.6718024765825227,-0.007151620834434766,0.5767877824332255,-0.002845421974386959
639,0.0,1451.6548933826086,0.0,0.0019421783813575676,0.8359087529243433,0.00190176689223337,0.6545240735805609,-0.0014212653144008603
640,0.0,1453.7527945881925,3.867622823394803e-05,0.002664779316584506,0.4063545371008871,-0.0013474269002130255,0.5800732126366587,-0.0013991137901445097
641,0.0,1453.682312216643,0.0,0.0022938046911227757,0.6857381081662416,0.0016856193844858184,0.6117726812955335,-0.00047369383775541123
642,0.0,1458.1720311206686,0.03888195239372357,0.008259222926493288,0.33540262603378335,-0.007876433608746512,0.5288616647170085,-0.0026945157690527414
643,0.0,1457.3870872255459,0.0,0.002427059889264622,0.7330505873522298,0.0022410023528778925,0.5901183415075748,-0.001213860332473551
644,0.0,1459.1880620377872,0.0,0.0018641912494793095,0.6764416484766397,-0.0008946660855528015,0.6160153335982943,-0.0011181020583973262
645,0.0,1461.7246459960384,0.0,0.004117158790959722,0.696415113503122,-0.00397352448093035,0.6401352675697426,-0.0019747287851572333
646,0.0,1460.9335327966746,0.00026730066581259277,0.0012631044949285245,0.6225775970131204,0.0028951225088867084,0.6348679664027559,-0.0005137733969440507
647,0.0,1460.6406668059722,0.0,0.0011664838774174248,0.6854442507191463,0.002688553856708153,0.650040851697673,0.00044692477915161044
648,0.0,1465.3632371879144,0.0,0.009392471256248704,0.6926043000536249,-0.009322129539694185,0.6628098862044585,-0.0024837915165021283
649,0.0,1464.1298791919967,0.044069771088469496,0.002232968370634994,0.44730121835013664,0.002207440493066543,0.5981572858481619,-0.001076421913631527
650,0.0,1462.682467402346,0.002081465061312726,0.00055186770746589,0.4876877605449999,0.005647574971196768,0.5650164282572132,0.0009407771518169614
651,0.0,1465.7545150355286,0.03411448050626874,0.006143986102509083,0.429505598061697,-0.0053180254570899576,0.5243631791985583,-0.0009368636308551144
652,0.0,1465.5155017869333,0.0,0.0023471502056308787,0.5640347837363898,-0.000442995947283747,0.5362646605599077,-0.0007887033257837041
653,0.0,1465.00627054648,0.0,0.0010239001703175462,0.6373300914760059,0.0020696606716593827,0.5665842898347372,6.880587344922193e-05
654,0.0,1465.8993902195643,0.0,0.003119861673074707,0.5276018051190492,-0.0010419669326281289,0.5548895444200308,-0.0002644259683739833
655,0.0,1467.3333177540928,0.0,0.0041593979618733705,0.6677152246717951,-0.003048004066428547,0.5887372484955601,-0.0010994993977903524
656,0.0,1467.4977776425449,0.0,0.002825925559517322,0.7721069385366134,-2.136857564389332e-05,0.643748155507876,-0.0007760601511464147
657,0.0,1466.3196286816037,0.0,0.0006841310263349799,0.6338494607254138,0.0036321247142903925,0.6407785470731373,0.0005463953084846275
658,0.0,1466.7024298841736,0.004855735887981872,0.0025149783003703043,0.4554336272648194,-1.187298576355819e-05,0.5851750711306419,0.00037891482021017175
659,0.0,1464.3359742013417,0.0,0.0012704351779805664,0.7557807120746995,0.004345166108719322,0.6363567634138592,0.0015687902067629167
660,0.0,1462.8739711411204,0.00108256360340557,0.0005733600864484575,0.6577353158746232,0.0025857705124602407,0.6427703291520883,0.0018738842984721137
661,0.0,1465.0308333691385,0.0,0.006230591851468477,0.5950249605229342,-0.006205697952851542,0.628446718563342,-0.0005499903769249832
662,0.0,1461.088886800398,0.008201345001714848,0.0014243810403275845,0.3522149331753183,0.00628334213967246,0.5455771829469349,0.0015000093780542496
663,0.0,1461.2377640396048,0.0,0.00142431779784225,0.694325069635307,0.00020024533686361092,0.5902015489534465,0.001110080165697058
664,0.0,1464.493434864256,0.14919752438997516,0.008415603646346304,-0.05784276991361243,-0.008391410660400531,0.39578825329332873,-0.0017403670821322186
665,0.0,1466.585204243815,0.018287194168460065,0.006325142105726306,0.35620920753587987,-0.005441671084927254,0.38391453956609406,-0.002850758282970729
666,0.0,1470.3611928598598,0.007765719934992371,0.0066915460842653495,0.5265818927056991,-0.005934978977748468,0.4267147455079756,-0.0037760244914040505
667,0.0,1472.456793713198,0.001094068378223345,0.002094671786318541,0.690548448500267,-0.001238960879217949,0.505864856405663,-0.0030149054077482198
668,0.0,1473.3535689270964,0.0,0.0023017073844903545,0.7135367074907376,0.0021906982082474697,0.5681664117311853,-0.0014532243229495125
669,0.0,1473.5343941825963,0.011246586628562759,0.0013278237030652008,0.5550608593774391,0.0028243581975686,0.5642347460250614,-0.00016994956679407887
670,0.0,1473.798053797339,0.0,0.001076186580268129,0.7098296936265823,0.0009715657043087647,0.6079132303055177,0.00017250501453677417
671,0.0,1480.8615953556105,0.20326111922047577,0.014545868489927775,-0.03382168811349495,-0.014545868489927775,0.4153927547798139,-0.0042430070368025905
672,0.0,1485.8776764225645,0.0,0.010479516693992122,0.8567059076759674,-0.01045306965309663,0.5477867006486599,-0.0061060258216908015
673,0.0,1490.9428973260517,0.022904555217287046,0.0066175340193069705,0.37038875809696853,-0.0058783268096919,0.49456731788315245,-0.006037716118091131
674,0.0,1495.3634916173617,0.0,0.0035082819274523105,0.762067691740298,-0.0025975563710468946,0.5748174300402961,-0.005005668193977859
675,0.0,1499.9136595282826,0.0,0.0035070044612584127,0.6964311929100344,-0.002981659349991033,0.6113015589012175,-0.004398465540781811
676,0.0,1503.2968274633527,0.002808704538899695,0.0028234530080084416,0.6022723189689636,-0.0016507594318032847,0.6085927869215413,-0.0035741537080882526
677,0.0,1508.5925093082556,0.01823416965371318,0.007182423914766534,0.2519779646708216,-0.006302012500729843,0.5016083402463254,-0.004392511345880729
678,0.0,1514.453778232778,0.004842569879360137,0.008498956102775375,0.4754713103824996,-0.008304878840750915,0.49376723128717764,-0.005566221594341785
679,0.0,1520.2731000083709,0.0223440963845123,0.0073161284807621435,0.38649014843213225,-0.0073161284807621435,0.461584106430664,-0.006091193660267892
680,0.0,1523.5113549181372,0.0,0.0023655894696009996,0.6359629199306037,-0.0006944171653962358,0.5138977504806459,-0.004472160711806395
681,0.0,1525.7798468372007,0.0,0.0004613387847901124,0.7134531365800144,0.0018053085943882607,0.5737643663104565,-0.0025889199199479983
682,0.0,1534.6099866570542,0.04915160232676604,0.013629752219898155,0.331124073335349,-0.013629752219898155,0.5009722784179242,-0.005901169609933045
683,0.0,1537.36866541469,0.0,0.0031430630901773692,0.6690861915674754,-0.0028045737613819647,0.5514064523627895,-0.0049721908553677216
684,0.0,1541.1293273109097,0.0,0.0019840030284474816,0.8359087529243435,-0.0014804859878036643,0.6367571425312557,-0.003924679395098504
685,0.0,1544.666129417201,0.0,0.0025425363995506887,0.6680874317043644,-0.0020254439389695723,0.6461562292831883,-0.003354908758259824
686,0.0,1550.051561093252,0.0240984916837729,0.006991653756951272,0.22588927791345484,-0.006991653756951272,0.5200761438722682,-0.0044459322578672585
687,0.0,1547.5402916967596,0.0,9.347307030467645e-05,0.7522138106472895,0.008911755043290911,0.5897174439047745,-0.0004386260675198076
688,0.0,1545.8418935821005,0.0,5.100060338092918e-05,0.5487815600727017,0.00818778492696523,0.5774366787551527,0.0021492972308257037
689,0.0,1548.787247231533,0.0,0.00638416716163267,0.5061035372724664,-0.005768805333935443,0.5560367363103468,-0.00022613353860264024
690,0.0,1545.337607324603,0.0,0.0010424436524662704,0.8261274167798388,0.004957320754769636,0.6370639404511944,0.0013289027494090427
691,0.0,1545.3240580846389,0.0,0.0017663106873202464,0.7853802131147858,0.00020841240474403367,0.6815588222502718,0.0009927556460095398
692,0.0,1543.35036479616,0.0,0.000560600641607879,0.7673509531613606,0.0026862225017794373,0.7072964615235984,0.001500795702740509
693,0.0,1546.2907465228184,0.0,0.00724848154350106,0.6402869158182899,-0.007222448882745792,0.6871935978120058,-0.001116177672905381
694,0.0,1544.1191489270939,0.0,0.0005668234749037206,0.6480055940190403,0.0030073402037755406,0.6754371966741162,0.00012087769009889548
695,0.0,1544.2720541598596,0.0,0.0009109905336954645,0.8364651121568616,0.0008390959372609171,0.7237455713189398,0.00033634316424750195
696,0.0,1541.8515983984328,0.0,0.0017783309391744223,0.4976502385719543,0.004902687610608756,0.6559169714948441,0.0017062464981558781
697,0.0,1541.232033627869,0.0,0.0013326722303812352,0.62006735672373,0.0008693088718273811,0.6451620870635099,0.001455165210257329
698,0.0,1537.0098098947917,0.0,0.0009153463540236443,0.5250035826558938,0.006958327457904435,0.609114535741225,0.003106113884551461
699,0.0,1534.3760388024682,0.05743686916369524,0.002199268545409964,0.248875878105557,0.003841804603133114,0.5010429384505245,0.0033268211001259568
700,0.0,1535.0900308290347,0.0055999773861553324,0.00594924838364055,0.44093711087323206,-0.004861636230926936,0.48301119017733674,0.0008702839008100885
701,0.0,1535.7805677559097,0.08327673063723182,0.005549971451638461,0.11936384712695518,-0.004940319072820941,0.3739169872622222,-0.0008728969912792203
702,0.0,1536.4508781287666,0.01303866153693075,0.004435655483398633,0.29073851768222403,-0.002266654965492136,0.34896344638822274,-0.0012910243835430948
703,0.0,1536.7878053798663,0.0,0.001901328105713711,0.6663639312817237,0.0002611286087727312,0.444183591856273,-0.000825378485848347
704,0.0,1542.7791076801218,0.12819059806829292,0.011108504556416121,0.07769079278172203,-0.01110267195576478,0.33423575213390766,-0.0039085665268232764
705,0.0,1545.6225459128052,0.0,0.005509182192645919,0.6703663083179973,-0.004901203456713952,0.43507491898913453,-0.004206357605790479
706,0.0,1546.3315020235893,0.0003442605932221578,0.0007920886959219351,0.33662215311247773,0.002769696468215422,0.40553908922613746,-0.0021135413835887086
707,0.0,1547.2006217154822,0.0,0.00024119282487156446,0.8153973470398858,0.002659020705571001,0.5284965665702619,-0.0006817727568407955
708,0.0,1546.1859905847014,0.0,0.0008602162467310931,0.45350812720614375,0.0043438276618996945,0.5060000347610264,0.0008259073687813514
709,0.0,1546.3809909603124,0.0,0.0014741588027310927,0.6984702199882009,0.00026951636548663995,0.5637410903291787,0.000658990067792938
710,0.0,1548.7523871208543,0.0,0.006093775850105434,0.8957668757457606,-0.005828186763100702,0.6633488259541533,-0.001287162981475154
711,0.0,1548.572983175109,0.0,0.0024810482643791427,0.80165369334684,-0.00025905797608670217,0.7048402861719593,-0.0009787314798586184
712,0.0,1546.543940017671,0.0,0.0005528654911465846,0.7186146177657782,0.005608748495359807,0.7089725856501049,0.0009975125127069094
713,0.0,1547.829783787311,0.0,0.0021939158372151295,0.5500925953493662,-0.0017008922499267562,0.6613085885598833,0.00018799108391680968
714,0.0,1547.0007089127703,0.0,0.0009527856617146758,0.8254840538752249,0.0006803308260606794,0.7105612281544857,0.0003356930065599706
715,0.0,1546.5368331875152,0.0,0.0009308363381180129,0.6768575684300663,0.0007565965065945754,0.7004501302371599,0.000461964056570352
716,0.0,1547.4761123345363,0.003618655286169327,0.0029078098131061513,0.5227418839611586,-0.0023257602738178357,0.6471376563543594,-0.00037435324254610425
717,0.0,1548.9649578912795,0.03760853579345912,0.00473821181417584,0.3828690303906759,-0.003567376083702739,0.5678570685652543,-0.0013322600948930945
718,0.0,1551.7586490395763,0.01491345472804703,0.005590290711812045,0.2904084631770654,-0.005374727760679503,0.4846224869487976,-0.002545000394629017
719,0.0,1552.8705654997368,0.005056631571207253,0.003031895478479915,0.39613388263635574,-0.0008226800100446034,0.458075905655065,-0.002028304279253693
720,0.0,1552.3440723917643,0.0,0.0016598115684596162,0.7571669345405152,0.003832415397650202,0.5478032143207001,-0.0002700883761825245
721,0.0,1554.4447223100335,0.0,0.003353345905827408,0.7555355589184165,-0.0022522833564976503,0.610122917700015,-0.0008647468702770622
722,0.0,1557.080145489597,0.0007921368405978546,0.005420335435941005,0.4593021653625512,-0.0051730917793053385,0.5648766919987759,-0.002157250342985545
723,0.0,1557.2184547539323,0.0,0.0027525824522514146,0.5716438595293553,0.0007025191201313795,0.5669068422579496,-0.0012993195040504673
724,0.0,1561.005934912519,0.0,0.005620533146045293,0.6391657990360156,-0.005589309577110409,0.5885845292913694,-0.0025863165259684497
725,0.0,1564.2835139254264,0.04758290913342935,0.005893729169530716,0.2706822418281847,-0.0053670686049228965,0.493213843052414,-0.0034205421496547837
726,0.0,1568.6527960489523,0.0,0.006351652932242527,0.7417334505839734,-0.0062660687865597735,0.5677697253118819,-0.00427420014072628
727,0.0,1572.539617933926,0.0,0.005413928743892339,0.6636129434949036,-0.004356389181941037,0.5965226907667884,-0.004298856853090708
728,0.0,1576.044984007567,0.0,0.0037463153758850115,0.7540137879095546,-0.002671435137950677,0.6437700199096182,-0.0038106303385486984
729,0.0,1576.8174877353745,0.0,0.0005535473957888456,0.8175014702648185,0.00302736938647732,0.6958894550161783,-0.0017592304210408928
730,0.0,1579.8224264241492,0.0,0.00317738269272876,0.4797060345193235,-0.002217581064749422,0.6310344288671218,-0.0018967356141534515
731,0.0,1586.2965580055493,0.06740842926262777,0.011576211788742982,0.3483343309927005,-0.011576211788742982,0.5462243995047954,-0.004800578466530311
732,0.0,1588.5125400236168,0.00026730066581259277,0.002708882388483951,0.6595106623180119,-0.002440838836791696,0.5802102783487604,-0.0040926565776087265
733,0.0,1590.633288329102,0.0,0.0028825286760762684,0.5354453262417077,0.0007529042902755966,0.5667807927166446,-0.002638988317243429
734,0.0,1592.4051800388615,0.0,0.0008677177777972838,0.8835309268452721,0.0006817007195618554,0.6618058329552329,-0.0016427816062018438
735,0.0,1594.180815585465,0.0,0.0020351186537875365,0.6638049126320557,-0.0008818453247035682,0.6624055568582796,-0.001414500721752361
736,0.0,1592.6387553206218,0.0,0.001014057575870314,0.8668116556208061,0.0049827939216234175,0.7237273864870375,0.0005046876712603726
737,0.0,1597.866382327077,0.04500607396182164,0.009439563150147353,0.2547455588834575,-0.009438479997925745,0.5830328382059635,-0.002478262629495463
738,0.0,1599.1039273624824,0.0,0.0033538647815250663,0.7497608482096239,-0.003000674205095129,0.6330512412070616,-0.0026349861021753625
739,0.0,1601.2350732448288,0.016661385478730556,0.004037512938698835,0.4324950494955667,-0.001748572594906309,0.572884383693613,-0.0023690620499946463
740,0.0,1604.7938971014016,0.0,0.004733424697361997,0.8153973470398858,-0.004570728259344706,0.6456382726974949,-0.003029561912799664
741,0.0,1605.0486605467636,0.0,0.0013278671827955315,0.7670906741392413,0.002063247537273972,0.6820739931300187,-0.001501719077777573
742,0.0,1611.1570188738888,0.0,0.009507381227437649,0.7436258932255786,-0.009507381227437649,0.7005395631586866,-0.0039034177226755953
743,0.0,1610.8848145247182,0.0,0.0007855107503850321,0.7333517235020578,0.002294025505235334,0.7103832112616979,-0.0020441847543023165
744,0.0,1612.356281568015,0.021752383749311953,0.0008034691016826688,0.37408019578232515,0.0010856781523481548,0.6094923066178861,-0.0011052258823071748
745,0.0,1617.3589199156104,0.03708212490644744,0.008272003819885555,0.3217545872768146,-0.008246753026662364,0.5231709908155646,-0.0032476840256137314
746,0.0,1617.8188647446734,0.0,0.00219398557761572,0.7556348384672775,0.0003283787345891309,0.5929101451110785,-0.0021748651975528727
747,0.0,1620.2833584742239,0.010757333407426777,0.0028737101235745506,0.23342741727177976,-0.0016607383599841177,0.48506532675928893,-0.002020627146282246
748,0.0,1624.1622064313883,0.0,0.00584202217990752,0.7210448799713837,-0.005731255865546666,0.5558591927229173,-0.0031338157620615717
749,0.0,1623.0074209345246,0.0,0.0006808400440377868,0.5573976446568804,0.004641198719262815,0.5563207283031062,-0.0008013114176642557
750,0.0,1622.697017561836,0.0,0.0012947473576654883,0.7996866538993999,0.0039444530876511,0.6293305059819942,0.000622417933930351
751,0.0,1621.6662449717307,0.0,0.001463336494476263,0.6755429096203329,0.0029562082088726315,0.6431942270734958,0.001322555016413035
752,0.0,1624.6315976485612,0.002098645849303127,0.0068996625753853505,0.47738294146810484,-0.006881276550257759,0.5934508413918784,-0.0011385944535882032
753,0.0,1626.1458849827839,0.0,0.005095402724789467,0.48692619447507623,-0.004484985319494931,0.5614934473168377,-0.0021425117133602213
754,0.0,1627.453000263302,0.0,0.003010726596549564,0.6441906960837611,-0.0014478496238683862,0.5863026219469147,-0.0019341130865126708
755,0.0,1626.3912226710495,0.0,0.000668554029579588,0.7091372488265569,0.004524407730547522,0.6231530100108074,3.4431586053871796e-06
756,0.0,1625.9192025444952,0.0,0.0008727815721934226,0.848215596455018,0.0029979329304972253,0.6906717859440705,0.0009017900901729386
757,0.0,1622.9147753079353,0.0,0.00014739055060736058,0.8892384082239309,0.006218062198861955,0.7502417726280286,0.002496671722779643
758,0.0,1618.399354398768,0.0,1.5297767621886731e-06,0.7178656537219887,0.008363734228385506,0.7405289369562167,0.0042567904744614015
759,0.0,1616.2351419185165,0.003676458120446677,0.0014233489573489582,0.5029554388959397,0.0017307100195259463,0.6692568875381336,0.003498966337980765
760,0.0,1618.0015734629403,3.867622823394803e-05,0.008260012725862785,0.6427638495494388,-0.008260012725862785,0.6613089761415252,-2.872738117229998e-05
761,0.0,1617.4102182103381,0.0,0.004206655171037024,0.7550751221084293,-0.002411569518259648,0.6894388199315964,-0.0007435800222985044
762,0.0,1619.4087749613682,0.0,0.0049463088022244405,0.7004371199346641,-0.00410275304166233,0.6927383099325166,-0.001751331928107652
763,0.0,1618.1477600318817,0.0,0.0017697132568233812,0.6388576883858008,0.0034746491233287984,0.6765741234685019,-0.00018353761267671676
764,0.0,1619.617926857649,0.0002973370167219009,0.0018037519191364249,0.4993240593642244,-0.001230896061374623,0.6233991042372186,-0.0004977451472860887
765,0.0,1619.7967881777079,0.0,0.001145763057819285,0.8462292810177509,-0.0001607033557806889,0.6902481572713781,-0.0003966326098344687
766,0.0,1625.8567959618988,0.013305161129006987,0.012090005329898408,0.4408674537971443,-0.012090005329898408,0.6154339462291079,-0.0039046444258536506
767,0.0,1625.763112623156,0.0,0.0012668584746908793,0.8362875404403367,0.0007710261087022848,0.6816900244924765,-0.00250194326548687
768,0.0,1629.8184238853307,0.03881265693229325,0.0048098727561568504,0.47176078952299777,-0.00427697954987056,0.6187112540016328,-0.0030344541508019766
769,0.0,1634.0330040171652,0.0,0.006047903626355304,0.7016555946070083,-0.006047748783489844,0.6435945561832455,-0.003938442540608336
770,0.0,1633.43909720519,0.0,0.0008313840393287335,0.7882657044394917,0.004562297371225721,0.6869959006601193,-0.001388220567058119
771,0.0,1637.193118698425,0.0,0.004108132055464387,0.7169684666614279,-0.0036604912741448658,0.6959876704605119,-0.002069901779184143
772,0.0,1642.7800650045115,0.03941612124293135,0.010107162472861898,0.3678559712786117,-0.010107162472861898,0.5975481607059419,-0.0044810799872874695
773,0.0,1644.665590811021,0.0,0.0024692105040335717,0.6234509829913786,-0.0015853194107745907,0.6053190073915728,-0.003612351814333606
774,0.0,1650.3767244739693,0.0,0.007192709154887343,0.6823292206554922,-0.007079888818786485,0.6284220713707486,-0.0046526129156694695
775,0.0,1651.1389806698414,0.0,0.000732461239260833,0.8246500347723871,0.002368691603349488,0.6872904603912401,-0.002546221559963782
776,0.0,1655.5497056211384,0.0,0.0043456165509647565,0.5853935911093667,-0.004236445963047264,0.6567213996066781,-0.0030532888808888266
777,0.0,1656.9981431170618,0.008634878313340791,0.0022275868808960095,0.4443673822793842,-0.0002380436215080607,0.5930151944084898,-0.0022087153030745967
778,0.0,1658.7726797985713,0.0,0.0019822017957145765,0.5408900877538221,-0.00042441236459127345,0.5773776624120894,-0.0016734244215295996
779,0.0,1660.5545864017347,0.0,0.0025485602104170883,0.6722460629719915,-0.0013418342983238414,0.6058381825800601,-0.001573947384567872
780,0.0,1661.483691943002,0.0001819779722048764,0.0019500385223055242,0.5190016571242535,-0.00012690496418996266,0.579787224943318,-0.0011398346584544992
781,0.0,1659.7760482296853,0.0,0.000901034142223461,0.6895021687647369,0.005244612705770045,0.6127017080897437,0.000775499550812864
782,0.0,1656.939169596907,0.0020084555478841397,0.0002177464750847224,0.4804991059403499,0.007065179106227747,0.5730409274449255,0.0026624034174373284
783,0.0,1657.2678336126803,0.06204304043248948,0.0019510547637908587,0.323623188817402,-0.0016034622073506535,0.49821560585666846,0.0013826437300009336
784,0.0,1656.2720538548201,0.0,0.0025294179190517877,0.7688760605943081,-0.0007564058863721555,0.5794137422779604,0.0007409288450890069
785,0.0,1654.2168388122598,0.0027954493142605457,0.0018316286046071231,0.5632847140462981,0.0028105720847039126,0.5745750338084616,0.0013618218169734785
786,0.0,1655.1198027067587,0.13251299706842673,0.0037452261739797164,0.1910784272361489,-0.0027097182362140425,0.4595260518367678,0.00014035980101722212
787,0.0,1653.852633214216,0.0,0.0018026193205547725,0.6897063768964209,0.0012155237250742212,0.5285801493546637,0.00046290897823432183
788,0.0,1652.2606927282636,0.0,0.0007892202249788915,0.6862054283071335,0.003151046678914474,0.5758677330404046,0.0012693502884383674
789,0.0,1652.5286586630602,0.0,0.002825196580983904,0.5087693513457302,-0.0010933488118385702,0.5557382185320022,0.000560540558355286
790,0.0,1649.798329960185,0.0,0.00012896351931617533,0.6073348041168632,0.004342589057269364,0.5712171942074604,0.0016951551080295094
791,0.0,1652.0306176415413,0.0,0.005335676663342092,0.6049520749678705,-0.005305127213947514,0.5813376584355834,-0.00040492958856359743
792,0.0,1649.1458076426914,0.0,0.0012405739199458513,0.8935123670900611,0.004261106326263753,0.6749900710319268,0.0009948811858846076
793,0.0,1649.825300238844,0.000691413120854776,0.0019214378258724312,0.618809237232582,-0.0010352613033094008,0.6581358208921233,0.000385838439126405
794,0.0,1649.511794278958,0.0,0.002703823910838323,0.6087643824183948,-0.0003992737538313606,0.6433243893500047,0.0001503047812390753
795,0.0,1647.6481113555592,0.0,0.0007345632042637782,0.8089752654262091,0.003474495017106126,0.693019652172866,0.0011475618519991904
796,0.0,1649.0225463388488,0.008602303341755406,0.003331028336498446,0.5238350771843825,-0.0030677887728103375,0.6422642796763209,-0.0001170433354436679
797,0.0,1650.7900142876408,0.0,0.004874217899394544,0.8369883619678947,-0.004872725016839603,0.7006815043637931,-0.0015437478398624485
798,0.0,1650.1829536821451,0.0,0.0030896925366096658,0.7353083236529939,0.0014509525625310716,0.7110695501505533,-0.0006453377191443924
799,0.0,1654.3185121465274,0.00012809561823393342,0.007116511907439042,0.5379571068405132,-0.006980787062642622,0.6591358171575412,-0.002545972522193861
800,0.0,1658.459359309478,0.0,0.007911607006313113,0.559659269838063,-0.007848455943613632,0.6292928529616977,-0.004136717548619793
801,0.0,1659.424841080273,0.0,0.0013376924301826063,0.814220464050051,0.0008129975859885892,0.6847711362882036,-0.002651803008237278
802,0.0,1659.6452792425919,0.0,0.001393711995286445,0.586556840924944,0.003960326400324318,0.6553068476792256,-0.0006681641856687991
803,0.0,1658.3549249589691,0.0,0.0006980648396931233,0.7795886776002648,0.005478373065530719,0.6925913966555374,0.0011757969896910563
804,0.0,1657.62524859088,0.0,0.0013324784112449584,0.8127563420963925,0.0021671719190205652,0.7286408802877938,0.0014732094684899088
805,0.0,1660.5422940072915,0.00026730066581259277,0.007363350209639073,0.5020763035931681,-0.007363350209639073,0.6606715072794062,-0.0011777584349487856
806,0.0,1662.5496054200853,0.0,0.006564176742203914,0.9015452517546055,-0.005667418704874639,0.7329336306219659,-0.0025246565159265416
807,0.0,1665.2382005377567,0.0,0.004390825975982297,0.5362056765415418,-0.004269214103913389,0.6739152443978387,-0.0030480237923225955
808,0.0,1670.5161928541647,0.0,0.008238965797079955,0.6605332413915523,-0.008238965797079955,0.6699006434959527,-0.004605306393749804
809,0.0,1676.9016004083912,0.11533500957376908,0.009942410988566457,0.13569561248086676,-0.009936019854563478,0.5096391341914269,-0.006204520431993906
810,0.0,1684.7785644121047,0.03167652765277326,0.011354625829580443,0.2693797702829468,-0.011354625829580443,0.4375613250188829,-0.007749552051269867
811,0.1113017367875031,1696.06394655149,0.26976771645492853,0.016725272671589773,-0.1792925337930825,-0.016725272671589773,0.25250516737529327,-0.010442268237365838
812,0.0,1702.708128089008,0.0,0.005735407075028398,0.6881084534844307,-0.00533450030653248,0.3831861532080345,-0.00890993785811583
813,0.0,1710.7700024672051,0.007691564672657209,0.005578430788845241,0.6645236821640018,-0.005546961463233084,0.46758741189482467,-0.007901044939651006
814,0.0,1716.6895145796698,0.020041820590441385,0.004249235604546279,0.3788775799967989,-0.0027219214262785125,0.4409744623254169,-0.006347307885639257
815,0.0,1721.7354814367993,0.0,0.004210498983850316,0.6669649377364129,-0.0020177046449812676,0.5087716049487156,-0.00504842691344186
816,0.0,1725.1435157363646,0.0,0.0019988182877645187,0.7018280074888148,-0.0002779412884939432,0.5666885257107453,-0.003617281225957485
817,0.0,1727.7498326615275,0.0,0.002341703899633747,0.8120322983049282,-2.0328841505747536e-05,0.6402916574890001,-0.0025381955106219636
818,0.0,1730.391299958891,0.0,0.0038607113130425808,0.7866813788016461,-0.0016292974461917763,0.6842085738827939,-0.002265526091292907
819,0.0,1730.0934616501743,0.018206891756346495,0.00028646411000270866,0.43958848920416993,0.0033588470538614577,0.6108225484792067,-0.0005782141477465978
820,0.0,1734.5909439672143,0.00026730066581259277,0.006986982411285553,0.5836684936756505,-0.006985739559247287,0.6026763320381399,-0.002500471771196804
821,0.0,1734.0975110329832,0.0,0.0022643681440813893,0.8111289827465106,0.001734478007350317,0.665212127250651,-0.0012299868376326676
822,0.0,1740.2362924291424,0.031675341568970096,0.010133220362100083,0.2666700209570196,-0.010133220362100083,0.5456494953625616,-0.003900956894972892
823,0.0,1740.6726597864103,0.0,0.0020157314433399422,0.5442044029572065,0.0005346774988495926,0.545215967640955,-0.002570266576826146
824,0.0,1745.2666957141553,0.07377956694521798,0.006617344519404387,0.2035764815183155,-0.005400316976504084,0.44272412180416315,-0.003419281696729527
825,0.0,1747.595204583493,0.0,0.0030043931534739867,0.7073165272661508,-0.0020312290562290052,0.5221018434427595,-0.00300286590457937
826,0.0,1746.6911420361628,0.0,0.0011188098247300472,0.7143184541425289,0.0055703348203885615,0.5797668266526903,-0.0004309056870889906
827,0.0,1747.8339918210654,0.0004553693345490983,0.001522192348401129,0.6168138568172792,0.000765002669018107,0.5908809357020669,-7.213318025686135e-05
828,0.0,1746.9960541660946,0.0,0.0006188796180814622,0.6697046891624259,0.0021975690877513786,0.6145280617401745,0.0006087775001456106
829,0.0,1745.9417906913723,0.0,0.0015731267763944106,0.6473823359056211,0.00224615523926686,0.6243843439898085,0.0010999908218819853
830,0.0,1746.45149648555,0.0,0.004392152236555082,0.7652335963760454,-0.0017418632514345801,0.6666391197056796,0.00024743459988701565
831,0.0,1745.8136731289724,0.0,0.0019415021550453508,0.7021784210982377,0.0001726651117477411,0.677300910123447,0.00022500375344523327
832,0.0,1744.1439782810023,0.01993925267421584,0.0008946405784634692,0.5286629352888084,0.0032114114019950943,0.6327095176730553,0.0011209260480101915
833,0.0,1745.6259296660985,0.0,0.0037375387141189162,0.7292369870868942,-0.003368482880789654,0.6616677584972069,-0.00022589663062976223
834,0.0,1747.02727535524,0.028426556228280404,0.00467043723305216,0.24277721657492404,-0.00407768912611164,0.5360005959205221,-0.0013814343792743254
835,0.0,1745.3745660781005,0.0,0.0011975972869815693,0.6412908597053575,0.0037360130834154454,0.5675876750559726,0.00015379985953260583
836,0.0,1748.628206815115,0.0,0.005358436120121295,0.8521529145162068,-0.005345832384516825,0.6529572468940428,-0.0014960898136822233
837,0.0,1748.2019366437044,0.0,0.0009430311685906535,0.7491991005546231,0.0007901917456629468,0.6818298029922168,-0.0008102053458786721
838,0.0,1750.672651387317,0.0,0.005179400966038306,0.47065423291805386,-0.00355513693719566,0.6184771319699679,-0.0016336848232737684
839,0.0,1754.8288479080072,0.004209998497189186,0.007848958309210237,0.4906360731972598,-0.007746708648510757,0.5801248143381554,-0.0034675919708448645
840,0.0,1753.4685703248972,0.0,0.0005669431083758474,0.6569084871872987,0.004680149654507317,0.6031599161928984,-0.00102326948323921
841,0.0,1757.0296245633517,0.009469566813933314,0.004557204223634213,0.5235242658503417,-0.0037641517986817573,0.5792692210901313,-0.0018455341778719741
842,0.0,1756.1886617680198,0.0,0.0015050028915708485,0.582122098077346,0.002894808792727399,0.5801250841862957,-0.00042343128669216224
843,0.0,1758.4046483948957,0.010373993495368241,0.005433631093465445,0.48320805898730823,-0.0026765644004292394,0.5510499766265995,-0.0010993712208132854
844,0.0,1760.7560611700785,0.006986596182799667,0.00457549349207154,0.41205542796067,-0.004411895223793178,0.5093516120268207,-0.002093128421707253
845,0.0,1761.6290035610837,0.0,0.0030008887484390587,0.7486795078302095,-0.0005862379420087286,0.5811499807678373,-0.0016410612777976955
846,0.0,1765.5645678649366,0.004209998497189186,0.0060128377599494715,0.2865382580381178,-0.005950372640507596,0.49276646394892143,-0.0029338546866106655
847,0.0,1766.9762750009036,0.01480935295708141,0.0036193851987161027,0.41908561868319455,-0.0011093737569497512,0.4706622103692033,-0.0023865104077123913
848,0.0,1768.9108816017138,0.0,0.0019383478985945542,0.7606590918304449,-0.0008748938528134973,0.5576612748075758,-0.001933025441242723
849,0.0,1772.3447053242496,0.00016689846761828861,0.004663612318358353,0.42909919216314907,-0.004587308353863954,0.5190926500142478,-0.0027293103150290918
850,0.0,1775.6171039526798,0.0013040290419116614,0.005008035224877598,0.5457137793339087,-0.004690207711475184,0.527078988810146,-0.003317579533962919
851,0.0,1777.1828666828421,0.0,0.0027616253314285606,0.8507978745701442,-0.0002807416291014136,0.6241946545381455,-0.002406528162504467
852,0.0,1777.3498841268356,0.0,0.0018639887298476992,0.8261424975121051,0.003208131012995838,0.6847790074303334,-0.0007221304098543756
853,0.0,1780.2102348866238,0.0,0.0043258619737774895,0.7874301343113747,-0.0034221751465394685,0.7155743454946457,-0.0015321438308599034
854,0.0,1780.2898219599588,0.0,0.002249886197336717,0.7063966820828343,0.0006502521004366052,0.7128210464711022,-0.0008774250514709508
855,0.0,1783.6020641403593,0.053972528566359146,0.005480812705686504,0.3611924722482866,-0.005267962008210785,0.6073324742042575,-0.002194586138492901
856,0.0,1785.013344332134,0.07910653908431259,0.004308559634129029,0.2911416780937622,-0.0019347415484781913,0.5124752353711088,-0.002116632761488488
857,0.0,1786.830806211289,0.0,0.0033829121668953587,0.762067691740298,-0.0014121586555798796,0.5873529722818656,-0.0019052905297159053
858,0.0,1788.0900041136144,0.0,0.0016298720465063492,0.7697419789752088,-0.00033911606455610583,0.6420696742898685,-0.0014354381901679654
859,0.0,1789.9099504191302,0.000691413120854776,0.0022769305055782285,0.5087247773941602,-0.0017470672434470415,0.602066205221156,-0.0015289269061516883
860,0.0,1791.543826329477,0.0016789762830520377,0.002916377582777434,0.6882266305562517,-0.0018449547440414743,0.6279143328216846,-0.001623735257518624
861,0.0,1793.1037732836146,0.0,0.0030193684269222802,0.547127161405828,-0.0015896016581488893,0.6036781813969275,-0.0016134951777077035
862,0.0,1794.589591879873,0.0052494088626209665,0.0020931900331150593,0.476105993509156,-0.00133683554988483,0.5654065250305961,-0.0015304972893608415
863,0.0,1794.9815648961608,0.05567423334012438,0.0009800842161065673,0.13232613528593704,0.0009278844132362262,0.43548240810719835,-0.0007929827785817211
864,0.0,1793.6250459759103,0.0,0.0003915073383385769,0.6745032736867435,0.004453390042712676,0.5071886677810619,0.0007809290678065981
865,0.0,1792.9720923358684,0.0,0.0005244781527846487,0.7419705691685264,0.002153805099951958,0.5776232381973012,0.0011927918774502061
866,0.0,1790.990576112861,0.0,0.0006062564946300247,0.7689324052441983,0.003264991357406362,0.6350159883113703,0.0018144517214370528
867,0.0,1788.7598936862476,0.0,0.0009495824541012977,0.6733436461650845,0.0033291613613739657,0.6465142856674845,0.002268864613418127
868,0.0,1787.4823604530202,0.02413498067420325,0.002943140030157211,0.4980609560397325,0.0006769376671678922,0.6019782867791589,0.0017912865295430563
869,0.0,1788.4238148918107,0.0,0.0046373285159495995,0.5775897298988046,-0.004399400991855277,0.5946617197150526,-6.59197268764438e-05
870,0.0,1792.0685796350879,0.0,0.009456643259722897,0.7402433280582024,-0.009456436694814694,0.6383362022179975,-0.0028830748172579187
871,0.0,1793.8850548634712,0.0,0.00388153103486279,0.7843834947836714,-0.0035955288929167407,0.6821503899876996,-0.0030968110399555654
872,0.0,1795.7296416775623,0.041166398633292474,0.002799617991967264,0.35708547419317843,-0.0007106524680475131,0.5846309152493432,-0.00238096346838315
873,0.0,1804.2213348048235,0.014713745045094853,0.014367218556029768,0.3074244548036136,-0.014365975703991504,0.5014689771156243,-0.005976467139065656
874,0.0,1804.7887255268404,0.0,0.001720679242743364,0.6397387844747705,0.0015471257394915842,0.5429499193233681,-0.003719389275498483
875,0.0,1803.1709281179715,0.0,0.0007637205334877566,0.5651283845140204,0.009750872424816606,0.5496034588805638,0.00032168923459604355
876,0.0,1807.8264309161768,0.05544657176899254,0.006375574535090804,0.29812087843394675,-0.005838004052392339,0.4741586847465787,-0.0015262187515004712
877,0.0,1805.888722301669,0.008759000127458968,0.00139344014893395,0.47417714214125106,0.0037653924421660657,0.47416422196498037,6.126460659948972e-05
878,0.0,1805.951239085986,0.0,0.0024136597057877016,0.6994795398865271,0.001457015206878228,0.5417588173414444,0.0004799897866831112
879,0.0,1803.3424760536795,0.0,0.0002962999193831726,0.758896259856918,0.005351106110985047,0.6069000500960864,0.001941324683973692
880,0.0,1803.5278149422013,0.0,0.0033532559959976223,0.762067691740298,-0.0009670005740472222,0.6534503425893499,0.0010688271065674177
881,0.0,1803.544088535711,0.0,0.002386826699740304,0.6650573041608879,-0.002100650995058024,0.6569324310608112,0.00011798367607978514
882,0.0,1802.995470039601,0.0,0.0027600702920025765,0.9245040049070686,2.467764438433314e-05,0.7372039032146884,8.999186657114954e-05
883,0.0,1801.666661734691,0.0,0.0005920108222193056,0.6754194975643263,0.0026417013115394698,0.7186685815195797,0.0008555047000616456
884,0.0,1803.3482960551855,0.0029727569168259784,0.004606905251601045,0.5728416759556604,-0.0036327923912110585,0.6749205098504039,-0.0004909844273201658
885,0.0,1801.1349169891191,0.014343065934104402,0.00043558301800253866,0.37824718985064115,0.0037405133428791136,0.585918513850475,0.000778464903739618
886,0.0,1803.3960328262842,0.0,0.00500966852659195,0.8301520197569415,-0.004231651919958275,0.6591885656224149,-0.0007245701433697498
887,0.0,1804.186792260179,0.0574204757020045,0.0041072635999104086,0.2663974720445872,-0.002428126006035442,0.5413512375490666,-0.0012356369021694574
888,0.0,1799.7805363626549,0.00012809561823393342,0.0004476769797846496,0.6778505535976732,0.009985945223441896,0.5823010323636485,0.002130837735513949
889,0.0,1800.525153896857,0.022393400268519503,0.004119490347138078,0.34054219160201377,-0.0003529496621409017,0.509773380135158,0.0013857015162174935
890,0.0,1802.4043635719433,0.0,0.006316073029191173,0.7566426810173744,-0.00619238036076558,0.5838341703998229,-0.0008877230468774285
891,0.0,1805.1541334031335,0.0,0.007135137767419697,0.584924042217018,-0.007135137767419697,0.5841611319449814,-0.0027619474630401087
892,0.0,1804.2435302607926,0.0,0.0008991318544760445,0.9179543764621706,0.002936882531334679,0.6842991053001382,-0.0010522984647276723
893,0.0,1811.2011691157093,0.16586833320925334,0.011574206571046302,-0.05121544994079632,-0.011574206571046302,0.4636447387278578,-0.004208870896623262
894,0.0,1813.714511271456,0.0,0.004742916902908268,0.5691809741147779,-0.003964615636355137,0.49530560934393375,-0.004135594318542824
895,0.0,1818.1465736210146,0.0013040290419116614,0.00539912300500135,0.5646252294991849,-0.0046769062809914426,0.5161014953905091,-0.004297987907277409
896,0.0,1821.0388875086162,0.0,0.0027591705220002954,0.6310154426303789,-0.001538660354551325,0.55057567956247,-0.0034701896414595836
897,0.0,1826.1125078391472,0.0,0.005948380383464704,0.6814625428167979,-0.005948380383464704,0.5898417385387683,-0.004213646864061119
898,0.0,1824.637047870116,0.00012809561823393342,0.0,0.5871277197353113,0.00686422443133747,0.5890275328977312,-0.0008902854754415427
899,0.0,1831.3101979078162,0.0053648531574918565,0.009476085200335266,0.4320511425334829,-0.009476085200335266,0.5419346157884568,-0.00346602539290966
900,0.0,1834.270317520379,0.016923816415176318,0.006378508690588679,0.3420636836072136,-0.005095117431215884,0.48197333613408383,-0.003954753004401527
901,0.0,1833.2032422616594,0.00665315282720158,0.0005935307305716202,0.5501456796036694,0.005998297948463209,0.5024250391749595,-0.000968837718542106
902,0.0,1835.738582358435,0.01240406691836713,0.0037735540047997874,0.5379174438861689,-0.0011220559170918706,0.5130727605883223,-0.0010148031781070353
903,0.0,1839.9838357734682,0.0,0.008205567474733352,0.4885228875103088,-0.007792788525416494,0.5057077986649182,-0.0030481987822998727
904,0.0,1839.9602346682252,0.0,0.0020763792697422352,0.5267979094283367,0.00123326389571346,0.5120348318939437,-0.0017637599788958727
905,0.0,1841.5993759440287,0.0,0.0020641456067480132,0.7206585835173868,-0.0001661805939075371,0.5746219573809765,-0.0012844861633993718
906,0.0,1843.8220391072743,0.007115906860582301,0.0028847836485928723,0.5285845256838323,-0.002739778021937398,0.5608107278718333,-0.0017210737209607794
907,0.0,1845.1684028522716,0.0247034838401141,0.0019096020978405896,0.5241498275867398,-0.001395206643495992,0.5498124577863053,-0.001623313597721343
908,0.0,1846.6786984400153,0.0,0.0020876345738591985,0.8400084563471472,-0.0012860259485603894,0.6368712573545579,-0.0015221273029730569
909,0.0,1848.8015667702641,0.0,0.0030163214859078263,0.7322336423100421,-0.002668268719435022,0.6654799728412031,-0.0018659697279116462
910,0.0,1848.230931846935,0.07931609450538321,0.0016477259142101762,0.2793852809953842,0.002852120769529031,0.5496515652874574,-0.0004505425786794431
911,0.0,1849.4897428710842,0.0,0.002435919270386047,0.7088989186566099,-0.0006600318929578414,0.5974257712982032,-0.0005133893729629625
912,0.0,1850.0180798686422,0.011922334887297438,0.0019674645906686064,0.4595169963150896,-0.0006099956682476868,0.5560531388032691,-0.0005423712615483798
913,0.0,1848.526823017691,0.0,0.001263149321168585,0.9321735438565283,0.0036641645055490125,0.6688892603192469,0.0007195894685808378
914,0.0,1849.0043669284255,0.0,0.0029721088285301236,0.6285056958865886,-0.0004598959777748401,0.6567741909894493,0.0003657438346741344
915,0.0,1853.8475425480165,0.12410665190381309,0.010854760897030668,0.19027828944659775,-0.010854760897030668,0.5168254205265939,-0.0030004075848373063
916,0.0,1850.9384849270643,0.0,0.00010423978437440166,0.9037119438701369,0.005804570531899777,0.6328913775296567,-0.00035891414981618127
917,0.0,1852.284404513728,0.0,0.0018226847411022596,0.6202458976309306,0.00033638018489870095,0.6290977335600388,-0.00015032584940171661
918,0.0,1854.7415721335954,0.04519477496255528,0.0051404938897548205,0.3250467623805455,-0.004738966724940226,0.5378824422061907,-0.0015269181120632692
919,0.0,1855.5062009632416,3.867622823394803e-05,0.0021660165424657093,0.7743745352709722,-0.0013727657139674318,0.6088300701256252,-0.001480672392634518
920,0.0,1857.4048336083379,0.0013040290419116614,0.0028276791689200503,0.5059257583161596,-0.0023032502941909526,0.5779587765827855,-0.0017274457631014481
921,0.0,1861.0597657938667,0.03500414405818476,0.006723597156724237,0.34939160637439826,-0.006000098070728181,0.5093886255202693,-0.0030092414553894676
922,0.0,1866.350695434695,0.0,0.00909796235452032,0.8614569813157152,-0.00909796235452032,0.6150091322589031,-0.004835857725128723
923,0.0,1870.4102656326725,0.00202267806905736,0.005268608440997423,0.3269304193112035,-0.0051213173245421234,0.5285855183745932,-0.004921495604952743
924,0.0,1877.0987101424423,0.007772734008722076,0.008691845281472085,0.5466098930937439,-0.008691845281472085,0.5339928307903383,-0.006052600507908545
925,0.0,1880.0897704341814,0.007940086896867283,0.0020391751503384095,0.32241584561668596,-0.0008526259981347256,0.4705197352382426,-0.004492608154976399
926,0.0,1884.8764955599336,0.0,0.004201556185157201,0.7735536946908153,-0.003480359809788428,0.5614299230740143,-0.004188933651420008
927,0.0,1885.4688766995716,0.0,0.0009549671675362776,0.9177926764173061,0.0036202116893310782,0.6683387490770019,-0.001846190049194682
928,0.0,1886.9222536028246,0.0,0.0016679941614479567,0.7419288331724144,0.0014125285905017659,0.6904157743056256,-0.0008685744572857475
929,0.0,1886.218466591963,3.867622823394803e-05,0.0008444073808538694,0.6264423521563134,0.0034255281762594135,0.6712237476608319,0.0004196563327778009
930,0.0,1885.5425779644704,0.0,0.002042342111083023,0.781189970085071,0.002295380686417042,0.7042136143881036,0.0009823736388695733
931,0.0,1885.2041037247818,0.0,0.003333896839178339,0.45339153487822526,0.0002270804177547343,0.62896699053514,0.0007557856725351215
932,0.0,1887.4111546446888,0.027088936121541434,0.005676133095001982,0.16079298383713872,-0.005652819693317993,0.48851478852573965,-0.0011667959372208129
933,0.0,1892.2361189924525,0.0030691947026178696,0.010790669302680977,0.6882266305562516,-0.010790669302680977,0.5484283411348931,-0.0040539579468588625
934,0.0,1893.6262935859793,0.000691413120854776,0.003964430201747787,0.5428254288150555,-0.0015118697207895015,0.5467474674389419,-0.003291331479038054
935,0.0,1897.7207137187208,0.03098392844811532,0.0051940177995913,0.3832131930022163,-0.004170030270273974,0.49768718510792415,-0.0035549411164088295
936,0.0,1903.2967021011132,0.0013040290419116614,0.008106439159295539,0.6059855763194077,-0.00804004962613562,0.5301767024713693,-0.0049004736693268654
937,0.0,1905.9962091888426,0.0009745752572769129,0.003142224276003204,0.4652201284418951,-0.001716723033622309,0.510689730262527,-0.003945348478615498
938,0.0,1909.2916386326865,0.0,0.0034078126605544003,0.7796102394672884,-0.0015964284158499244,0.5913658830239553,-0.003240672459785826
939,0.0,1913.568421429268,0.0512529033059491,0.005463069670783136,0.2647246637918919,-0.004665198141829285,0.49337351725433626,-0.0036680301643988635
940,0.0,1917.6149263162024,0.005643830733532001,0.004904804756796303,0.5118285399499208,-0.004901683445319398,0.4989100240630116,-0.004038126148675024
941,0.0,1917.1832581297906,0.014666542794866498,0.0005256979066398078,0.42361952449490353,0.004888428732467847,0.4763228741925792,-0.0013601596843321627
942,0.0,1919.0185853563153,0.0016789762830520377,0.002946485516614981,0.6955161454698988,0.00043945633645685604,0.542080855575775,-0.000820274878095457
943,0.0,1917.741909298603,0.0,0.0020884780696088763,0.577090403155349,0.004110752911334244,0.5525837198496472,0.0006590334587334532
944,0.0,1921.3525159890246,0.05152581739926794,0.006842986990847907,0.40786280306718076,-0.006695104001142714,0.5091674448149072,-0.0015472077792293968
945,0.0,1920.8755553756807,0.0,0.0018504753191160698,0.8242094483027432,0.00037164174908679436,0.6036800458612579,-0.0009715529207345394
946,0.0,1921.2254920205746,0.0,0.0021383202970279387,0.7440662086803133,0.0009231214648657022,0.6457958947069745,-0.0004031506050544669
947,0.0,1919.2572549601457,0.0,0.0012704648643779382,0.8321654425399649,0.005129326110202982,0.7017067590568716,0.0012565924095227676
948,0.0,1917.6668665631869,0.0,0.0008862361264164794,0.5878614458602244,0.003680899690199185,0.6675531650978774,0.0019838845937256927
949,0.0,1919.8399818967569,0.0,0.0061863473545155,0.5625117796121643,-0.005918935896262319,0.6360407494521634,-0.0003869615532707106
950,0.0,1919.3852472039077,0.03085640492128985,0.0034343073705916725,0.378207832234495,-0.0011030591103088718,0.5586908742868628,-0.000601790820382159
951,0.0,1918.053920996634,0.0,0.0007884450627376232,0.6974886857177459,0.003201755833993363,0.6003302177161277,0.0005392731759304975
952,0.0,1920.267706309679,0.0,0.004617730053331075,0.7370843308133125,-0.004007657013276142,0.6413564516452831,-0.0008248058808314942
953,0.0,1920.692544663507,0.0,0.0033745387924435594,0.6836697227621927,-0.0014124558837017675,0.6540504329803559,-0.0010011008816925761
954,0.0,1921.715561545864,0.0772937568943382,0.00310512326506808,0.3495770982822495,-0.0012303998423067502,0.562708432570924,-0.0010698905698768282
955,0.0,1919.400342161092,0.0,0.0005051899604310824,0.6130077856128063,0.00591076591044961,0.5777982384834887,0.0010243063742211031
956,0.0,1925.4785187379312,0.06787857906250937,0.011591077957052838,0.3037880763911746,-0.011591077957052838,0.4955951898557944,-0.002760308925161079
957,0.0,1926.5546959647759,0.04787630077094428,0.0033694411414968814,0.41296198506598775,-0.0031940088238583916,0.47080522841885236,-0.0028904188947702727
958,0.0,1925.271629865286,0.0,0.0003954511417181855,0.8107508849111325,0.005668810291595459,0.5727889253665364,-0.0003226501388605529
959,0.0,1928.105379496465,0.10764455138119655,0.004513615428121614,0.20789536881301057,-0.002879348293784629,0.46332085840047865,-0.0010896595853377756
960,0.0,1927.2717845346772,0.0,0.0014394437386108633,0.9467476971568802,0.0021181525477600273,0.6083489100273991,-0.00012731594540843472
961,0.0,1926.5897305315148,0.0,0.001375237089235688,0.65255995173253,0.0025613127390407527,0.6216122225389383,0.0006792726599263215
962,0.0,1929.5518263730592,0.004574565610904284,0.006578837214234625,0.4848860817404924,-0.0060667152542475695,0.5805943802994045,-0.0013445237143258457
963,0.0,1929.2103235300528,0.0,0.0024699466726557304,0.7090116885976414,5.9910390269949564e-05,0.6191195727888755,-0.000923193482947107
964,0.0,1929.437051815162,0.003618655286169327,0.002039774718502364,0.43067239949439107,0.0009666613369016423,0.5625854208005302,-0.00035623703699248224
965,0.0,1931.42632398968,0.0,0.004216718197413106,0.7158120472056952,-0.003167813942300989,0.6085534087220796,-0.0011997101085850343
966,0.0,1935.5543889822886,0.007772734008722076,0.008198257581839612,0.5605499329784175,-0.008179067233209483,0.5941523659989809,-0.003293517245972369
967,0.0,1934.6213165859083,0.0,0.0007746601977017405,0.6496494117428705,0.003330828740816796,0.6108014797221477,-0.0013062134499356192
968,0.0,1936.797968428982,0.0,0.0029516810126832323,0.8257678628929248,-0.0010495186481017174,0.6752913946733807,-0.0012292050093854487
969,0.0,1938.699656767175,0.0009745752572769129,0.0035830088464598245,0.43016075849981267,-0.0025499948188280296,0.6017522038213102,-0.0016254419522182227
970,0.0,1943.6110175901345,3.867622823394803e-05,0.008921885761210247,0.6472038187873381,-0.008883853081713368,0.6153876883111186,-0.0038029652910667663
971,0.0,1946.7679777533028,0.03521992065067183,0.005028789269441441,0.38666153353246047,-0.004725374752578928,0.5467698418775211,-0.004079688129520415
972,0.0,1948.1434770804815,0.0,0.002084097999834183,0.7055285456035271,0.0012657855853026965,0.5943974529953229,-0.0024760460150734815
973,0.0,1950.8341682618109,0.0,0.0037309584285472627,0.6753614132559446,-0.0012527629088912456,0.6186866410735093,-0.0021090610832188105
974,0.0,1954.8888904509224,0.050743755789232264,0.006075026312895969,0.30061540371218815,-0.0057802457498136155,0.523265269865113,-0.003210416483197252
975,0.0,1962.4971579259088,0.02108458421644389,0.013519851257735112,0.5259039106245545,-0.013519851257735112,0.5240568620929454,-0.00630324691555861
976,0.0,1965.4295486470223,0.0,0.0028617593091129477,0.6952753444552715,-0.0025023282108416487,0.5754224068016432,-0.005162971304143522
977,0.0,1968.0563136394514,0.0025622923163736372,0.0029761149851283302,0.527629443435446,0.001308578940485333,0.561084517791784,-0.003221506230754865
978,0.0,1974.3251580719532,0.016143387479120825,0.007897131558147924,0.5289253494757914,-0.007547768032947246,0.5514367672969862,-0.004519384771412579
979,0.0,1978.4988571030783,0.0,0.0057795989005220635,0.6718691987031506,-0.005151162958998877,0.5875664967188355,-0.004708918227688468
980,0.0,1984.5737289409974,0.11692258698465688,0.007959155168410276,-0.012249742073338862,-0.007752085599289847,0.4076216250811832,-0.005621868439168881
981,0.0,1991.935679152451,0.05737443350072584,0.010198778027498355,0.15832645021719755,-0.010198028601720656,0.33283307262198747,-0.006994716487934413
982,0.0,1995.7147869555538,0.0,0.003483330748875422,0.7716366968910916,-0.0017255817786656733,0.4644741599027187,-0.00541397607515379
983,0.0,1998.9446183517723,0.00026730066581259277,0.0019008536399157782,0.5360038042982748,0.0007829299359409156,0.48593305322138547,-0.003554904271825378
984,0.0,2001.7723141077827,0.0,0.002046338350366832,0.8605224399856916,-0.00010335340207682802,0.5983098692506772,-0.002519439010900813
985,0.0,2003.3833269481204,0.0,0.0017965357880364117,0.5797270936648665,0.00045172515790201307,0.592735036574934,-0.001628089760259965
986,0.0,2009.2057152193697,0.07590093534786178,0.00943772285540361,0.1663305367485929,-0.00943772285540361,0.46481368662703165,-0.003970979688803058
987,0.0,2011.2277756162898,0.0009745752572769129,0.0033044563835044876,0.5310510868930436,-0.002351241506279553,0.4846849067068352,-0.0034850582340460066
988,0.0,2017.2805376759975,0.0,0.008338976968379985,0.6391676148954538,-0.008328273022135829,0.5310297191634208,-0.0049380226704729534
989,0.0,2023.1456732745728,0.09913950371017095,0.008583513664596405,0.11217595995565449,-0.008383012558631074,0.40537359140109086,-0.0059715196369203895
990,0.0,2025.32036102501,0.0,0.001469047982830043,0.7253659896748593,0.0008619874532034599,0.5013713108832214,-0.003921467509883234
991,0.0,2026.7376338839633,0.0,0.0011045217550955907,0.7019429019789701,0.0034310756452182764,0.561542788211946,-0.0017157045633527808
992,0.0,2027.1404274247684,0.009710195523743935,8.16088316692078e-05,0.5237878194691862,0.0033171964695907267,0.550216297589118,-0.0002058342534697285
993,0.0,2028.7538167791643,0.0,0.002280447426033239,0.6632000379674156,-0.0015654591409381552,0.5841114197026073,-0.0006137217197102565
994,0.0,2030.6066545273145,0.0,0.004829055293764498,0.8933406894008219,-0.0036200962229604567,0.6768802006120715,-0.0015156340706853164
995,0.0,2031.0915645064808,0.0,0.0027603730856630027,0.5815593911183801,-0.00030778424561987873,0.6482839577639641,-0.001153279123165685
996,0.0,2036.8150471796628,0.00924169010873177,0.01031115337338154,0.30453946233239465,-0.010297083448700223,0.5451606091344933,-0.003896420420826046
997,0.0,2040.0960091887994,0.0,0.0055400003369232625,0.7000008461850911,-0.005471654248202115,0.5916126802496726,-0.004368990569038867
998,0.0,2041.5483892536663,0.0,0.0015444414199006057,0.8538751111757119,0.0012150207435975657,0.6702914095274843,-0.0026937871752479373
999,0.0,2045.3535122726428,0.000691413120854776,0.00411391739410849,0.5323599650050531,-0.0032640666478174385,0.6289119761707549,-0.002864871017018787
1000,0.0,2047.585836746796,0.0030691947026178696,0.003327084364211055,0.45655184541666727,-0.001725278054559843,0.5772039369445285,-0.002522993128281104
1001,0.0,2049.5272064202586,0.0,0.0027291202790686144,0.43584781614133417,-0.0009551547966411367,0.5347971007035702,-0.0020526416287891137
1002,0.0,2048.7677018001623,0.0,0.00023432782997903759,0.7886060571929326,0.004295945868359517,0.6109397876503789,-0.00014806537964452454
1003,0.0,2048.4829752050655,4.9785657578673796e-05,0.0020858242445226612,0.4852720006831391,0.002737518160591515,0.573239451560207,0.0007176096824262873
1004,0.0,2049.0258149407396,0.0,0.0037532014441052667,0.5970803736979017,-0.0010065817489585502,0.5803917282015153,0.00020035225301083607
1005,0.0,2047.0827793490141,0.0,0.0015273190761537253,0.6966898053925994,0.0032921327196912945,0.6152811513588405,0.0011278863930149735
1006,0.0,2045.2463342112253,0.00011309321185633347,0.0015486556665495212,0.6876253369138121,0.0035702318404650913,0.636984407025332,0.0018605900272500087
1007,0.0,2044.4914021222146,0.0,0.0023527796974176247,0.7664018904122494,0.0003203689415795454,0.6758096520414072,0.0013985237015488696
1008,0.0,2041.8136268980213,0.035916026758898316,0.0006509174818244729,0.35862064783831615,0.003582311951119086,0.5806529507804798,0.0020536601764199348
1009,0.0,2044.8186639144262,0.09228706512507895,0.007806850909154836,0.0010483700951576702,-0.007802858480640829,0.40677157657488316,-0.0009032954206982943
1010,0.0,2043.9630409505385,0.002098645849303127,0.0023773257047069434,0.6636129434949036,-0.00031904419980900153,0.48382398665088927,-0.0007280200544315064
1011,0.0,2048.7904404594515,0.0,0.009087424921616658,0.6442136344428222,-0.009085815411406743,0.5319408809884691,-0.003235358661524077
1012,0.0,2050.802988512389,0.0,0.004268756061610656,0.8221817163742813,-0.0032996476093573313,0.6190131316042128,-0.0032546453458740534
1013,0.0,2055.971871716703,0.0,0.007269745108805786,0.7418641681154794,-0.007262731180487685,0.6558684425575927,-0.004457071096258142
1014,0.0,2061.806665609016,0.0,0.008581463254899065,0.6371716965819119,-0.008579853744689149,0.6502594187648885,-0.005693905890787444
1015,0.0,2064.439457874608,0.0,0.0019222714808569108,0.7528712483237794,-0.0006049554159315753,0.6810429676325557,-0.004167220748330683
1016,0.0,2066.2523822891153,0.002024145076831852,0.0018622714522266504,0.7166234321034621,0.0023278603038603546,0.6917171069738276,-0.0022186964326733716
1017,0.0,2070.133952437737,0.00013772526212970214,0.004307447472123104,0.5657190615261934,-0.0036533038454228868,0.6539176933395373,-0.002649078656498226
1018,0.0,2074.380470552723,0.1445513971151772,0.006425392344832535,0.2031821169739112,-0.006425392344832535,0.5186970204298494,-0.0037819727629985183
1019,0.0,2076.6996627036615,0.0,0.0027460899790201702,0.7075288002656331,-0.0019146111821441807,0.5753465543805846,-0.003221764288742217
1020,0.0,2083.8381159821542,0.0004553693345490983,0.010797982523372478,0.5938741634877495,-0.010797982523372478,0.580904837112734,-0.005494629759131295
1021,0.0,2086.362066473895,0.0,0.00224577650693492,0.45817496623532755,-0.0016732828170567767,0.5440858758495121,-0.004348225676508939
1022,0.0,2088.6530225819843,0.04735688449005434,0.0010264949397673668,0.40228969648386215,0.0011319235104305973,0.501547022039817,-0.002704180920427078
1023,0.0,2092.7141498713668,0.0,0.0046359193085371685,0.5340409005716005,-0.0038186059014999655,0.511295185599352,-0.003038508414748944
1024,0.0,2091.3856071639934,0.0,0.0005670115530747471,0.621393670264631,0.005711256949753179,0.5443247309989357,-0.000413578805398307
1025,0.0,2093.367219192743,0.006214435479296035,0.0025076302700284265,0.3710060817918487,-0.0009460130109718262,0.49232913623680963,-0.0005733090670703628
1026,0.0,2092.0707592007457,0.0,0.00024052742070134261,0.8302135331284007,0.0031556574500787495,0.5936944553042869,0.0005453808880743709
1027,0.0,2093.8637317232033,0.11436125271426019,0.003815807934839631,0.09609248653263588,-0.003160886680591287,0.44441386467279154,-0.0005664993825253263
1028,0.0,2095.4458960464794,0.040412456391700845,0.004707256247800505,0.25747295987646784,-0.003840676624297594,0.3883315932338944,-0.0015487525550570065
1029,0.0,2097.219962870589,0.0,0.0034579394651646925,0.5826460330931859,-0.0030413376703033045,0.44662592519168176,-0.0019965280896308956
1030,0.0,2098.194326802604,0.006981405135188086,0.003840428059637719,0.5725177144204437,-0.0003334522764454884,0.4843934619603103,-0.0014976053456752733
1031,0.0,2105.2359820735337,0.13070082121486526,0.01252799816500228,-0.020955328920382304,-0.01252799816500228,0.3327888246961025,-0.004806723191473375
1032,0.0,2106.27871492065,0.0,0.0025942946269850212,0.7619570658543031,-0.00041207439676951,0.46153929704356267,-0.003488328553062215
1033,0.0,2107.2528995640223,0.0,0.001410378890398203,0.6201988690730322,0.0031227990071377235,0.5091371686524035,-0.0015049902850022335
1034,0.0,2109.6938821342305,0.0,0.0024632248428017897,0.7754904002783031,-0.0013889968499531213,0.5890431381401734,-0.0014701922544874998
1035,0.0,2108.4641992552397,0.0,0.0019029239369263854,0.7560861693567614,0.0041907955553788425,0.6391560475051498,0.00022810408847240282
1036,0.0,2110.2085594366813,0.0,0.0031872417907803075,0.944714303358336,-0.002112137783264562,0.7308235242611056,-0.0004739684730486867
1037,0.0,2106.544303526605,0.00012809561823393342,0.0001866910631344218,0.7538631293865148,0.007416006740212321,0.7377354057987283,0.0018930240909296157
1038,0.0,2101.1238266175187,0.0,0.0,0.8638619588012905,0.0117075013828999,0.7755733716994969,0.004837367278520701
1039,0.0,2103.0831429226455,0.05713633980571535,0.006259173317734577,0.36264626669144734,-0.006255366033672454,0.651695240197082,0.0015095472848627545
1040,0.0,2103.8830822579494,0.10011567687113795,0.0076002400196098635,0.0633427055213747,-0.006768362333878061,0.4751894797943698,-0.0009738256007594899
1041,0.0,2102.709121866898,0.00044924371659290556,0.0022785322185670605,0.45346321193267936,0.000913881792990172,0.4686715994358627,-0.0004075133826345913
1042,0.0,2106.743761372372,0.02010542396662839,0.00737572708821354,0.34722498725441664,-0.007374117578003624,0.43223761578142883,-0.0024974946412453006
1043,0.0,2108.563930209283,0.03158521833452797,0.006270283882590057,0.38049953953550764,-0.0032634630266016127,0.41671619290765244,-0.002727285156852194
1044,0.0,2110.1865445759163,0.0004553693345490983,0.003143866849832205,0.5271566886442116,-0.0006652527976518145,0.44984834162862014,-0.00210867544909208
1045,0.0,2113.4116084155085,0.0,0.004613063892210178,0.7581288409498048,-0.00379009948371867,0.5423324914249755,-0.0026131026594800565
1046,0.0,2118.906448804047,0.020817711371772452,0.009145283780373981,0.3916813151512992,-0.00914216793917338,0.4971371385428726,-0.004571822243388053
1047,0.0,2120.1475148065306,0.0,0.0020490997910508272,0.7014800993059371,0.0003269203585925039,0.5584400267717919,-0.003102199462793886
1048,0.0,2121.4736512725085,0.0004927472931691352,0.0009555707726342067,0.5661577200773246,0.0021287888436921677,0.5607553347634517,-0.00153290297084807
1049,0.0,2125.493826503308,0.01961008771282098,0.0054119252797317895,0.45120110233399,-0.00508003633330307,0.5278890650346132,-0.0025970429795845696
1050,0.0,2126.3281454636563,0.000691413120854776,0.0024136178019657263,0.599717592886204,-3.318044860772819e-05,0.5494376233900904,-0.0018278842202915171
1051,0.0,2126.773975780507,0.0,0.0007488369356443202,0.7318275676521638,0.0018526017861397244,0.6041546066687123,-0.0007237384183621447
1052,0.0,2124.50365297781,0.009469566813933314,0.0013834447275592062,0.38877095488877156,0.006664041002521077,0.5395395111347301,0.0014925954079028215
1053,0.0,2127.0954777483144,0.0,0.005177084698158185,0.6307105766461771,-0.0047079322280854,0.5668908307881642,-0.000367562882893645
1054,0.0,2124.0960986481946,0.0,0.0009128317787212924,0.8572880557417002,0.004709234695470556,0.6540099982742249,0.0011554763906156153
1055,0.0,2131.150452584938,0.07518360769632927,0.01436183754814335,0.1259765671903636,-0.01436183754814335,0.4955999689490665,-0.003499717791012074
1056,0.0,2134.066229954766,0.059175092393475674,0.0071679763669222265,0.5024236659975438,-0.007132335852740071,0.49764707806360964,-0.004589503209530473
1057,0.0,2137.5580260741826,0.0,0.005393552188005409,0.5753668597245608,-0.0034378065827501683,0.5209630125618949,-0.004243994221496381
1058,0.0,2138.012102039062,0.0,0.0006049674273976934,0.8810338458701489,0.004011574008991152,0.6289842625543711,-0.001767323752350121
1059,0.0,2141.14392383864,0.00010508487632659567,0.00296721624501543,0.6742714998629021,-0.002030162945380521,0.6425704337469303,-0.001846175510259241
1060,0.0,2140.1561235126514,0.0,0.001552839196193674,0.5695468983458151,0.003975803567435063,0.6206633731265957,-9.958178695094978e-05
1061,0.0,2144.280270389359,0.0030691947026178696,0.0073835022446961315,0.5692604764264007,-0.006664723928831313,0.6052425041165371,-0.0020691244295150584
1062,0.0,2142.6036650886026,0.0,0.0005521952748858777,0.6313148422040942,0.003682872255879874,0.6130642055428043,-0.00034352542389657877
1063,0.0,2143.187486178889,0.0,0.001733381833129213,0.5857210829345079,0.0009533575686445701,0.6048612687603153,4.5539473865765893e-05
1064,0.0,2144.261409508357,0.01530647496103684,0.0023548159885638837,0.4571000086069152,-0.0018813987645766805,0.5605328907142952,-0.000532541997666968
1065,0.0,2147.3999491550103,0.0,0.006640958495911578,0.7153125875079156,-0.0065638719659021115,0.6069667997523813,-0.002341940988137511
1066,0.0,2152.40832018883,0.12809372867114457,0.009786162502761193,0.188567228297711,-0.009781794198383008,0.4814469283159802,-0.004573896951211159
1067,0.0,2154.7963364931647,0.0,0.0033759879414927687,0.7746053790500074,-0.0023449330650856604,0.5693944635361883,-0.0039052077853735097
1068,0.0,2159.589319454304,0.008047402925236835,0.005255982978020488,0.37225872202457116,-0.0050581881871389145,0.510253741082703,-0.0042511019059031305
1069,0.0,2162.824759709627,0.0,0.003229376455516729,0.7684647607891097,-0.0024954465094131463,0.587717046994625,-0.0037244052869561347
1070,0.0,2160.950457126549,0.00026730066581259277,0.000868876424655644,0.5058264336501234,0.008488211753685372,0.5631498629912746,-6.062017476368264e-05
1071,0.0,2163.9851206739177,0.0,0.0035309895344696183,0.7527010995743056,-0.002440101042491082,0.6200152339661839,-0.0007744644350819024
1072,0.0,2161.9822632277323,0.0,7.790421830037688e-05,0.8236019093936686,0.004268035046393961,0.6810912365944293,0.0007382854093608566
1073,0.0,2164.045752676436,0.0,0.003932127369422768,0.639807796608713,-0.003522964456979294,0.6687062045987143,-0.0005400895505411887
1074,0.0,2162.9003998750454,0.011315067205307174,0.0016980056010061527,0.5077262587730297,0.0016396080994193355,0.6204122208510089,0.00011381974444696856
1075,0.0,2161.630425095579,0.013854948771201489,0.0009193636497345667,0.27851080302357584,0.0032036315830163194,0.517841795502779,0.0010407632960177738
1076,0.0,2163.3929159359996,0.008934965482308129,0.004034861413642073,0.5287722659891118,-0.0038337832886749055,0.5211209366486788,-0.00042160067939002997
1077,0.0,2161.131772408459,0.0,0.0017060614444981566,0.557925854326309,0.003644153943998892,0.5321624119519678,0.0007981257076266465
1078,0.0,2162.1248444441167,0.0,0.0031149828310216058,0.6719655415232759,-0.0016629879377409766,0.5741033508233602,5.979161401635958e-05
1079,0.0,2162.017186515982,0.0,0.001851507179450038,0.7346943861224827,-0.0006095849124146364,0.6222806614130969,-0.00014102134391293921
1080,0.0,2160.2881034850257,0.0,0.0008755983752648532,0.6720867355919456,0.0035458492725551458,0.6372224836667515,0.0009650398410274863
1081,0.0,2159.409038411778,0.0,0.0004971569425002791,0.6964311929100344,0.0019380728091327065,0.6549850964397363,0.0012569497314590522
1082,0.0,2158.3738671665783,0.045041004069133306,0.0025752934276904705,0.2674023795323351,0.0010989840209515314,0.5387102813675159,0.001209560018306796
1083,0.0,2157.772786388444,0.0,0.002630981581761422,0.6168856467458422,-0.00010746934991986537,0.5621628909810137,0.0008144512078387975
1084,0.0,2157.661966494282,0.0,0.0017469952541095336,0.6496283058592446,-0.0010630190398910778,0.588402515444483,0.00025121013351983487
1085,0.0,2158.1287299419673,0.0,0.002103231365257267,0.5938576612467498,-0.0018312776130741176,0.590039059185163,-0.0003735361904583509
1086,0.0,2159.377688699964,0.0,0.003488619026030364,0.5110860718757179,-0.002848110626973036,0.5663531629923294,-0.0011159085214127564
1087,0.0,2164.2999503135916,0.0011973966445319398,0.009819115308271757,0.5342890963489325,-0.009819115308271757,0.5567339429993103,-0.0037268705574704567
1088,0.0,2164.2563867239132,0.0004627751903660467,0.001971210139548957,0.5904892636931623,0.001408448461528766,0.5668605392074659,-0.0021862748517706898
1089,0.0,2164.294142574883,0.0,0.0017505668468130939,0.6628799923112496,0.0038945935933354476,0.595666375138601,-0.0003620143182388486
1090,0.0,2167.337397743856,0.020704074954742063,0.0041885484689786244,0.26112701630628715,-0.004047661368172182,0.49530456748890683,-0.0014677084332188487
1091,0.0,2168.884558375077,0.0,0.004043482719421907,0.7936882428912285,-0.0027849985488280025,0.5848196701096033,-0.0018628954679015947
1092,0.0,2172.216496898049,0.005028139223810727,0.005476605483193063,0.4717429476911417,-0.005335054993760094,0.5508966533840648,-0.0029045433256591445
1093,0.0,2175.7538143061392,0.00965038078304524,0.00642646250329973,0.4020626834498663,-0.005307872515886507,0.5062464624038052,-0.003625542082727353
1094,0.0,2179.6995866792663,0.026416310807657224,0.005188993465105575,0.3939563562481902,-0.005043728893006873,0.4725594305571207,-0.004050998125811209
1095,0.0,2186.612084908673,0.022759846161538394,0.010455640053180672,0.22303177574181213,-0.010455640053180672,0.3977011341125281,-0.005972390704022047
1096,0.0,2186.9936215094676,0.0,0.0021040783628247187,0.6572472675323962,0.003673771408732246,0.47556497413848847,-0.003078542070195759
1097,0.0,2192.262828619001,0.0,0.00518088410193281,0.606181007018424,-0.004628001908580795,0.5147497840024691,-0.0035433800217112696
1098,0.0,2196.3476684738284,0.0,0.0056874282897000665,0.5316831553772519,-0.005155627540197523,0.5198297954149038,-0.004027054277257146
1099,0.0,2195.9090351424097,0.008576435474819713,0.000128844757764472,0.5200921179868067,0.004772634224623224,0.5199084921864746,-0.0013871477266930343
1100,0.0,2198.8159624610025,0.0,0.0032556168954326883,0.7474764570100584,-0.001803452552979826,0.5881788816335497,-0.0015120391745790719
1101,0.0,2199.7842434838203,0.07304814571834756,0.0012737163752540757,0.356551881411832,-0.0005093049499575001,0.5186907815670343,-0.0012112189071926001
1102,0.0,2202.630347353933,0.0,0.004404284014971625,0.5726830643098145,-0.0043038748014149275,0.5348884663898683,-0.002139015675459298
1103,0.0,2204.348720924246,0.03803864174485075,0.0025247398156788108,0.49629414267390715,-0.002229132923349569,0.5233101692750799,-0.0021660508498263795
1104,0.0,2203.923414712793,0.0,0.0008954135474837248,0.6709667692616404,0.0032044480545391258,0.567607149271048,-0.0005549011785167279
1105,0.0,2204.759956249237,0.0,0.001770823400710108,0.5596425306569351,0.0005366289834147135,0.5652177636868142,-0.00022744212993729544
1106,0.0,2205.299833360508,0.0,0.0037785643763052473,0.6345558729993394,-0.0005372451654453133,0.5860191964805718,-0.0003203830405897008
1107,0.0,2207.1030632365737,0.0,0.004600904201550794,0.8892384082239309,-0.0035064607297606546,0.6769849600035794,-0.001276206347340987
1108,0.0,2209.833257602184,0.12655395045809936,0.005330382992508257,0.021643944217742968,-0.005300997329934842,0.4803826552678285,-0.0024836436421191432
1109,0.0,2211.390512493401,0.0,0.0028773743021724887,0.6169606773987508,-0.0018114142597999013,0.5213560619071052,-0.0022819748274233703
1110,0.0,2211.227069970151,0.0,0.001251945259072664,0.6929256135587236,0.0030227163351198433,0.5728269274025907,-0.0006905674786604061
1111,0.0,2215.0767256358185,0.0,0.006135379473171157,0.49734951242029213,-0.005614285213297326,0.5501837029079011,-0.002167682799051482
1112,0.0,2218.9338206637167,0.00959766243216725,0.007619292475805567,0.33891908833621337,-0.007225953401222557,0.4868043185363947,-0.003685163979702804
1113,0.0,2222.3984822928187,0.00026730066581259277,0.005186241178167747,0.6677410925387308,-0.004806493645796935,0.5410853507370955,-0.004021562879531043
1114,0.0,2225.4717273303263,0.0,0.0029051496116329974,0.6905694577537862,-0.00239631622930271,0.5859305828421028,-0.0035339888844625428
1115,0.0,2227.7293736810507,0.004209998497189186,0.0015975345387328446,0.4935709186598479,-0.0003670523609787725,0.5582226835874263,-0.0025839079274174114
1116,0.0,2231.042645263324,0.0,0.0037083734197953236,0.6459673376594418,-0.003113747878111632,0.584546079809031,-0.0027428599126256776
1117,0.0,2234.996748363583,0.011315067205307174,0.005663099263195614,0.5681174604014972,-0.0054318582047866324,0.5796174939867708,-0.003549559400273964
1118,0.0,2232.1083682116187,0.0,1.5220526576489107e-05,0.6895350582918899,0.009022502700588386,0.6125927632783065,0.00022205922998474103
1119,0.0,2235.4073726498195,0.0,0.003441376720717068,0.6504875016934542,-0.0031847206722146674,0.6239611848028508,-0.0007999747406750814
1120,0.0,2234.578142717262,0.0,0.0008176243351553815,0.6358804414457105,0.001529582942455424,0.6275369617957087,-0.00010110743573592983
1121,0.0,2236.4676559042105,0.005329820071865175,0.0034499542632406973,0.5423517697853204,-0.0030989659747833165,0.6019814041925922,-0.0010004649974501459
1122,0.0,2233.017700641367,0.0,0.0011839830081263093,0.553825039832314,0.007334413084709721,0.5875344948845087,0.001499998427197814
1123,0.0,2233.2865477953646,0.0,0.0020027086795475885,0.7638264760850438,0.0004195528670497027,0.6404220892446693,0.0011758647591533806
1124,0.0,2232.5587401298053,0.0,0.0025657050371703247,0.8543708464520131,-9.522675671498937e-05,0.7046067164068723,0.0007945373043928695
1125,0.0,2230.0406120450543,0.0,0.0009040273811295663,0.7776800928964603,0.00398813533142978,0.7265287293537487,0.0017526167125039424
1126,0.0,2230.572161162685,0.0,0.0034815722058056755,0.49813878069280443,-0.002008062716826571,0.6580117447554653,0.0006244128837047882
1127,0.0,2227.988005985685,0.0,0.0007189473568026738,0.6168203867651565,0.0035319970064034483,0.6456543373583726,0.0014966881205143862
1128,0.0,2228.153594051056,0.0,0.0028960278912050124,0.8030905035092111,-0.0010577672284048073,0.6928851872036241,0.0007303515158386281
1129,0.0,2227.273155226723,0.0,0.002022531185828773,0.7158788297769844,0.00024476611199987915,0.6997832799756322,0.0005846758946870034
1130,0.0,2231.364059547722,0.09648367174753245,0.009324813391431378,0.12394927920427389,-0.00930786166002532,0.5270330797442246,-0.0023830853717266933
1131,0.0,2231.8613106535104,0.0,0.0025875943051442,0.7165761890355443,-0.001545681970203594,0.5838960125316206,-0.0021318643512697635
1132,0.0,2236.0726814762747,0.0,0.006805784702197293,0.7263351163992988,-0.00620248093724051,0.6266277436919241,-0.003353049327060987
1133,0.0,2236.6561067752855,0.004842569879360137,0.002275185604844233,0.5677388711717025,0.0011449330482607792,0.6089610819358576,-0.002003654614464457
1134,0.0,2242.75510217612,0.03668173405950197,0.009129995093781084,0.29962704436927734,-0.009129995093781084,0.5161608706658836,-0.004141556758259445
1135,0.0,2241.139750706536,0.0,0.00025859460695765456,0.5498696782526993,0.005625020649962325,0.5262735129419283,-0.0012115835357929142
1136,0.0,2242.45362298209,0.0,0.0011567422011662168,0.6158690389899666,0.0016273703631075995,0.5531521707563397,-0.00035989736612276007
1137,0.0,2246.304182348107,0.0,0.0070352739119117335,0.6743037443320952,-0.006744936772495953,0.5894976428290664,-0.0022754091880347175
1138,0.0,2246.018970579616,0.0,0.0007982787225312094,0.7956930703927163,0.0010638929902347797,0.6513562710981613,-0.0012736185345538682
1139,0.0,2245.0317582822627,0.0,0.0002719816552689456,0.6949753060703774,0.0044799776292958355,0.664441981589826,0.00045246031460104293
1140,0.0,2247.559599627751,0.0004553693345490983,0.004834244380897441,0.6527371058852425,-0.003958502676050404,0.6609305188784509,-0.0008708285825943911
1141,0.0,2245.216439816923,0.0,5.166923684785583e-05,0.8153973470398858,0.0044465546357913876,0.7072705673268813,0.0007243863829213425
1142,0.0,2244.965048808527,0.0,0.0005453898980620627,0.688760667023754,0.0014006616084046245,0.7017175972359431,0.000927268950566327
1143,0.0,2243.907130644464,0.0,0.0013288769580811887,0.5161460959843668,0.0014107908199832602,0.6460461468604701,0.001072325511391407
1144,0.0,2243.7238518487125,0.0,0.002077754725475908,0.8417761832689292,-0.0006287545619997602,0.7047651577830079,0.0005620014893740568
1145,0.0,2242.689070919169,0.0,0.0012315787924331396,0.7573053187223047,0.0010153711334599741,0.7205272060647969,0.0006980123825998319
1146,0.0,2244.617546731225,0.0,0.006056950450865501,0.5506872451979545,-0.004632160009156199,0.6695752178047442,-0.0009010393349269773
1147,0.0,2247.476674988569,0.0,0.006783980950501019,0.7791657306957966,-0.0066460701290522416,0.7024523716720599,-0.0026245485731645566
1148,0.0,2246.951344453639,0.0,0.0010178107706391637,0.6677152246717951,0.0021423774455341356,0.6920312275719804,-0.0011944707675549488
1149,0.0,2245.9823597574773,0.0,0.0008582243640505527,0.8216305731832452,0.004802392496031715,0.7309110312553598,0.0006045882115210502
1150,0.0,2250.421671768668,0.0,0.008548676001251214,0.7572063589724607,-0.008029517482590467,0.7387996295704901,-0.0019856434967124048
1151,0.0,2250.5707885237503,0.0,0.0028165186059565294,0.8112950658629943,-0.0008577041477265594,0.7605482604582413,-0.0016472616920166511
1152,0.0,2253.129665410226,0.0,0.003238260884764773,0.5875312201370516,-0.0031939789672482915,0.7086431483618844,-0.002111276874586143
1153,0.0,2257.3367314804213,0.0,0.007459443528456905,0.5429004430256573,-0.006960853513947384,0.6589203367610161,-0.0035661498663945154
1154,0.0,2261.289092710254,0.0,0.005898392947548154,0.5963624413037438,-0.0058862495733587785,0.6401529681238345,-0.004262179778483794
1155,0.9972800912489355,2269.9169910142205,0.38118802101934207,0.01408245786499931,-0.3742647594869323,-0.01408245786499931,0.3358276498406044,-0.007208263204438448
1156,0.0,2275.093114101002,0.0,0.006288111689955361,0.9352478915506761,-0.006043474861355254,0.5156537223536259,-0.00685882670151349
1157,0.0,2280.8652688546463,0.0,0.004825964519578124,0.7257389035756827,-0.004230930452906533,0.578679276720243,-0.006070457826931403
1158,0.0,2286.977069021089,0.03400702081470904,0.0055294000389132575,0.40368378232251056,-0.005335370123223378,0.5261806284009232,-0.005849931515818995
1159,0.0,2294.47697497347,0.07440297113242168,0.009116194443757034,0.1873512605282084,-0.009057663351247431,0.42453181803910867,-0.0068122510664475255
1160,0.0,2298.683591423286,0.0,0.0027669991565562177,0.5535815859518423,-0.00238626181370312,0.46324674841292873,-0.005484454290624203
1161,0.0,2301.1265590029475,0.0,0.0003684247956592755,0.8458328012575183,0.002235097998697918,0.5780225642663055,-0.003168588603827567
1162,0.0,2305.84165590463,0.0,0.0051990655723798416,0.6410932775610346,-0.003978120800612292,0.5969437782547242,-0.003411448262862984
1163,0.0,2309.504755774744,0.0,0.004388935160350921,0.9021358582432797,-0.004188701256130895,0.6885014022512908,-0.003644624160843357
1164,0.0,2310.888773554223,0.0,0.0005531023970157836,0.665257392376146,0.00082208090660175,0.6815281992887473,-0.002304612640609825
1165,0.0,2313.8962469474804,0.0016789762830520377,0.003701128034333264,0.32230653058032593,-0.0023730605417151924,0.5737616986762208,-0.002325147010941435
1166,0.0,2314.2915047684455,0.0,0.0013196589961315798,0.5013440506038874,0.0016740654990795877,0.5520364042545207,-0.0011253832579351279
1167,0.0,2317.4190339604324,0.0,0.0046985582755141265,0.7534015767315302,-0.004046766711161211,0.6124459559976235,-0.0020017982939029527
1168,0.0,2319.6575204401943,0.053429218470303026,0.005007945454860971,0.3096731795940544,-0.003407831010241533,0.5216141230765527,-0.002423608108804527
1169,0.0,2321.707782769952,0.0,0.004616067317865647,0.9015452517546055,-0.0020851896263120733,0.6355934616799686,-0.002322082564056791
1170,0.0,2327.260284253136,0.04436116280974909,0.009034183925175507,0.2906546308409543,-0.008946366203126974,0.5321118124282642,-0.004309367655777846
1171,0.0,2329.974743492022,0.0,0.003990863891754692,0.7454423830444744,-0.0030567304244626427,0.5961109836131273,-0.003933576486383285
1172,0.0,2331.167064457715,0.0,0.0013913058347075587,0.556877132133489,0.002168821649841251,0.5843408281692358,-0.0021028570455159236
1173,0.0,2337.404276252775,0.03555001064988207,0.008810339541534457,0.37645326111250427,-0.00880909668949619,0.5219745580522164,-0.004114728938710004
1174,0.0,2339.1376536087632,0.03347100643029507,0.0035138350606840623,0.30948431363713885,-0.0012492796967828938,0.4582274847276931,-0.0032550941661318705
1175,0.0,2343.4582807349993,0.0,0.004649569421891194,0.6492742725877931,-0.004579501611581194,0.515541521085723,-0.003652416399766667
1176,0.0,2343.3807996754817,0.000691413120854776,0.0011053243760345323,0.5457048805319278,0.0037043259803733715,0.5245905289195845,-0.0014453936857246553
1177,0.0,2346.4878850003815,0.0,0.0030013297889757958,0.6777548922977519,-0.0026082692735452245,0.5705398379330346,-0.0017942563620708262
1178,0.0,2348.8382091167273,3.867622823394803e-05,0.004267427439062666,0.5938741634877495,-0.0033161294713377498,0.5775401355994491,-0.002250818294850903
1179,0.0,2351.995840632243,0.005243739075668011,0.00464621572014759,0.47172692720586834,-0.004615597851215391,0.5457961730813747,-0.0029602521617602493
1180,0.0,2355.2474018954154,0.005515735115298068,0.00485773390914865,0.6563195035205946,-0.004306139734399404,0.5789531722131407,-0.0033640184335519954
1181,0.0,2359.63004627364,0.013867660496294404,0.006047848446629848,0.3479308833970929,-0.005906745684736732,0.5096464855683263,-0.004126836608907416
1182,0.0,2362.5491349857043,0.0,0.003100146517486044,0.543027704661269,-0.00240529742314655,0.5196608512962091,-0.003610374853179156
1183,0.0,2364.2940044414786,0.0,0.0015357381505815841,0.603116005744544,0.000814075720298593,0.5446973976307096,-0.002283039681135831
1184,0.0,2365.7854720069577,0.0,0.0014216345266567826,0.7572678113794179,0.0007487096973607915,0.6084685217553221,-0.001373514867586844
1185,0.0,2369.0858773485543,0.007394345130327738,0.005357731582981378,0.47926523908276836,-0.004440448340992746,0.5697075369535559,-0.0022935949096086145
1186,0.0,2368.999544529382,0.0,0.0013071766368789332,0.48553636462317756,0.0017061711482450452,0.5444561852544424,-0.0010936650922525166
1187,0.0,2369.4403011961913,0.0,0.0008039248616044614,0.7314871082070401,0.0015164876871670144,0.6005654621402217,-0.0003106192584266573
1188,0.0,2374.1475130985227,0.13728085723657385,0.008910802896939317,0.1014638006682558,-0.008654514522993732,0.45083496369863185,-0.0028137878377967798
1189,0.0,2374.4200406408822,0.0,0.001551768935588632,0.5148571455196295,-0.00012696282581200983,0.47004161824493107,-0.002007740334201349
1190,0.0,2373.434558589859,0.0,2.1292035052026022e-05,0.6514104555721333,0.005067772451262249,0.5244522694430918,0.00011491350143773044
1191,0.0,2375.269609176928,0.0,0.0027369167714556704,0.6603901236245359,-0.00173641393749351,0.565233625697525,-0.00044048473024164167
1192,0.0,2375.847989431097,0.0,0.001987468216795889,0.587063195782309,-0.001306306896423119,0.5717824967229602,-0.0007002313800960848
1193,0.0,2374.8827403095797,0.0,0.0014474433461194168,0.8411772626697119,0.0024989502380007673,0.6526009265069856,0.00025952310533297086
1194,0.0,2377.9993321279594,0.0008163613597587778,0.005818867020385735,0.5214642510354851,-0.005774305396746365,0.6132599238655354,-0.00155062544529083
1195,0.0,2378.9938060923614,0.026980307663040656,0.0039523686541455974,0.28914645257618976,-0.002277547933672645,0.5160258824787317,-0.0017687021918053744
1196,0.0,2382.7034843591905,0.04548513303977444,0.006082478221579201,0.37695069359832645,-0.00603956562572477,0.4743033258146101,-0.003049961221981193
1197,0.0,2384.5860471479405,0.011139768615124966,0.002681699162954787,0.373997229675841,-0.0019525259758486268,0.44421149697297935,-0.0027207306481414227
1198,0.0,2384.1806643011755,0.0,0.0003260003306287462,0.7925940061318121,0.004134954313995274,0.5487262497206291,-0.0006640251595004135
1199,0.0,2387.3973326191262,0.04349189055182132,0.005181445353529521,0.2987839340840906,-0.0038396301889361364,0.4737435550296676,-0.0016167066683311303
1200,0.0,2390.2668466819305,0.003618655286169327,0.005576918873877357,0.6297406227014319,-0.005219098645182729,0.5205426753311969,-0.0026974242613866098
1201,0.0,2392.4546486682325,0.0,0.003658673671448414,0.7623063846500113,-0.0027614586810599897,0.5930717881268412,-0.002716634587288624
1202,0.0,2391.6455807370967,0.0,0.0003894084705212857,0.5727733541127837,0.004608568236614229,0.5869822579226239,-0.000519073740117768
1203,0.0,2395.2197377513476,0.0,0.005588513269543169,0.6581048467364026,-0.004594704678758594,0.6083190345667575,-0.0017417630217100156
1204,0.0,2396.482733391426,0.0004553693345490983,0.0038035066809017034,0.45419066916970224,-0.002017965644968918,0.5620805249476409,-0.0018246238086876863
1205,0.0,2399.0893367891904,0.01599133151309094,0.003822932861448611,0.22881879042855627,-0.003540061272366451,0.46210200459191547,-0.0023392550477913153
1206,0.0,2402.5798147740716,0.03550137578941609,0.005334745340259893,0.3263581593449796,-0.0052737103741271035,0.4213788510178347,-0.003219591645692052
1207,0.0,2406.0811586898035,0.007772734008722076,0.004980166093003526,0.5214756614299882,-0.00472359283108795,0.45140789414148075,-0.0036707920013108212
1208,0.0,2410.0928805823673,0.001132120923282231,0.005737907974926702,0.37072114878054174,-0.004851062978524851,0.427201870533199,-0.00402487329447503
1209,0.0,2411.8926018508846,0.0,0.002144139507344288,0.8210995705888536,0.0002420254125581338,0.5453711805498954,-0.0027448036823650808
1210,0.0,2417.190293334241,0.002098645849303127,0.007238884480676536,0.5379171835116617,-0.006729914088482944,0.5431349814384253,-0.00394033680420044
1211,0.0,2419.1087870700358,0.0,0.0026635962511073435,0.8340958208490815,-0.0009735107469333204,0.6304232332616222,-0.003050288987020304
1212,0.0,2424.7863545995338,0.0,0.007602186265892017,0.5262464021096128,-0.007596652807618997,0.5991701839160193,-0.004414198133199911
1213,0.0,2426.770036556984,0.0,0.002372044087015625,0.6978373894187436,-0.0007713614609921515,0.6287703455668365,-0.003321347131537583
1214,0.0,2431.8481752643306,7.025979451916326e-05,0.006186050648077476,0.5048253311245883,-0.005842943121074826,0.591586841234162,-0.004077825928398756
1215,0.0,2433.5672136577546,0.0,0.0020747435953526526,0.7245363799894462,4.831602273541197e-05,0.6314717028607473,-0.002839983343058505
1216,0.0,2437.7907496010653,0.03601666160255197,0.0054632180536403315,0.09928743949580633,-0.004432965233855081,0.471816423851265,-0.0033178779102974775
1217,0.0,2440.754068094695,0.0,0.0037355295799774905,0.8810630735344693,-0.0030770192997793913,0.5945904187562263,-0.0032456203271420516
1218,0.0,2440.7090043276826,0.0,0.0002839810155747175,0.7845029463834832,0.0036852398514655707,0.6515641770444034,-0.0011663622735597647
1219,0.0,2446.266324417105,0.00039640984800794947,0.008377686369196922,0.3122234408474926,-0.008148297250791291,0.5497619561853302,-0.0032609427667292224
1220,0.0,2450.044180003268,0.004665367831738284,0.006561530512575315,0.4645294409782718,-0.006519699154268606,0.5241922016232127,-0.004238569682991037
1221,0.0,2453.0967619514263,0.0373755263935133,0.004227838324648704,0.45826005958626376,-0.002786123273195384,0.504412559012128,-0.003802835760052341
1222,0.0,2458.017750119522,0.0,0.0058139146104915634,0.7152688008180311,-0.005678430440414344,0.5676694315538989,-0.004365514164160942
1223,0.0,2461.3670964858566,0.0018070719012859716,0.003979268483568052,0.5405445081881608,-0.002834621256301255,0.5595319545441775,-0.0039062462918030357
1224,0.0,2464.458039275726,0.0,0.0025373976987186774,0.602250930133025,-0.0017292932957354156,0.5723476472208318,-0.0032531603929827494
1225,0.0,2464.785432036509,0.0,0.0003225532783523498,0.6906528169011893,0.0035224866520370992,0.607839198124939,-0.0012204662794767947
1226,0.0,2472.137283293122,0.09470685373613004,0.011876795280274447,0.32074658819000657,-0.011876795280274447,0.5217114151444593,-0.00441736497971609
1227,0.0,2476.3700978317866,0.0940953786906937,0.0074319947457098055,0.0957128007807736,-0.007362987706941083,0.3939118308353535,-0.0053010517978835875
1228,0.0,2476.9346618450622,0.00012809561823393342,0.0005942764151879252,0.7407742970279265,0.0036461239844589634,0.4979705706931254,-0.002616899063180822
1229,0.0,2482.423235987334,0.0632819532429132,0.006327935879073939,0.1569845343659322,-0.005803563045972867,0.3956747597949674,-0.0035728982580184353
1230,0.0,2484.0670797391967,0.0,0.001305962734555224,0.5715437824703304,-0.0005498671981486383,0.44843546659757627,-0.002665988940057496
1231,0.0,2488.998571792915,0.0017176525112859863,0.0064410898873085674,0.5446467893650522,-0.0064410898873085674,0.477298863427819,-0.0037985192242328174
1232,0.0,2493.3837551375,0.008573584359451665,0.006309912449667571,0.4948419693805255,-0.006200455187648983,0.48256179521363096,-0.004519100013257667
1233,0.0,2498.224783805231,0.0,0.0059650230865934415,0.5230399091777107,-0.005940389698644854,0.49470522940285483,-0.004945486918873823
1234,0.0,2498.6274559601447,0.0,0.0002782371239817855,0.8253630445038133,0.004074557479359095,0.5939025739331423,-0.0022394735994039476
1235,0.0,2502.67693031753,0.0,0.00355471509596548,0.7487605864113189,-0.0031915446374172346,0.6403599776765952,-0.0025250949108079337
1236,0.0,2505.1825993928933,0.013780051689223229,0.0030609938594800498,0.24718294516012446,-0.0027821466196767414,0.5224068679216539,-0.002602210423468576
1237,0.0,2503.133526780272,0.0,0.00020544820320062896,0.762333237439273,0.007007633909363532,0.5943847787769396,0.0002807428763810563
1238,0.0,2507.292119088876,0.04234725826097546,0.006428565566573483,0.06488433955581965,-0.005964795738328032,0.4355346470106036,-0.00159291870803167
1239,0.0,2508.5124549400816,0.0,0.0030242085004272196,0.7590356060975743,-0.0027684352400750203,0.5325849347366948,-0.001945573667644675
1240,0.0,2509.1273394358927,0.005515735115298068,0.0009102650570995106,0.3608144576618165,0.000459346524079632,0.48105379161423123,-0.0012240976101273826
1241,0.0,2510.9228054017617,0.0011332736191010295,0.002771623299684621,0.5677964669308432,-0.0016629107913421729,0.5070765942092148,-0.0013557415644918195
1242,0.0,2510.1229556230214,0.0,0.00016386650345179385,0.5312685238338057,0.0029979446147786414,0.514334173096592,-4.963571071068119e-05
1243,0.0,2512.703387424331,0.006981405135188086,0.004536121492146366,0.6588445165184752,-0.003961600635103364,0.5576872761231569,-0.001223225188028486
1244,0.0,2515.191548857235,0.001270041912731484,0.005261807408831431,0.4501506655313915,-0.005080998070389768,0.5254262929456273,-0.0023805570527368706
1245,0.0,2514.264577839154,1.0902985237357952e-05,0.0008725216517986291,0.6518538539677774,0.003304572402395079,0.5633545612522722,-0.0006750182161972857
1246,0.0,2514.817966666399,0.0,0.003056671252806734,0.7109245022220849,0.001354979298847936,0.6076255435432161,-6.601896168371914e-05
1247,0.0,2515.076236100861,0.0,0.0011616857964964204,0.6252578150309416,0.00016783344348026918,0.6129152249895337,4.136759865477359e-06
1248,0.0,2514.743480359122,0.0,0.0014155948253473912,0.6083897993647459,0.000761838515383128,0.6115575973020974,0.00023144728652077257
1249,0.0,2512.852665483789,0.0,0.000523414862393816,0.6461745254292772,0.003925244895144181,0.6219426757402513,0.001339586569107795
1250,0.0,2513.5653131711624,0.0,0.0034664151997341125,0.4619117024191878,-0.0017815897125323242,0.5739333837439322,0.0004032336846157592
1251,0.0,2514.815564119944,0.0,0.0045777934945221655,0.6203814614629432,-0.0040168935563085935,0.5878678070596355,-0.0009228044876615465
1252,0.0,2514.3840962309478,0.0,0.001281913852729051,0.7067330174064478,0.0005173065342535195,0.6235273701636792,-0.0004907711810870266
1253,0.0,2511.4720766032337,8.736829229935916e-06,9.222514512673103e-05,0.5839601119456014,0.007048411031596433,0.6116571926982558,0.0017709834827180112
1254,0.0,2509.4362625172016,0.0,0.00145283220222074,0.7166794769168727,0.0046787083477523375,0.6431638779638409,0.0026433009422283087
1255,0.0,2510.0689224991434,0.0,0.0049548244951442,0.5030870872904907,-0.0032729536294684052,0.6011408407618358,0.0008684245707192945
1256,0.0,2509.659334744376,0.09033672951848097,0.003893993674062886,0.10095404290820777,-0.0019363150161690024,0.45108480140574736,2.7002694652805367e-05
1257,0.0,2508.036688335735,0.0,0.0014848910152306402,0.5615246880441421,0.0024747793112243725,0.48421676739726577,0.0007613356796242755
1258,0.0,2507.4178660057437,0.0,0.0006925809298665333,0.9507726258773029,0.0012293630605687011,0.6241835249412768,0.0009017438939076031
1259,0.0,2507.645258955055,0.0,0.0020048343449227822,0.7122547732031905,-0.0013043659729200495,0.6506048994198509,0.0002399109338593073
1260,0.0,2507.6320585072704,0.0012532969685716481,0.001337229253166728,0.3114199981535368,-0.0009218119121790772,0.5488494290399566,-0.00010860591995220803
1261,0.0,2508.1908884793725,0.02892991011440781,0.0029967952340779437,0.5179804677472003,-0.001409611084652079,0.5395887406521297,-0.0004989074693621693
1262,0.0,2511.3124380724435,0.020530720292118117,0.006489720220039939,0.3709658608024832,-0.0063693093410581636,0.4890018766972357,-0.0022600280308709675
1263,0.0,2512.5838635784476,0.004141443009349723,0.003630632543422931,0.5414983612927948,-0.002034940022302566,0.5047508220759034,-0.0021925016283004467
1264,0.0,2515.5193839486383,0.000691413120854776,0.004182877829475104,0.5368905934148,-0.003670117337893953,0.5143927534775724,-0.0026357863411784984
1265,0.0,2521.5335560045137,0.01082936282991734,0.01013791914190109,0.3593270959250411,-0.01013584482271132,0.46787305621181297,-0.004885803885638345
1266,0.0,2522.7146833987094,0.0,0.0024428534195896135,0.532552832048934,0.0004885038627206564,0.48727698896294924,-0.0032735115611306443
1267,0.0,2524.296336630266,0.0,0.0022104741894684783,0.6814459071907549,0.0019306644635098094,0.545527664431291,-0.0017122587537385082
1268,0.0,2526.0873535298374,0.03435240374516365,0.0031526206253650398,0.43313285073219815,-0.0002500332165237838,0.5118092203215632,-0.0012735910925740907
1269,0.0,2526.2553836389984,0.008298950512867855,0.0019124096408905254,0.3910183319233045,0.001486606436582917,0.4755719538020855,-0.00044553183382698824
1270,0.0,2533.7244477949835,0.26223194210317835,0.014215329110460938,-0.148468887912348,-0.014215329110460938,0.2883597012877554,-0.004576471016817173
1271,0.0,2538.396116199135,0.08381491621607345,0.009524269950796083,0.13178811029610424,-0.00907786055604582,0.24138822399026005,-0.005926887878585767
1272,0.0,2538.3807219972223,0.0,0.00011225838783562263,0.5945192875946902,0.005046182224777678,0.3473275430715891,-0.0026349668475767335
1273,0.0,2543.330134312786,3.867622823394803e-05,0.0042646057277281255,0.5544929766730519,-0.004027643831914947,0.4094771731520279,-0.0030527699428781973
1274,0.0,2545.4739443875883,1.2329544053460904e-05,0.003801002355330646,0.6821291368240566,-0.0015943151086596243,0.4912727622536365,-0.0026152334926126254
1275,0.0,2546.889847270749,0.0,0.002742698738681312,0.5869124631141622,0.000339139079438672,0.5199646725117941,-0.0017289217209972359
1276,0.0,2551.059177774444,0.007109032691056756,0.005970807670754457,0.5113907196084957,-0.0058898652561838625,0.5173924866408046,-0.002977204781553224
1277,0.0,2557.9317124122845,0.08990542712688514,0.01239277017023055,0.3122770811047263,-0.01239277017023055,0.4558578649799811,-0.005801874398156421
1278,0.0,2560.037843107269,0.0,0.0021587371288476296,0.6596389636606282,-0.0010447725338447154,0.5169921945841752,-0.004374743838862909
1279,0.0,2568.9868498297496,0.031111296175528182,0.012417863847135228,0.25191763283668006,-0.012417863847135228,0.4374698260599267,-0.006787679841344605
1280,0.0,2571.781680405851,0.0,0.0027976127710574797,0.5842665965198834,-0.0009827188746740006,0.4815088571979137,-0.005046191551343423
1281,0.0,2577.8733713284105,0.01746013696538914,0.0057580170815205904,0.3104042143949218,-0.005410264939292241,0.4301774643570161,-0.005155413567728069
1282,0.0,2583.2732227711376,0.0,0.006380024522907429,0.5643805896252754,-0.005778432074375854,0.47043840193749387,-0.005342319119722404
1283,0.0,2586.765739577518,0.0,0.0031500309280438053,0.8228961730725171,-0.0016832575835886803,0.5761757332780009,-0.004244600658882287
1284,0.0,2588.6938535593927,0.003618655286169327,0.0032085832556649533,0.5373095546283377,0.001724869981591899,0.5645158796831019,-0.002453759466740031
1285,0.0,2597.2478322264606,0.10750897444687212,0.013297089892273871,0.2857991699119545,-0.013297089892273871,0.48090086675175764,-0.005706758594400183
1286,0.0,2601.634848690232,0.0,0.006640965043947273,0.5719008962633283,-0.0063458365802361,0.5082008756052289,-0.005898481990150958
1287,0.0,2601.9623970091898,0.0004553693345490983,0.00022270569383770947,0.6319381292225675,0.005507917954260862,0.5453220516904305,-0.0024765620068274118
1288,0.0,2608.2899542553587,0.133342845856475,0.007150515173931697,0.2175671966613952,-0.006934968772827035,0.44699559518171983,-0.003814084036627298
1289,0.0,2610.2396131692917,0.0,0.003082396669087382,0.46044117169799587,-0.001323117145389322,0.4510292681366026,-0.003066793969255905
1290,0.0,2613.6998800562856,0.05591439999185725,0.003447333181305866,0.25654499095591105,-0.0031081020610315294,0.3926839849823951,-0.0030791863967885922
1291,0.0,2619.3264039034207,0.006490310372574978,0.008410553689682588,0.41167945355892843,-0.008399048197025128,0.39838262555535503,-0.004675144936859553
1292,0.0,2622.187649949388,0.0010727110625074149,0.0030761058154018597,0.4895215228615645,-0.0025586457267402817,0.42572429474721785,-0.004040195173823771
1293,0.0,2625.8735306625435,0.0,0.003674154222593416,0.7949880933798171,-0.002640634044269735,0.5365034343369977,-0.00362032683495756
1294,0.0,2631.401101409012,0.013305161129006987,0.007325469939696297,0.3527143469455179,-0.007156388797620222,0.48136670811955373,-0.0046811454237563575
1295,0.0,2634.7366352848967,0.00012809561823393342,0.003301335718158414,0.4708756648218317,-0.0029828073956884122,0.4782193951302371,-0.004171644015335974
1296,0.0,2636.312857312423,0.0,0.0009799829331370827,0.6672233399596745,0.001766215759704168,0.5349205785790683,-0.0023902860828239315
1297,0.0,2638.753922910385,0.0,0.0023406538135066707,0.6840345514199835,-0.0006404955596604133,0.5796547704313428,-0.0018653489258748759
1298,0.0,2641.456085538106,0.07097263148290432,0.003407214739285671,0.2337817122236946,-0.003061901266232742,0.4758928529690483,-0.0022243146279822355
1299,0.0,2641.938650517111,0.0,0.0018442661516120348,0.7695883434691971,0.0010304078676910183,0.564001500119093,-0.0012478978792802593
1300,0.0,2639.2369012938652,0.0028301535951504447,0.0,0.49065471347454703,0.007997634364213696,0.5419974641257292,0.0015257617937679273
1301,0.0,2640.1492906734334,0.0,0.0021945146363578885,0.5338118325721801,-0.0006644909912576582,0.5395417746596645,0.0008686859582602515
1302,0.0,2638.7872048404415,0.0,0.001528203083321965,0.7712890953620812,0.0012121483686315126,0.6090659708703894,0.0009717246813716299
1303,0.0,2638.4177872714276,0.00012809561823393342,0.0033146996696314275,0.6073015834435356,-0.00017574979946640633,0.6085366546423332,0.000627482337120219
1304,0.0,2641.2403473568215,3.867622823394803e-05,0.0070338283754696725,0.6184878505490982,-0.006918691818379234,0.6115220134143626,-0.001636369909529617
1305,0.0,2640.1983768685195,0.0,0.0018284907083976805,0.8246564671543807,0.0015853264956935632,0.6754623495363681,-0.0006698609879626627
1306,0.0,2639.4693148783076,0.0012629226475176839,0.00017046087446120992,0.35998264126971363,0.003251342009866578,0.5808184370563717,0.0005064999113861095
1307,0.0,2639.90074251881,0.0,0.0015725315830628457,0.620330087246607,-0.00022213988489407186,0.5926719321134423,0.000287907972502055
1308,0.0,2642.319106968913,0.0,0.006341872104650675,0.5018611899288359,-0.005577859510928307,0.5654287094580603,-0.0014718222725270535
1309,0.0,2643.7951996223283,0.0,0.0040922808799881746,0.861753873323866,-0.0033137712379496176,0.654326258617802,-0.0020244069621538226
1310,0.0,2642.6824713701003,0.003575516805540228,0.002087302068657945,0.3696779281629221,0.00393568234944634,0.568931759481338,-0.00023638016867377374
1311,0.0,2647.9810444114496,0.0,0.008920087410205656,0.7078395003759658,-0.008920087410205656,0.6106040817497262,-0.0028414923411333387
1312,0.0,2645.6843124109437,3.867622823394803e-05,3.343299225745067e-05,0.4802750390835158,0.00514948319096959,0.571505368949863,-0.0004441996815024601
1313,0.0,2649.7132192619174,0.08487270977766989,0.005439334060731056,0.20377576521578203,-0.005415159764118954,0.46118648782963867,-0.0019354877062874082
1314,0.0,2647.854331587562,0.0,0.0003600516870176991,0.6484881586972171,0.004416035977567709,0.5173769890899121,-3.003060113087306e-05
1315,0.0,2648.819512822906,0.0,0.0016826390813441579,0.7405772615510224,6.590062129815724e-06,0.5843370708282453,-1.9044402152666422e-05
1316,0.0,2649.796940225473,1.2329544053460904e-05,0.0037701683234552053,0.6747928477606517,-0.002004231695747747,0.6114738039079672,-0.0006146005902311906
1317,0.0,2649.9004325738065,0.0004553693345490983,0.001665420480951284,0.5815673199570752,-0.00017016278219253838,0.6025018587226996,-0.0004812692478195949
1318,0.0,2644.5412527019494,0.0,4.3829982546949174e-05,0.7720062173169823,0.011825219899852628,0.6533531663009844,0.003210677496482072
1319,0.0,2646.6725786910924,0.0,0.004854607780899092,0.7607440676134002,-0.0040727185732575225,0.6855704366947091,0.0010256586755601935
1320,0.0,2646.0014751679482,0.0009745752572769129,0.004641580101791058,0.5763884250823335,-0.001989059163765975,0.6528158332109963,0.00012124332376234294
1321,0.0,2648.8113966033798,0.007772734008722076,0.0069703645593593225,0.4552378076934688,-0.006927449249348021,0.593542425555738,-0.001993364448170766
1322,0.0,2648.5512456152564,0.0,0.0023016402514514423,0.8933406894008219,0.0004987429483448018,0.6834819047092631,-0.0012457322292160956
1323,0.0,2650.7803000408485,0.0,0.0048737332325188695,0.6502915650250898,-0.002515536576920865,0.6735248028040111,-0.0016266735335275263
1324,0.0,2651.2327698462914,0.011722832424650957,0.002845499386684215,0.2814978901729263,0.0004227703746568685,0.5559167290146856,-0.0010118403610722077
1325,0.0,2658.107939034433,0.056300548107725154,0.012586657529491964,0.30311322510125555,-0.012586657529491964,0.4800756778406565,-0.004484285511598135
1326,0.0,2663.732305062459,0.13683338818275761,0.01048728305743368,0.039575169373401366,-0.010476583619288281,0.34792552530048,-0.006281974943905179
1327,0.0,2668.801481609261,0.0,0.005678666134812354,0.5541460345329071,-0.00562790477525914,0.4097916780702081,-0.006085753893311367
1328,0.0,2671.0197521144164,0.0,0.002264439963687841,0.5478604741067066,0.00217590009304854,0.4512123168811576,-0.0036072576974033946
1329,0.0,2676.1277537027,0.0008988319280698454,0.00431539297965715,0.6258269140281341,-0.004152040599333414,0.5035966960252505,-0.0037706925679824
1330,0.0,2679.095328786724,0.01382786580550958,0.00353403267891391,0.46401958282751155,-0.002267775799923415,0.4917235620659287,-0.003319817537564704
1331,0.0,2682.9120136897363,0.0,0.0040913539301460295,0.6634318591370711,-0.003885296392228237,0.5432360511872714,-0.003489461193963764
1332,0.0,2683.6050011384177,0.0,0.0014151539414191925,0.6848574121071253,0.0021598136332934186,0.5857224594632275,-0.0017946787457866092
1333,0.0,2684.6237300208795,0.0004553693345490983,0.0018310684741857104,0.48042097267379136,0.001587281852990904,0.5541320134263966,-0.0007800905661533552
1334,0.0,2689.25825242481,0.010373993495368241,0.007753294207738019,0.606181007018424,-0.007753294207738019,0.5697467115040048,-0.0028720516586287544
1335,0.0,2690.4942170817503,0.000785734252467041,0.003315458337805539,0.424339889672877,-0.0016426632097725968,0.5261246649546665,-0.002503235123971907
1336,0.0,2692.9817286544085,0.05359180446741159,0.003411846473323212,0.37896588483094196,-0.0020862938351346766,0.48197703091754907,-0.0023781527373207376
1337,0.0,2693.4202216454187,0.026807699888364653,0.0013902723376046629,0.2161602945619842,0.001793099220255207,0.4022320100108796,-0.0011267771500479543
1338,0.0,2690.999153928736,0.0,0.0005745568999416773,0.7282361608646964,0.007568082559048685,0.5000332552670246,0.0014816807626810374
1339,0.0,2690.226482313986,0.01355530428531335,0.0021764418893759907,0.44902280071820766,0.0027217220302516317,0.4847301189023795,0.0018536931429522156
1340,0.0,2690.160677140477,0.0,0.003627630753737109,0.6909634675177336,-0.0014835605639392604,0.5466001234869857,0.0008525170308847727
1341,0.0,2691.443461902698,0.0,0.004647648037957691,0.767535269190537,-0.004638920154822674,0.6128806671980511,-0.0007949141248274614
1342,0.0,2689.1920718317374,0.003618655286169327,0.0014072995692470658,0.5456527407671167,0.003835478829196915,0.5927122892687707,0.0005942037613798516
1343,0.0,2691.2826058993605,0.0917963503946062,0.003931820395292934,0.2728283707679769,-0.003552002250909956,0.49674711371853253,-0.0006496580423070906
1344,0.0,2691.7343447047383,0.005643830733532001,0.0024123676349984916,0.46728492771524316,-0.0015330156775443737,0.4879084579175457,-0.0009146653328782755
1345,0.0,2693.6768704776377,0.00035652912196169683,0.0041129469402697745,0.4990372202581113,-0.0033320905106004792,0.4912470866197154,-0.0016398928861949364
1346,0.0,2695.9491811270764,0.0,0.004757306624195113,0.6679038013032649,-0.0037128752609910305,0.5442441010247802,-0.0022617875986337644
1347,0.0,2696.2976159922023,3.867622823394803e-05,0.0017792020473078494,0.5547066916654477,0.001076556937384263,0.5473828782169804,-0.001260284237828356
1348,0.0,2700.9255515070113,0.0,0.007410424482976056,0.7399522698818591,-0.0072329917306992435,0.6051536957164441,-0.003052096485689622
1349,0.0,2704.625300821591,0.0,0.0066154927656210255,0.5241677433500339,-0.00626784430406533,0.580857910006521,-0.004016820831202334
1350,0.0,2711.690547290109,0.09787445739897399,0.011372628768852417,0.19764056892772544,-0.011372628768852417,0.46589270768288227,-0.006223563212497359
1351,0.0,2715.397438167204,0.0,0.0039238145438036205,0.6103089907000376,-0.003279185827591859,0.5092175925880289,-0.0053402499970257086
1352,0.0,2718.5585802838123,0.0,0.002986040156656454,0.8558321256523569,0.00011967601996110379,0.6132019525073273,-0.0037022721919296644
1353,0.0,2725.14228521063,0.018356748226832982,0.00799923674087926,0.27805403524080513,-0.007999030175971058,0.5126575773273707,-0.004991299587142083
1354,0.0,2729.142508652138,0.019424265431474075,0.004425465462631347,0.36717589884883095,-0.004269294487083784,0.46901307378380874,-0.004774698057124592
1355,0.0,2735.638798215215,0.052935711121436156,0.00853823318975329,0.24064845314932629,-0.008135720434090584,0.400503687593464,-0.005783004770214389
1356,0.0,2738.1825126865806,0.007795924130037609,0.0024120966116019287,0.4247407443340645,-8.480280708116917e-05,0.40777480461564414,-0.0040735441812744235
1357,0.0,2740.3298094421216,0.021912920717408118,0.0010205311839645219,0.48577516894897643,0.001720159402482116,0.43117491391564383,-0.002335433106147462
1358,0.0,2738.727903865973,0.0,0.00013923746841248505,0.7369052161167854,0.007677888185225997,0.5228940045759863,0.0006685632812645757
1359,0.0,2739.122708986314,0.0,0.0011600533054760738,0.73024449487306,0.0015823753481405923,0.5850991516651084,0.0009427069013273806
1360,0.0,2739.341919907454,0.0007334807127003611,0.0019093843702107408,0.4745521569197445,-0.0011923889579135757,0.5519350532414992,0.00030217814355509376
1361,0.0,2741.2009920164796,0.019317966875140053,0.004892616386541289,0.4013685889652037,-0.0048676440053338965,0.5067651139586105,-0.0012487685011116033
1362,0.0,2742.16446354158,0.00012809561823393342,0.003086587262111457,0.5426689703028114,-0.002269969222616859,0.5175362708618707,-0.00155512871756318
1363,0.0,2744.46605735813,0.01072275420290726,0.004452063293915517,0.4165621695279926,-0.003429389565922888,0.4872440404617072,-0.002117406972071092
1364,0.0,2745.952950427788,0.0036971839397825505,0.002590196707425488,0.5048026002300983,-0.0013895428571555866,0.4925116083922245,-0.0018990477375964404
1365,0.0,2749.8293984754455,0.004209998497189186,0.006393993985478726,0.4900714458012098,-0.005791174180979849,0.49177955961492004,-0.0030666856706114626
1366,0.0,2756.4084240447883,0.01694041616045091,0.011600556538099644,0.4833350592580406,-0.011600349973191442,0.4892462095078562,-0.005626784961385457
1367,0.0,2762.052605337939,0.10654695036832723,0.008329797413786252,-0.057036869652942045,-0.008329797413786252,0.3253612857596167,-0.006437688697105695
1368,0.0,2765.7569860422554,0.03208047152052494,0.003656777125949283,0.3358301249645605,-0.0015879884368370705,0.3285019375210998,-0.004982778619025107
1369,0.0,2769.8382155761997,0.0,0.0033150850497565814,0.7167242483118789,-0.0015890200271052488,0.4449686307583335,-0.003964651041449149
1370,0.0,2774.3305826327874,0.010672404896718338,0.005008242775842488,0.28909761078351814,-0.004003509846346917,0.3982073247658888,-0.003976308682918479
1371,0.0,2777.931141465753,0.0,0.004899603573348178,0.5476716349618898,-0.0032056398720473286,0.4430466178246891,-0.003745108039657134
1372,0.0,2780.932854210509,0.0,0.0028301035794986752,0.5841685124185215,-0.001955533838549126,0.4853831862028388,-0.0032082357793247313
1373,0.0,2788.6214456726434,0.04214677718988146,0.011983944767978637,0.48414462358392213,-0.011983068180665232,0.4850116174171638,-0.005840685499726881
1374,0.0,2789.8915538939004,0.1789598793895607,0.0010858419911956635,0.18653985396151054,0.0009392153716665663,0.3954700883804678,-0.003806715238308847
1375,0.0,2790.95231670289,0.0,0.0008220999274644912,0.5165620625510445,0.00403273801174946,0.4317976806316408,-0.001454879263291355
1376,0.0,2793.719422928244,0.0,0.0034523850238580584,0.652391877991517,-0.0017388562936121838,0.49797593983960364,-0.0015400723723876036
1377,0.0,2795.399361654538,0.010096658122316653,0.003611862757958321,0.3130527076881846,-0.0019202034316678897,0.44249897019417794,-0.0016541116901716893
1378,0.0,2796.42308347608,0.003770957786861232,0.00284525309650888,0.33299218855788454,-0.00045959041988587407,0.4096469357032899,-0.0012957553090859446
1379,0.0,2799.097343710369,0.0,0.004045289401529646,0.6016598988113898,-0.0037943526729603697,0.4672508246357199,-0.0020453345182482718
1380,0.0,2802.5102647847375,0.017703903200464045,0.005945404427330555,0.5019624930442058,-0.005675284853043078,0.4776643251582656,-0.003134319618686714
1381,0.0,2806.3147337284295,0.006521546162412175,0.006221706916935905,0.4738786454401347,-0.005664823525403674,0.4765286212428263,-0.0038934707907018018
1382,0.0,2804.9972064114245,0.0,0.0008049190625581651,0.6404818397482921,0.00617199279617188,0.525714586794466,-0.0008738317146396975
1383,0.0,2806.404417577578,0.0,0.0012793378695835596,0.6432329723070392,0.0011604184656045231,0.560970102448238,-0.0002635566605664313
1384,0.0,2809.469080902261,0.004209998497189186,0.007060847724757194,0.5058182328259571,-0.0054634923628166234,0.5444245415615536,-0.001823537371241489
1385,0.0,2813.530241946174,0.10756053968322112,0.008225730000249011,0.06893756472249182,-0.008110233262927556,0.401778448509835,-0.003709546138747309
1386,0.0,2815.7463165038976,0.000691413120854776,0.0029455951880630027,0.410357954359404,-0.002562739477766509,0.4043523002647057,-0.0033655041404530685
1387,0.0,2815.6490225193465,0.0,0.0009761546200489456,0.7816353037734557,0.0042070357015289205,0.5175372013173307,-0.0010937421878584718
1388,0.0,2818.19777120532,0.0,0.004514820628692739,0.7336366085065853,-0.0017585870249782374,0.5823670234741071,-0.0012931956389944015
1389,0.0,2823.0630187509005,0.013717937548835771,0.00921580251152548,0.39992508198420074,-0.00894273445598248,0.5276344410271351,-0.003588057284090825
1390,0.0,2824.8748085146317,0.004209998497189186,0.0032556337727174334,0.44508342558841874,-0.0022779808303175714,0.5028691363955201,-0.0031950343479588486
1391,0.0,2831.9615455418584,0.00021581607628038923,0.010893555936204143,0.6453058772446316,-0.01089334937129594,0.5456001586502536,-0.005504528854959976
1392,0.0,2834.223724079638,0.052375718752801496,0.0025134072255198325,0.3979355443957839,-0.001155355805627084,0.5013007743739126,-0.004199776940160108
1393,0.0,2836.16690832117,0.0013040290419116614,0.002186825467429545,0.5125307601558126,0.0018605744265643388,0.5046697701084826,-0.002381671530142774
1394,0.0,2840.946498694914,0.00012809561823393342,0.005520635023136852,0.606181007018424,-0.00548347598554372,0.535123141181465,-0.0033122128667630577
1395,0.0,2842.3589727131857,0.06772696667250237,0.0016238125445786611,0.2577281402710649,-0.00032373749138406413,0.4519046409083449,-0.0024156702541493595
1396,0.0,2846.468467985271,0.0,0.006020597688450298,0.6770594775388169,-0.005010573820043897,0.5194510918974865,-0.003194141323917721
1397,0.0,2848.7587757059946,0.0,0.0030670956835883506,0.608954636002346,-0.0021220620149385995,0.5463021551289443,-0.0028725175312239847
1398,0.0,2849.980735875079,0.009186545736695731,0.0029220903559070096,0.3086183583969743,0.0009011684239559174,0.4749970161093533,-0.001740411744670014
1399,0.0,2851.99570837812,0.0295749907805617,0.004116729157336076,0.3473954551009495,-0.0011331364636154994,0.4367165478068321,-0.0015582291603536596
1400,0.0,2852.2336569348686,0.004830654767383862,0.0017535076839458215,0.56332102171035,0.0013821289558193662,0.4746978899778874,-0.0006761217255017518
1401,0.0,2852.9476245798305,3.867622823394803e-05,0.0017230887632195488,0.41077000858635654,0.00016389452025950926,0.45551952556042813,-0.00042411685177337345
1402,0.0,2854.877085440298,0.0030691947026178696,0.003900661413847894,0.5430591802949353,-0.0032977451264185817,0.4817814219807803,-0.0012862053341669358
1403,0.0,2853.586406764263,0.00026730066581259277,0.0015350159482465354,0.6520594279123684,0.003184294184594195,0.5328648237602567,5.4944521461403376e-05
1404,0.0,2855.3233198606817,0.0,0.0033075494384853816,0.8037135268317915,-0.0022810610828435606,0.6141194346817171,-0.0006458571598300857
1405,0.0,2856.9739778511157,0.0,0.003659205009202474,0.7866813788016461,-0.003469193974933622,0.6658880179176958,-0.0014928582043611464
1406,0.0,2857.7818327848004,0.0,0.0026872246064425422,0.8205181125332315,-0.0009480608118377409,0.7122770463023564,-0.0013294189866041245
1407,0.0,2860.172464287317,0.0,0.004360525396548011,0.794885941155429,-0.003370029209591626,0.7370597147582781,-0.0019416020535003749
1408,0.0,2858.84596684337,0.0,0.0001534610002459953,0.9492302432020846,0.0042292478714983685,0.80071087329142,-9.034707600075165e-05
1409,0.0,2861.3334763128923,3.867622823394803e-05,0.0037403591607213823,0.47154045004199224,-0.003156044794274803,0.7019597463165916,-0.001010056391482967
1410,0.0,2865.0320488297357,0.04034917953095958,0.0075766718172296695,0.33387532146034127,-0.007569162189611735,0.5915344188597165,-0.0029777881309215977
1411,0.0,2864.884385935722,0.0,0.0027277686664399733,0.762067691740298,0.0014838476091112148,0.6426944007238908,-0.0016392974089117537
1412,0.0,2868.1386252556326,0.0,0.004239591274280625,0.6453588563981232,-0.0036094985547321457,0.6434937374261606,-0.0022303577526578714
1413,0.0,2867.0110636016675,0.0,0.0018862096686884297,0.6368131274746209,0.004149619819737534,0.6414895544406987,-0.00031636448093924976
1414,0.0,2868.7126734717076,0.0,0.0034503404728978104,0.7536064590693816,-0.001208549383526239,0.6751246258293035,-0.0005840199517153465
1415,0.0,2869.673388327905,0.00226390467679408,0.0038625790384177127,0.42094552220651327,-0.0016476087847779966,0.5988708947424665,-0.0009030966016341414
1416,0.0,2869.9952565294557,0.0,0.0015393210964872843,0.7876754126722647,-2.4575611793305735e-05,0.6555122501214059,-0.0006395403046818907
1417,0.0,2871.184431799605,0.0,0.002261910602044361,0.7021155818893655,-0.0015100753400812178,0.6694932496517938,-0.0009007008153016887
1418,0.0,2874.099936206319,0.0,0.00567093114588508,0.7661699729171885,-0.005370250495971778,0.6984962666314122,-0.0022415657195027157
1419,0.0,2880.5784118194265,0.2483502016721856,0.012468311447588518,-0.18092652213108765,-0.012465195606387914,0.4346694300026622,-0.005308654685568275
1420,0.0,2886.9514671910088,0.026255909837643795,0.010723063284041505,0.39725280731578777,-0.010721040454416712,0.42344444319659985,-0.006932370416222806
1421,0.0,2890.5545581368624,0.09325712114522525,0.00289985688492337,0.20658424670951517,-0.001687742072384186,0.3583863842504744,-0.00535898191307122
1422,0.0,2891.8480822655724,0.0,0.00024169426632817434,0.6942006819637025,0.004749668161796548,0.45913067356444287,-0.0023263868906108895
1423,0.0,2894.7857424578037,0.0,0.002217069606870232,0.5031799064379298,-0.0004409197872562608,0.4723454434264889,-0.0017607467596045007
1424,0.0,2898.5764647314463,0.0016213356490879564,0.00579322346573871,0.495889028989365,-0.0054006539440533885,0.47940851909535165,-0.0028527189149391667
1425,0.0,2901.6394179699846,0.0,0.0046703719589964035,0.5652692666919072,-0.004428178084243567,0.5051667433743183,-0.003325356665730486
1426,0.0,2904.3343279302203,0.0,0.0048665879488549845,0.6687950433288167,-0.00250425701969026,0.5542552333606678,-0.0030790267719184184
1427,0.0,2908.755095335857,0.03275280784366411,0.005707458833179392,0.23041605913946575,-0.005617726119444237,0.45710348109430715,-0.0038406365761761638
1428,0.0,2910.364287818729,0.0,0.002611893564193125,0.7947701024583205,1.4861738772505289e-05,0.5584034675035111,-0.002683987081691563
1429,0.0,2911.463438506075,0.006228879111038447,0.0006776955651213481,0.5511996328263304,0.0018225986299498832,0.5562423171003569,-0.0013320113681991289
1430,0.0,2912.8420745583066,3.867622823394803e-05,0.002776342371582141,0.5858761259266786,-2.083809171211217e-05,0.5651324597482533,-0.0009386593852530238
1431,0.0,2908.9509453638084,0.0,0.0,0.770503767664852,0.009533141804798343,0.6267438521232329,0.002202880971762386
1432,0.0,2910.3682786632535,0.0,0.002618458291246736,0.5935454838752084,-0.002066794221362154,0.6167843416488256,0.000921978413825024
1433,0.0,2907.653809941287,0.0,0.0018380353442545938,0.6457378291591463,0.0033220597246024783,0.6254703879019218,0.0016420028070582601
1434,0.0,2910.210692698743,0.031828558445526844,0.006635339524853383,0.29285426811199744,-0.006355650042729727,0.5256855519649445,-0.000757293047878136
1435,0.0,2911.7751531726317,0.01373704131823713,0.005956357913356172,0.3567300927066051,-0.0049381583676250404,0.47499891418744267,-0.002011552643802207
1436,0.0,2912.736950620143,0.004209998497189186,0.0036499670038057327,0.6389992564335549,-0.001131083063950381,0.5241990168612763,-0.0017474117698466592
1437,0.0,2916.0781418156225,0.0009209623019185959,0.0048399826056744625,0.532640135451904,-0.00479263882954504,0.5267313524384646,-0.002660979887756173
1438,0.0,2920.7314859790044,0.0,0.007840185308199583,0.6456221309815525,-0.007763372251464978,0.5623985860013909,-0.004191697596868814
1439,0.0,2923.3265250265945,0.0,0.003269895179764519,0.8082296905601337,-0.002459823232863804,0.6361479173690137,-0.003672135287667311
1440,0.0,2927.188994386289,0.12321774009958632,0.005120575086274632,0.08863080119264721,-0.00352745386563835,0.47189278251610367,-0.0036287308610586226
1441,0.0,2932.5231787161283,0.0004553693345490983,0.0073046727203183014,0.48401136571661096,-0.0071365459766352755,0.47552835747625577,-0.004681075395731618
1442,0.0,2934.8684974778444,0.0,0.002163819141014062,0.5950704361276807,-0.0009111079651496737,0.5113909810716832,-0.003550085166557035
1443,0.0,2939.464128558965,0.06276173205328389,0.00502836630683016,0.3014066985085327,-0.004550190999841083,0.44839569630273807,-0.003850116916542249
1444,0.0,2942.6438812789843,0.0,0.003169723751158481,0.5333300478945282,-0.00276605791335337,0.47387600178027506,-0.003524899215585585
1445,0.0,2944.5793424954327,0.0,0.0021101617809842045,0.6327663856920311,0.0001251983877799375,0.5215431169538018,-0.0024298699345759282
1446,0.0,2950.7589859029767,0.0007100795804997571,0.009101607181068352,0.45527813052611776,-0.009101242502208165,0.5016636210254966,-0.004431281704865599
1447,0.0,2952.4532886475695,0.0,0.002469576801178324,0.6044520690222935,-0.000814046131681958,0.5325001554245357,-0.0033461110329105065
1448,0.0,2955.307536979683,0.03887413253970319,0.00424354534380157,0.2988952214503488,-0.001191010956296836,0.4624186752322796,-0.002699581009926405
1449,0.0,2957.576392827444,0.02395994370663034,0.0029382824693096367,0.5112575685130228,-0.0011287681481399554,0.47707034321650255,-0.00222833715139047
1450,0.0,2963.37023644361,0.03129932949951874,0.009442494815734524,0.2992456660279152,-0.009165596600363885,0.42372294005992633,-0.004309514986082494
1451,0.0,2970.788071444659,0.06904672934920524,0.012953075261735185,0.2031784432234933,-0.012953075261735185,0.35755959100899637,-0.006902583068778301
1452,0.0,2974.322554654951,0.0,0.0033836900639449786,0.8996799123225435,-0.0025868209497396325,0.5201956874030604,-0.0056078544330667
1453,0.0,2974.1722125401693,0.0,0.0008742951430167246,0.571287935523963,0.0077370640371505674,0.5355233618393311,-0.00160437889200152
1454,0.0,2978.4047859264497,0.0031207944559972023,0.0034628021073667145,0.4047367768684465,-0.0029094970664737415,0.4962873863480657,-0.0019959143443431865
1455,0.0,2981.15362966737,0.018392993920237872,0.0041732471755301665,0.48452338177209037,-0.003972366683400559,0.492758184975273,-0.002588850046060398
1456,0.0,2982.5991603739308,0.0,0.002417392597966531,0.7940744743626018,-0.0008245761113918814,0.5831530717914717,-0.002059567865659843
1457,0.0,2984.1893488407736,0.0,0.0018160888862324646,0.7609582616182083,-0.0005303585135403711,0.6364946287394926,-0.0016008050600240012
1458,0.0,2984.7273639422324,4.846373338373638e-05,0.001655656692526083,0.6106605541247725,0.0010912186095251998,0.6287444063550764,-0.0007931979591592408
1459,0.0,2990.422466852214,0.2090329268053692,0.010167984887126403,0.0899552955269512,-0.010164242543304582,0.4671076731066388,-0.003604511334402843
1460,0.0,2993.296414116032,0.05158858518227458,0.005504211894819843,0.4753577312482908,-0.005010954286563531,0.4695826905491344,-0.004026444220051049
1461,0.0,2998.6910492973643,0.0,0.007417887390378054,0.5724037442301233,-0.007316355478604915,0.500429006653431,-0.005013417597617208
1462,0.0,3003.7459726089614,0.0,0.006373968795528299,0.785552621670781,-0.006127985103372577,0.585966091158636,-0.005347787849343819
1463,0.0,3009.493263131084,0.0,0.0065379425613067725,0.7377497104396255,-0.006528387429848301,0.6315011769429328,-0.005701967723495164
1464,0.0,3016.447278785555,0.04931732995074815,0.008679338281936498,0.3882239587589736,-0.008679338281936498,0.558518011487745,-0.0065951788910275635
1465,0.0,3023.710137413999,0.17438673210061378,0.00899812223035844,-0.04697228800202576,-0.00891660664349065,0.3768709216408138,-0.007291607216766489
1466,0.0,3028.7058742706304,0.0,0.003835830261952722,0.7870740805020229,-0.003233990139129759,0.4999318692991765,-0.006074322093475469
1467,0.0,3034.409427941185,0.05781164131280207,0.004066452826485203,0.3364112488408993,-0.004033882542296547,0.45087568316169335,-0.005462190228121792
1468,0.0,3036.4485689145995,0.0,0.0016269097832753918,0.7340187943535214,0.0023067997455961248,0.5358186165192418,-0.0031314932360064166
1469,0.0,3038.167199225534,0.0,0.002679625684169901,0.7047597116838809,0.002239780558013877,0.5865009450686335,-0.0015201110978003282
1470,0.0,3039.0710057171445,0.03025988693225797,0.0010232589948576435,0.40911015918661003,0.001442379892392391,0.5332837093040265,-0.0006313638007425122
1471,0.0,3037.499834018986,0.0,2.9427739453921615e-05,0.5736838453947575,0.004883030256403983,0.5454037501312458,0.0010229544164014363
1472,0.0,3040.2542808524317,0.0,0.005287035706989052,0.5467545068415826,-0.0051233833779223935,0.5458089771443467,-0.0008209469218957127
1473,0.0,3043.7144067612016,0.031025366566275747,0.008325054606918191,0.2915578533274639,-0.008239967038609481,0.4695336399992819,-0.0030466529569098434
1474,0.0,3046.3583822393985,0.0,0.00491657402207952,0.5265781072833101,-0.004526185329397173,0.48664698018449026,-0.0034905126686560423
1475,0.0,3047.8543409647777,0.006022225286808541,0.0011391774329742915,0.39230849468933804,0.000202454180101596,0.45834543453594456,-0.0023826226140287506
1476,0.0,3051.7342662554292,0.02344260848235796,0.0044880324575656836,0.2733105262027694,-0.004347951050089762,0.402834962035992,-0.002972221144847054
1477,0.0,3048.7250434005196,0.0,0.0008418674132623072,0.8126828785297208,0.008874955385044,0.5257893369841107,0.0005819318141202625
1478,0.0,3047.174408840014,0.0,0.0007862120231795905,0.8400110341012351,0.006302305201346876,0.620055846119248,0.0022980438302882466
1479,0.0,3054.3052451689164,0.13405401046933363,0.01555783981785043,0.2677659575861412,-0.01555783981785043,0.514368879559316,-0.003058721264153356
1480,0.0,3051.9538738886345,0.028881661368607647,0.000857115828213957,0.3924246397317132,0.0026323412300441784,0.47778560761103517,-0.0013514025158940953
1481,0.0,3059.99433321478,0.12945548291766112,0.01350910106682638,0.14157260430375895,-0.013508480507813454,0.37692170661885227,-0.004998525913469902
1482,0.0,3062.442571769999,0.032057870300155215,0.0043199790205208375,0.3150946238300067,-0.0034845141229228097,0.3583735817821986,-0.004544322376305775
1483,0.0,3065.339732396835,0.06891929600680469,0.0018553805205166788,0.2439327937922225,-0.0006396067136978778,0.32404134538520574,-0.0033729076775234055
1484,0.0,3069.3913481845075,0.0,0.004228272499858678,0.6435623870323371,-0.0035666592624343033,0.41989765787934513,-0.0034310331529966744
1485,0.0,3070.8701859948746,0.0,0.0013041185510626451,0.5207690908980194,0.0005754931071965054,0.4501590877849474,-0.0022290752749387203
1486,0.0,3075.021235051026,0.0032537054372284123,0.005942867492724449,0.3961136818840207,-0.004981147862821721,0.4339454660146694,-0.0030546970513036205
1487,0.0,3077.621512056178,0.00026730066581259277,0.003942518730274702,0.6264609880914892,-0.002968011305533866,0.4917001226377153,-0.003028691327572694
1488,0.0,3074.8177417257934,0.0,6.0503756191626366e-05,0.7378126493745537,0.009149359755391008,0.5655338806587669,0.0006247239973164167
1489,0.0,3078.8393205089255,0.0,0.006358151015461869,0.5215621244184067,-0.005249432498524435,0.5523423537866587,-0.0011375229514358387
1490,0.0,3076.4320283391485,0.0,0.0007880897154513784,0.5520744156526249,0.004411834646140569,0.5522619723464486,0.0005272843278370836
1491,0.0,3075.409147417492,0.0,0.0014098329644423536,0.7442651565104159,0.003293951480869865,0.6098629275956388,0.001357284473746918
1492,0.0,3076.6770015096477,0.0,0.004351787925909897,0.4931069704854967,-0.0032471707198938812,0.5748361404625961,-2.4052084345321735e-05
1493,0.0,3075.919791435571,0.024742613745296554,0.0024667823747134532,0.3756698529023396,0.0001646851643557367,0.5150862541945191,3.25690902649958e-05
1494,0.0,3072.1453670139567,0.0041388126343407374,9.396533195158703e-05,0.5082183348504319,0.00788708142079403,0.5130258783912929,0.002388922789423706
1495,0.0,3074.683942322134,0.0,0.005430980340216084,0.6799569184052068,-0.0054221631439556155,0.563105190395467,4.559700940990957e-05
1496,0.0,3075.027547402642,0.10993580122273297,0.004930006922624727,0.06901236703799646,-0.0032062050320997475,0.41487734338822585,-0.0009299436030429875
1497,0.0,3075.927287411257,0.07132847698005872,0.002582958675407241,0.3593445304667642,-0.0018832075859558984,0.3982174995117873,-0.0012159227979168608
1498,0.0,3083.1240157156826,0.008710603887602381,0.014010829401637571,0.3906814247557284,-0.013973829264470399,0.3959566770849696,-0.005043294737882922
1499,0.0,3084.621040897957,0.0,0.0030117362462187035,0.6262831993696004,-0.001642078934495445,0.4650546337703588,-0.004022929996866678
1500,0.0,3089.35797493661,0.0,0.004898791554245394,0.49725640526746506,-0.004447558478696425,0.47471516521949064,-0.004150318541415602
1501,0.0,3092.9905000369426,0.061742425094484514,0.0038568473385047464,0.20841892696726277,-0.0032042786063970425,0.3948262937438223,-0.0038665065609100337
1502,0.0,3094.6940221744694,0.0004553693345490983,0.0014365237504810572,0.6531548358984868,0.0009353484674986481,0.4723248563902216,-0.002425950052387429
1503,0.0,3098.9154889417896,0.002098645849303127,0.004728952490886963,0.48910108562382654,-0.004666030178787128,0.47735772516030306,-0.0030979740903073387
1504,0.0,3101.292083561223,0.012679485638184383,0.0033494501768003195,0.4302927114066057,-0.002295125232152959,0.46323822103419376,-0.0028571194328610248
1505,0.0,3103.624963744382,0.0033320846991683833,0.0035666109199675934,0.3510852023363549,-0.0015140640611418935,0.4295923154248421,-0.002454202821345285
1506,0.0,3104.2743934096848,0.0,0.002027502919717587,0.819499628216777,0.0017254460574059288,0.5465645092624225,-0.0012003081577199206
1507,0.0,3106.6062492827873,0.11688220389384606,0.003988059717214364,0.12822791853448726,-0.0022515589568234138,0.4210635320440419,-0.0015156833974509685
1508,0.0,3108.7891380728756,0.004365225975162922,0.0040530499157744515,0.3827307283433437,-0.003234210506831917,0.4095636909338324,-0.002031241530265253
1509,0.0,3109.9366193023066,0.053947991877422295,0.002668466089618197,0.3828765931787215,-0.0007271139585425577,0.4015575616072991,-0.0016400032587484444
1510,0.0,3111.0582072801203,0.027719721729731937,0.0015371414651683295,0.4141958891470586,-0.00015243155730394314,0.4053490598692269,-0.0011937317483150939
1511,0.0,3113.449829809839,0.15417379787807312,0.003427347287676625,0.31711023388368675,-0.0032244713862043537,0.37887741207356485,-0.0018029536396818716
1512,0.0,3115.4129607434334,0.03347241948308387,0.002979618452878859,0.4144495406629061,-0.0027712624721735594,0.38954905065036716,-0.0020934462894293777
1513,0.0,3119.985773931818,0.0,0.007677016926699813,0.7452480919621504,-0.0075613905057397976,0.4962587630439021,-0.003733829554322504
1514,0.0,3125.705648604871,0.06383734578692098,0.010325513112443936,0.10063375907511306,-0.009580156119272893,0.3775712618532654,-0.00548772752380762
1515,0.0,3131.4225346081485,0.0,0.007792118074250291,0.5322664981365016,-0.007792118074250291,0.42397983273823625,-0.006179044688940421
1516,0.0,3135.305110670111,0.0,0.003621104311964712,0.7782984034499267,-0.00211485709641709,0.5302754039517433,-0.004959788411183422
1517,0.0,3138.950237358713,0.0,0.0021326366221939013,0.49972903658745726,-0.0009508511998076044,0.5211114937424575,-0.0037571072477706764
1518,0.0,3145.92971688952,0.0,0.009217589958875068,0.6332948399340705,-0.009217589958875068,0.5547664975999413,-0.005395252061101994
1519,0.0,3149.615562727605,0.0,0.004163011654949799,0.7142068014383874,-0.0035403899437031943,0.6025985887514751,-0.004838793425882354
1520,0.0,3152.0325948611708,0.0607365466463527,0.0011447228140749376,0.37131376237513636,0.0007861870114625693,0.5332131408385735,-0.0031512992946788766
1521,0.0,3154.5044156638032,0.004842569879360137,0.0029292057004925336,0.4827413631958288,2.2087283755085164e-05,0.5180716075457501,-0.0021992833211486877
1522,0.0,3155.0872720309517,0.0014959612483243113,0.0025446438912658507,0.4465721482218777,0.002159956138779878,0.49662176974858835,-0.0008915114831701178
1523,0.0,3153.3917406922806,0.0,0.00045850411967524035,0.7444850865526441,0.005860423393560276,0.5709807647898051,0.0011340689798490003
1524,0.0,3152.5990995501766,0.02058834896677324,0.0015555658417003505,0.2529159448153676,0.002532740633525082,0.4755613187974738,0.0015536704759518249
1525,0.0,3149.101179402806,0.006478241606123483,0.00029501545276240193,0.4916245415190413,0.006041275516514607,0.480380285613944,0.0028999519881206595
1526,0.0,3147.9455730740647,0.0,0.001401456358392377,0.6900317922712657,0.000668275106255714,0.5432757376111406,0.0022304489235611758
1527,0.0,3147.8539613376083,0.015336984454602975,0.003397942140931506,0.3783776664254879,-0.0029228609084906007,0.49380631625544474,0.0006844559739456428
1528,0.0,3150.1669860694788,0.14900092881712113,0.007289326840124989,0.23613519822991919,-0.007170704819021263,0.4165049808477871,-0.001672092263944429
1529,0.0,3151.0710734027116,0.0004667569625391869,0.00322892245468563,0.46106307972742283,-0.0025268197394299726,0.4298724105116778,-0.001928510506590092
1530,0.0,3151.607514252041,0.008641493453771345,0.0024307991421278776,0.3734198265507142,0.0007045322766142186,0.4129366353233887,-0.0011385976716287987
1531,0.0,3152.1444165183107,0.0,0.0018371321501398001,0.603406644405054,0.0009377602926199301,0.47007763804788827,-0.00051569028235418
1532,0.0,3151.0268985804637,0.0,0.001331886861591818,0.5255805118218744,0.003535688706893283,0.48672850018008407,0.0006997234144200588
1533,0.0,3154.097444967973,0.03902267618003059,0.00678394722832836,0.2299613395231211,-0.0058889494054596,0.40969835198299515,-0.0012768784315438388
1534,0.0,3150.018680164941,0.14562110546810883,0.0002374393668227179,0.21900361569447427,0.007821751384275558,0.3524899310964389,0.00145271051320198
1535,0.0,3151.834032424546,0.015486081366546863,0.0031962782641450256,0.34502989044352633,-0.0025124317793686303,0.3502519189005651,0.00026316782543079687
1536,0.0,3155.0336183051068,0.0,0.00832542665344464,0.5960821914441611,-0.008190009361812649,0.4240010006636439,-0.002272785330742237
1537,0.0,3150.3740351778088,0.0,0.0003110865085292076,0.6474532197422921,0.009528031085828722,0.4910366663872383,0.0012674595942290508
1538,0.0,3153.7404036714393,0.0,0.004764173027672934,0.4989014770192891,-0.004698593791966749,0.49339610957685354,-0.0005223564216296892
1539,0.0,3151.9203147849116,0.0,0.0017255957466658694,0.48872991172222646,0.0024933462871789365,0.49199625022046545,0.0003823543910128985
1540,0.0,3150.6924946229005,0.0,0.0016177458441883551,0.7825333348542161,0.0030861485104279026,0.5791573756105906,0.0011934926268373997
1541,0.0,3153.1225319226132,0.014873157097140354,0.005850799132774193,0.5433186366112245,-0.005510592391157545,0.5684057539107807,-0.0008177328785610837
1542,0.0,3157.01200936731,0.062027251755972325,0.00931222729280025,0.24405601955251935,-0.00931222729280025,0.4711008336033023,-0.003366081202832834
1543,0.0,3157.018515670125,0.041558034471405894,0.002607172580315404,0.38777250484465325,0.0009785036677540462,0.44610233497570756,-0.0020627057416567696
1544,0.0,3161.268706769884,0.14020024217099408,0.005292293797361071,-0.038979185044702075,-0.005262284132310741,0.30057787896958466,-0.003022579258852961
1545,0.0,3165.900525906315,0.0,0.007404889507565206,0.711426551575583,-0.007375030584220437,0.42383248075138413,-0.004328314656463203
1546,0.0,3167.539848376109,0.0,0.00294196494514547,0.6479895891391229,-8.638864007961453e-05,0.4910796132677058,-0.003055736851548126
1547,0.0,3171.969865756456,0.0018599767786566723,0.005966661364031824,0.34663887811078276,-0.004593219406424859,0.4477473927206288,-0.003516981618011146
1548,0.0,3174.9079217550416,0.0,0.00497916883491107,0.6789603967500626,-0.0027913498759418523,0.5171112939294589,-0.0032992920953903576
1549,0.0,3176.5687827130673,0.004767281014421173,0.0014763337134166903,0.5698495884899454,0.0003408660268494235,0.5329327822976048,-0.0022072446587184233
1550,0.0,3176.823880436237,0.0,0.001134797668924702,0.6930805354850326,0.002997277536876068,0.5809771082538331,-0.0006458880000400758
1551,0.0,3179.106613196997,0.0,0.002990454266546668,0.5130710523414749,-0.0024295680654171144,0.5606052914801256,-0.0011809920196531873
1552,0.0,3182.812511974167,0.004932860777034305,0.006998821016485498,0.5185680168449271,-0.006998614451577296,0.547994109089566,-0.0029262787492304195
1553,0.0,3185.7112380751432,0.0,0.0056914361441697805,0.689128036094387,-0.004686884408677492,0.5903342871910123,-0.003454460447064541
1554,0.0,3188.067944472047,0.0009745752572769129,0.0030019983339882174,0.5657262360192695,-0.0017176621111400026,0.5829518718394895,-0.002933420946287179
1555,0.0,3191.342738506793,0.0,0.0033273112127715017,0.5839433226008026,-0.00310186540060015,0.5832493070678834,-0.00298395428258107
1556,0.0,3198.3539703657766,0.010228638255338209,0.011426754792059188,0.3159469062613899,-0.011426754792059188,0.5030585868259353,-0.005516794435424506
1557,0.0,3198.952307652429,6.679970859398206e-05,0.001217369157536827,0.4824130328982573,0.0020916161319720823,0.4968649206476319,-0.003234271265205529
1558,0.0,3200.2078507504693,3.867622823394803e-05,0.001452178482344652,0.649924702265657,0.0032657073853678852,0.5427828551330394,-0.0012842776700335045
1559,0.0,3202.0299642334903,0.0,0.001548717881228195,0.5005456390896514,-0.00037352561878662755,0.5301116903200229,-0.0010110520546594414
1560,0.0,3203.761201171112,3.867622823394803e-05,0.004252205985114852,0.4967404234206996,-0.0022268272114834998,0.520100310250226,-0.0013757846017066588
1561,0.0,3208.072443985185,0.0,0.008425560902706767,0.6554005118947832,-0.007871252280644449,0.5606903707435931,-0.0033244249053879958
1562,0.0,3208.22966139111,0.0,0.0031440953464240084,0.5259607202702731,0.0012440904021589264,0.5502714756015971,-0.001953870313123919
1563,0.0,3205.937454971194,0.0,0.0003391171649786151,0.6432673384441078,0.008319783914318021,0.5781702344543502,0.0011282259551086628
1564,0.0,3212.592656181457,0.2358007055416103,0.011877095038867039,-0.13265998440652374,-0.011876730360006851,0.36492116879608805,-0.002773260939425991
1565,0.0,3211.520959612644,0.0025622923163736372,0.0020718363939256357,0.5333403943719286,0.0011730183542645982,0.4154469364688402,-0.0015893771513188141
1566,0.0,3215.769022934292,0.015592803677786878,0.0065574143282599836,0.3839795603991588,-0.005895094393559102,0.4060067236479357,-0.0028810923239909
1567,0.0,3216.1572408922434,0.0,0.0013251208923978084,0.7843991464080392,0.0009668593003910775,0.5195244504759667,-0.0017267068366763067
1568,0.0,3218.70984267039,0.017588714504896852,0.0028007876313941474,0.41722168308626245,-0.0022448364154536095,0.4888336202590554,-0.0018821457103094974
1569,0.0,3221.2200907064093,0.0,0.0035433825685619656,0.5414077158971033,-0.0033526077155736898,0.5046058489504698,-0.002323284311888755
1570,0.0,3220.531445065295,0.0,0.001269987748607987,0.6033563102175589,0.0034920503802224885,0.5342309873305965,-0.0005786839042553819
1571,0.0,3222.466774625289,0.0017866006621660461,0.0033546803394708257,0.5258684987978847,-0.0015877369290930447,0.5317222407707829,-0.0008813998117066808
1572,0.0,3224.832295052556,0.039212645606458985,0.0059235449616706895,0.24611358737029695,-0.004288646831051745,0.44603964475063707,-0.0019035739175102
1573,0.0,3225.7640647869753,0.0,0.0023082211096959993,0.5425087118592193,-0.0009437465629489755,0.4749803648832117,-0.0016156257111418326
1574,0.0,3230.2985424769545,0.06144857375084796,0.008057132930116274,0.3078543365411931,-0.007396621285420017,0.4248425563806061,-0.003349924383425288
1575,0.0,3231.3261183349623,0.014754417117003095,0.001999838951446827,0.3759509152586373,-0.0003182594057674712,0.41017506404401544,-0.0024404248901279423
1576,0.0,3233.4306998142315,0.030006776538373612,0.0033528295684791235,0.3971154253713846,-0.0007933558119879278,0.40625717244222614,-0.0019463041666859379
1577,0.0,3235.745603039904,0.010373993495368241,0.003535664784890824,0.6210485733834408,-0.0021995097859886055,0.47069459272459047,-0.002022265852476738
1578,0.0,3238.3321880816775,0.001561268764642263,0.004517656453871561,0.5734710532429169,-0.0032770575862105544,0.5015275308800884,-0.002398703372596883
1579,0.0,3244.6002487544615,0.04578597707627123,0.010943582006807505,0.2575082959610796,-0.010851986831444638,0.4283217604043857,-0.004934688410251209
1580,0.0,3245.9292197494774,0.0,0.0015219081536048684,0.6864316813770273,-6.442820940083048e-05,0.5057547366961781,-0.0034736103499960953
1581,0.0,3251.498409282012,0.0009714460675692783,0.006493810396108015,0.6173544323365455,-0.00631744400085326,0.5392346453882882,-0.004326760445253245
1582,0.0,3254.7853639824625,0.0,0.005148169234248149,0.6937740539695327,-0.0030491964928062373,0.5855964679626615,-0.003943491259519142
1583,0.0,3257.50564439649,0.0,0.0023339035568819837,0.8405492712120651,-0.0009958965962716805,0.6620823089374825,-0.003059212860544903
1584,0.0,3265.73398025864,0.308435788524535,0.012907095781624927,-0.20652277109094958,-0.012907095781624927,0.4015007849289529,-0.00601357773686891
1585,0.0,3268.547355734746,4.629164821261182e-05,0.003137322378125658,0.5885285312491556,-0.0024239531064500393,0.4576091088250137,-0.004936690347743248
1586,0.0,3270.8747344095423,0.0004553693345490983,0.001081269477860398,0.552635366493383,0.0016211333345672737,0.48611698612552445,-0.002969343243050091
1587,0.0,3275.3224531831333,0.0,0.0050234576283186665,0.5852008314150056,-0.003999972364287538,0.5158421397123687,-0.0032785319794213248
1588,0.0,3277.0839164423437,0.0,0.002600706894129714,0.7465833597661782,-0.0004400437460356806,0.5850645057285115,-0.0024269855094056314
1589,0.0,3281.7472380305167,0.02440641803260527,0.006234630763992372,0.4134740860766008,-0.006198991433903907,0.5335873798329382,-0.003558587286755114
1590,0.0,3286.153277770427,0.0,0.0065052197828756,0.5544449694120023,-0.006502865082234388,0.5398446567066575,-0.0044418706253988955
1591,0.0,3287.5660064758786,0.0,0.001120817424521377,0.6631739713733024,0.0009487548967369388,0.5768434511066509,-0.002824682968758145
1592,0.0,3288.504003640601,0.0,0.0017452610989739082,0.8117118550968132,0.002790482931984792,0.6473039723036995,-0.001140133198535264
1593,0.0,3294.234054007753,0.06241208924785102,0.008947721289172494,0.1477772278441756,-0.008947721289172494,0.4974459489658423,-0.003482409625726433
1594,0.0,3298.548024006333,0.00026730066581259277,0.008175329660232196,0.43934061067091146,-0.007654698347495596,0.48001434747736305,-0.0047340962422571815
1595,0.0,3302.549711724939,0.014717406904146753,0.004651675186440482,0.37439827267794046,-0.004512085376869607,0.44832952503753626,-0.004667492982640909
1596,0.0,3302.9202417543593,0.0,0.0008226764602776689,0.7035517169268605,0.004353891565335785,0.5248961826043335,-0.001961077618247901
1597,0.0,3305.3501595313096,0.0,0.0011018284722838752,0.6882201814129594,-0.00011864527763562772,0.5738933822469212,-0.001408347916064219
1598,0.0,3309.8375675385755,0.018926848724510826,0.007247296332960431,0.4271381347204871,-0.007247296332960431,0.529866807988991,-0.0031600324411330824
1599,0.0,3309.0552589667404,0.0,0.0014039662324875281,0.5819804862354528,0.0032285066222711863,0.5455009114629296,-0.0012434707221118018
1600,0.0,3308.1484030893175,0.0,0.0004307721631366799,0.7399045041573965,0.0052327948175667875,0.6038219892712696,0.000699408939791775
1601,0.0,3309.9767890860912,0.0,0.004926229445296022,0.48842155984838703,-0.002542997530238374,0.5692018604444048,-0.00027331300121726974
1602,0.0,3312.7899713878933,0.008448095887799146,0.0065779593993196975,0.6596648697719681,-0.0065779593993196975,0.5963407632426738,-0.002164706920647998
1603,0.0,3312.114862416887,0.00031441901592905167,0.0009455547361141765,0.5810363233894232,0.0017813741875589563,0.5917494312866987,-0.0009808825881859116
1604,0.0,3313.6786615420424,0.0,0.0030073505952314997,0.7405831430940027,-0.0009621416938921852,0.6363995448288898,-0.0009752603198977937
1605,0.0,3317.135311071275,0.012390421711175229,0.006347218285846414,0.3479195945529962,-0.006138964643212394,0.5498555597461218,-0.0025243716168921737
1606,0.0,3319.558108537299,0.0,0.0044992402104517765,0.45289507197406964,-0.003926416403619623,0.520767413414506,-0.0029449850529104085
1607,0.0,3321.806680246726,0.00026730066581259277,0.0031412717367498076,0.5409050955211351,-0.0019322629165049081,0.5268087180464948,-0.0026411684119887584
1608,0.0,3322.453505131271,0.0,0.0009917385544052212,0.8655635254019385,0.0018301896044791998,0.6284351602531278,-0.0012997610070483708
1609,0.0,3324.743042217842,0.0,0.0038208893495829616,0.5249694315182881,-0.001964495125906806,0.5973954416326759,-0.0014991812427059014
1610,0.0,3325.918848359338,0.0,0.0032049397723481372,0.7393569680716217,-0.0010332125273285286,0.6399838995643596,-0.0013593906280926894
1611,0.0,3325.474604107848,0.01766835926017081,0.0011622392056077858,0.4353358767895813,0.002543797261259463,0.5785894927319261,-0.00018843426128704378
1612,0.0,3327.6929197050754,0.003536935432211441,0.004038951914380526,0.3796978949767123,-0.0031976074957397326,0.5189220134053619,-0.0010911862316228503
1613,0.0,3329.601837554643,0.0,0.004511257228478291,0.6560415953711273,-0.0037351604047745146,0.5600578879950915,-0.0018843784835683493
1614,0.0,3333.0698402590338,0.0,0.006352364199849721,0.6372911616148962,-0.006009837539391645,0.5832278700810328,-0.003122016200315338
1615,0.0,3335.1243614937125,0.0,0.0037594452635006516,0.7458318251588671,-0.0021872743101838134,0.6320090566043831,-0.0028415936332758804
1616,0.0,3338.352551255874,0.0,0.004154162658614652,0.6691190254003476,-0.003354895394453094,0.6431420472431724,-0.0029955841616290443
1617,0.0,3337.765240116938,0.02098294105134029,0.0002597827441354711,0.4087119379987929,0.004308374247512738,0.5728130144698586,-0.0008043966388865096
1618,0.0,3337.0923479760954,0.027647077301402007,0.0005728599891091942,0.3308763017197434,0.0045557753217389555,0.500232000644824,0.00080365494930113
1619,0.0,3341.3488576168697,0.07798907935888011,0.008377589993863616,0.09320119758621033,-0.008063300875660725,0.37812275972723985,-0.0018564317981874267
1620,0.0,3344.5547164205354,0.039051611729316135,0.007438661754900778,0.31155142702533883,-0.007438661754900778,0.3581513599166695,-0.003531100785201432
1621,0.0,3350.436539731367,0.002343385072575664,0.010211257362059752,0.5511114546289453,-0.010172886241737341,0.41603938833035226,-0.005523636422162205
1622,0.0,3360.590278993327,0.24070311901751681,0.017245241960241988,-0.15459958055759407,-0.017245241960241988,0.2448476976639683,-0.00904011808358614
1623,0.0,3364.3688087599558,0.06596588741304837,0.004337382818104748,0.40753988440711425,-0.0017414774872415682,0.2936553536869121,-0.006850525904682768
1624,0.0,3370.791209325329,0.007115906860582301,0.004114390908739621,0.5769736185561831,-0.0036777729280963634,0.3786508331476934,-0.005898700011706845
1625,0.0,3376.5226047759948,0.021179836344292075,0.005041613087470229,0.3358728459381178,-0.0045586635376880106,0.36581743698482067,-0.005496689069501195
1626,0.0,3383.357942294163,0.0,0.007871835360985733,0.6765139719725795,-0.007866778606093512,0.45902639748114826,-0.006207715930478889
1627,0.0,3387.978688326391,0.08061240550541544,0.005514084202906779,0.34881444216247776,-0.003642181622640842,0.4259628108855471,-0.005438055638127474
1628,0.0,3394.3959835251835,0.06554229323778539,0.006676408584980141,0.3269693178199901,-0.006676408584980141,0.39626476296588,-0.005809561522183274
1629,0.0,3399.2539721225803,0.0,0.004599845017060075,0.6708673508748593,-0.0042141032247694395,0.4786455393385738,-0.005330924032959123
1630,0.0,3402.9784232854413,0.0,0.0034697938298155566,0.6102410947397755,-0.0014855248356464893,0.5181242059589343,-0.004177304273765333
1631,0.0,3406.8982504787778,0.0188122722100932,0.0035103923997171623,0.4800701078525346,-0.0024392064403786578,0.5067079765270144,-0.0036558749237493304
1632,0.0,3412.928851522741,0.0,0.008060065434594532,0.47442326614694996,-0.008060065434594532,0.49702256341299506,-0.004977132077002891
1633,0.0,3415.6606664076703,0.0,0.003107624691580831,0.5696225638950894,-0.0016756974614899436,0.5188025635576233,-0.003986701692349006
1634,0.0,3418.35505070382,0.0,0.0024607944169904206,0.7489981515666622,-0.0002626754662520308,0.5878612399603349,-0.002869493824519913
1635,0.0,3419.5142925364134,8.511362669163354e-06,0.0008776960436540445,0.6317749754787022,0.0018572893543159121,0.6010353606158451,-0.0014514588708691653
1636,0.0,3421.6072896556993,0.0,0.002343458608402927,0.6088270711691219,-0.001310877145017604,0.6033728737818281,-0.001409284353113697
1637,0.0,3424.042738137435,0.0,0.0037649777126590248,0.5871091661720302,-0.003503194498413534,0.5984937614988888,-0.0020374573967036477
1638,0.0,3427.9374615378138,0.08652655176486904,0.0067523772669259245,0.2082223556013634,-0.00656110849143418,0.48141233972963116,-0.0033945527251228076
1639,0.0,3427.4974644494782,0.004915909312787046,0.0012012576700007622,0.4324353514942841,0.003180451752478927,0.46671924325902703,-0.001422051381842287
1640,0.0,3432.930524137386,0.0014635629311431039,0.007732748924722272,0.4965315947750647,-0.007723629786894422,0.4756629487138383,-0.0033125249033579274
1641,0.0,3435.595732043395,0.020626461735876848,0.0043173266368133015,0.292138471205376,-0.003933191077126354,0.42060560546129955,-0.0034987247554884547
1642,0.0,3436.5689905050003,0.004901411618043962,0.0015487231633818119,0.34802680405750974,0.0015687051774651644,0.3988319650401626,-0.0019784957756023686
1643,0.0,3441.5820698487646,0.05485168268229281,0.006716973021890875,0.17312572183944935,-0.006716973021890875,0.33112009207994864,-0.00340003894948892
1644,0.0,3444.5027086979667,0.0,0.004240290959259023,0.6076837953873461,-0.003882062880023363,0.41408920307216784,-0.0035446461286492525
1645,0.0,3448.7251351381815,0.0,0.005478976261565802,0.718242839214839,-0.005107320922703353,0.5053352939149691,-0.004013448566865483
1646,0.0,3453.017038688897,0.0,0.005514148794291027,0.5435153985423826,-0.005081898989694427,0.5167893253031932,-0.0043339836937141656
1647,0.0,3457.5223148847463,0.043529889983063556,0.005594549317211816,0.2625547127100646,-0.005024733830295538,0.44051894152525456,-0.004541208734688577
1648,0.0,3464.8697426137737,0.0518610928106804,0.010607726028287932,0.24244035946568304,-0.010603357723909747,0.3810953669073831,-0.006359853431454928
1649,0.0,3467.4220118808144,0.0,0.0032366275732506177,0.6440681569060476,-0.0003218079813909389,0.45998720390698244,-0.00454843979643573
1650,0.0,3475.0094237200697,0.08454586068816745,0.008992742349163646,0.2630249138632062,-0.008992742349163646,0.4008985168938496,-0.005881730562254104
1651,0.0,3476.461671302548,0.002600968544607585,0.001712372643314929,0.5198308619257366,0.001957514431216758,0.43657822040341565,-0.0035299570642128453
1652,0.0,3479.2986282555853,0.0,0.0018287875221195489,0.5400882219921319,0.0003635572278622149,0.4676312208800305,-0.002361902776590327
1653,0.0,3484.9152919227076,0.0,0.008350411641117859,0.573694329120206,-0.007925931415591728,0.4994501533520831,-0.004031111368290747
1654,0.0,3488.0414296680237,0.0,0.004434420380484763,0.7183727085451364,-0.0038845086034479497,0.5651269199099991,-0.003987130538837908
1655,0.0,3496.6152355214645,0.1823430354568469,0.013496890746913516,0.04949596835258227,-0.013496890746913516,0.41043763444277404,-0.0068400586012605895
1656,0.0,3498.1437752796287,0.0,0.0015188963438497686,0.6447881746593368,0.0012538055901666937,0.4807427965077429,-0.004411899343832404
1657,0.0,3505.147618043317,0.016745402285088598,0.007351890727828082,0.3122724694527678,-0.007282448908711037,0.43020169839125033,-0.005273064213295994
1658,0.0,3509.827612390036,0.0,0.005706696542383132,0.793455004842585,-0.004934548730284828,0.5391776903266507,-0.005171509568392643
1659,0.0,3512.624801603136,0.0030691947026178696,0.002615929526211305,0.5457709222470178,-0.0001192227397593676,0.5411556599027608,-0.00365582351980266
1660,0.0,3517.083968764786,0.053738496513403664,0.004346506334229485,0.4218678626699668,-0.0037506164730361125,0.5053693207329226,-0.0036842614057726953
1661,0.0,3515.9477213978635,0.0,0.0002751654748185892,0.7093900970033622,0.00632884240612353,0.5665755536140544,-0.0006803302622038277
1662,0.0,3515.239204387078,0.0,0.00010652430744886693,0.7525669679093893,0.005342196497740645,0.6223729779026548,0.0011264277657795142
1663,0.0,3516.844295207826,0.08312874685789279,0.003219553883613435,0.2240640378282105,-0.0026821963436697406,0.5028802958803215,-1.615946705526227e-05
1664,0.0,3518.330044096794,0.0,0.004307321832029173,0.5886659856508314,-0.004267999130243456,0.5286160028114744,-0.0012917113660117206
1665,0.0,3517.880112176878,0.000691413120854776,0.0011416352255455378,0.5800429034314436,0.0010080122515922008,0.5440440729974652,-0.0006017942807305442
1666,0.0,3518.466036458526,0.0,0.001351187818363371,0.5699380020736241,0.00014993184785947028,0.5518122517203128,-0.0003762764421535398
1667,0.0,3515.3026462655444,0.006497837225839017,0.00035419767642869214,0.6044258855257573,0.007232943462896326,0.5675963418619461,0.0019064895293614199
1668,0.0,3520.16890599624,0.06865976651251442,0.009885689292553262,0.22015275096655587,-0.009825523542096662,0.463363264593329,-0.0016131143920760048
1669,0.0,3519.791373107131,0.022940800814227322,0.0031878380784795585,0.5448889645098708,-0.001132186641104122,0.48782097456829154,-0.00146883606678444
1670,0.0,3518.8087919195327,0.0,0.0002723618112766739,0.8961204623615538,0.0037885731353585876,0.6103108209062702,0.00010838669385846832
1671,0.0,3517.545339003807,0.0,0.00033959258448818875,0.6647759976367972,0.0041577150317516475,0.6266503739254283,0.0013231851952264222
1672,0.0,3521.0625709867973,1.2103313887342282e-05,0.007495602153799189,0.6246859589801825,-0.007495602153799189,0.6260610494418546,-0.0013224510094812611
1673,0.0,3520.580431715831,0.0,0.0028050161764862527,0.7822400281674383,-0.00031875897178539124,0.6729147430595297,-0.0010213433981725
1674,0.0,3521.298793266708,0.0,0.0015471743232581448,0.8151386573734493,-7.647745452714954e-05,0.7155819173537055,-0.0007378836150788949
1675,0.0,3524.300891004863,0.0,0.005185752841530637,0.5621612050083461,-0.005159725764098684,0.6695557036500976,-0.0020644362597848315
1676,0.0,3524.348920321341,0.0006284548839879264,0.0026441320424891125,0.45105643197754486,0.0007545858672017979,0.6040059221483317,-0.0012187296216888425
1677,0.0,3523.8030461867834,0.0,0.000873450756540892,0.5023371474925513,0.0033384726185089857,0.5735052897515975,0.00014843105037050592
1678,0.0,3526.778678290754,0.07549856142719692,0.00499628184826222,0.1534071567769861,-0.004935908154445247,0.44747584985921407,-0.00137687071107422
1679,0.0,3526.6420138181634,0.03114913181486694,0.003385633205986864,0.4707086515839305,0.00018747158672319155,0.45444569037662896,-0.0009075680217349965
1680,0.0,3523.850943972791,0.0,2.4257930152710763e-05,0.8628206184148571,0.007286784502801242,0.5769581687880974,0.0015507377356258753
1681,0.0,3527.3473332907415,0.04635500587221582,0.0065003561518226245,0.3735652536058024,-0.006403375128741099,0.5159402942334088,-0.000835496123684217
1682,0.0,3528.5823643743843,0.0,0.004682637261694811,0.8095921781835111,-0.004153520893713021,0.6040358594184395,-0.001830903554692858
1683,0.0,3529.457583897178,0.0,0.0034995002763788417,0.6659418697664388,-0.0008767778955371164,0.6226076625228393,-0.0015446658569461353
1684,0.0,3531.219764786298,0.0,0.003278519133652377,0.6887835942966662,-0.001699657905489094,0.6424604420549873,-0.0015911634715090228
1685,0.0,3535.520599019535,0.044660307616741085,0.00822739138092977,0.1942477879152581,-0.007284745906944377,0.5079966458130685,-0.0032992382021396287
1686,0.0,3540.56841837146,0.00026730066581259277,0.00872136010860053,0.5214299518581175,-0.00872136010860053,0.5120266376265832,-0.004925874774077899
1687,0.0,3543.117063255882,0.01647461985158532,0.003122152746026354,0.5325773734988359,-0.0016677255997294286,0.518191858388259,-0.003948430021773358
1688,0.0,3546.02797395311,0.0,0.0026005361887827235,0.6622268656036151,-0.0007687598119881975,0.5614023605528657,-0.0029945289588378097
1689,0.0,3548.11858902335,0.20724644810085793,0.0040642249757395195,0.12456002364659399,-0.00011772808370130726,0.4303496594809842,-0.0021314886962968587
1690,0.0,3554.632376616052,0.017518268352634363,0.010383210376967694,0.4076773481112261,-0.010362277790326762,0.42354796607005674,-0.00460072542450583
1691,0.0,3558.4069702967367,0.0,0.005523215640047222,0.6958336708904072,-0.005451739216763089,0.5052336775161619,-0.004856029562183007
1692,0.0,3562.8180707274055,0.0007275581115534036,0.004934821372314361,0.3992078110691479,-0.00419503568160895,0.47342591758205765,-0.004657731398010789
1693,0.0,3566.9790738650527,0.0007252303065420459,0.003502320098177371,0.4317805470663484,-0.0034163202679074293,0.46093230642734484,-0.004285308058979781
1694,0.0,3572.6259146748057,0.015435991888557288,0.00677101118830984,0.41251765859882866,-0.006733893644932276,0.44640791207878994,-0.005019883734765529
1695,0.0,3574.5023590261667,0.009345710797839591,0.0017780321289837604,0.5691002090193515,0.0007637653183838551,0.4832156011609584,-0.0032847890188207134
1696,0.0,3576.9211917752873,0.0004553693345490983,0.0014899302277054664,0.5946270798905668,0.00032667687216359794,0.5166390447798409,-0.00220134925152542
1697,0.0,3576.4548864477547,8.622622311897463e-06,0.0010290420232990222,0.5483947309447643,0.004484847545778165,0.5261657506293179,-0.00019549021233434432
1698,0.0,3575.235550043942,0.08102694121904407,0.0014300380534719105,0.11074321733896156,0.004841501737129063,0.401538990642211,0.0013156073725046778
1699,0.0,3578.7968037273786,0.03303109736132854,0.007604121993939895,0.28477685507332207,-0.007270459843166216,0.3665103499715443,-0.0012602127921965901
1700,0.0,3578.4511224769326,0.0,0.003044709020526759,0.7446690704152646,-0.0005977462082539757,0.47995796610466035,-0.0010614728170138057
1701,0.0,3582.7563863889145,0.027666630334407645,0.007684259533825795,0.33675760829518936,-0.007612350124049148,0.436997858761819,-0.003026736009124408
1702,0.0,3585.4483984138037,0.049835291095349635,0.00549791480379949,0.18115771437592426,-0.004376543533749925,0.36024581544605055,-0.003431678266512063
1703,0.0,3583.4353604505313,0.0,2.7068135524589498e-05,0.6628124553144769,0.007489665694093522,0.45101580740657843,-0.00015527507833038717
1704,0.0,3581.610642098001,0.06851350201397169,0.0002852823595738338,0.24822922844293482,0.007382631223651889,0.3901798337174853,0.0021060968122642958
1705,0.0,3580.252261430781,0.0,0.0010441094165079038,0.8810338458701489,0.002903950562791874,0.5374360373632844,0.002345452937422569
1706,0.0,3576.6438236136655,0.004500550554170156,7.441568465745707e-05,0.5408916630966397,0.00522600073382147,0.5384727250832909,0.003209617276342239
1707,0.0,3575.081768312954,0.00637320134129866,0.0016300389729616363,0.41153328387952504,0.0006773676801545492,0.5003908927221611,0.002449942397485932
1708,0.0,3574.8770919542053,0.021098962683789104,0.0034619727921490566,0.3767135517646843,-0.0030190231820266984,0.463287690434918,0.0008092527236321428
1709,0.0,3575.4050004592423,0.04522669656681693,0.004284284557925234,0.2122250068189301,-0.0036855515796932912,0.38796888535012164,-0.0005391885673654874
1710,0.0,3575.940543576113,0.0,0.003094466242563573,0.6382349153086365,-0.0019362202236236758,0.46304869433767604,-0.0009582980642429439
1711,0.0,3574.6930472783924,0.0,0.0002897656818306046,0.5027184729544222,0.0032005344639347076,0.4749496279226999,0.0002893516942103515
1712,0.0,3577.377600480933,0.004842569879360137,0.0058637256992909465,0.5928134462571623,-0.004606648342299041,0.5103087734230386,-0.001179448316742466
1713,0.0,3577.0505490700925,0.002098645849303127,0.002684944349223118,0.5261566584796916,0.00042909277097928086,0.5150631389400345,-0.000696885990425942
1714,0.0,3580.2324007252946,0.026996032723134968,0.005518439640668791,0.32163876407562036,-0.005371228702130453,0.4570358264807103,-0.0020991888039372953
1715,0.0,3583.917332841329,0.005699648944639973,0.006892182139863442,0.5151692164285077,-0.006863552801546294,0.47447584346504945,-0.003528498003219995
1716,0.0,3589.4155536064445,0.010996011550209673,0.009120950839755686,0.3359270799871376,-0.009120950839755686,0.43291121442167585,-0.005206233854180702
1717,0.0,3593.9758755484677,0.0,0.005962440652631621,0.6059912043459698,-0.005608225548604218,0.484835211398964,-0.005326831362507757
1718,0.0,3596.9896604426813,0.0,0.0018562191450866858,0.6083815135734132,-0.0006336069580695601,0.5218991020512987,-0.003918864041176298
1719,0.0,3601.374177102633,0.05495469985370778,0.0048374371117635775,0.27987539397759104,-0.0034223410372378063,0.44929198962918643,-0.0037699071399947505
1720,0.0,3608.157857923165,0.0,0.009944136879612741,0.7207947652842627,-0.00989343886904971,0.5307428223257092,-0.005606966658711238
1721,0.0,3610.741744018798,0.0,0.003165916652487363,0.7357307390280396,-0.0012224858176268945,0.5922391973364083,-0.004291622406385935
1722,0.0,3613.3919639150326,0.0,0.003048868796090853,0.3934743371085754,0.0004981164192675602,0.5326097392680584,-0.002854700758689886
1723,0.0,3613.8815227346267,0.0,0.0003612033684468367,0.7518510747179399,0.0035694716641095623,0.5983821399030229,-0.0009274490318500514
1724,0.0,3614.83827666277,0.0,0.0019477494138516998,0.6355905051897403,0.001019052982996629,0.6095446494890381,-0.0003434984273960472
1725,0.0,3618.533021383941,0.0,0.006716979659787268,0.7239256010759891,-0.006716979659787268,0.6438589349651234,-0.002255542797113413
1726,0.0,3617.1590530241783,0.0,0.0005772719307623996,0.6667212280544319,0.0033142258945896446,0.6507176228919159,-0.0005846121896024958
1727,0.0,3620.1694816194345,0.0,0.00405908920405651,0.6932778827076371,-0.003897843651891322,0.6634857008366322,-0.0015785816282891437
1728,0.0,3619.9974487438008,0.030906575991647426,0.0017240801236957537,0.46134068762953906,0.001033147089585115,0.6028421968745042,-0.0007950630129268659
1729,0.0,3621.248225795832,0.0,0.002897126549916669,0.5512862650952691,-0.0009283020367250526,0.5873754173407336,-0.0008350347200663218
1730,0.0,3622.6488867091084,0.009469566813933314,0.003087040618210708,0.3204060372982347,-0.0020550598175253306,0.507284603327984,-0.0012010422493040243
1731,0.0,3622.3450262626093,0.0,0.0023665860115815885,0.5706521090136365,0.0015529138573300329,0.5262948550336797,-0.00037485541731380716
1732,0.0,3623.367995756006,0.0,0.0023698637323121058,0.7280159396293202,-0.0008644817924957526,0.5868111804123718,-0.0005217433298683907
1733,0.0,3623.223101617913,0.0,0.0008540696841584178,0.7249686038685984,0.000714076486140979,0.6282584074492397,-0.00015099738506557975
1734,0.0,3619.962095579719,0.0,0.0009018027747585067,0.6967378716123199,0.007343536772560769,0.6488022466981637,0.0020973628622223245
1735,0.0,3621.0390435876557,0.0,0.0037643361460832866,0.5265765008982276,-0.0021737428596844063,0.6121345229581828,0.0008160311456503052
1736,0.0,3622.9889880344795,0.0,0.006289762573348499,0.46261982076039426,-0.0062811385434322796,0.5672801122988462,-0.0013131197610744701
1737,0.0,3616.81298673326,0.0,1.5297767621886731e-06,0.6785734469985234,0.012071350257532894,0.6006681127087493,0.002702221244507739
1738,0.0,3615.6801561665707,0.06196610184536464,0.0005401309427798722,0.28954789208820225,0.003615304213200274,0.5073320465225852,0.0029761461351154993
1739,0.0,3614.9829732414214,0.0,0.002793242868406207,0.6027192817119774,-0.0014863554579303644,0.5359482170794029,0.00163739565720174
1740,0.0,3611.6039143506146,0.0,5.13896209248489e-05,0.6817064360302584,0.0038713289793856857,0.5796756827646595,0.0023075756538569235
1741,0.0,3611.31177686319,0.0,0.0035105226026230086,0.5476133387292128,-0.0011931496963615217,0.5700569795540255,0.0012573580487913899
1742,0.0,3610.6007429767565,0.0,0.0022964707548046946,0.7289639325566006,-0.000974793961396844,0.617729065454798,0.0005877124457349197
1743,0.0,3608.9959509142163,0.0,0.000764258028126248,0.7481890579347916,0.002009080810895029,0.6568670631987961,0.0010141229552829525
1744,0.0,3609.8041166549215,0.0,0.003521304888665474,0.69663258202878,-0.0023381342139125716,0.6687967188477912,8.445804524295211e-06
1745,0.0,3606.710424273194,0.0012424724952503504,0.00017552277656402533,0.5803433863013662,0.005388462474990806,0.6422607190838637,0.0016224508056642485
1746,0.0,3606.0108637637572,0.0,0.002162649799771901,0.6101993833241527,0.0013810178980442212,0.6326423183559504,0.0015500209333782402
1747,0.0,3608.1992970814704,0.026887105416152263,0.007124726039681383,0.4500242849680053,-0.006313873206693955,0.5778569083395668,-0.0008091473086434182
1748,0.0,3609.1006567808467,0.0,0.004026693911579415,0.7826984589143562,-0.0034587233747765257,0.6393093735120037,-0.0016040201284833503
1749,0.0,3613.2043117299395,0.025902651119996605,0.00764709481970316,0.4024705101376421,-0.007639585192085225,0.5682577144996952,-0.0034146896475639125
1750,0.0,3613.596530636088,0.0,0.0010517948411538568,0.6909365154771281,0.0009960103146750001,0.605061354792925,-0.0020914796588922388
1751,0.0,3616.841220003751,0.0,0.003777521771816872,0.7352297239246997,-0.0031156561472985185,0.6441118655324574,-0.0023987326054141227
1752,0.0,3619.306076172167,0.0,0.003494280443812323,0.740403085192464,-0.0028565451809622277,0.6729992314304593,-0.002536076378078554
1753,0.0,3625.871292129646,0.04010706914990089,0.011073183598353594,0.35782108441280946,-0.011073183598353594,0.5784457873251643,-0.005097208544161066
1754,0.0,3628.025775928287,0.0,0.0027704368725656086,0.8416821910563277,-0.001634377997331495,0.6574167084445133,-0.004058359380112194
1755,0.0,3632.744918706205,0.0030691947026178696,0.00482700448116132,0.40473668079419595,-0.004352856912990467,0.581612700149418,-0.004146708639975676
1756,0.0,3639.4962825419293,0.0848101100433678,0.009665104110142103,0.2696806239564452,-0.009665104110142103,0.4880330772915261,-0.005802227281025604
1757,0.0,3645.9545086551357,0.0022267414675370607,0.008954860255116685,0.457274906482091,-0.008893390099161423,0.47880562604869553,-0.00672957612646635
1758,0.0,3649.38303736451,0.0,0.002411043522063672,0.871604433693898,-0.0008183823881928166,0.5966452683422563,-0.004956218004984289
1759,0.0,3652.931684605255,0.017426433265717942,0.0016972959561613954,0.47718372320385427,-0.0001765308696090961,0.5608068048007356,-0.003522311864371731
1760,0.0,3656.148277184684,0.0,0.0018413790327441175,0.6412046296649206,-0.0013917444576021644,0.5849261522599911,-0.0028831416423408607
1761,0.0,3657.4310539901494,0.0,0.001053247529154132,0.8143158217040879,0.0011167540824315605,0.6537430530932201,-0.0016831729249091342
1762,0.0,3663.8994846632363,0.05812941738823504,0.010402492486287744,0.36367255518549974,-0.010402492486287744,0.566721903720904,-0.004298968793322717
1763,0.0,3665.3427475332373,0.0,0.0025333381713815127,0.6847364970296154,-0.0010743688160002635,0.6021262817135175,-0.0033315888001259806
1764,0.0,3668.356793901766,0.0,0.003244082053685306,0.7608505662962417,-0.0016623545747181572,0.6497435670883347,-0.0028308185325036333
1765,0.0,3670.574393214526,0.0,0.0032942995423067977,0.6026030694959815,-0.0010316427959304398,0.6356014178106287,-0.002291065811531675
1766,0.0,3676.2142751318324,0.0,0.008705523614217529,0.536116299954187,-0.008705523614217529,0.6057558824536962,-0.004215403152337431
1767,0.0,3678.54759235611,0.0,0.0027581323101748914,0.838028082158031,-0.002298908865551348,0.6754375423649965,-0.003640454866301606
1768,0.0,3682.4121399370747,0.0053631994193120945,0.003522798889777098,0.5132897303509463,-0.0035084102238957192,0.6267931987607814,-0.00360084147357984
1769,0.0,3683.8856155484305,0.0,0.0012883136974996597,0.49796208149865334,0.0008724346901384778,0.588143863582143,-0.0022588586244643447
1770,0.0,3686.3402204747917,3.867622823394803e-05,0.0027610455062172775,0.6863967577431962,-0.0012687646189212837,0.6176197318304589,-0.001961830422801426
1771,0.0,3689.350666875252,0.0,0.004153187467033398,0.7497608482096239,-0.0038370426661917395,0.6572620667442084,-0.00252439409581852
1772,0.0,3692.7859202630443,0.0,0.0060167037114096196,0.644954299166264,-0.0050080214468231545,0.6535697364708251,-0.00326948230111991
1773,0.0,3691.811884037392,0.0039785785368136465,0.0008920334338482107,0.49184096359596796,0.0047950477491338715,0.6050511046083679,-0.0008501232860437756
1774,0.0,3694.481653440568,0.0,0.0033316026351976353,0.5407590531721991,-0.002120887056032622,0.5857634891775172,-0.0012313524170404293
1775,0.0,3695.891524758645,4.629164821261182e-05,0.0031672202398975785,0.5823875387863325,-0.0020003804723215998,0.5847507040601618,-0.0014620608336247804
1776,0.0,3698.851415850801,0.009086842810367049,0.005449999414321763,0.4714218590022569,-0.004822861806172366,0.5507520505427903,-0.002470301125389056
1777,0.0,3701.3529630189582,0.0,0.003975699531571585,0.6202924485370167,-0.003585647351744324,0.5716141699410582,-0.0028049049932956363
1778,0.0,3704.851736025391,0.042066769891835006,0.006207178635999234,0.5735656769363151,-0.0045990090497329385,0.5721996220396353,-0.003343136210226827
1779,0.0,3706.668759829376,0.0,0.003927454654265452,0.7221853323515219,-0.0007243928815271811,0.6171953351332012,-0.0025575132116169327
1780,0.0,3703.5911696857274,0.0,0.00035809110840544586,0.7288840967997123,0.010000642735404724,0.6507019636331546,0.0012099335724895645
1781,0.0,3707.621592555504,0.0,0.005892126010303586,0.6901911011166334,-0.005783051948787231,0.6625487048781982,-0.000887962083893474
1782,0.0,3708.8811485823962,0.008340983901074722,0.00510154906956906,0.3312073671686038,-0.0038474241072065977,0.5631463035653198,-0.001775800690887411
1783,0.0,3705.006446904436,0.0,5.5943613904164174e-05,0.7915453795813173,0.009071247361926816,0.631666026370119,0.001478313724956857
1784,0.0,3708.5296764625796,0.00012809561823393342,0.006195138448143566,0.6398157818118906,-0.00555186559833236,0.6341109530026504,-0.0006307400720299082
1785,0.0,3706.12124283897,0.0,0.0007735018208899713,0.7386496541019449,0.0035039407553582418,0.6654725633324388,0.0006096641761865368
1786,0.0,3707.8855635766527,0.0,0.004445187319914506,0.7286414099035985,-0.0030440499691481494,0.6844232173037866,-0.00048645006741386906
1787,0.0,3710.576061416778,0.0343630449057028,0.0066224321117844065,0.5136991807716149,-0.006220001930980513,0.633206006344135,-0.0022065156264838622
1788,0.0,3709.9813056521066,0.0028122439918034266,0.0009429644617349885,0.4330480629470921,0.0018377314810580862,0.5731586233250221,-0.0009932414942212778
1789,0.0,3711.2120270685764,0.01119766171363359,0.002537675920456359,0.44570131142111485,-0.00022416411113116263,0.5349214297538498,-0.0007625182792942431
1790,0.0,3713.3917262233876,0.0,0.004370258284773626,0.5949272900902577,-0.0034746417544055017,0.5529231878547721,-0.0015761553218276206
1791,0.0,3718.862474177144,0.0,0.01053742855765267,0.8117341322008192,-0.01053742855765267,0.6305664711585862,-0.004264537292575135
1792,0.0,3723.322431487736,0.010373993495368241,0.007608997421022276,0.5211328669268566,-0.007472060216304417,0.5977363898890673,-0.0052267941696939185
1793,0.0,3727.983747635387,0.004842569879360137,0.00505173450864743,0.5349204942204409,-0.0050510658707699895,0.5788916211884794,-0.005174075680016739
1794,0.0,3730.770792355047,0.002535349066651806,0.003055450351952633,0.3877725898139644,-0.00014617941919209886,0.5215559117761248,-0.003665706801769347
1795,0.0,3736.094213103616,0.04478185412205357,0.0066607224062153044,0.3063983999127909,-0.0055480599427615435,0.45700865821712466,-0.004230412744067006
1796,0.0,3740.7428519235195,0.0,0.006272634263488482,0.66352300404341,-0.005689952425286771,0.5189629619650102,-0.004668274648432936
1797,0.0,3746.774672671844,0.004767565769507536,0.00796510184025483,0.4867571620395055,-0.00796510184025483,0.5093012219873588,-0.005657322805979504
1798,0.0,3750.2027391699567,0.01203777269577915,0.0036420732597582345,0.38914116547935684,-0.0020432973287005693,0.4732532050349582,-0.004573115162795823
1799,0.0,3753.305001094186,0.0,0.0012684240659063626,0.655420953808204,-0.00037945462080113884,0.5279035296669319,-0.0033150170001974176
1800,0.0,3755.8403624535936,0.0,0.0026422011780615462,0.7073805825959837,-0.00038021549584401704,0.5817466455456474,-0.0024345765488913975
1801,0.0,3756.3415465075445,0.0025622923163736372,0.001388675008236876,0.6961300152741451,0.0025104499523446976,0.6160616564641966,-0.000951068598520569
1802,0.0,3758.6058174120485,0.0,0.003470146782053722,0.5703204011286158,-0.002141585954350072,0.6023392798635223,-0.00130822380526942
1803,0.0,3759.2966461919846,0.0,0.002700182256779012,0.5986143940950743,-0.0003940208428551275,0.6012218141329879,-0.0010339629165451321
1804,0.0,3759.5215540256418,0.039172200481475496,0.002016237921167983,0.3353643761350807,0.0009372569318928384,0.5214645827336157,-0.000442596962013741
1805,0.0,3758.570514872422,0.0,0.0012142132418871453,0.809678531431238,0.0030768178140273953,0.6079287673429024,0.0006132274707985998
1806,0.0,3759.8243032738856,0.0,0.0026977529243460757,0.73445373415964,-0.0021765718122354967,0.6458862573879236,-0.00022371231411162917
1807,0.0,3761.818326555496,0.005737506309600492,0.005230736800079667,0.49416189980504105,-0.00478367243901456,0.6003689501130588,-0.0015917003515825083
1808,0.0,3761.646931851835,0.0,0.0008842872015054743,0.6064535721893691,0.0006564268078088614,0.6021943367359519,-0.0009172622037650972
1809,0.0,3763.374670153006,0.0,0.003785095683421442,0.7634728053377977,-0.0019032143360505351,0.6505778773165056,-0.0012130478434507286
1810,0.0,3763.7897913839874,0.0006723030044865825,0.000793949956694298,0.4145384936118513,0.00014118922452001982,0.5797660622051093,-0.0008067767230595041
1811,0.0,3766.346000081655,0.01836117477012196,0.004883393598433344,0.4171458349957229,-0.00402822758641839,0.5309799940422933,-0.0017732119820671698
1812,0.0,3766.6499857930694,9.225602893149049e-06,0.0027267447578614443,0.4259956729635902,0.00028097268699256065,0.49948469771868237,-0.0011569565813492506
1813,0.0,3764.281075801322,0.0,4.609742199421116e-05,0.7075951498101609,0.006830531488349854,0.5619178333461259,0.0012392898395604808
1814,0.0,3769.162038724375,0.05777147771813372,0.00904828929626644,0.3474779272656499,-0.00901514672743722,0.4975858615219831,-0.0018370411305388295
1815,0.0,3772.6169164713424,0.14901456369326513,0.00841204550861764,-0.04997536994460485,-0.00841204550861764,0.33331749208200667,-0.0038095424439624727
1816,0.0,3776.130041885423,0.01432734956598526,0.005525165164461305,0.4793554785585125,-0.005246695833192004,0.37712888802495836,-0.004240688460731332
1817,0.0,3782.6081083947447,0.03187614413230566,0.009351003162762215,0.272853779087572,-0.009351003162762215,0.3458463553437424,-0.005773782871340597
1818,0.0,3784.9139929916146,0.005980760303326012,0.002939963594164035,0.39340241300708023,-0.0001459681439107746,0.36011317264274373,-0.00408543845311165
1819,0.0,3786.5989308949447,0.0,0.0013377580505662787,0.6128006132398324,0.0026742964612542462,0.4359194048218703,-0.002057517978801881
1820,0.0,3790.552979714566,0.015435991888557288,0.004067203599271695,0.3738995154087354,-0.003896206736435513,0.4173134379979298,-0.0026091246060919704
1821,0.0,3790.889058989896,0.0,0.001245896967955892,0.6268002200415362,0.0015517962629010725,0.4801594726110117,-0.0013608483453940575
1822,0.0,3792.973422151647,0.0,0.0045890111883457605,0.8655444570538816,-0.0015678831079099812,0.5957749679438726,-0.0014229587741488347
1823,0.0,3792.9577459349957,0.0,0.0022920473151985,0.6581173568992336,0.0015094990933980023,0.6144776846304809,-0.0005432214138847835
1824,0.0,3800.207474862084,0.050304945833676555,0.013598718982783977,0.2889960616881983,-0.013598718982783977,0.5168331977477961,-0.004459870684554541
1825,0.0,3800.9309242104932,0.0,0.0017613011620344152,0.6410345555635969,-0.0007555025578661811,0.5540936050925364,-0.003348560246548033
1826,0.0,3802.471957334673,0.0,0.0016122577851392344,0.6502556101086102,0.001574736297976347,0.5829422065973585,-0.0018715712831907187
1827,0.0,3804.845719271465,0.0,0.003298216629771399,0.851488438875693,-0.001379271641363564,0.6635060762808589,-0.0017238813906425724
1828,0.0,3802.960331953033,0.0,0.00010611815140270597,0.6450830910449393,0.0059492720579998985,0.657979180710083,0.0005780646439501689
1829,0.0,3802.778195132765,0.012220266101364103,0.0015149458024350925,0.35871605514519755,0.002151075463980799,0.5682002430406173,0.0010499678899593581
1830,0.0,3798.1299047758525,0.0,0.0006550290008467734,0.8598623111351034,0.009038038910704272,0.6556988634689631,0.0034463891961828324
1831,0.0,3803.166457914304,0.022475642644136016,0.011730135140321868,0.4682049539008346,-0.011730135140321868,0.5994506905985245,-0.0011065681047685775
1832,0.0,3804.9604458519275,0.0,0.007283848934576235,0.5620739519167139,-0.007281356611707868,0.5882376689939813,-0.0029590046568503644
1833,0.0,3804.6444949256625,0.0,0.0008664220755400304,0.7199167933800388,0.0019341980662209652,0.6277414063097986,-0.0014910438399289654
1834,0.0,3813.6839262785097,0.04803093101090633,0.015687725307548722,0.19458420410001767,-0.015687725307548722,0.49779424564686425,-0.005750048280214892
1835,0.0,3814.1310686468632,0.05848579880804703,0.0019463781972676895,0.27033741078783485,0.0008612094108647178,0.4295571951891554,-0.003766670972891009
1836,0.0,3820.823797474543,0.08419585865606712,0.008124292066134953,0.22073176771472472,-0.007796606808571434,0.3669095669468262,-0.004975651723595136
1837,0.0,3823.0451782408427,0.0,0.0025768769287904192,0.638999256433555,-0.0004969421778799295,0.44853647379284484,-0.003632038859880574
1838,0.0,3826.8932706207224,0.0,0.0037487318343006164,0.7083390365866895,-0.0026825536268424367,0.5264772426309983,-0.003347193289969133
1839,0.0,3828.4118283703447,0.0,0.0018008516396110607,0.5665036709675163,0.0007591782210781902,0.5384851711319537,-0.002115281836654936
1840,0.0,3832.2557325574517,0.0,0.004441582459018057,0.520171574114195,-0.004433337302894477,0.5329910920266261,-0.002810698476526798
1841,0.0,3835.7186423175804,0.0009745752572769129,0.005165783389229575,0.527851593189082,-0.004893864317230989,0.5314492423753628,-0.0034356482287380553
1842,0.0,3836.2333360953953,0.0,0.0017210626147039054,0.5277411495635227,0.00199868421879872,0.5303368145318108,-0.0018053484944770225
1843,0.0,3838.4896047796997,0.01783829150408086,0.002250479498448996,0.47139504666180326,-0.0010465366667626451,0.5126542841708085,-0.0015777049461627092
1844,0.0,3839.143125646493,0.000691413120854776,0.0028006149136428223,0.4998582636092314,0.0005848072486844956,0.5088154780023353,-0.0009289512877085476
1845,0.0,3838.1374891594755,0.0,0.001441978506047567,0.5985904224650792,0.0037772249705275295,0.5357479613411584,0.00048290158976227557
1846,0.0,3834.783091838337,0.0,0.00010685726989364743,0.8318064717474518,0.007935864444161287,0.6245655144630464,0.002718790446081979
1847,0.0,3835.6400929361366,0.0,0.0031092410497299415,0.565304465282011,-0.002401724378338838,0.6067871997087357,0.0011826359987557337
1848,0.0,3835.631935010491,0.0,0.003693220708806809,0.7902552596864023,-0.002864354202855423,0.6618276177020357,-3.146106172761335e-05
1849,0.0,3836.0001955700573,0.0,0.003352495494891862,0.755819570890259,-0.0019978111202276537,0.6900252036585026,-0.0006213660792776255
1850,0.0,3837.6372537122484,0.003618655286169327,0.0038107944004301367,0.4789945644586436,-0.00335187560362856,0.6267160118985449,-0.0014405189365829059
1851,0.0,3837.2875464422186,0.0014928396324036333,0.0016043717506462798,0.4042451317434825,0.0014358347675005607,0.5599747478520261,-0.0005776128253578658
1852,0.0,3836.295989011497,0.018939133627866627,0.0010409405395252003,0.35371861553997064,0.003590352407333422,0.4980979081584094,0.0006727767444495206
1853,0.0,3833.771723816444,0.0,0.0004107374552129986,0.5821276457211958,0.0058325334850892205,0.5233068294272453,0.0022207037666414305
1854,0.0,3835.9557817071613,0.008602303341755406,0.006880281300152126,0.4451134235386294,-0.005343459038071651,0.49984880766066053,-4.854507477249385e-05
1855,0.0,3835.4328069972353,0.005515735115298068,0.0027532748712202084,0.45563450168766506,-0.0012216797331238414,0.4865845158687619,-0.0004004854722778981
1856,0.0,3835.5795436146423,0.0,0.0028731304773249493,0.7046357552638177,-0.0002384466053647708,0.5519998876872787,-0.0003518738122039599
1857,0.0,3835.3955955246656,0.0,0.001378997301847171,0.47863663078764285,0.0008150589632498021,0.5299909106173879,-1.793979567831297e-06
1858,0.0,3836.1845078601864,0.0,0.0024522896698297744,0.5900776869767714,-0.0012769573954749167,0.5480169435252029,-0.00038434300433995693
1859,0.0,3837.646375462995,0.01021127592158203,0.0032516696906705485,0.32514630362063307,-0.0030276744852866925,0.48115575155383195,-0.0011773424486239774
1860,0.0,3838.0533274983777,0.0,0.0037128247336025823,0.7124490369996704,-0.00039840350883256183,0.5505437371875834,-0.0009436607666865527
1861,0.0,3840.1891629273173,0.0,0.003824758871996366,0.583216989304817,-0.0031839395610305456,0.5603457128227535,-0.0016157444049897506
1862,0.0,3844.2927419524162,0.0,0.007515519274283014,0.7989882223323201,-0.0074988203201172485,0.6319384656756235,-0.0033806671795279996
1863,0.0,3844.6828975497288,0.0,0.0013463412956445197,0.8930816929642118,0.0010111040599439442,0.7102814338621999,-0.0020631358076864162
1864,0.0,3846.7276266349504,0.006228879111038447,0.0018131239160531706,0.45243495671480555,-0.0006523599568823525,0.6329274907179815,-0.001639903052445197
1865,0.0,3852.117176968615,0.05081394206029893,0.009728246658528573,0.1870423791511534,-0.009010800768275989,0.49916195724793305,-0.0038511723671944345
1866,0.0,3856.1979777129,0.025880857261091673,0.006741010187338535,0.5095977153077151,-0.006632970355663149,0.5022926846658676,-0.004685711763735049
1867,0.0,3859.5974874995363,0.0,0.004608947951556322,0.5531413829548649,-0.00287543618284322,0.5175472941525668,-0.0041426290894675
1868,0.0,3860.199491061887,0.00030268479903651214,0.0004374562732512007,0.5653322132410535,0.0037993852110539683,0.5318827698791128,-0.0017600247993110596
1869,0.0,3865.0675754237786,0.03619721685121042,0.006465441412734067,0.38411779453994577,-0.005753269419107637,0.48755327727736264,-0.0029579981852500326
1870,0.0,3866.1235146936338,0.0053499296704182355,0.0013672928449482901,0.30179212361263696,-0.00024326438853146455,0.4318249311779449,-0.0021435780462344617
1871,0.0,3872.4273506119916,0.08445847120515837,0.009962427635017252,0.38949551182189485,-0.009962427635017252,0.4191261053711298,-0.0044892329228692985
1872,0.0,3876.901840573398,0.07585972563559318,0.007237865896406925,0.20132093254657452,-0.0069019089163163735,0.35378455352376326,-0.005213035720903421
1873,0.0,3876.341029596837,0.0,0.0002643981676575876,0.8381985489192688,0.006061850317530105,0.4991087521424149,-0.0018305699093733628
1874,0.0,3879.614117799025,0.004842569879360137,0.003175534468025402,0.4952423505431873,-0.0013124144657269674,0.4979488316626466,-0.0016751232762794441
1875,0.0,3882.1269216397773,0.006947989841621241,0.003909169492385937,0.5444662458028835,-0.003258367542791967,0.5119040559047177,-0.0021500965562332008
1876,0.0,3884.1316024562557,0.0,0.004063986589510479,0.6639943212269092,-0.0023419109316957258,0.557531135501375,-0.002207640868871958
1877,0.0,3885.5218047789417,0.0,0.0026271141843867882,0.5782572468289362,-0.0005645858899834563,0.5637489688996433,-0.0017147243752054077
1878,0.0,3885.3923708490465,0.0,0.0004848974071003585,0.5781245273319462,0.002640726774656723,0.5680616364293342,-0.00040808903024676857
1879,0.0,3887.5590695608316,0.0,0.0030621404132012936,0.6726884522915438,-0.00271078071578677,0.599449681187997,-0.001098896535908769
1880,0.0,3888.1605181328155,0.06435066278638103,0.001457545416469174,0.34091052387168796,-0.0007821377627957995,0.5218879339931043,-0.0010038689039748782
1881,0.0,3890.288094232692,0.011315067205307174,0.004729381868919001,0.39132243992134275,-0.0032459384455064246,0.48271828577157583,-0.001676489766434342
1882,0.0,3892.1958186229294,0.1955624868838702,0.004652264107801114,0.19863488525425407,-0.0028588752977528986,0.39749326561637927,-0.002031205425829909
1883,0.0,3894.2945633242557,0.00027748209736388606,0.0053861176838718465,0.5326324099411779,-0.0025414077283176656,0.43803500891381886,-0.002184266116576236
1884,0.0,3897.5492257209057,0.0030691947026178696,0.005293497270254721,0.6239099094885315,-0.004573696586258119,0.4937974790862326,-0.002901095257480801
1885,0.0,3898.849546665549,0.0,0.0023446557736322773,0.7785018445764555,-0.00031284579417799547,0.5792087887332995,-0.002124620418489959
1886,0.0,3904.009510051018,0.0274539565638989,0.007957411526508992,0.27061312635687435,-0.007639423642413907,0.48663009002037194,-0.0037790613856671434
1887,0.0,3906.2668026951433,0.03098392844811532,0.0040651537006027826,0.4078723981025507,-0.0023320858482643366,0.4630027824450256,-0.003344968724446301
1888,0.0,3906.644967489167,0.0,0.0004684827973349537,0.8400110341012351,0.003288052652705673,0.5761052579418884,-0.0013550623113007087
1889,0.0,3908.023137734956,0.0,0.001959593020635588,0.856683416325409,0.0006696153388763211,0.6602787054569446,-0.0007476590162475997
1890,0.0,3913.6963599260243,0.024439304363109423,0.010376537198110571,0.330512049650068,-0.010376537198110571,0.5613487087148816,-0.003636322470806491
1891,0.0,3909.6196901941403,0.0,1.271662727138175e-05,0.6925108777960839,0.009423386852966183,0.6006973594392423,0.00028159032632531136
1892,0.0,3913.6958537574246,0.01808066250605404,0.005276254755227357,0.453058081036097,-0.004715904446682266,0.5564055759182986,-0.0012176581055769616
1893,0.0,3913.3363549581572,0.028847668331700427,0.002495839372026403,0.27666916183472295,0.0005063683296172765,0.4724846516932259,-0.0007004501750186901
1894,0.0,3911.554931547529,0.04429120165461591,0.00042294047667512365,0.22885166557097475,0.005008878056077274,0.39939475585655054,0.0010123482943100992
1895,0.0,3911.855022133398,0.0,0.0009806481679647398,0.6785010160736004,6.226569948814079e-05,0.48312663392166544,0.0007273235158635116
1896,0.0,3913.3101539879917,0.0,0.00463008216722567,0.6470905909285039,-0.004116359316804606,0.5323158210237169,-0.0007257813339369237
1897,0.0,3914.1308255705435,0.0004553693345490983,0.0037884671153341704,0.5552699627981331,-0.002437120237093226,0.5392020635560417,-0.0012391830048838143
1898,0.0,3922.468574206433,0.189831173389083,0.016562654810048177,-0.04426777018155641,-0.016562654810048177,0.36416111343476226,-0.005836224546433124
1899,0.0,3925.3432696921495,0.0,0.004808702222174035,0.5347635101273637,-0.004454957275720525,0.41534183244254264,-0.005421844365219344
1900,0.0,3927.565239150717,0.0,0.00036889206626839854,0.5954420826747291,0.001676207712402764,0.4693719075121986,-0.0032924287419327115
1901,0.0,3931.577760820597,0.0,0.0029056599849964873,0.790732286759334,-0.0025744810675653582,0.5657800212863392,-0.0030770444396225056
1902,0.0,3938.7623859728255,0.013877359521680812,0.01142165110197022,0.296369046846234,-0.011410145609312762,0.4849567289543076,-0.005576974790529583
1903,0.0,3940.9037005956257,0.0009745752572769129,0.0023785925982608928,0.46367957448151237,-0.0010234435566204307,0.478573582612469,-0.004210915420356837
1904,0.0,3944.7157064793,0.004842569879360137,0.0031799517584755127,0.4583751688957359,-0.0019568753750054237,0.47251405849744904,-0.003534703406751413
1905,0.0,3945.9678902664073,0.0,0.0017481464332694224,0.582841717481454,0.0019249333150128925,0.5056123561926504,-0.001896812390222121
1906,0.0,3949.5835925170636,0.0,0.004798742969970508,0.5336825486172341,-0.0037716964572426215,0.5140334139200256,-0.002459277610328271
1907,0.0,3952.6890042341524,0.0,0.0054303024162846575,0.5964338783766621,-0.004391291603689802,0.5387535532570165,-0.0030388818083367302
1908,0.0,3952.238517001069,0.0,0.0009261768784699074,0.5724720282202667,0.0036268826550295646,0.5488690957459915,-0.0010391524693268415
1909,0.0,3955.9824340018204,0.034450158700394994,0.004822873508524521,0.3196497233007681,-0.004591027181659756,0.4801032840124244,-0.0021047148830267157
1910,0.0,3958.2448937835557,0.005646692492470538,0.003840698101016802,0.4853737346133009,-0.003543310936274043,0.48168441919268734,-0.002536293699000914
1911,0.0,3960.595736312307,0.0,0.003941031402720463,0.5816942569526234,-0.0025994983609543476,0.5116873705206681,-0.002555255097586944
1912,0.0,3965.8122279629333,0.09203520584377702,0.00811924937327873,0.13634238044355257,-0.00811924937327873,0.3990838734975335,-0.0042244533802944795
1913,0.0,3968.32975505755,0.014573891967594186,0.003497229752350713,0.4728129904235181,-0.002407105162952764,0.4212026085753288,-0.0036792489150919644
1914,0.0,3967.9395580148184,0.0,0.0016232872281729213,0.6322537190788315,0.005366684814958894,0.48451794172637963,-0.0009654687960767067
1915,0.0,3969.27871770003,0.04269535199497185,0.0011252939747889315,0.31476549399559367,0.001082862808867712,0.4335922074071438,-0.00035096931459338104
1916,0.0,3975.692677772654,0.019728102123021098,0.012345212275145876,0.5661543591658244,-0.012342096433945272,0.47336085293474794,-0.003948307450398948
1917,0.0,3978.2506737991393,0.0,0.005242511395030966,0.6125661032954122,-0.004799052542043117,0.5151224280429472,-0.004203530977892198
1918,0.0,3981.2136385975223,0.0,0.003117486849150504,0.6201592950552994,-0.0018848759450532265,0.5466334881466528,-0.0035079344680405064
1919,0.0,3988.4601501536476,0.05680730338722264,0.010573299889159076,0.24916422838481306,-0.01057205703712081,0.4573927102181009,-0.005627171238764597
1920,0.0,3989.469978083647,0.0014037060729057802,0.0023040620468853935,0.27596445167868516,0.0017847556849908488,0.4029642326562762,-0.0034035931616379633
1921,0.0,3992.7182820578428,0.0016789762830520377,0.002660824817462258,0.5290989549017296,-0.0007638468574586873,0.4408046493299122,-0.0026116692703841804
1922,0.0,3996.091327003659,0.02010542396662839,0.005065875768455318,0.38150388826398485,-0.0033729478741457946,0.423014421010134,-0.0028400528515126642
1923,0.0,3995.7129913701597,0.0,0.00018555886008904987,0.8079328547467916,0.0036270235952529676,0.5384899511311312,-0.0008999299174829748
1924,0.0,3996.831222444895,0.0,0.0014647972258123331,0.8361241875649384,0.0006662373945224387,0.6277802220612734,-0.0004300797238813508
1925,0.0,3999.8819445568397,0.02672990519409238,0.005875846268811627,0.16052571905853544,-0.005400324080678227,0.48760387116045195,-0.0019211530309204137
1926,0.0,4003.0543541130733,0.004718899843002758,0.0063302723314805995,0.2925960424667307,-0.0060811388201551025,0.4291015225523355,-0.00316914876769082
1927,0.0,4000.8165455845815,0.0038859559519819195,0.0007203401067442673,0.31548345593199273,0.006795350040220216,0.39501610256623265,-0.000179799125317509
1928,0.0,4003.013004479795,0.006775992701015071,0.0019492773622604323,0.386010908021498,-0.0012672677684621358,0.3923145442028122,-0.000506039718260897
1929,0.0,4004.3964848479577,0.0,0.0039610145542207644,0.8132917916687783,-0.0026738750232054276,0.518607718442602,-0.001156390309744256
1930,0.0,4004.6918556048254,0.0004158184079940271,0.0017311074984451887,0.5820082222444278,-4.0048107379465915e-05,0.5376278695831498,-0.0008214876490348189
1931,0.0,4001.1748566091724,0.0,0.0004315607953571955,0.7742338336003965,0.008565883132303232,0.6086096587883237,0.0019947235853665962
1932,0.0,4001.1144360384915,0.0,0.0015216162398251699,0.6335763895609376,0.0008984790072726689,0.6160996780201079,0.001665850211938418
1933,0.0,3997.650733876364,0.0,0.0001123559677549551,0.631973874859861,0.005068798677511827,0.6208619370720339,0.0026867347516104406
1934,0.0,3997.293261819474,0.0,0.0015336514527164481,0.49998122417073093,-0.0011024744668994043,0.5845977232016429,0.001549971986057487
1935,0.0,3996.916260173383,0.014353217432920954,0.004840917526728601,0.4932149585416037,-0.0020778441029909523,0.5571828938036312,0.0004616271593429552
1936,0.0,3993.171918407074,0.08564597040574938,0.0003676820119416183,0.3317207573709233,0.0061669233960278584,0.4895442528738188,0.002173216030348426
1937,0.0,3991.959855334665,0.0,0.001135646120725329,0.5257668948936524,0.0019537191086052455,0.5004110454797689,0.002107366953825472
1938,0.0,3989.2552346961643,0.0,0.0002754076890140553,0.8023222522454907,0.003283052675520866,0.5909844075094854,0.00246007267033409
1939,0.0,3985.707501228296,0.0,0.0,0.6654099550196333,0.005093434453226103,0.6133120717625298,0.003250081205201694
1940,0.0,3985.153324147318,0.09571746021187102,0.003302819553365792,0.10947953607089306,-0.0015434601631102748,0.4621623110550387,0.0018120187947081032
1941,0.0,3984.8732024266824,0.0,0.0035302487115784426,0.4261432538620118,-0.00287741512054018,0.45135659389713056,0.0004051886201336183
1942,0.0,3982.357898737935,0.0,0.0016961131820543555,0.6676086703642633,0.003335813581230485,0.5162322168372704,0.0012843761084626781
1943,0.0,3983.7134436125093,0.0,0.0036193086708949562,0.8121947696201525,-0.003299638972522371,0.6050209826721349,-9.082841583283663e-05
1944,0.0,3981.970600926392,0.0,0.0005771228356860459,0.8089939001619806,0.0022968150004223963,0.6662128579190886,0.0006254646090437333
1945,0.0,3985.2802378621345,0.0019802100197385,0.007426708515387366,0.36271116997087105,-0.006826525041681183,0.5751623515346233,-0.0016101322861737416
1946,0.0,3985.818438545952,0.0,0.003183148583772039,0.5954368251960597,-0.0017056882137836526,0.5812446936330542,-0.001638799064456715
1947,0.0,3988.441025940069,0.0,0.004619277874479802,0.6272440430250836,-0.0037182193119598386,0.595044498450663,-0.002262625138707652
1948,0.0,3991.973415509402,0.0,0.00564183594933609,0.6719971822714238,-0.005557786529855537,0.6181303035968913,-0.0032511735560520174
1949,0.0,3996.8509535204994,0.1296214162707329,0.007885807890939674,0.3293557719603528,-0.0076691707721295455,0.5314979441059297,-0.004576572720875275
1950,0.0,3997.065019011771,0.004070462204581278,0.0005932650555819612,0.4799598252762103,0.003131359877440726,0.5160365084570138,-0.002264192941380475
1951,0.0,3998.1935280787134,0.0,0.0018910452285701624,0.5712906836545916,0.0025105440673397045,0.5326127610162871,-0.0008317718387644209
1952,0.0,3996.859223976116,0.00629219875981577,0.0005167684809910436,0.4440342575360369,0.005172991687631065,0.506039209972212,0.0009696572191542249
1953,0.0,3997.0533424772707,0.0,0.0009459682337465647,0.6694721349351965,0.000421613070509124,0.5550690874611073,0.0008052439745606945
1954,0.0,3998.70555361825,0.029941459553719872,0.0047041735781270504,0.4175069076022382,-0.004485717979265983,0.5138004335034465,-0.0007820446115873087
1955,0.0,4000.9809716040736,0.0,0.0059658034805099075,0.581950840321267,-0.005546664751816984,0.5342455555487926,-0.002211430653656211
1956,0.0,4001.831609944632,0.039252422637645175,0.0018248679324083365,0.4154347583797611,-0.0008653904618568976,0.4986023163980831,-0.0018076185961164168
1957,0.0,4001.19483662538,0.0,0.00023524982867704876,0.7358954454370757,0.0037055021208382546,0.5697902551097809,-0.00015368238103001552
1958,0.0,4006.913323904799,0.09169240755226725,0.010024175695293331,0.08547324979337956,-0.010024175695293331,0.42449515351486045,-0.0031148303753090103
1959,0.0,4006.319577473841,0.04376493900868053,0.0018377342504910998,0.3213004676783172,0.0015268421437080193,0.39353674776389747,-0.0017223286196039011
1960,0.0,4006.803198073365,0.0,0.0016422040605308405,0.7582753594977644,0.0023088357510888877,0.5029583312840575,-0.0005129793083960643
1961,0.0,4010.580764617035,0.0,0.006133702077660168,0.5943035849101515,-0.006054463849375519,0.5303619073718857,-0.0021754246706899008
1962,0.0,4009.2103883550494,0.0,0.00023209810606277662,0.727071862524739,0.0034799466866617538,0.5893748939177417,-0.00047881326348440446
1963,0.0,4014.3145676403587,0.0,0.008352057230825589,0.6623007169434859,-0.008347688926447404,0.6112526408254649,-0.002839475962373304
1964,0.0,4013.9680012251088,0.0,0.0017926212600009163,0.8425335536598183,0.0013390886796665784,0.6806369146757709,-0.0015859065697613392
1965,0.0,4015.514918195415,0.0,0.002996463916145323,0.7107079366051108,-0.00019887678692485962,0.6896582212545728,-0.0011697976349103953
1966,0.0,4019.2840391645227,0.002098645849303127,0.006151972452879046,0.5568746340033847,-0.006151607774018859,0.6498231450792163,-0.0026643406766429347
1967,0.0,4018.5395903481713,0.011716681529180028,0.0011903194198154114,0.538865104688289,0.002880488431957832,0.6165357329619381,-0.0010008919440627046
1968,0.0,4023.2119937858824,0.0,0.007175314808673349,0.8153973470398858,-0.006917115126059961,0.6761942171853224,-0.0027757588986618816
1969,0.0,4024.189307241891,0.0,0.002929522666627031,0.7989055382678428,-0.0008778173041744777,0.7130076135100785,-0.0022063764203156602
1970,0.0,4026.6879227228214,0.0,0.0027508952244334663,0.5976384799037497,-0.002222101048318951,0.6783968734281798,-0.0022110938087166474
1971,0.0,4029.5368924430945,0.0,0.0036517478214985392,0.9015452517546055,-0.0035449159040440745,0.7453413869261074,-0.002611240437314875
1972,0.0,4028.4105434137946,0.0,0.0006002582494809912,0.5935662860678668,0.004758584880010008,0.6998088566686351,-0.0004002928421174101
1973,0.0,4027.4960400511536,0.004114066933069757,0.001020786661980386,0.47735622271010225,0.004641936329460264,0.6330730664810752,0.001112375909355892
1974,0.0,4027.5553480486733,0.0,0.002550314439998446,0.5629892297377602,0.00024706438614880593,0.6120479154580807,0.0008527824523937662
1975,0.0,4028.8328179165765,0.002973549704205414,0.003894925158969838,0.20130488727971715,-0.0038556530658937454,0.4888250070045716,-0.0005597482030924873
1976,0.0,4029.555645041158,0.0118891895572423,0.004481312772002969,0.4966824183308958,-0.002370882055659394,0.49118223040246883,-0.0011030883588625594
1977,0.0,4031.4484022024762,0.0,0.0037733720444673336,0.6453071873248405,-0.0033142110262382304,0.5374197174791803,-0.0017664251590752606
1978,0.0,4033.64740899676,0.0031882563792259727,0.0035170319792977686,0.7185969122946263,-0.0033586127326483257,0.591772875923814,-0.00224408143114718
1979,0.0,4037.457173625854,0.049633407578079755,0.007297693220709477,0.14900458058001637,-0.0060034800436113206,0.4589423873206747,-0.003371901014886422
1980,0.0,4036.7328093335163,0.0,0.000740425500988959,0.8651642858980745,0.003987172975435314,0.5808089568938946,-0.0011641788177899012
1981,0.0,4036.425951850986,0.0,0.0005843150986588356,0.7376422346701218,0.004200190763186553,0.6278589402267627,0.0004451320565030351
1982,0.0,4038.951386904542,0.007772734008722076,0.0050390381979440995,0.3370927269067031,-0.004067183928731556,0.5406290762307449,-0.0009085627390673422
1983,0.0,4045.7184261050306,0.040507051370140476,0.014523820779080905,0.395388717549569,-0.014523820779080905,0.49705696862639204,-0.0049931401510714115
1984,0.0,4046.4327433840426,0.011375001892948263,0.003029989771478418,0.5985326816232053,-0.00033369397178592384,0.527499682525436,-0.003595306297285765
1985,0.0,4047.8939304666706,0.0,0.0008104163375002397,0.6084781585056848,0.0023068523309447884,0.5517932253195106,-0.0018246587088165988
1986,0.0,4046.2531580512696,0.0,0.00014926441206107607,0.8276491063546569,0.007239414037958137,0.6345499896300544,0.000894563115215822
1987,0.0,4045.136489634561,0.0,0.0007514426938974949,0.5943658058466602,0.004189805226694092,0.622494734495036,0.0018831357486593031
1988,0.0,4043.2507998776023,0.0,0.000708134747205504,0.5985455438464031,0.00291821975911864,0.6153099773004461,0.0021936609517971043
1989,0.0,4039.837593593753,0.0,0.0004104680476830062,0.8586221559286925,0.005057844146841736,0.6883036308889201,0.003052915910310494
1990,0.0,4040.2630015558434,0.0009505027251388126,0.004101009961865934,0.470469589261168,-0.0032985349087397745,0.6229534184005944,0.0011474806645954134
1991,0.0,4033.577309306282,0.012407549753460466,0.0,0.43506313759422754,0.01070059308565393,0.5665863341586843,0.0040134143909129685
1992,0.0,4033.1138531766405,0.0,0.0023289413576280515,0.7019972281779809,-0.00039698435515572543,0.6072096023644733,0.00269029476709236
1993,0.0,4033.443548933257,0.0,0.005472536852022878,0.4597372984791213,-0.004979601765446429,0.5629679111988677,0.00038932580733072337
1994,0.0,4031.90525101946,0.0,0.0018826679378211384,0.6906043366948208,0.00038617502938306726,0.6012588388476536,0.0003883805739464265
1995,0.0,4032.529581128888,0.0,0.003087217062110278,0.741556285855841,-0.0017224179678591224,0.6433480729501099,-0.00024485898859523815
1996,0.0,4032.980023708828,0.0016789762830520377,0.0036806926947517866,0.49770718099600164,-0.00133278268154335,0.5996558053638774,-0.0005712360964796717
1997,0.0,4034.4513668357354,0.0,0.003770142643751794,0.8851361270470399,-0.0027864352305843544,0.6852999018688262,-0.0012357958367110765
1998,0.0,4032.4132628003063,0.0021710002492802017,0.0009920323758803536,0.45180969032662327,0.00489257916750728,0.6152528384061653,0.0006027166645544304
1999,0.0,4036.58961928835,0.0,0.007703465777664221,0.517907854027117,-0.007438568547874267,0.5860493430924507,-0.0018096688991741786
2000,0.0,4041.6507576674435,0.0026259286819561136,0.011251960607449372,0.48785829833542266,-0.011096465277890143,0.5565920296653423,-0.004595707812788968
2001,0.0,4046.395162645698,0.012841879678277376,0.007889559961525848,0.38358471816584067,-0.007807617442523218,0.5046898362154917,-0.005559280701709243
2002,0.0,4050.340282417967,0.0,0.0043571574097604655,0.6104392722312745,-0.0032001671913351186,0.5364146670202266,-0.004851546648597005
2003,0.0,4055.4626400311327,0.11293375862709013,0.0050241607593083095,0.2806816470746017,-0.004678513186122697,0.45969476103653906,-0.004799636609854712
2004,0.0,4057.110085570674,0.029443808919331564,0.0008032302199750421,0.35121836411360846,0.0018215010769881013,0.4271518419596599,-0.002813295303801868
2005,0.0,4065.4667659442716,0.035708467841486236,0.012292908672071053,0.347605335405976,-0.012292908672071053,0.4032878899935547,-0.005657179314282623
2006,0.0,4069.694690679645,0.09831476657533646,0.00582997170228857,0.04068677279000966,-0.005641944785807646,0.2945075548324912,-0.00565260895574013
2007,0.0,4073.728798080103,3.867622823394803e-05,0.00457463909087623,0.7743943797196243,-0.0022759699254190483,0.4384736022986311,-0.004639617246643806
2008,0.0,4077.30502441512,0.0,0.0027139696621932175,0.7058091729444563,-0.0013690198171137323,0.5186742734923786,-0.0036584380177847836
2009,0.0,4079.8805928448255,0.0,0.002371073467363821,0.459711908383621,-0.00038039801255701126,0.5009855639597514,-0.002675026016216452
2010,0.0,4083.411367524112,0.0,0.003493741018260903,0.5382057421111468,-0.003433448229312489,0.51215161740517,-0.002902552680145263
2011,0.0,4086.7441734944923,0.0,0.004219751778771672,0.6843156600339684,-0.004035920643060545,0.5638008301938096,-0.0032425630690198475
2012,0.0,4088.018140216304,0.009646533865087662,0.0034675963602086315,0.39874228408700796,0.0005045018325863444,0.514283266361769,-0.00211844359853799
2013,0.0,4086.0584873357234,0.0,0.0,0.7911232720425727,0.007548548514710313,0.5973352680660101,0.0007816540354365009
2014,0.0,4091.4925056881875,0.037386445640028416,0.009153368311421559,0.23195166486972432,-0.009146728403965394,0.48772018710712434,-0.0021968606963840673
2015,0.0,4094.37304179745,0.014353217432920954,0.006724680572841262,0.4954619810500248,-0.006723803985527858,0.4900427252899945,-0.003554943683127204
2016,0.0,4098.36950500606,0.0,0.006210603615474036,0.7032235146437955,-0.00588944580573905,0.5539969620961348,-0.004255294319910757
2017,0.0,4101.8883154927835,0.0,0.004515226967022131,0.8259639191764693,-0.003450484914086782,0.6355870492202351,-0.004013851498163565
2018,0.0,4104.982406874087,0.004209998497189186,0.0031233909086240785,0.602037648268621,-0.0018461816487194227,0.6255222289347508,-0.003363550543330322
2019,0.0,4112.395155781472,0.07055031235426529,0.01113138392908457,0.1511124476827262,-0.011121983640491558,0.4831992945591434,-0.005691080472478693
2020,0.0,4112.374611391612,0.0,0.0016156325568881921,0.5945265007052438,0.00378362764786122,0.5165974564029735,-0.002848668036376719
2021,0.0,4116.593883134117,0.1852521476874699,0.004165058691934926,0.1403701639046648,-0.002743246136537516,0.4037292686534809,-0.002817041466424958
2022,0.0,4119.45125812921,0.06903290926141237,0.004415605500105442,0.12298376957721298,-0.002868125307450071,0.3195056189306005,-0.0028323666187324917
2023,0.0,4124.96208958301,0.000691413120854776,0.00849256681227211,0.6347816008477564,-0.008428465392111353,0.4140884135057472,-0.00451119625074615
2024,0.0,4126.375891152157,0.0,0.001254272475715867,0.7143808705210707,0.00019292846923882199,0.5041761506103443,-0.0030999588347506582
2025,0.0,4128.419800503655,0.0,0.002695538229221566,0.719704057911226,0.0005701832303526399,0.5688345228006088,-0.0019989162152196684
2026,0.0,4129.60072046148,0.0,0.0023615839421138977,0.7456585670327316,0.0008521620496994697,0.6218817360702455,-0.0011435927357439269
2027,0.0,4129.2040576361,0.0,0.001377523962801417,0.7362418051282235,0.0029562349743848474,0.6561897567876389,8.63555772947054e-05
2028,0.0,4132.064107122124,0.010641294161180833,0.0051809401675724075,0.43066623141754096,-0.0047707921452049456,0.5885326991766096,-0.0013707887394551897
2029,0.0,4130.5752525210355,0.0013040290419116614,0.0008569483505165027,0.5080088225744452,0.0030689428900640046,0.5643755361959601,-3.886925059943137e-05
2030,0.0,4129.4868239724765,0.0028074797494800755,0.00015868402205328888,0.6338285202118067,0.003697083965205477,0.5852114314007141,0.0010819167141420411
2031,0.0,4129.686486982799,0.0004553693345490983,0.0024427626198518875,0.535922769060837,-0.0004205556652204458,0.5704248326987509,0.0006311750003332949
2032,0.0,4127.178606051091,0.0,0.0005235705867578949,0.8697015920880997,0.004071456405481189,0.6602078605155555,0.0016632594218776628
2033,0.0,4127.693885219737,0.014665631957890205,0.004983442901515332,0.44010753727827423,-0.0018002747026048492,0.594177763544371,0.0006241991845329091
2034,0.0,4124.4902999693,0.0,0.0010184200317780027,0.6736666408958099,0.004915565741264977,0.6180244267498026,0.0019116091515525293
2035,0.0,4126.987798493199,0.06232214716873805,0.006338754664134265,0.19712624975867923,-0.005932979789991224,0.49175497365246557,-0.00044176753091059676
2036,0.0,4128.4465918141195,0.03718488144983986,0.005349465136818868,0.3339882924468382,-0.005012005304331842,0.44442496929077735,-0.0018128388629369704
2037,0.0,4127.707594895538,0.01071273846537142,0.0014472211238855813,0.5365464066923841,0.0020752863776992508,0.47206140051125933,-0.0006464012907461041
2038,0.0,4128.06474712912,0.0004553693345490983,0.0009257365118015239,0.6677152246717951,0.0011712400493777704,0.53075754775942,-0.0001011088887089417
2039,0.0,4122.749139360799,0.0,0.00016257252489223725,0.6206279176348967,0.01175173039889154,0.5577186587220629,0.0034547428975712025
2040,0.0,4122.553201775331,0.028112625290203294,0.0027603061584796683,0.35621674328080166,0.00036957744139984154,0.49726808408968454,0.0025291932607197937
2041,0.0,4119.975304023142,0.0,0.0008956904256280427,0.6879077937256002,0.0016665467462283862,0.5544599969804592,0.0022703993063723713
2042,0.0,4116.354612749008,0.014474252698436756,0.0003124461788663862,0.48550907383056147,0.004813930536761062,0.5337747200354899,0.0030334586754889783
2043,0.0,4113.598866808569,0.0,0.0009982448643790468,0.827632048208364,0.003249743986967494,0.6219319184873521,0.0030983442689325328
2044,0.0,4114.1940807252595,0.0,0.004690431022564333,0.5664680597350451,-0.004528979457944663,0.60529276086166,0.0008101471508693738
2045,0.0,4112.773383808694,0.0,0.00237413361616069,0.725260657649147,-0.0003014128352454424,0.641283129897906,0.000476679155034929
2046,0.0,4111.441127495586,0.0,0.001000773352798001,0.5706818496908866,0.0019117690720255646,0.6201027458358002,0.0009072061301321197
2047,0.0,4111.675138100177,0.0,0.0020651435161712114,0.6920175993299086,-0.0010218631348147078,0.6416772018840327,0.0003284853506480714
2048,0.0,4107.668712824708,0.0,0.00015800618464492143,0.8333634425225642,0.007388026048728345,0.6991830740755921,0.0024463475600721533
2049,0.0,4107.804283720806,0.022718330265646926,0.003171871420198419,0.3741917503349653,-0.0007265427554643737,0.601685676953404,0.0014944804654111951
2050,0.0,4108.680153124262,0.00026730066581259277,0.0048833981775314676,0.7210448799713837,-0.004435276651668966,0.637493437858798,-0.00028444666971285336
2051,0.0,4107.111840595508,0.0,0.0026965669422347456,0.6233625580977771,0.0017224192280058778,0.6332541739304917,0.000317613099602766
2052,0.0,4108.308938661621,0.0,0.0039992295680559885,0.5938613096718117,-0.0022108895692687417,0.6214363146528876,-0.0004409377010586863
2053,0.0,4108.046074082197,0.0,0.0021234513909241396,0.5985720505388311,0.00023515996592496786,0.6145770354186706,-0.00023810840096359003
2054,0.0,4107.826025799758,0.0,0.002313619975707057,0.8933406894008219,0.0009276652103913516,0.6982061316133159,0.00011162368244289249
2055,0.0,4108.795098269491,0.0,0.0022665658694472923,0.5924329026059113,-0.001775522381041977,0.6664741629110944,-0.0004545201366025683
2056,0.0,4106.7817725248115,0.007664899500211577,0.0007470739721048063,0.5617394858103141,0.0040970923045640616,0.6350537597808603,0.0009109635957474206
2057,0.0,4105.38277825319,0.0,0.00013289007034089035,0.795327406152037,0.0033500730583498036,0.6831358536922132,0.0016426964345281354
2058,0.0,4109.664611898855,0.09578550752755147,0.009954288861222715,0.09351251258258363,-0.009937852858809668,0.5062488513593243,-0.0018314683534732057
2059,0.0,4107.872678832231,0.0,0.0007079036657921278,0.9175416932911221,0.0020983629508937443,0.6296367039388636,-0.0006525189621631207
2060,0.0,4111.366407744458,0.016398826137734267,0.005376334472388206,0.48599214291578213,-0.005343634075517317,0.5865433356319392,-0.0020598534961693794
2061,0.0,4116.338347775243,0.038758352635222856,0.009631761183690754,0.38988294476915486,-0.009592673916207566,0.5275452183731039,-0.004319699622180835
2062,0.0,4117.177011279906,0.0,0.002106610832596192,0.7166964228885238,0.0005784525747205705,0.5842905797277298,-0.002850253963110413
2063,0.0,4120.277065384281,0.006228879111038447,0.0021834855088674124,0.589771882310858,-0.0018399983625462875,0.5859349705026682,-0.002547177282941175
2064,0.0,4121.9187689859,0.0,0.0026469324059699433,0.6492691037883712,-0.0003450689050112117,0.6049352104883791,-0.0018865447695621859
2065,0.0,4124.265680196457,0.000946655044473421,0.003018143680332883,0.5750170711034266,-0.0021574826535316477,0.5959597686728932,-0.0019678261347530245
2066,0.0,4127.417755453434,0.0023803767772270687,0.005397650883813767,0.4840653128046981,-0.004519679894792201,0.5623914319124347,-0.0027333822627647773
2067,0.0,4130.234355689958,0.00017090711384974843,0.003911506074775709,0.4420643749723089,-0.0037042073414408545,0.5262933148303969,-0.0030246297863676004
2068,0.0,4130.10086623023,0.0,0.0012954962310934653,0.6651385232043998,0.0032514024725795974,0.5679468773425977,-0.0011418201086834411
2069,0.0,4129.3694956228965,0.008602303341755406,0.0009274674519102167,0.6660429253217076,0.004721920630603923,0.5973756917363306,0.0006173021131027682
2070,0.0,4134.1424680181,0.0038582018594326096,0.008780017464839788,0.3819189007463698,-0.008780017464839788,0.5327386544393423,-0.0022018937602799986
2071,0.0,4135.387227528509,0.0013040290419116614,0.004864146165148586,0.4918715776305232,-0.0031445264411563228,0.5204785313966965,-0.0024846835645428956
2072,0.0,4143.5366540698315,0.1117466628346696,0.01458080414560679,0.09798441387042271,-0.01458080414560679,0.3937302961388144,-0.006113519738862063
2073,0.0,4144.629076699625,0.0,0.0014484425828320611,0.6663200374155083,0.0005670615567803806,0.47550721852182254,-0.00410934535016933
2074,0.0,4148.3809206403785,0.003618655286169327,0.0031838256734377643,0.6099546032982827,-0.001276869092332053,0.5158414339547606,-0.0032596024728181465
2075,0.0,4152.019738664657,0.004947654755686734,0.004758587797698191,0.49249427268744034,-0.003164486041118686,0.5088372855745644,-0.0032310675433083083
2076,0.0,4154.949208713233,0.0,0.004081630077482126,0.8030905035092111,-0.00257301554437641,0.5971132509549584,-0.0030336519436287386
2077,0.0,4158.6778607952865,0.08654273225120784,0.0051570961962645965,0.21093428788347227,-0.004275927649014858,0.4812595620335125,-0.0034063346552445743
2078,0.0,4163.130261681247,0.00026730066581259277,0.006551176493346785,0.6863917773559084,-0.005973850460503081,0.5427992266302313,-0.004176589396822126
2079,0.0,4167.1619682815235,0.0043793972226267835,0.00467730549140145,0.47155523256138454,-0.004677098926493247,0.5214260284095772,-0.004326742255723462
2080,0.0,4169.622557370285,0.0,0.0028317771165121616,0.6445221738671296,-0.0005953323859100015,0.5583548720468429,-0.0032073192947794237
2081,0.0,4174.8801909666245,0.002098645849303127,0.006349333023031235,0.6440523706956534,-0.006312741838713846,0.584064121641486,-0.00413894605795975
2082,0.0,4177.987984350663,0.015940585824428217,0.005404925792344811,0.2829811026729927,-0.0029611558656032844,0.493739215950938,-0.00378560900025281
2083,0.0,4183.782361333225,0.0025622923163736372,0.00760831546226893,0.5938741634877495,-0.00760248286161759,0.5237797002119814,-0.004930671158662244
2084,0.0,4188.735371565047,0.0,0.006280770373373201,0.6359374615770523,-0.0061699839760896436,0.5574270286215026,-0.005302465003890464
2085,0.0,4194.2895374827485,0.004209998497189186,0.006232682644718202,0.41138053471811736,-0.006214127163110093,0.513613080450487,-0.005575963651656352
2086,0.0,4194.3792899250175,0.02420708097177005,0.0007481032655271446,0.5007656414367375,0.005568748609812268,0.5097588487463621,-0.0022325499732157657
2087,0.0,4196.534671596423,0.0,0.0018842668804053937,0.6275505179515752,0.0014109399039293935,0.545096349507926,-0.0011395030100722178
2088,0.0,4199.348552918223,0.0,0.0035401925794070963,0.7989882223323201,-0.0034892005728963758,0.6212639113552442,-0.0018444122789194651
2089,0.0,4201.865589108344,0.004842569879360137,0.004457632454220624,0.5903422140359171,-0.003979992582303169,0.611987402159446,-0.002485086369934576
2090,0.0,4207.26281247297,0.003618655286169327,0.009219407287018495,0.46654141222468487,-0.009219407287018495,0.5683536051790177,-0.004505382645059752
2091,0.0,4207.644518841237,0.0,0.0013403664903325857,0.6787138048914572,0.001981134311671897,0.6014616650927495,-0.002559427558040257
2092,0.0,4211.905173653094,0.0,0.004279157894150479,0.5969271458963478,-0.00407661445451233,0.6001013093338289,-0.003014583626981879
2093,0.0,4210.903792067186,0.0,0.00010413542580268851,0.7242383263907818,0.0048778896613905975,0.6373424144509147,-0.0006468416404701359
2094,0.0,4215.001779557738,0.0,0.005580164278749609,0.8071927846861038,-0.0053703309255225505,0.6882975255214714,-0.00206388842598586
2095,0.0,4216.589989990675,0.06474902762346724,0.003614577228413123,0.21941723869754312,-0.0025489830087143716,0.5476334394742929,-0.0022094168008044137
2096,0.0,4217.426033087133,0.0,0.0031592681867940796,0.848215596455018,0.0005001863594834354,0.6378080865685103,-0.0013965358527180589
2097,0.0,4218.066629137377,0.0,0.0007589928275306777,0.8071377004702011,0.0010250897233586044,0.6886069707390174,-0.0006700481798950598
2098,0.0,4216.195097426577,0.01373045628354916,0.000513713109587951,0.5686081652536361,0.00538166791824279,0.652607329093403,0.0011454666495462952
2099,0.0,4216.108034358734,0.025296204049327618,0.001886910024171436,0.4006886973261494,0.000831620468334744,0.577031739563227,0.0010513127951828297
2100,0.0,4214.909954159418,0.0,0.0011071765139132593,0.9081872746534548,0.0012590012888313625,0.6763784000902953,0.0011136193432773895
2101,0.0,4216.254629115224,0.0,0.005331986802243883,0.48874203576302727,-0.003942924458882565,0.6200874907921148,-0.000403343797370597
2102,0.0,4214.99122617201,3.867622823394803e-05,0.0018419825823586934,0.6178713954294092,0.0014888753073381885,0.6194226621833031,0.00016432193404203863
2103,0.0,4215.236332927898,0.0,0.0009500094234134219,0.7545779808610305,-9.73360330911144e-05,0.6599692577866213,8.582454390209271e-05
2104,0.0,4216.466916089581,0.0,0.0032105167359377782,0.8071927846861038,-0.0027384596241280426,0.704136315856466,-0.0007614607065069478
2105,0.0,4217.796518654913,0.03556222087178682,0.004063361914322147,0.46949387011730626,-0.002827678381568495,0.633743582134718,-0.001381326009025412
2106,0.0,4219.422653275468,0.0,0.003355203561185746,0.7379886060105747,-0.0025370369731698757,0.6650170892974749,-0.001728039298268751
2107,0.0,4217.495588798164,0.000691413120854776,0.0011176921121874965,0.695991516372907,0.005525600557880888,0.6743094174201045,0.00044805265857614067
2108,0.0,4216.403230574087,0.0,0.0016597086483285722,0.6653293858439551,0.00405711837508368,0.6716154079472597,0.0015307723735284023
2109,0.0,4210.963914940454,0.0,2.4988846914419873e-05,0.7824303914221145,0.010801403868486381,0.704859902989716,0.004311961822015795
2110,0.0,4211.276231054547,0.0,0.003329633170666545,0.4543669690469792,-0.0024248782027040013,0.629712022806895,0.002290909814599856
2111,0.0,4209.849527083517,0.11017122700553632,0.002599150580114647,-0.021994621694126,-0.0016147815338973053,0.43420002945658864,0.0011192024100507077
2112,0.0,4207.583792701099,0.0,0.0005949680350850365,0.5279432171501929,0.0022872821394109588,0.4623229857646699,0.001469626328858783
2113,0.0,4212.583147806358,0.0,0.011642393410127806,0.6849275365705964,-0.011642393410127806,0.5291043510064478,-0.0024639795928371937
2114,0.0,4214.792799855939,0.0,0.006057169266771948,0.6013348362739813,-0.00603163671281939,0.5507734965867078,-0.0035342767288318523
2115,0.0,4214.313578403847,0.001876944118094673,0.0007099897931633313,0.5086107205018522,0.003712284964764794,0.5381246637612511,-0.0013603082207528584
2116,0.0,4217.722322676349,0.0,0.0038401506382972823,0.6522800816509506,-0.003363332799314943,0.5723712891281609,-0.0019612155943214836
2117,0.0,4217.685862675183,0.0,0.0015744387581531417,0.6887664319906094,0.001574663382142178,0.6072898319868955,-0.0009004519013823851
2118,0.0,4218.754355365759,0.007394345130327738,0.0029256226941786964,0.5358366297426755,-0.00014557469872439455,0.5858538713136294,-0.0006739887405849879
2119,0.0,4219.497751507552,3.867622823394803e-05,0.002516567997365735,0.5831412609207818,-0.0005826883672705094,0.5850400881957751,-0.0006465986285906443
2120,0.0,4221.371097671025,0.0,0.004123662410186067,0.6419555985462634,-0.0031737912929372773,0.6021147413009216,-0.0014047564278946343
2121,0.0,4225.178990913237,0.0,0.007942149289353042,0.6262116500225354,-0.007201039165328737,0.6093438139174057,-0.003143641249124865
2122,0.0,4226.479082587071,0.07519959835437617,0.002688211357920381,0.2948219914773894,-0.0011142513227181245,0.5149872671854008,-0.0025348242712028425
2123,0.0,4231.50624818657,0.023951048698056168,0.007188753236905885,0.4817091953129739,-0.00709301768648661,0.5050038456236727,-0.003902282295787972
2124,0.0,4235.39347573685,0.004731341594859425,0.005452097250828276,0.47669771158193136,-0.005295353684920564,0.4965120054111503,-0.004320203712527749
2125,0.0,4235.830967699812,0.019899877997575942,0.0015649523957823046,0.4082213856391874,0.0033334442899616264,0.47002481947956143,-0.0020241093117809366
2126,0.0,4241.1754155869885,0.0,0.006834242915032945,0.5141174929409968,-0.00654971634307689,0.4832526215179921,-0.0033817914211697227
2127,0.0,4244.203756317413,0.030608220782300646,0.004698931493130088,0.35110346602564585,-0.0040596880127299895,0.4436078748702882,-0.0035851603986378025
2128,0.0,4246.603126530692,0.0,0.0024880410482211366,0.719406827868761,-0.0013266068640030767,0.52634756076983,-0.002907594338247385
2129,0.0,4250.899593435224,0.0,0.00511027218036827,0.5573769473135434,-0.005095280871766254,0.535656376732944,-0.0035639002983030455
2130,0.0,4256.374027251376,0.0,0.008255313849976234,0.6814311551855503,-0.008227830502212166,0.5793888102687259,-0.004963079359475781
2131,0.0,4263.491239096892,0.0,0.010908333560782137,0.5862952831969434,-0.010908333560782137,0.5814607521471911,-0.006746655619867687
2132,0.0,4267.972776738876,0.0,0.005030970664261032,0.513598473742329,-0.00388555177051746,0.5611020686257324,-0.005888324465062618
2133,0.0,4269.544402246043,0.01621256337671675,0.0007928381596846735,0.5405337474886069,0.003998893316807214,0.5549315722845948,-0.002922159130501668
2134,0.0,4271.71053087511,0.0,0.0009025902398895763,0.4841197654594557,0.0017426599709903466,0.533688030237053,-0.0015227134000540634
2135,0.0,4273.4138283900675,0.0,0.003924445859233685,0.6241793653407721,-0.00044117433688718917,0.5608354307681687,-0.001198251681104001
2136,0.0,4274.139790410673,0.00026730066581259277,0.003308161138224176,0.7145186604441778,0.00012366606883928614,0.6069403996709714,-0.0008016763561210147
2137,0.0,4276.3993582137255,0.07065376554064608,0.00461729777412873,0.22028129272263483,-0.0034258509070361712,0.49094266758647037,-0.0015889287213955616
2138,0.0,4278.272372631526,0.0,0.003476681370672874,0.6513060999642293,-0.0030008284694003962,0.539051697299798,-0.002012498645797012
2139,0.0,4278.668154688959,0.0,0.0030566947545458394,0.6449191531693858,0.000914442242042513,0.5708119340606742,-0.0011344163794451544
2140,0.0,4281.669354515496,0.0023136850207271143,0.004482368911405289,0.45845381577515554,-0.0041088795334379416,0.5371044985750186,-0.0020267553256429903
2141,0.0,4284.5696785523105,0.0009745752572769129,0.0060266609184892175,0.5894572043558731,-0.004776209876204493,0.552810310309275,-0.0028515916908114407
2142,0.0,4282.970335474438,0.0,0.0006402207658695418,0.6461124011944515,0.005561984530227258,0.5808009375748279,-0.000327518824499831
2143,0.0,4281.562020049189,0.004453388023976146,0.000796380617665062,0.4906322797268039,0.005918045098219801,0.5537503402204207,0.0015461503523160583
2144,0.0,4281.770547722296,0.002098645849303127,0.0019854484957073587,0.45598358515857007,-0.0001576901414653167,0.5244203137018655,0.0010349982041816458
2145,0.0,4282.989603580779,0.0184947515298792,0.004993226138463053,0.4096168397557272,-0.004193397914008539,0.489979271518024,-0.0005335206312754094
2146,0.0,4283.461405627567,0.0,0.003530542725310382,0.5835707470626682,-0.0020388140338609105,0.5180567141814173,-0.0009851086520510596
2147,0.0,4280.4157869914425,0.0,0.00043570660312893065,0.6120062887900876,0.006941835676671503,0.5462415865640183,0.0013929746465657091
2148,0.0,4281.252114955595,0.0,0.0022233220649962803,0.6057324073995323,-0.0007742356897028695,0.5640888328146725,0.0007428115456851355
2149,0.0,4280.991142635213,0.00047541470195789373,0.0025058095498541513,0.4511906276087754,-0.000938273403780009,0.5302193712529033,0.00023848606084559218
2150,0.0,4278.3130284300805,0.0,0.0001406373100382757,0.7755377058683802,0.004795705648066259,0.6038148716375463,0.001605651937011792
2151,0.0,4273.868576655164,0.0,7.813083080577769e-05,0.6727148222737216,0.008943949386989617,0.6244848568283989,0.0038071411720051393
2152,0.0,4274.709301364137,0.0,0.004435609875401933,0.6129286304474874,-0.0035826947935828747,0.6210179889141254,0.001590190382328735
2153,0.0,4276.7385579099355,0.0862187292714564,0.008260268349527417,0.15352949326891802,-0.00825964779051449,0.4807714402205632,-0.0013647610695242324
2154,0.0,4276.219972014581,0.007772734008722076,0.0023680794850614484,0.509470109434528,-0.0005191959883728808,0.4893810409847526,-0.0011110915451788268
2155,0.0,4276.013085741286,0.0,0.001399651013011018,0.6814794669131236,0.0018989346645002284,0.5470105687632638,-0.0002080836822751103
2156,0.0,4281.277718962086,0.08449528332090268,0.009801928697009705,0.09923680863172163,-0.009801928697009705,0.4126784407238011,-0.0030862371866954884
2157,0.0,4281.711506883713,0.00699979293684787,0.003102344052363461,0.3943932823957937,-0.0005583777849081677,0.40719289322539887,-0.0023278793661592923
2158,0.0,4287.512639724442,0.00776639176269222,0.008773868041789885,0.33989991068986125,-0.008773868041789885,0.38700499846473757,-0.00426167596884847
2159,0.0,4287.17662048546,0.0,0.0007287647523414869,0.6735707070517053,0.0033024842529989595,0.4729747110408279,-0.001992427902294241
2160,0.0,4292.7906564718205,0.0013786423992640155,0.007230856777626952,0.501398835720534,-0.0071736446747703575,0.4815019484447397,-0.0035467929340370755
2161,0.0,4293.32754432278,0.0,0.0029667236074157883,0.6737750488464676,0.0011047124143095804,0.5391838785652581,-0.002151341329533079
2162,0.0,4294.668419887961,0.0,0.0022156334589369677,0.8621533818010204,0.000990724434224795,0.6360747295359868,-0.0012087216004057167
2163,0.0,4301.052478019875,0.0,0.01100877715653859,0.6711591427963381,-0.01100877715653859,0.6466000535140921,-0.004148738267245579
2164,0.0,4302.438314871325,0.0,0.00314005187645248,0.6287377894793137,-0.0014552110122970556,0.6412413743036586,-0.0033406800907610215
2165,0.0,4303.17428807791,0.0,0.0013494057302207868,0.5718843193772721,0.002927519851777225,0.6204342578257427,-0.0014602201079995476
2166,0.0,4304.328313464353,0.0,0.0008812271907224806,0.6022711078993828,0.001136498043952584,0.6149853128478346,-0.0006812046624139082
2167,0.0,4306.725179911451,0.0,0.00360641764146523,0.5016474588590273,-0.0034440256246879015,0.5809839566511924,-0.0015100509510961061
2168,0.0,4309.232844204968,0.0,0.004610186488996635,0.4360906540302139,-0.004451793631851181,0.5375159658648988,-0.0023925737553226285
2169,0.0,4310.763183275155,0.0,0.002566490809882457,0.9266827385533632,-0.0015155460823582378,0.6542659976714381,-0.0021294654534333114
2170,0.0,4313.339988545279,0.0,0.003017678373396527,0.6146092330788855,-0.002787352257071233,0.6423689682936723,-0.002326831494524688
2171,0.0,4313.813080282684,0.002098645849303127,0.003009438060327069,0.5695530055261748,0.0013295367066714931,0.620524179463423,-0.0012299210341658335
2172,0.0,4316.117446340621,0.0026471329285377007,0.0032908193196602487,0.3598278396448566,-0.002325733104149731,0.542315277517853,-0.0015586646551610027
2173,0.0,4315.864855413946,0.0,0.001477644768536895,0.6790416695688554,0.00187234320179301,0.5833331951331537,-0.0005293622980747988
2174,0.0,4315.843191135096,0.0,0.0025620860379148526,0.7678422094072789,0.0016907996924825756,0.6386858994153912,0.0001366862990924135
2175,0.0,4318.939427840662,0.0,0.006465017155739107,0.5671947591978749,-0.005904769338561689,0.6172385573501362,-0.001675750392203817
2176,0.0,4316.176774712288,0.0,0.0006858777959131249,0.6887372117344467,0.005682968722231955,0.6386881536654293,0.0005318653421269145
2177,0.0,4315.526218854449,0.0,0.001257795281504334,0.40241084029856616,0.003078736973119971,0.5678049596553703,0.0012959268314248315
2178,0.0,4316.497932470454,0.0,0.003142259641889227,0.6244453194914749,-0.0026324267160342204,0.5847970676062016,0.00011742076718711583
2179,0.0,4317.43557950258,0.10191207881966158,0.0037535024447900734,0.1647799474392369,-0.003308247631630793,0.4587919315561122,-0.0009102797524582568
2180,0.0,4319.363250737032,0.0,0.004350116216229544,0.6787048944649025,-0.004100366714575192,0.5247658204287492,-0.0018673058410933374
2181,0.0,4319.495604932371,0.13758957017646822,0.0029219423940139424,0.1738049253064828,0.0007502745785655356,0.41947755189206926,-0.0010820317151956755
2182,0.0,4320.178271357047,0.0,0.0032944821911545393,0.5999801873893569,0.0005679731878640714,0.4736283425412555,-0.0005870302442777513
2183,0.0,4321.211532813293,0.0,0.0030681781580481965,0.7342042494175678,-0.0010010520703387716,0.5518011146041492,-0.0007112367920960574
2184,0.0,4317.755146652001,0.0,0.0002554841176814478,0.6644785047952559,0.007841929206817777,0.5856043316614812,0.0018547130075780931
2185,0.0,4321.249753481314,0.0016789762830520377,0.006659973714477373,0.46445100637486214,-0.0066168389446174935,0.5492583340754955,-0.0006867525780805829
2186,0.0,4321.510647602826,0.010373993495368241,0.0038263123701637427,0.3027778188686484,-0.0024469074452897915,0.47531417951344135,-0.0012147990382433455
2187,0.0,4321.34545348397,0.03833938530182677,0.0032834851607639946,0.29439659452483263,0.0011101383097112199,0.42103890401685873,-0.0005173178338569759
2188,0.0,4319.320426111295,0.0013928430084692324,0.00019875856023005877,0.5071761990827651,0.005505777600988464,0.44688009253663064,0.0012896107965966559
2189,0.0,4323.7229693896315,0.011315067205307174,0.008727260835414379,0.5461065766237482,-0.008686826202790278,0.4766480377627659,-0.0017033203032194243
2190,0.0,4326.813804925209,0.030062900502513472,0.007920303202756789,0.21312091383881937,-0.007711613599608577,0.3975899005855819,-0.00350580829213617
2191,0.0,4328.828484684648,0.0009745752572769129,0.004253799790048246,0.49511682846430044,-0.002276882170805437,0.42684797894919746,-0.00313713045573695
2192,0.0,4331.68482401711,0.0,0.0031854871174293534,0.40048044019924367,-0.0021681095359980247,0.4189377173242113,-0.0028464241798152722
2193,0.0,4331.288796340867,0.0,0.0005439341747284452,0.734169719591321,0.0042115028910602705,0.5135073180043442,-0.0007290460585526093
2194,0.0,4335.911727208911,0.0,0.006635703868677554,0.5356188767799623,-0.006635703868677554,0.5201407856370297,-0.0025010434015900924
2195,0.0,4336.52386116754,0.0,0.001654307055354421,0.6228659332642857,-0.00041164596108642993,0.5509583299252065,-0.0018742241694389935
2196,0.0,4335.364258645387,0.0,0.0010989642619521876,0.447923047521905,0.005099184804868652,0.520047745204216,0.0002177985228533001
2197,0.0,4335.892205069364,0.0016789762830520377,0.0018467331846327391,0.5831316528062697,0.000843353521430521,0.5389729174848321,0.0004054650224264663
2198,0.0,4336.575249744527,0.08673693606148458,0.0027011635212742086,0.22749183278477314,-0.0016667775771666883,0.44552859207481443,-0.00021620775745148012
2199,0.0,4338.807028553555,0.0002375016610294935,0.00513699276163767,0.5105733551359068,-0.0050628899272748005,0.46504202099314207,-0.001670212408398476
2200,0.0,4340.241282388903,0.005774043014867128,0.004349317467444239,0.3158802637529082,-0.0026932202259437967,0.42029349382107184,-0.0019771147536620723
2201,0.0,4341.114797148314,0.013343837357240934,0.0023253842484489,0.30168366171991784,2.3619580416507336e-06,0.3847105441907256,-0.0013832717401509552
2202,0.0,4339.062592048893,0.0,0.0010409530777865407,0.5552121123653051,0.006392558148033085,0.43586101464309945,0.0009494772263042568
2203,0.0,4338.335755455473,0.0,0.001490154891002384,0.6683664199666766,0.0029155894145190438,0.5056126362401726,0.001539310882768693
2204,0.0,4337.0103946188,0.0010580855756857905,0.0022714691915084236,0.6440024501227788,0.0017079916788885323,0.5471295804049544,0.0015899151216046447
2205,0.0,4336.309196585586,0.005741687778655667,0.001486333475014821,0.3137797875563628,-0.00020886606375507757,0.4771246425503769,0.001050280765996728
2206,0.0,4332.495100065317,0.00037707039226253926,8.507215172940884e-05,0.5846249968960544,0.006246111133638399,0.5093747488540801,0.0026090298762892292
2207,0.0,4331.14471568109,0.0,0.002146046076005876,0.6253971074204898,0.001610548757712722,0.544181456424003,0.002309485540716277
2208,0.0,4329.33349971485,0.0,0.001999595973512828,0.787920680219833,0.0009593985776710581,0.6173032235627519,0.0019044594518027112
2209,0.0,4327.438682508194,0.0,0.0014791887824568614,0.6666835948308559,0.0014624692651293127,0.6321173349431831,0.0017718623958006914
2210,0.0,4330.653550962226,0.027565460397080993,0.008755282141355887,0.33901544726784844,-0.008755282141355887,0.5441867686405827,-0.0013862809653462818
2211,0.0,4329.33720718621,0.0,0.00346004656482799,0.5158633406533751,0.0009544545779645779,0.5356897402444204,-0.0006840603023530238
2212,0.0,4330.452891024226,0.0,0.001974152024682734,0.8804114830325381,-0.0008517961443659156,0.6391062630808557,-0.0007343810549568913
2213,0.0,4329.123038477215,0.0,0.00026410434028512845,0.5303856491454764,0.003513688165181669,0.6064900789002419,0.0005400397110846769
2214,0.0,4328.6546967070335,0.0,0.0020560913851542274,0.6626054370687647,0.0017181906321629265,0.6233246863507986,0.0008934849874081517
2215,0.0,4330.579798891253,0.006617703596838584,0.005020092916968623,0.5234688740652758,-0.004610399457311625,0.5933679426651417,-0.0007576803460077813
2216,0.0,4326.007162716635,0.0,0.000264234487879953,0.7635852302719743,0.008627181849652256,0.6444331289471915,0.00205777831269023
2217,0.0,4324.679075505821,0.0030135705781955792,0.00035627879227787446,0.47158448598100605,0.0034703579532587357,0.5925785360573359,0.0024815522048607817
2218,0.0,4323.529823195179,0.014575117435255835,0.002806628636954105,0.49327204617588927,0.00014735856291731074,0.5627865890929019,0.0017812941122777402
2219,0.0,4321.358946946845,0.0,0.0031618397716682988,0.487892510386771,0.0018634880492872212,0.5403183654810626,0.0018059522933805846
2220,0.0,4318.695265556883,0.0,0.000523228601930337,0.6500366093617526,0.0036185735165733643,0.5732338386452696,0.002349738660338418
2221,0.0,4317.218339935784,0.0,0.0008722396012275814,0.8714174137081527,0.0010978222941706631,0.6626889111641345,0.0019741637504880915
2222,0.0,4316.601396353847,0.00026730066581259277,0.0036007566854646257,0.6632969560763717,-0.001244602131755985,0.6628713246378056,0.0010085339858148686
2223,0.0,4312.993263315097,0.03337216810840156,0.0012039588233249225,0.4319836944948715,0.0054185010078961595,0.5936050355949254,0.0023315240924392557
2224,0.0,4310.310115354186,0.0,0.001636023451377753,0.9097498141083893,0.0044421885128227145,0.6884484691489645,0.0029647234185542935
2225,0.0,4308.919797245584,0.08316217509032676,0.0019398007919336961,0.2592740462467415,0.0003442949875229585,0.5596961422782976,0.002178594889244893
2226,0.0,4307.562960903167,0.0,0.0014023989509312185,0.8119937206632677,-0.00035228596801050046,0.6353854157937886,0.0014193306320682748
2227,0.0,4306.758047118599,0.0,0.001987849832407595,0.6446646838477121,-0.0006516047347843873,0.6381691962099656,0.0007980500220124762
2228,0.0,4308.021961133283,0.05011082666049604,0.007020836997197356,0.2880012892504023,-0.004144875689914453,0.5331188241220965,-0.0006848276915656027
2229,0.0,4306.609110112924,0.003618655286169327,0.0015533357545048738,0.6209942101867217,0.0021406720066341704,0.559481439941484,0.00016282221789432923
2230,0.0,4312.644646409407,0.09450926406658097,0.011921370135581866,0.1915142715500786,-0.011867456031369513,0.44909128942406235,-0.0034462612568848233
2231,0.0,4311.579960053303,0.0,0.0005841351953107772,0.8441133152781264,0.0021920843172804844,0.5675978971802815,-0.0017547575846352309
2232,0.0,4316.654702345777,0.0,0.006974122530826923,0.5934399123807943,-0.006909409400705756,0.5753505017404353,-0.0033011531294563886
2233,0.0,4319.861779368589,0.0,0.005053604769388134,0.6006667369637918,-0.004715989933135709,0.5829453723074423,-0.0037256041705601844
2234,0.0,4317.045632045496,0.0,0.00014802114179649758,0.6875061357072163,0.009460908273401465,0.6143136013273744,0.0002303495626283106
2235,0.0,4318.954520463552,0.0016789762830520377,0.0033951764534308993,0.4417191043186098,-0.00010561109172835822,0.562535252224745,0.00012956136632130997
2236,0.0,4317.905307226517,0.0,0.0027659337798978958,0.8125501856005602,0.0019405150591561746,0.6375397322374895,0.0006728474741717693
2237,0.0,4314.965614378228,0.0,6.3020418992760536e-06,0.6579390867684763,0.005961365032594227,0.6436595385967855,0.0022594027416985066
2238,0.0,4310.733584741359,0.01130112691470035,4.226190730714076e-05,0.45039431417430137,0.00802170384364207,0.5856799712700402,0.0039880930722815755
2239,0.0,4307.828846420828,0.00026730066581259277,0.0006247926731509234,0.6355298394612009,0.003531823100491019,0.6006349317273884,0.0038512120807444082
2240,0.0,4303.536354833542,0.0,0.0012479996476942553,0.7410133750580311,0.0046279600198554545,0.6427484647265811,0.004084236462477722
2241,0.0,4303.200977979045,0.007128583447318845,0.004715542835983214,0.3328667357829628,-0.0034831539898441226,0.5497839460434956,0.0018140193267811684
2242,0.0,4302.113735227823,0.0,0.0033032258789432987,0.6691546905224386,-0.002064908055314825,0.5855951693871785,0.0006503411121523704
2243,0.0,4303.47280577168,0.006981405135188086,0.004970203632769681,0.5666983011788495,-0.004748097978107488,0.5799261089246798,-0.000969190614925587
2244,0.0,4305.2066434467615,0.0,0.00501865332474645,0.5736167516879993,-0.004249217539288966,0.5780333017536756,-0.001953198692234601
2245,0.0,4310.506528420494,0.0,0.00995047019255113,0.547383289530186,-0.00995047019255113,0.5688382980866287,-0.00435238014232956
2246,0.0,4311.355388869867,0.0,0.001094815188887733,0.7830688115372495,0.0004474718741490808,0.6331074521218149,-0.0029124245373859676
2247,0.0,4312.733777126706,0.0,0.001157635483629787,0.732923384638131,0.0017834381355700043,0.6630522318767097,-0.001503665735499176
2248,0.0,4314.339377232604,0.012292285905944726,0.0034956840686209694,0.5318355000797065,-0.00024857192186557314,0.6236872123376087,-0.0011271375914090952
2249,0.0,4317.214302063938,0.0,0.004425713950510889,0.5999085818319206,-0.004376144191156745,0.6165536231859022,-0.0021018395713333898
2250,0.0,4318.394230422009,0.0,0.0032712381872402312,0.7937374358999038,-0.0011965057727919407,0.6697087670001026,-0.001830239431770955
2251,0.0,4323.7270627948465,0.05546373833990536,0.008844391246949301,0.19045849790935404,-0.008844391246949301,0.5259336862728781,-0.003934484976324459
2252,0.0,4327.244812491865,0.020796837087483165,0.006319753258448525,0.422708607123618,-0.00525820892001381,0.49496616252810005,-0.0043316021594312646
2253,0.0,4332.097212007024,0.07306758618616833,0.007624892497805245,0.12526931818649484,-0.005830260382933396,0.3840571092256185,-0.0047811996264819035
2254,0.0,4337.618101677155,0.025892229020511442,0.00700129963821578,0.4810529502223741,-0.006790551245595384,0.4131558615246451,-0.005384005112215947
2255,0.0,4340.66007010905,0.18631072201411625,0.0019672190632909372,0.19882540503292398,-0.0011326844091882698,0.34885672457712874,-0.004108608901307644
2256,0.0,4345.995617449064,0.0,0.00538020442762026,0.7743745352709721,-0.005336192928915082,0.4765120677852817,-0.004476884109589875
2257,0.0,4348.718218907657,0.0,0.0026884834198345185,0.6249272576023964,-0.0012057485953061182,0.5210366247304161,-0.0034955434553047477
2258,0.0,4350.749971143801,0.018888172496276875,0.0020538068145266406,0.28818957769961356,0.0005762514328282588,0.4511825106211753,-0.0022740049888648455
2259,0.0,4351.98364085286,0.0,0.0028824718700893375,0.5629591487825729,0.0011657960799386204,0.4847155020695946,-0.0012420646682238057
2260,0.0,4354.1595514086175,0.003448442271906786,0.002982524956238594,0.5127869462344279,-0.0021126390999165264,0.49313693531904457,-0.0015032369977316217
2261,0.0,4356.285464963039,0.0,0.0038579214176845005,0.5762554431969076,-0.003072534334073948,0.5180724876824034,-0.0019740261986343193
2262,0.0,4356.673063645099,0.014353217432920954,0.0021415409217022553,0.4783603700925203,0.0008406257099540855,0.5061588524054385,-0.0011296306260577978
2263,0.0,4362.955791023431,0.0017176525112859863,0.010991502739176437,0.3822590483824481,-0.010985670138525095,0.46898891119854136,-0.004086442479797987
2264,0.0,4366.735811527668,0.010373993495368241,0.0067153851595351975,0.5137311732359197,-0.006528075711693451,0.48241158980975485,-0.004818932449366626
2265,0.0,4369.268868381645,0.006981405135188086,0.0028812474606688134,0.6810583699385987,-0.0008197020106062372,0.542005623848408,-0.003619163317738509
2266,0.0,4372.987223875513,0.0,0.0036233777130658352,0.7354851851308567,-0.002576054172561378,0.6000494922331425,-0.0033062305741853697
2267,0.0,4377.332735909489,0.005717301135472454,0.00533499964231185,0.35473869835276317,-0.0051454286742156335,0.5264562540690286,-0.0038579900041944486
2268,0.0,4380.21713755535,0.0006211817221812598,0.0036107069549515727,0.403373823255645,-0.0024044303305917054,0.4895315248250135,-0.0034219221021136257
2269,0.0,4381.310291236993,0.0,0.0019968734464931867,0.7354753812786984,0.0018839161718670228,0.563314681761119,-0.001830170619919431
2270,0.0,4383.415699749367,0.04287199015182476,0.0027868708016158612,0.43163287629958474,-0.0007455084352483095,0.5238101401226587,-0.0015047719645180945
2271,0.0,4382.382154846802,0.0,0.0012029280462984206,0.7444020992765572,0.004122345107948744,0.5899877278688282,0.000183363157221957
2272,0.0,4382.1376873417985,0.0,0.0011776454371639454,0.5680417609411063,0.0020691379669133675,0.5834039377905116,0.0007490956001293802
2273,0.0,4384.153165789421,0.0,0.005048631522685521,0.5817410881138483,-0.004421129037992901,0.5829050828875125,-0.000801971791307304
2274,0.0,4383.396903325306,3.867622823394803e-05,0.0013935082548453559,0.622352820614782,0.0008286543747435601,0.5947394042056934,-0.00031278394149204477
2275,0.0,4385.690253119395,0.07698955538041277,0.0057265560286716925,0.18376763648810596,-0.003929392124176761,0.47144787389041715,-0.0013977663962974596
2276,0.0,4385.096013429304,0.009173323203212775,0.0010824528355202496,0.3691783964721521,0.0016220562265898564,0.4407670306649376,-0.0004918196094312649
2277,0.0,4384.6125336974565,0.004209998497189186,0.0025341050749287694,0.6378014730075613,0.0024837485878845844,0.4998773633677247,0.00040085084976348984
2278,0.0,4384.722560827319,0.06531955114049319,0.003426032733967715,0.31802650144561384,0.0002663867872026374,0.4453221047910914,0.0003605116309952341
2279,0.0,4385.53788514407,0.0,0.003043809575349396,0.7486495090595224,-0.0021311666130253704,0.5363203260716207,-0.00038699184221094725
2280,0.0,4383.846642286266,0.0,0.0004823765916722808,0.586897296887666,0.003164014331562533,0.5514934173164343,0.0006783100099210968
2281,0.0,4382.784589565313,0.0,0.0008319296053573137,0.5834795714237023,0.0025874634205434255,0.5610892635486147,0.0012510560331077953
2282,0.0,4384.755546338662,0.0,0.005027228798695995,0.6211702843570853,-0.004864860206193007,0.5791135697911558,-0.0005837188386824452
2283,0.0,4385.63495495781,0.0,0.0040362788029412984,0.7484751191485,-0.003110963039433736,0.629922034598359,-0.0013418920989078324
2284,0.0,4390.753624824667,0.017654872355066797,0.010003058769403187,0.4235481386654689,-0.009999942928202585,0.568009865818492,-0.0039393073476962585
2285,0.0,4396.795945985003,0.03071994811687998,0.011114045187875664,0.3052445611115441,-0.011026227008186014,0.48918027440640754,-0.006065383245843185
2286,0.0,4398.986869692087,0.008343337617212877,0.0015246420665328113,0.5686078647314737,-0.00020825493399627586,0.5130085515039273,-0.004308244752289112
2287,0.0,4406.924828555545,0.15231977223174212,0.010292590280410829,-0.009272312689810401,-0.010039796553105608,0.35632429224580603,-0.006027710292534061
2288,0.0,4411.74082612862,0.047192258575167595,0.005667691115578251,0.2573553556205844,-0.005294418731416396,0.32663361125823953,-0.005807722824198761
2289,0.0,4414.275907784895,0.012479159192131974,0.002151417959600343,0.44770712760429365,0.0012394332218262638,0.36295566616205577,-0.003693576010391253
2290,0.0,4417.819102624866,0.0,0.0020068599710017184,0.6402322469110978,-0.0011780456409659695,0.4461386403867683,-0.002938916899563668
2291,0.0,4423.178802351265,0.000691413120854776,0.007196111215028715,0.6571288964672439,-0.007196111215028715,0.509435717210911,-0.004216075194203182
2292,0.0,4426.709223179397,0.0,0.004516238032453698,0.6812475087413744,-0.004118001821801999,0.56097925467005,-0.004186653182482827
2293,0.0,4428.529943125201,0.0,0.0031769005381633774,0.9354450389209904,0.0007730223228080529,0.6733189899453321,-0.002698750530895563
2294,0.0,4430.923464347823,0.010853639823272856,0.0017350317655373845,0.4849667495357263,-0.0005129575432589716,0.6168133178224504,-0.0020430126346045853
2295,0.0,4431.822737434258,0.0,0.001800144936423483,0.7046719856022904,0.0010228383993866389,0.6431709181564024,-0.001123257324407218
2296,0.0,4436.134175595851,0.0,0.006831661074807062,0.5773906987791245,-0.00680722228708971,0.623436852343219,-0.0028284468132119653
2297,0.0,4438.018514934726,0.0,0.0030048959846756896,0.8698034543392315,-0.0026377952925149394,0.6973468329420227,-0.002771251357002857
2298,0.0,4439.602307900681,0.013676845363904122,0.0028697144603458133,0.3326394938314131,-0.0002378011087669749,0.5879346312088398,-0.0020112162825320925
2299,0.0,4442.484988137593,0.06014103651556256,0.004088642662037277,0.16019896684583051,-0.003035062984917263,0.459613931899937,-0.0023183702932476433
2300,0.0,4441.1720916325285,0.002098645849303127,0.001308169787280127,0.6751634901761667,0.004926816775407237,0.5242787993828059,-0.00014481417265117921
2301,0.0,4443.039564839227,0.0,0.0029080647904888668,0.6769090130382738,-0.0014695662012957336,0.5700678634794463,-0.0005422397812445455
2302,0.0,4444.470666157196,0.0009745752572769129,0.004244760219378392,0.4324345068497592,-0.002808019658372621,0.5287778564905401,-0.001221973744382968
2303,0.0,4445.868389254846,0.0,0.002867807482684682,0.5274866782104098,-0.002296174441958991,0.528390503006501,-0.001544233953655775
2304,0.0,4446.9682534997555,0.0009745752572769129,0.0026304994522489585,0.4612892423479087,-0.0009541514450922237,0.5082601248089234,-0.0013672092010867092
2305,0.0,4450.314790997227,0.024497214543638353,0.005325958555001529,0.3226574975179222,-0.0053064090346290815,0.452579336621623,-0.002548969151149421
2306,0.0,4448.601001718644,0.0,0.001520143523344713,0.5151348327731259,0.0051007776294788336,0.47134598546707385,-0.00025404511696094467
2307,0.0,4450.567886374122,0.0009745752572769129,0.0036401641697827477,0.5383866380432103,-0.0014319149532602458,0.49145818123991475,-0.000607406067850735
2308,0.0,4446.943624100999,0.0,1.050887938463083e-05,0.9015452517546055,0.007840485318666025,0.6144843023943221,0.0019269613481042933
2309,0.0,4449.452627772177,0.0025622923163736372,0.004977611135204231,0.5306092261181207,-0.0046746663837789575,0.5893217795114616,-5.3526971460682e-05
2310,0.0,4449.01102041982,0.0,0.0030497860469663103,0.4524997632387322,-0.0010850057963882973,0.5482751746296427,-0.0003629706189389666
2311,0.0,4448.043470204445,0.005020748645584047,0.0011201646122536342,0.5541023153917279,0.002086610653093136,0.5500233168582682,0.0003719037626706641
2312,0.0,4449.824849750061,0.046333670545337505,0.003647302929571639,0.41021853738677894,-0.0033486089820842046,0.5080818830168214,-0.0007442500607557965
2313,0.0,4447.354794678382,0.0,0.00105196325847823,0.6804697244502999,0.0047895587324148815,0.5597982354468649,0.0009158925771954069
2314,0.0,4447.452931712615,0.0,0.001092220663711085,0.7966028342181934,0.0005326461345853936,0.6308396150782634,0.0008009186444124029
2315,0.0,4451.206223403743,0.012255409332391977,0.00881828956060345,0.43148087548273945,-0.00880678406794599,0.5710319931996062,-0.0020813921692951153
2316,0.0,4452.910489738952,0.03434433468894992,0.0054160191773037596,0.45470834024282264,-0.004298120445892868,0.536134897312571,-0.0027464106522744405
2317,0.0,4454.637169852845,0.0,0.002364252447246934,0.6937638962868913,-0.0013146996170819531,0.5834235970048671,-0.002316897341716694
2318,0.0,4456.682459417024,0.0,0.0031180169667491928,0.48687002667643786,-0.0013036381066833349,0.5544575259063383,-0.0020129195712066863
2319,0.0,4456.539946812398,0.01858031795613407,0.0017483467835824715,0.4679718965691462,0.002794207639391245,0.5285118371051807,-0.0005707814080273067
2320,0.0,4456.2409635295235,0.0,0.0012668727547424559,0.752910747723342,0.002743455617998205,0.5958315102906291,0.00042348969978034677
2321,0.0,4463.390854423596,0.0660178185898912,0.014351014190975078,0.2615893881595444,-0.014318687466778942,0.49555887365130363,-0.003999163450187439
2322,0.0,4467.156518054057,0.04827745120524158,0.008160808520489204,0.18614087048886033,-0.008119635856975326,0.4027334727025706,-0.0052353051722238055
2323,0.0,4469.821410920554,0.0,0.004425038115319585,0.9178716923976938,-0.001167927162415282,0.5572749386111076,-0.004015091769281248
2324,0.0,4470.99922724691,0.0,0.0011944086061241933,0.5088380781820756,0.003166954364877449,0.542743880482398,-0.0018604779290336388
2325,0.0,4475.811300360247,0.0445220240820575,0.006108102457515672,0.18231490581099816,-0.0057652451460731375,0.434615188080978,-0.003031908094145488
2326,0.0,4476.797388422746,0.0,0.0019792237442178133,0.6863103191959171,9.9772164596558e-06,0.5101237274154597,-0.0021193425009639446
2327,0.0,4477.399824814976,0.0,0.0009191448407431085,0.8135649494422514,0.0019914677184653977,0.6011560940234972,-0.0008860994351351419
2328,0.0,4475.546379990456,0.0,0.00040989892349463624,0.8688032793108508,0.006105912632714107,0.6814502496097032,0.0012115041852196326
2329,0.0,4475.4563113181775,0.0,0.0009333832167966956,0.8359087529243433,0.0010601839711292626,0.7277878006040952,0.0011661081209925215
2330,0.0,4474.753638886511,0.0,0.002479153378665517,0.7392691056288405,0.0001533295346612511,0.7312321921115188,0.0008622745450931403
2331,0.0,4474.121569888697,2.014153928707386e-05,0.0013748967479076564,0.4001837878083546,6.618634669973371e-05,0.6319176708205696,0.0006234480855751184
2332,0.0,4471.870321299601,0.027636046578299184,0.00023342457255459752,0.36421875722802866,0.003765921572580209,0.5516079967428074,0.0015661901316766454
2333,0.0,4471.179138520488,0.00026730066581259277,0.002391726828034967,0.6257458779573573,0.0007252811118599439,0.5738493611071723,0.0013139174257316348
2334,0.0,4470.31936301671,0.021247062442326478,0.0019202435215896843,0.37120812297441214,0.00010500435296683664,0.5130569896673443,0.0009512435039021953
2335,0.0,4470.018065842112,0.0,0.0028843475607775305,0.6005377991847202,-0.000780596684054079,0.539301232522557,0.00043169144751531294
2336,0.0,4468.96284910692,0.0,0.0022573038066226484,0.7937855380554786,0.0011895024047725762,0.6156465241824334,0.0006590347346924919
2337,0.0,4467.587344576267,0.0,0.0005261842164516389,0.7351114478234572,0.0023884960670861963,0.6514860012747405,0.0011778731344106032
2338,0.0,4468.628606160287,0.0,0.0042021135431148686,0.7727965721998016,-0.0029048675292810302,0.6878791725522588,-4.694906469688697e-05
2339,0.0,4468.199566726064,0.0,0.003207071409710045,0.7070189110592244,-0.0003311628160181217,0.6936210941043485,-0.00013221319009325738
2340,0.0,4469.693202101545,0.010826468934095512,0.0037578822224468,0.5691655766900157,-0.0030573262069367576,0.6562844388800486,-0.0010097470951463074
2341,0.0,4470.112386684372,0.0,0.0023427641188900083,0.6181142740812146,-0.0006935063455808232,0.6448333894403984,-0.0009148748702766621
2342,0.0,4470.886630244384,0.0,0.002078135682032569,0.6434502288857943,-0.0005230677396508907,0.644418441274017,-0.0007973327310889307
2343,0.0,4472.440115013884,0.0,0.0029213416728194755,0.8933406894008219,-0.002250209749458606,0.7190951157120584,-0.0012331958365998331
2344,0.0,4470.290825405212,0.02191524108307134,0.0003219150791136672,0.3188480335163136,0.005359624772806403,0.599020991053335,0.0007446503462220379
2345,0.0,4469.263888649517,0.0,0.0016647167031904298,0.7142947454884014,0.00339300347306414,0.6336031173838549,0.0015391562842746683
2346,0.0,4467.541881520038,0.0,0.0013181327152541906,0.7748614774359852,0.002747705897255372,0.675980625399494,0.0019017211681688793
2347,0.0,4468.930642428784,0.0,0.0053390535531318405,0.6829032925225884,-0.0045757780713477835,0.6780574255364222,-4.152860368611942e-05
2348,0.0,4470.8554115795505,0.0016789762830520377,0.006054697777851993,0.5815673199570752,-0.005989164922452906,0.6491103938626182,-0.001825819499316155
2349,0.0,4468.992687221539,0.0,0.00043459568058294733,0.4738553829838905,0.00400001052050168,0.5965338905989999,-7.807049337080446e-05
2350,0.0,4470.570333894346,0.0013663645273288246,0.00270350105104895,0.5371940573788815,-0.001381615652672344,0.5787319406329643,-0.0004691340411612663
2351,0.0,4469.586650970092,0.0,0.0014883170025373127,0.6540460762773057,0.0021502101078394193,0.6013261813262667,0.00031666920353893934
2352,0.0,4471.420372158629,0.0,0.004193820357914038,0.755530835954469,-0.0033447657333901394,0.6475875777147273,-0.0007817612775397843
2353,0.0,4471.727391571602,0.0,0.0024305656017504225,0.6371683456756475,-0.0009369141441505718,0.6444618081030034,-0.0008283071375230204
2354,0.0,4469.35322223299,0.0,0.0003343837706726138,0.842952605113494,0.005795033583607676,0.7040090472061504,0.0011586950788161883
2355,0.0,4471.008365644237,0.011072339375969973,0.003617116467629473,0.4691021075569663,-0.0026336744667943258,0.6335369653113951,2.0984215133034042e-05
2356,0.0,4469.271863932728,0.009854899244031604,0.002141139132747262,0.49493177717204967,0.00240986351624751,0.5919554088695915,0.0007376480054673768
2357,0.0,4470.921639799924,0.003462534851018725,0.0038361796609601797,0.300199001544207,-0.0034896269476510874,0.5044284866719762,-0.0005305344804681624
2358,0.0,4471.1846201780945,0.00446013026439206,0.003320543044307743,0.5042807647705017,-0.001294153523530977,0.5043841701015338,-0.0007596201933870067
2359,0.0,4468.487854228479,0.0,0.00045959757987342365,0.856420158808801,0.006202553320244407,0.6099949667137139,0.0013290318607024174
2360,0.0,4472.113738376359,0.028079430717746576,0.007163132941520031,0.5692604764264008,-0.006818030600833845,0.59777461962752,-0.001115086877758461
2361,0.0,4474.277781146261,0.061787156796007,0.005980741153389728,0.4325767970075669,-0.005846368672287858,0.548215272841534,-0.00253447141611728
2362,0.0,4474.749646810353,0.0,0.0013617814339775532,0.572051557647716,0.0002840983398123516,0.5553661582833886,-0.0016889004893383905
2363,0.0,4476.6369614087935,0.0,0.0017491740207854882,0.6878977926348592,-0.0012214601679081975,0.5951256485888298,-0.0015486683929093325
2364,0.0,4479.343620540167,0.011315067205307174,0.005342534224589037,0.4516299704668724,-0.0038150739975946137,0.5520769451522425,-0.0022285900743149165
2365,0.0,4484.0798532753715,0.0015497942639968287,0.00816109736929892,0.4224066325958308,-0.00816109736929892,0.513175851385319,-0.004008342262810117
2366,0.0,4482.116281250997,0.0,2.0766093625313442e-05,0.8153973470398858,0.0065792373058089415,0.6038423000816889,-0.0008320683922243993
2367,0.0,4485.360747489888,0.018888172496276875,0.003419096647666824,0.3473310667353654,-0.0025492786242531833,0.5268889300777919,-0.0013472314618330344
2368,0.0,4488.412051181238,0.03721595363985112,0.005995988911669098,0.2615261045900978,-0.005434010137501887,0.44728008243148365,-0.00257326506453369
2369,0.0,4486.734677485157,0.0,0.0004773794565676964,0.6819440643455407,0.005005114017268828,0.5176792770057007,-0.00029975133999293464
2370,0.0,4485.227551160174,0.0,0.0017958988311436647,0.7419321954883876,0.005832820591768023,0.5849551525505068,0.0015400202395353527
2371,0.0,4483.70535846598,0.002323334098042775,0.0007405176662949747,0.4122985232920948,0.0034193082487508253,0.5331581637729832,0.002103806642299994
2372,0.0,4483.828967264427,0.009358762655555741,0.00294049605087164,0.46148465208332784,-0.001949364689712102,0.5116561102660866,0.0008878552426963653
2373,0.0,4484.006156935824,0.014353217432920954,0.0036692776190716757,0.4284382871441823,-0.002597604369582589,0.48669076332951533,-0.00015778264098732092
2374,0.0,4483.450079328947,0.0004553693345490983,0.0031836272287253994,0.7089351640122774,0.00024022007989023172,0.553364083534344,-3.838182472405513e-05
2375,0.0,4485.74718005244,0.014305838173007972,0.004752377967858993,0.3550564996381181,-0.004619670346885033,0.4938718083654762,-0.0014127683813723484
2376,0.0,4487.459106918089,0.024161357163151136,0.0040024696071293145,0.48873888666598275,-0.00346766788678921,0.4923319318556281,-0.002029238232997407
2377,0.0,4487.215839889845,0.0,0.001719523947337363,0.667475597936781,0.0020629916324783728,0.544875031679974,-0.0008015692733546731
2378,0.0,4490.114692752399,0.05936856129122868,0.004520161397076213,0.35556415323544505,-0.003892088251226143,0.4880817681466153,-0.001728724966716114
2379,0.0,4492.5066737992,0.00911339897893386,0.004683289687289544,0.3088805142911027,-0.004076295647478385,0.4343213919899615,-0.002432996170944795
2380,0.0,4493.67320540422,0.00012809561823393342,0.0018928314374315569,0.6607838034563955,-0.0005281441630077881,0.5022601154298917,-0.0018615405685636927
2381,0.0,4495.960872584852,0.0,0.004219035816534427,0.5398246296577254,-0.00215403809122489,0.5135294696982418,-0.0019492898253620518
2382,0.0,4497.438724102732,0.07193761922246406,0.0016677656539807453,0.30060899638377947,-0.0010585321606052741,0.4496533277039031,-0.0016820625259350184
2383,0.0,4499.713607607817,0.00667152458787778,0.0030074922195135246,0.5901822766196938,-0.0026387444622613405,0.49181201237864025,-0.001969067106832915
2384,0.0,4501.795402188823,0.0,0.003673131785641665,0.6833124551698386,-0.0025028791164612915,0.5492621452159997,-0.0021292107097214278
2385,0.0,4504.88646833614,0.0,0.004355044438822251,0.7675777544822668,-0.004299892457721225,0.6147568279958798,-0.002780415234121367
2386,0.0,4507.586270091528,0.02881266025263392,0.004027242878832939,0.4283506908172612,-0.003290808533009887,0.5588349868422943,-0.0029335332237879225
2387,0.0,4510.381082058818,0.010895017972466932,0.003170725666405422,0.39425631694391383,-0.002804028511986031,0.5094613858727801,-0.002894681810247355
2388,0.0,4513.096113962965,0.0,0.0025314207824570813,0.7215276453695321,-0.002479940950101213,0.5730812637218057,-0.0027702595522035123
2389,0.0,4514.9723882167655,0.012214933449476833,0.0028103074210778863,0.5020518784966111,-0.0007781836617346496,0.5517724481542473,-0.002172636785062853
2390,0.0,4520.867734192477,0.012292285905944726,0.00930612189533539,0.5323399458343787,-0.009305757216475202,0.5459426974582867,-0.004312572914486557
2391,0.0,4523.119089645261,0.004463709564261964,0.0031465033611498493,0.5287458804185393,-0.002247470004088554,0.5407836523463625,-0.003693042041367156
2392,0.0,4530.3274540506,0.0,0.0103725284921827,0.7227712174919514,-0.010371285640144433,0.5953799218900392,-0.005696515121000339
2393,0.0,4533.715448746461,0.0,0.003679318378453624,0.7292494423251661,-0.0029740486932431625,0.6355407780205773,-0.004879775192673186
2394,0.0,4539.577070243371,0.0,0.006099367615627686,0.6487563612886471,-0.006074517567826846,0.6395054530009983,-0.005238197905219283
2395,0.0,4540.709391871327,0.05428004339276091,0.0011163825584296395,0.3844625029203541,0.002942354013511274,0.562992567976805,-0.0027840323296001155
2396,0.0,4541.4891266334425,0.0,0.0006353611462055533,0.8389552759471792,0.003948010077260456,0.6457813803679172,-0.000764419607541944
2397,0.0,4542.877900119928,0.003618655286169327,0.00304726957646348,0.5978878687461485,3.860639680460146e-05,0.6314133268813866,-0.0005235118062379803
2398,0.0,4547.159357166097,0.12319968697137232,0.00949193808977367,0.23293517738409972,-0.008101618763068084,0.5118698820322005,-0.0027969438932870117
2399,0.0,4553.696723086669,0.004922684328080988,0.012957648207475017,0.4405829539443883,-0.012957648207475017,0.49048380360585686,-0.0058451551875434125
2400,0.0,4559.326307182957,0.06544489728099477,0.008635722322322252,0.2598311722571473,-0.008571268845611695,0.42128801420124395,-0.006662989284963897
2401,0.0,4562.914005008042,0.0012402670708853282,0.002979786436431874,0.564995354582999,-0.0011080425950296,0.46440021631577044,-0.004996505277983608
2402,0.0,4568.898487599656,0.0606959854907904,0.005997899623316752,0.14965137835356643,-0.005318870507441883,0.3699755649271092,-0.00509321484682109
2403,0.0,4572.489279969006,0.06409914659898157,0.004298417198127826,0.4079383861570961,-0.002063907152962418,0.3813644112961052,-0.004184422538663489
2404,0.0,4576.998000207863,0.0,0.004900484036631996,0.6227435084832227,-0.003913384093070706,0.4537781404522404,-0.004103111004985654
2405,0.0,4581.5371455261475,0.00856393258419371,0.006519599462733949,0.40630916912994036,-0.00492681631010934,0.43953744905555037,-0.004350222596522759
2406,0.0,4582.93458330437,0.0,0.0008967574551127398,0.6715911158219263,0.0015440045337508218,0.5091535490854632,-0.0025819544574406847
2407,0.0,4587.757566454559,0.002098645849303127,0.005449552642747046,0.5280122297129964,-0.005408818255789329,0.5148111532737232,-0.003430013596945278
2408,0.0,4588.679646485662,0.01604958970032988,0.0015649706462649566,0.5293507277095101,0.0009114530615780884,0.5191730256044592,-0.002127573599388268
2409,0.0,4590.231062528472,0.0,0.0012592098934236615,0.6343386434092104,0.00042946297426917676,0.5537227109458845,-0.0013604626272910344
2410,0.0,4591.320388366785,0.0013040290419116614,0.004364959492293781,0.7059355632640884,3.4796123472965303e-06,0.5993865666413457,-0.0009512799553995351
2411,0.0,4594.164515194004,0.0,0.005116101261034945,0.7102918071993917,-0.00446847898846852,0.6326581388087594,-0.0020064396653202304
2412,0.0,4596.0718166007855,0.001087668469133246,0.003901230092931419,0.49695610855925915,-0.0028990263245318804,0.5919475297339093,-0.002274215663083725
2413,0.0,4598.922796854811,0.0,0.004140951327074792,0.5473302646540544,-0.003754741891882621,0.5785623502099528,-0.0027183735317233937
2414,0.0,4603.877308222793,0.03271498019296168,0.008033849427857865,0.33541215471763564,-0.007839658470427663,0.5056172915622577,-0.004254759013334674
2415,0.0,4603.783130203666,0.003968967445226026,0.0002765282425395725,0.1918527576377313,0.00320512492761546,0.4114879313848997,-0.002016793831049634
2416,0.0,4607.959123289623,0.0,0.004524794583360977,0.6160193548718649,-0.004183911880558754,0.47284735843098924,-0.00266692924590237
2417,0.0,4608.243104247376,0.0,0.0015615458638555523,0.598753923228953,0.001620321963934325,0.5106193278703783,-0.0013807538829513613
2418,0.0,4612.247077978583,0.06027724281357873,0.005639078591561159,0.31521361573159895,-0.005506029230408454,0.4519976142287445,-0.002618336487188489
2419,0.0,4612.685534149604,0.01872259772491883,0.0017736002831332661,0.5680580038271368,0.0006339322920825372,0.48681573110826215,-0.001642655853407181
2420,0.0,4616.050875560811,0.0,0.004571205104386425,0.689290015879738,-0.004215250105302257,0.5475580165397049,-0.0024144341289757034
2421,0.0,4618.112236282045,0.03098392844811532,0.004565787193146165,0.5122790328724504,-0.0024828002332322584,0.5369743214395285,-0.00243494396025267
2422,0.0,4620.226362010949,0.016836975499846047,0.004547356892610273,0.3431279536367204,-0.0017879370525215163,0.47882041109868606,-0.0022408418879333236
2423,0.0,4615.922938658938,0.0,0.0,0.7561620968495906,0.011595233687282862,0.5620229168239573,0.001909980784631532
2424,0.0,4617.882052815639,0.04266309954291559,0.004653770737819811,0.28044909960824727,-0.001826860059223372,0.47755077165924426,0.0007889285314750607
2425,0.0,4617.58032642374,0.05386151172438665,0.002649976883142073,0.18165007377197678,-0.0013938386896795657,0.38878056229306396,0.00013409836512867272
2426,0.0,4616.232131609015,7.6257873625452525e-06,0.0007208377499206787,0.532166856787229,0.001981351211842133,0.43179645064131345,0.0006882742191427107
2427,0.0,4618.3820398877915,0.12861720692432843,0.0057446882842379825,0.009150238782125859,-0.004647339470257314,0.30500258708355715,-0.0009124098876772968
2428,0.0,4619.293464394323,0.005515735115298068,0.004217481862109269,0.48201186784750716,-0.002577736288227336,0.3581053713127421,-0.0014120078078423085
2429,0.0,4621.984722162247,0.025296254382395373,0.005098619706358305,0.39235176497472185,-0.004597526391516785,0.368379289411336,-0.0023676633829446516
2430,0.0,4622.610245327334,0.0,0.002827823482556308,0.6513157504785418,0.0002663208468577075,0.45326022773149777,-0.001577468114003944
2431,0.0,4623.1176788582725,0.0,0.0012934353452132637,0.649224233278977,0.0014748906725294796,0.5120494293957415,-0.0006617604780439169
2432,0.0,4624.933105187158,0.0,0.0026704639369414594,0.5648509037174622,-0.0021113688798380594,0.5278898716922577,-0.0010966429985821596
2433,0.0,4625.780009852236,0.0,0.0026582912245015407,0.8441133152781264,-0.0010293574293422168,0.6227569047680183,-0.0010764573278101766
2434,0.0,4626.753847004206,0.0,0.0018589208396792354,0.7271789924188509,-0.000841638554424854,0.654083531063268,-0.0010060116957945797
2435,0.0,4628.574632274357,0.0009745752572769129,0.0033834460583812183,0.4563598656680977,-0.0026300757756867665,0.5947664314447169,-0.001493230919762236
2436,0.0,4626.001057480968,0.005515735115298068,0.0001728525958882587,0.4820977015754329,0.006471760957671756,0.5609658124839316,0.0008962666434679618
2437,0.0,4624.807795302209,0.0,0.0013640368499280033,0.7314899185331928,0.004004067303686288,0.6121230442987099,0.0018286068415334597
2438,0.0,4626.186300830062,0.05261965391536059,0.005229291728046618,0.13273206157273046,-0.0038816895550344535,0.468305749480916,0.0001155179225630857
2439,0.0,4625.516021734982,0.0,0.0025606676087265605,0.7565114310200264,-0.0005131972586209604,0.5547674539426491,-7.309663179212814e-05
2440,0.0,4623.427847807378,0.0,6.957420575187719e-05,0.7037372191990742,0.004233076872827579,0.5994583835195766,0.001218755419593784
2441,0.0,4622.266979586605,0.0,0.0010127361330949849,0.8805413734142505,0.0024438363089135683,0.6837832804879788,0.0015862796863897193
2442,0.0,4624.003040294832,0.029122863381160134,0.005039991774373087,0.2777976379622673,-0.004952425024481618,0.5619875877302654,-0.0003753317268716818
2443,0.0,4624.563130174382,0.02135525040856529,0.003577155325879031,0.37799725802818707,-0.002803589767099115,0.5067904888196418,-0.0011038091389399117
2444,0.0,4622.5454529029685,0.0,0.00019281808798258415,0.7224098535943084,0.004640456911726282,0.5714762982520418,0.0006194706762599464
2445,0.0,4621.581530058205,0.0,0.001048289655023349,0.8166657536307154,0.003132162501473188,0.6450331348656438,0.0013732782238239187
2446,0.0,4620.623848899208,0.0,0.0023255202118013093,0.48282093694447076,0.0012926672008164639,0.5963694754892919,0.0013490949169216821
2447,0.0,4621.49714775307,0.0009119498666824151,0.003938352599477964,0.42173392087298067,-0.003306083050234397,0.5439788091043984,-4.7458473225141695e-05
2448,0.0,4621.599763801231,0.0038923371874061753,0.0027818715276303626,0.30200423726543973,-0.0016171132024108226,0.4713864375527108,-0.0005183548919808459
2449,0.0,4622.648714697445,0.005327091635053918,0.0034171649665780506,0.6054016465712124,-0.0021142803370020023,0.5115910002582613,-0.0009971325254871928
2450,0.0,4623.279135694184,0.0,0.0022134490440342113,0.7772318066680733,-0.0007318768754997931,0.5912832421812049,-0.0009175558304909729
2451,0.0,4621.7682975306725,0.0,0.0005697889589463799,0.5700692251468749,0.004224490714301003,0.5849190370709059,0.0006250581329466198
2452,0.0,4619.949567451496,0.1471330973144033,0.000635233662589275,0.2778316489243548,0.004718764232840503,0.4927928206269405,0.0018531699629147848
2453,0.0,4619.601010179568,0.0,0.0015776615622851379,0.5796617068633808,-2.156653758159312e-06,0.5188534864978727,0.0012965719779129013
2454,0.0,4615.569329464298,0.0,0.0003695888033326747,0.8054011069807311,0.006414925613030986,0.6048177726427302,0.002832078068448327
2455,0.0,4616.766119889908,0.019382879483516084,0.004835901767360501,0.4255164785726614,-0.003961912449864732,0.5510273844217095,0.0007938809129544092
2456,0.0,4615.9971111147315,0.011090591935760275,0.0023705278833825705,0.5034135744387276,-0.0013810580777248432,0.536743241426815,0.0001413992157506334
2457,0.0,4615.110767617449,3.867622823394803e-05,0.001025375904834862,0.5875090265232931,0.0010136980343557647,0.5519729769557583,0.0004030888613321728
2458,0.0,4616.601626110617,0.0,0.004474731212868635,0.523731363410239,-0.003270041413060524,0.5435004928921024,-0.0006988502209856362
2459,0.0,4615.675027980255,0.0,0.0018304660448535668,0.7503456640197163,0.0015396473002392344,0.6055540442303865,-2.730096461817501e-05
2460,0.0,4618.085358987691,0.03932170244243749,0.0048753714195538716,0.3576980612386209,-0.004292416411773302,0.5311972493328568,-0.0013068355987647133
2461,0.0,4618.283053990967,0.0,0.002558192642913634,0.6963759163264304,-0.00032897460206578937,0.5807508494309289,-0.001013477299755036
2462,0.0,4621.802722445048,0.004209998497189186,0.0064539009110870845,0.606181007018424,-0.0059291273097982185,0.5883798967071774,-0.0024881723027679907
2463,0.0,4616.577597346129,0.0,4.226190730714076e-05,0.7087049096055841,0.012045056655942642,0.6244774005766994,0.0018717963848451991
2464,0.0,4620.688273415494,0.00513009671535528,0.006131352875874024,0.26689750318137584,-0.006050053845162855,0.5172034313581023,-0.0005047586841572171
2465,0.0,4619.398784855998,0.006981405135188086,0.0026341485224908446,0.3760802763515794,0.0007576782099104844,0.47486648485614547,-0.00012602761593690664
2466,0.0,4620.422653555134,0.0,0.002635512536204472,0.7400728152025761,-0.001602018343206049,0.5544283839600747,-0.0005688248341176494
2467,0.0,4618.810379669965,0.0,0.0007716548507350665,0.6931794542150193,0.0035138837287928253,0.596053705036558,0.000655987734755493
2468,0.0,4622.664157398322,0.013305161129006987,0.007964600627963803,0.310000186756081,-0.007463510554151138,0.5102376495524148,-0.0017798617519164963
2469,0.0,4626.1385102971435,0.021465657123280347,0.007891637575697117,0.30473625861277925,-0.00784739485658747,0.4485872322705241,-0.003600121683317788
2470,0.0,4628.7507138480705,0.00482871638591386,0.005043145452445074,0.4525470441536624,-0.0034380630027135645,0.44977517583546556,-0.0035515040791365207
2471,0.0,4634.2887383700445,0.011315067205307174,0.007804913635200906,0.29631761310180277,-0.007639444997356787,0.4037379070153667,-0.0047778863546026
2472,0.0,4635.549307520459,0.0,0.0008307232084828862,0.7825790976247552,0.001272376283845394,0.5173902641981832,-0.002962807563068202
2473,0.0,4640.000007657546,0.034357241627648534,0.0048045454599789615,0.4664404200951636,-0.004171876684426113,0.5021053109672773,-0.003325528299475575
2474,0.0,4642.195925757599,0.0009745752572769129,0.003074578116658868,0.5485476879902528,-0.00135000781776934,0.5160380240741699,-0.002732872154963704
2475,0.0,4647.580191799798,0.057898168088124397,0.008567231742531649,0.27636463400834654,-0.007639259269504035,0.4441360070544228,-0.004204788289325803
2476,0.0,4649.951861214539,0.0019486392463065809,0.0037859670249316938,0.48706460109779404,-0.0019190366072354044,0.4570145852674341,-0.0035190627846986835
2477,0.0,4650.699829381812,0.0,0.00041760110293781043,0.8706004837506525,0.0029683484022578845,0.5810903548123996,-0.0015728394286117129
2478,0.0,4653.358789649552,0.0,0.0023155780249174535,0.513296464837433,-0.0018082751808711525,0.5607521878199095,-0.0016434701542895446
2479,0.0,4654.746463933586,0.0,0.0017787407091533409,0.48774638100275197,-0.0011841357638390309,0.5388504457747623,-0.0015056698371543904
2480,0.0,4656.0422730149285,0.0,0.0027790524675829686,0.5646262856090688,-0.0009249179321955445,0.5465831977250543,-0.0013314442656667364
2481,0.0,4660.9117812912355,0.059513269569843,0.008520925984200798,0.2385112969699972,-0.008520925984200798,0.4541616274985371,-0.0034882887812269546
2482,0.0,4656.891506957134,0.0,0.0,0.6459024703727028,0.009907838005331187,0.5116838803607868,0.0005305492547404878
2483,0.0,4654.879102202075,0.0,0.0006425842541217707,0.577002634079688,0.007804037834536753,0.5312795064764572,0.0027125958286793673
2484,0.0,4653.458553111138,0.0,0.0014888404727758412,0.6265600992508713,0.0022937969729041234,0.5598636843087814,0.002586956171946794
2485,0.0,4652.561054610882,0.0,0.0029874859049413846,0.6011568090252374,-0.0010636219531728335,0.5722516217237181,0.0014917827344109057
2486,0.0,4653.823447510587,0.019484370196372825,0.0057114337933534915,0.3191812477941445,-0.0053868888340993,0.49633050954484603,-0.0005718187361421563
2487,0.0,4652.509438718513,0.03849199418740886,0.0010852327248194198,0.4270149423069027,0.001207403749150135,0.475535839373463,-3.80519905544689e-05
2488,0.0,4655.135889652475,0.0,0.005552498720387834,0.6276359154226504,-0.004874542762666231,0.5211658621882191,-0.0014889992221879976
2489,0.0,4654.7740440737725,0.0,0.001290223542054628,0.7212231223460497,0.0008555240800482089,0.5811830402355682,-0.0007856422315171355
2490,0.0,4657.500654114071,0.0,0.004435337518004826,0.6011313643345915,-0.004096661634528048,0.5871675374652752,-0.001778948052420409
2491,0.0,4662.297224459799,0.10202235035545583,0.009283119202715663,0.3157568226507853,-0.009100354726919467,0.5057443230209282,-0.003975370054770127
2492,0.0,4661.9944689734675,0.0,0.0017532328735084877,0.7283883053297159,0.0026494519034101767,0.5725375177135644,-0.0019879234673160356
2493,0.0,4664.619368620734,0.0011440294651551732,0.0027791323886345027,0.5102417244481525,-0.0012447003136152343,0.5538487797339409,-0.0017649565212057951
2494,0.0,4667.942863923021,0.09280705520449545,0.005381774298177214,0.15141260488667974,-0.004779655079591543,0.4331179272797625,-0.0026693660887215196
2495,0.0,4667.329772236457,0.09912642867883728,0.001901303041090305,0.26638295439307036,0.003226994310294333,0.38309743541375485,-0.0009004579690167637
2496,0.0,4668.862566888224,0.0,0.0026532286680753152,0.8976590103235434,-0.00037521343339010505,0.5374659078866915,-0.000742884608328766
2497,0.0,4668.958112201543,0.052787004850792615,0.002199995134455884,0.3095249658930977,0.0007698778403245357,0.4690836252886133,-0.0002890558737327755
2498,0.0,4676.2172038502185,0.09238968447808094,0.01434034131419389,0.202059585929006,-0.014337225472993285,0.3889764134807311,-0.004503506753510928
2499,0.0,4682.05423188291,0.04376235065404417,0.011671729084904476,0.5077262587730297,-0.011671729084904476,0.42460136706842067,-0.006653973452928992
2500,0.0,4683.995930808346,0.0,0.0023060507429751922,0.7702722540940805,0.0009231956674515894,0.5283026331761186,-0.004380822716814817
2501,0.0,4685.958106705405,0.0,0.0008460828771372792,0.6078891526405662,0.0030258901744646435,0.5521785890154528,-0.0021588088494309786
2502,0.0,4690.595167356145,0.0,0.005319783336698813,0.8153973470398858,-0.0050072356569683145,0.6311442164227826,-0.0030133368916921794
2503,0.0,4692.048622020308,0.021525378975376062,0.0025977577876632294,0.480129111013771,-0.0006537156283624155,0.5858396848000791,-0.00230545051269325
2504,0.0,4697.765651881348,0.0454413269370962,0.00867640243093937,0.19303204010709243,-0.008675525843625968,0.4679973913921831,-0.004216473111973065
2505,0.0,4703.036766335386,0.012472639344671365,0.00840590062573619,0.4326085047210942,-0.008404291115526274,0.4573807253908564,-0.005472818513039027
2506,0.0,4705.438730195615,0.0016659883781316891,0.002506083731304863,0.4978692079114244,-0.0003838977791274904,0.4695272701470268,-0.003946142292865566
2507,0.0,4705.337666445951,0.0,0.0011084426340610763,0.6532965041862383,0.006075824691752558,0.5246580403587902,-0.0009395521974801286
2508,0.0,4707.127025885926,0.0,0.0018448974752239991,0.6031375493833956,0.0004218807300166138,0.5482018930661717,-0.0005311223192311057
2509,0.0,4709.389780911763,0.054156398720900195,0.003918105544965448,0.4006255723751654,-0.0037132426681527296,0.5039289968588698,-0.0014857584239075928
2510,0.0,4708.00907860068,0.0,0.0012440883185939888,0.45916331237884705,0.0034916221649513857,0.490499291514863,7.455752750100712e-06
2511,0.0,4711.1430041331905,0.06434614705573069,0.006364214940680782,0.2524175740243174,-0.004981657157522982,0.4190747762676993,-0.001489278120331824
2512,0.0,4708.202931244032,0.0,0.0008124314108071735,0.6938223206856966,0.0061794386983129125,0.5014990395930985,0.0008113369252615969
2513,0.0,4710.274877303488,0.03098392844811532,0.005051749060930685,0.36343944963270036,-0.0027990286204073165,0.46008116260497905,-0.0002717727384390771
2514,0.0,4711.654533669885,0.00012809561823393342,0.004766392949557697,0.48880965075043015,-0.003708102863040409,0.46869970904861435,-0.0013026717758194766
2515,0.0,4710.854426810282,0.0,0.0013967160904435824,0.8049330191789815,0.002004263884037138,0.5695697020877244,-0.0003105910778624922
2516,0.0,4712.306395712891,0.0003545436168676965,0.0024853774573891808,0.49541314184962637,-0.0016550441523787592,0.5473227340162949,-0.0007139270002173722
2517,0.0,4713.9035234410985,0.006228879111038447,0.004068682703231112,0.5395699947359305,-0.0029740701026505154,0.5449969122321856,-0.0013919699309473152
2518,0.0,4714.347131022764,0.008617351266314147,0.0021109732851564687,0.3088466278070168,-0.0001225097561203099,0.4741518269046349,-0.0010111318784992134
2519,0.0,4717.239046384942,0.002306227207209941,0.004578312521920809,0.5094031783606838,-0.004532724498195778,0.48472723234144954,-0.0020676096644081828
2520,0.0,4722.014436689613,0.0,0.009143707486966723,0.6107730505519059,-0.008809317025276783,0.5225409778045864,-0.004090121872668762
2521,0.0,4725.82621556195,0.006772290813562822,0.005811245175516632,0.4807296250058693,-0.005617024172250982,0.5099975719649713,-0.004548192562543428
2522,0.0,4727.521379795533,0.0,0.0024264759223338738,0.5716650183824947,0.0009184594875057727,0.5284978058902283,-0.002908196947528668
2523,0.0,4732.155322508563,3.867622823394803e-05,0.004915597548064877,0.545441621441514,-0.004795171860017633,0.5335809505556139,-0.0034742894212753572
2524,0.0,4732.840606599406,0.0,0.0018242372423746688,0.8236019093936686,0.0017464586903081893,0.6205872382070303,-0.0019080649878002933
2525,0.0,4738.212651083332,0.027160258032458823,0.007493205153194418,0.4165460709262595,-0.007493205153194418,0.559374888022799,-0.003583607037418531
2526,0.0,4742.961212048234,0.025206017488563746,0.007765350976619424,0.22733691098526448,-0.007755950688026413,0.4597634949115386,-0.004835310132600895
2527,0.0,4748.3484020919095,0.04621594210638786,0.007360019288411565,0.2547142364145324,-0.0072889173381537435,0.3982487173624367,-0.0055713922942667495
2528,0.0,4749.05890882443,0.0,9.63618992282348e-05,0.7463985688392245,0.0037887003743031925,0.5026936728054731,-0.0027633644936957665
2529,0.0,4753.403789685899,0.0,0.0036666455186072596,0.561001886585678,-0.00313316130096258,0.5201861369395345,-0.0028743035358758102
2530,0.0,4756.915325957693,0.0033891350071106885,0.0046570059460047265,0.3748217225514943,-0.004317433237977707,0.47657681262312246,-0.003307242446506379
2531,0.0,4765.25463639902,0.29899147034545687,0.014241695467621291,-0.2051249562615551,-0.014241695467621291,0.27206628195771915,-0.006587578352840852
2532,0.0,4768.512949987873,0.06206994584179692,0.0053575249914601854,0.13067206446472376,-0.003068626663632311,0.22964801670982052,-0.00553189284607829
2533,0.0,4770.774740150889,0.0,0.001852376796436197,0.6847946883812306,0.002380493479846742,0.36619201821124353,-0.00315817694830078
2534,0.0,4773.329258708214,0.0,0.002722016073347067,0.7572626348629448,0.0005720654264156381,0.48351320320675384,-0.002039104235885854
2535,0.0,4775.991105359401,0.0130068467468125,0.002474468591124473,0.3992208024638425,-0.0021707835256618495,0.45822548298388044,-0.002078608022818653
2536,0.0,4780.175633670136,0.0,0.007074738657877102,0.5416881479808764,-0.006507091734032625,0.48326428248297915,-0.003407153136182844
2537,0.0,4781.353039975458,0.0,0.0016597912852583474,0.6208052012732241,-0.0001457483983100875,0.5245265581200527,-0.0024287317148210166
2538,0.0,4783.629128749598,0.07529228028774203,0.003061421925996921,0.16437003963373106,-0.0010915366078153165,0.41647960257415617,-0.0020275731827193067
2539,0.0,4787.786686004458,0.0,0.0061108168355869215,0.4546774390558521,-0.0060471665287400705,0.42793895351866496,-0.0032334511865255355
2540,0.0,4792.450590293597,0.03453799115118114,0.008105636843472463,0.3065695050368715,-0.0074696847376018284,0.39152811897412687,-0.004504321251848423
2541,0.0,4799.898381414226,0.05549808833488252,0.012120467774342381,0.3041667644670515,-0.011960373129850875,0.36531971262200424,-0.006741136815249158
2542,0.0,4800.183600938565,0.0,0.0007283391942771956,0.6862790553424039,0.004378674662269486,0.4616075154381241,-0.0034051933719935644
2543,0.0,4802.423478494637,0.0,0.0009469268507546868,0.5507682167431461,0.0024974889979026897,0.4883557258296307,-0.0016343886610246882
2544,0.0,4805.502559072433,0.0030691947026178696,0.004031867409689378,0.5048327392296689,-0.0027995752470390237,0.49329882984964213,-0.0019839446368289885
2545,0.0,4807.000771464063,0.00025266619830750954,0.002854065714777101,0.5632215559525705,-0.0013361232674628549,0.5142756476805206,-0.0017895982260191482
2546,0.0,4810.909713200457,0.004842569879360137,0.006683599965759807,0.43528051731802164,-0.0060024530280411775,0.49057710857177084,-0.003053454666625757
2547,0.0,4814.7687477728105,0.08385720806030009,0.006268901783920154,0.19284550641916706,-0.0060482632625217326,0.4012576279259897,-0.0039518972453945495
2548,0.0,4820.509031681292,0.005093651561840022,0.008626184215316612,0.44941782105344036,-0.008613580479712142,0.41570568586422485,-0.005350402215689828
2549,0.0,4822.139637950268,0.0,0.0017503256844628382,0.7395101855727874,0.0009423966625755429,0.5128470357767936,-0.003462562552210216
2550,0.0,4826.868052859905,0.021677885036774248,0.004772022223751361,0.3143241959055785,-0.00413325531405975,0.453290183815429,-0.003663770380765076
2551,0.0,4827.254509008663,0.0,0.0008952368729733746,0.622167810507117,0.0029543761145062464,0.5039534718229354,-0.001678326432183679
2552,0.0,4832.024956917468,0.0,0.006149290193186679,0.5869830997157003,-0.006052075395373561,0.5288623601907648,-0.0029904511211406434
2553,0.0,4834.732708322938,0.0,0.004620798391366478,0.614067366917361,-0.003768289931157627,0.5544238622087436,-0.0032238027641457384
2554,0.0,4837.81996956876,0.04039867411103903,0.004250217289537808,0.360471743469805,-0.003182415895764521,0.496238226587062,-0.003211386703631373
2555,0.0,4841.48814285266,0.0,0.004298347883752346,0.6551244980147416,-0.004150092016156274,0.5439041080153659,-0.0034929982973888433
2556,0.0,4844.028732281304,0.03742219438254007,0.0032011873432314353,0.22922097240608508,-0.0018021585643327451,0.44949916733258166,-0.0029857463774720138
2557,0.0,4848.877756443662,0.0,0.006828238990779272,0.6126896018340537,-0.006339187679406736,0.49845629768302324,-0.00399177876805243
2558,0.0,4851.040556361539,0.0,0.002729876580873677,0.7010175359623132,-0.0012293565703721313,0.5592246691668102,-0.00316305210874834
2559,0.0,4852.885351858587,0.0,0.0019226826018478188,0.7699881533819919,0.0004465727690687266,0.6224537144313647,-0.0020801646454032202
2560,0.0,4853.509728843475,0.05122448409975384,0.0014896821761874542,0.373039209218967,0.0020807340883179483,0.5476293628676454,-0.0008318950252868696
2561,0.0,4858.247461157089,0.0,0.007668775188345217,0.7702722540940805,-0.007668775188345217,0.614422230235576,-0.0028829590742043736
2562,0.0,4858.342528709823,0.018888172496276875,0.0027697497940978185,0.5950596832165508,0.0007886232112373134,0.6086134661298683,-0.0017814843885718672
2563,0.0,4858.573522918554,0.0,0.0005036184876471183,0.5355703177744388,0.0025960729502945284,0.5867005216232394,-0.0004682171869119484
2564,0.0,4860.516522990104,0.01751325553519012,0.0026862089168847255,0.4989479453465991,-0.0021726948615117354,0.5603747487402473,-0.0009795604892918845
2565,0.0,4862.140845602829,0.10765103971250581,0.002895091815169895,0.2777644060315523,-0.002855464186424965,0.47559164592763875,-0.0015423315984318087
2566,0.0,4860.205794866803,0.0,0.00027458603208915013,0.8673915984284964,0.005115995026334949,0.5931316316778961,0.0004551663889982185
2567,0.0,4857.694121508559,0.0,0.0010825090624680255,0.9127335289255482,0.006820282978500122,0.6890122008521917,0.0023647013658487895
2568,0.0,4858.921825131425,0.04548420256016868,0.0032957598882884056,0.29683222973215,-0.003130376759755205,0.5713582095161791,0.0007161779281675911
2569,0.0,4854.913756019003,0.0,1.0685251204646921e-05,0.8944425927751686,0.00585707264778257,0.6682835244938758,0.002258446344052085
2570,0.0,4852.036439069114,0.0,0.00019715530099602408,0.6009137499332187,0.005154289706088783,0.6480725921256787,0.0031271993526630943
2571,0.0,4853.589210061405,0.023867518233897538,0.005717994380261583,0.2397249975550812,-0.00571778781535338,0.5255683137544994,0.00047370320225815186
2572,0.0,4855.324515220696,0.0031360946987557883,0.0068924560409763,0.4914142254691721,-0.0068924560409763,0.5153220872689012,-0.001736144570712184
2573,0.0,4857.315260787325,0.006446286274334675,0.005058784862602044,0.5296280782518193,-0.00456848807571649,0.5196138845637766,-0.0025858476222134757
2574,0.0,4857.663451110538,0.0738703544249668,0.0017803641834603348,0.23895938442145007,0.001190831072056572,0.4354175345210786,-0.0014528440139324613
2575,0.0,4861.2324329403355,0.0,0.004785635208717048,0.7784566632716661,-0.004681252371690205,0.5383292731462548,-0.0024213665212597844
2576,0.0,4864.208946819962,0.02098294105134029,0.005241522869799533,0.39421105824710745,-0.0045868011296557034,0.49509380867651054,-0.00307099690377856
2577,0.0,4868.264933396002,0.0,0.006177318483793521,0.6655986301738,-0.005799757036113488,0.5462452551256973,-0.0038896249434790383
2578,0.0,4870.190343735391,0.018123076713766745,0.0024187705347267917,0.33890547088115824,-0.0006502487263124689,0.48404331985233556,-0.0029178120783290677
2579,0.0,4874.175513231492,0.01540380697831011,0.004679023503250085,0.4167180153958195,-0.004129168297489936,0.4638457285153807,-0.0032812189440773283
2580,0.0,4876.825943077178,0.00027279750899182446,0.00415607365008466,0.3495539827976466,-0.002345623807582927,0.42955820480006046,-0.003000540403129008
2581,0.0,4880.308832842007,0.0,0.004472228952022398,0.5139543193854043,-0.0037130614265166485,0.4548770391756636,-0.0032142967101453
2582,0.0,4878.833814829048,0.002098645849303127,0.00013572092077076956,0.6700617644310681,0.006332446143182215,0.5194324567522849,-0.00035027385414704553
2583,0.0,4883.479838325922,0.006094944374297741,0.006316395134831149,0.37087619565331287,-0.006316395134831149,0.47486557842259325,-0.0021401102383522765
2584,0.0,4886.331718569082,0.07146659434191141,0.006121520953971192,0.07870838801721305,-0.005487377315247291,0.35601842130097916,-0.0031442903614207806
2585,0.0,4885.700617455895,0.03725978291999358,0.0007270391637886702,0.3698811835438137,0.0036750875824809117,0.3601772499738295,-0.0010984769782502728
2586,0.0,4887.597101952019,0.012766254635165291,0.0028918210950670737,0.5007899606075381,-0.0006299370330209544,0.40236106316394205,-0.0009579149946814772
2587,0.0,4892.745084218445,0.0009745752572769129,0.00954100964283882,0.42244159352167227,-0.009540803077930617,0.40838522227126106,-0.003532781419656219
2588,0.0,4893.272015516553,0.0,0.0018053826535340423,0.8605224399856916,4.7253807553193874e-05,0.5440263875855902,-0.002458770851493395
2589,0.0,4897.98171833606,0.00012809561823393342,0.006212545599860758,0.6411172743078736,-0.006029451443016815,0.5731536536022752,-0.003529975028950421
2590,0.0,4899.644790366385,0.0,0.0023090277869217417,0.5337563453372532,-0.0007564314666642524,0.5613344611227686,-0.00269791196026457
2591,0.0,4904.192373311267,0.006981405135188086,0.005776542691322937,0.4172473536848397,-0.005684660815002954,0.5181083288913899,-0.003593936616686085
2592,0.0,4904.151173498174,0.0,0.0007166256947383583,0.8418593352330798,0.0030459052615790143,0.6152336307938968,-0.001601984053206555
2593,0.0,4910.549534185185,0.00246929308764039,0.009519484786674132,0.3982807351544616,-0.009519484786674132,0.5501477621020662,-0.003977234273246828
2594,0.0,4912.974437380436,0.0005963277952277737,0.003282899438255587,0.28244297852607375,-0.0032174301732975333,0.4698363270292685,-0.003749293043262039
2595,0.0,4916.013259146902,0.0,0.002551392545224238,0.6760283360400358,-0.00203170576870216,0.5316939297324986,-0.003234016860894075
2596,0.0,4920.3147785989395,0.02565416461102464,0.005406225719163405,0.4713289732034273,-0.0049212345691434616,0.5135844427737772,-0.0037401821733688903
2597,0.0,4924.469620374819,0.06003318560218949,0.0057155614326848524,0.34172810450533914,-0.00513131187909258,0.46202754129324575,-0.004157521085085997
2598,0.0,4925.0734476451635,0.0,0.0009875966291979816,0.7642619361457085,0.002811279662585239,0.5526978597489846,-0.002066880860784626
2599,0.0,4928.103838925005,0.08154704056523344,0.003734088188036861,0.18958896033193204,-0.0018964440001717653,0.4437651899238688,-0.002015749802600768
2600,0.0,4927.639707513256,0.0,0.0003463517272445052,0.6007554125509946,0.00320393091290231,0.49086225671200656,-0.00044984558794984434
2601,0.0,4926.660164959055,0.018337394974648494,0.0006085594693762962,0.36586429290104877,0.004159196598461812,0.4533628675687192,0.0009328670679736524
2602,0.0,4924.432531693141,0.00026730066581259277,0.0009018213319635663,0.5692604764264008,0.00507062233027064,0.48813215022602363,0.0021741936466627486
2603,0.0,4926.677858671626,0.027654951050864136,0.005972398742236876,0.2246979805161155,-0.005740092469595128,0.4091018993130512,-0.0002000921882146145
2604,0.0,4924.093764872915,0.0,0.0019021552286664412,0.7578935173141815,0.00312708087321745,0.5137393847133902,0.0007980597302150048
2605,0.0,4923.258428186109,0.003910307280303128,0.0021735707734490974,0.36128877874344245,0.001915461638142192,0.46800420292240585,0.001133280302593161
2606,0.0,4922.1759765467705,0.0,0.002454591781297252,0.8687270023394744,0.001376575350373149,0.5882210427475264,0.0012062688169271574
2607,0.0,4922.830666693222,0.0,0.0034145885477762515,0.5317768589005852,-0.0025946993210132787,0.571287787593444,6.597837554502657e-05
2608,0.0,4919.763855482684,0.0,0.0005050275918596123,0.7300802773075813,0.005129910905339272,0.6189255345076852,0.0015851581344833
2609,0.0,4920.4361730140945,0.0,0.0029217669225015883,0.648921538502001,-0.00153543725389944,0.6279243357059798,0.000648979517968478
2610,0.0,4919.590366363155,0.0009854299759092153,0.0014963189190919021,0.5247385209834644,8.38499861208096e-05,0.5969685912892252,0.0004794406584141775
2611,0.0,4918.381615019844,0.0,0.0008587242338687508,0.618877514007936,0.0018222349399140158,0.6035412681048384,0.000882278942864129
2612,0.0,4918.571175836733,0.00012273234604030935,0.0018752114341632161,0.4630644640316106,-0.0009310973436528023,0.5613982268828701,0.0003382660569090496
2613,0.0,4917.194847378489,0.010180169986062939,0.0009076821922235336,0.6319295912990164,0.0019342159701558105,0.582557636207714,0.0008170510308830778
2614,0.0,4916.446311326661,0.003866321358285297,0.0032369201954828425,0.5118285399499208,0.0011730458390739372,0.5613389073303761,0.0009238494733403356
2615,0.0,4922.2418716560605,0.2079180562690885,0.013017423345581454,-0.07370792587705043,-0.01296367257147499,0.3708248573681481,-0.0032424071401042616
2616,0.0,4922.350434708803,0.0,0.00317283761491114,0.7457261456630224,-0.0010534159304377458,0.4832952438566104,-0.0025857097772043064
2617,0.0,4925.979612602859,0.06910263878497308,0.0059386594541253335,0.36970493380921915,-0.004075541934290319,0.44921815084239297,-0.00303265942433011
2618,0.0,4926.821455715576,0.0030691947026178696,0.0024718895357913307,0.42379905624053194,0.001065968675773009,0.44159242246183467,-0.0018030709942991744
2619,0.0,4923.827307636157,0.0,7.075851772684732e-05,0.828414787401696,0.009471956690564132,0.557639131943793,0.0015794373111598177
2620,0.0,4925.799256887646,0.0007292111421468025,0.004958960988335635,0.36620185723288756,-0.0022958385428388187,0.5002079495305214,0.0004168545549602267
2621,0.0,4924.260914635629,0.0,0.0005057968223961712,0.8284241672378597,0.0015422635527872408,0.5986728148427228,0.0007544772543083308
2622,0.0,4925.812577250411,0.12216392488784748,0.004241833673327367,0.10825987338158315,-0.0036982904944780452,0.45154893240438093,-0.0005813530703275819
2623,0.0,4925.259894711293,0.0,0.0019094872074008182,0.6955914265158907,0.0003897311945221482,0.5247616806378338,-0.0002900277908726628
2624,0.0,4925.687506223981,0.0,0.002944741321738539,0.606200567503331,-0.0002731967118864597,0.5491933466974829,-0.0002849784671768019
2625,0.0,4924.304268613209,0.0,0.001740352032000322,0.5788066607840779,0.0031957314073974936,0.5580773409234614,0.0007592344951954867
2626,0.0,4926.254900569241,0.05211800214891915,0.004148555486882874,0.28930933185765934,-0.0037985987757212375,0.47744693820372075,-0.0006081154860795306
2627,0.0,4927.726836512049,0.00012809561823393342,0.004477263631601908,0.49759801955134925,-0.0038320643347597347,0.48349226260800926,-0.0015753001406835917
2628,0.0,4930.189075124527,0.0014955742174491418,0.004499129103123106,0.5616639246989154,-0.0044305726388026954,0.5069437612352811,-0.0024318818901193228
2629,0.0,4934.280827878224,0.010373993495368241,0.007403048545330483,0.5124584630201225,-0.006782218844899979,0.5085981717707335,-0.0037369829765535193
2630,0.0,4939.995337722579,0.0,0.009222143516827288,0.4307218958675571,-0.009216310916175948,0.4852352889997805,-0.005380781358440247
2631,0.0,4943.059649878189,0.0018236336059444071,0.002806245033168288,0.4600037267980756,-0.002267093833677081,0.477665820339269,-0.004446675101011297
2632,0.0,4946.4134665611655,0.015536000226648724,0.0029282374134582596,0.32403849903511084,-0.001196859378617132,0.43157762394802157,-0.0034717303842930476
2633,0.0,4949.4775223805245,0.0054591895687696405,0.0022445470900956115,0.45122747106625727,-0.0016068409607655832,0.43747257808349227,-0.002912263557234808
2634,0.0,4948.331969675482,0.022735110831028763,0.00032975001566971674,0.4592143484664394,0.006124298267363323,0.44399510919837637,-0.00020129500985536911
2635,0.0,4951.472296664284,0.02126097691912266,0.0038953017644006204,0.42666810764912616,-0.0035003527291406606,0.4387970087336013,-0.0011910123256409564
2636,0.0,4955.021463544062,0.05819541300920418,0.007409490640225584,0.2247375139371343,-0.00713478985070337,0.3745791602946612,-0.0029741455831596804
2637,0.0,4956.521956911013,0.004665367831738284,0.003916451235003791,0.5034179756662431,-0.0017614672759734668,0.41323080490613573,-0.002610342091003816
2638,0.0,4959.14216326124,3.867622823394803e-05,0.003458895348361111,0.5842240670806154,-0.002251930660055838,0.4645287835584796,-0.0025028186617194223
2639,0.0,4959.856575491101,0.0,0.0020347681304907794,0.5815496412640647,0.0013350316434886371,0.4996350408701551,-0.0013514635701570043
2640,0.0,4964.240232914323,0.08354156236274074,0.00650431665258447,0.4071389903790416,-0.006469205877000187,0.471886225722821,-0.002886786262209959
2641,0.0,4965.29351179375,0.0,0.0018424783214378202,0.6457240625884245,-0.0006662736856338353,0.5240375767825021,-0.002220632489237122
2642,0.0,4968.007057370715,0.0,0.003979668340327622,0.561902166697396,-0.0025536245751567833,0.5353969537569703,-0.0023205301150130203
2643,0.0,4968.811416320186,0.0,0.002542671916872252,0.6439187755588895,0.0007340997863499532,0.567953500297546,-0.001404141144604128
2644,0.0,4967.037648441344,0.0,0.00034516926620727057,0.6714800849665248,0.006171074498419998,0.5990114756982396,0.0008684235483031098
2645,0.0,4970.3602498803875,0.0,0.005579783892500945,0.7672101607162155,-0.005495623620225,0.6494710812036324,-0.001040790602255323
2646,0.0,4970.892463322465,0.0,0.0035161111686930354,0.6020569169722075,-0.00197001959205138,0.6352468319342048,-0.00131955929919414
2647,0.0,4971.397923009159,0.0078114102369560255,0.001692063683654896,0.423237711996329,8.609750087104013e-05,0.571644095952842,-0.000897862259174586
2648,0.0,4970.1255924192255,0.0,0.0004564346514318687,0.6748300431790822,0.0040626405931554616,0.6025998801207141,0.0005902885965244282
2649,0.0,4969.132346153265,0.017223620031792817,0.0006483530336038199,0.3490295457683123,0.0029799408825355467,0.5265287798149935,0.0013071842823277637
2650,0.0,4970.934858522039,0.0,0.005072831950464402,0.7772534637893868,-0.004424584068088204,0.6017461850073114,-0.00041234622279702666
2651,0.0,4971.618730570647,0.0,0.0035849179241502203,0.6812865601861945,-0.0027692026360759537,0.6256082975609762,-0.0011194031467807047
2652,0.0,4972.122252494476,8.189037240070105e-05,0.0026057676187710935,0.5257850865326991,-0.0005728348947797923,0.595661334252493,-0.0009554326711804309
2653,0.0,4970.823573230937,0.0029282939127305563,0.0017434548635532352,0.366335312007771,0.00391143643823495,0.5268635275790764,0.0005046280616441834
2654,0.0,4973.48152925874,0.0396829253654661,0.006420915310258477,0.1850928611869915,-0.004563192194677703,0.4243323276614509,-0.0010157180152523826
2655,0.0,4974.711387501057,0.0,0.004137702944753498,0.6001449759421942,-0.0030455373184074177,0.47707612214567385,-0.001624663806198893
2656,0.0,4975.230611404584,0.0,0.0017983018141112894,0.6840712118643144,4.4017458799700036e-05,0.539174649061266,-0.001124059426699315
2657,0.0,4975.99807097044,0.0,0.0008876021907431,0.6523578526461824,0.00014031984537016083,0.5731296101367409,-0.0007447456450784722
2658,0.0,4978.768766873079,0.00012809561823393342,0.006030796226056372,0.5476764693022932,-0.0045703568258080845,0.5654936678864065,-0.0018924289992973558
2659,0.0,4979.548033717655,0.03800827194926602,0.0020940363482561315,0.25876324376427173,-0.0007688446709401001,0.4734745406497661,-0.0015553537007901791
2660,0.0,4981.423401103904,0.0,0.003903710408614774,0.6228102504821855,-0.001870928776219139,0.5182752535994919,-0.001650026223418867
2661,0.0,4983.4001078545125,0.0,0.0032438069830946614,0.5256317081534311,-0.002429227866134577,0.5204821899656736,-0.00188378671623358
2662,0.0,4987.536071321786,0.0,0.006860061198569651,0.5666919080604471,-0.006819322127582277,0.5343451053941057,-0.0033644473396381887
2663,0.0,4991.388283942161,9.914009868824599e-05,0.006443437417581907,0.4758761097101351,-0.005922979823887329,0.5168044066889146,-0.004132007084912931
2664,0.0,4994.831664476037,0.030890429805310985,0.004295650320057055,0.413258275643632,-0.0034969098382470255,0.4857405673753298,-0.00394147791091316
2665,0.0,4997.7324245492255,0.0,0.003340850289723318,0.5561155997037704,-0.0015748478594014952,0.506853077073862,-0.00323148889545966
2666,0.0,5002.0551730265,0.04294875954247267,0.0049163488470357775,0.226410461728477,-0.0047653744664773795,0.42272029247024645,-0.003691654566764975
2667,0.0,5001.645203879274,9.942961995622623e-05,0.0013251609597596066,0.5610242975125371,0.004374055596438774,0.4642114939829336,-0.0012719415178038503
2668,0.0,5004.956522258847,0.0015913802357985637,0.0036285062152278487,0.3340315379308473,-0.0030001088871571017,0.42515750716730766,-0.0017903917286098256
2669,0.0,5003.331357539811,0.0,0.0012196069171391138,0.6416022141475972,0.004785298567733294,0.4900909192613945,0.0001823153602931104
2670,0.0,5008.825941670741,0.02970997714370978,0.009679189697909237,0.29029672179351595,-0.009589655362147871,0.4301526600210309,-0.002749275856439184
2671,0.0,5010.559882726551,0.02658813592155169,0.004319912168269302,0.29038765893059565,-0.0036877358725598114,0.3882231596939003,-0.0030308138612753725
2672,0.0,5012.046263708712,0.0,0.0018631194053724456,0.8687270023394744,-0.00010651411815845473,0.5323743124875725,-0.002153523938340297
2673,0.0,5016.596543853033,0.0,0.006254301670941449,0.6884184552986261,-0.006232922364409038,0.5791875553308885,-0.003377343466160919
2674,0.0,5016.779703075425,0.0,0.000782180204130113,0.7405274019601704,0.0020023950335456816,0.6275895093196731,-0.0017634219162489385
2675,0.0,5018.533159655686,0.0,0.0010703874016680978,0.7994837758276162,-6.149251844985705e-05,0.679157789272056,-0.001252843096909214
2676,0.0,5022.676828286865,0.0,0.006747285700315492,0.6090494523416737,-0.006743543356493671,0.6581252881929412,-0.002900053174784551
2677,0.0,5020.930690491215,0.0,0.0019349406264642782,0.5284533790930628,0.005063667515836077,0.6192237154629777,-0.0005109369675983626
2678,0.0,5023.401735801699,0.0,0.002638019588497925,0.7600589241826836,-0.0021058332994585553,0.6614742780788895,-0.0009894058671564203
2679,0.0,5023.713804746444,0.004010813355595376,0.0024876917201573476,0.4326307178990472,-7.669238250532448e-05,0.5928212100249368,-0.0007155918217610915
2680,0.0,5025.9548485462665,3.867622823394803e-05,0.004626259000172549,0.5033303809331523,-0.0036083938121017783,0.5659739612974014,-0.0015834324188632974
2681,0.0,5030.483215936971,0.00782283731357842,0.008697441066969938,0.32581526324663196,-0.008622714232179298,0.49392635188217054,-0.0036952169628580974
2682,0.0,5027.190465239518,0.0034848886750525384,0.0,0.46544652195909225,0.008663273429459079,0.48538240290524703,1.233015483705557e-05
2683,0.0,5027.902568573332,0.019545085228417493,0.0020380037707425224,0.35574496652391907,0.00236512196774681,0.44649117199084865,0.0007181676987099819
2684,0.0,5027.609617976537,0.0030691947026178696,0.0025215282078180955,0.5484851613093874,0.0005675461779210418,0.47708936878641023,0.0006729812424732999
2685,0.0,5028.622078984675,0.0,0.0032019985996910912,0.6608408496676373,-0.002885426004880038,0.5322148130507783,-0.00039454093173270154
2686,0.0,5026.198895347936,0.0,0.00017692168416670232,0.5957367584772426,0.0043637163211202815,0.5512713966787176,0.0010329362441231934
2687,0.0,5028.8198616648715,0.00022648228644908197,0.0060055960207367354,0.75107268471829,-0.005092405366568061,0.6112117830905893,-0.0008046662390841829
2688,0.0,5028.929695481061,0.0,0.0021480168035523293,0.7276565452933471,-0.0012712679447270704,0.6461452117514166,-0.0009446467507770491
2689,0.0,5029.518229876746,0.0,0.0009755255855048292,0.5865517018812273,-0.0003485590440171312,0.6282671587903598,-0.0007658204387490737
2690,0.0,5032.460067367793,0.07185138111353553,0.005141060324929654,0.2257139621104513,-0.005112911889340729,0.5075011997863872,-0.0020699478739265704
2691,0.0,5032.438090695736,0.004842569879360137,0.0016211466743211445,0.4654098542529751,0.000929762185228576,0.4948737961263635,-0.0011700348561800263
2692,0.0,5033.868605281807,0.004970665497594071,0.0038003256868599277,0.4576959144308853,-0.0007752915666328464,0.48372043161772,-0.0010516118693158724
2693,0.0,5037.137193848,0.0,0.005617339369165087,0.6216290251922447,-0.005546956043159903,0.5250930096900774,-0.0024002151214690816
2694,0.0,5042.621537511955,0.2647675589693024,0.010230277972640115,-0.08540812913012513,-0.010230277972640115,0.3419426680440167,-0.004749233976820391
2695,0.0,5045.915890453265,0.0,0.005154385336237884,0.6316759741922877,-0.00416512646049978,0.428862659888498,-0.004574001721924207
2696,0.0,5049.720800510256,0.0,0.004629442959803175,0.706415551869524,-0.002789193821129477,0.5121285274828058,-0.004038559351685788
2697,0.0,5052.437765126392,0.0,0.0017759463328775504,0.53556539609195,-0.0007274845169569614,0.5191595880655491,-0.0030452369012671397
2698,0.0,5056.123835826604,0.0063569747292723825,0.004287376366019358,0.46905940232574717,-0.003345596429884702,0.5041295323436085,-0.0031353447598524084
2699,0.0,5058.531071641167,0.0033272392832469273,0.0031381178495252333,0.3626262178023642,-0.0017123134765247318,0.4616785379812352,-0.002708435374854105
2700,0.0,5058.574806317383,0.0,0.00017501718976312537,0.7062480868245742,0.0032877216900140064,0.5350494026342368,-0.0009095882553936715
2701,0.0,5059.487426732803,0.0,0.0019433697560904207,0.48130438644288903,0.0009578938273230742,0.5189258977768325,-0.0003493436305786478
2702,0.0,5064.75554385063,0.2506968676874374,0.010013200244827276,-0.22689170173627876,-0.010013200244827276,0.2951806179228991,-0.003248500614853236
2703,0.0,5066.890630360957,0.0,0.004412882248552458,0.5798958385505283,-0.003948843089045025,0.38059518411118787,-0.0034586033571107726
2704,0.0,5072.691635606194,0.0,0.00862944393693949,0.6689420543729273,-0.008557464313890924,0.4670992451897097,-0.004988261644144818
2705,0.0,5075.128646101493,0.048846310935093916,0.003233494710479662,0.35026082300691824,-0.0012665491330435834,0.4320477185348722,-0.0038717478908144474
2706,0.0,5084.986077633126,0.32022832403292667,0.015178886982802554,-0.26404442977251535,-0.015178886982802554,0.22322007404265592,-0.007263889618410879
2707,0.0,5088.637530656431,0.0,0.003912160115385092,0.8769315646932573,-0.0032714610115198287,0.4193335212378363,-0.006066161036343564
2708,0.0,5094.495908600513,0.0,0.004755812477797826,0.5399976769140372,-0.004385645654476621,0.4555327679406965,-0.005562006421783481
2709,0.0,5100.280031251168,0.003618655286169327,0.006001373764903328,0.6623783332191295,-0.005499587508432698,0.5175864375242264,-0.005543280747778246
2710,0.0,5110.171652255159,0.005944810529522674,0.014582817037800736,0.3569817074342718,-0.014582817037800736,0.46940501849724,-0.008255141634784992
2711,0.0,5111.182818489859,0.0,0.0003792033376267958,0.7587525807618868,0.004011618691427922,0.556209287176634,-0.004575113536921118
2712,0.0,5113.214953625452,0.0,0.00011266147633622201,0.7857659789857342,0.0045561207344535235,0.625076294719364,-0.0018357432555087254
2713,0.0,5116.600586770916,3.867622823394803e-05,0.0038523809993014,0.6668414020810667,-0.0022111698164455954,0.6376058269278748,-0.0019483712237897861
2714,0.0,5117.580656176152,0.0,0.002581424571775881,0.5749939569195155,-4.83965687608139e-05,0.618822265925367,-0.0013783788272810945
2715,0.0,5120.560066555476,0.0,0.004796857524839706,0.7221414208903378,-0.0041201191476751935,0.6498180124148583,-0.0022009009233993244
2716,0.0,5126.998061191818,0.12527288318063656,0.01188497334215252,0.11603109263346824,-0.01188497334215252,0.4896819364804412,-0.005106122649025283
2717,0.0,5123.729881563592,0.003618655286169327,0.0003502734083622197,0.5146197675883265,0.009314067797720938,0.4971632858128068,-0.0007800655150014164
2718,0.0,5127.615737242141,0.04563247558185352,0.0033816959278308175,0.23654223438853597,-0.002744152174450384,0.4189769703855255,-0.0013692915128361066
2719,0.0,5130.461858181677,0.02650570359540135,0.00518412809791389,0.36597398731431946,-0.0050597965662069,0.4030760754641637,-0.0024764430288473447
2720,0.0,5131.434912216009,0.012292285905944726,0.002173547208777254,0.406485674958961,-0.0004976654527869516,0.40409895531260287,-0.0018828097560292267
2721,0.0,5135.7489570401585,0.014118038457053467,0.00689405453069775,0.4335586089092678,-0.006329514822095065,0.4129368513916023,-0.003216821275848978
2722,0.0,5135.9475028085135,0.0,0.0015489576249711552,0.7291166546438621,0.00168165736495291,0.5077907923672802,-0.0017472776836084114
2723,0.0,5136.149752815921,0.14979182257775062,0.0016458679786558728,0.169707805639027,0.003002304550394678,0.4063658963488042,-0.0003224030134074844
2724,0.0,5137.621210455295,0.005974386439101182,0.0023855915015907996,0.44170117183176544,-0.0012320223693796427,0.41696647899369255,-0.0005952888201991318
2725,0.0,5135.377658299232,0.0,0.0,0.5428690080401917,0.00503470716494135,0.4547372377076423,0.0010937099753430127
2726,0.0,5141.039067549887,0.12026851589660385,0.011220081333461248,0.030465363706962307,-0.011220081333461248,0.32745567550743826,-0.0026004274172982656
2727,0.0,5144.7606721249385,0.10217206854056424,0.008784272946620545,0.07692527012681431,-0.008784272946620545,0.25229655389325106,-0.004455581076094949
2728,0.0,5149.413250840055,0.02278191270272897,0.006883959678387138,0.4051692293507442,-0.006798444551970905,0.298158356530499,-0.0051584401188577355
2729,0.0,5155.227028139961,0.0,0.007415390704859493,0.5769983988096684,-0.007255870748919634,0.3818103692142498,-0.005787669307876305
2730,0.0,5158.42001284835,0.000124860838401345,0.0032562323799763472,0.48868765786144225,-0.0010375234641722137,0.4138735558084075,-0.004362625554765077
2731,0.0,5162.637662232102,0.0,0.003361720037758779,0.45041600520941744,-0.002576171288996427,0.4248362906287104,-0.0038266892750344816
2732,0.0,5167.852669446241,0.0,0.006209717419437809,0.6491126923519959,-0.006160751356782453,0.492119211145696,-0.004526907899558873
2733,0.0,5175.0074472946335,0.0,0.010731031360177638,0.5376658202183594,-0.010731031360177638,0.505783193867495,-0.006388144937744502
2734,0.0,5178.5712632487985,0.0,0.004046390591651616,0.7270911366516836,-0.0024429148033977017,0.5721755767027517,-0.005204575897440461
2735,0.0,5182.368879527042,0.0,0.0026428375471387274,0.7038187670576647,-0.00104052560712902,0.6116685338092255,-0.003955360810347028
2736,0.0,5185.0068171168205,0.07711929949028502,0.0037685864876709513,0.25749106537782046,9.053661489018688e-05,0.505415293279804,-0.0027415915827758634
2737,0.0,5185.47793286944,0.0,0.0020030846404855422,0.5605116603721598,0.003252909342104841,0.5219442034075107,-0.0009432413053116521
2738,0.0,5188.363445688012,0.0,0.003341080604603521,0.6057825802611887,-0.0031163587522426567,0.5470957164636141,-0.0015951765393909536
2739,0.0,5187.477985463193,0.0,0.0006518212371755819,0.5701081651632334,0.002893717517210546,0.5539994510734998,-0.0002485083224105036
2740,0.0,5190.787803401262,0.0020104988404492812,0.0052876073411041325,0.48454758444048884,-0.005223457295676367,0.5331638910835965,-0.0017409930143902626
2741,0.0,5191.878946344967,0.03422967133175568,0.0033278934927190376,0.3170908621184571,-0.0019418102546078179,0.46834198239405467,-0.0018012381864555291
2742,0.0,5194.739420618115,0.0,0.004958537286824497,0.5758268263291696,-0.004070735421300845,0.5005874355745892,-0.002482087356909124
2743,0.0,5194.811889627478,0.0,0.0017314556979821664,0.6417702625125387,0.0018287329812552886,0.542942283655974,-0.0011888412554598
2744,0.0,5195.875039652119,0.001943715876009938,0.002677597959119187,0.4677112073360236,0.0004201468310893591,0.5203729607599888,-0.0007061448294950522
2745,0.0,5199.935499121387,0.08074777007058999,0.007494223302276383,0.15753590031699402,-0.0071914915519746565,0.4115218426270904,-0.0026517488462389333
2746,0.0,5202.044000136871,0.0,0.00467602532513861,0.6158352442627231,-0.0035466533829400337,0.47281586311778023,-0.002920220207249263
2747,0.0,5202.998318119456,0.017703903200464045,0.0010508208645556678,0.41129618690138037,0.000895751759748148,0.45435996025286024,-0.0017754286171500395
2748,0.0,5204.838239548079,0.002711184677061649,0.0021749910926808598,0.4635568441836608,-0.0007172974013660214,0.45711902543210037,-0.001457989252414834
2749,0.0,5203.996034942526,0.01573665334833242,0.0012500235805414383,0.3346097700348904,0.0036647472899501645,0.4203662488129374,7.883171029466544e-05
2750,0.0,5207.9748159183555,0.08342146350177843,0.007133960756807351,0.18741941279898777,-0.006773672882971578,0.35048219800875247,-0.0019769196676852076
2751,0.0,5208.834154599324,0.03059988414376316,0.0031398172164113516,0.3775092632679477,-0.0017900336307560907,0.358590317586511,-0.0019208538566064725
2752,0.0,5210.335520775643,0.08123689487421865,0.002843816163952269,0.21315778449898934,-0.0009885193028002768,0.31496055766025444,-0.0016411534904646138
2753,0.0,5214.379761349749,0.0,0.006763806730233518,0.6755475518654456,-0.006356230366651346,0.4231366559218117,-0.0030556765533206335
2754,0.0,5216.213257710401,0.0011066488240142345,0.003397500158117117,0.382362610762416,-0.0019829293424019094,0.410904442373993,-0.002733852390045016
2755,0.0,5220.495778189772,0.015206595485638711,0.00567588184646683,0.12042287891372526,-0.00562501073939678,0.32375997333591267,-0.0036011998948505446
2756,0.0,5221.634978156859,0.0,0.0008305524188032604,0.714576598732328,0.0006244796371537055,0.4410049609548372,-0.0023334960352492692
2757,0.0,5225.482973180853,0.0,0.004496883114379297,0.7782184439506675,-0.004168177408051655,0.5421690058535863,-0.002883900447089985
2758,0.0,5225.209668692723,0.0,0.0006338750041075483,0.5512866988313992,0.0031202719056172604,0.5449043137469302,-0.0010826487412778111
2759,0.0,5222.765369670867,0.0,9.94989859174963e-06,0.7867352642386264,0.008141462958808864,0.617453598894439,0.0016845847687481917
2760,0.0,5222.653444714378,0.0,0.0021514831052415434,0.5025039044429773,0.0012907450661489507,0.5829686905590005,0.0015664328579684194
2761,0.0,5218.267925881548,0.0,0.0005552987991990212,0.7387676709115683,0.007316453731868731,0.6297083846647707,0.003291439120138513
2762,0.0,5222.887659712638,0.2598985771005423,0.01139328967182903,-0.24556297796331705,-0.01139328967182903,0.36712697587634435,-0.00111397951745175
2763,0.0,5221.810111136155,0.03428391953111287,0.002205926859353755,0.23653831463657105,-0.0011372737359087238,0.32795037750441236,-0.001120967782988842
2764,0.0,5218.515066665766,0.0,7.317169789777377e-05,0.7887746753037207,0.008071778301612004,0.4661976668442048,0.001636856042391412
2765,0.0,5219.070271219855,0.0,0.0027713638615077486,0.5657517752729228,-5.7203715505023334e-05,0.49606389937282014,0.0011286381150224813
2766,0.0,5218.484992921099,0.0,0.002039000974419167,0.6584327253425939,-0.0005327551765399272,0.5447745471637522,0.0006302201275537587
2767,0.0,5214.06298305672,0.0,0.0015056844497563552,0.6596712068721068,0.008010596675656914,0.5792435450762585,0.002844333091984705
2768,0.0,5216.678941198923,0.020582096543959403,0.006460249517010702,0.3502122934394595,-0.006224905974622594,0.5105341695852188,0.0001235613720025155
2769,0.0,5218.38372419203,0.0,0.008333555746781194,0.5520244537859604,-0.0065196265969566175,0.5229812548454412,-0.0018693950186852242
2770,0.0,5218.769712771926,0.0,0.0013630963979039796,0.7217957023968569,-0.0008549611781735715,0.5826255891108658,-0.0015650648665317282
2771,0.0,5219.587379994898,0.0,0.0021745852603050177,0.5851599350427096,0.0003090241327102722,0.5833858928904189,-0.001002838166759128
2772,0.0,5220.590621904258,0.0,0.002281059805104433,0.556641297375117,-0.0004180264849146497,0.5753625142358283,-0.0008273946622057845
2773,0.0,5224.000717781684,0.0,0.006025633222200756,0.6670849402270386,-0.006025268543340569,0.6028792420331913,-0.0023867568265462198
2774,0.0,5225.106786542031,0.006036505070869084,0.002014383619817268,0.40677164416699707,-0.0013429922764846955,0.5440469626733331,-0.0020736274615277624
2775,0.0,5225.613060662302,0.0,0.0015662908938642085,0.6143641573083105,0.001517868421316869,0.5651421210638263,-0.0009961786966743728
2776,0.0,5226.5687258229345,0.0008536722986720919,0.001885988952310539,0.3159648087684438,0.0002105669668015193,0.49038892737521156,-0.0006341549976316052
2777,0.0,5229.45343549224,0.0,0.0050013746904559574,0.4905968125835453,-0.004945702543783356,0.49045129293771167,-0.0019276192614771303
2778,0.0,5229.293988688037,0.0,0.0018260317372969235,0.5279459689735151,0.0010730764338510203,0.5016996957484526,-0.001027410552878685
2779,0.0,5233.3868135699795,0.0008685559147197939,0.006684770655248098,0.42486276063748185,-0.006475973000305011,0.4786486152151614,-0.0026619792871065825
2780,0.0,5236.024514141703,0.022803625075979803,0.004324754901015332,0.39476183526114667,-0.004314074394875808,0.45348258122895696,-0.00315760781943735
2781,0.0,5241.836983266852,0.0,0.009204848594183428,0.5674198003704525,-0.009204848594183428,0.4876637469714056,-0.004971780051861174
2782,0.0,5241.3427340597045,0.004310910658098191,9.443601684236621e-05,0.29150819628020896,0.004526018162297515,0.42881708176404654,-0.002122440587613567
2783,0.0,5244.749418981481,0.000691413120854776,0.0036825924954121524,0.6710173713812453,-0.0018298876751940917,0.5014771686492061,-0.0020346747138877243
2784,0.0,5244.893472344397,0.0,0.0013676325495523202,0.5442423645108941,0.001995542552434002,0.5143067274077124,-0.0008256095339912062
2785,0.0,5245.315005516461,0.0,0.0022752064982984824,0.6520782085688754,0.0012756591157489512,0.5556381717560613,-0.00019522893906915895
2786,0.0,5249.966177119306,0.04425995364806493,0.00884707825589155,0.36855643408117617,-0.008821796368890893,0.49951365045359575,-0.002783199168015679
2787,0.0,5246.730009129454,0.012576145399922231,0.0005953000704483952,0.4047817875785113,0.0070613467557227505,0.4710940915910704,0.00017016460910584952
2788,0.0,5250.288462859757,0.0,0.004566233384501009,0.67117577871929,-0.0045213696634947695,0.5311185977295363,-0.001237295672674336
2789,0.0,5248.507803823195,0.0,0.0009457202175635625,0.8769315646932573,0.0035840055113809492,0.6348624878186526,0.00020909468254224966
2790,0.0,5249.520792267282,0.006228879111038447,0.0026031533983355503,0.30401665199387223,-0.0008302552112508798,0.5356087370712185,-0.00010271028559568916
2791,0.0,5249.220931268095,0.0,0.002134215800824226,0.7807221108201463,0.0004111830492235484,0.6091427491958968,5.14577148500821e-05
2792,0.0,5248.764283529522,0.059922082351947625,0.0036118777233709706,0.16916871532540653,0.0010561952647377539,0.47715053903474974,0.00035287897981638356
2793,0.0,5245.906683942995,0.0,0.0001674595681929193,0.834188831190209,0.005885027394805434,0.5842620266813875,0.0020125235043130987
2794,0.0,5250.999380135952,0.03499352263288908,0.011061221151982138,0.2007442069069637,-0.011061221151982138,0.46920668074906036,-0.0019095998925754726
2795,0.0,5248.395452132783,0.0,0.00019793148239392018,0.9240491066584617,0.0034080380184638714,0.6056594085218807,-0.0003143085192636693
2796,0.0,5247.24816473966,0.0,0.0019796016192900182,0.533786763231163,0.00439244481207709,0.5840976149346654,0.0010977174801385585
2797,0.0,5244.747944214439,0.0,0.00022979404019740548,0.7511535316876818,0.005490459240103874,0.6342143899605703,0.002415540008128153
2798,0.0,5244.460089961109,0.0,0.003602782840405722,0.8039375799011924,-0.0006444068477102885,0.6851313469427569,0.0014975559513766205
2799,0.0,5244.928667495133,0.00012809561823393342,0.0035760619357159225,0.5568998996039877,-0.0035547888689920035,0.646661912741126,-1.8147494733966726e-05
2800,0.0,5242.142426783736,0.0,3.7636419935537634e-05,0.6927920623438563,0.0042454701783399395,0.660500957621945,0.0012609378071882051
2801,0.0,5243.708318554355,0.0009745752572769129,0.004293744959411454,0.45190816335804873,-0.0032959099570764837,0.5979231193427761,-0.0001061165220912015
2802,0.0,5248.117297954857,0.01424899360195548,0.010494429111780113,0.5491137204971562,-0.010494429111780113,0.5832802996890901,-0.0032226102989978745
2803,0.0,5249.7864378396425,0.07184161706546381,0.006058094514611762,0.21536277473862556,-0.003232561286999804,0.47290504220395074,-0.003225595595398453
2804,0.0,5252.072811614253,0.0,0.002958640696899671,0.5416626116750817,-0.0012719931525059579,0.49353231304529,-0.0026395148625307043
2805,0.0,5251.282747231564,0.0,0.0011286882988113824,0.7412515065085281,0.005115942661747631,0.5678480710842614,-0.00031287760524720373
2806,0.0,5252.949897253782,0.014053165646847735,0.0022175784969716335,0.29760100832847297,-0.0007106979975990363,0.48677395225752484,-0.00043222372295275346
2807,0.0,5251.936972469666,0.02572917575254214,0.0012563625497928742,0.3032442797168257,0.0024541834608283303,0.4317150504953151,0.0004336984321815717
2808,0.0,5251.795215923482,0.0,0.0017498823992642542,0.7742611362681586,0.0007274884146190683,0.5344788762271682,0.0005218354269128206
2809,0.0,5251.449160271373,0.0,0.0019430373272157054,0.5445549014837272,0.00024743693225032036,0.5375016838041358,0.00043951587851407054
2810,0.0,5251.18564716225,0.0,0.0022067860421740425,0.6380859419597618,-1.2906087298090528e-05,0.5676769612508236,0.0003037892887704222
2811,0.0,5250.3713838057365,0.0,0.0011233034098088119,0.856420158808801,0.001225895065583875,0.6542999205182167,0.000580421021814458
2812,0.0,5247.556789353628,0.0,0.0006073838352650892,0.743922496421711,0.00552310705684697,0.681186693289265,0.0020632268323242113
2813,0.0,5245.983380031033,0.0,0.001472777908238944,0.791280835031079,0.0025873630730016152,0.7142149358118092,0.0022204677045274323
2814,0.0,5244.4227503791335,0.07742879777655913,0.0012054948017918793,0.27292798980920996,0.0010095976700996378,0.5818288520110294,0.001857206694199094
2815,0.0,5244.614224015213,0.0,0.0030224828839780903,0.7212973955143224,-0.0027892742129723364,0.6236694150620172,0.0004632624220476647
2816,0.0,5241.92740116004,0.0,0.0018897759484130942,0.6124425586549875,0.0036436547075670944,0.6203013581399083,0.0014173801077034935
2817,0.0,5238.02990070478,0.0002609987420391182,0.0017468750466079444,0.5099579466743789,0.0075781700876713,0.5871983347002494,0.0032656171016938354
2818,0.0,5237.45676021266,0.011894344688651968,0.0015225120557999397,0.35042612009120694,-0.00041846229951150824,0.5161666703175366,0.0021603932813322323
2819,0.0,5235.189669185565,0.028866133662512908,0.002256169126418476,0.29204948388754837,0.0012314054387949618,0.4489315143885401,0.001881696928571051
2820,0.0,5239.644950360505,0.053438938935197716,0.01162701268337598,0.4316277951326292,-0.011610649487873185,0.44374039861176684,-0.00216600699636222
2821,0.0,5241.533595961408,0.0,0.00589544496558955,0.6296449370647509,-0.005804529010958868,0.49951176014766197,-0.0032575636007412144
2822,0.0,5241.833278091076,0.0,0.0016475330103211787,0.5886248378473283,0.0017676513344340981,0.5262456834575618,-0.0017499991201886203
2823,0.0,5246.677773564771,0.0072411105796197335,0.006747079774078353,0.41589056647581024,-0.006626486856085073,0.49313914836303635,-0.003212945440957556
2824,0.0,5246.613171198085,0.0,0.0014063447264678634,0.5279216282179565,0.0020913767408323237,0.5035738923195124,-0.0016216487864205921
2825,0.0,5247.490724032785,0.0,0.002557071883077824,0.6320958723861517,0.0015861517948059015,0.5421304863395042,-0.000659308612052644
2826,0.0,5244.965567980916,0.006826537002703753,0.00029030148314379653,0.41043251761491406,0.006977430452751647,0.5026210957221271,0.0016317131073886432
2827,0.0,5243.178549471735,0.03413373871481934,0.001704803692814559,0.47335214013282395,0.004341746985540076,0.4938404090453361,0.0024447232708340733
2828,0.0,5240.569744363964,0.0,0.001408823485366701,0.5827291762271293,0.003633446018043088,0.5205070391998741,0.0028013400949967776
2829,0.0,5240.656420049676,0.004277177896328229,0.004354069305401712,0.46917510542548696,-0.0028438835896464946,0.5051074590675579,0.0011077729896037958
2830,0.0,5240.631545622399,0.013305161129006987,0.003783286232107874,0.4676505928399824,-0.0029123980833581104,0.4938703991992852,-9.827833228477612e-05
2831,0.0,5241.13712218227,0.0,0.0024763678845859337,0.5310265952181121,-0.002203119766724917,0.5050172580049332,-0.0007297307626168184
2832,0.0,5240.321905719938,0.0,0.003156493036353452,0.726007833671908,0.0018311463410994866,0.5713144307050256,3.853236849807307e-05
2833,0.0,5241.447987196847,0.0,0.001910921172147269,0.4645209618162588,-0.0015874723811909425,0.5392763900383956,-0.0004492690564086316
2834,0.0,5235.043962036383,0.0,0.0,0.6225901317259893,0.013320300744464098,0.5642705125446736,0.003681601883853187
2835,0.0,5240.77057537599,0.010373993495368241,0.011648182659779453,0.4436939840272034,-0.011615855935583315,0.5280975539894325,-0.0009076354619777637
2836,0.0,5238.111775116039,0.0,0.0018019103882377114,0.7710329144968983,0.0017419833901329406,0.6009781621416721,-0.00011274980634455242
2837,0.0,5237.4685580076775,0.0,0.0016222457035182756,0.6662201658243547,0.0022901871572447562,0.6205507632464768,0.0006081312827322402
2838,0.0,5240.5319839390895,0.0,0.006445580746220679,0.4458476008939635,-0.006290028445613196,0.5681398145407228,-0.0014613166357713907
2839,0.0,5240.856635099376,0.0,0.0030020749519173466,0.5585065998390706,-0.0012489384769517522,0.5652498501302271,-0.001397603188125499
2840,0.0,5240.9483929706785,0.0,0.003144587002309905,0.7187022497697007,0.0013892760632207837,0.6112855700220692,-0.0005615394127216142
2841,0.0,5240.310578929235,0.0,0.0016533378124614906,0.5774935164171733,0.002808013382833793,0.6011479539406004,0.000449326425945008
2842,0.0,5241.459247724542,0.0,0.003187314051667116,0.6781019101330141,-0.0018268450363868568,0.6242341407983245,-0.00023352501275455143
2843,0.0,5241.487182267795,0.00026730066581259277,0.003031078959433689,0.6683150669268492,-0.0005165151166038872,0.6374584186368819,-0.00031842204390935213
2844,0.0,5243.179333922576,0.016871713056867476,0.003843237202260412,0.5785993311447512,-0.003268793140678366,0.6198006923892426,-0.0012035333729400563
2845,0.0,5241.547548345045,0.0,0.00034793906803393164,0.6725971733180426,0.0037813901394684315,0.6356396366678826,0.0002919436807824901
2846,0.0,5242.170975310732,0.0,0.0019492444197949591,0.6484995433965189,-5.7289901733691216e-05,0.6394976086864734,0.00018717360602763566
2847,0.0,5244.435366147454,0.0,0.005859925247193294,0.5106822700744347,-0.00502938781090499,0.6008530071028617,-0.001377794819052152
2848,0.0,5246.583549790502,0.0,0.0050344143031953855,0.5547880674249485,-0.0046129469784999075,0.5870335251994877,-0.0023483404668864782
2849,0.0,5246.177347912807,0.0,0.0013374945039273905,0.6657983175957408,0.0023793043678296657,0.6106629629183636,-0.0009300470164716351
2850,0.0,5249.362059241065,0.0,0.0044493055357156764,0.748415132703912,-0.004149875321845887,0.6519886138540281,-0.0018959955080839104
2851,0.0,5249.179286504723,0.0,0.0017498144109011416,0.5848675675563472,0.0014285753223742155,0.6318522999647238,-0.0008986242589464725
2852,0.0,5252.476036540619,0.04490702050661819,0.006587719733803237,0.15017224167015036,-0.004855791243073061,0.48734828247635176,-0.002085774354184449
2853,0.0,5255.21854008786,0.04342681494126526,0.004774728957316319,0.2807312100685135,-0.004690574855591888,0.42536316075400027,-0.00286721450460668
2854,0.0,5257.331193520277,0.0,0.002804225211835663,0.6893064112026078,-0.0021092124275672378,0.5045461358885825,-0.002639813881494847
2855,0.0,5257.591603266548,0.024023784351832694,0.0015289718100564324,0.46472252338207676,0.0025541537159627604,0.4925990521366308,-0.0010816236022575647
2856,0.0,5257.872200893205,0.001364991874549863,0.0031208357532847724,0.45473178330090563,0.0022102953877823194,0.48123887148591327,-9.404790524559939e-05
2857,0.0,5258.857226771972,0.0007768388073671839,0.003334715479190585,0.4618635655479404,-0.0009215273323605995,0.47542627970452134,-0.00034229173338009937
2858,0.0,5260.31223551139,0.01596400520997553,0.003430696424641879,0.32092500771073373,-0.0029190394835981294,0.429075898106385,-0.0011153160584455083
2859,0.0,5264.256028675563,0.06399075503415357,0.007817578671701814,0.16464407002857345,-0.007813210367323629,0.3497463496830415,-0.0031246843511089444
2860,0.0,5267.057414981651,0.006981405135188086,0.005672205297464524,0.29646390593990274,-0.004544238728837869,0.3337616165600999,-0.003550550664427622
2861,0.0,5271.913812829409,0.0,0.007080660383698341,0.5733981648529998,-0.0067146763727403535,0.40565258104796986,-0.004499788376921441
2862,0.0,5272.853719939292,0.0,0.0017214743319328358,0.6459042336423934,0.0019278416455604135,0.47772807682629687,-0.002571499370176885
2863,0.0,5274.991411620891,0.0007092210499857782,0.002287119008535948,0.41150887699395744,0.0003409010297176922,0.45786231687659507,-0.0016977792502085116
2864,0.0,5274.876201118637,0.0,0.0005326555449131046,0.7943542016401653,0.002989407859055603,0.5588098823056661,-0.0002916231174292773
2865,0.0,5276.434881685619,0.0,0.0029541046466979503,0.6125805883990116,-0.0014665801656852408,0.5749410941336697,-0.0006441102319060663
2866,0.0,5276.228745514534,0.0,0.0018980483342590792,0.7810993948697635,0.0007600623634114046,0.6367885843544978,-0.000222858453310825
2867,0.0,5276.760944597021,0.0,0.00233393354643494,0.7870083913485377,-0.00042851416139118466,0.6818545264527097,-0.00028455516573493286
2868,0.0,5279.208372304017,0.027711988541244677,0.005311329445149253,0.3500235728224774,-0.0048548070354716664,0.58230524036364,-0.0016556307266559528
2869,0.0,5277.2685590472065,0.005295118762242187,0.0004977011931900586,0.4740517891526267,0.004406673862942219,0.5498292050003359,0.00016306065022349899
2870,0.0,5282.850913387113,0.0,0.009931201270019186,0.6243421850583479,-0.009912083728299307,0.5721830990177396,-0.0028594826633333427
2871,0.0,5282.2632835677605,0.06289572708249543,0.00222221045809157,0.3023166130343163,0.00117351905730667,0.4912231532227126,-0.0016495821471413387
2872,0.0,5285.193460318382,0.00012809561823393342,0.004427285926619193,0.45774740044312634,-0.0030571745333565887,0.4811804273888367,-0.002071859863005914
2873,0.0,5290.445397649494,0.04749422657246488,0.009278024418074413,0.18305193081237434,-0.009136893875588005,0.39174187841589797,-0.004191370066780541
2874,0.0,5290.57019529494,0.0,0.0016177746561159367,0.6050274598021202,0.0020728326820670965,0.4557275528317646,-0.0023121092421262493
2875,0.0,5291.943285663618,0.0,0.0012329576715327693,0.6742061762126991,0.001601743436574565,0.5212711398460449,-0.001137953438516005
2876,0.0,5296.140137118037,0.00026730066581259277,0.006884544778178199,0.49259166817913647,-0.006287578676223388,0.5126672983459724,-0.00268284100982822
2877,0.0,5298.414000627224,0.0,0.0046409261942462424,0.5616095046233568,-0.0034400624369413336,0.5273499602291877,-0.002910007437962154
2878,0.0,5298.905633782312,0.0,0.0013588461041813458,0.6527258349433113,0.001891640622050376,0.5649627226434247,-0.0014695130199583947
2879,0.0,5295.514973771083,0.0,0.000687817350510555,0.535184671168289,0.010156362480436297,0.556029307200884,0.0020182496301600125
2880,0.0,5294.7412084803445,0.0,0.0005158463309500073,0.6097827179638101,0.003058660016905898,0.5721553304297617,0.002330372746183778
2881,0.0,5293.988477548031,0.0014589711940635164,0.002109487399759314,0.5169695717208035,-0.0006312527868553971,0.5555996028170742,0.001441885086272025
2882,0.0,5290.869313831522,0.0009298189203523972,0.00022009815876823606,0.5687345161295078,0.0040107075868568215,0.5595400768108042,0.0022125318364474636
2883,0.0,5292.414238309975,0.0,0.005229674510986719,0.653542000811954,-0.004812745121494855,0.5877406540111492,0.000104948749064768
2884,0.0,5295.475857663803,0.0,0.008716160950769849,0.6330695392650108,-0.008687467181319915,0.6013393195873076,-0.002532776030050637
2885,0.0,5294.714976671648,0.019301013517616747,0.0014351978049935185,0.520258494743719,0.0015813794546345255,0.577015072134231,-0.001298529384645088
2886,0.0,5297.886526337882,0.030759769897969285,0.006364597569617375,0.30615668918491024,-0.003914981382323353,0.49575755724943477,-0.0020834649839485677
2887,0.0,5301.181767987824,0.009845830950841666,0.005733269692773036,0.3739528065014823,-0.005425640954045672,0.459216132025049,-0.003086117774977699
2888,0.0,5299.755075503168,0.0,0.00038880576212500643,0.8687270023394744,0.0052711402752729525,0.5820693931193766,-0.0005789403599025036
2889,0.0,5298.965165856168,0.0,0.0008531470135211663,0.7295686559547118,0.004884473628515021,0.6263191719699771,0.0010600838366227536
2890,0.0,5303.298519008684,0.07727198536264099,0.009553733541691516,0.1189077991877822,-0.008468926352703927,0.4740957601353186,-0.0017986192201752506
2891,0.0,5303.927768101239,0.00979096123920466,0.00324136182826744,0.27109977721300377,-0.002340247138463349,0.41319696525862415,-0.00196110759566168
2892,0.0,5306.1238199683685,0.01256160059303642,0.002849963821117616,0.30872062402601297,-0.0026198335523501697,0.3818540628888408,-0.0021587253826682268
2893,0.0,5306.357829944405,0.0,0.0010989075879009702,0.6463619174867233,0.0016452465196819981,0.4612064192682055,-0.0010175338119631592
2894,0.0,5311.208475544728,0.04548513303977444,0.007865173261244026,0.45137799946634716,-0.007814442151561744,0.45825789332764794,-0.0030566063138427343
2895,0.0,5315.160532894314,0.00012809561823393342,0.007210865938861223,0.5520011686439541,-0.0070461631610976546,0.48638087592253976,-0.00425347336801921
2896,0.0,5321.102277723473,0.0,0.00901744209349323,0.5528000313512149,-0.00901744209349323,0.5063066225511423,-0.005682663985661416
2897,0.0,5327.110391843954,0.016553033591690525,0.007946608572461801,0.314921316785541,-0.007849425326579363,0.4488910308214619,-0.0063326923879368
2898,0.0,5328.971086614139,0.0021831160228187934,0.0009684325595194482,0.558354289736018,0.002306856396677005,0.4817300084958287,-0.003740827752552658
2899,0.0,5329.618980261923,0.0,0.0002936241140117877,0.6156926753647841,0.005402643960907064,0.5219188085565153,-0.0009977862385147412
2900,0.0,5330.487771762429,0.0,0.0011636361748278425,0.6419816507150781,0.0021282877094597336,0.5579376612040841,-5.996405412239875e-05
2901,0.0,5334.0760801034185,0.0004553693345490983,0.006621888815139541,0.5484363284794551,-0.006433783209687631,0.5550872613866954,-0.0019721098007919684
2902,0.0,5330.177594136826,0.0,0.0001758313997363869,0.6691410979016192,0.008266479561812702,0.5893034123411726,0.001099467007989433
2903,0.0,5331.225084435411,0.010219786041411981,0.002987232994822738,0.4463063588308398,-0.00017380153822754073,0.5464042962880727,0.0007174864441243407
2904,0.0,5332.147192281557,0.00026730066581259277,0.0035106929559981953,0.6964311929100344,-0.0030962314146312313,0.5914123652746612,-0.00042662891350233093
2905,0.0,5334.527675122206,0.0,0.006424875312432177,0.6507122591908998,-0.005688944759254085,0.6092023334495328,-0.002005323667227857
2906,0.0,5335.179266808427,0.012292285905944726,0.003452186633101255,0.48793290966819336,-0.0008295224085930092,0.572821506315131,-0.0016525832896374026
2907,0.0,5337.179369561095,0.006228879111038447,0.004002589092036959,0.685324906084682,-0.002009144277625684,0.6065725262459962,-0.001759551586033887
2908,0.0,5333.959307468289,0.0,5.70710530195639e-05,0.5758379524165332,0.008503218269467237,0.5973521540971574,0.0013192793706164499
2909,0.0,5333.148769719439,0.009560282706529696,0.00019876590241076642,0.4674026725023059,0.003466516571779944,0.5583673096187018,0.001963450530965498
2910,0.0,5334.568885669194,0.0,0.004467866614962205,0.6848754894494824,-0.0044146346785045795,0.596319763567936,5.002496812447454e-05
2911,0.0,5334.463112426556,0.0,0.0026283796750574463,0.6138069573927943,-0.0018269844212663226,0.6015659217153935,-0.0005130778486927646
2912,0.0,5334.758168191165,0.0009745752572769129,0.002594045667820124,0.5866049384657172,-0.0006454306077019373,0.5970776267404906,-0.0005527836763955164
2913,0.0,5334.017868850347,0.0,0.0004328412140406165,0.6928044938494937,0.002099779038942351,0.6257956868731915,0.00024298513820584388
2914,0.0,5336.487140321698,0.0,0.0047121871961425775,0.7125822148138611,-0.004578623616492928,0.6518316452553924,-0.0012034974882037877
2915,0.0,5335.328417931517,0.0,0.0018791602298607562,0.6382231793946697,0.0022110411892527345,0.6477491054971756,-0.00017913588496683102
2916,0.0,5337.474764950035,0.000691413120854776,0.003524053119811404,0.5806600163798403,-0.003210449076492562,0.627622378761975,-0.0010885298424245502
2917,0.0,5332.976952600034,0.0,4.140118339384147e-06,0.8672361943988007,0.009602397686111342,0.6995065234530227,0.0021187484161362172
2918,0.0,5338.941666410406,0.009469566813933314,0.011380883036423978,0.5349641675899284,-0.011380883036423978,0.6501438166940944,-0.0019311410196318412
2919,0.0,5336.761973808221,0.0,0.0018119188775992281,0.8277041905705599,0.0024144608635604707,0.703411928857034,-0.0006274604546741475
2920,0.0,5339.781728345939,0.0,0.004912749267817568,0.6486948878610154,-0.004253405872517747,0.6869968165582283,-0.0017152440800272273
2921,0.0,5339.769183301988,0.0,0.0013263677590665667,0.6288105522095447,0.0007512086518530551,0.6695409372536232,-0.0009753082604631425
2922,0.0,5342.222186431162,0.022637254551474452,0.0039856347122989326,0.40647775482805315,-0.0032830727582336123,0.5906219825259521,-0.0016676376097942835
2923,0.0,5344.775687834494,0.0,0.00434325558719677,0.7744234360160174,-0.004234363585220533,0.6457624185729717,-0.0024376554024221585
2924,0.0,5345.121995138169,0.0,0.0006506718794991967,0.4748271017291485,0.0011172179359824844,0.5944818235198247,-0.0013711934009007656
2925,0.0,5344.001321644041,0.0,0.0001385652781244993,0.5778779946454744,0.004931093881994381,0.5895006748575196,0.0005194927839677785
2926,0.0,5347.468208674376,0.0,0.006242338054382699,0.6070952898349113,-0.0058160003865899874,0.594779059350737,-0.0013811551671995513
2927,0.0,5347.696017055892,4.9785657578673796e-05,0.0021483004988213468,0.5004104145565942,-0.0009581909794942475,0.5664684659124941,-0.0012542659108879602
2928,0.0,5348.375305775964,0.0,0.0020546916440812996,0.7562033737379008,7.577954530463456e-05,0.6233889382601161,-0.0008552522740301817
2929,0.0,5350.9639846573145,0.0,0.00543172599568366,0.6443790142999577,-0.004050918500889759,0.6296859610720685,-0.001813952142088055
2930,0.0,5349.875944331946,0.0,0.001247104760827317,0.6716307261101127,0.003233219802554914,0.6422693905834818,-0.00029980055869516427
2931,0.0,5353.175937759319,0.0009174360984642095,0.0054336729958035885,0.552642161677195,-0.00497296113573941,0.6153812219115957,-0.001701748731808438
2932,0.0,5353.286453506653,0.0,0.003429755703929952,0.5654692397716284,0.0001529573055206071,0.6004076272696055,-0.0011453369206097244
2933,0.0,5353.9317683344525,0.0,0.0020728804638786708,0.805188140488447,0.000475971409407429,0.6618417812352579,-0.0006589444216045784
2934,0.0,5354.429524588963,0.0,0.0009218929491974563,0.8588027590394541,0.00018352311297223134,0.7209300745765168,-0.0004062041612315354
2935,0.0,5355.205570688406,0.0,0.0022882924365232545,0.7508454729855469,-0.0009134370946149263,0.7299046940992259,-0.0005583740412465526
2936,0.0,5355.6655823691,0.0,0.003300045020189911,0.7025603605184808,-0.0005119627484452404,0.7217013940250023,-0.0005444506534061589
2937,0.0,5358.323761101519,0.01883642919246282,0.005030314680734092,0.3248236114071726,-0.004933547289015923,0.6026380592396534,-0.0018611796440890882
2938,0.0,5359.85929404932,0.0,0.003994773277953002,0.6141117075836201,-0.0025543417254517793,0.6060801537428434,-0.0020691282684978957
2939,0.0,5358.657569799406,0.0,0.0005401101378408759,0.9116500355069281,0.004528534661102837,0.6977511182720688,-8.982938961767583e-05
2940,0.0,5364.0329445057105,0.00026730066581259277,0.009105003534261772,0.5009142460434398,-0.009039612467215491,0.6387000566034801,-0.0027747643128970202
2941,0.0,5366.165556250086,0.077188453450874,0.00525054095525544,0.19718780432187086,-0.004233753673562572,0.5062463809189972,-0.0032124611210966854
2942,0.0,5368.456262621333,0.0,0.0032689236529636406,0.43814924640065805,-0.0017480729007820998,0.4858172405634954,-0.0027731446550023093
2943,0.0,5372.358058149629,2.5129069936564474e-05,0.006068431246130841,0.4763504910932015,-0.004666879322180988,0.4829772157224072,-0.0033412650551559128
2944,0.0,5371.238804614551,0.0,0.00032542068508897365,0.7603673061341226,0.00535968992433867,0.5661942428459218,-0.000730978561307538
2945,0.0,5371.9263883578205,0.0,0.0018175948872932045,0.7565289409190038,0.0020784757406953156,0.6232946522678463,0.00011185772929331805
2946,0.0,5371.895468815683,0.0,0.0008153664716531946,0.5922613061885658,0.0008211909754282815,0.6139846484440621,0.00032465770313380704
2947,0.0,5368.643863484994,0.0,6.991663731445453e-05,0.8853149658270401,0.006644131899958753,0.6953837436589554,0.0022204999621812907
2948,0.0,5368.234709503057,0.0,0.0011933113145342845,0.6071102149942943,0.0004216981898441485,0.668901685059557,0.0016808594304801479
2949,0.0,5368.46100263218,0.0,0.003617552307771707,0.5564245533098828,-0.0028545006225450652,0.6351585455346548,0.00032025141457258397
2950,0.0,5368.010506757068,0.021686766090795492,0.0019569907346323875,0.43034956473562525,-0.0008257059758731469,0.5737158512949458,-2.353580256113529e-05
2951,0.0,5370.626499600277,0.0,0.0058837789170809235,0.8213311409480895,-0.005782599655095079,0.6480004381908889,-0.0017512549583213184
2952,0.0,5370.647793413867,0.0,0.0014088117843182502,0.5640503752894306,5.3123305954163574e-05,0.6228154193204514,-0.0012099414790386737
2953,0.0,5369.783590684401,0.0,0.0005012786961398674,0.7082057536672316,0.003675060496265828,0.6484325196244854,0.00025555911355267685
2954,0.0,5371.186230542315,0.0,0.003101707933336946,0.6256223880719379,-0.0016724589597185886,0.6415894801587212,-0.0003228463084287027
2955,0.0,5373.653708842778,0.0325435922609556,0.005678115035077175,0.20562017173148045,-0.0053933352730640245,0.5107986876305489,-0.0018439929978192992
2956,0.0,5372.595986328349,0.0,0.001843908880504141,0.7123118674292013,0.002616719851248988,0.5712526415701445,-0.0005057791430988131
2957,0.0,5375.645956887319,0.00026730066581259277,0.004512263294945591,0.5035099081710647,-0.004412205160829016,0.5509298215504206,-0.001677706948417874
2958,0.0,5372.498968217205,0.0,0.0006540756796585245,0.6610291424591878,0.007152984126314285,0.5839596178230507,0.0009715003740017739
2959,0.0,5375.8512138637025,0.0,0.005603300828551677,0.7589867908427961,-0.005276712874516829,0.6364677697289742,-0.0009029636005538069
2960,0.0,5374.602250299488,0.004842569879360137,0.0020263002360698563,0.6513060999642293,0.0016276513525484587,0.6409192687995507,-0.0001437791146231272
2961,0.0,5378.622180607124,0.04648770144126475,0.007516246271010502,0.2636880984546441,-0.0074282769272230416,0.5277499176960787,-0.0023291284584031017
2962,0.0,5379.151488175439,0.018156273452074562,0.0023425956097934395,0.4840183677378478,-0.0008559071704890202,0.5146304527086094,-0.0018871620720288772
2963,0.0,5384.567698238918,0.09798153063428347,0.008978081088165689,0.10959634549568813,-0.008778963735074405,0.393120220544733,-0.0039547025709425355
2964,0.0,5385.539893249459,0.0,0.0030611804728980087,0.8722752943492363,0.00010516682685868611,0.536866742686084,-0.002736741751602169
2965,0.0,5388.366819962929,0.024076579480487276,0.002917929703073018,0.2047737542324961,-0.0016559179020153695,0.43723884615000763,-0.002412494596726129
2966,0.0,5392.9083025654045,0.01798659179318495,0.006538488071864154,0.36313950736445055,-0.006510128822374491,0.4150090445143405,-0.003641784864420637
2967,0.0,5393.317367642824,0.010373993495368241,0.0022454978140286825,0.4629063748260483,0.001812537329648735,0.4293782436078528,-0.002005488206199825
2968,0.0,5394.4699337480815,0.0,0.0028458987926165647,0.8209550895497127,0.0014759085230758194,0.5468512973904107,-0.0009610691874171318
2969,0.0,5397.013853028805,0.002098645849303127,0.005022313250481372,0.614659416515945,-0.0031707370705706343,0.567193733128071,-0.0016239695523631824
2970,0.0,5398.36691076842,0.0,0.0035186093495567046,0.5173195776741267,-0.0017500911559560415,0.5522314864918877,-0.00166180603344104
2971,0.0,5399.056206756862,0.009469566813933314,0.0023502051943433216,0.45943207596154373,0.00032484355918355363,0.5243916633327845,-0.001065811155653662
2972,0.0,5400.9141024226665,0.0,0.003139091455662815,0.6725088526705878,-0.002095159220774954,0.5688268201341254,-0.0013746155751900493
2973,0.0,5402.678654354119,0.0,0.0037610076684941925,0.5776656791604362,-0.0025086542544198774,0.5714784778420187,-0.0017148271789589977
2974,0.0,5404.892817030906,0.009377167255084144,0.003517832729006364,0.47144628363755425,-0.003109496553359394,0.5414688195806793,-0.0021332279912791166
2975,0.0,5405.705795136297,0.011223853999387275,0.002186699531859824,0.5358755512215262,0.00018145842482236027,0.5397908390729333,-0.0014388220664486734
2976,0.0,5410.346631648174,0.00026730066581259277,0.007563461586902436,0.5230226653142649,-0.007386345989390507,0.5347603869453328,-0.0032230792433312234
2977,0.0,5415.03300440708,0.004583585709208868,0.008131818136910628,0.4296368908716159,-0.008130208626700712,0.5032233381232176,-0.00469521805834207
2978,0.0,5417.770476033898,0.0,0.0029531913271034567,0.7167218223184093,-0.0021500575916373484,0.5672728833817751,-0.003931669918330653
2979,0.0,5420.644770218727,0.0,0.0027991829458946186,0.7299542888303923,-0.0009334411610235252,0.6160773050163602,-0.0030322012911385148
2980,0.0,5419.892005223916,0.0,0.0008273945263104708,0.5891435489938247,0.0057900916245821245,0.6079971782095995,-0.0003855134164223227
2981,0.0,5422.657828800271,0.1000389443661731,0.004083667317554619,0.23531917367474314,-0.002587526380118193,0.49619377684914256,-0.0010461173055310838
2982,0.0,5422.541767475012,0.0,0.001157858099918291,0.6562999411156526,0.0006869591241237609,0.5442256261290955,-0.0005261943766346304
2983,0.0,5419.5654158744965,0.0,7.075851772684732e-05,0.8237034349881676,0.007312362793365268,0.6280689687868171,0.0018253727743653388
2984,0.0,5417.7119879663305,0.00011097882278998075,0.0014487419119878831,0.5079288540103848,0.004333370085407861,0.5920269343538873,0.002577771967678095
2985,0.0,5416.648574567958,0.0005088248152617082,0.002147611859756777,0.47191630147512553,0.00020660744132437592,0.5559937444902587,0.0018664226097719792
2986,0.0,5420.554928078752,0.13263882848915035,0.01090374765458138,0.02805387384768146,-0.010901183222557526,0.39761178329748553,-0.0019638591399268723
2987,0.0,5414.216902668584,0.0,0.0003248367796041523,0.7400482535912982,0.011341856850169234,0.5003427243856293,0.00202785565710196
2988,0.0,5413.015795201108,0.0,0.00015488439299172433,0.7220988025109782,0.004463499842285603,0.566869547823234,0.002758548912657053
2989,0.0,5412.5070767029065,0.0,0.0025783985353486044,0.7530691788024914,-0.0011674589762552042,0.6227294371170111,0.0015807465459833755
2990,0.0,5414.572332484051,0.013305161129006987,0.007470967553064671,0.3799094854602315,-0.007241969100817427,0.5498834516199772,-0.0010660681480568655
2991,0.0,5415.100314550482,0.0,0.004097819034659238,0.7577932178458415,-0.002702154117627711,0.6122563814877364,-0.001556893938928119
2992,0.0,5414.894625440885,0.0,0.0009889335763040522,0.8643305031078656,0.0016038772133400215,0.6878786179737751,-0.0006086625932476769
2993,0.0,5416.234151742933,0.005515735115298068,0.003708867259343839,0.5256700948852052,-0.0011435543348325204,0.6392160610472042,-0.0007691301157231299
2994,0.0,5421.793776096874,0.05812941738823504,0.010916480114588595,0.4884560279593199,-0.010916480114588595,0.5939880511208389,-0.0038133351153827695
2995,0.0,5422.830827765691,0.0,0.0015923563707036458,0.6740072538045491,-0.0012004581430162882,0.6179938119259518,-0.0030294720236728246
2996,0.0,5425.911478662459,0.0,0.0031102566816752788,0.7702823844751827,-0.0023195706220884,0.663680383690721,-0.002816501603197497
2997,0.0,5428.530962062857,0.00043997392565172733,0.004680023189676472,0.5763300991896346,-0.0021842028260373133,0.6374752983403951,-0.002626811970049442
2998,0.0,5429.687026841007,0.0,0.0015679753258334224,0.6353957055036634,0.0006348380476022595,0.6368514204893756,-0.0016483169647539314
2999,0.0,5426.224770937263,0.0,0.00021624580273390395,0.7858718954147985,0.010017975475131951,0.6815575629670024,0.0018515707672118334
3000,0.0,5429.919632294459,0.0,0.006196847226576094,0.8810338458701489,-0.006057779771173737,0.7414004478379463,-0.0005212343943038378
3001,0.0,5432.1987614813315,0.0,0.006688738995156937,0.5299231162807189,-0.006655187255400343,0.6779572483707781,-0.002361420252632789
3002,0.0,5426.950035844947,0.000691413120854776,0.00011419393118828434,0.5987704312049326,0.011576190080393366,0.6542012032210244,0.0018198628472750572
3003,0.0,5431.73137027348,0.002098645849303127,0.007577128248254325,0.6679426898703551,-0.007577128248254325,0.6583236492158235,-0.0009992344813837574
3004,0.0,5432.543311900963,0.04901119799018851,0.004498680627118028,0.4269602290856453,-0.0035456007531090984,0.58891462317677,-0.0017631443629013597
3005,0.0,5430.878158336035,0.0013040290419116614,0.0017035535475857302,0.41203266160989316,0.004583403526828622,0.535850034706707,0.00014082000401763502
3006,0.0,5433.906151416827,0.0025622923163736372,0.004627196256455826,0.4113013935084968,-0.004477577707128117,0.4984854423472439,-0.0012446993093260907
3007,0.0,5433.453758782387,0.0,0.0007478582469697269,0.5936057327198982,0.0008476596221187719,0.5270215294590401,-0.0006169916298926319
3008,0.0,5435.643188097299,0.0,0.0038916816299932734,0.3384566640511915,-0.0032390413076068742,0.4704520698366855,-0.0014036065332069044
3009,0.0,5432.226403015182,0.0,0.0009832182480050578,0.5268226120792017,0.007819485474432173,0.48736323250944036,0.0013633210690848188
3010,0.0,5432.464166625726,0.004209998497189186,0.0015010137973419052,0.43495691790824076,0.0009099442389113856,0.47164133812908043,0.0012273080200327889
3011,0.0,5429.906205243864,0.0,0.0009848832246942133,0.9018596872907506,0.0038578222644127386,0.6007068428775815,0.0020164622933467736
3012,0.0,5426.733190977815,0.0,0.00023563418983661713,0.8720206634682721,0.005247981271178406,0.6821009890547887,0.002985917986696263
3013,0.0,5426.376892857487,0.0,0.0028608621377861705,0.8534859888372255,-0.0014826070543305975,0.7335164889895196,0.001645360474388205
3014,0.0,5424.692406814606,0.0,0.0022191067817258297,0.7812306795605684,0.0003304580000915,0.7478307461608342,0.0012508897320991934
3015,0.0,5421.493378540661,0.0,0.0005171629290897012,0.5279570115522064,0.004898604671060452,0.6818686257782458,0.002345204213787571
3016,0.0,5422.738279937629,0.006877480693800729,0.004370495964028378,0.4658618901055938,-0.003994271556859551,0.6170666050764502,0.00044336148259343437
3017,0.0,5423.181889938618,0.004209998497189186,0.004824548593995334,0.4521391708971597,-0.0033855819531979116,0.567588374822663,-0.0007053215481439695
3018,0.0,5421.698680323344,0.0,0.0022323683283033864,0.8192762794698778,0.002657573551959177,0.6430947462168274,0.00030354698188697453
3019,0.0,5424.772122328923,0.0,0.005988739936170604,0.6550641064463038,-0.005680942023218791,0.6466855542856702,-0.0014917997196447553
3020,0.0,5424.522807771738,0.0,0.0016776550868561311,0.6331534724757069,0.00026536887631968764,0.6426259297426812,-0.0009646491408554223
3021,0.0,5423.492594838989,0.006246004039282155,0.0019041433812597573,0.4523533313960333,0.0037404286987263806,0.5855441502386868,0.0004468742110191185
3022,0.0,5426.62770041976,0.03079138766777353,0.005589132621750407,0.45411534583595853,-0.00554524686367244,0.5461155089178682,-0.0013507621113883492
3023,0.0,5428.59760089678,0.05744173405058502,0.0047874721727092845,0.231151152253773,-0.00451317154229604,0.45162620191863967,-0.0022994849406606566
3024,0.0,5432.431875330942,0.0,0.006842207374564647,0.6955026229857226,-0.0064852159992807076,0.5247891282387646,-0.0035552042582466716
3025,0.0,5438.954262215339,0.0,0.011044875685212738,0.7854204822930315,-0.011044875685212738,0.6029785344550447,-0.005802105686336491
3026,0.0,5440.787140986374,0.00026730066581259277,0.0014194921373506565,0.6677152246717951,0.0001265947329497599,0.6223995415200698,-0.004023495560550616
3027,0.0,5443.957431546923,0.0,0.00230105324860285,0.7094829279347664,-0.0003932662628528436,0.6485245574444788,-0.002934426771241284
3028,0.0,5445.800099470897,0.000662704897787275,0.0016006569437394037,0.4205896987323027,0.0004745174827612684,0.5801440998308259,-0.0019117434950405182
3029,0.0,5448.035286336559,0.0,0.0031878955839809682,0.6655934865444136,-0.0015202887711271364,0.6057789158449022,-0.0017943070778665036
3030,0.0,5447.633528672744,0.045468627900307645,0.0006158892735229303,0.327452847655127,0.0029031574018602777,0.5222810953879696,-0.0003850677339484693
3031,0.0,5447.563059848299,0.0,0.0008334113144033702,0.7824271280996374,0.0020319244126211105,0.6003249052014699,0.0003400299100224047
3032,0.0,5447.885558390211,0.000672431370660087,0.0026542387070442102,0.5004061070266234,-0.0002849276523720574,0.5703492657490159,0.00015254264130406606
3033,0.0,5449.640659730854,0.0,0.00430038988205978,0.41695999387329113,-0.00401701489266631,0.5243324841862984,-0.0010983246188870468
3034,0.0,5448.813917077591,0.0,0.0016665880965623207,0.8810338458701489,0.0016092454687265223,0.6313428926914535,-0.00028605359260297606
3035,0.0,5451.711753419127,0.010292457894763362,0.005578535640040831,0.5271480867148387,-0.004881152000499423,0.6000844508984691,-0.0016645831149719101
3036,0.0,5457.0384700855975,0.05599926848416141,0.010729996266395857,0.2538689546417912,-0.010729996266395857,0.4962198020214657,-0.004384207060399094
3037,0.0,5458.728767450873,0.0,0.00334537668061258,0.812337460963288,-0.001604836805379593,0.5910550997040124,-0.0035503959838932434
3038,0.0,5457.534993376667,0.0,0.00012288125166967252,0.5961346466548061,0.007201844841841639,0.5925789637892505,-0.00032472373617277884
3039,0.0,5458.937792308159,0.0030691947026178696,0.0014549519700200126,0.5364422270112698,0.000789361531620449,0.5757379427558562,9.501844165189522e-06
3040,0.0,5461.744767914324,0.06213530029729329,0.006255306432629589,0.27413227978727855,-0.005510007864504006,0.48525624386528293,-0.001646351068435569
3041,0.0,5463.004867021936,0.0,0.003380312109582325,0.6628408201612855,-0.002566506267346436,0.5385316167540837,-0.001922397628108829
3042,0.0,5465.3885079706015,0.025101960365383848,0.004438213839943117,0.3893264289160228,-0.0031708697122606075,0.49377006040266536,-0.0022969392533543622
3043,0.0,5469.060898443813,0.15937294813379024,0.005554219664565189,0.049101963440874176,-0.005552610154355274,0.36036963131412797,-0.0032736405236546357
3044,0.0,5469.853990344797,0.03517856250272259,0.002191026337151457,0.40469898286205613,0.0008767719503463639,0.37366843677850636,-0.0020285167814543354
3045,0.0,5473.311390413279,0.0025622923163736372,0.0043778548116740115,0.7184589713026572,-0.003708353064635913,0.4771055971357516,-0.0025324676664088084
3046,0.0,5472.772654225916,0.0008163613597587778,0.0005366957309944036,0.44634587714455853,0.003340924857122812,0.4678776811383937,-0.0007704499093493223
3047,0.0,5474.8399840588545,0.004842569879360137,0.0030935012331303035,0.6319621042025709,-0.0016368479198907058,0.5171030080576469,-0.0010303693125117371
3048,0.0,5473.424121329243,0.0005934623554373127,0.0004360147719945508,0.511023230685845,0.003795198063619014,0.5152790748461062,0.00041730090032748824
3049,0.0,5474.413456246145,0.0027256141301289813,0.003103927744522062,0.3882417644440198,-0.0010052005805263823,0.4771678817254803,-9.44954392867296e-06
3050,0.0,5475.941496438353,0.0,0.004094252644457104,0.6591846923183317,-0.003617711773945145,0.5317729249033356,-0.0010919282129336146
3051,0.0,5476.135368242224,0.0,0.0017288959010855157,0.7555956767842366,-0.0003485593076005987,0.5989197504676058,-0.0008689175413337097
3052,0.0,5474.639555453087,0.002484939859905741,0.00012941509348322208,0.43347630276595006,0.004289906763395872,0.5492867161571091,0.0006787297500851648
3053,0.0,5477.678920551784,0.012218033888212677,0.0065843451495845645,0.3218063183425344,-0.0054551685896498696,0.4810425968127367,-0.0011614397518353455
3054,0.0,5475.68987372573,0.0,0.0007736788816942013,0.44831575013850494,0.003485230720936529,0.47122454281046716,0.0002325613899962169
3055,0.0,5476.968936052253,0.0028295929821862296,0.0026066232374569597,0.3792987014288128,-0.001464570163344686,0.4436467903959708,-0.00027657807600605397
3056,0.0,5473.108503537385,0.0,9.347307030467645e-05,0.5812440092916357,0.007811840377894715,0.48492595606467026,0.002149947460164177
3057,0.0,5473.247853492524,0.0,0.0033261622653173936,0.9479826788480236,-9.179138820650434e-05,0.6238429728996762,0.0014774258056529724
3058,0.0,5474.048830639664,0.0,0.003999349730455895,0.561528149623169,-0.003969790402781803,0.605148525916724,-0.00015673905687746013
3059,0.0,5474.742826864327,0.06696265323158875,0.004894785998475283,0.14207428426811922,-0.0029782798882335895,0.4662262534221425,-0.001003201306284299
3060,0.0,5478.071566997145,0.0,0.007174808877711478,0.7908851539230024,-0.006729805371359688,0.5636239235724004,-0.0027211825258069153
3061,0.0,5478.629156683802,0.049416247089655536,0.0016391186807820867,0.407421062382986,-3.261214581676934e-06,0.516763065215576,-0.0019058061324393437
3062,0.0,5478.047712791285,0.0,0.0007427664099577085,0.6039318875013112,0.004125315162642851,0.5429137119012966,-9.646974391468535e-05
3063,0.0,5479.658657301637,0.035747047918136335,0.0027285061048318736,0.1962181976776833,-0.0013669001026100846,0.43890505763421256,-0.00047759885152330513
3064,0.0,5476.382284817982,0.040033761352214224,0.0008485733743753419,0.33367831706756745,0.006946165276340211,0.407337035464219,0.0017495303868357494
3065,0.0,5480.094027666914,0.027787651626836506,0.007308195897725253,0.4006755253220113,-0.007308195897725253,0.4053385824215567,-0.0009677874985325513
3066,0.0,5483.207242587854,0.036625235256520824,0.008663410876798162,0.17508339979332363,-0.008267967425807125,0.3362620276330867,-0.0031578414767149234
3067,0.0,5484.129094618618,0.01629138901173282,0.0018948558643657382,0.4269897963142605,-0.0007808363582570865,0.36348035823743885,-0.002444739941177572
3068,0.0,5482.827509034903,0.0,0.0004499001495970398,0.67368312765252,0.006102919001867568,0.45654118906196317,0.00011955774173596991
3069,0.0,5485.921158158893,0.02983024016634329,0.003962570455192489,0.3104241492761363,-0.0039034798088256792,0.4127060771262151,-0.0010873535234325249
3070,0.0,5482.426355782109,0.0,0.00043684864024713503,0.5307247899189772,0.007201605367469931,0.4481116909640437,0.001399334143838212
3071,0.0,5483.776810104278,0.0,0.0027198294534431944,0.5953561753886072,-0.0017390921736039333,0.49228503629141274,0.00045780624860556837
3072,0.0,5483.6283091819905,0.0,0.002309263396966594,0.43168906785416106,-0.0011673380720896144,0.4741062457602372,-2.9737047602986443e-05
3073,0.0,5485.0439248215125,0.02041876311363054,0.004811402629588781,0.4710298030914146,-0.0034248417143190285,0.4731833129595904,-0.0010482684476177991
3074,0.0,5485.578588497128,0.0,0.0035829325971207713,0.695803795298878,-0.0010392287142958754,0.5399694576613766,-0.0010455565276212219
3075,0.0,5487.304794528637,0.0,0.004063337173585294,0.4691029001668538,-0.002460751410724985,0.5187094904130197,-0.0014701149925523509
3076,0.0,5487.40332972554,0.025789186459006165,0.0024432903618007355,0.36811192888064714,0.000945094514080003,0.4735302219533079,-0.0007455521405626447
3077,0.0,5489.372924565693,0.0,0.004417368864222775,0.734157680522102,-0.002540888127218205,0.5517184595239462,-0.0012841529365593125
3078,0.0,5487.987795254927,0.0,0.0010949061750897236,0.782045647613668,0.0037158092495383427,0.6208166159508627,0.00021583571926998412
3079,0.0,5489.169863284108,0.0,0.002772549271653407,0.7680983240889168,-0.0011339755735151145,0.6650011283922789,-0.00018910766856554544
3080,0.0,5488.3542717546325,0.015364076487170041,0.0019296071151720575,0.4388252579575278,0.0014821996316889757,0.5971483672618535,0.0003122845215108109
3081,0.0,5488.83500489391,0.0,0.0029142490557466146,0.6208020848804766,-0.0008175520738011452,0.6042444825474403,-2.6666457082775958e-05
3082,0.0,5489.211165656819,0.04898063243650293,0.002404289829888754,0.37192525424928213,-0.0011078535302542383,0.5345487140579929,-0.00035102257903421466
3083,0.0,5488.392463625376,0.0,0.0012069459661770232,0.5747743577858734,0.0017480327324258989,0.546616407176357,0.00027869401440381935
3084,0.0,5488.937927328471,0.0,0.001857064111810422,0.7093292636555555,-0.0007823464455558344,0.5954302641201165,-3.961812358407678e-05
3085,0.0,5485.694653965109,0.0063220890337951285,0.00042801834736683154,0.3566343762727362,0.006468163997150604,0.5237914977659024,0.0019127165126363273
3086,0.0,5486.692155173248,0.0,0.0035485340904781847,0.8337813825176137,-0.002116555159582891,0.6167884631914158,0.0007039350109705617
3087,0.0,5484.496401775636,0.0,0.0011021908392217792,0.6767308258826599,0.0025527425855701863,0.634771171998789,0.001258577283350449
3088,0.0,5485.745953163916,0.026821274563370936,0.0048473945404639155,0.20402044746101355,-0.003388938415485384,0.5055459546374563,-0.0001356774263003008
3089,0.0,5482.042059805988,0.0,3.4300848258828515e-05,0.6122982337735546,0.0064110797182899545,0.5375716383782858,0.0018283497170767757
3090,0.0,5482.033017832302,0.035592067286445095,0.002966249367932907,0.33981379604651973,8.398685936488704e-05,0.478244285678756,0.0013050408597632091
3091,0.0,5486.678533881905,0.009851983617035867,0.011637066094451733,0.2897781378051699,-0.011637066094451733,0.4217044413166801,-0.002577591226501273
3092,0.0,5486.462452040797,0.057999281230121255,0.002311515572929145,0.3171268130210432,-0.0008018474255050903,0.390331152827989,-0.002044868086202418
3093,0.0,5488.588738903492,0.0,0.003069297116085805,0.6472038187873381,-0.0016595705994171548,0.4673929526157937,-0.0019292788401668389
3094,0.0,5493.235972689027,0.06667726578533942,0.007471279511730975,0.15848729492967656,-0.007471279511730975,0.37472125530995853,-0.0035918790416360796
3095,0.0,5493.47931519398,0.004842569879360137,0.0008424330147084653,0.47178167895245676,0.001652363533257416,0.403839382402708,-0.002018606269168031
3096,0.0,5494.59871451698,0.007194711398350104,0.0014855166071208775,0.3722156026116793,0.001493567340003436,0.39435224846539935,-0.0009649541864165908
3097,0.0,5495.860365868265,0.0,0.00291854438419006,0.6260146406344708,-0.00048551902702568953,0.46385096611612076,-0.0008211236385993203
3098,0.0,5496.3125808890045,0.012517323322760867,0.0011769706562430313,0.40701614375374,9.725946925075961e-05,0.4468005194074065,-0.0005456087062442963
3099,0.0,5497.335120506448,0.030963546053707634,0.0043523265777034624,0.333364077688938,-0.001252220050039914,0.41276958689186594,-0.0007575921093829815
3100,0.0,5495.581842122983,0.029376106955794377,0.0007829571801188877,0.39227072275098823,0.00425257203911493,0.4066199276496026,0.0007454571351663918
3101,0.0,5495.91099731256,0.0,0.0019336244405626798,0.5112714323516723,7.235775502350671e-05,0.4380153790602235,0.0005435273211235262
3102,0.0,5495.297223359283,0.001687185799088098,0.0018776588228186406,0.5020369446245405,0.00047953091515005777,0.45722184872951854,0.0005243283993314856
3103,0.0,5497.507242067262,0.0,0.005211873191743884,0.6253045189059794,-0.005192226951099102,0.5076466497824568,-0.0011906382057976905
3104,0.0,5496.468755791507,0.01713369437853409,0.0020023262986986704,0.5465665312470162,0.001666947583761156,0.5193226142218246,-0.00033336246893003654
3105,0.0,5494.901363386109,0.0,1.1826739630702787e-05,0.9245169475048911,0.004519539078491357,0.6408809142067444,0.0011225079952963814
3106,0.0,5498.416975427973,0.0,0.007074587791204528,0.720945717520366,-0.007023710348552101,0.6649003552008308,-0.0013213575078581635
3107,0.0,5498.857122389039,0.005032254620634258,0.0028909302186814656,0.4665951152053553,-0.002031195434497647,0.6054087832021882,-0.0015343088858500084
3108,0.0,5503.770301230072,0.05722981024571054,0.008826520833612314,0.27816937414774145,-0.008795445644554097,0.5072369604858542,-0.0037126499134612348
3109,0.0,5503.996439982835,0.0,0.0013532124433285047,0.6390574591957972,0.001281809767566247,0.5467831100988371,-0.00221431200915299
3110,0.0,5506.6291324261165,0.0,0.002594266346900411,0.534281853983538,-0.0015251692632666468,0.5430327332642473,-0.002007569185387087
3111,0.0,5506.436649711921,0.0,0.0031960216100493342,0.7907836599785374,0.002791229380165768,0.6173580112785343,-0.0005679296157212306
3112,0.0,5507.456870431996,0.0004655961656632093,0.0017784580416936298,0.5786385632450592,-1.0578198057022942e-05,0.6057421768684917,-0.00040072419042196827
3113,0.0,5511.661080656021,0.034875786009295535,0.008606916923100064,0.3390321274642657,-0.008150481109074112,0.525729162047224,-0.0027256512660176115
3114,0.0,5510.4820333073785,0.0,0.001332624707665894,0.7687584496446552,0.0029873384774464057,0.5986379483264532,-0.0010117543429784062
3115,0.0,5509.852165790664,0.0,0.000427608223440581,0.7907836599785376,0.004193600492881223,0.6562816618220785,0.0005498521077794827
3116,0.0,5511.215361087539,0.0,0.0021486548294296476,0.5073784893847485,-0.0018089899323795412,0.6116107100908794,-0.00015780050426822444
3117,0.0,5513.689960963421,0.021466417234862464,0.005828636585414447,0.277626716402031,-0.005721603999345057,0.5114155119842249,-0.001826941552791274
3118,0.0,5515.692978775447,0.005121666214372203,0.005020469256131954,0.49969766177409586,-0.003932455685075175,0.5079001569211862,-0.0024585957924764443
3119,0.0,5513.649717410186,0.0003385234698621373,0.00014424558370635366,0.5720357916953477,0.006262300119805539,0.5271408473534346,0.00015767298120815073
3120,0.0,5516.27762515043,0.0,0.004296897194798431,0.7538112307527458,-0.0029203402158956933,0.5951419623732279,-0.0007657309779230025
3121,0.0,5518.359931395703,0.0,0.0045993833710630825,0.7374728824748157,-0.004470475242330721,0.6378412384037042,-0.0018771542572453182
3122,0.0,5520.753114414652,0.0,0.004241815856598808,0.7898874076013593,-0.004109946760089627,0.6834550891630007,-0.002546992008098611
3123,0.0,5522.574883244795,0.0,0.002652318752482266,0.7743745352709722,-0.001733858044498093,0.7107309229953921,-0.002303051819018455
3124,0.0,5525.0690766339785,2.8680015167696106e-05,0.004240447668807323,0.5679214431074875,-0.0024471590599015715,0.6678880790290207,-0.00234628399128339
3125,0.0,5528.567944247089,0.0,0.005531250519752946,0.574370148503709,-0.0047925333828650945,0.6398326998714272,-0.0030801588087579013
3126,0.0,5530.938755625901,0.0,0.004794407851362117,0.6957426774165931,-0.002366804597908033,0.656605693134977,-0.002866152545502941
3127,0.0,5528.844572907007,0.0,8.427707592298451e-05,0.7610702331060115,0.007690802446214906,0.6879450551262873,0.0003009339520124131
3128,0.0,5529.73855190637,0.004842569879360137,0.0027294530161709077,0.44653819533896755,0.0011105804048925224,0.6155229971900914,0.0005438278878764459
3129,0.0,5528.54230388526,0.0,0.0011415300505805896,0.7546323303579013,0.0021560510153053954,0.6572557971404344,0.0010274948261051306
3130,0.0,5527.319123145309,0.012416426854734859,0.0019362416427469997,0.4906678138704635,0.001938993540605143,0.607279402159443,0.0013009444404551342
3131,0.0,5528.92663887474,0.0,0.004801987836020235,0.5650997778938602,-0.004473504231861631,0.5946255148797681,-0.0004313901612398955
3132,0.0,5527.549683485552,0.0,0.001745089812301087,0.45922281749898664,0.0015314811920532857,0.5540047056655336,0.00015747124474805885
3133,0.0,5530.696971685269,0.0,0.0062462434301807125,0.6225901317259892,-0.006114046966650569,0.5745803334836702,-0.0017239842186715295
