episode,lam_util,lam_tp,mean_util_gap,mean_tp_gap
1,5.0020445550259645,225.69473624038446,0.00010222775129824104,0.006423684060096115
2,5.002818079590644,236.87633170262077,3.867622823394803e-05,0.0027953988655590807
3,5.738642100942268,296.61988601094436,0.03679120106758123,0.014935888577080897
4,8.177591015956839,377.96961628496854,0.12194744575072848,0.02033743256850604
5,9.930178207587407,463.25914147667027,0.08762935958152834,0.021322381297925436
6,9.949669712732945,474.2618823872446,0.0009745752572769129,0.002750685227643582
7,10.665797530457677,515.5423954946496,0.035806390886236626,0.01032012827685124
8,10.665797530457677,530.2435847800538,0.0,0.003675297321351063
9,10.852078562085325,543.3784701279441,0.009314051581382394,0.0032837213369725825
10,11.07100192619534,564.7713113780849,0.01094616820550074,0.005348210312535214
11,12.237303892930306,644.0152912574233,0.05831509833674829,0.019810994969834607
12,12.237303892930306,657.6337096547767,0.0,0.003404604599338336
13,12.261773461221665,706.5697623382671,0.0012234784145679293,0.01223401317087259
14,14.535027536298875,785.4279797078392,0.11366270375386048,0.019714554342393022
15,18.196628165622936,913.2578483099628,0.18308003146620308,0.0319574671505309
16,18.196628165622936,922.2517715128301,0.0,0.0022484808007168264
17,18.196628165622936,938.6540972388101,0.0,0.004100581431494996
18,18.720645744012256,957.2557994998776,0.02620087891946602,0.004650425565266875
19,19.42422198802243,1012.9729881227826,0.03517881220050878,0.013929297155726232
20,21.097152479891495,1111.6847390438675,0.08364652459345316,0.024677937730271226
21,21.287581785602033,1132.668327619844,0.00952146528552689,0.0052458971439941025
22,21.287581785602033,1141.678012996225,0.0,0.002252421344095301
23,22.251133214628542,1217.0568526234977,0.048177571451325486,0.01884470990681815
24,22.301825082048396,1255.4026310106735,0.002534593370992684,0.009586444596793984
25,22.301825082048396,1264.9471812360846,0.0,0.0023861375563527464
26,22.73608136395811,1289.934173071934,0.021712814095485766,0.006246747958962376
27,23.126119808411698,1315.397769903484,0.019501922222679307,0.006365899207887454
28,23.68016495324551,1379.0226333132696,0.02770225724169059,0.015906215852446406
29,26.67083277517409,1436.1890872088466,0.1495333910964291,0.014291613473894267
30,27.89388100511479,1527.0285593200322,0.061152411497034875,0.022709868027796388
31,27.96030447864609,1567.4182448965034,0.003321173676565027,0.01009742139411779
32,28.325763836530346,1604.3886970921906,0.01827296789421283,0.00924261304892181
33,28.674717805096456,1642.5925130663313,0.017447698428305538,0.009550953993535194
34,28.674717805096456,1663.5848640004901,0.0,0.005248087733539681
35,29.82356981930986,1714.0225520080119,0.05744260071067023,0.012609422001880444
36,30.764719453806475,1776.6977753715857,0.04705748172483065,0.015668805840893446
37,31.99528062621183,1823.7749553178105,0.06152805862026771,0.011769294986556203
38,32.3351722882805,1840.0440100771782,0.016994583103433727,0.00406726368984192
39,32.41366284585452,1923.9610513493087,0.003924527878700796,0.020979260318032614
40,32.41366284585452,1952.6822286281863,0.0,0.007180294319719385
41,32.416224758219194,1968.922586273409,0.00012809561823393342,0.004060089411305702
42,32.7530102357298,2035.1826997202434,0.01683927387553062,0.016565028361708593
43,37.45733929768343,2131.1184360093466,0.2352164530976814,0.02398393407227586
44,37.66473661379796,2238.5277565055667,0.010369865805726358,0.026852330124055006
45,37.66473661379796,2246.5655395733575,0.0,0.0020094457669477483
46,40.59057701963084,2306.341990298307,0.14629202029164382,0.014944112681237307
47,43.453855488751465,2384.886387015394,0.1431639234560311,0.019636099179271862
48,43.453855488751465,2391.4783069656305,0.0,0.001647979987559137
49,44.22626195602623,2438.4221524118702,0.03862032336373808,0.011735961361559874
50,44.68004043476994,2470.296278040236,0.02268892393718562,0.007968531407091407
51,44.946143657350085,2497.673233443344,0.013305161129006987,0.006844238850777105
52,44.946143657350085,2503.291257184893,0.0,0.001404505935387191
53,48.90432221445149,2573.6365024508805,0.19790892785507028,0.017586311316496853
54,48.90432221445149,2584.9341523179473,0.0,0.0028244124667667243
55,49.089155418431716,2632.1165211424104,0.009241660199011126,0.011795592206115767
56,50.13897133186467,2669.1373187936147,0.05249079567164749,0.009255199412801047
57,51.109284521325065,2708.0888592503793,0.04851565947302001,0.009737885114191167
58,51.1680827781826,2763.591147394859,0.0029399128428768653,0.013875572036119985
59,51.94084235913984,2823.4158622422715,0.03863797904786211,0.014956178711853101
60,51.94084235913984,2847.693855017707,0.0,0.006069498193858841
61,51.94084235913984,2851.433719733285,0.0,0.0009349661788946149
62,52.21858715276142,2895.7860959389263,0.013887239681078934,0.011088094051410242
63,52.34372300925054,2918.282471452557,0.006256792824455877,0.005624093878407634
64,52.65767863520744,2939.7758463722057,0.015697781297845114,0.005373343729912191
65,52.65767863520744,2952.8095964925164,0.0,0.0032584375300776904
66,52.65767863520744,2959.764920618648,0.0,0.0017388310315328572
67,54.55133387317608,2999.014071489977,0.09468276189843199,0.009812287717832265
68,54.569901354852725,3022.6276227160934,0.0009283740838325617,0.0059033878065290766
69,54.97642172994161,3039.6127323942246,0.020326018754444408,0.0042462774195327615
70,57.2739989558086,3104.995503637814,0.11487886129334954,0.016345692810897438
71,57.277349988276505,3128.9731700527054,0.00016755162339511862,0.005994416603722825
72,57.277349988276505,3136.4083624662903,0.0,0.0018587981033962077
73,61.25522465133259,3223.6753609187504,0.19889373315280431,0.02181674961311496
74,61.25522465133259,3284.5861685082373,0.0,0.01522770189737173
75,61.25522465133259,3286.162738617957,0.0,0.0003941425274299925
76,61.6553779524111,3352.74047464368,0.020007665053925493,0.016644434006430762
77,63.07037227578088,3398.962759199797,0.0707497161684892,0.011555571139029263
78,63.13175616983324,3417.3261140683835,0.0030691947026178696,0.004590838717146628
79,63.23223678022453,3422.4912253141874,0.005024030519564682,0.0012912778114509364
80,63.253926168646025,3456.8474427244732,0.0010844694210747077,0.008589054352571429
81,63.253926168646025,3479.046915957216,0.0,0.005549868308185637
82,63.253926168646025,3504.4161571985255,0.0,0.006342310310327411
83,64.04043945349032,3562.6298295590123,0.03932566424221498,0.014553418090121733
84,64.04043945349032,3585.745839373051,0.0,0.005779002453509615
85,64.04043945349032,3609.6578534993464,0.0,0.0059780035315738535
86,65.1650185435777,3667.7863049069665,0.05622895450436902,0.014532112851905029
87,65.5972669346142,3716.9926858318972,0.02161241955182459,0.012301595231232667
88,70.91958983638756,3814.682379210298,0.2661161450886682,0.024422423344600236
89,70.91958983638756,3822.849222481279,0.0,0.0020417108177451537
90,71.33132300496425,3849.759086065318,0.020586658428834084,0.006727465896009734
91,74.87569482270918,3944.734885264472,0.17721859088724673,0.023743949799788413
92,79.36096617848158,4044.2198400585635,0.2242635677886198,0.024871238698522886
93,79.36096617848158,4061.1505826579946,0.0,0.004232685649857793
94,79.59327625179303,4062.5714003676644,0.011615503665572985,0.0003552044274174829
95,80.84526055645527,4114.951653423375,0.06259921523311217,0.013095063263927774
96,80.89621946312391,4163.647124863055,0.0025479453334321138,0.012173867859919916
97,81.20974506392805,4188.840617356356,0.01567628004020671,0.006298373123325399
98,81.42645923543682,4224.342648214672,0.010835708575438368,0.008875507714579024
99,81.42645923543682,4237.075903442132,0.0,0.003183313806864805
100,81.46398869426238,4272.405249211716,0.0018764729412779385,0.008832336442396074
101,81.51999262953582,4319.219133354247,0.0028001967636716394,0.011703471035632717
102,82.63775512044808,4354.023863285955,0.05588812454561273,0.008701182482927016
103,83.43680816808353,4424.1666279877445,0.039952652381773035,0.017535691175447513
104,85.2582613671221,4518.7822472972975,0.09107265995192862,0.02365390482738826
105,85.25901048437568,4538.652594574606,3.745586267872742e-05,0.004967586819327077
106,85.65109250260129,4569.801159871792,0.019604100911280502,0.007787141324296584
107,87.03534529738376,4642.023283575184,0.06921263973912375,0.018055530925848048
108,87.16924233185703,4676.991377869713,0.006694851723663875,0.008742023573632287
109,87.62961759590246,4731.562869776812,0.02301876320227148,0.013642872976774665
110,89.14728954117687,4777.362694758902,0.07588359726372075,0.011449956245522605
111,90.01929606247357,4811.713447524494,0.04360032606483467,0.008587688191397986
112,90.98285432771054,4842.022597589322,0.048177913261848414,0.007577287516207068
113,91.48245136823738,4911.175532704604,0.02497985202634202,0.01728823377882052
114,91.48245136823738,4940.456774543618,0.0,0.007320310459753478
115,91.48245136823738,4949.6236539482425,0.0,0.0022917198511561
116,91.62310092426966,5020.448375973961,0.007032477801614426,0.017706180506429643
117,91.67434677059714,5058.047343558029,0.0025622923163736372,0.009399741896016759
118,91.7157158666424,5074.065369841801,0.0020684548022626586,0.004004506570942975
119,92.09370227321736,5098.200550199103,0.01889932032874834,0.006033795089325541
120,93.66295577752585,5149.502849902577,0.0784626752154244,0.012825574925868402
121,94.67279880250133,5189.316120580382,0.050492151248774236,0.009953317669451272
122,95.10589248504364,5205.164548849355,0.021654684127115527,0.003962107067243422
123,95.50833062972538,5238.108073552205,0.020121907234086637,0.008235881175712376
124,95.58553254842015,5294.582224686557,0.0038600959347381302,0.014118537783588205
125,95.58553254842015,5313.011383137686,0.0,0.004607289612782204
126,95.66031561204368,5358.336385582041,0.003739153181176582,0.011331250611088793
127,95.66031561204368,5368.252827520088,0.0,0.0024791104845119727
128,95.6613554396087,5388.994096539891,5.199137825095883e-05,0.005185317254950744
129,95.96400880528886,5450.450773160413,0.015132668284007528,0.015364169155130466
130,96.00598172227492,5503.655793538051,0.002098645849303127,0.013301255094409551
131,96.12000429425798,5554.291306185886,0.005701128599152836,0.012658878161958806
132,96.74366642518191,5622.307297181639,0.031183106546196555,0.01700399774893821
133,96.74366642518191,5634.128461742781,0.0,0.0029552911402853633
134,98.0354562372144,5683.063348118177,0.06458949060162457,0.012233721593848862
135,98.28434436858808,5728.41564729532,0.012444406568684065,0.01133807479428575
136,98.28434436858808,5743.430338802931,0.0,0.0037536728769028624
137,98.66757956963532,5765.606928991384,0.019161760052362163,0.005544147547113116
138,99.55270603718915,5816.617466601737,0.04425632337769127,0.012752634402588328
139,99.55270603718915,5827.74718539081,0.0,0.0027824296972684074
140,99.9321473464477,5915.163812291273,0.01897206546292731,0.021854156725115724
141,99.9321473464477,5946.660401533227,0.0,0.00787414731048863
142,100.60678802543597,6005.090680261987,0.0337320339494137,0.014607569682189972
143,105.57985230265949,6110.348818016468,0.24865321386117578,0.026314534438620318
144,105.64306514673886,6130.295796871686,0.00316064220396878,0.004986744713804737
145,107.93247102261984,6220.600429354082,0.11447029379404901,0.022576158120598776
146,111.58427358990058,6326.383642297569,0.18259012836403676,0.02644580323587193
147,112.73041061136446,6433.644395375535,0.05730685107319398,0.02681518826949159
148,113.68390375504042,6479.755883658258,0.04767465718379793,0.011527872070680902
149,117.44915396033271,6599.154037129792,0.18826251026461432,0.02984953836788352
150,120.2006498048805,6672.956956699398,0.13757479222738933,0.018450729892401405
151,120.80228735480371,6713.171326627082,0.03008187749616083,0.01005359248192091
152,122.34845947263096,6774.488809212128,0.07730860589136261,0.015329370646261714
153,123.3161319436112,6844.035744563962,0.04838362354901146,0.017386733837958548
154,123.74152781614283,6909.609119306049,0.021269793626582163,0.016393343685521842
155,124.4409265538105,6971.6651489842725,0.03496993688338325,0.015514007419555876
156,124.4409265538105,6998.5151123508,0.0,0.006712490841632018
157,131.23953654004526,7125.060330846445,0.3399304993117388,0.03163630462391129
158,133.8782734197566,7218.177646761854,0.1319368439855663,0.023279328978852144
159,134.53553127956846,7249.226429579867,0.03286289299059322,0.007762195704503149
160,138.17686568924313,7310.7041817909985,0.18206672048373315,0.015369438052782972
161,138.61546064666106,7349.340947604425,0.021929747870897038,0.009659191453356806
162,139.71678589905858,7400.354791283046,0.05506626261987517,0.012753460919655226
163,140.09214694377332,7428.21439718414,0.018768052235736816,0.006964901475273308
164,143.5957875605847,7490.635985065131,0.17518203084057032,0.015605396970247818
165,143.5957875605847,7539.234134691546,0.0,0.01214953740660399
166,143.7494438830714,7544.256548670163,0.0076828161243344744,0.001255603494654237
167,143.7494438830714,7547.714052778436,0.0,0.0008643760270680821
168,144.10450938861206,7576.493493259073,0.017753275277032646,0.007194860120159426
169,144.10450938861206,7594.255251414699,0.0,0.004440439538906428
170,144.10450938861206,7597.311592109185,0.0,0.0007640851736214489
171,144.45177326697296,7661.696964290608,0.01736319391804593,0.01609634304535566
172,144.45177326697296,7731.680152979564,0.0,0.017495797172239067
173,145.12556697177368,7752.90281561139,0.0336896852400364,0.005305665657956624
174,145.12556697177368,7778.396121284196,0.0,0.00637332641820139
175,145.1394209062975,7817.877044967321,0.0006926967261908921,0.009870230920781386
176,145.25423377690402,7836.742972795084,0.005740643530326654,0.0047164819569407495
177,145.6489316097032,7905.257756886347,0.019734891639958608,0.017128696022815863
178,150.77335070752108,7967.509159529185,0.2562209548908936,0.01556285066070956
179,152.75076503107718,8020.1715437590665,0.0988707161778046,0.01316559605747032
180,152.75076503107718,8033.933044458266,0.0,0.003440375174799776
181,152.99242786872512,8053.1263552072005,0.012083141882397097,0.004798327687233786
182,153.9336269306906,8064.754639795936,0.04705995309827428,0.00290707114718386
183,155.7049208441152,8113.874468783235,0.08856469567123097,0.012279957246824695
184,158.81191269080531,8190.979365001275,0.15534959233450604,0.019276224054510096
185,159.03563439546767,8226.54262791879,0.011186085233117309,0.008890815729378925
186,160.82590199118462,8260.7950926364,0.08951337978584739,0.008563116179402044
187,160.82590199118462,8289.996082788051,0.0,0.0073002475379129825
188,163.01283114833168,8323.269903454273,0.10934645785735334,0.00831845516655536
189,163.01283114833168,8333.32408886163,0.0,0.002513546351838897
190,163.01283114833168,8349.140760938646,0.0,0.003954168019254361
191,163.0605266711677,8381.05105860471,0.0023847761418017703,0.007977574416515925
192,165.4011761666743,8441.762203372757,0.1170324747753296,0.015177786192011657
193,167.36123773054757,8472.378357367832,0.09800307819366376,0.007654038498768823
194,167.36123773054757,8514.379539657328,0.0,0.010500295572374052
195,171.1064213944808,8562.348505315784,0.18725918319666157,0.011992241414613872
196,171.1064213944808,8584.02254725353,0.0,0.005418510484436572
197,173.26440249927197,8676.396490002222,0.10789905523955817,0.023093485687172944
198,173.26440249927197,8689.733152810335,0.0,0.0033341657020282893
199,173.26440249927197,8691.78585191732,0.0,0.0005131747767465994
200,173.29798202493302,8735.454844458947,0.0016789762830520377,0.010917248135406517
201,174.4219718792532,8779.85114926638,0.056199492716009304,0.01109907620185807
202,174.4859616443083,8806.993264456822,0.003199488252755721,0.006785528797610404
203,174.49130765762456,8850.385426122108,0.00026730066581259277,0.010848040416321486
204,174.49130765762456,8869.801474843516,0.0,0.004854012180351928
205,174.49130765762456,8908.487627254917,0.0,0.009671538102850126
206,174.5703530208509,8938.636334705338,0.003952268161315999,0.00753717686260494
207,174.72959774454156,8999.359229991062,0.00796223618453332,0.015180723821430776
208,175.5285348044969,9063.496491737456,0.039946852997767374,0.01603431543659894
209,175.5306248513157,9086.235897750705,0.00010450234094031249,0.005684851503312294
210,175.74138230349095,9176.155342970373,0.010537872608761845,0.022479861304916915
211,175.74138230349095,9189.16081564824,0.0,0.0032513681694667316
212,176.12990960208907,9212.360907696167,0.019426364929905383,0.005800023011981776
213,177.0043576485,9224.662232152172,0.04372240232054631,0.003075331114001109
214,177.18398543392738,9281.655992210939,0.008981389271369883,0.014248440014691818
215,177.18398543392738,9301.060014939321,0.0,0.004851005682095368
216,177.63618347965263,9329.078842152328,0.022609902286262577,0.0070047068032519574
217,178.27048268053846,9358.462357975217,0.0317149600442918,0.007345878955722292
218,178.27048268053846,9368.74370662204,0.0,0.0025703371617054483
219,178.27048268053846,9416.862482758343,0.0,0.012029694034075862
220,178.27304459290315,9430.265830281416,0.00012809561823393342,0.003350836880768308
221,178.27304459290315,9430.273412242415,0.0,1.8954902495981721e-06
222,178.27304459290315,9442.545592520177,0.0,0.003068045069440468
223,178.71469797436455,9500.483994391963,0.022082669073070355,0.014484600467946716
224,182.76481713394645,9558.893208163096,0.2025059579790947,0.014602303442783134
225,182.76481713394645,9559.021861057834,0.0,3.216322368478855e-05
226,182.99111847805258,9610.84004490392,0.011315067205307174,0.012954545961521543
227,184.74514798583917,9696.301003839146,0.08770147538932968,0.0213652397338063
228,191.2843820758681,9778.157151739466,0.326961704501447,0.020464036975080157
229,191.4188863538425,9806.171442720955,0.006725213898720219,0.007003572745372575
230,194.42572431972437,9847.006312752552,0.1503418982940934,0.010208717507899307
231,194.42572431972437,9864.312364767047,0.0,0.004326513003623632
232,194.42572431972437,9907.704475621069,0.0,0.010848027713505418
233,194.5400703424338,9937.86606552038,0.005717301135472454,0.00754039747482764
234,194.5400703424338,9960.308373957361,0.0,0.005610577109245197
235,194.9713931553126,10019.532746306035,0.02156614064393994,0.014806093087168508
236,194.97942592116735,10052.631282140654,0.00040163829273750395,0.008274633958654591
237,194.9847719344836,10089.631481870818,0.00026730066581259277,0.009250049932541207
238,195.04326300845293,10102.366856562248,0.002924553698465948,0.003183843672857451
239,196.2979750185885,10140.430476328407,0.06273560050677811,0.00951590494153949
240,198.65145606179487,10209.25466999363,0.11767405216031993,0.017206048416305676
241,198.65145606179487,10239.841892301454,0.0,0.007646805576956136
242,201.0231839476608,10276.149456682686,0.11858639429329747,0.009076891095307706
243,201.13276688291415,10342.032461891016,0.005479146762667369,0.016470751302082507
244,201.13315207123532,10356.49796955643,1.925941605852243e-05,0.0036163769163537244
245,203.54657796730822,10413.159984764865,0.12067129480364532,0.0141655038021084
246,203.54657796730822,10440.607693249118,0.0,0.006861927121063404
247,203.55036965338556,10495.99871666717,0.00018958430386722944,0.013847755854513099
248,204.199258890349,10554.621362334872,0.0324444618481715,0.01465566141692522
249,204.199258890349,10554.77162060261,0.0,3.7564566934411074e-05
250,204.199258890349,10563.192993988281,0.0,0.002105343346417576
251,204.82586974448103,10618.14127629513,0.03133054270660118,0.01373707057671204
252,204.89835703122094,10692.07872556438,0.0036243643369953614,0.018484362317312705
253,204.89835703122094,10703.229481743927,0.0,0.00278768904488664
254,205.6621838017943,10761.36217904552,0.03819133852866753,0.0145331743253981
255,205.6621838017943,10781.07305301364,0.0,0.004927718492030177
256,206.28704214541605,10822.78738883619,0.03124291718108771,0.010428583955637538
257,206.28704214541605,10842.757772143603,0.0,0.004992595826853095
258,206.28704214541605,10879.276845567729,0.0,0.009129768356031371
259,206.3065336505616,10904.448840253955,0.0009745752572769129,0.006292998671556502
260,206.3065336505616,10922.830747089012,0.0,0.004595476708764078
261,206.44570394344177,10942.059247027682,0.006958514644009219,0.004807124984667347
262,206.69154966156066,10973.075563648808,0.012292285905944726,0.007754079155281681
263,208.10683127728365,11023.270118559023,0.07076408078614911,0.012548638727553515
264,210.14320462426775,11063.382756310866,0.10181866734920578,0.010028159437960874
265,210.14320462426775,11072.301985296566,0.0,0.002229807246424892
266,211.80048528950903,11132.0340128223,0.0828640332620634,0.014933006881433324
267,212.57844740853326,11172.474565504994,0.03889810595121154,0.010110138170673567
268,212.57844740853326,11183.199929027145,0.0,0.0026813408805377316
269,212.57844740853326,11207.40684493366,0.0,0.00605172897662867
270,212.76640404290376,11226.13981697144,0.00939783171852462,0.004683243009444983
271,214.01625123903918,11270.857780394424,0.06249235980677106,0.01117949085574645
272,214.07763513309155,11303.380493498547,0.0030691947026178696,0.008130678276030926
273,214.30460650814445,11349.070473452302,0.011348568752645156,0.01142249498843866
274,214.30460650814445,11374.612130635536,0.0,0.0063854142958085
275,214.30460650814445,11400.285368357305,0.0,0.006418309430442049
276,214.44690137776442,11441.193613654366,0.007114743480998379,0.010227061324265183
277,214.45698603687856,11469.076419576862,0.0005042329557069443,0.00697070148062425
278,215.04121419181226,11540.067988761835,0.029211407746684355,0.017747892296243423
279,215.09189950890112,11561.089057637235,0.0025342658544433294,0.0052552672188500545
280,215.09189950890112,11581.744724674925,0.0,0.005163916759422772
281,215.5896915283994,11624.938510055348,0.024889600974915136,0.010798446345105687
282,219.10468117134496,11723.125178067121,0.1757494821472769,0.024546667002943237
283,219.10468117134496,11730.093886348675,0.0,0.0017421770703887121
284,219.55742626237446,11748.57009071171,0.022637254551474452,0.004619051090758699
285,219.55742626237446,11765.578396597628,0.0,0.004252076471479679
286,219.56653364906543,11805.687180614848,0.0004553693345490983,0.01002719600430509
287,227.53022598441146,11914.76927764906,0.3981846167673019,0.027270524258553083
288,231.43855846899592,12018.971755480818,0.19541662422922337,0.026050619457939357
289,231.75091217863468,12057.070063807847,0.015617685481938199,0.009524577081757168
290,233.33575834942985,12076.36583136014,0.07924230853975822,0.004823941888073394
291,233.36421405036154,12126.603693506375,0.001422785046584171,0.012559465536558368
292,233.50366501562328,12166.081448414905,0.006972548263087779,0.009869438727132347
293,235.25961292199796,12206.310348861789,0.08779739531873297,0.010057225111721196
294,235.38499663316708,12247.732364390022,0.0062691855584564495,0.010355503882058189
295,235.38499663316708,12278.254978056384,0.0,0.00763065341659043
296,235.4110772140053,12304.782383142943,0.0013040290419116614,0.006631851271639605
297,235.4110772140053,12332.578135842235,0.0,0.006948938174822959
298,235.42064920737087,12404.389507266522,0.00047859966827825474,0.017952842856071762
299,235.42321111973556,12424.513199337394,0.00012809561823393342,0.0050309230177183195
300,235.51406199108365,12441.964051220559,0.004542543567405052,0.004362712970791316
301,235.59052221451984,12466.797157580819,0.0038230111718086223,0.006208276590065141
302,236.70366365865257,12559.38226122715,0.05565707220663634,0.02314627591158305
303,237.28996801952104,12630.032615043187,0.029315218043423418,0.017662588454009063
304,239.89883356532647,12666.960876892532,0.1304432772902719,0.009232065462336209
305,239.89883356532647,12679.448639789109,0.0,0.003121940724144168
306,241.20219669552617,12708.437232989676,0.06516815650998552,0.007247148300141891
307,241.20219669552617,12724.963606828267,0.0,0.004131593459647584
308,241.20219669552617,12725.561793016943,0.0,0.00014954654716894632
309,241.20219669552617,12749.487709192521,0.0,0.005981479043894454
310,241.20424125055214,12761.483689952218,0.00010222775129824104,0.0029989951899240673
311,244.69179645132195,12831.729705604459,0.1743777600384908,0.017561503913060137
312,246.5816748547987,12873.801753112173,0.09449392017383837,0.010518011876928699
313,246.7036055414592,12893.174071538611,0.006096534333025579,0.004843079606609619
314,246.7036055414592,12899.581672973467,0.0,0.0016019003587138788
315,248.52678395539942,13011.51444090571,0.09115892069701097,0.027983191983061026
316,249.08682552062498,13045.92264798,0.028002078261278682,0.00860205176857246
317,249.17079192310487,13055.581222139534,0.004198320123994784,0.0024146435398833886
318,249.3135998335182,13110.310876173115,0.007140395520666857,0.013682413508395464
319,249.3135998335182,13129.938203378346,0.0,0.004906831801307904
320,249.3135998335182,13141.748564528225,0.0,0.002952590287469661
321,249.3135998335182,13145.923351957652,0.0,0.001043696857356813
322,249.58232196940855,13185.142296620328,0.013436106794518152,0.009804736165669032
323,250.17553662403705,13216.310824957847,0.02966073273142453,0.007792132084379785
324,253.15277590789813,13284.337686037894,0.1488619641930539,0.01700671527001182
325,253.15654557196785,13298.6473298291,0.00018848320348623657,0.0035774109478015556
326,253.37248850497102,13340.147908003519,0.010797146650157461,0.010375144543604452
327,253.4045209815027,13372.085577336873,0.001601623826584142,0.007984417333338628
328,253.4178318865811,13413.667629567697,0.0006655452539190837,0.010395513057706238
329,253.42039379894578,13438.909988985688,0.00012809561823393342,0.006310589854497874
330,253.4262624202147,13466.463256139335,0.0002934310634452536,0.006888316788412073
331,253.8753141580166,13483.793928209325,0.022452586890095074,0.004332668017497423
332,257.8950599645372,13580.177678247423,0.2009872903260293,0.02409593750952458
333,258.1721766432693,13613.314941879762,0.01385583393660432,0.008284315908085042
334,258.26902804085654,13628.500837648065,0.004842569879360137,0.0037964739420758707
335,258.440120617572,13707.136370690907,0.008554628835772243,0.019658883260710226
336,259.8717790378002,13736.906721442496,0.07158292101140862,0.007442587687897314
337,260.7131144356369,13808.363127181698,0.042066769891835006,0.01786410143480053
338,261.90455257384053,13874.935568194647,0.05957190691018178,0.016643110253237368
339,263.90658652107066,13940.331367044295,0.1001016973615075,0.016348949712412037
340,263.90658652107066,13960.704723438823,0.0,0.005093339098631932
341,264.88762776620916,14015.680844657429,0.04905206225692418,0.01374403030465138
342,265.06875537732617,14036.316582019728,0.009056380555850247,0.005158934340575048
343,265.06875537732617,14047.23270066027,0.0,0.0027290296601355456
344,265.93397093972504,14087.317535778626,0.043260778119944956,0.010021208779588862
345,268.7584225366894,14137.60193267795,0.1412225798482191,0.012571099224830915
346,268.7792758085392,14146.7723479889,0.0010426635924883354,0.0022926038277374535
347,268.7792758085392,14190.265559590818,0.0,0.010873302900479723
348,268.7931040709563,14214.35374721413,0.000691413120854776,0.006022046905828205
349,269.27258250021487,14264.771773341039,0.023973921462929454,0.012604506531727167
350,269.6236152335603,14306.945629694585,0.017551636667271827,0.01054346408838644
351,269.75572559422966,14370.355658031109,0.006605518033468531,0.015852507084131263
352,270.5945803842759,14385.149852731622,0.04194273950231215,0.003698548675128179
353,270.8296315979433,14408.130042118493,0.011752560683371533,0.005745047346717735
354,270.87241928970076,14436.01299146094,0.002139384587872858,0.006970737335611964
355,271.11266744618007,14454.940687569098,0.012012407823964734,0.004731924027039536
356,271.3787706687602,14465.924875081972,0.013305161129006987,0.0027460468782183316
357,271.48908537106615,14506.905689453235,0.005515735115298068,0.010245203592815746
358,273.767141368492,14589.015381965812,0.1139027998712925,0.020527423128143974
359,273.76901134213585,14605.017986724622,9.349868219209304e-05,0.004000651189702678
360,273.8988739541857,14618.098685222372,0.006493130602492423,0.0032701746244376824
361,273.8988739541857,14638.688565324028,0.0,0.005147470025414002
362,273.8988739541857,14668.46361711533,0.0,0.007443762947825681
363,273.8988739541857,14675.998622121155,0.0,0.00188375125145601
364,274.23536135396614,14743.82226206662,0.016824369989020913,0.016955909986366556
365,274.23536135396614,14773.08070754597,0.0,0.007314611369837783
366,274.6518349442464,14793.709504520088,0.020823679514011328,0.005157199243529418
367,275.0043659591263,14822.033196734135,0.017626550743996144,0.007080923053511745
368,276.0116269599308,14903.719323494503,0.05036305004022722,0.02042153169009171
369,277.7419666578422,14955.585916655697,0.08651698489557083,0.012966648290298342
370,278.46426990507393,14984.677741848891,0.03611516236158403,0.007272956298298462
371,279.66511909945706,15040.050507693612,0.060042459719157,0.013843191461180236
372,279.73749220518044,15079.054316827765,0.003618655286169327,0.009750952283538677
373,279.73749220518044,15106.731892644708,0.0,0.006919393954235738
374,280.0676631491296,15137.517409798618,0.016508547197457955,0.007696379288477662
375,280.12212701206926,15158.138860033894,0.0027231931469830165,0.005155362558819124
376,280.12212701206926,15204.342430638138,0.0,0.011550892651060985
377,281.55589299441027,15229.874171323067,0.07168829911705,0.006382935171232231
378,281.55589299441027,15265.635812143348,0.0,0.008940410205070519
379,281.60091453308416,15302.536935952878,0.002251076933695048,0.009225280952382673
380,281.60091453308416,15328.585933357816,0.0,0.006512249351234383
381,281.60091453308416,15336.102072571137,0.0,0.001879034803330403
382,281.60967356364887,15378.241818964105,0.0004379515282360196,0.010534936598242074
383,281.60967356364887,15403.84943129805,0.0,0.006401903083486056
384,281.6362943817642,15427.736424421599,0.001331040905763854,0.0059717482808872915
385,283.4371982999327,15501.647131752547,0.09004519590842622,0.018477676832736763
386,283.4371982999327,15516.875694080709,0.0,0.0038071405820407924
387,283.5768264026364,15537.822723413688,0.006981405135188086,0.005236757333245051
388,284.0864250312766,15577.283260725504,0.025479931432008905,0.009865134327953882
389,284.97439210581985,15646.397464291043,0.04439835372716267,0.017278550891384817
390,284.97439210581985,15662.632518202805,0.0,0.00405876347794031
391,286.41270023142755,15719.157727795708,0.07191540628038484,0.014131302398225791
392,287.65720774080523,15768.264084085047,0.06222537546888435,0.012276589072334684
393,287.65720774080523,15797.431161516093,0.0,0.0072917693577616
394,287.65720774080523,15812.741189899141,0.0,0.003827507095761998
395,287.85757990279524,15846.474570640023,0.01001860809949893,0.008433345185220435
396,287.85835342735993,15869.698487323169,3.867622823394803e-05,0.005805979170786514
397,287.85835342735993,15883.114982688776,0.0,0.0033541238414017123
398,287.85835342735993,15888.239403174593,0.0,0.0012811051214541929
399,289.0290996940347,15960.528657473807,0.058537313333738274,0.01807231357480365
400,289.0746435298905,15962.165529309357,0.002277191792792366,0.0004092179588876545
401,289.4589532713781,16002.6767459902,0.0192154870743792,0.010127804170210933
402,289.4589532713781,16039.07869206424,0.0,0.009100486518509832
403,289.76377987994135,16059.89812027408,0.015241330428161523,0.005204857052459603
404,289.7698565747997,16079.886569700262,0.0003038347429169779,0.004997112356545677
405,289.8646850033879,16108.791644033792,0.004741421429409704,0.007226268583382643
406,289.86491051812527,16118.497107182793,1.1275736869404376e-05,0.0024263657872500913
407,290.9733047930762,16177.351247318173,0.055419713747544175,0.01471353503384478
408,291.62328822963417,16265.283364444462,0.032499171827900554,0.021983029281572076
409,293.7765643866007,16360.64803571239,0.10766380784832437,0.02384116781698167
410,293.85997312296877,16420.775192838297,0.004170436818404525,0.015031789281477182
411,296.54286401982466,16525.344127181128,0.13414454484279398,0.026142233585707723
412,296.61523712554805,16534.9337712904,0.003618655286169327,0.0023974110273184486
413,296.61523712554805,16559.218098823916,0.0,0.006071081883378903
414,296.61523712554805,16569.03255285341,0.0,0.002453613507373194
415,296.63107481710193,16580.669091503354,0.0007918845776929737,0.0029091346624867723
416,296.6336367294666,16601.00119570363,0.00012809561823393342,0.005083026050068584
417,301.2745790010874,16698.021427345786,0.23204711358103844,0.024255057910538867
418,301.32929620822205,16716.41653165306,0.002735860356733143,0.004598776076818275
419,301.4763995814104,16726.684558111792,0.00735516865941762,0.0025670066146827094
420,302.4307594072894,16774.764591231302,0.04771799129394749,0.012020008279877347
421,303.28351087559406,16806.846242171086,0.04263757341523405,0.008020412734946017
422,303.28351087559406,16822.07731386056,0.0,0.0038077679223676307
423,303.2891930737183,16827.379604933525,0.0002841099062114521,0.0013255727682417436
424,303.31480807864534,16844.07331648311,0.0012807502463528387,0.004173427887396286
425,305.4184003712844,16877.669833039163,0.10517961463195441,0.008399129139013002
426,306.22822029940215,16977.07693102003,0.04049099640588632,0.024851774495216812
427,307.2642602141009,16990.21950448278,0.05180199573493705,0.003285643365687414
428,307.5499906167861,17016.272397864912,0.01428652013425915,0.00651322334553359
429,310.8507299035164,17133.360575674375,0.1650369643365166,0.029272044452365423
430,311.5308703198106,17164.116344019978,0.03400702081470904,0.0076889420864006495
431,311.5308703198106,17182.79412237036,0.0,0.004669444587595728
432,311.5308703198106,17204.655532329038,0.0,0.005465352489669604
433,311.5308703198106,17220.13301391989,0.0,0.0038693703977137235
434,311.5680313677353,17237.1865509526,0.0018580523962323213,0.004263384258177397
435,311.5818596301524,17263.182924843157,0.000691413120854776,0.006499093472639611
436,311.5818596301524,17296.514370175166,0.0,0.008332861333002326
437,311.81993639626126,17317.989969061666,0.011903838305441936,0.005368899721624666
438,312.7252595323623,17346.9135136388,0.04526615680505425,0.007230886144283173
439,312.7252595323623,17378.08400387335,0.0,0.007792622558637698
440,312.7252595323623,17405.815937846917,0.0,0.006932983493391086
441,313.13414976715165,17437.68560211566,0.020444511739467094,0.00796741606718556
442,313.13414976715165,17445.752097709596,0.0,0.002016623898483836
443,313.7599052511172,17509.580548685197,0.03128777419827648,0.01595711274390008
444,313.7599052511172,17573.21017130796,0.0,0.01590740565569112
445,313.7599052511172,17582.57260968213,0.0,0.0023406095935421707
446,313.8369656033169,17594.75209156713,0.003853017609985486,0.003044870471250096
447,313.88469665353415,17613.02897499511,0.0023865525108610086,0.004569220856994979
448,313.88469665353415,17639.616831788444,0.0,0.006646964198333328
449,313.91299427758383,17710.501375440177,0.0014148812024837054,0.017721135912933023
450,313.91299427758383,17722.43311087022,0.0,0.0029829338575112973
451,313.91299427758383,17764.572853163958,0.0,0.010534935573434195
452,314.4186045696179,17786.26181648387,0.02528051460170463,0.0054222408299786865
453,315.03065584082725,17838.880900233966,0.030602563560468116,0.013154770937523196
454,315.03065584082725,17855.013282003038,0.0,0.0040330954422676
455,316.14198167627967,17926.456623546037,0.05556629177262017,0.01786083538574946
456,316.14198167627967,17951.11752424186,0.0,0.006165225173956186
457,316.14198167627967,17965.24522973592,0.0,0.003531926373514435
458,317.5512485110364,18039.26602713261,0.0704633417378385,0.01850519934917207
459,317.72357898126853,18094.502204777164,0.00861652351160472,0.013809044411138132
460,320.0987532621002,18233.18980330536,0.11875871404158449,0.03467189963204878
461,320.0987532621002,18260.41416342983,0.0,0.006806090031117165
462,320.6811300410367,18283.657523585047,0.029118838946824377,0.0058108400388046395
463,320.6811300410367,18307.63434216085,0.0,0.005994204643950901
464,320.6864760543529,18352.92206205519,0.00026730066581259277,0.011321929973584322
465,321.9816037489527,18437.206959112205,0.06475638472998796,0.021071224264254042
466,322.34946539296106,18480.86303443827,0.018393082200419207,0.010914018831516317
467,324.4681448368969,18539.782770393766,0.10593397219679118,0.014729933988874224
468,324.4681448368969,18550.366608034758,0.0,0.0026459594102478732
469,324.6575361731756,18590.663078152276,0.009469566813933314,0.010074117529380009
470,324.6575361731756,18630.758906862942,0.0,0.010023957177666342
471,324.9069669605502,18647.74238292961,0.012471539368732637,0.004245869016666797
472,324.9069669605502,18722.75814395646,0.0,0.018753940256712582
473,327.1206336164855,18772.382511564534,0.11068333279676508,0.012406091902018863
474,327.1206336164855,18798.88863554655,0.0,0.006626530995504608
475,327.6834753782949,18855.541242857864,0.028142088090468323,0.014163151827827975
476,327.8618565363205,18881.835802186095,0.008919057901281223,0.006573639832057972
477,328.579133067769,18947.716652845003,0.035863826572426497,0.01647021266472727
478,328.579133067769,18968.145341585696,0.0,0.005107172185173124
479,329.3086545385119,18996.004629376508,0.036476073537144674,0.0069648219477027665
480,329.6876464250916,19027.597371145268,0.018949594328984933,0.007898185442189736
481,329.8713863419828,19056.69438160032,0.009186995844562555,0.007274252613762911
482,335.3422940061855,19234.604442983582,0.27354538321013366,0.04447751534581561
483,338.09000966800465,19314.106312771826,0.13738578309095795,0.019875467447060688
484,338.18004890692305,19360.43406254855,0.004501961945919653,0.01158193744418035
485,339.4733167084754,19466.169331927995,0.06466339007761941,0.026433817344861322
486,339.49208812803585,19492.32126502949,0.0009385709780211674,0.006537983275374663
487,339.5433339743633,19499.3569987518,0.0025622923163736372,0.0017589334305762858
488,339.5433339743633,19516.73120787956,0.0,0.004343552281939738
489,339.5433339743633,19533.381888630898,0.0,0.004162670187834769
490,339.5433339743633,19538.180642182353,0.0,0.0011996883878638862
491,339.8908440737732,19561.656023223422,0.017375504970496267,0.005868845260266967
492,341.045797020899,19642.222179516997,0.05774764735628711,0.020141539073394037
493,341.045797020899,19652.192964670943,0.0,0.0024926962884865345
494,341.37728924258175,19672.148105015684,0.016574611084137374,0.004988785086184941
495,345.61323176845724,19745.64764023607,0.21179712629377434,0.018374883805096876
496,347.6869961401593,19792.914526649907,0.10368821858510158,0.011816721603458851
497,347.6869961401593,19805.92235126169,0.0,0.003251956152946041
498,347.6869961401593,19835.67203834263,0.0,0.007437421770233887
499,347.6869961401593,19849.17460733908,0.0,0.0033756422491120572
500,347.78453150543163,19911.282582303487,0.004876768263616695,0.015526993741102004
501,347.78453150543163,19944.764920755126,0.0,0.00837058461290945
502,348.0927339858641,19965.742636356135,0.015410124021621596,0.005244428900252395
503,348.49329541606727,19994.938537397993,0.02002807151016049,0.007298975260464824
504,348.57704358723544,20000.0,0.004187408558408206,0.0034707286345577407
505,348.57704358723544,20000.0,0.0,0.005445563813957598
506,353.80550732069486,20000.0,0.2614231866729705,0.02143345243559356
507,353.80550732069486,20000.0,0.0,0.001392744190783145
508,355.3941605507877,20000.0,0.07943266150464312,0.011291338497493959
509,355.58254746526677,20000.0,0.009419345723953369,0.004321347973910797
510,355.611480828433,20000.0,0.0014466681583113995,0.007267853518806387
511,355.611480828433,20000.0,0.0,0.007800935130140789
512,355.73474786034524,20000.0,0.006163351595612256,0.007961070524478983
513,355.73474786034524,20000.0,0.0,0.0025122973879255625
514,355.7909341084707,20000.0,0.00280931240627455,0.006028633116908554
515,355.7909341084707,20000.0,0.0,0.0011572861151707612
516,357.1868291810632,20000.0,0.06979475362962434,0.006193782173579248
517,357.1868291810632,20000.0,0.0,0.006795179138033281
518,357.1868291810632,20000.0,0.0,0.007173207774051674
519,359.1533771958289,20000.0,0.09832740073828562,0.006106558729838374
520,362.71604723688154,20000.0,0.1781335020526321,0.018332455253969378
521,362.78624460945474,20000.0,0.0035098686286602404,0.00785522531946058
522,362.8586177151781,20000.0,0.003618655286169327,0.0022532035860412672
523,362.8586177151781,20000.0,0.0,0.011249001770787437
524,364.10018429090485,20000.0,0.06207832878633669,0.011914351444634342
525,364.10018429090485,20000.0,0.0,0.0035968093311354588
526,364.10018429090485,20000.0,0.0,0.0040245820951376994
527,364.12192288671446,20000.0,0.0010869297904799648,0.005870826671622445
528,364.12499778215187,20000.0,0.00015374477187051378,0.006829941262204799
529,365.24193806104745,20000.0,0.05584701394477821,0.008392039998114286
530,365.2923160145355,20000.0,0.0025188976744040885,0.0052894448428146374
531,365.2923160145355,20000.0,0.0,0.0024824213999459993
532,365.2923160145355,20000.0,0.0,0.0017509408748086046
533,365.4058328762119,20000.0,0.005675843083819857,0.008692022629768086
534,365.8018687880515,20000.0,0.019801795591978838,0.014440197986847033
535,365.8018687880515,20000.0,0.0,0.0018659218416727204
536,365.8018687880515,20000.0,0.0,8.534357819791384e-05
537,366.55581323947416,20000.0,0.03769722257113359,0.005645712937236175
538,366.90681963065265,20000.0,0.017550319558923975,0.01007872751747343
539,367.26254901227446,20000.0,0.01778646908109097,0.005202914859007575
540,368.74518394245956,20000.0,0.07413174650925584,0.016884902224152367
541,370.27485280629577,20000.0,0.07648344319181125,0.01797926228604401
542,370.2886810687129,20000.0,0.000691413120854776,0.00738089610330059
543,370.28916520636204,20000.0,2.4206882457972508e-05,0.004432181563695951
544,370.31759778818395,20000.0,0.0014216290910939074,0.006493059047254412
545,370.3868867448282,20000.0,0.003464447832213068,0.006532733207644869
546,370.3868867448282,20000.0,0.0,3.1745725239016765e-05
547,370.62122719729376,20000.0,0.011717022623278247,0.012367726633122699
548,372.8509688698448,20000.0,0.11148708362755236,0.00980216662807822
549,372.92487226875164,20000.0,0.0036951699453414972,0.005681667753288154
550,374.2197609145865,20000.0,0.06474443229174424,0.016048622506118555
551,375.2739994071218,20000.0,0.05271192462676313,0.0153109208179359
552,376.10118335807186,20000.0,0.04135919754750405,0.007128986668744653
553,376.6368115175532,20000.0,0.026781407974066564,0.005351309248097044
554,378.04057220262865,20000.0,0.07018803425377279,0.02928515403661795
555,380.0805800739684,20000.0,0.10200039356698908,0.012373219575390894
556,382.05928884769816,20000.0,0.09893543868648809,0.01672577697596938
557,382.05928884769816,20000.0,0.0,0.006403642228970968
558,382.97375446638466,20000.0,0.04572328093432595,0.010335510404969387
559,386.5431848543679,20000.0,0.17847151939916256,0.01098076813715319
560,386.5431848543679,20000.0,0.0,0.017075200188385445
561,388.293109494853,20000.0,0.08749623202425659,0.015921071954811808
562,389.7404310969402,20000.0,0.0723660801043589,0.012261439392837224
563,391.12655381054276,20000.0,0.06930613568012832,0.01059706226904865
564,392.25072530741284,20000.0,0.056208574843503493,0.012467746553294332
565,392.25072530741284,20000.0,0.0,0.00016941167834429838
566,392.66880426776083,20000.0,0.02090394801739955,0.011742279476544869
567,392.8420028454483,20000.0,0.008659928884371887,0.01583451938641687
568,392.8420028454483,20000.0,0.0,0.009987134523870312
569,392.8420028454483,20000.0,0.0,0.004478707466548605
570,392.8420028454483,20000.0,0.0,0.0007650412838614139
571,393.2571210177549,20000.0,0.02075590861532973,0.006368597064487669
572,393.3172079612878,20000.0,0.0030043471766445676,0.004786181317185029
573,393.3172079612878,20000.0,0.0,0.0007813929547647181
574,394.4999333271298,20000.0,0.05913626829209797,0.013851151994501319
575,394.5335128527908,20000.0,0.0016789762830520377,0.0068954800241645756
576,394.5335128527908,20000.0,0.0,0.003978949972017106
577,394.6283234372552,20000.0,0.004740529223217534,0.003778339826246136
578,394.63637654240256,20000.0,0.00040265525736856876,0.004929883144413076
579,395.6734830823259,20000.0,0.05185532699616784,0.01532926955621275
580,396.10074508586405,20000.0,0.02136310017690602,0.005409011601863459
581,396.1151984858713,20000.0,0.0007226700003616911,0.010810566106308504
582,396.1151984858713,20000.0,0.0,0.005573201865090828
583,396.1151984858713,20000.0,0.0,0.007168760680558793
584,397.22195276694845,20000.0,0.05533771405385837,0.004338744254897164
585,397.222803917795,20000.0,4.255754232674897e-05,0.003594550690386219
586,397.222803917795,20000.0,0.0,0.0031102761324215632
587,397.32365551654493,20000.0,0.005042579937497351,0.003918340885789486
588,397.34124795400027,20000.0,0.000879621872765466,0.009653056722031803
589,397.4828743717576,20000.0,0.007081320887867299,0.00898220195668584
590,397.5043777668751,20000.0,0.0010751697558748553,0.004040399360730305
591,397.5043777668751,20000.0,0.0,0.007538174544287187
592,398.7544793540897,20000.0,0.06250507936073142,0.013591759954103505
593,398.7762179498993,20000.0,0.0010869297904799648,0.009894096039694123
594,398.7955861418309,20000.0,0.0009684095965776896,0.0035321852436328233
595,398.7955861418309,20000.0,0.0,0.00470908510863049
596,398.79814805419556,20000.0,0.00012809561823393342,0.010356048736068364
597,400.0840614289468,20000.0,0.0642956687375633,0.01755694709842076
598,403.2079832528356,20000.0,0.15619609119444064,0.013535980799020842
599,404.09248817106186,20000.0,0.044225245911312376,0.005434984992717016
600,405.34623328012594,20000.0,0.06268725545320393,0.009979754694809825
601,405.34623328012594,20000.0,0.0,0.0027017331466143994
602,408.0136739909344,20000.0,0.1333720355404248,0.01571688627378926
603,409.06791246699606,20000.0,0.052711923803080755,0.013601343374613245
604,412.73596718228464,20000.0,0.18340273576442914,0.015053619337876524
605,412.7450745689756,20000.0,0.0004553693345490983,0.0021645599640879617
606,412.7450745689756,20000.0,0.0,0.005335927833227751
607,412.8587464705993,20000.0,0.005683595081186817,0.0059168356463448575
608,416.03824751490396,20000.0,0.15897505221523262,0.018079659992512525
609,418.6542819655016,20000.0,0.1308017225298825,0.025010679542479906
610,418.6544803506465,20000.0,9.919257246017491e-06,0.0036084651214398035
611,418.77905793286726,20000.0,0.006228879111038447,0.00977412106124818
612,418.77905793286726,20000.0,0.0,0.005105405407560633
613,418.98684855517394,20000.0,0.01038953111533285,0.011201529746246495
614,423.84169801292916,20000.0,0.2427424728877598,0.01832111802303199
615,424.06004761660836,20000.0,0.010917480183961078,0.009888494524536067
616,424.06004761660836,20000.0,0.0,0.004938532428783405
617,427.4253955709729,20000.0,0.1682673977182273,0.02648769562480705
618,431.6149475585866,20000.0,0.2094775993806862,0.022193301905188357
619,433.37009066515395,20000.0,0.08775715532836839,0.016426355176453782
620,433.3804185332422,20000.0,0.0005163934044133095,0.007637403836376833
621,433.42310458067675,20000.0,0.0021343023717278263,0.0035048426649891135
622,437.87714370240786,20000.0,0.222701956086557,0.017864091037200765
623,437.87714370240786,20000.0,0.0,0.01211664673474825
624,437.9032242832461,20000.0,0.0013040290419116614,0.006208954107282228
625,447.09511844566805,20000.0,0.4595947081210955,0.027288373826950905
626,447.09511844566805,20000.0,0.0,0.007694761912588614
627,449.33703343716576,20000.0,0.11209574957488544,0.009617387861344293
628,449.86335779671566,20000.0,0.026316217977495036,0.005826864774049184
629,450.5784072271949,20000.0,0.035752471523960966,0.015154928449773815
630,450.5784072271949,20000.0,0.0,0.005688806345361607
631,450.5827025986151,20000.0,0.00021476857101339447,0.0029950536332605275
632,450.7137823150848,20000.0,0.006553985823484458,0.007737084471604316
633,450.86923699525926,20000.0,0.007772734008722076,0.008103803702875351
634,450.9028165209203,20000.0,0.0016789762830520377,0.003932368368523919
635,451.16945465156425,20000.0,0.013331906532198463,0.005540739558725357
636,451.16945465156425,20000.0,0.0,0.00420677874260755
637,451.16945465156425,20000.0,0.0,0.0026965988091499932
638,457.0800463326207,20000.0,0.29552958405282403,0.019865078314269227
639,466.18859236636933,20000.0,0.4554273016874309,0.036389412317091814
640,466.682337225785,20000.0,0.02468724297078136,0.01066265850223007
641,469.95458641597435,20000.0,0.1636124595094687,0.007392703697652938
642,469.9914996251199,20000.0,0.001845660457277198,0.006601619456358429
643,470.98982629953304,20000.0,0.04991633372065575,0.018692271822850073
644,470.98982629953304,20000.0,0.0,0.010165352095137933
645,471.0621994052564,20000.0,0.003618655286169327,0.0023970999126406377
646,471.69295911918067,20000.0,0.031537985696212446,0.020154670532943304
647,471.69295911918067,20000.0,0.0,0.005606093131820108
648,472.3784455487911,20000.0,0.03427432148052164,0.008544614194730172
649,472.3784455487911,20000.0,0.0,0.006233321419461432
650,472.3784455487911,20000.0,0.0,0.0005657474341068752
651,472.47260528918105,20000.0,0.0047079870194976295,0.010506148986355268
652,472.47260528918105,20000.0,0.0,0.0008047186412120462
653,472.47260528918105,20000.0,0.0,0.00401072991982792
654,472.47260528918105,20000.0,0.0,0.006610988842007098
655,472.6406653843552,20000.0,0.008403004758706483,0.016024379204206303
656,472.6406653843552,20000.0,0.0,0.00891779048092214
657,474.83554842132196,20000.0,0.1097441518483387,0.017779041458528315
658,476.0049695281734,20000.0,0.05847105534256975,0.009686102905894224
659,476.0049695281734,20000.0,0.0,0.006779111782017632
660,476.1530148063189,20000.0,0.007402263907273945,0.005932422658230188
661,478.7425001520248,20000.0,0.1294742672852949,0.01155148568118505
662,478.94053217864956,20000.0,0.009901601331238947,0.012754424530296633
663,479.15032484658536,20000.0,0.010489633396788847,0.01138177777802376
664,479.505390352126,20000.0,0.017753275277032646,0.004339265105505488
665,479.74318165382243,20000.0,0.01188956508481979,0.010895653524175883
666,479.9410082488231,20000.0,0.009891329750032799,0.014936156024572919
667,479.9410082488231,20000.0,0.0,0.0056025045163161005
668,480.2664223410438,20000.0,0.016270704611033592,0.00801931257717907
669,480.2664223410438,20000.0,0.0,0.003961847980621031
670,480.2664223410438,20000.0,0.0,0.0023333624725688016
671,480.5534866897022,20000.0,0.014353217432920954,0.010468231027679931
672,480.73812010151624,20000.0,0.009231670590702004,0.007140034213514885
673,481.5295978202884,20000.0,0.039573885938608416,0.012740529895738368
674,481.54011457235254,20000.0,0.0005258376032048474,0.004318157133301789
675,482.0297956546563,20000.0,0.024484054115188007,0.005701015710961775
676,482.1021687603797,20000.0,0.003618655286169327,0.007385754410410206
677,482.6290293415397,20000.0,0.026343029058000077,0.016014524109668516
678,482.6290293415397,20000.0,0.0,0.002564762587253353
679,482.6290293415397,20000.0,0.0,0.0057402896836350244
680,482.83394098756025,20000.0,0.010245582301028405,0.010023286232927142
681,484.3424576288416,20000.0,0.07542583206406593,0.020300177538190838
682,484.7806020910127,20000.0,0.02190722310855733,0.004629451554808588
683,485.9098694516326,20000.0,0.05646336803099173,0.02349657736230259
684,486.065324131807,20000.0,0.007772734008722076,0.01197449196096555
685,486.3605946428527,20000.0,0.01476352555228297,0.011772582661990877
686,486.40745478544227,20000.0,0.0023430071294789547,0.006952190441118724
687,489.3970180795721,20000.0,0.1494781647064905,0.02110523468690028
688,489.39720259162993,20000.0,9.225602893149049e-06,0.01545353894136461
689,489.4543318227367,20000.0,0.002856461555340262,0.005900783991210469
690,489.5615420417946,20000.0,0.005360510952894139,0.0064765708542662784
691,489.5615420417946,20000.0,0.0,0.0033237372849432697
692,489.5615420417946,20000.0,0.0,0.0025601837385850145
693,490.15296095058306,20000.0,0.029570945439422253,0.008369866341211061
694,493.2935453505687,20000.0,0.15702921999928296,0.019596637617250303
695,493.2935453505687,20000.0,0.0,0.0014325416647536647
696,494.21231511340557,20000.0,0.04593848814184386,0.0106476558649086
697,494.21231511340557,20000.0,0.0,0.004255859375958924
698,494.2206794339007,20000.0,0.0004182160247588235,0.010765029904495299
699,494.22146707446893,20000.0,3.938202840925736e-05,0.005562638052377455
700,494.37483946736353,20000.0,0.007668619644730143,0.007241917656420592
701,496.38022003876347,20000.0,0.10026902856999832,0.022772606557777714
702,498.5002718072378,20000.0,0.1060025884237172,0.011200312700177571
703,498.5002718072378,20000.0,0.0,0.0030062893233029487
704,498.5195854248154,20000.0,0.0009656808788784378,0.008338593735657391
705,498.81591462676124,20000.0,0.014816460097292603,0.00817548691396239
706,499.1517941218172,20000.0,0.016793974752798046,0.0034563024570285826
707,499.1517941218172,20000.0,0.0,0.0022305669217291763
708,499.1517941218172,20000.0,0.0,0.0006923007251879162
709,499.9396362125415,20000.0,0.0393921045362127,0.00900304522124778
710,500.0,20000.0,0.16092131751825225,0.009927572694632274
711,500.0,20000.0,0.0,0.0009832444022570771
712,500.0,20000.0,0.05844375180758214,0.010115216326784238
713,500.0,20000.0,0.0075178007919362655,0.010523626042352683
714,500.0,20000.0,0.06992737578595933,0.011772991470855095
715,500.0,20000.0,0.020043542916487283,0.006589184988214331
716,500.0,20000.0,0.03951051247006817,0.010314137421095776
717,500.0,20000.0,0.06737916446057056,0.019156348021611574
718,500.0,20000.0,0.0,0.005941258828288064
719,500.0,20000.0,0.08416609720174206,0.006334906933058374
720,500.0,20000.0,0.008911602727204137,0.009956933474388313
721,500.0,20000.0,0.05979388101492686,0.030563633110863436
722,500.0,20000.0,0.003618655286169327,0.010444736562093746
723,500.0,20000.0,0.004277896452638351,0.006878139090655899
724,500.0,20000.0,0.006521546162412175,0.013504141106043569
725,500.0,20000.0,0.0,0.003971069758753471
726,500.0,20000.0,0.22947528904629613,0.017554411618679412
727,500.0,20000.0,0.0,0.00309163635294994
728,500.0,20000.0,0.0943090138277829,0.01936637783566239
729,500.0,20000.0,0.12013863266834272,0.02254145971989899
730,500.0,20000.0,0.0,0.002582704004187006
731,500.0,20000.0,0.02721558352966,0.011675654774583724
732,500.0,20000.0,0.18221702788299118,0.024064001819550606
733,500.0,20000.0,0.0642732471542193,0.01369259723879598
734,500.0,20000.0,0.0,0.011227290500997206
735,500.0,20000.0,0.03372745605626888,0.014755637629930828
736,500.0,20000.0,0.0401003688436183,0.01290544553828183
737,500.0,20000.0,0.06724084580548068,0.013765543371004227
738,500.0,20000.0,0.014472466631063602,0.008616832509069585
739,500.0,20000.0,0.0,0.0031786924690711616
740,500.0,20000.0,0.0,0.010174477683676363
741,500.0,20000.0,0.19982200160372038,0.021991055978151215
742,500.0,20000.0,0.0121729780718001,0.005821185580881181
743,500.0,20000.0,0.0,0.003669967326118439
744,500.0,20000.0,0.0,0.0010601800083111835
745,500.0,20000.0,0.0,0.004658384411760255
746,500.0,20000.0,0.0,0.007672226902296613
747,500.0,20000.0,0.0025622923163736372,0.00453448735779674
748,500.0,20000.0,0.0,0.0023144449045029536
749,500.0,20000.0,0.0,0.00471259510723563
750,500.0,20000.0,0.00034656996831966503,0.011233987590259419
751,500.0,20000.0,0.0003663874216034307,0.008344988429054356
752,500.0,20000.0,0.0,0.0062647268640345
753,500.0,20000.0,0.0,0.012203680377412087
754,500.0,20000.0,0.0004553693345490983,0.006604124683648315
755,500.0,20000.0,0.06071108060724105,0.018197171165154364
756,500.0,20000.0,0.0,0.0031466297090636803
757,500.0,20000.0,0.0,0.007681954290551801
758,500.0,20000.0,0.0,0.01127349491042541
759,500.0,20000.0,0.03239634480645687,0.020022905973816722
760,500.0,20000.0,0.0,0.006422317740432534
761,500.0,20000.0,0.08298397213789467,0.02025158934377402
762,500.0,20000.0,0.041212758825112245,0.012314319314036395
763,500.0,20000.0,0.0,0.004529716530570353
764,500.0,20000.0,0.026743339604281637,0.010264818979123933
765,500.0,20000.0,0.0,0.0001838849120851879
766,500.0,20000.0,0.0,0.0029384046579300697
767,500.0,20000.0,0.18199451505959005,0.0213594513090753
768,500.0,20000.0,0.0,0.0038522502536105442
769,500.0,20000.0,0.004032151045291837,0.007879364746293851
770,500.0,20000.0,0.0,0.005648931005972629
771,500.0,20000.0,0.0013586092465993325,0.009871311626453732
772,500.0,20000.0,1.6436101830041086e-05,0.003455788456497199
773,500.0,20000.0,0.04488892055453193,0.017629352882616755
774,500.0,20000.0,0.0,0.0023824136758483906
775,500.0,20000.0,0.0023586280161435203,0.004767169173776946
776,500.0,20000.0,0.0,0.00178961639223584
777,500.0,20000.0,0.0042434100116238264,0.002291627220746367
778,500.0,20000.0,0.0013040290419116614,0.00835166356172466
779,500.0,20000.0,0.2115542472801398,0.017698261926343908
780,500.0,20000.0,0.0009805212461091483,0.006773634880961435
781,500.0,20000.0,0.022000405456834463,0.0041037884271458176
782,500.0,20000.0,0.0,0.010588971608055836
783,500.0,20000.0,0.004380837896053835,0.00910424082669286
784,500.0,20000.0,0.0,0.0030989876670510738
785,500.0,20000.0,0.0,0.004142172196958856
786,500.0,20000.0,0.021178888807596934,0.016425655709197264
787,500.0,20000.0,0.009987129801593338,0.006962854504241761
788,500.0,20000.0,0.015560369251429083,0.014829253180630907
789,500.0,20000.0,0.12168606228238887,0.02348723914823962
790,500.0,20000.0,0.054668671986574345,0.00748152311042285
791,500.0,20000.0,0.0,0.00678172786266382
792,500.0,20000.0,0.12746308210315252,0.013284991606963429
793,500.0,20000.0,0.0,0.012431700423131279
794,500.0,20000.0,0.007970163372812401,0.00695957185940478
795,500.0,20000.0,0.0,0.0007624728753040079
796,500.0,20000.0,0.005331769515409666,0.009995290489640988
797,500.0,20000.0,0.0,0.00895980099478227
798,500.0,20000.0,0.0006235558770190618,0.01298173701157782
799,500.0,20000.0,0.042925010646636126,0.01714648678515858
800,500.0,20000.0,0.015160564401786128,0.0078153848953942
801,500.0,20000.0,0.0019798212481332215,0.007419142203083983
802,500.0,20000.0,0.0,0.0036632155795932445
803,500.0,20000.0,0.0,0.011364426548516647
804,500.0,20000.0,0.0025622923163736372,0.006670064444991758
805,500.0,20000.0,0.004167551223576357,0.01512414255652513
806,500.0,20000.0,0.04934836392234902,0.017518245510356585
807,500.0,20000.0,0.00036022940815464034,0.01228635750583454
808,500.0,20000.0,0.11786708005225115,0.009430228829205634
809,500.0,20000.0,0.0,0.007400215697305135
810,500.0,20000.0,0.0,0.001611648454471473
811,500.0,20000.0,0.021296690619697686,0.013238595584738945
812,500.0,20000.0,0.007473304527304227,0.005006569552288283
813,500.0,20000.0,0.037450005100618536,0.018888053451282426
814,500.0,20000.0,0.014956253613500746,0.010272056923272752
815,500.0,20000.0,0.0,0.009835084477071205
816,500.0,20000.0,0.07066242171084648,0.031338494374814924
817,500.0,20000.0,0.0,0.006232948560523028
818,500.0,20000.0,0.0001802484745128989,0.005654312102845172
819,500.0,20000.0,0.0,0.013737616442610257
820,500.0,20000.0,0.1697747291671285,0.0269103016583322
821,500.0,20000.0,0.0,0.011601186248624268
822,500.0,20000.0,0.0,0.00804167322838935
823,500.0,20000.0,0.009474760989844188,0.006474319353138261
824,500.0,20000.0,0.0,0.009519208557494354
825,500.0,20000.0,0.009352216156650066,0.012027370772366838
826,500.0,20000.0,0.0428758646748287,0.015373501366864814
827,500.0,20000.0,0.06389010502948742,0.01156510911645309
828,500.0,20000.0,0.020474346190799134,0.00431434800667157
829,500.0,20000.0,0.0,0.001967563063850121
830,500.0,20000.0,0.013052331941997756,0.0045237692319279104
831,500.0,20000.0,0.0069700420287238975,0.006398142305697612
832,500.0,20000.0,0.041059521199896185,0.014190666640857552
833,500.0,20000.0,0.04818600537750084,0.010661486446453256
834,500.0,20000.0,0.0,0.0021696141084651907
835,500.0,20000.0,0.012099966198683323,0.0030042139105089113
836,500.0,20000.0,0.0,0.007025847918012176
837,500.0,20000.0,0.09525622788585285,0.018645717309227844
838,500.0,20000.0,0.00012809561823393342,0.012456156291876283
839,500.0,20000.0,0.016366127455287177,0.015482942379660114
840,500.0,20000.0,0.01802435971631644,0.009936872277565147
841,500.0,20000.0,0.12806796470537685,0.03219230234288401
842,500.0,20000.0,0.028487947382850678,0.022088260961799215
843,500.0,20000.0,0.010774451728366042,0.006347838278121484
844,500.0,20000.0,0.02801219886002103,0.006657249394608297
845,500.0,20000.0,0.006176701796761987,0.008247358549668272
846,500.0,20000.0,0.0,0.005386222489950038
847,500.0,20000.0,0.0,0.006919905683443458
848,500.0,20000.0,0.06667437361307127,0.009673883957881727
849,500.0,20000.0,0.0036841117271337828,0.016081747471617433
850,500.0,20000.0,0.0,0.006277373640757727
851,500.0,20000.0,0.0,0.009366166768434226
852,500.0,20000.0,0.0,0.005237227617657671
853,500.0,20000.0,0.06267739429216629,0.016537259854172932
854,500.0,20000.0,0.002707916617071131,0.0027320663171438004
855,500.0,20000.0,0.006228879111038447,0.0026637559447762263
856,500.0,20000.0,0.0,0.00576420118841288
857,500.0,20000.0,0.0018070719012859716,0.013981421754331506
858,500.0,20000.0,0.0,0.0046765501572990035
859,500.0,20000.0,0.0,0.007396029059621952
860,500.0,20000.0,0.0,0.003444458994478771
861,500.0,20000.0,0.016837819639584386,0.007399049204356859
862,500.0,20000.0,0.012095742441455644,0.011068054082098404
863,500.0,20000.0,0.006671515979699796,0.008204051673496748
864,500.0,20000.0,0.0009151223277994694,0.006879363376745902
865,500.0,20000.0,0.0,0.0007003787996221068
866,500.0,20000.0,0.0,0.004328831794872457
867,500.0,20000.0,4.549345650562846e-05,0.009906456606114047
868,500.0,20000.0,0.00025976153188579177,0.006530789937585562
869,500.0,20000.0,0.0,0.0065077491127458675
870,500.0,20000.0,0.043480344547392545,0.006209261080385643
871,500.0,20000.0,0.0,0.007463992972109775
872,500.0,20000.0,0.0,0.003294370088721156
873,500.0,20000.0,0.0048495925215578896,0.013910936792534198
874,500.0,20000.0,0.1275036608341388,0.021989261228139493
875,500.0,20000.0,0.09508785445156415,0.007698989894826246
876,500.0,20000.0,0.04739681082787143,0.013425659806772643
877,500.0,20000.0,0.05155804671647415,0.010515032233104401
878,500.0,20000.0,0.008609522996280254,0.0050979909813966265
879,500.0,20000.0,0.007359422013269288,0.013990779242446233
880,500.0,20000.0,0.0,0.008784802327827346
881,500.0,20000.0,0.0,0.003037679912735987
882,500.0,20000.0,0.1143056459893968,0.01708359643131879
883,500.0,20000.0,0.0,0.0034118367495513573
884,500.0,20000.0,0.0,0.0030924580526075444
885,500.0,20000.0,0.000768123432011071,0.008687873552537058
886,500.0,20000.0,0.004816702012424445,0.0038143288534515972
887,500.0,20000.0,0.022431381569949865,0.013611524869267401
888,500.0,20000.0,0.057067525120831866,0.009821891521431043
889,500.0,20000.0,0.002841721696382562,0.008607983207555549
890,500.0,20000.0,0.0,0.01338256212500697
891,500.0,20000.0,0.0,0.0022404649171860595
892,500.0,20000.0,0.0,0.003599291308343749
893,500.0,20000.0,0.05035464479502624,0.009427294171272563
894,500.0,20000.0,0.006228879111038447,0.009337214385743217
895,500.0,20000.0,0.20547270756569722,0.03179867401298781
896,500.0,20000.0,0.02145590445252189,0.003260189179415501
897,500.0,20000.0,0.0016265760231655593,0.006485535245874396
898,500.0,20000.0,0.04997119916600038,0.01922294196915889
899,500.0,20000.0,0.0,0.001267870777973137
900,500.0,20000.0,0.043917093227616895,0.01651852633798095
901,500.0,20000.0,0.02667250204412509,0.01495275784500287
902,500.0,20000.0,0.06589894295520875,0.01765157141249832
903,500.0,20000.0,0.06252677168471521,0.013689497048202432
904,500.0,20000.0,0.05805628262121953,0.0124170953420141
905,500.0,20000.0,0.018150574785420093,0.015268563147353207
906,500.0,20000.0,0.08058239809755303,0.012088179109969044
907,500.0,20000.0,0.0016660160848317512,0.007455049663404064
908,500.0,20000.0,0.026064543662595373,0.0065802381997087855
909,500.0,20000.0,0.012637760909269874,0.012253498421784652
910,500.0,20000.0,0.009151238730629103,0.003649243233470868
911,500.0,20000.0,0.0,0.009139118718223017
912,500.0,20000.0,0.006335170879207876,0.0029136508604476205
913,500.0,20000.0,0.0,0.0017556676735463865
914,500.0,20000.0,0.13280394887009497,0.018727338962642295
915,500.0,20000.0,0.0,0.006539546768744866
916,500.0,20000.0,0.009160599215462577,0.010224079911396915
917,500.0,20000.0,0.006432619124157321,0.021385903287616713
918,500.0,20000.0,0.0011006475153029819,0.0039357834719267095
919,500.0,20000.0,0.06365086583239013,0.0029987504834005966
920,500.0,20000.0,0.012335791840427353,0.018749090646620396
921,500.0,20000.0,0.007638512424186691,0.020267782004128886
922,500.0,20000.0,0.002105211945367405,0.00916708849854153
923,500.0,20000.0,0.0,0.008638360895112168
924,500.0,20000.0,0.02804014161484513,0.01089190055566762
925,500.0,20000.0,0.025420430886825694,0.00919005705613574
926,500.0,20000.0,0.003539814963378358,0.005240679349260182
927,500.0,20000.0,0.0,0.009744375906810137
928,500.0,20000.0,0.0,0.0036280792868812976
929,500.0,20000.0,0.0,0.006487070201910387
930,500.0,20000.0,0.01246706783366731,0.009487963559077491
931,500.0,20000.0,0.010296641038900343,0.020197046740726813
932,500.0,20000.0,0.0,0.005753286672430941
933,500.0,20000.0,0.006981405135188086,0.013307064172892234
934,500.0,20000.0,0.0,0.0016291025441394695
935,500.0,20000.0,0.04596306785641175,0.018362315693693187
936,500.0,20000.0,0.0,0.005712114875147303
937,500.0,20000.0,0.0,0.003436355627795771
938,500.0,20000.0,0.0,0.0021116614269127243
939,500.0,20000.0,0.008331119504842924,0.007409882615527066
940,500.0,20000.0,0.0,0.006401012532646549
941,500.0,20000.0,0.0,0.004360488255442894
942,500.0,20000.0,0.300944223513486,0.029086233013006477
943,500.0,20000.0,0.0016515536472754403,0.00039578048414694805
944,500.0,20000.0,0.006626716968682999,0.006365898440184837
945,500.0,20000.0,0.0,0.005666124946565379
946,500.0,20000.0,0.0,0.008255166082744552
947,500.0,20000.0,0.13772933543663837,0.015293171452065294
948,500.0,20000.0,0.009247791910094621,0.003773352021907434
949,500.0,20000.0,0.016852239685696126,0.012020440073096899
950,500.0,20000.0,0.0,0.011720957313677957
951,500.0,20000.0,0.06530846444310476,0.015779685037626282
952,500.0,20000.0,0.007467406122511174,0.00821508050386806
953,500.0,20000.0,3.867622823394803e-05,0.006832061731443823
954,500.0,20000.0,0.04901119799018851,0.010981548737679049
955,500.0,20000.0,0.0,0.0001800821012174335
956,500.0,20000.0,0.0,0.005489459356385425
957,500.0,20000.0,0.0,0.00863621414272708
958,500.0,20000.0,0.0,0.0
959,500.0,20000.0,8.297240337863625e-06,0.009902125656415645
960,500.0,20000.0,0.03990357383321671,0.010217999082628186
961,500.0,20000.0,0.051782701739703285,0.014339605610463492
962,500.0,20000.0,0.02137150295050203,0.0028065819802690173
963,500.0,20000.0,0.01863454908557873,0.006659946726878456
964,500.0,20000.0,0.0,0.010563736756399742
965,500.0,20000.0,0.0,0.00672666041663335
966,500.0,20000.0,0.0,0.0021030657492165034
967,500.0,20000.0,0.0066191926129355125,0.01619457832973321
968,500.0,20000.0,0.0,0.0018686899898624548
969,500.0,20000.0,0.08872718589268326,0.011384662915881631
970,500.0,20000.0,0.31376659660471706,0.032834382271460245
971,500.0,20000.0,0.0009684095965776896,0.005957209476410546
972,500.0,20000.0,0.036880551807939775,0.008183444725058055
973,500.0,20000.0,0.00037039377213399596,0.0012630079868792242
974,500.0,20000.0,0.0045767254276930834,0.001778515610328709
975,500.0,20000.0,0.0028330087443140385,0.007918711051802405
976,500.0,20000.0,0.0,0.007529313699669154
977,500.0,20000.0,0.01488749867609977,0.010676107701382291
978,500.0,20000.0,0.10394303580984447,0.030423358092450992
979,500.0,20000.0,0.017083484049781522,0.008052564321915496
980,500.0,20000.0,0.0004553693345490983,0.003208942121140231
981,500.0,20000.0,0.0,0.0014935302080789075
982,500.0,20000.0,0.00018200088633458014,0.009241946095338722
983,500.0,20000.0,0.07206817664357391,0.01669055852726152
984,500.0,20000.0,0.0,0.004678869642185803
985,500.0,20000.0,0.00026730066581259277,0.009636860711885771
986,500.0,20000.0,0.10544440527601782,0.00990130821711836
987,500.0,20000.0,0.0,0.0021784071064115183
988,500.0,20000.0,0.013051797484504682,0.008485608742343616
989,500.0,20000.0,0.06244606499957042,0.01420397159249468
990,500.0,20000.0,0.0,0.016875867110010167
991,500.0,20000.0,0.0954690430049222,0.015213992001121323
992,500.0,20000.0,0.00939221435746542,0.005736476212244478
993,500.0,20000.0,0.0,0.011232932606681774
994,500.0,20000.0,0.08028117139443602,0.020927258847185274
995,500.0,20000.0,0.009718284790739573,0.004013149563111794
996,500.0,20000.0,0.0015857440825044074,0.009674954915118857
997,500.0,20000.0,0.010179496329397561,0.0033657655507262595
998,500.0,20000.0,0.03669067736370774,0.012174879644421894
999,500.0,20000.0,0.037028390447674114,0.004332603698923931
1000,500.0,20000.0,0.0,0.007030264767028678
1001,500.0,20000.0,0.06553197872178307,0.018626102586244517
1002,500.0,20000.0,0.0,0.003131294179259938
1003,500.0,20000.0,0.023014923342037804,0.014216894298944079
1004,500.0,20000.0,0.010038344641423842,0.0041295307623350885
1005,500.0,20000.0,0.4637959847898382,0.04208019657745082
1006,500.0,20000.0,0.02192582084129137,0.014317311084000792
1007,500.0,20000.0,0.04018858958200025,0.007571051112061248
1008,500.0,20000.0,0.002957303093085325,0.00626461597895642
1009,500.0,20000.0,0.0,0.0027523829565760808
1010,500.0,20000.0,0.006644665013578814,0.009003546879181408
1011,500.0,20000.0,0.0,0.003942578854712455
1012,500.0,20000.0,0.0022358290444597756,0.009746919879783817
1013,500.0,20000.0,0.04713161721236329,0.01246636694830744
1014,500.0,20000.0,0.0,0.0010263638231869027
1015,500.0,20000.0,0.03514802523192007,0.012349456638631155
1016,500.0,20000.0,0.10435215054481833,0.016598524137896403
1017,500.0,20000.0,0.023263063084487137,0.027544704445780395
1018,500.0,20000.0,0.02406701257858954,0.006423953371860192
1019,500.0,20000.0,0.11621578265432171,0.0246184921055619
1020,500.0,20000.0,0.039254775370028236,0.007047875268622351
1021,500.0,20000.0,0.008429913577179966,0.009073382529012892
1022,500.0,20000.0,0.0,0.005978694604625202
1023,500.0,20000.0,0.009427773233684846,0.0044214167759578215
1024,500.0,20000.0,0.0,0.012801181567956243
1025,500.0,20000.0,0.0016789762830520377,0.014348224812516882
1026,500.0,20000.0,0.010673097403859818,0.010078241556396214
1027,500.0,20000.0,0.002882051279460243,0.01579347293416955
1028,500.0,20000.0,0.0,0.004780461896334426
1029,500.0,20000.0,0.02501900644876773,0.016334983507388996
1030,500.0,20000.0,0.02359855222673736,0.021072711356924127
1031,500.0,20000.0,0.04169703835469072,0.019971660947598058
1032,500.0,20000.0,0.00453068055788198,0.0063282084488741055
1033,500.0,20000.0,0.0,0.006309218059996921
1034,500.0,20000.0,0.007772734008722076,0.013851527215192363
1035,500.0,20000.0,0.10991851707296695,0.01886747741070015
1036,500.0,20000.0,0.04856310410856225,0.014872661360789559
1037,500.0,20000.0,0.0,0.0026435632484123495
1038,500.0,20000.0,0.0,0.006321080060343647
1039,500.0,20000.0,0.06095238551201769,0.01338012116303366
1040,500.0,20000.0,0.0,0.006357546351637879
1041,500.0,20000.0,0.00021010754506177332,0.012901187069404066
1042,500.0,20000.0,0.23198075439109295,0.025752865559545462
1043,500.0,20000.0,0.01906601871049551,0.017984508099627743
1044,500.0,20000.0,0.09525818583636117,0.02610493665338805
1045,500.0,20000.0,0.01635393833578525,0.014652002541154738
1046,500.0,20000.0,0.0,0.006438335428426742
1047,500.0,20000.0,0.0,0.008028093615510929
1048,500.0,20000.0,0.0,0.0009759975493405313
1049,500.0,20000.0,0.018307217168829618,0.012631028628621997
1050,500.0,20000.0,0.0,0.003934190454220212
1051,500.0,20000.0,0.0,0.004647858236089283
1052,500.0,20000.0,0.0,0.005519475746108113
1053,500.0,20000.0,0.00813106860798678,0.008565857300453126
1054,500.0,20000.0,0.13219982581904,0.019808488834386878
1055,500.0,20000.0,0.02467838375753041,0.00768636738682711
1056,500.0,20000.0,0.012214933449476833,0.004769881926473652
1057,500.0,20000.0,0.04862131035985982,0.020809716571072705
1058,500.0,20000.0,0.006977829951964999,0.007444829260468891
1059,500.0,20000.0,0.0,0.010542375518145245
1060,500.0,20000.0,0.008280537267295154,0.02299820411111632
1061,500.0,20000.0,0.0,0.003291688720058714
1062,500.0,20000.0,0.05068690757291137,0.019730975194109494
1063,500.0,20000.0,0.005440198998790307,0.006839889845155022
1064,500.0,20000.0,0.0,0.00618169556304735
1065,500.0,20000.0,0.0,0.004197850945793836
1066,500.0,20000.0,0.009098708324219773,0.011821434203600416
1067,500.0,20000.0,0.20391876425492614,0.018795951918750213
1068,500.0,20000.0,0.04538175856668101,0.010442437509309638
1069,500.0,20000.0,0.016096011224304527,0.00953752320996741
1070,500.0,20000.0,0.00012809561823393342,0.009013059742256267
1071,500.0,20000.0,0.24598391852242224,0.0409614608119594
1072,500.0,20000.0,0.0,0.009154145367936857
1073,500.0,20000.0,0.06424590605067866,0.00861283951429544
1074,500.0,20000.0,0.0,0.0018838466031732431
1075,500.0,20000.0,0.041477024333604756,0.01592492746893713
1076,500.0,20000.0,0.003618655286169327,0.009654481274329404
1077,500.0,20000.0,0.0,0.005617252212745332
1078,500.0,20000.0,0.02941140673154357,0.02359674985761434
1079,500.0,20000.0,0.12042449159867073,0.024247521055312773
1080,500.0,20000.0,0.12127367102880986,0.02388226074326344
1081,500.0,20000.0,0.006981405135188086,0.010097682036583119
1082,500.0,20000.0,0.0,0.006395367485680151
1083,500.0,20000.0,0.0,0.007973817799411951
1084,500.0,20000.0,0.03901584786932947,0.009978269270384912
1085,500.0,20000.0,0.015372560672621605,0.018864375969180613
1086,500.0,20000.0,0.11094018413822644,0.01036754792256412
1087,500.0,20000.0,0.02958668517621827,0.006077491199207201
1088,500.0,20000.0,0.016158016689491406,0.01076527194164945
1089,500.0,20000.0,0.031042774101583334,0.0053401397244304235
1090,500.0,20000.0,0.07321800400331997,0.008266077220004968
1091,500.0,20000.0,0.017904877202033372,0.024608759156343255
1092,500.0,20000.0,0.08228417359267201,0.015430079361608196
1093,500.0,20000.0,0.0,0.0032261607026564366
1094,500.0,20000.0,0.048901322483558135,0.010130672516286873
1095,500.0,20000.0,0.002966768102189703,0.022418461162482698
1096,500.0,20000.0,0.03206086936045564,0.012106316809877971
1097,500.0,20000.0,0.001163994472874224,0.007117965744827877
1098,500.0,20000.0,6.152215526438682e-05,0.006158657524206892
1099,500.0,20000.0,0.02007480094648538,0.012650575027985863
1100,500.0,20000.0,0.0,0.002708338794616589
1101,500.0,20000.0,0.0,0.0035319495305413994
1102,500.0,20000.0,0.0,0.010646345554401143
1103,500.0,20000.0,0.0,0.0012102708496730477
1104,500.0,20000.0,0.06504537584923906,0.007191016969153043
1105,500.0,20000.0,0.11105347167466578,0.012936630902801295
1106,500.0,20000.0,0.16506758769091,0.020980301644273308
1107,500.0,20000.0,0.0012297830073498685,0.0059583230127218875
1108,500.0,20000.0,0.0,0.0003511158232492895
1109,500.0,20000.0,0.006137407708864125,0.01829489032803324
1110,500.0,20000.0,0.0,0.003930110108893784
1111,500.0,20000.0,0.00033661538126321676,0.0062239445470535755
1112,500.0,20000.0,0.0,0.008930354812035485
1113,500.0,20000.0,0.2188687545880531,0.02237657530215996
1114,500.0,20000.0,0.16212843775779415,0.02090246151827874
1115,500.0,20000.0,0.03463865643867148,0.01013646685340665
1116,500.0,20000.0,0.0,0.005557280069121059
1117,500.0,20000.0,0.0,0.005542346845798129
1118,500.0,20000.0,0.04579140673897425,0.015242702614732252
1119,500.0,20000.0,0.013329118101054645,0.018804443839074658
1120,500.0,20000.0,0.00821923660176234,0.0037570709635695487
1121,500.0,20000.0,0.01910974370966378,0.020279282619334628
1122,500.0,20000.0,0.019473106558280398,0.012924605832970292
1123,500.0,20000.0,0.08939233782687671,0.025757017446423017
1124,500.0,20000.0,0.001698266788841964,0.01827421002052654
1125,500.0,20000.0,0.0,0.001480463192549668
1126,500.0,20000.0,0.0006721539745399145,0.0036039325510437443
1127,500.0,20000.0,0.0,0.010924208825794549
1128,500.0,20000.0,0.006065393077689326,0.013803827652500825
1129,500.0,20000.0,0.0,0.010197379133460823
1130,500.0,20000.0,0.0,0.0035940656469161773
1131,500.0,20000.0,0.0,0.004316385471539842
1132,500.0,20000.0,0.001502528940995417,0.012087113709871034
1133,500.0,20000.0,0.0,0.009434287520307632
1134,500.0,20000.0,0.026548165676289856,0.005043956906854581
1135,500.0,20000.0,0.0,0.0065929704371022815
1136,500.0,20000.0,8.522586889484435e-05,0.004412137169589591
1137,500.0,20000.0,0.06912220012812023,0.024822130721432207
1138,500.0,20000.0,0.003109637641922387,0.010301982238519507
1139,500.0,20000.0,0.0,0.0011795257740571875
1140,500.0,20000.0,0.0,0.004456991406220217
1141,500.0,20000.0,0.022693318780382783,0.019287616220429456
1142,500.0,20000.0,0.0,0.004182538314351291
1143,500.0,20000.0,0.0004553693345490983,0.003930794703330097
1144,500.0,20000.0,0.0,0.004356325309155904
1145,500.0,20000.0,0.07962397805020797,0.020070313303416184
1146,500.0,20000.0,0.16090215876801423,0.02912488672884908
1147,500.0,20000.0,0.0,0.002049384680423531
1148,500.0,20000.0,0.0,0.005038196509360099
1149,500.0,20000.0,0.0,0.0018570867758950919
1150,500.0,20000.0,0.013721974769012397,0.004213790045339752
1151,500.0,20000.0,0.0,0.0039672186979043825
1152,500.0,20000.0,0.0,0.005619683880095687
1153,500.0,20000.0,0.012313359547519357,0.008247441829272254
1154,500.0,20000.0,0.02506432841017492,0.013987564459973885
1155,500.0,20000.0,0.005435986015472081,0.0032113757813476682
1156,500.0,20000.0,0.0,0.007646556480716168
1157,500.0,20000.0,0.0,0.0018970053563035767
1158,500.0,20000.0,0.013999517090758579,0.011717546985229484
1159,500.0,20000.0,0.0,0.0014444748300192125
1160,500.0,20000.0,2.83716189450344e-05,0.007819982379910738
1161,500.0,20000.0,0.008672311850820685,0.013761923695657556
1162,500.0,20000.0,0.0,0.004141380241654815
1163,500.0,20000.0,0.0,0.0009329019459702171
1164,500.0,20000.0,1.1674877997524945e-05,0.004077554220341264
1165,500.0,20000.0,0.10793940533664521,0.019930840783550233
1166,500.0,20000.0,0.0,0.000409087789759084
1167,500.0,20000.0,0.0,0.01196856540606815
1168,500.0,20000.0,0.0,0.008727087669513398
1169,500.0,20000.0,0.05330257660189621,0.022777356224128638
1170,500.0,20000.0,0.009007749749600419,0.012697471378022449
1171,500.0,20000.0,0.0,0.010380473907733287
1172,500.0,20000.0,0.16949749890820287,0.02864389877212136
1173,500.0,20000.0,0.023416004605417443,0.012109764206711279
1174,500.0,20000.0,0.16784781938224658,0.01766365748973179
1175,500.0,20000.0,0.07562441744197282,0.015064732165678415
1176,500.0,20000.0,0.0,0.008716538089575588
1177,500.0,20000.0,0.0002023711504045741,0.0012096683685662904
1178,500.0,20000.0,0.0,0.0031782207999181064
1179,500.0,20000.0,0.10744964692309662,0.019741492720384203
1180,500.0,20000.0,0.10200383922682497,0.010186572275569428
1181,500.0,20000.0,0.0,0.002331800429793978
1182,500.0,20000.0,0.012305920038546133,0.01957205257111048
1183,500.0,20000.0,0.003082692978804697,0.015450551751020012
1184,500.0,20000.0,0.0,0.001657422744439636
1185,500.0,20000.0,0.014904046930794012,0.002914764038753414
1186,500.0,20000.0,0.000691413120854776,0.01684482740336425
1187,500.0,20000.0,0.0,0.015528299879200541
1188,500.0,20000.0,0.0,0.007208216378427056
1189,500.0,20000.0,0.0045252400450685355,0.007590481611608098
1190,500.0,20000.0,0.0,0.018141644731330377
1191,500.0,20000.0,0.01829401459575904,0.017480578458221513
1192,500.0,20000.0,0.08355839667429968,0.012505244196229415
1193,500.0,20000.0,0.012497140250486153,0.012579441581790174
1194,500.0,20000.0,0.0,0.0012201109433082173
1195,500.0,20000.0,0.0,0.007163290034509319
1196,500.0,20000.0,0.0,0.009387751884946125
1197,500.0,20000.0,0.011748227663382585,0.009824602638978532
1198,500.0,20000.0,0.0,0.002864077569827577
1199,500.0,20000.0,0.01781296107057154,0.012989315766658793
1200,500.0,20000.0,0.06104790328548605,0.01754066746865407
1201,500.0,20000.0,0.0,0.006498943806368191
1202,500.0,20000.0,0.0,0.0009516851658784316
1203,500.0,20000.0,0.0,0.005178313562924412
1204,500.0,20000.0,0.008214976827361312,0.00435653590597097
1205,500.0,20000.0,0.05968812473767381,0.021324097977009595
1206,500.0,20000.0,0.05512314179804283,0.018523909965945152
1207,500.0,20000.0,0.054003568590098486,0.007786069347680988
1208,500.0,20000.0,0.018661166558793203,0.005550664932358208
1209,500.0,20000.0,0.0,0.008627094217048098
1210,500.0,20000.0,0.04849364561799345,0.0028767698276520753
1211,500.0,20000.0,0.16692866350136645,0.025700177650855353
1212,500.0,20000.0,0.018895553022341575,0.00479748147734004
1213,500.0,20000.0,0.0025622923163736372,0.00681937180578308
1214,500.0,20000.0,0.00012809561823393342,0.004296472786041345
1215,500.0,20000.0,0.0,0.005683075762325697
1216,500.0,20000.0,0.15233392555788258,0.030046894562115997
1217,500.0,20000.0,0.0,0.0030256177463724417
1218,500.0,20000.0,0.004209998497189186,0.004090262232320162
1219,500.0,20000.0,0.08195966390781614,0.01372658444994402
1220,500.0,20000.0,0.005822570079373807,0.0050838832423733705
1221,500.0,20000.0,0.05577224293436673,0.012012480535887146
1222,500.0,20000.0,0.0,0.0027712969128868307
1223,500.0,20000.0,0.015908132268022138,0.007852249864483303
1224,500.0,20000.0,0.0,0.007200493289906225
1225,500.0,20000.0,0.0,0.003156026684093535
1226,500.0,20000.0,0.0,0.001865534973320654
1227,500.0,20000.0,0.03687054530342067,0.011720966418620773
1228,500.0,20000.0,0.0,0.007248685722882199
1229,500.0,20000.0,0.1985426425526111,0.027507975693826084
1230,500.0,20000.0,0.07116407722117199,0.021450148603347468
1231,500.0,20000.0,0.029708919539264713,0.029620019686741935
1232,500.0,20000.0,0.0,0.007589483414837038
1233,500.0,20000.0,0.023884109973990413,0.011387100409074173
1234,500.0,20000.0,0.0036567199248849834,0.006982717942009084
1235,500.0,20000.0,0.05544223848218964,0.007414911208182276
1236,500.0,20000.0,0.015718384269996857,0.005453693013532683
1237,500.0,20000.0,0.04255455347215185,0.013009470399780827
1238,500.0,20000.0,0.0,0.005637715074242126
1239,500.0,20000.0,0.0,0.00211022245008116
1240,500.0,20000.0,0.011609673969791096,0.006173109396115128
1241,500.0,20000.0,0.0,0.0014229790400654163
1242,500.0,20000.0,0.0,0.0025379439233066846
1243,500.0,20000.0,0.0009745752572769129,0.005314239816793877
1244,500.0,20000.0,0.01472827127697447,0.019416282866881778
1245,500.0,20000.0,0.0,0.002288989064580233
1246,500.0,20000.0,0.0,0.005247178846176889
1247,500.0,20000.0,0.0021444262480907693,0.012009375398479242
1248,500.0,20000.0,0.0,0.0017028770786625847
1249,500.0,20000.0,0.0014680369282593301,0.008643414619190088
1250,500.0,20000.0,0.0019304117959156894,0.01187008630102958
1251,500.0,20000.0,0.045359140777996396,0.009084494847876677
1252,500.0,20000.0,0.0,0.005200496365276508
1253,500.0,20000.0,0.0,0.002677978501568923
1254,500.0,20000.0,0.006429796200659449,0.010524136247984294
1255,500.0,20000.0,0.012292285905944726,0.005240563093698182
1256,500.0,20000.0,1.2808361298255496e-05,0.004046033690130429
1257,500.0,20000.0,0.0,0.009223170479941542
1258,500.0,20000.0,0.0,0.007620320609892424
1259,500.0,20000.0,0.0,0.0036042240902721687
1260,500.0,20000.0,0.01544654597826705,0.020465325571356892
1261,500.0,20000.0,0.0,0.0026433530936675665
1262,500.0,20000.0,0.12216398032990967,0.02575840332152978
1263,500.0,20000.0,0.0,0.0019041060963104963
1264,500.0,20000.0,0.0,0.0009057092396280931
1265,500.0,20000.0,0.033646772897456656,0.01598309913156659
1266,500.0,20000.0,0.002098645849303127,0.009248539740677724
1267,500.0,20000.0,0.00046390643578418975,0.009063927229735933
1268,500.0,20000.0,0.0,0.0034931475703276734
1269,500.0,20000.0,0.03465148220268863,0.006567260418857792
1270,500.0,20000.0,0.007818150964195686,0.005992007647836868
1271,500.0,20000.0,0.052557219118149395,0.013199361634067909
1272,500.0,20000.0,0.038237964462059966,0.008348263608469781
1273,500.0,20000.0,0.0964309245259439,0.023839234903955408
1274,500.0,20000.0,0.0,0.00532634696580763
1275,500.0,20000.0,0.004138873179406765,0.009734382410472073
1276,500.0,20000.0,0.0,0.004307529404968682
1277,500.0,20000.0,0.3163313030578531,0.029386414670072334
1278,500.0,20000.0,0.0,0.004530819543783133
1279,500.0,20000.0,0.0,0.0034196870203927333
1280,500.0,20000.0,0.0,0.0029821048758503802
1281,500.0,20000.0,0.012618746554076661,0.01596958168254608
1282,500.0,20000.0,0.0,0.004115970643039294
1283,500.0,20000.0,0.005336896335298096,0.010611797840250741
1284,500.0,20000.0,0.012222760960660257,0.005537468125659015
1285,500.0,20000.0,0.04729222291979111,0.008629680811899644
1286,500.0,20000.0,0.028210320795121376,0.01747783663786117
1287,500.0,20000.0,0.07831741174057928,0.01957111147740106
1288,500.0,20000.0,0.0,0.0028150560935266545
1289,500.0,20000.0,0.0,0.010845337268034718
1290,500.0,20000.0,0.01215101337772471,0.02047014262208153
1291,500.0,20000.0,0.07891073296994766,0.010431240004604185
1292,500.0,20000.0,0.24421953334917768,0.010899423261309205
1293,500.0,20000.0,0.0,0.0075234293904965915
1294,500.0,20000.0,0.0002935113238059828,0.0048159597217422995
1295,500.0,20000.0,0.03163986161328747,0.011237680410603154
1296,500.0,20000.0,0.03920998515522321,0.011345090301437166
1297,500.0,20000.0,0.0005903398068633968,0.010794346418857147
1298,500.0,20000.0,0.0,0.003130867697948726
1299,500.0,20000.0,0.0,0.006603186932533419
1300,500.0,20000.0,0.05660243690357065,0.026882250167752666
1301,500.0,20000.0,0.0034194585670457513,0.012455195840280531
1302,500.0,20000.0,0.09791169052497024,0.024770385111719494
1303,500.0,20000.0,0.0313667919016378,0.008128702233767902
1304,500.0,20000.0,0.018745977931196037,0.010379913435705523
1305,500.0,20000.0,0.004209998497189186,0.006431044623562416
1306,500.0,20000.0,0.0027178519821576576,0.020318071609124543
1307,500.0,20000.0,3.867622823394803e-05,0.011703756920237365
1308,500.0,20000.0,0.0003059768940465408,0.007258483563738971
1309,500.0,20000.0,0.07966465195762665,0.009388083077029147
1310,500.0,20000.0,0.21470612688988622,0.038554506998513594
1311,500.0,20000.0,0.22994767155270715,0.017250792596488047
1312,500.0,20000.0,0.046077796802820654,0.009635972710450812
1313,500.0,20000.0,0.0,0.006140085668803015
1314,500.0,20000.0,0.0,0.00024273264883552308
1315,500.0,20000.0,0.052129437950748064,0.01610815579939246
1316,500.0,20000.0,0.0016789762830520377,0.0037860009607160448
1317,500.0,20000.0,0.0,0.0057616566053608625
1318,500.0,20000.0,0.0058554639627211745,0.011566020191815731
1319,500.0,20000.0,0.0,0.0034988245086985236
1320,500.0,20000.0,0.0,0.0004523335440302903
1321,500.0,20000.0,0.009651358857378906,0.00550255554016024
1322,500.0,20000.0,0.0,0.005435932164259913
1323,500.0,20000.0,0.09066456902469915,0.020240898023915932
1324,500.0,20000.0,0.0010680717662828452,0.004439518030849654
1325,500.0,20000.0,0.00834627557839513,0.007556491625216358
1326,500.0,20000.0,0.02576425806454571,0.007444991680275164
1327,500.0,20000.0,0.0,0.0023535447302480937
1328,500.0,20000.0,0.0,0.0068851922663483835
1329,500.0,20000.0,0.009084588460775445,0.009066262429597028
1330,500.0,20000.0,0.08593460929045968,0.011227020444049744
1331,500.0,20000.0,0.0,0.0055395623287010564
1332,500.0,20000.0,0.21232521046065306,0.032729907760087364
1333,500.0,20000.0,0.13898546055084932,0.009981478187948955
1334,500.0,20000.0,0.00012809561823393342,0.011203667953895984
1335,500.0,20000.0,0.0,0.00541972515890843
1336,500.0,20000.0,0.009663426808893892,0.004581283505373251
1337,500.0,20000.0,0.02223639265363452,0.009062396358403144
1338,500.0,20000.0,0.03911983934429777,0.006917481107774541
1339,500.0,20000.0,0.0038923218727275138,0.005367521677124795
1340,500.0,20000.0,0.0,0.00494811705809393
1341,500.0,20000.0,0.00026730066581259277,0.006758291210304558
1342,500.0,20000.0,0.0,0.005874916111966933
1343,500.0,20000.0,0.0,0.0022041956999038588
1344,500.0,20000.0,0.13783922114571515,0.015369772390490723
1345,500.0,20000.0,0.02683687553607717,0.014040812864723222
1346,500.0,20000.0,0.0018679796086335425,0.013939031197877205
1347,500.0,20000.0,0.055284904677003636,0.019328229848617942
1348,500.0,20000.0,0.0053346395144159755,0.01530165008827825
1349,500.0,20000.0,0.013305161129006987,0.01565768100585092
1350,500.0,20000.0,0.023494663222995097,0.025178899713694688
1351,500.0,20000.0,0.0,0.0013112662943624408
1352,500.0,20000.0,0.031119837876563618,0.02259080837183898
1353,500.0,20000.0,0.0,0.0025830209747566796
1354,500.0,20000.0,0.04461516075341257,0.011783476493188116
1355,500.0,20000.0,0.0,0.005370291121609782
1356,500.0,20000.0,0.0018501131548086152,0.0063438524863895064
1357,500.0,20000.0,0.07502107044040583,0.017551911308504975
1358,500.0,20000.0,0.0,0.0029211392910883697
1359,500.0,20000.0,0.0,0.005059011021316962
1360,500.0,20000.0,0.0035230948958880556,0.009405191583732103
1361,500.0,20000.0,0.004819251085016522,0.011084851530265581
1362,500.0,20000.0,0.08019562897579309,0.015244947167159616
1363,500.0,20000.0,0.0006373702208836785,0.004886914545351621
1364,500.0,20000.0,0.0,0.0053613123234469515
1365,500.0,20000.0,0.11647097563867083,0.020866499372182153
1366,500.0,20000.0,0.02792522326379032,0.012483117638435586
1367,500.0,20000.0,0.004042993216906556,0.008131942369486833
1368,500.0,20000.0,0.014385240502039227,0.02034214964235447
1369,500.0,20000.0,0.0,0.00847248901459819
1370,500.0,20000.0,0.01713101126064334,0.010100030184916032
1371,500.0,20000.0,0.01720992522957551,0.010370978421580773
1372,500.0,20000.0,0.03767832426367116,0.006961972566318399
1373,500.0,20000.0,0.00026730066581259277,0.004401590118177261
1374,500.0,20000.0,0.12890335868803368,0.03348304858871201
1375,500.0,20000.0,0.0,0.013615660160942072
1376,500.0,20000.0,0.008011052798301192,0.012318214861949586
1377,500.0,20000.0,0.0,0.0034691989787679215
1378,500.0,20000.0,0.0,0.010666134387040773
1379,500.0,20000.0,0.0,0.0103683862106412
1380,500.0,20000.0,0.027672249170894406,0.010840640487273385
1381,500.0,20000.0,0.01650036084943025,0.0176869602763831
1382,500.0,20000.0,0.0,0.00985638025882007
1383,500.0,20000.0,1.911985323378238e-05,0.007792987531454294
1384,500.0,20000.0,0.08912245686760832,0.009056133935765829
1385,500.0,20000.0,0.0,0.006674732123167685
1386,500.0,20000.0,0.08748398126735682,0.014389687788992607
1387,500.0,20000.0,0.0,0.008785342025105291
1388,500.0,20000.0,0.0,0.0006897023187482158
1389,500.0,20000.0,0.058847257568132416,0.01538244956008833
1390,500.0,20000.0,0.0,0.0022227001364069562
1391,500.0,20000.0,0.003861421615163905,0.004342727204949745
1392,500.0,20000.0,0.0,0.006328851612850621
1393,500.0,20000.0,0.0,0.013086594535076303
1394,500.0,20000.0,0.0,0.005143543738769825
1395,500.0,20000.0,0.01407407117457824,0.016010519489505014
1396,500.0,20000.0,0.0,0.007493464960899932
1397,500.0,20000.0,0.0,0.0031945378199941875
1398,500.0,20000.0,0.054218577037627565,0.014033616271140468
1399,500.0,20000.0,0.0016789762830520377,0.006302069020466209
1400,500.0,20000.0,0.04810693808324946,0.01134814293900171
1401,500.0,20000.0,0.0,0.012017649263188076
1402,500.0,20000.0,0.2124079578399923,0.02265819160480051
1403,500.0,20000.0,0.0007041199194377094,0.018521581432727564
1404,500.0,20000.0,0.015691762611612602,0.009376239646320228
1405,500.0,20000.0,0.0016789762830520377,0.004635624975314684
1406,500.0,20000.0,0.03187222161670859,0.01500768452084298
1407,500.0,20000.0,0.06855889174254745,0.013695450161659843
1408,500.0,20000.0,0.01609224273717039,0.008580939633915603
1409,500.0,20000.0,0.06092465072460602,0.008597146060331873
1410,500.0,20000.0,0.024476591436395762,0.006050665116537085
1411,500.0,20000.0,0.0020536802106978745,0.009996693299387663
1412,500.0,20000.0,0.0,0.006085108164085837
1413,500.0,20000.0,0.11171838246901054,0.012167569864364316
1414,500.0,20000.0,0.0,0.007185086496832972
1415,500.0,20000.0,0.19348258973629706,0.019396556253973928
1416,500.0,20000.0,0.0939000461180192,0.02369903529208969
1417,500.0,20000.0,0.007706113469263482,0.0067837198418151685
1418,500.0,20000.0,0.01979227916859422,0.019508873090716753
1419,500.0,20000.0,0.0,0.002233457471575783
1420,500.0,20000.0,0.0,0.0035600872541453757
1421,500.0,20000.0,0.017703903200464045,0.010315883575120716
1422,500.0,20000.0,0.0,0.0010017204744568935
1423,500.0,20000.0,0.031297331776655314,0.00722368713153855
1424,500.0,20000.0,0.04296781591986628,0.006419122235429017
1425,500.0,20000.0,0.0,0.0035284625053627057
1426,500.0,20000.0,0.0,0.001661696669273141
1427,500.0,20000.0,0.0,0.0075327582743668344
1428,500.0,20000.0,0.0,0.004918793399451264
1429,500.0,20000.0,0.0,0.006347092602894468
1430,500.0,20000.0,0.0,0.0030256235250781314
1431,500.0,20000.0,0.0,0.005162690461668339
1432,500.0,20000.0,0.11329102030515727,0.02137122978395918
1433,500.0,20000.0,1.2329544053460904e-05,0.008518112644189113
1434,500.0,20000.0,0.009469566813933314,0.01342845290297544
1435,500.0,20000.0,0.0,0.0050725443973039545
1436,500.0,20000.0,0.0004553693345490983,0.0016214465873461866
1437,500.0,20000.0,0.0,0.002605619611171493
1438,500.0,20000.0,0.0002391904984938546,0.008105678012051037
1439,500.0,20000.0,0.0,0.003214264691940202
1440,500.0,20000.0,0.018456012660532414,0.008540042450082197
1441,500.0,20000.0,0.23154397506921917,0.02366156656499212
1442,500.0,20000.0,0.01969211430835295,0.014297113933325068
1443,500.0,20000.0,0.000691413120854776,0.0077454100386249135
1444,500.0,20000.0,0.06462507675794173,0.011617780618581052
1445,500.0,20000.0,0.003618655286169327,0.005732202637950426
1446,500.0,20000.0,0.0771304227082871,0.023321590778626985
1447,500.0,20000.0,0.04420269754148537,0.01595490624963631
1448,500.0,20000.0,0.0,0.0028429050134364726
1449,500.0,20000.0,0.0,0.013515272091108694
1450,500.0,20000.0,0.0,0.0022036202429515624
1451,500.0,20000.0,0.0,0.00529461834869346
1452,500.0,20000.0,0.05464990670882638,0.011942204171194543
1453,500.0,20000.0,0.026326346020401053,0.006306832185508312
1454,500.0,20000.0,0.005113308300735635,0.010379206269891965
1455,500.0,20000.0,0.0,0.009020696241105833
1456,500.0,20000.0,0.0,0.0005715784521552854
1457,500.0,20000.0,0.0016789762830520377,0.009007667998736412
1458,500.0,20000.0,0.0,0.00898988654608194
1459,500.0,20000.0,0.06697923001390009,0.009043641091148956
1460,500.0,20000.0,0.0010682612772842197,0.0070541821737478095
1461,500.0,20000.0,0.0,0.0034214922747469872
1462,500.0,20000.0,0.05500077992845968,0.01681941498157592
1463,500.0,20000.0,0.23991782096810882,0.03127252353326865
1464,500.0,20000.0,0.0,0.0032711737084757508
1465,500.0,20000.0,0.04193233718091871,0.02071505260258337
1466,500.0,20000.0,0.069528690024423,0.02136191269723421
1467,500.0,20000.0,0.0,0.0044457700841144445
1468,500.0,20000.0,0.03686566813259788,0.01539764241665567
1469,500.0,20000.0,0.08746458726846765,0.01989666923824478
1470,500.0,20000.0,0.0,0.0020150761534815397
1471,500.0,20000.0,0.0,0.002651937430890413
1472,500.0,20000.0,0.0,0.0014700294641632901
1473,500.0,20000.0,0.002686127962624805,0.004678247195355442
1474,500.0,20000.0,1.5612627072735367e-05,0.0015387436032682832
1475,500.0,20000.0,0.0,0.0043205682351253535
1476,500.0,20000.0,0.1218656655289125,0.015114751814980263
1477,500.0,20000.0,0.005526082976996717,0.008850460265582684
1478,500.0,20000.0,0.005806633981745608,0.01667155911376085
1479,500.0,20000.0,5.0078586253759565e-05,0.017404549498307324
1480,500.0,20000.0,0.0067870082747070026,0.005915774339006586
1481,500.0,20000.0,0.0,0.0009826681819618864
1482,500.0,20000.0,0.0,0.007149816487120379
1483,500.0,20000.0,0.0,0.002245257771669446
1484,500.0,20000.0,0.008919770083825388,0.004996181199244409
1485,500.0,20000.0,0.0,0.0018369222728863558
1486,500.0,20000.0,0.011258585512871497,0.009336507606445808
1487,500.0,20000.0,0.0,0.0048948183347872236
1488,500.0,20000.0,0.00030268479903651214,0.003715080706563392
1489,500.0,20000.0,0.12619433728477203,0.01752887884297624
1490,500.0,20000.0,0.08368685413842741,0.015583698573557316
1491,500.0,20000.0,0.043202553973905954,0.010464338821119086
1492,500.0,20000.0,0.0016789762830520377,0.004008106660649454
1493,500.0,20000.0,0.15039147196125854,0.01934870260890802
1494,500.0,20000.0,0.13615478401045406,0.020693587044317105
1495,500.0,20000.0,8.511362669163354e-06,0.00814095161504458
1496,500.0,20000.0,0.0,0.0013609911149330088
1497,500.0,20000.0,0.0016789762830520377,0.005637100336921876
1498,500.0,20000.0,0.0,0.002240384667496567
1499,500.0,20000.0,0.1235192887215225,0.01388989453054933
1500,500.0,20000.0,0.003058358936479091,0.006890047749884936
1501,500.0,20000.0,0.0,0.005343636219969676
1502,500.0,20000.0,0.0,0.010474938593026761
1503,500.0,20000.0,0.0,0.00024190965510537091
1504,500.0,20000.0,0.0005203319587571444,0.01310794539764773
1505,500.0,20000.0,0.0004553693345490983,0.006567303909830526
1506,500.0,20000.0,0.0,0.01469885287676398
1507,500.0,20000.0,0.0023589165947918837,0.005161972203696549
1508,500.0,20000.0,0.0,0.0018669901827301162
1509,500.0,20000.0,0.09620535574492262,0.017091840005024044
1510,500.0,20000.0,0.0,0.014445856846211278
1511,500.0,20000.0,0.028882436181961773,0.008773511603920588
1512,500.0,20000.0,0.0,0.004488916434597368
1513,500.0,20000.0,0.000568782663202478,0.006382253044826001
1514,500.0,20000.0,0.0,0.003431387192562714
1515,500.0,20000.0,0.017652302829282644,0.010777378505439151
1516,500.0,20000.0,0.0,0.003932518139608094
1517,500.0,20000.0,0.0,0.0050178771014674824
1518,500.0,20000.0,0.004572634550360515,0.005379235827892826
1519,500.0,20000.0,0.004561990531608909,0.003830078882962546
1520,500.0,20000.0,0.0027440412461316598,0.0049014853494279195
1521,500.0,20000.0,0.07800504741493262,0.02246612840827267
1522,500.0,20000.0,0.0,0.004858736395411459
1523,500.0,20000.0,0.0,0.0024186817884608827
1524,500.0,20000.0,0.04024769200164202,0.009335288725147507
1525,500.0,20000.0,0.0,0.0071281829679017495
1526,500.0,20000.0,0.09121915881295796,0.011614839551297914
1527,500.0,20000.0,0.006981405135188086,0.010023413466297131
1528,500.0,20000.0,0.005149751891637822,0.019365510888825144
1529,500.0,20000.0,0.01713214852290856,0.013852689176202396
1530,500.0,20000.0,0.0,0.005698532431288865
1531,500.0,20000.0,0.0030691947026178696,0.011389527011043602
1532,500.0,20000.0,0.0,0.0007504578851684079
1533,500.0,20000.0,0.0,0.005447601278810082
1534,500.0,20000.0,0.06715273657271692,0.004207228752261382
1535,500.0,20000.0,0.0,0.0034613134916598814
1536,500.0,20000.0,0.04708364104597614,0.014225992469672353
1537,500.0,20000.0,0.0,0.006222832155592955
1538,500.0,20000.0,0.0,0.005741866285642744
1539,500.0,20000.0,0.0030691947026178696,0.00958385798616684
1540,500.0,20000.0,0.25393017535073786,0.032101912189279935
1541,500.0,20000.0,0.13246917325028262,0.02737106112649045
1542,500.0,20000.0,0.018174630262373554,0.012014211598599424
1543,500.0,20000.0,0.0995358208716992,0.014500006600581065
1544,500.0,20000.0,0.014866500741253822,0.005164826977974839
1545,500.0,20000.0,0.1248504056000587,0.007508516811111317
1546,500.0,20000.0,0.013428128067550959,0.007410910843489095
1547,500.0,20000.0,0.07446660779535492,0.008492315755506602
1548,500.0,20000.0,0.013560866508058765,0.006051225098113829
1549,500.0,20000.0,0.033540329814442535,0.005467458881417781
1550,500.0,20000.0,0.0,0.0018392335902941198
1551,500.0,20000.0,0.22406753242416,0.014973013533955479
1552,500.0,20000.0,0.0,0.0022539381785155596
1553,500.0,20000.0,0.11047136406937119,0.018482934739439308
1554,500.0,20000.0,0.0,0.0004469762454818409
1555,500.0,20000.0,0.07854339145337912,0.009148544193443828
1556,500.0,20000.0,0.0,0.00272759938496909
1557,500.0,20000.0,0.0,0.00969787971067475
1558,500.0,20000.0,0.0,0.0019414245516849993
1559,500.0,20000.0,0.00980534807882733,0.012294555399707835
1560,500.0,20000.0,0.0,0.0025779352766923656
1561,500.0,20000.0,0.0,0.00490044639057241
1562,500.0,20000.0,0.036986663940185176,0.016328379698175986
1563,500.0,20000.0,0.04667928108757631,0.009925647733687756
1564,500.0,20000.0,0.023089350416493022,0.005725838519665352
1565,500.0,20000.0,0.03767643042943786,0.013093984783868596
1566,500.0,20000.0,0.2046781154991215,0.01435071329890697
1567,500.0,20000.0,0.19466262601763534,0.039357652419900885
1568,500.0,20000.0,0.0,0.00274783690769151
1569,500.0,20000.0,0.06711430033377126,0.014540900059852988
1570,500.0,20000.0,0.11894025420251284,0.020615939274181903
1571,500.0,20000.0,0.0,0.015366975582366004
1572,500.0,20000.0,0.0,0.007740561966832787
1573,500.0,20000.0,0.0,0.00459120390476513
1574,500.0,20000.0,0.0594136673044478,0.013101396356326199
1575,500.0,20000.0,0.0032315153660644334,0.009044342280190642
1576,500.0,20000.0,0.0032947103347016806,0.009069261511498969
1577,500.0,20000.0,0.0,0.006556087335041854
1578,500.0,20000.0,0.01649490674663874,0.005644598692070597
1579,500.0,20000.0,0.015112404646767318,0.011703037149960517
1580,500.0,20000.0,0.19964139574166173,0.02171876469047256
1581,500.0,20000.0,0.04655412667815508,0.009128436375122562
1582,500.0,20000.0,0.0062514456083730095,0.01020376837291084
1583,500.0,20000.0,0.0,0.007091742541752434
1584,500.0,20000.0,0.0006184310363942446,0.011289412666146654
1585,500.0,20000.0,0.0,0.0007620190648573161
1586,500.0,20000.0,0.1878037749511147,0.012353728812784424
1587,500.0,20000.0,0.08317796818101164,0.010186212042716586
1588,500.0,20000.0,0.056799090633424816,0.02766039107166983
1589,500.0,20000.0,0.08386889464544676,0.01487103233147167
1590,500.0,20000.0,0.21817137073681558,0.030265487966840095
1591,500.0,20000.0,0.0,0.004422253759857635
1592,500.0,20000.0,0.0,0.007911016846637722
1593,500.0,20000.0,0.03191840313925492,0.007331476553868942
1594,500.0,20000.0,0.0004553693345490983,0.003465403312901024
1595,500.0,20000.0,0.05292094969759215,0.011711182949632038
1596,500.0,20000.0,0.05628589261498884,0.010515839908514494
1597,500.0,20000.0,0.10229514309504423,0.005415662636228239
1598,500.0,20000.0,0.07533134378516594,0.009599225462187031
1599,500.0,20000.0,0.0,0.0001318196960565184
1600,500.0,20000.0,0.0,1.2645663112377822e-05
1601,500.0,20000.0,0.059661576126108416,0.012357108171794966
1602,500.0,20000.0,0.00343627584622262,0.009662118141515602
1603,500.0,20000.0,0.0,0.0058653109487627605
1604,500.0,20000.0,0.0,0.0037639779613368226
1605,500.0,20000.0,0.31548615016555254,0.03203844903447686
1606,500.0,20000.0,0.00040332247775582536,0.0036691511806646367
1607,500.0,20000.0,0.02135525040856529,0.005199916536195323
1608,500.0,20000.0,0.126593678743836,0.022148492132069098
1609,500.0,20000.0,0.05592444061960423,0.007633472425727532
1610,500.0,20000.0,0.1044912141450383,0.021780990007695733
1611,500.0,20000.0,0.07049395873136655,0.022473177570955172
1612,500.0,20000.0,0.0,0.0005661356101978694
1613,500.0,20000.0,0.009478605246777332,0.005616600681203308
1614,500.0,20000.0,0.00876102118042471,0.005819393037115119
1615,500.0,20000.0,0.0,0.0026401287258930413
1616,500.0,20000.0,0.05149497121453274,0.016501485042016713
1617,500.0,20000.0,0.006651339303844718,0.02344619170900727
1618,500.0,20000.0,0.016130096862799984,0.017789539155234912
1619,500.0,20000.0,0.023791427124973834,0.010035823552485407
1620,500.0,20000.0,0.017697932706654255,0.00453691349036432
1621,500.0,20000.0,0.0402690896927999,0.011800438516492678
1622,500.0,20000.0,0.06000270195065018,0.013305155692535518
1623,500.0,20000.0,0.0010650649630796216,0.015302497072896043
1624,500.0,20000.0,0.0,0.005162298562579957
1625,500.0,20000.0,0.0001905182743242086,0.005546090494773289
1626,500.0,20000.0,0.023064926561520857,0.009616575155941168
1627,500.0,20000.0,0.0,0.0035890680331938265
1628,500.0,20000.0,0.0,0.005048190973039265
1629,500.0,20000.0,0.17899056383969772,0.021724160190292635
1630,500.0,20000.0,0.01927190249296309,0.013752634806721972
1631,500.0,20000.0,0.017703903200464045,0.004228741679590178
1632,500.0,20000.0,0.0,0.01078748554761171
1633,500.0,20000.0,0.0,0.002889846503300559
1634,500.0,20000.0,1.0226831114111e-05,0.010393029526297878
1635,500.0,20000.0,0.02032146231955113,0.0047660392703281875
1636,500.0,20000.0,0.006178215397417456,0.008278242422788686
1637,500.0,20000.0,0.011743246313995403,0.011734170998369172
1638,500.0,20000.0,0.0075561231285771946,0.005740189007732482
1639,500.0,20000.0,0.005703981624053827,0.012965320378231185
1640,500.0,20000.0,0.001498236168970265,0.007906767783072116
1641,500.0,20000.0,0.0,0.006179549770657875
1642,500.0,20000.0,0.0,0.008642264290276548
1643,500.0,20000.0,0.0017381049692278237,0.00810815627643709
1644,500.0,20000.0,0.0,0.002977810884354775
1645,500.0,20000.0,0.00982324925737649,0.0031940905246239113
1646,500.0,20000.0,0.0026543698951488996,0.014194241650687117
1647,500.0,20000.0,0.006523938142057131,0.0094092126195288
1648,500.0,20000.0,0.0,0.009405583516528275
1649,500.0,20000.0,0.005811885156640556,0.006785111439819817
1650,500.0,20000.0,0.0,0.0014611017777293174
1651,500.0,20000.0,0.006170068338367915,0.01501375920569738
1652,500.0,20000.0,0.00012809561823393342,0.012305784622667265
1653,500.0,20000.0,0.03533402927419766,0.011655602306010605
1654,500.0,20000.0,0.0,0.007198515255545824
1655,500.0,20000.0,0.02919073960182237,0.013122076907710563
1656,500.0,20000.0,0.04372927454179009,0.013639092944476296
1657,500.0,20000.0,0.02738967206293144,0.002287637918495441
1658,500.0,20000.0,0.0,0.004734504965674802
1659,500.0,20000.0,0.005132443565099286,0.006980886710984631
1660,500.0,20000.0,0.0,0.0037914711114705045
1661,500.0,20000.0,0.0,0.0013911023273446388
1662,500.0,20000.0,0.002979128647086581,0.005249056464349403
1663,500.0,20000.0,0.023331635517028014,0.015684606934900022
1664,500.0,20000.0,0.03966179664809614,0.01121345973427295
1665,500.0,20000.0,0.0,0.0028281967997523952
1666,500.0,20000.0,0.016486866230669403,0.011167558916488702
1667,500.0,20000.0,0.0,0.0019068102498266146
1668,500.0,20000.0,0.0,0.00857543377797115
1669,500.0,20000.0,0.12109838317797797,0.023295073803802937
1670,500.0,20000.0,0.012827308630994438,0.007986096776100569
1671,500.0,20000.0,0.03356635930876148,0.007791997755202355
1672,500.0,20000.0,0.0,0.0035506259084415346
1673,500.0,20000.0,0.0,0.006939223690042641
1674,500.0,20000.0,0.05926102547399966,0.006536598842906674
1675,500.0,20000.0,0.12063043552895364,0.015177320911492351
1676,500.0,20000.0,0.0,0.01034492595830439
1677,500.0,20000.0,0.0,0.007695293647538283
1678,500.0,20000.0,0.131280626333177,0.012563905224416779
1679,500.0,20000.0,0.0003894429063535737,0.0032187579782520207
1680,500.0,20000.0,0.04403122362389308,0.007339027889976084
1681,500.0,20000.0,0.1332730813011483,0.020869670363360196
1682,500.0,20000.0,0.038987820288948066,0.008792720520407943
1683,500.0,20000.0,0.0,0.0044177969464153435
1684,500.0,20000.0,0.0,0.005276013320882277
1685,500.0,20000.0,0.049164725315525515,0.01004743277558428
1686,500.0,20000.0,0.06181477509578056,0.009987774319395884
1687,500.0,20000.0,0.005814804453180139,0.012959801955399702
1688,500.0,20000.0,0.00118790718020493,0.010909384283097848
1689,500.0,20000.0,0.0,0.00195537143468841
1690,500.0,20000.0,0.022048115974353084,0.012149241158813665
1691,500.0,20000.0,0.10290606868114852,0.018276455463107775
1692,500.0,20000.0,0.2372041593935259,0.0232217555195237
1693,500.0,20000.0,0.00012809561823393342,0.003633074045492011
1694,500.0,20000.0,0.045032570480351385,0.008817820027358739
1695,500.0,20000.0,0.0013578612794635369,0.014742647612783091
1696,500.0,20000.0,0.010373993495368241,0.009709021913722141
1697,500.0,20000.0,0.013358282102131172,0.013243666730940474
1698,500.0,20000.0,0.0,0.002630529079856985
1699,500.0,20000.0,0.033165913096632714,0.009671915872361998
1700,500.0,20000.0,0.0007694277102864758,0.000842460728073942
1701,500.0,20000.0,0.0,0.0064571716595729365
1702,500.0,20000.0,0.0,0.005926248398944399
1703,500.0,20000.0,0.04541924691035063,0.007192328613562274
1704,500.0,20000.0,0.05181127867945324,0.014711644923788725
1705,500.0,20000.0,0.0,0.003498819994696224
1706,500.0,20000.0,0.03896560277417484,0.015965281372849884
1707,500.0,20000.0,0.0,0.0029393183415913427
1708,500.0,20000.0,0.007321947597265946,0.010698757942416032
1709,500.0,20000.0,0.016386561341303243,0.007486953888583683
1710,500.0,20000.0,0.07205829109430523,0.021589084345875198
1711,500.0,20000.0,0.02114798763671995,0.004417971296031083
1712,500.0,20000.0,0.0,0.004897820720398892
1713,500.0,20000.0,0.1829836705510927,0.015045239081390974
1714,500.0,20000.0,0.016865031171056793,0.017961717769985057
1715,500.0,20000.0,0.000185195103047311,0.004718661910164151
1716,500.0,20000.0,0.2763737362759464,0.026349932568480866
1717,500.0,20000.0,0.0,0.003371873118706232
1718,500.0,20000.0,0.0,0.004831159948190646
1719,500.0,20000.0,0.015365388047607594,0.01258837259520725
1720,500.0,20000.0,0.11856002056151271,0.02006611682958577
1721,500.0,20000.0,0.0,0.003935579646976087
1722,500.0,20000.0,0.04312017072090916,0.010844142613464067
1723,500.0,20000.0,0.01615019960259866,0.012505941436995729
1724,500.0,20000.0,0.006710287008229645,0.012952318121932213
1725,500.0,20000.0,0.00110156826405625,0.005406344008306276
1726,500.0,20000.0,0.0,0.002209198118212898
1727,500.0,20000.0,0.042226658232157384,0.0129059396139067
1728,500.0,20000.0,0.007318024278174149,0.011363260672629988
1729,500.0,20000.0,0.006356329410493857,0.016204668991816513
1730,500.0,20000.0,0.0069971154771714325,0.005765892628447704
1731,500.0,20000.0,0.012299486631909107,0.009459009458980181
1732,500.0,20000.0,0.11873966945514952,0.015657311667381865
1733,500.0,20000.0,0.030457671170334485,0.01347305749523008
1734,500.0,20000.0,0.016445753764517883,0.015709804803300833
1735,500.0,20000.0,0.15435636182246748,0.011947073102674394
1736,500.0,20000.0,0.0,0.011359645565894395
1737,500.0,20000.0,0.0,0.0033789094982892972
1738,500.0,20000.0,0.08326623758742323,0.022907415366843542
1739,500.0,20000.0,0.15735512905868984,0.026456717070630072
1740,500.0,20000.0,0.15378476054868814,0.014716837762307006
1741,500.0,20000.0,0.0,0.0033931354893489882
1742,500.0,20000.0,0.10765212519539571,0.016118352088006677
1743,500.0,20000.0,0.0,0.0022221853538265893
1744,500.0,20000.0,0.06311729707845541,0.014043214707737712
1745,500.0,20000.0,0.0,0.0037915115735361734
1746,500.0,20000.0,0.10964511550268762,0.008510893815367283
1747,500.0,20000.0,0.00012809561823393342,0.002990653177263776
1748,500.0,20000.0,0.008291377247861536,0.008453329725319451
1749,500.0,20000.0,0.08757526123335861,0.011810144754959685
1750,500.0,20000.0,0.13244847330453619,0.022527764979139282
1751,500.0,20000.0,0.3887947806133737,0.03743271213935951
1752,500.0,20000.0,0.0012266765854437652,0.007474649209720831
1753,500.0,20000.0,0.0,0.0018756554629207752
1754,500.0,20000.0,0.0,0.0075902097892742255
1755,500.0,20000.0,0.012089099349024057,0.01576055806930315
1756,500.0,20000.0,0.0,0.0015733115252437614
1757,500.0,20000.0,0.017678035333528352,0.013284276358784534
1758,500.0,20000.0,0.0429275397509664,0.007063829967686589
1759,500.0,20000.0,0.0,0.0012969266076024825
1760,500.0,20000.0,0.13905671443640638,0.013135796230322802
1761,500.0,20000.0,0.025223935501882542,0.014496591150590595
1762,500.0,20000.0,0.0013440078017141097,0.0027438717126868316
1763,500.0,20000.0,0.03324891507643554,0.025264094306357687
1764,500.0,20000.0,0.0,0.002808673323779536
1765,500.0,20000.0,0.07035103522564225,0.011688758701858442
1766,500.0,20000.0,0.0,0.004448836240979251
1767,500.0,20000.0,0.017273419689617615,0.01493283681918275
1768,500.0,20000.0,0.0407914229850995,0.016063350295759657
1769,500.0,20000.0,0.05559566343565021,0.00903864437940731
1770,500.0,20000.0,0.03702652114077157,0.02306580200480086
1771,500.0,20000.0,0.0,0.006340220349810505
1772,500.0,20000.0,0.0,0.007692216782961936
1773,500.0,20000.0,0.029177995917807842,0.008385781553306318
1774,500.0,20000.0,0.0,0.00638556076567986
1775,500.0,20000.0,0.03941474984473442,0.012065753972222029
1776,500.0,20000.0,0.0,0.007423534843148136
1777,500.0,20000.0,0.03707851011077889,0.01585303970040508
1778,500.0,20000.0,0.005619459436186976,0.007270086413682698
1779,500.0,20000.0,0.29066804994811835,0.025382318902273108
1780,500.0,20000.0,0.441352246502823,0.03402214035357428
1781,500.0,20000.0,0.0,0.004190910409333047
1782,500.0,20000.0,0.006446803803562899,0.009119624658070185
1783,500.0,20000.0,0.009739417227692178,0.00858305700586384
1784,500.0,20000.0,0.0,0.00471488397008318
1785,500.0,20000.0,0.1721783753973083,0.02678669830002321
1786,500.0,20000.0,0.0,0.008088967436985717
1787,500.0,20000.0,0.0,0.00869870123447821
1788,500.0,20000.0,0.0,0.0010430148494779323
1789,500.0,20000.0,0.026816314861923374,0.007081089302827669
1790,500.0,20000.0,0.0,0.004532384344961208
1791,500.0,20000.0,0.0,0.0038827239320752666
1792,500.0,20000.0,0.0016789762830520377,0.008005437080488424
1793,500.0,20000.0,0.0,0.01385549323044367
1794,500.0,20000.0,0.08422658724670885,0.021924411942546143
1795,500.0,20000.0,0.005119849758729907,0.003809526220883774
1796,500.0,20000.0,0.0018442636893014792,0.007370628176747836
1797,500.0,20000.0,0.0,0.0011170418074771976
1798,500.0,20000.0,0.0,0.0010991474955567597
1799,500.0,20000.0,0.2015732781556279,0.02059616997976107
1800,500.0,20000.0,0.0,0.002803586461296062
1801,500.0,20000.0,0.015750050484454783,0.0034637417936280138
1802,500.0,20000.0,0.0020761615923788144,0.003456620427182016
1803,500.0,20000.0,0.007314271716659598,0.011482651833246848
1804,500.0,20000.0,0.02832937006927857,0.02381806093217557
1805,500.0,20000.0,0.020486751607822394,0.003634618185398378
1806,500.0,20000.0,0.04375409101040961,0.023836050825746243
1807,500.0,20000.0,0.0,0.003065323662473965
1808,500.0,20000.0,0.1614286808481422,0.02728446096602397
1809,500.0,20000.0,0.0,0.005804310327584944
1810,500.0,20000.0,0.0005449568084158504,0.005710834894408752
1811,500.0,20000.0,0.03574073907642864,0.0073581287566704835
1812,500.0,20000.0,0.10375217515552373,0.018742629332183226
1813,500.0,20000.0,0.0,0.004852367051460055
1814,500.0,20000.0,0.3792363281782657,0.03042454391803158
1815,500.0,20000.0,0.03966800191464114,0.027584620806398272
1816,500.0,20000.0,0.0,0.004179927765851178
1817,500.0,20000.0,0.013757107877693712,0.00992319048025486
1818,500.0,20000.0,0.06383252657578542,0.014236766873870946
1819,500.0,20000.0,0.0,0.00914837409041624
1820,500.0,20000.0,0.03327753364270009,0.012915370207784152
1821,500.0,20000.0,0.005937858884592706,0.014983377282834614
1822,500.0,20000.0,0.0038932021221282915,0.011256324113251094
1823,500.0,20000.0,0.05362832136231768,0.022361882079895996
1824,500.0,20000.0,0.28514602743654427,0.04014455789244526
1825,500.0,20000.0,0.12672366322719816,0.021715466213957826
1826,500.0,20000.0,0.0,0.00037171426471167206
1827,500.0,20000.0,0.035590293488632886,0.014237202852376257
1828,500.0,20000.0,0.0,0.006204640071632184
1829,500.0,20000.0,0.034555150074275155,0.0019254088382495752
1830,500.0,20000.0,0.004921373009856301,0.0033865079204542983
1831,500.0,20000.0,0.16428805095089868,0.021703064275418852
1832,500.0,20000.0,0.0,0.007008233587592358
1833,500.0,20000.0,0.0,0.00350427884907875
1834,500.0,20000.0,0.06424574560247935,0.013952866193718194
1835,500.0,20000.0,0.0,0.006180990187992837
1836,500.0,20000.0,0.0,0.003913705776273845
1837,500.0,20000.0,0.05823068153678133,0.012857264993887884
1838,500.0,20000.0,0.0,0.004039123777276741
1839,500.0,20000.0,0.11859949636470596,0.021778969093889922
1840,500.0,20000.0,0.002818148636980648,0.0064784847607719095
1841,500.0,20000.0,0.013185260116212199,0.00018759487124210225
1842,500.0,20000.0,0.08027805473889302,0.008009896549185954
1843,500.0,20000.0,0.007464376682914791,0.006975457056992465
1844,500.0,20000.0,0.11299028840727765,0.01030676894329488
1845,500.0,20000.0,0.041742385116836145,0.01896395139832732
1846,500.0,20000.0,0.033531270182349006,0.00624215995751649
1847,500.0,20000.0,0.055886417873072344,0.008024080569273628
1848,500.0,20000.0,0.04722742238850508,0.006697070681424789
1849,500.0,20000.0,0.1317135159291071,0.018081436347354006
1850,500.0,20000.0,0.0,0.005156058044994643
1851,500.0,20000.0,0.04407985575936938,0.01615187695622397
1852,500.0,20000.0,0.00026730066581259277,0.004741109581622018
1853,500.0,20000.0,0.11300121623324201,0.017191127885567727
1854,500.0,20000.0,0.060814067987962205,0.01851200990633526
1855,500.0,20000.0,0.0005624605196387018,0.007086808291919195
1856,500.0,20000.0,0.019677694354539824,0.008209635874612183
1857,500.0,20000.0,0.0,0.010709260697792416
1858,500.0,20000.0,0.0009209623019185959,0.003530310343654227
1859,500.0,20000.0,0.09864608805168396,0.026551702699564715
1860,500.0,20000.0,0.045526323021717524,0.01068418245355575
1861,500.0,20000.0,0.0,0.00973814791053036
1862,500.0,20000.0,0.0774233158027371,0.013216860783436996
1863,500.0,20000.0,0.0030691947026178696,0.008606043509461186
1864,500.0,20000.0,0.0005027628363988928,0.0018420831555328026
1865,500.0,20000.0,0.01433107030785076,0.013765676713266351
1866,500.0,20000.0,0.1331900909628611,0.011297830657266016
1867,500.0,20000.0,0.10554489128849763,0.018409785974894174
1868,500.0,20000.0,0.004010914890611254,0.008675500353424825
1869,500.0,20000.0,0.00012809561823393342,0.008834343641380261
1870,500.0,20000.0,0.12162642092607183,0.01455179177175113
1871,500.0,20000.0,0.002459465572982611,0.005993421525909613
1872,500.0,20000.0,0.3539900608090078,0.027560221668503655
1873,500.0,20000.0,0.0,0.010583422303757535
1874,500.0,20000.0,0.01831496408141187,0.005976734129092849
1875,500.0,20000.0,0.006266946701753256,0.001847472127807252
1876,500.0,20000.0,0.09814905889752891,0.010361998790070041
1877,500.0,20000.0,0.0,0.008933912679921817
1878,500.0,20000.0,0.04047901130072053,0.00936044922194332
1879,500.0,20000.0,7.467910191585624e-05,0.011900224253604237
1880,500.0,20000.0,0.0,0.008410842027236727
1881,500.0,20000.0,0.1135043734321412,0.01622486549950642
1882,500.0,20000.0,0.1572337287344759,0.031470142839633335
1883,500.0,20000.0,0.16171225297968442,0.030112453350980155
1884,500.0,20000.0,0.1285782299577216,0.017172461695925994
1885,500.0,20000.0,0.15912032439573567,0.010944638590545248
1886,500.0,20000.0,0.05716456561997648,0.021977510257256302
1887,500.0,20000.0,0.027057129687998335,0.01220397808976208
1888,500.0,20000.0,0.33656252280366217,0.02744753768658429
1889,500.0,20000.0,0.03743114093249078,0.00485002952171651
1890,500.0,20000.0,0.042410818283152976,0.008857386742127955
1891,500.0,20000.0,0.0051113531194241805,0.00458482641476146
1892,500.0,20000.0,0.0,0.000494384163747606
1893,500.0,20000.0,0.010530892791901362,0.010139487462881734
1894,500.0,20000.0,0.1208243511680595,0.015061695106812505
1895,500.0,20000.0,0.0002375016610294935,0.008151560883918628
1896,500.0,20000.0,0.06876504820934648,0.018664823226791083
1897,500.0,20000.0,0.0003100965045685136,0.0038184107233263276
1898,500.0,20000.0,0.11531239310537193,0.009011479930602707
1899,500.0,20000.0,0.21976578286588097,0.024411226306584002
1900,500.0,20000.0,0.030773766713346282,0.005734052372170545
1901,500.0,20000.0,0.0,0.0031969380452880696
1902,500.0,20000.0,0.15392526819371907,0.01224610533216429
1903,500.0,20000.0,0.024257188029338652,0.007268843319260467
1904,500.0,20000.0,0.0,0.003299668769732185
1905,500.0,20000.0,0.028790946829063378,0.022192320992411235
1906,500.0,20000.0,0.04356352106404658,0.009990346748777594
1907,500.0,20000.0,0.0009877662617297372,0.008135740352179335
1908,500.0,20000.0,0.002878337579728119,0.017130181861520863
1909,500.0,20000.0,0.03868000016458669,0.01612201439284861
1910,500.0,20000.0,0.0,0.0018792517451834184
1911,500.0,20000.0,0.15906719225757096,0.02211200083334358
1912,500.0,20000.0,0.10192174356436427,0.015369871881551374
1913,500.0,20000.0,0.002234511795536815,0.010178861998370464
1914,500.0,20000.0,0.030938307112683458,0.01484954219119232
1915,500.0,20000.0,0.11251477114197729,0.013769657963632964
1916,500.0,20000.0,0.0006108956047873565,0.003730228126608561
1917,500.0,20000.0,0.02268819629857204,0.009470921978478068
1918,500.0,20000.0,0.0,0.0033066512874198005
1919,500.0,20000.0,0.0,0.006859957385798191
1920,500.0,20000.0,0.0,0.01131154283131171
1921,500.0,20000.0,0.012919482294605466,0.01545431806412608
1922,500.0,20000.0,0.0,0.00512061824965073
1923,500.0,20000.0,0.0,0.0004255493046080501
1924,500.0,20000.0,0.0003345574132661869,0.007259183415069211
1925,500.0,20000.0,0.020044134831971618,0.015215473824459742
1926,500.0,20000.0,0.048814132198103086,0.01567721363995793
1927,500.0,20000.0,0.007054471207606514,0.0065234238240822985
1928,500.0,20000.0,0.015435991888557288,0.0128716897001791
1929,500.0,20000.0,0.0,0.01197154102283971
1930,500.0,20000.0,0.07113695706725252,0.01009378472529125
1931,500.0,20000.0,0.0,0.011624362634946525
1932,500.0,20000.0,0.0,0.0018967088049651464
1933,500.0,20000.0,0.03959817578383973,0.023936018356473496
1934,500.0,20000.0,0.0,0.002453437603027938
1935,500.0,20000.0,0.01810465460816122,0.00807781960129227
1936,500.0,20000.0,0.019887908958394467,0.010480859122978541
1937,500.0,20000.0,0.020614179059283564,0.010110012237935204
1938,500.0,20000.0,0.0,0.007239100173134669
1939,500.0,20000.0,0.0027427127665737294,0.010807155944210048
1940,500.0,20000.0,0.09893048737862567,0.013631288968017583
1941,500.0,20000.0,0.008296589058230237,0.0024134182942330477
1942,500.0,20000.0,0.07838529895414678,0.014708839863718565
1943,500.0,20000.0,0.14705792739998552,0.011695822707458132
1944,500.0,20000.0,0.0,0.007994028397370368
1945,500.0,20000.0,0.01868913870009688,0.008214007984573205
1946,500.0,20000.0,0.012785744848117054,0.007135252260921018
1947,500.0,20000.0,0.005930535670873616,0.004191220149169509
1948,500.0,20000.0,0.001014850616703515,0.006608519579932349
1949,500.0,20000.0,0.0016515536472754403,0.01190502203954572
1950,500.0,20000.0,0.0009822010446394582,0.006355948637685012
1951,500.0,20000.0,0.038533206861232724,0.01225586990179111
1952,500.0,20000.0,0.004947433173457216,0.008984007915959179
1953,500.0,20000.0,0.0,0.01064571146909197
1954,500.0,20000.0,0.14610468924045322,0.02259506845581428
1955,500.0,20000.0,0.0,0.01910096732374563
1956,500.0,20000.0,0.01088039608184642,0.00907831523495854
1957,500.0,20000.0,0.019232086698587093,0.00942540613384261
1958,500.0,20000.0,0.0,0.005471280994569285
1959,500.0,20000.0,0.0,0.003861618018470259
1960,500.0,20000.0,0.0639469685396415,0.0038675201757794493
1961,500.0,20000.0,0.0723431299147735,0.009790940999418919
1962,500.0,20000.0,0.0,0.014423563004941282
1963,500.0,20000.0,0.09646602533014667,0.01446509292293905
1964,500.0,20000.0,0.05300866576393568,0.0069330490825031755
1965,500.0,20000.0,0.07559289086027705,0.007228405252693247
1966,500.0,20000.0,0.0039061513117558456,0.012751227216630776
1967,500.0,20000.0,0.0,0.0039403161927303015
1968,500.0,20000.0,0.0,0.007910328641145228
1969,500.0,20000.0,0.02976518131266155,0.02065029536233677
1970,500.0,20000.0,0.0,0.006645665168180349
1971,500.0,20000.0,0.0,0.0056528837386938605
1972,500.0,20000.0,0.0020540255473431883,0.01155442539091962
1973,500.0,20000.0,0.0,0.0025132412326194027
1974,500.0,20000.0,0.0,0.0029942073253276962
1975,500.0,20000.0,0.05067547674197185,0.006993959747751118
1976,500.0,20000.0,3.068101189172537e-05,0.0006445563881438404
1977,500.0,20000.0,0.11258962550192042,0.0163018768465224
1978,500.0,20000.0,0.03795376982598761,0.012811603450613537
1979,500.0,20000.0,0.13249865966411237,0.016055430803356193
1980,500.0,20000.0,0.0827613367325652,0.02142169481497445
1981,500.0,20000.0,0.0,0.002151397926230137
1982,500.0,20000.0,0.27595129470167057,0.024093368713698125
1983,500.0,20000.0,0.10812676582181843,0.011611099262375173
1984,500.0,20000.0,0.02622517363589409,0.010351193000567672
1985,500.0,20000.0,0.0,0.0066525570373108306
1986,500.0,20000.0,0.005211829316163097,0.005870908988004138
1987,500.0,20000.0,0.0,0.0031610662636095714
1988,500.0,20000.0,0.004494110757606352,0.01825602132630556
1989,500.0,20000.0,0.0035213188999329943,0.006714544999141206
1990,500.0,20000.0,0.006981405135188086,0.011779796880892396
1991,500.0,20000.0,0.0029536654278292792,0.01622278339476791
1992,500.0,20000.0,0.10498106879725852,0.02101998921494162
1993,500.0,20000.0,0.04531479321037051,0.01249640771216818
1994,500.0,20000.0,0.0,0.005650398625232975
1995,500.0,20000.0,0.1488131918057467,0.028770440999989842
1996,500.0,20000.0,0.05822629850700318,0.01416663629748925
1997,500.0,20000.0,0.1832059197001215,0.028619273002272686
1998,500.0,20000.0,0.051902679273807165,0.004808427228538996
1999,500.0,20000.0,0.0403396096220854,0.013565771864866471
2000,500.0,20000.0,0.0,0.00429567106285136
2001,500.0,20000.0,0.07173853252710734,0.020140980201416307
2002,500.0,20000.0,0.01778341650717561,0.015235131077999649
2003,500.0,20000.0,0.0,0.01646987395961369
2004,500.0,20000.0,0.13198060769479225,0.020551940992268113
2005,500.0,20000.0,0.04245892030788189,0.019746017552118952
2006,500.0,20000.0,0.06607120545581562,0.019725373531652483
2007,500.0,20000.0,0.0,0.0077938475979303385
2008,500.0,20000.0,0.06682124424473414,0.016432691049892725
2009,500.0,20000.0,0.06244955134139109,0.01502170359515143
2010,500.0,20000.0,0.009815083358917375,0.002991596862436281
2011,500.0,20000.0,0.048664235981297724,0.007641102148740715
2012,500.0,20000.0,0.05496533420142631,0.036336283749980096
2013,500.0,20000.0,0.07241437996286489,0.012694856680564663
2014,500.0,20000.0,0.0,0.002926097675635973
2015,500.0,20000.0,0.07232257307128857,0.02214902298484541
2016,500.0,20000.0,0.10637743201450438,0.025094285858230415
2017,500.0,20000.0,0.007253317727832144,0.003422374555371315
2018,500.0,20000.0,0.0,0.0035750571148830063
2019,500.0,20000.0,0.21378260635903848,0.03105553405900628
2020,500.0,20000.0,0.06977880537567081,0.02015806419018822
2021,500.0,20000.0,0.06253193786312855,0.01929467914973664
2022,500.0,20000.0,0.05815927556847316,0.020384479240283106
2023,500.0,20000.0,0.00026730066581259277,0.0021139362660238213
2024,500.0,20000.0,0.06264552387595264,0.017866903216225236
2025,500.0,20000.0,2.6924048671290097e-05,0.0025465065305441312
2026,500.0,20000.0,0.057352094888981596,0.005917852370484232
2027,500.0,20000.0,0.06266488467789777,0.015616508744444684
2028,500.0,20000.0,0.0,0.01844216230497862
2029,500.0,20000.0,0.09572925615189101,0.021760636307495678
2030,500.0,20000.0,0.008022469702469082,0.012638710384076641
2031,500.0,20000.0,0.09088401597545934,0.013876102650783805
2032,500.0,20000.0,0.018359439440396506,0.012428534011766251
2033,500.0,20000.0,0.0012216664929323288,0.010848471483200416
2034,500.0,20000.0,0.0015128602799760018,0.00843145213483059
2035,500.0,20000.0,0.0,0.004727151209315258
2036,500.0,20000.0,0.03938439851695519,0.011174645752019428
2037,500.0,20000.0,0.0033882503384154504,0.011616064907170475
2038,500.0,20000.0,0.04331942197555073,0.020524139674954932
2039,500.0,20000.0,0.0,0.001974643951313489
2040,500.0,20000.0,0.0007300893490887241,0.017761364808456134
2041,500.0,20000.0,0.004527885534261125,0.009961136319594603
2042,500.0,20000.0,0.0004553693345490983,0.009256085738042751
2043,500.0,20000.0,0.13237330676203538,0.020957283220668373
2044,500.0,20000.0,0.038020832232616715,0.0073858541405306824
2045,500.0,20000.0,0.12129791820233642,0.014173854173539084
2046,500.0,20000.0,0.005923352821240434,0.015541641012931937
2047,500.0,20000.0,0.0,0.004500804573165624
2048,500.0,20000.0,0.1524827819047166,0.02274454112249031
2049,500.0,20000.0,0.00012809561823393342,0.00894145927747178
2050,500.0,20000.0,0.004136920497627532,0.0077489478004177026
2051,500.0,20000.0,0.0050945681287934644,0.015618494119955695
2052,500.0,20000.0,0.0,0.004170259391663676
2053,500.0,20000.0,0.0,0.004828364024074596
2054,500.0,20000.0,0.23405350087689256,0.022021202548043534
2055,500.0,20000.0,0.21607068407148408,0.02274533400188827
2056,500.0,20000.0,0.007213693696896603,0.010298578224240424
2057,500.0,20000.0,3.867622823394803e-05,0.0057388159364438465
2058,500.0,20000.0,0.0,0.004714745181670961
2059,500.0,20000.0,0.000691413120854776,0.008439637825021818
2060,500.0,20000.0,0.0001032569413592866,0.007647061735720455
2061,500.0,20000.0,0.0500275137122965,0.01945918204161813
2062,500.0,20000.0,0.0014421334620491255,0.0018467737155731373
2063,500.0,20000.0,0.0009524639715912816,0.0084419336227963
2064,500.0,20000.0,0.08681674106662672,0.020120192676564567
2065,500.0,20000.0,0.0,0.004690541601411745
2066,500.0,20000.0,0.041488831334337624,0.012117001640753322
2067,500.0,20000.0,0.0006334648237627795,0.009817820414226125
2068,500.0,20000.0,0.06118476222595731,0.019561172635916453
2069,500.0,20000.0,0.0,0.003392497996233066
2070,500.0,20000.0,0.0,0.007836660061700487
2071,500.0,20000.0,0.006874492020788811,0.018671396394206164
2072,500.0,20000.0,0.0,0.0009859064336863778
2073,500.0,20000.0,0.0011026708755108464,0.015791853578635617
2074,500.0,20000.0,0.23417980661960944,0.031498347163597853
2075,500.0,20000.0,0.04172630069283166,0.010323581518324442
2076,500.0,20000.0,0.03105174972441429,0.007938096513331747
2077,500.0,20000.0,0.014876066797215657,0.00489318131193292
2078,500.0,20000.0,2.668186712320214e-05,0.002245817258103439
2079,500.0,20000.0,0.08797371857237536,0.012764029220325976
2080,500.0,20000.0,0.017520623822291973,0.006241640267025382
2081,500.0,20000.0,0.01165095204693485,0.018723825842653197
2082,500.0,20000.0,0.0,0.0015839538526790028
2083,500.0,20000.0,0.017159233222145073,0.012146924814054211
2084,500.0,20000.0,0.03588726770299894,0.012626990678913003
2085,500.0,20000.0,0.00861418253942159,0.010636127423479755
2086,500.0,20000.0,0.004116446276515377,0.008414334154045024
2087,500.0,20000.0,0.1850912855994707,0.021061541241732325
2088,500.0,20000.0,0.0,0.007031572920567147
2089,500.0,20000.0,0.020956745421228766,0.020905611583787734
2090,500.0,20000.0,0.0013398077014617055,0.005222282976259131
2091,500.0,20000.0,0.015602850880256517,0.016391993242450963
2092,500.0,20000.0,0.019970139152056428,0.0032964270189310063
2093,500.0,20000.0,0.0,0.00660084874665807
2094,500.0,20000.0,0.0,0.005527223814165585
2095,500.0,20000.0,0.042574694187494065,0.020525924565774706
2096,500.0,20000.0,0.06750191762999863,0.027266682921785225
2097,500.0,20000.0,0.005808336092138008,0.006942098888116766
2098,500.0,20000.0,0.0,0.008214313340425893
2099,500.0,20000.0,0.010995264866816876,0.009712143413262054
2100,500.0,20000.0,0.0,0.010959693987173266
2101,500.0,20000.0,0.0,0.008706690617088269
2102,500.0,20000.0,0.040917054760572495,0.022544739921814914
2103,500.0,20000.0,0.018032966204764883,0.005212978648959442
2104,500.0,20000.0,0.01638583781361712,0.007382110110060548
2105,500.0,20000.0,0.024752290021438177,0.016723829995306874
2106,500.0,20000.0,0.16535885452710355,0.026840400255933913
2107,500.0,20000.0,0.004075975236197297,0.006329920557763411
2108,500.0,20000.0,0.0004553693345490983,0.00882721491930059
2109,500.0,20000.0,0.08321048947602783,0.01697242688075076
2110,500.0,20000.0,0.0,0.0010096162604466637
2111,500.0,20000.0,0.0,0.003466911430344331
2112,500.0,20000.0,0.0,0.001807845641171356
2113,500.0,20000.0,0.005530452784783675,0.005644929019825022
2114,500.0,20000.0,0.044136725327483875,0.01618448053870155
2115,500.0,20000.0,0.040258279508466215,0.010966446265281413
2116,500.0,20000.0,0.032167402157029866,0.02511450610594718
2117,500.0,20000.0,0.0,0.001817382204304316
2118,500.0,20000.0,0.04368042003121842,0.02187524740155954
2119,500.0,20000.0,0.15422566519514794,0.014493399485750043
2120,500.0,20000.0,0.0,0.006514362800376075
2121,500.0,20000.0,0.0,0.006637983396031571
2122,500.0,20000.0,0.24405726061259522,0.03066840397945531
2123,500.0,20000.0,0.02342048147264744,0.01618130050447512
2124,500.0,20000.0,0.10170226080831646,0.01986080561808143
2125,500.0,20000.0,0.13244742429549627,0.02714646665791566
2126,500.0,20000.0,0.049195928279504746,0.018347679999138312
2127,500.0,20000.0,0.01917605133494104,0.011453242237563534
2128,500.0,20000.0,0.0,0.008935023577290464
2129,500.0,20000.0,0.04302187638725674,0.01638133451965117
2130,500.0,20000.0,0.04402191557786358,0.01006153756830995
2131,500.0,20000.0,0.06342015865786016,0.013885330394822126
2132,500.0,20000.0,0.07252924802847674,0.018522916675343476
2133,500.0,20000.0,0.0,0.005420733219146213
2134,500.0,20000.0,0.017807781540469345,0.008296078589624771
2135,500.0,20000.0,0.08494891999536,0.021666469885306162
2136,500.0,20000.0,0.14900995520073812,0.02195473556660816
2137,500.0,20000.0,0.00012809561823393342,0.006586080946458575
2138,500.0,20000.0,0.10036849337045126,0.012222487784585628
2139,500.0,20000.0,0.0,0.007153952228412222
2140,500.0,20000.0,0.019322918116112454,0.02425210963218058
2141,500.0,20000.0,0.017484784310968678,0.014825069798582786
2142,500.0,20000.0,0.19695117731653428,0.011918273813158686
2143,500.0,20000.0,0.0,0.007461048483058937
2144,500.0,20000.0,0.0,0.010872497126980856
2145,500.0,20000.0,0.006851004398327824,0.023611879230867393
2146,500.0,20000.0,0.031356332565603814,0.009637962587732746
2147,500.0,20000.0,0.0,0.0026593310295783016
2148,500.0,20000.0,0.07379370406878975,0.0079243943142753
2149,500.0,20000.0,0.007009486743233812,0.011527466984701584
2150,500.0,20000.0,0.06529126453319951,0.01036321309405802
2151,500.0,20000.0,0.03450466629093207,0.015525273160913799
2152,500.0,20000.0,0.1873110505743561,0.020285524965015005
2153,500.0,20000.0,0.07516055720153189,0.016458035625523133
2154,500.0,20000.0,0.0,0.002434775799704723
2155,500.0,20000.0,0.0027762449942087346,0.006106444320328479
2156,500.0,20000.0,0.003912064588344197,0.01011426828825333
2157,500.0,20000.0,0.03611303088105157,0.016583146616355744
2158,500.0,20000.0,0.00014263911639973825,0.012780966164976301
2159,500.0,20000.0,0.11107308920065649,0.027613667969726457
2160,500.0,20000.0,0.0,0.002765765112827771
2161,500.0,20000.0,0.003442201411086078,0.0033035685140545856
2162,500.0,20000.0,0.0,0.004877857856587834
2163,500.0,20000.0,0.12240516676594973,0.01626986113913922
2164,500.0,20000.0,0.22938659104943404,0.022622437756936783
2165,500.0,20000.0,0.03584796084479168,0.007582503736927239
2166,500.0,20000.0,0.06662179706398913,0.021772208193485524
2167,500.0,20000.0,0.0007187237474122179,0.001993204799068316
2168,500.0,20000.0,0.003618655286169327,0.008672238608740165
2169,500.0,20000.0,0.055868022707696446,0.022681479970919183
2170,500.0,20000.0,0.0025622923163736372,0.0069972243428567706
2171,500.0,20000.0,0.0,0.010737224856913682
2172,500.0,20000.0,0.10122978603629677,0.009770288803597864
2173,500.0,20000.0,0.0,0.004898418517388948
2174,500.0,20000.0,0.0,0.0167679890794624
2175,500.0,20000.0,0.014884809338495324,0.013681594477373837
2176,500.0,20000.0,0.0024890530118479148,0.010113067031173786
2177,500.0,20000.0,0.05611441681120363,0.013399402818946112
2178,500.0,20000.0,0.09203255606553337,0.014699710584065847
2179,500.0,20000.0,0.0,0.009962547570659645
2180,500.0,20000.0,0.0,0.0007129825267937566
2181,500.0,20000.0,0.0,0.0015514653411889214
2182,500.0,20000.0,0.014353217432920954,0.005063080639144993
2183,500.0,20000.0,0.02882777821574957,0.013955371670590641
2184,500.0,20000.0,0.10088535702475958,0.027113026841669177
2185,500.0,20000.0,0.0,0.004218124374258033
2186,500.0,20000.0,0.0024528161874867735,0.006427701898977503
2187,500.0,20000.0,0.0016789762830520377,0.014731416275825197
2188,500.0,20000.0,0.11111251755480193,0.020203290165587137
2189,500.0,20000.0,0.018888172496276875,0.009535077049225401
2190,500.0,20000.0,0.0,0.0005941116570230358
2191,500.0,20000.0,0.05122823547190773,0.013554753948030664
2192,500.0,20000.0,0.0,0.0016639888716343224
2193,500.0,20000.0,3.867622823394803e-05,0.005466847126191455
2194,500.0,20000.0,0.0016789762830520377,0.009962364444486926
2195,500.0,20000.0,0.03932380975557854,0.02453465697574366
2196,500.0,20000.0,0.0,0.0035975844721371423
2197,500.0,20000.0,0.0,0.006671529370595024
2198,500.0,20000.0,0.02275717742367614,0.01353637082169847
2199,500.0,20000.0,0.019795940814611838,0.008129778709425122
2200,500.0,20000.0,0.007772734008722076,0.0066905535502650645
2201,500.0,20000.0,0.010041101673932214,0.00820098993646318
2202,500.0,20000.0,0.023951048698056168,0.004150323571762597
2203,500.0,20000.0,0.03962318315592493,0.012818360473397595
2204,500.0,20000.0,0.014330464337251273,0.007715982103824236
2205,500.0,20000.0,0.007926860315515101,0.0046806026905108185
2206,500.0,20000.0,0.0,0.0018757986504153595
2207,500.0,20000.0,0.020027992271804327,0.012381901021779934
2208,500.0,20000.0,0.023421202550786727,0.014522189856711224
2209,500.0,20000.0,0.0,0.0032813021263593586
2210,500.0,20000.0,0.09513584493943791,0.013244310374327295
2211,500.0,20000.0,0.12314496508769025,0.014024712252364147
2212,500.0,20000.0,0.18856983957882828,0.02237882197123715
2213,500.0,20000.0,0.00012809561823393342,0.004914703896226364
2214,500.0,20000.0,0.02533493061062932,0.01199605555116086
2215,500.0,20000.0,0.014809526068837646,0.02289797397108878
2216,500.0,20000.0,0.00021740411482694866,0.00392505393646923
2217,500.0,20000.0,0.0,0.005640737117113406
2218,500.0,20000.0,0.0,0.003293149263795059
2219,500.0,20000.0,0.0,0.005492256196807639
2220,500.0,20000.0,0.13088024747101284,0.025813486018667377
2221,500.0,20000.0,0.07763323885130603,0.010628655152513612
2222,500.0,20000.0,0.03160344156135385,0.0135218015938945
2223,500.0,20000.0,0.01704633915660117,0.019779902860907313
2224,500.0,20000.0,0.028656700197729555,0.0174318146674322
2225,500.0,20000.0,0.002937059821748695,0.0017886083189688291
2226,500.0,20000.0,0.014571975512828338,0.006775741773510458
2227,500.0,20000.0,0.0010678199481843102,0.006599135162698359
2228,500.0,20000.0,0.0038247932145247386,0.009835542213480063
2229,500.0,20000.0,0.12847275312918813,0.005937583738156047
2230,500.0,20000.0,0.08984434843432819,0.020456734134078912
2231,500.0,20000.0,0.11883577249717163,0.025362762548806345
2232,500.0,20000.0,0.06862670857833893,0.018866505615139938
2233,500.0,20000.0,0.0025622923163736372,0.011031409922133379
2234,500.0,20000.0,0.0017673147138801105,0.011241985783923153
2235,500.0,20000.0,0.0,0.001037522799058469
2236,500.0,20000.0,0.0,0.008704466895634186
2237,500.0,20000.0,0.00032108185932516216,0.004973912321781801
2238,500.0,20000.0,0.0,0.00011453852026373165
2239,500.0,20000.0,0.0,0.013150169980823767
2240,500.0,20000.0,0.04727129840103951,0.013966172544596584
2241,500.0,20000.0,0.0027242449600266673,0.011176621471740594
2242,500.0,20000.0,0.10584692866373703,0.015556529935992516
2243,500.0,20000.0,0.0,0.0012775141227179953
2244,500.0,20000.0,0.5179566453095754,0.03500016086004116
2245,500.0,20000.0,0.08403886789101908,0.02006283429771824
2246,500.0,20000.0,0.005515735115298068,0.007032608824958568
2247,500.0,20000.0,0.22111934440107228,0.020131731267942002
2248,500.0,20000.0,1.2103313887342282e-05,0.0044930681004601
2249,500.0,20000.0,0.02255725920597651,0.014252337472766337
2250,500.0,20000.0,0.008602303341755406,0.0037521310403214304
2251,500.0,20000.0,0.13895389750662435,0.013974466411146956
2252,500.0,20000.0,0.0013040290419116614,0.011545780119402004
2253,500.0,20000.0,0.00018436910892337922,0.009248943299780042
2254,500.0,20000.0,0.007563899919397141,0.010146247245909425
2255,500.0,20000.0,0.0015189388501163428,0.01942179786198442
2256,500.0,20000.0,0.006126073420148302,0.00844888784615835
2257,500.0,20000.0,0.14654462194409643,0.011975206348149175
2258,500.0,20000.0,0.06161688234275292,0.011334765448421245
2259,500.0,20000.0,0.01889276018258757,0.011278038222961348
2260,500.0,20000.0,0.11774887870684629,0.011918617912752958
2261,500.0,20000.0,0.0,0.005406289330245032
2262,500.0,20000.0,0.04603455344180598,0.01438811981572977
2263,500.0,20000.0,0.04837855523073931,0.014503486431807149
2264,500.0,20000.0,0.025431414041188285,0.005083380159924719
2265,500.0,20000.0,0.12144435584504648,0.02458541728395133
2266,500.0,20000.0,0.09391615318810985,0.017624668644896858
2267,500.0,20000.0,0.0,0.009353223624572617
2268,500.0,20000.0,0.0,0.0038093429141208344
2269,500.0,20000.0,0.18493306114043412,0.023994575580071693
2270,500.0,20000.0,0.0,0.0020403680231925753
2271,500.0,20000.0,0.0017818229173192648,0.008888631792905945
2272,500.0,20000.0,0.0,0.0072002078673143
2273,500.0,20000.0,0.08424918835658497,0.014263821005256323
2274,500.0,20000.0,0.14652588198181243,0.025540297889198007
2275,500.0,20000.0,0.0061212133617235525,0.009200707493204903
2276,500.0,20000.0,0.002440007193895975,0.007135774166728315
2277,500.0,20000.0,0.01404507690744658,0.02290012452331645
2278,500.0,20000.0,0.028494608454023723,0.012083631138770576
2279,500.0,20000.0,0.0,0.0020708668622778895
2280,500.0,20000.0,0.0,0.007294058940211271
2281,500.0,20000.0,0.0,0.0032692516451292785
2282,500.0,20000.0,0.017519338271513103,0.009190208475484416
2283,500.0,20000.0,0.17557655004628672,0.01974367312078108
2284,500.0,20000.0,0.11893461011446448,0.021186028582950427
2285,500.0,20000.0,0.014503052866918104,0.01426156124800365
2286,500.0,20000.0,0.22344199375790974,0.024249212906913942
2287,500.0,20000.0,0.06801418185455711,0.009862737273546139
2288,500.0,20000.0,0.029060277347081685,0.019308512988121678
2289,500.0,20000.0,0.0025622923163736372,0.003616358017239983
2290,500.0,20000.0,0.0,0.003099403441378056
2291,500.0,20000.0,0.004388228814866918,0.010495980071774038
2292,500.0,20000.0,0.0016127129314899937,0.005583530590921194
2293,500.0,20000.0,0.2512917348435794,0.029204454303770524
2294,500.0,20000.0,0.0,0.0020584295751786322
2295,500.0,20000.0,0.03411616786209676,0.010344751398196487
2296,500.0,20000.0,0.01821561973586533,0.008999533370439947
2297,500.0,20000.0,0.0,0.007671788691265945
2298,500.0,20000.0,0.07373077870753683,0.019268470318962543
2299,500.0,20000.0,0.0939409608866743,0.020458201626580158
2300,500.0,20000.0,0.10102221753214442,0.01962271329939852
2301,500.0,20000.0,0.03345872592928009,0.011145509798396045
2302,500.0,20000.0,0.21612509917298342,0.028237493246782337
2303,500.0,20000.0,0.0,0.00320526406324074
2304,500.0,20000.0,0.053378246674178176,0.009616435900433856
2305,500.0,20000.0,0.0,0.005544258555866075
2306,500.0,20000.0,0.2115108201209687,0.022716846796230806
2307,500.0,20000.0,0.0,0.005765991747754571
2308,500.0,20000.0,0.03948505934821449,0.015353119151151855
2309,500.0,20000.0,0.003618655286169327,0.008256349244553702
2310,500.0,20000.0,0.1542036102095336,0.020515663552344427
2311,500.0,20000.0,0.0004553693345490983,0.0066775179698753484
2312,500.0,20000.0,0.015082703164159989,0.016681487778204513
2313,500.0,20000.0,0.0014411691140752319,0.01009825046593816
2314,500.0,20000.0,0.0002638874195265481,0.0028528916527158403
2315,500.0,20000.0,0.006228879111038447,0.007215155756210257
2316,500.0,20000.0,0.010629377446402808,0.007678103288647496
2317,500.0,20000.0,0.0050673188700798965,0.0016459103126725886
2318,500.0,20000.0,0.1322585636946113,0.01180801172635337
2319,500.0,20000.0,0.0,0.012370816215304349
2320,500.0,20000.0,0.0,0.0027021420290218394
2321,500.0,20000.0,0.0,0.0013465708030768594
2322,500.0,20000.0,0.027221150351325732,0.00891159299637591
2323,500.0,20000.0,0.0,0.012457034235451185
2324,500.0,20000.0,0.06303517993844772,0.010662777498072127
2325,500.0,20000.0,0.09189758688419933,0.011856918555797912
2326,500.0,20000.0,0.04384492107165923,0.014308938902056888
2327,500.0,20000.0,0.06564688327496196,0.014151653194760909
2328,500.0,20000.0,0.0,0.005599964392411133
2329,500.0,20000.0,0.12441996360834363,0.01511418809136899
2330,500.0,20000.0,0.00012809561823393342,0.0019420585994769654
2331,500.0,20000.0,0.04316559491978625,0.010542542831962749
2332,500.0,20000.0,0.0,0.014440432069457339
2333,500.0,20000.0,0.3164253320408961,0.026877194814114363
2334,500.0,20000.0,0.003560677275201206,0.014517878359948467
2335,500.0,20000.0,0.021840589499421366,0.009791189222053942
2336,500.0,20000.0,0.08095212284125067,0.013249229733766492
2337,500.0,20000.0,0.05126971389961273,0.029252742633445343
2338,500.0,20000.0,0.048277264792656246,0.011082963338898152
2339,500.0,20000.0,0.0,0.0013301594036626313
2340,500.0,20000.0,0.06863702767820593,0.01869627349442425
2341,500.0,20000.0,0.014764589199382498,0.007655942805406601
2342,500.0,20000.0,0.019647217167278744,0.008188149017764887
2343,500.0,20000.0,0.0039713254390533245,0.006549478631405488
2344,500.0,20000.0,0.05250084514416276,0.006837540204271016
2345,500.0,20000.0,0.08214439446677056,0.013332854764993922
2346,500.0,20000.0,0.0030691947026178696,0.0025430924246552513
2347,500.0,20000.0,0.14552846652527157,0.010515131774229055
2348,500.0,20000.0,0.0334765552305689,0.01620265618571429
2349,500.0,20000.0,0.0,0.006821584251548651
2350,500.0,20000.0,0.006347723483032018,0.006174230224767981
2351,500.0,20000.0,0.12209238173998743,0.018728912046089417
2352,500.0,20000.0,0.02021503792402463,0.00839066261343233
2353,500.0,20000.0,0.014857313645340499,0.012379409525728035
2354,500.0,20000.0,2.3558470719988535e-05,0.0029068924819703845
2355,500.0,20000.0,0.10306489443196006,0.016209559571379765
2356,500.0,20000.0,0.0,0.002287804730368226
2357,500.0,20000.0,0.10735857101839737,0.031176835517325734
2358,500.0,20000.0,0.0,0.01724756793915359
2359,500.0,20000.0,0.14620872983975766,0.018702364335678366
2360,500.0,20000.0,0.0,0.0043693128998589185
2361,500.0,20000.0,0.07858267419869934,0.023408227133057322
2362,500.0,20000.0,0.15929197195199404,0.015443853191155004
2363,500.0,20000.0,0.048059751788997816,0.010924838610711564
2364,500.0,20000.0,0.06836195247689046,0.016455264250954563
2365,500.0,20000.0,0.008556608106253624,0.006175679653131185
2366,500.0,20000.0,0.06931600820458311,0.010240821006592871
2367,500.0,20000.0,0.009498007110119323,0.012273165300270323
2368,500.0,20000.0,0.00012809561823393342,0.006564377919134979
2369,500.0,20000.0,0.09708764257139149,0.013664004711787716
2370,500.0,20000.0,0.11373092206031522,0.01102431517891199
2371,500.0,20000.0,0.012292285905944726,0.007716343045112344
2372,500.0,20000.0,0.0719754011711642,0.016728462991516063
2373,500.0,20000.0,0.00026730066581259277,0.008206372838156683
2374,500.0,20000.0,0.08201689230742006,0.010435478606217902
2375,500.0,20000.0,0.016553033591690525,0.008911512194098178
2376,500.0,20000.0,0.0004950435745861291,0.00110834313090681
2377,500.0,20000.0,0.018633275012775126,0.00567278945613019
2378,500.0,20000.0,0.022341197249208276,0.0030279953231123428
2379,500.0,20000.0,0.0,0.016336559797929726
2380,500.0,20000.0,8.974566079730055e-06,0.00551511689773071
2381,500.0,20000.0,0.009365916690753345,0.007418217218807111
2382,500.0,20000.0,0.014905976927983159,0.007257045673385233
2383,500.0,20000.0,0.0,0.006358159295090093
2384,500.0,20000.0,0.12868345081637028,0.01765230706578303
2385,500.0,20000.0,0.10351191034106698,0.020090133786981053
2386,500.0,20000.0,0.008584929817915934,0.003940712689428753
2387,500.0,20000.0,0.0,0.0024397619011947967
2388,500.0,20000.0,0.08132880232864845,0.019457251442958814
2389,500.0,20000.0,0.007176521742440763,0.00943190454543443
2390,500.0,20000.0,0.0,0.005772904956885791
2391,500.0,20000.0,0.1793429353773271,0.02246460090621603
2392,500.0,20000.0,0.0,0.000984396664673839
2393,500.0,20000.0,0.1420051124654338,0.03436275443049968
2394,500.0,20000.0,0.026350524001542,0.0018482652430267014
2395,500.0,20000.0,0.0,0.0066792240540089354
2396,500.0,20000.0,0.01685894374821057,0.004446685743364788
2397,500.0,20000.0,0.0,0.0027327703940170146
2398,500.0,20000.0,0.07772646812951213,0.01385734507714741
2399,500.0,20000.0,0.15330255653622546,0.026457779055757195
2400,500.0,20000.0,0.05940911807892579,0.007634702593630202
2401,500.0,20000.0,0.02522448255893762,0.00903796805296303
2402,500.0,20000.0,0.0926106974292263,0.01344401122609385
2403,500.0,20000.0,0.032843872391218824,0.009575505405723505
2404,500.0,20000.0,0.004390639319033352,0.0008102317457062967
2405,500.0,20000.0,0.03355217148757007,0.019829728325204514
2406,500.0,20000.0,0.09920744047774203,0.013125214408524903
2407,500.0,20000.0,0.0,0.005979953308358412
2408,500.0,20000.0,0.0,0.005882777394116914
2409,500.0,20000.0,0.0005372056668985168,0.004082589198482518
2410,500.0,20000.0,0.21445227730669766,0.024648486194453076
2411,500.0,20000.0,0.04043884867770022,0.010625834250376756
2412,500.0,20000.0,0.0012418759230895056,0.00921336775407533
2413,500.0,20000.0,0.059893677462588474,0.012744889946419279
2414,500.0,20000.0,0.0,0.001416877498602831
2415,500.0,20000.0,0.19568852433785214,0.011900124606323167
2416,500.0,20000.0,0.16185797154605722,0.033206071307155756
2417,500.0,20000.0,0.04512571855877282,0.017411422237267035
2418,500.0,20000.0,0.0848823767407494,0.013530842191003176
2419,500.0,20000.0,0.14333885372609007,0.013189682729126148
2420,500.0,20000.0,0.0005134393243017389,0.015542339027027254
2421,500.0,20000.0,0.028731626413799838,0.016442811684037408
2422,500.0,20000.0,0.07085424718910166,0.013010763067175005
2423,500.0,20000.0,0.0,0.0038649332929964987
2424,500.0,20000.0,0.08169316070335991,0.02110566769955426
2425,500.0,20000.0,0.0,0.003035031268435981
2426,500.0,20000.0,0.20955399075049347,0.024740628361248088
2427,500.0,20000.0,0.03043801229322398,0.019243965087519733
2428,500.0,20000.0,0.0483700863740473,0.008175161378322372
2429,500.0,20000.0,0.19007904670975795,0.015640271903592448
2430,500.0,20000.0,0.007726934592691026,0.004428154378765657
2431,500.0,20000.0,0.0355906472636819,0.029575318853462006
2432,500.0,20000.0,0.013738963870312997,0.009287632663166744
2433,500.0,20000.0,0.0,0.0015264629569979105
2434,500.0,20000.0,0.007772734008722076,0.004380983558538527
2435,500.0,20000.0,0.0004553693345490983,0.007407866971360614
2436,500.0,20000.0,0.06997758377842057,0.013445664664256366
2437,500.0,20000.0,0.015817793510216727,0.01878165693499833
2438,500.0,20000.0,0.16228676553756857,0.03992691407099331
2439,500.0,20000.0,0.00026730066581259277,0.009198341403200312
2440,500.0,20000.0,0.0,0.0019285600354880265
2441,500.0,20000.0,0.10854561416135285,0.011517121617406274
2442,500.0,20000.0,0.020000089606552585,0.008398551364181132
2443,500.0,20000.0,0.02309492199766433,0.0144663203166712
2444,500.0,20000.0,0.0,0.0049781831995085795
2445,500.0,20000.0,0.12255407852008171,0.007866721314897844
2446,500.0,20000.0,0.023242328219597406,0.004488859764005555
2447,500.0,20000.0,0.0,0.0006062161685075427
2448,500.0,20000.0,0.03290365702976699,0.0075971733684507756
2449,500.0,20000.0,0.13153981891114397,0.01800317149710155
2450,500.0,20000.0,0.14096550935288116,0.016941954260009995
2451,500.0,20000.0,0.0,0.004186144242604436
2452,500.0,20000.0,0.11954010620806642,0.017733396548787538
2453,500.0,20000.0,0.2790610401727949,0.02536721049803754
2454,500.0,20000.0,0.0,0.00013208326562148953
2455,500.0,20000.0,0.0,0.005014836527085237
2456,500.0,20000.0,0.025985109718876666,0.023666440105161182
2457,500.0,20000.0,2.2360560293961695e-05,0.014445204968206895
2458,500.0,20000.0,0.0,0.003283082924561111
2459,500.0,20000.0,0.010586775369994333,0.010143678388316932
2460,500.0,20000.0,0.09068967538125022,0.02244147492037856
2461,500.0,20000.0,0.0008685559147197939,0.018227648466641416
2462,500.0,20000.0,0.00011598776272956557,0.0023839695275529307
2463,500.0,20000.0,0.08762411440906846,0.013146081982970641
2464,500.0,20000.0,0.13078790280270391,0.02804724242222957
2465,500.0,20000.0,0.0,0.0020535749537941624
2466,500.0,20000.0,0.0006640695214403609,0.004602733702231222
2467,500.0,20000.0,0.002407120474410156,0.0025689088241429864
2468,500.0,20000.0,0.010491599038091678,0.004539361884925413
2469,500.0,20000.0,0.08975473040159572,0.01240171738182348
2470,500.0,20000.0,0.05856211506740107,0.014654139141348681
2471,500.0,20000.0,0.03093040121977925,0.00872500633741024
2472,500.0,20000.0,0.000691413120854776,0.01872200974651
2473,500.0,20000.0,0.0375795629150842,0.013003970275634161
2474,500.0,20000.0,0.039166320081524396,0.013571850347981047
2475,500.0,20000.0,0.0,0.005174593224985521
2476,500.0,20000.0,0.0166445296604995,0.003888549802925304
2477,500.0,20000.0,0.0408314700770179,0.013443681487659823
2478,500.0,20000.0,0.0,0.007469373041379986
2479,500.0,20000.0,0.009093052673861983,0.0036821233666965323
2480,500.0,20000.0,0.0,5.633150762759876e-05
2481,500.0,20000.0,0.0013040290419116614,0.007742199658076196
2482,500.0,20000.0,0.06351130757887487,0.014469360745724153
2483,500.0,20000.0,0.46301072602069926,0.03174709649323545
2484,500.0,20000.0,0.0,0.004947177809921884
2485,500.0,20000.0,0.05946940659299856,0.013858594428630102
2486,500.0,20000.0,0.07553901233772273,0.009153704666483622
2487,500.0,20000.0,0.0,0.006253564719140333
2488,500.0,20000.0,0.00044924371659290556,0.017448139673451265
2489,500.0,20000.0,0.0,0.004538697188715947
2490,500.0,20000.0,0.0,0.003291669208509776
2491,500.0,20000.0,0.0,0.0022348300844348933
2492,500.0,20000.0,0.0,0.0016026965817504037
2493,500.0,20000.0,0.0,0.00046575522576515764
2494,500.0,20000.0,0.026578737953481264,0.020510614330539065
2495,500.0,20000.0,0.017267572009614436,0.010622348970965756
2496,500.0,20000.0,0.015764359486933895,0.017510438833130942
2497,500.0,20000.0,0.0034026213578884253,0.009715634652663773
2498,500.0,20000.0,0.0,0.0016107814378282304
2499,500.0,20000.0,0.0003115809685250262,0.006677643794105032
2500,500.0,20000.0,0.0,0.011278325583942601
2501,500.0,20000.0,0.03189116824798449,0.014969050058704372
2502,500.0,20000.0,0.0,0.009688064957479321
2503,500.0,20000.0,0.00026730066581259277,0.012615160766838591
2504,500.0,20000.0,0.21690386461388173,0.017819790904298957
2505,500.0,20000.0,0.012012783850775787,0.01410813790042672
2506,500.0,20000.0,0.0,0.008945697212974748
2507,500.0,20000.0,0.4476290520281992,0.029961540730580157
2508,500.0,20000.0,0.09301745103443132,0.016906406269455023
2509,500.0,20000.0,0.0,0.003362702415913267
2510,500.0,20000.0,0.04228440171334873,0.015415578306638214
2511,500.0,20000.0,0.026483971512885077,0.01418699737748886
2512,500.0,20000.0,0.0,0.0004750471360401666
2513,500.0,20000.0,0.0,0.0052404658582929815
2514,500.0,20000.0,0.013440080287537279,0.011756866486216848
2515,500.0,20000.0,0.0,0.0022619434892650787
2516,500.0,20000.0,0.0010692239242489855,0.013478608001727508
2517,500.0,20000.0,0.05191661862750783,0.019913904707571237
2518,500.0,20000.0,0.01851162891707839,0.011504469797299344
2519,500.0,20000.0,4.325591917372192e-05,0.015368849290256387
2520,500.0,20000.0,0.3207663416192524,0.03453109113108152
2521,500.0,20000.0,0.023869065111983973,0.008253950604208362
2522,500.0,20000.0,0.17652479808522326,0.02881573592692624
2523,500.0,20000.0,0.011481953835508766,0.008703895755797365
2524,500.0,20000.0,0.0,0.0028435883601811134
2525,500.0,20000.0,0.013384107817927496,0.008957671776472997
2526,500.0,20000.0,0.0,0.004797059608811232
2527,500.0,20000.0,0.19102870019876986,0.02859633365468834
2528,500.0,20000.0,0.18355818448636704,0.0197759549783874
2529,500.0,20000.0,0.11638674775820704,0.0163432301249414
2530,500.0,20000.0,0.040558276695172396,0.019047167079572075
2531,500.0,20000.0,0.0,0.005779964491228817
2532,500.0,20000.0,0.0,0.004334010882340646
2533,500.0,20000.0,0.021420481562402897,0.007364066593361132
2534,500.0,20000.0,0.00439915185205273,0.01089695253615073
2535,500.0,20000.0,0.03485165418531247,0.009618072725584834
2536,500.0,20000.0,0.23457525765545545,0.018049394365532042
2537,500.0,20000.0,0.003265739695385578,0.00691933047625287
2538,500.0,20000.0,0.0,0.01408947095570604
2539,500.0,20000.0,0.013318573602842759,0.01425271307810646
2540,500.0,20000.0,0.021975554398294014,0.009585991798857343
2541,500.0,20000.0,0.21831102122944268,0.02654093146138861
2542,500.0,20000.0,0.2012717974143382,0.025333408577261293
2543,500.0,20000.0,0.019350882063134112,0.009291809900719839
2544,500.0,20000.0,0.005794311254297158,0.015262821008099576
2545,500.0,20000.0,0.00026730066581259277,0.007227106281866194
2546,500.0,20000.0,0.0012959095430589728,0.00714252515515139
2547,500.0,20000.0,0.0,0.003934777264142836
2548,500.0,20000.0,0.07453427948112415,0.01605362691319519
2549,500.0,20000.0,0.09799884206564866,0.012615248913375047
2550,500.0,20000.0,0.028444193932939982,0.0112405611167504
2551,500.0,20000.0,0.0013203795773514607,0.01157818802740906
2552,500.0,20000.0,0.006981405135188086,0.02352192114451196
2553,500.0,20000.0,0.07620418873768935,0.014022763088199228
2554,500.0,20000.0,0.03642513400591399,0.014414885781788667
2555,500.0,20000.0,0.004452062245907196,0.0032523396973511143
2556,500.0,20000.0,0.0016515536472754403,0.005454830054094812
2557,500.0,20000.0,0.0009132040878395329,0.0086584897266033
2558,500.0,20000.0,0.006371085208697225,0.009240076037594504
2559,500.0,20000.0,0.16796821711555973,0.01690164673124534
2560,500.0,20000.0,0.0,0.025915376258030753
2561,500.0,20000.0,0.006228879111038447,0.003536027309311524
2562,500.0,20000.0,0.0,0.013741641930180943
2563,500.0,20000.0,0.007806373182837547,0.005479365091430071
2564,500.0,20000.0,0.0056848318451146644,0.003994246271815821
2565,500.0,20000.0,0.0,0.003967734472091321
2566,500.0,20000.0,0.003077539814304454,0.008231636444037838
2567,500.0,20000.0,0.07487651076426623,0.01835797247935625
2568,500.0,20000.0,0.0897355878338345,0.025940878175762433
2569,500.0,20000.0,0.015259847695789122,0.0011823771953184679
2570,500.0,20000.0,0.2214029555701346,0.01626374761893278
2571,500.0,20000.0,0.04008854665069234,0.009597847966639863
2572,500.0,20000.0,0.0012526065855524237,0.00575241404485503
2573,500.0,20000.0,0.05649617912572416,0.022193620265595175
2574,500.0,20000.0,0.06411261479149676,0.012600357904652868
2575,500.0,20000.0,0.17900989777083534,0.027599775107144765
2576,500.0,20000.0,0.0009745752572769129,0.010396967862751445
2577,500.0,20000.0,0.24818486759925484,0.02957323069094854
2578,500.0,20000.0,0.03156979354124446,0.018261661230197318
2579,500.0,20000.0,0.0,0.0023785707965588397
2580,500.0,20000.0,0.017353670276870566,0.01254495516052795
2581,500.0,20000.0,0.016064015799209186,0.011240339371825761
2582,500.0,20000.0,0.0004553693345490983,0.00882599721145447
2583,500.0,20000.0,0.014175987347576791,0.008213313527869696
2584,500.0,20000.0,0.0,0.0071190080141428054
2585,500.0,20000.0,0.0007284372846071394,0.018201712671194935
2586,500.0,20000.0,0.02714522387500262,0.01477240451087585
2587,500.0,20000.0,0.027719771903014324,0.021660368415486488
2588,500.0,20000.0,0.0,0.003627493989295903
2589,500.0,20000.0,0.15809252779351643,0.016322580182084774
2590,500.0,20000.0,0.010586681529252514,0.006384441654198444
2591,500.0,20000.0,0.0011495911398466054,0.020100074680128307
2592,500.0,20000.0,0.0,0.013704914233298547
2593,500.0,20000.0,0.0,0.0047895261459042
2594,500.0,20000.0,0.14160668700864218,0.02460062410448655
2595,500.0,20000.0,0.16223230319961252,0.03627668658810618
2596,500.0,20000.0,0.0010220683038578548,0.007323150207052786
2597,500.0,20000.0,0.15496446043074816,0.01706026263277436
2598,500.0,20000.0,0.0015296506108062173,0.014713011968867568
2599,500.0,20000.0,0.18409085207532025,0.022552301050226074
2600,500.0,20000.0,0.02569792678684818,0.01407324750176782
2601,500.0,20000.0,0.004064086750071783,0.01304146026406337
2602,500.0,20000.0,0.026706549613080575,0.006835071393736713
2603,500.0,20000.0,0.014674843904676578,0.010970141018839773
2604,500.0,20000.0,0.0,0.006636282583046992
2605,500.0,20000.0,0.15316376264859585,0.021526721678059763
2606,500.0,20000.0,0.003543176903579674,0.0045738861969574
2607,500.0,20000.0,0.0,0.00043958149239760715
2608,500.0,20000.0,0.04302073296667796,0.010545058111654263
2609,500.0,20000.0,0.05048532125795795,0.014885805978739668
2610,500.0,20000.0,0.03770845305359565,0.008062711978055892
2611,500.0,20000.0,0.003019306269550913,0.009017874924446865
2612,500.0,20000.0,0.0,0.007721206704427421
2613,500.0,20000.0,0.005190467265582818,0.012973035548812387
2614,500.0,20000.0,0.013442478763822758,0.005223456474971257
2615,500.0,20000.0,0.10182130414382162,0.01921037400754718
2616,500.0,20000.0,0.0,0.0052801150224744495
2617,500.0,20000.0,0.0612850626468303,0.01876232897955502
2618,500.0,20000.0,0.00026730066581259277,0.013313942682311024
2619,500.0,20000.0,0.015642294922592333,0.009216213081300082
2620,500.0,20000.0,0.0014589711940635164,0.009112818760466155
2621,500.0,20000.0,0.0,0.0011387173411090802
2622,500.0,20000.0,0.1299439453225317,0.018878685024115098
2623,500.0,20000.0,0.0,0.00814390879317744
2624,500.0,20000.0,0.005556772775896191,0.007656589001425756
2625,500.0,20000.0,0.10192428545816633,0.029032460489801494
2626,500.0,20000.0,0.3550463274211033,0.04254952801230428
2627,500.0,20000.0,0.0074526440332198,0.017115901449911396
2628,500.0,20000.0,0.0,0.006756093416235339
2629,500.0,20000.0,0.038314290618589784,0.011126542990228
2630,500.0,20000.0,0.0022391916975354055,0.013086484759048249
2631,500.0,20000.0,0.036608778968261986,0.011966069759231429
2632,500.0,20000.0,0.0,0.005416145234382939
2633,500.0,20000.0,0.27628161427601716,0.023889103587554014
2634,500.0,20000.0,0.001451552631591977,0.010565698490526283
2635,500.0,20000.0,0.006022374629343592,0.014028867823192641
2636,500.0,20000.0,0.08411044236875694,0.02116331571673113
2637,500.0,20000.0,0.005783691534054584,0.009134128061954471
2638,500.0,20000.0,0.0,0.004902565874039141
2639,500.0,20000.0,0.057326837597069906,0.01423995754530335
2640,500.0,20000.0,0.004493651277897019,0.00485851058358188
2641,500.0,20000.0,0.0013040290419116614,0.0072887202647647035
2642,500.0,20000.0,0.00010697870384527364,0.006421352852146157
2643,500.0,20000.0,0.0017608376067946992,0.005015402389326143
2644,500.0,20000.0,0.06548357350922872,0.016746520477608762
2645,500.0,20000.0,0.0,0.0073676215835831935
2646,500.0,20000.0,0.239705822807227,0.0416497453493222
2647,500.0,20000.0,0.059589344854911144,0.017023110160517073
2648,500.0,20000.0,0.007746356706109484,0.008907326626262039
2649,500.0,20000.0,0.0,0.006708739989409627
2650,500.0,20000.0,0.13915052936186226,0.01369834614201687
2651,500.0,20000.0,0.027258391477338002,0.02312069022834311
2652,500.0,20000.0,0.0007927964801998415,0.010280011657474707
2653,500.0,20000.0,0.04831542410330019,0.0163878307611022
2654,500.0,20000.0,0.12489090137870033,0.022614107196957473
2655,500.0,20000.0,0.0,0.002244396766637679
2656,500.0,20000.0,0.0,0.002444083714534885
2657,500.0,20000.0,0.10280137456744115,0.012013247198059844
2658,500.0,20000.0,0.0,0.005405716237324646
2659,500.0,20000.0,0.05659210539989393,0.015542705399974523
2660,500.0,20000.0,0.0,0.011587413275579229
2661,500.0,20000.0,0.0,0.006246563510961714
2662,500.0,20000.0,0.0424069877881219,0.007277995197452305
2663,500.0,20000.0,0.033898128767789706,0.02396682970515944
2664,500.0,20000.0,0.0,0.011507395149894552
2665,500.0,20000.0,0.05262144919953441,0.0245496442466942
2666,500.0,20000.0,0.0,0.004685919309632674
2667,500.0,20000.0,0.164316486953138,0.01843483890452014
2668,500.0,20000.0,0.0,0.006204284216353209
2669,500.0,20000.0,0.15419332533274527,0.013348767638277899
2670,500.0,20000.0,0.0,0.0042364525090149395
2671,500.0,20000.0,0.19652525888381916,0.03089859144961245
2672,500.0,20000.0,0.07815757007705718,0.012932571651473053
2673,500.0,20000.0,0.17852775893217485,0.02094892413093615
2674,500.0,20000.0,0.006643501222048582,0.019660626144240405
2675,500.0,20000.0,0.0,0.013725131171590282
2676,500.0,20000.0,0.0,0.007102238467254622
2677,500.0,20000.0,0.012157306884140165,0.005066869166232832
2678,500.0,20000.0,0.00012809561823393342,0.0021292101599540256
2679,500.0,20000.0,0.018250459601266894,0.015873095735142506
2680,500.0,20000.0,0.009838199471977442,0.0021636287578202214
2681,500.0,20000.0,0.19139677672202127,0.029679708602820036
2682,500.0,20000.0,0.08338743871043601,0.00935070948912792
2683,500.0,20000.0,0.0013545198485868345,0.004961047211619899
2684,500.0,20000.0,0.1629444538611495,0.02018905709723062
2685,500.0,20000.0,0.005176677800071433,0.0020640790814154815
2686,500.0,20000.0,0.1522275763882383,0.015145334428709729
2687,500.0,20000.0,0.013215361007864612,0.013312992037895982
2688,500.0,20000.0,0.007839869459319632,0.009458918899330695
2689,500.0,20000.0,0.0016789762830520377,0.0062079721698969845
2690,500.0,20000.0,0.0387014789366945,0.016333933838602575
2691,500.0,20000.0,0.022974383295322122,0.012545577755210613
2692,500.0,20000.0,0.044246610228868874,0.021147066739979348
2693,500.0,20000.0,0.02875162211892527,0.013457534853081066
2694,500.0,20000.0,0.12492860725691565,0.03901367381039018
2695,500.0,20000.0,0.05835353114815481,0.025597620038209555
2696,500.0,20000.0,0.0,0.0020024940156014013
2697,500.0,20000.0,0.005502470327405634,0.007382225507306207
2698,500.0,20000.0,0.0,0.0022067552886868994
2699,500.0,20000.0,0.06170485401917563,0.02326520124063439
2700,500.0,20000.0,0.0,0.0036280152255659536
2701,500.0,20000.0,0.0,0.007865005258918088
2702,500.0,20000.0,0.2730572067420597,0.033966167248271305
2703,500.0,20000.0,0.060964943917414936,0.010517535168801611
2704,500.0,20000.0,0.024138215487217972,0.012854975066823343
2705,500.0,20000.0,0.027311713126844862,0.008791096313704751
2706,500.0,20000.0,0.006755775978266999,0.016219443038427
2707,500.0,20000.0,3.867622823394803e-05,0.0032241030065441267
2708,500.0,20000.0,0.0922602635699167,0.017885474101419194
2709,500.0,20000.0,0.0,0.00023637925721644356
2710,500.0,20000.0,0.022829042245180276,0.012755683045716918
2711,500.0,20000.0,0.21613983495041228,0.021822437331296005
2712,500.0,20000.0,0.014431384525391179,0.01123562102615171
2713,500.0,20000.0,0.0,0.00514773423362412
2714,500.0,20000.0,0.035235580242805015,0.008462782667667996
2715,500.0,20000.0,0.041108970763536104,0.027004808353973602
2716,500.0,20000.0,0.008115497031211897,0.008664142088211929
2717,500.0,20000.0,0.1262544332445662,0.018632568385539484
2718,500.0,20000.0,0.0,0.0014319791710136233
2719,500.0,20000.0,0.21296193634535474,0.02432164880184
2720,500.0,20000.0,0.0,0.0022769461150853993
2721,500.0,20000.0,0.03111091291980598,0.010821132943627767
2722,500.0,20000.0,0.11093320095786552,0.012678210024675032
2723,500.0,20000.0,0.1903232483919269,0.02852424626607496
2724,500.0,20000.0,0.0,0.0019266900914762905
2725,500.0,20000.0,0.29664665102427124,0.027176093123575055
2726,500.0,20000.0,0.3292208363465255,0.026986605871732152
2727,500.0,20000.0,0.05709853527874592,0.00620529361922752
2728,500.0,20000.0,0.20411931097869496,0.014841172619415663
2729,500.0,20000.0,0.018446754160381697,0.015238090662281187
2730,500.0,20000.0,0.0028001967636716394,0.005718737770990372
2731,500.0,20000.0,0.0206208351577813,0.012884381450442834
2732,500.0,20000.0,0.0,0.010984866479641054
2733,500.0,20000.0,0.0,0.0018020710478718835
2734,500.0,20000.0,0.025571945100788113,0.021534704883198547
2735,500.0,20000.0,0.0,0.0034515463970408045
2736,500.0,20000.0,0.0,0.008558356001515027
2737,500.0,20000.0,0.0660907855787961,0.015577689499178676
2738,500.0,20000.0,0.0025622923163736372,0.006177951508912099
2739,500.0,20000.0,0.00513310306343893,0.007914456291820974
2740,500.0,20000.0,0.01981831939619473,0.007973912616301277
2741,500.0,20000.0,0.0833684508877151,0.018352235048772036
2742,500.0,20000.0,0.0888748431652218,0.00891871437922712
2743,500.0,20000.0,0.0,0.003909731781499276
2744,500.0,20000.0,0.004209998497189186,0.011432609651198291
2745,500.0,20000.0,0.009594970184294959,0.016457780169475862
2746,500.0,20000.0,0.0,0.00764096419640867
2747,500.0,20000.0,0.09921239693818507,0.011695383623267976
2748,500.0,20000.0,0.002595860291911292,0.010903207367192715
2749,500.0,20000.0,0.09312844307032273,0.019608056253386793
2750,500.0,20000.0,0.013828851567355008,0.009323465856506261
2751,500.0,20000.0,0.016382598669898038,0.015183546521255295
2752,500.0,20000.0,0.07573862313949287,0.025916831369281853
2753,500.0,20000.0,0.0,0.00332064456858637
2754,500.0,20000.0,0.0,0.003153783150486823
2755,500.0,20000.0,0.4129140237261514,0.03280762389950958
2756,500.0,20000.0,0.018315635563242998,0.0039022274100817367
2757,500.0,20000.0,0.02515057285532649,0.014712972521761127
2758,500.0,20000.0,0.0022743007758844473,0.006261595671064565
2759,500.0,20000.0,0.0,0.005305502641264193
2760,500.0,20000.0,0.004859966538421036,0.009912205843504433
2761,500.0,20000.0,0.023857967856367727,0.014226038957017427
2762,500.0,20000.0,0.0,0.002145288736914644
2763,500.0,20000.0,0.0,0.013344661309270037
2764,500.0,20000.0,0.09096283273594012,0.01665863415049785
2765,500.0,20000.0,0.006981405135188086,0.0077309121587813045
2766,500.0,20000.0,0.03782451262529,0.010628661780930129
2767,500.0,20000.0,0.0012506998825931191,0.003386697397349135
2768,500.0,20000.0,0.0,0.002840434353803047
2769,500.0,20000.0,1.127576261039258e-05,0.0016974413410854449
2770,500.0,20000.0,0.02465555924518727,0.01149851664015405
2771,500.0,20000.0,0.011762415447328754,0.00569491015850788
2772,500.0,20000.0,0.0,0.001827867163885301
2773,500.0,20000.0,0.08644530334554357,0.0249561082656668
2774,500.0,20000.0,0.028646845278410847,0.010894076448221858
2775,500.0,20000.0,0.040992054157444474,0.009808229295724362
2776,500.0,20000.0,0.0025749168617230514,0.004255149474454633
2777,500.0,20000.0,0.0,0.0022576839998304176
2778,500.0,20000.0,0.0001899913495625503,0.018391437204612088
2779,500.0,20000.0,0.015455640764361192,0.008456571626197411
2780,500.0,20000.0,0.0,0.0022916312967292047
2781,500.0,20000.0,0.040451060684681774,0.019261601871647917
2782,500.0,20000.0,0.09936850896465348,0.011471566072593089
2783,500.0,20000.0,0.0194960050815945,0.0025664543343848476
2784,500.0,20000.0,0.06914967485242911,0.021960118338525052
2785,500.0,20000.0,0.05801291198064851,0.013134521251043087
2786,500.0,20000.0,0.030039615673158115,0.00931177143634189
2787,500.0,20000.0,7.102934380492202e-05,0.003938164471339453
2788,500.0,20000.0,0.049833175926736896,0.0056233697774118584
2789,500.0,20000.0,0.018391351216437646,0.007849132456076411
2790,500.0,20000.0,0.03580229877332014,0.008257239398242808
2791,500.0,20000.0,0.004944909898227402,0.011297575280126218
2792,500.0,20000.0,0.0,0.005614715071283705
2793,500.0,20000.0,0.0,0.008501649366278475
2794,500.0,20000.0,0.11109191486210022,0.013803082784509545
2795,500.0,20000.0,0.09479302161673978,0.010009979425150143
2796,500.0,20000.0,0.0,0.011513144249355681
2797,500.0,20000.0,0.07610116805488619,0.015472377722325688
2798,500.0,20000.0,0.0,0.007844928024890547
2799,500.0,20000.0,0.05085512748458021,0.010704924097037704
2800,500.0,20000.0,0.06994757995691883,0.017124920851490793
2801,500.0,20000.0,0.02303422669161732,0.011994862037331374
2802,500.0,20000.0,0.0,0.006453468273364383
2803,500.0,20000.0,0.01405547151926723,0.005598735287125491
2804,500.0,20000.0,0.007672818256042863,0.010183583702787484
2805,500.0,20000.0,0.024119258006718176,0.005236780768409819
2806,500.0,20000.0,0.0,0.001680558532511225
2807,500.0,20000.0,0.0,0.0006631857325506083
2808,500.0,20000.0,4.080253567134545e-05,0.014301828567058984
2809,500.0,20000.0,0.0,0.009967303094263313
2810,500.0,20000.0,0.11114200856698467,0.012145495905444474
2811,500.0,20000.0,0.051655587770834316,0.016978060523797748
2812,500.0,20000.0,0.06793840536471556,0.006990593207396929
2813,500.0,20000.0,0.0652293951286187,0.018314367092499697
2814,500.0,20000.0,0.028994704622751482,0.008782467344695795
2815,500.0,20000.0,0.03347276929890591,0.016992545137488012
2816,500.0,20000.0,0.014808586767470055,0.017195892415190497
2817,500.0,20000.0,0.16169527492729255,0.0210726987830949
2818,500.0,20000.0,0.0,0.0009059051963427274
2819,500.0,20000.0,0.006228879111038447,0.00864458922159162
2820,500.0,20000.0,0.024924485444718543,0.0029583690507187783
2821,500.0,20000.0,0.0705242959954225,0.009219892567475471
2822,500.0,20000.0,0.05648939417183729,0.00799887624062298
2823,500.0,20000.0,0.0,0.007800434411240786
2824,500.0,20000.0,0.0004553693345490983,0.003631733381534741
2825,500.0,20000.0,0.21419563370098138,0.017176380895622352
2826,500.0,20000.0,0.026354630019751187,0.012460435594612601
2827,500.0,20000.0,0.055375086061483815,0.019537214540818842
2828,500.0,20000.0,0.07021676015679633,0.023399589507164135
2829,500.0,20000.0,0.03474173704730819,0.01710097961500912
2830,500.0,20000.0,0.031740328642014676,0.013044270275654427
2831,500.0,20000.0,0.0,0.008412542291245696
2832,500.0,20000.0,0.053611848878662924,0.021515819540464335
2833,500.0,20000.0,0.005466648514914296,0.007442266790811002
2834,500.0,20000.0,0.0,0.004483354688459054
2835,500.0,20000.0,0.0,0.006745350279219516
2836,500.0,20000.0,0.010659282901681213,0.017814794738027717
2837,500.0,20000.0,0.013279683241395786,0.01003865393738895
2838,500.0,20000.0,0.0059942452579320816,0.0044098336594111005
2839,500.0,20000.0,0.002657935678475181,0.01425385295566603
2840,500.0,20000.0,0.0,0.0010834229332256841
2841,500.0,20000.0,0.0,0.0003446444031045494
2842,500.0,20000.0,0.029336986049432818,0.01648021036412038
2843,500.0,20000.0,0.003849255331420673,0.015200405403575926
2844,500.0,20000.0,0.027392474852439664,0.01126698480183418
2845,500.0,20000.0,0.0,0.012708361613478058
2846,500.0,20000.0,0.0024528161874867735,0.009964605780992291
2847,500.0,20000.0,0.030055586113468275,0.005126901915230615
2848,500.0,20000.0,0.012275502126693557,0.005906562564454976
2849,500.0,20000.0,0.00026730066581259277,0.006280820439456098
2850,500.0,20000.0,0.11982174711398842,0.016573575458550507
2851,500.0,20000.0,0.2799161813921379,0.016809721776343444
2852,500.0,20000.0,0.00026730066581259277,0.0066210713574776925
2853,500.0,20000.0,0.02617184375930413,0.027669552140453066
2854,500.0,20000.0,1.3258948522372797e-05,0.014462853154965604
2855,500.0,20000.0,0.0,0.006314875743816809
2856,500.0,20000.0,0.03576959193231617,0.01089259314027686
2857,500.0,20000.0,0.03833407059594683,0.0068701452011254655
2858,500.0,20000.0,0.03149059930564832,0.011273809145724612
2859,500.0,20000.0,0.09898366380633414,0.020864432592584213
2860,500.0,20000.0,0.001741376004063801,0.011035559568225562
2861,500.0,20000.0,0.0,0.006774666474920536
2862,500.0,20000.0,0.0,0.013721774169893983
2863,500.0,20000.0,0.09395554694089368,0.012592010395063706
2864,500.0,20000.0,0.0,0.003208381372386447
2865,500.0,20000.0,0.0,0.0037954932013206533
2866,500.0,20000.0,0.1730043413714001,0.020087832230847695
2867,500.0,20000.0,0.1151045099034911,0.035948817888453936
2868,500.0,20000.0,0.07903958594025799,0.01739620196893363
2869,500.0,20000.0,0.002261696911395468,0.003917341182452091
2870,500.0,20000.0,0.05619596048531713,0.009429914980983133
2871,500.0,20000.0,0.0,0.0133902506633873
2872,500.0,20000.0,0.20478313559132638,0.0280067387975877
2873,500.0,20000.0,0.004013160323179594,0.016319696568814268
2874,500.0,20000.0,0.0,0.007487880030792331
2875,500.0,20000.0,0.09348328141854098,0.018610892131606615
2876,500.0,20000.0,0.0,0.00670010593107258
2877,500.0,20000.0,0.1500273686932317,0.02645546676194604
2878,500.0,20000.0,0.0030691947026178696,0.008638443142595974
2879,500.0,20000.0,0.017464562294135077,0.01038530039408691
2880,500.0,20000.0,0.0061448852442117854,0.004696100976273047
2881,500.0,20000.0,0.09851940944277719,0.016948881803250243
2882,500.0,20000.0,0.295857759968678,0.029717282729542455
2883,500.0,20000.0,0.013756883402330883,0.0071678278481393035
2884,500.0,20000.0,0.01651344168063862,0.007970085459024013
2885,500.0,20000.0,0.0,0.002669005171957363
2886,500.0,20000.0,0.033168622537812394,0.006116351063750247
2887,500.0,20000.0,0.07480178522411275,0.01929427039736511
2888,500.0,20000.0,0.06005251340370777,0.00791620266145866
2889,500.0,20000.0,0.0,0.0023999641723875084
2890,500.0,20000.0,0.01255990285755204,0.016845230520255133
2891,500.0,20000.0,0.2533557683490025,0.02988439728356561
2892,500.0,20000.0,0.05644804341348064,0.013195173195558704
2893,500.0,20000.0,0.21629540239272152,0.013641367364584404
2894,500.0,20000.0,0.018274664117662594,0.012287141364176888
2895,500.0,20000.0,0.00026730066581259277,0.010738930340106366
2896,500.0,20000.0,0.0,0.004439968014117365
2897,500.0,20000.0,0.15130444290907524,0.021190421914429505
2898,500.0,20000.0,0.05918279878979748,0.017699622000694457
2899,500.0,20000.0,0.0,0.0018593591974523393
2900,500.0,20000.0,0.0,0.0030732381437776285
2901,500.0,20000.0,0.06753176190409894,0.02224747824819671
2902,500.0,20000.0,0.009564284779621858,0.005578825879285168
2903,500.0,20000.0,0.2831760798596938,0.015455704906545777
2904,500.0,20000.0,0.02113913790292992,0.02174760586769324
2905,500.0,20000.0,0.003111530742689412,0.012975017532773674
2906,500.0,20000.0,0.0,0.005771072215956126
2907,500.0,20000.0,0.06308496928131177,0.0061634189773136444
2908,500.0,20000.0,0.0004553693345490983,0.016506884827971177
2909,500.0,20000.0,0.004921789347565984,0.012553921357791872
2910,500.0,20000.0,0.01982429360213449,0.0059363254087708575
2911,500.0,20000.0,0.0,0.0034426349079108524
2912,500.0,20000.0,0.282122807521162,0.0279753862657366
2913,500.0,20000.0,0.0025622923163736372,0.010591320297967487
2914,500.0,20000.0,0.006700793370470935,0.006847887134720031
2915,500.0,20000.0,0.03374677938752751,0.02304220623165639
2916,500.0,20000.0,0.0,0.013096319439456596
2917,500.0,20000.0,3.867622823394803e-05,0.008613224356632455
2918,500.0,20000.0,0.008732456114854003,0.008107705341423911
2919,500.0,20000.0,0.03597475628266743,0.011562124703629112
2920,500.0,20000.0,0.18060600014017336,0.014674545517984638
2921,500.0,20000.0,0.015435991888557288,0.005479467148294625
2922,500.0,20000.0,0.11251891485556481,0.024126563649453092
2923,500.0,20000.0,0.006699355696218973,0.016162949227710846
2924,500.0,20000.0,0.15508344466326665,0.03176820372402179
2925,500.0,20000.0,0.2403818463631305,0.02046414254108607
2926,500.0,20000.0,0.018970591783139163,0.017093178403775562
2927,500.0,20000.0,0.0003046551322558217,0.006502957268204023
2928,500.0,20000.0,0.0,0.0016231044510333313
2929,500.0,20000.0,0.0,0.001850184631935863
2930,500.0,20000.0,0.14729261871328966,0.030352373651286495
2931,500.0,20000.0,0.06823729826387019,0.015741908945940786
2932,500.0,20000.0,0.21626148362413336,0.017524391680543674
2933,500.0,20000.0,0.17549613828552843,0.02676463273223476
2934,500.0,20000.0,0.2476484170787254,0.028330548947863004
2935,500.0,20000.0,4.7305188124744436e-05,0.013285591386036681
2936,500.0,20000.0,0.10102814592283334,0.01696745711483883
2937,500.0,20000.0,0.15531694828248177,0.026660382195169335
2938,500.0,20000.0,0.3251929908508408,0.037068766609341365
2939,500.0,20000.0,0.20795807970204777,0.023286783650404163
2940,500.0,20000.0,0.0,0.003968028973998777
2941,500.0,20000.0,0.0,0.0132321362605594
2942,500.0,20000.0,0.009988125600900954,0.015174217619881185
2943,500.0,20000.0,0.0,0.0008514365380632781
2944,500.0,20000.0,0.16606761878847578,0.014548573456130922
2945,500.0,20000.0,0.019772270854792794,0.008911990948825138
2946,500.0,20000.0,0.020418164936293087,0.008509516944329939
2947,500.0,20000.0,0.018232009874742564,0.01934224841556141
2948,500.0,20000.0,0.026815246482077563,0.01071128308105425
2949,500.0,20000.0,0.10257917799192552,0.03052320755436096
2950,500.0,20000.0,0.002040205050208275,0.002198854453387332
2951,500.0,20000.0,0.015884948834650883,0.016309737382546
2952,500.0,20000.0,0.0003959388448399873,0.005382788399772136
2953,500.0,20000.0,0.12223450399596215,0.013328135577318963
2954,500.0,20000.0,0.0,0.0036243743240673676
2955,500.0,20000.0,0.14934062889528413,0.02154974408142393
2956,500.0,20000.0,0.004130353719958619,0.0034378163015876093
2957,500.0,20000.0,8.941938999998553e-05,0.005779365214747573
2958,500.0,20000.0,0.0024809017791389,0.011403887237076122
2959,500.0,20000.0,0.0,0.003643434191603483
2960,500.0,20000.0,0.08247835917570397,0.008572547532377368
2961,500.0,20000.0,0.026578667907082274,0.018670950787414424
2962,500.0,20000.0,0.0,0.012675419264194432
2963,500.0,20000.0,0.007819685711039045,0.014475369113867318
2964,500.0,20000.0,0.0,0.0035454016477318956
2965,500.0,20000.0,0.09063162355075005,0.021666839604470797
2966,500.0,20000.0,0.01165651176195585,0.01568177638410867
2967,500.0,20000.0,0.0,0.0016851592029064307
2968,500.0,20000.0,0.025001838635837086,0.019016118221672675
2969,500.0,20000.0,0.01975515430576978,0.004499765829447262
2970,500.0,20000.0,0.0,0.004600472464257023
2971,500.0,20000.0,0.0031928180427497916,0.00875764616033422
2972,500.0,20000.0,0.024335231395515904,0.01659662406689203
2973,500.0,20000.0,0.03524419621261531,0.008528990209609408
2974,500.0,20000.0,0.026179180225803806,0.016700600587166922
2975,500.0,20000.0,0.0,0.014693238037291625
2976,500.0,20000.0,0.041390065878707444,0.010400126657329327
2977,500.0,20000.0,0.09109592574752003,0.021629804969638657
2978,500.0,20000.0,0.08785178325186367,0.009695407907757211
2979,500.0,20000.0,0.0,0.007185796630834832
2980,500.0,20000.0,0.010785673726476708,0.008269313857304257
2981,500.0,20000.0,0.0030169330338141137,0.008765441905608023
2982,500.0,20000.0,0.044604752336769235,0.01721562958891661
2983,500.0,20000.0,0.0,0.0017210029101181982
2984,500.0,20000.0,0.031229021074510577,0.007064261091881031
2985,500.0,20000.0,0.0,0.006176337682209064
2986,500.0,20000.0,0.012238993304348352,0.021009733783132915
2987,500.0,20000.0,0.05819823091345386,0.024175183293513047
2988,500.0,20000.0,0.14658636738845185,0.02175779359998811
2989,500.0,20000.0,0.08817873387125788,0.02565428465440062
2990,500.0,20000.0,0.0,0.011309700098281424
2991,500.0,20000.0,0.05496816025619045,0.01789282667076477
2992,500.0,20000.0,0.0,0.0050951969667146785
2993,500.0,20000.0,0.0,0.006527650647666579
2994,500.0,20000.0,0.025577850825846255,0.00800108237101695
2995,500.0,20000.0,0.020555769983042208,0.009082125285770992
2996,500.0,20000.0,0.03175590509307699,0.03516173590563059
2997,500.0,20000.0,0.20370973230849934,0.027313708686880628
2998,500.0,20000.0,0.05506603894889814,0.016342359144070204
2999,500.0,20000.0,0.0,0.005283360182216954
3000,500.0,20000.0,0.027510842516078722,0.011707001555356793
3001,500.0,20000.0,0.028633188459463374,0.02641676332668524
3002,500.0,20000.0,0.0013608296768783576,0.01339506029225737
3003,500.0,20000.0,0.039943097119110864,0.012774536560113403
3004,500.0,20000.0,0.08638546931136831,0.015137698627633998
3005,500.0,20000.0,0.01452525321945909,0.00950163459802985
3006,500.0,20000.0,0.0,0.01302777081231406
3007,500.0,20000.0,0.0040015161020086525,0.01582487032899456
3008,500.0,20000.0,0.020551698647267032,0.00798330211623846
3009,500.0,20000.0,0.011252447080161133,0.010817498194450244
3010,500.0,20000.0,0.16303835124110075,0.022035879436218774
3011,500.0,20000.0,0.14509106097749153,0.014899877401988382
3012,500.0,20000.0,0.03754361732188901,0.018330716209368637
3013,500.0,20000.0,0.10024398410525832,0.022909464325694
3014,500.0,20000.0,0.15801986711910232,0.024904285907507418
3015,500.0,20000.0,0.04300976608120204,0.024505093009190026
3016,500.0,20000.0,0.022963079586618022,0.024255902048986876
3017,500.0,20000.0,0.002755249051443932,0.007877972727706798
3018,500.0,20000.0,0.2467674384528798,0.03438189716701041
3019,500.0,20000.0,0.0743791799651261,0.010326438856188192
3020,500.0,20000.0,0.0,0.0033179542054144638
3021,500.0,20000.0,0.0122540144399407,0.0068452783274217804
3022,500.0,20000.0,0.08028881716276318,0.003905850547662581
3023,500.0,20000.0,0.02901866978978252,0.022029439832848264
3024,500.0,20000.0,0.10359157862036503,0.01068623220407197
3025,500.0,20000.0,0.051475337562753576,0.015346433976577775
3026,500.0,20000.0,0.027677028117576323,0.018071471870287487
3027,500.0,20000.0,0.2396889633596822,0.032566585727879474
3028,500.0,20000.0,0.0,0.006039046509579699
3029,500.0,20000.0,0.12403923251196487,0.010557205157629595
3030,500.0,20000.0,0.09209773574195622,0.013079006888495186
3031,500.0,20000.0,0.051864368997610134,0.010994697352929324
3032,500.0,20000.0,0.03226742475027707,0.011510834653230839
3033,500.0,20000.0,0.04327159553111428,0.007040189742106131
3034,500.0,20000.0,0.14020328258049003,0.016984770587792675
3035,500.0,20000.0,0.052340146736806224,0.02377575513022433
3036,500.0,20000.0,0.025564607079189408,0.007728021487903913
3037,500.0,20000.0,0.007772734008722076,0.0052347136439107435
3038,500.0,20000.0,0.0028104456294230327,0.004020303367965342
3039,500.0,20000.0,0.0008005012245845017,0.007322434672629641
3040,500.0,20000.0,0.04406997304064457,0.03186888939503537
3041,500.0,20000.0,0.01283920144826342,0.018527451258338216
3042,500.0,20000.0,0.04028221770310534,0.008218366106474315
3043,500.0,20000.0,0.19374036949719656,0.018677359088553443
3044,500.0,20000.0,0.01971769021497851,0.010803074453477233
3045,500.0,20000.0,0.0,0.004188376379663401
3046,500.0,20000.0,0.0018482947165658246,0.008424801844648451
3047,500.0,20000.0,0.08849218709917595,0.026179041895112318
3048,500.0,20000.0,0.0024837580669250956,0.003971355417979663
3049,500.0,20000.0,0.08568693043747727,0.03947117769915847
3050,500.0,20000.0,0.23737980159806935,0.014016003738156084
3051,500.0,20000.0,0.22102884645118737,0.025220994751250156
3052,500.0,20000.0,0.009512540269422663,0.022745676926010188
3053,500.0,20000.0,0.02409468656716243,0.011433913523554102
3054,500.0,20000.0,0.0,0.0008637948629657227
3055,500.0,20000.0,0.08483184481113766,0.010408446145170773
3056,500.0,20000.0,0.06119753633577648,0.022908648520359513
3057,500.0,20000.0,0.0,0.0095636544350634
3058,500.0,20000.0,0.016503791796699897,0.007030031472895402
3059,500.0,20000.0,0.0,0.006330933786147551
3060,500.0,20000.0,0.06365860822650875,0.01047530854450718
3061,500.0,20000.0,6.454425888150991e-05,0.01847686919525885
3062,500.0,20000.0,0.15660093979562367,0.025462045287890676
3063,500.0,20000.0,0.17155604445133832,0.03638121392715288
3064,500.0,20000.0,0.11737833354195053,0.01850404721764536
3065,500.0,20000.0,0.00434660599332187,0.008893579125092164
3066,500.0,20000.0,0.011649710165174586,0.008072213948343464
3067,500.0,20000.0,0.009264912144609847,0.01116070121867678
3068,500.0,20000.0,0.004190342429595004,0.005997963136414821
3069,500.0,20000.0,0.17973805217327488,0.021378788465871396
3070,500.0,20000.0,0.0,0.0077743131885059675
3071,500.0,20000.0,0.11876725415345674,0.020376917179527252
3072,500.0,20000.0,0.15317277013328456,0.025930017296105928
3073,500.0,20000.0,0.013305161129006987,0.010796894343932528
3074,500.0,20000.0,0.03536539835674883,0.008698912206860828
3075,500.0,20000.0,0.0,0.005648756128643846
3076,500.0,20000.0,0.12210680838481397,0.03627369831357156
3077,500.0,20000.0,0.16897291960823518,0.011298626374167049
3078,500.0,20000.0,0.010405522766793181,0.02698067848878889
3079,500.0,20000.0,0.002135266070282169,0.0050135871101398485
3080,500.0,20000.0,0.04396467470365892,0.018631810505772492
3081,500.0,20000.0,0.0,0.002273757871902735
3082,500.0,20000.0,0.1454870723783103,0.013838732584658233
3083,500.0,20000.0,0.000691413120854776,0.005177968760309666
3084,500.0,20000.0,0.06353152431295388,0.009735153308232736
3085,500.0,20000.0,0.20071401201881733,0.026171623626344193
3086,500.0,20000.0,0.0,0.01109646813400882
3087,500.0,20000.0,0.41601329446070584,0.04030361047110801
3088,500.0,20000.0,0.20627119191929028,0.014398855487795776
3089,500.0,20000.0,0.09279313543678958,0.01158228633972648
3090,500.0,20000.0,0.2412437177076521,0.028030175819194182
3091,500.0,20000.0,0.0,0.0027871686723737058
3092,500.0,20000.0,0.010995246136773955,0.006756115100745289
3093,500.0,20000.0,0.001989584067798913,0.007432543933632877
3094,500.0,20000.0,0.08054584248387653,0.008100444415850895
3095,500.0,20000.0,0.06322503163380427,0.012751343132111523
3096,500.0,20000.0,0.06452894714637031,0.010855798693887905
3097,500.0,20000.0,0.24712283175805783,0.02488601131138318
3098,500.0,20000.0,0.09657783484163197,0.015062349234437365
3099,500.0,20000.0,0.0,0.0030269357693633856
3100,500.0,20000.0,0.1190170693615206,0.013089041235531186
3101,500.0,20000.0,0.0,0.012309364142546644
3102,500.0,20000.0,0.015418136372446297,0.009467253673830658
3103,500.0,20000.0,0.06356380055884527,0.020217907536344417
3104,500.0,20000.0,0.0257617633750269,0.011907642639181704
3105,500.0,20000.0,0.015328880074207785,0.008597208255523557
3106,500.0,20000.0,0.058662462693740945,0.014538915501391006
3107,500.0,20000.0,0.004397643763775779,0.005341778173817575
3108,500.0,20000.0,0.07206571789225169,0.009647044476346862
3109,500.0,20000.0,0.026432648790190895,0.008567713215614068
3110,500.0,20000.0,0.025756193850360827,0.007578136639887378
3111,500.0,20000.0,0.007300024917053769,0.009304573461704999
3112,500.0,20000.0,0.11639292349712188,0.02206058138870803
3113,500.0,20000.0,3.1790003672541335e-05,0.0020942560870924895
3114,500.0,20000.0,0.052577691761142166,0.020388065357685926
3115,500.0,20000.0,0.13844931060249333,0.017495804209727968
3116,500.0,20000.0,0.09502202173505186,0.019391361345460344
3117,500.0,20000.0,0.0,0.008058833526558616
3118,500.0,20000.0,0.15417845225722612,0.022020731174508396
3119,500.0,20000.0,0.03326091003817886,0.015195505730425407
3120,500.0,20000.0,0.1475311570244113,0.014342914317325818
3121,500.0,20000.0,0.0003679969966799107,0.008492005282023329
3122,500.0,20000.0,0.0,0.0009398190208312277
3123,500.0,20000.0,0.007194931867340449,0.011877814553761239
3124,500.0,20000.0,0.0,0.004505014779832433
3125,500.0,20000.0,0.001051946485146099,0.01950230198923887
3126,500.0,20000.0,0.2124041317679406,0.03300962547538548
3127,500.0,20000.0,0.0012328513261145118,0.005330865678913895
3128,500.0,20000.0,0.0012409541656166368,0.01297405628340412
3129,500.0,20000.0,0.0,0.001215310156089803
3130,500.0,20000.0,0.0022180123368084298,0.014041020636065285
3131,500.0,20000.0,0.18001452406061608,0.026648847977384336
3132,500.0,20000.0,0.05928769246969533,0.01208201753871994
3133,500.0,20000.0,0.18892557146838831,0.020478906068763358
3134,500.0,20000.0,0.008063204753464908,0.017315571175474147
3135,500.0,20000.0,0.000691413120854776,0.010284336117646758
3136,500.0,20000.0,0.13398273681438538,0.02948108626546969
3137,500.0,20000.0,0.0,0.00845905996252035
3138,500.0,20000.0,0.1798236871192866,0.009383633843810872
3139,500.0,20000.0,0.0,0.007359029354182424
3140,500.0,20000.0,0.003095688057620563,0.00968581391258223
3141,500.0,20000.0,0.16850710081815773,0.01651833874610504
3142,500.0,20000.0,0.0005716627814351926,0.014294550389298803
3143,500.0,20000.0,0.001585494810498817,0.02672171995043287
3144,500.0,20000.0,0.01397015069292789,0.011069240853807779
3145,500.0,20000.0,0.0,0.01256142013524257
3146,500.0,20000.0,0.0,0.0024521822515019224
3147,500.0,20000.0,0.13954488604262436,0.024153850988532614
3148,500.0,20000.0,0.016017545924168364,0.010350689125453656
3149,500.0,20000.0,0.029509974092823,0.017199345038291854
3150,500.0,20000.0,0.0,0.0041795114937897915
3151,500.0,20000.0,0.0,0.010179758140776487
3152,500.0,20000.0,0.028008936403020563,0.007325716060293633
3153,500.0,20000.0,0.11822708551961218,0.018132566462677812
3154,500.0,20000.0,0.0037728029070191334,0.007521538733813971
3155,500.0,20000.0,0.0,0.009758109742754366
3156,500.0,20000.0,0.027521982537084953,0.02008518280105617
3157,500.0,20000.0,0.08892746951013963,0.011586594462287325
3158,500.0,20000.0,0.07123459547945457,0.026211768733257555
3159,500.0,20000.0,0.24651236246150335,0.032151855563504375
3160,500.0,20000.0,0.0025215005255651043,0.008212019343680281
3161,500.0,20000.0,0.1376741188496087,0.020127087607998133
3162,500.0,20000.0,0.00026730066581259277,0.001898202146208283
3163,500.0,20000.0,0.00026730066581259277,0.003975556923693543
3164,500.0,20000.0,0.12173774563734187,0.013443086164186432
3165,500.0,20000.0,0.0,0.004872758472392006
3166,500.0,20000.0,0.12113249336214854,0.020166716197479555
3167,500.0,20000.0,0.06292256332348273,0.02223933699378786
3168,500.0,20000.0,0.1785434080743999,0.028056355588051477
3169,500.0,20000.0,0.0045424579750183896,0.003970289847041976
3170,500.0,20000.0,9.653981740550359e-05,0.004338174970074685
3171,500.0,20000.0,0.16484911051058254,0.0256281625787017
3172,500.0,20000.0,0.00286074633278247,0.003954939382284376
3173,500.0,20000.0,0.06353455819980659,0.013073971055385086
3174,500.0,20000.0,0.1340094565771104,0.02599629710828535
3175,500.0,20000.0,0.009921851269235475,0.0070847092080246156
3176,500.0,20000.0,0.07926968541920046,0.02941755433360389
3177,500.0,20000.0,0.14859342875033274,0.017867313919522936
3178,500.0,20000.0,0.0655916918412613,0.011948392327940364
3179,500.0,20000.0,0.10907299402887849,0.012845725021469901
3180,500.0,20000.0,0.02947720662809439,0.010249320579019262
3181,500.0,20000.0,0.18644716555823287,0.018130658971473576
3182,500.0,20000.0,0.27296118912726725,0.025181068762018883
3183,500.0,20000.0,0.0,0.018145139116373155
3184,500.0,20000.0,0.0016662440150524503,0.014033687764378284
3185,500.0,20000.0,0.16476293835368314,0.031194579812709206
3186,500.0,20000.0,0.0013101023180441447,0.011687315517101489
3187,500.0,20000.0,5.3727036559102604e-05,0.00861944568928378
3188,500.0,20000.0,0.06654357042749676,0.03301320663230601
3189,500.0,20000.0,0.0,0.008114935966091492
3190,500.0,20000.0,0.035121881408916616,0.014517409708617698
3191,500.0,20000.0,0.013468088020770307,0.0003628406283000432
3192,500.0,20000.0,0.04571517475546739,0.011343026112383832
3193,500.0,20000.0,0.020750157971909884,0.012330711994682941
3194,500.0,20000.0,0.09113135443981343,0.01617425361346862
3195,500.0,20000.0,0.0,0.004983427560710362
3196,500.0,20000.0,0.02875429920473693,0.011708248223159367
3197,500.0,20000.0,0.2852678145150855,0.04243484731549571
3198,500.0,20000.0,0.0,0.013353199268359216
3199,500.0,20000.0,0.015480311772070042,0.015918314490449812
3200,500.0,20000.0,0.05184767422795486,0.0053855734553830146
3201,500.0,20000.0,0.051497511729748924,0.01020652102085544
3202,500.0,20000.0,0.0,0.010861727316244447
3203,500.0,20000.0,0.04198476008418404,0.008463155367884417
3204,500.0,20000.0,0.16220235920063128,0.019264504894416043
3205,500.0,20000.0,0.0,0.0001617985343275136
3206,500.0,20000.0,0.0,0.002006107389471058
3207,500.0,20000.0,0.0,0.004815643317918513
3208,500.0,20000.0,0.00114754446391449,0.004708157491505729
3209,500.0,20000.0,0.00012809561823393342,0.004107615844057684
3210,500.0,20000.0,0.002687625576143755,0.0046077810828690086
3211,500.0,20000.0,0.0,0.001680552790557477
3212,500.0,20000.0,0.02771524046638879,0.016581814843960693
3213,500.0,20000.0,5.074316176603751e-05,0.0007937768866730132
3214,500.0,20000.0,0.0,0.0020872665474677013
3215,500.0,20000.0,0.0,0.006973644170464099
3216,500.0,20000.0,0.02510470460115434,0.012724032901777543
3217,500.0,20000.0,0.0022354600207536357,0.010826301976819747
3218,500.0,20000.0,0.0,0.002710697817122202
3219,500.0,20000.0,0.012704617846721217,0.010522466725533293
3220,500.0,20000.0,0.0,0.0013049051841312262
3221,500.0,20000.0,0.0027778236245759123,0.0071415944082767234
3222,500.0,20000.0,0.0034039835888421766,0.0061116834822972
3223,500.0,20000.0,0.039847137599053006,0.016512702109140274
3224,500.0,20000.0,0.003818572727309209,0.009701749428814169
3225,500.0,20000.0,0.05413067246650681,0.011492425898274596
3226,500.0,20000.0,0.20727119940295524,0.022997587264162324
3227,500.0,20000.0,0.18717122179198145,0.02351061274153464
3228,500.0,20000.0,0.10989036888756573,0.028748002661532074
3229,500.0,20000.0,0.4526825186802869,0.021611605606638003
3230,500.0,20000.0,0.0,0.006966819805453708
3231,500.0,20000.0,0.0,0.003214419764843803
3232,500.0,20000.0,0.18683115622256422,0.020771552957625415
3233,500.0,20000.0,0.03074183342670789,0.005903796401881032
3234,500.0,20000.0,0.0007463540359953781,0.003883172850059117
3235,500.0,20000.0,0.026455859679656833,0.01301166394191856
3236,500.0,20000.0,0.005846507915943852,0.003374261827480041
3237,500.0,20000.0,0.0032382614085004007,0.003874674200662997
3238,500.0,20000.0,0.0013040290419116614,0.011346187355505728
3239,500.0,20000.0,0.08546515274344685,0.01636747469511243
3240,500.0,20000.0,0.06652873980203282,0.020026498933326694
3241,500.0,20000.0,0.04900335584200729,0.018599003668698735
3242,500.0,20000.0,0.0,0.00542944963653174
3243,500.0,20000.0,0.10372089974440345,0.02176172627205312
3244,500.0,20000.0,0.0,0.010091455457323636
3245,500.0,20000.0,0.0,0.001237963170842836
3246,500.0,20000.0,0.07687014427415577,0.015468472588099315
3247,500.0,20000.0,0.1976335765209797,0.028985497345880927
3248,500.0,20000.0,0.05190040738723036,0.010123919397266075
3249,500.0,20000.0,0.00766218285248552,0.017709422783709714
3250,500.0,20000.0,0.34999081425195155,0.041938435721715156
3251,500.0,20000.0,0.0013487513670223724,0.009557687493128925
3252,500.0,20000.0,0.3182329015376543,0.015935776897513004
3253,500.0,20000.0,0.05587692591925191,0.006399086126736978
3254,500.0,20000.0,0.01897543262785179,0.017859483318034525
3255,500.0,20000.0,0.0,0.0033930149762355514
3256,500.0,20000.0,0.04065859458548589,0.009834772510882786
3257,500.0,20000.0,0.010813977067536647,0.012312247184156789
3258,500.0,20000.0,0.0,0.00117886336555709
3259,500.0,20000.0,0.01608378921296734,0.010438379406349941
3260,500.0,20000.0,0.06062497724149677,0.010955835158797571
3261,500.0,20000.0,0.04569154157501397,0.01167986281589364
3262,500.0,20000.0,0.08087977713975354,0.007401203410794601
3263,500.0,20000.0,0.029115639484377908,0.005721387935932448
3264,500.0,20000.0,0.0,0.0038291776403120014
3265,500.0,20000.0,0.12491859286631347,0.034946267541965594
3266,500.0,20000.0,0.000691413120854776,0.009442749360751113
3267,500.0,20000.0,0.16728918718476207,0.013312612186228322
3268,500.0,20000.0,0.11210677005457104,0.006428806473070143
3269,500.0,20000.0,0.06816865838763186,0.013848314574187691
3270,500.0,20000.0,0.0008770965345872926,0.0044938745806872545
3271,500.0,20000.0,0.0,0.007725583587691198
3272,500.0,20000.0,0.0326241945729995,0.008224016349413764
3273,500.0,20000.0,0.10464759023105516,0.013655382913053965
3274,500.0,20000.0,0.01633564568716752,0.016735558939768466
3275,500.0,20000.0,0.0005435325033556643,0.008291830020023119
3276,500.0,20000.0,0.22221285524584747,0.02640974099234398
3277,500.0,20000.0,0.022608850358962318,0.0041724954869558585
3278,500.0,20000.0,0.04220026106341039,0.009372812046058557
3279,500.0,20000.0,0.09145530218215149,0.023199343756826758
3280,500.0,20000.0,0.09315977836783865,0.021765376789510103
3281,500.0,20000.0,3.867622823394803e-05,0.009144871281617017
3282,500.0,20000.0,0.0,0.004822954898126406
3283,500.0,20000.0,0.13906613071337026,0.023541944608126038
3284,500.0,20000.0,0.0,0.0001276804188382233
3285,500.0,20000.0,0.08065707839023369,0.01246628295623447
3286,500.0,20000.0,0.02288814414088177,0.005581685264360966
3287,500.0,20000.0,0.04868879773803889,0.009327495677616624
3288,500.0,20000.0,0.0,0.0017818259426208506
3289,500.0,20000.0,0.0,0.004778068475315836
3290,500.0,20000.0,0.0,0.013757091898352785
3291,500.0,20000.0,0.01333647090141624,0.010820908648991797
3292,500.0,20000.0,0.0,0.008240271391099587
3293,500.0,20000.0,0.0,0.002671101228135737
3294,500.0,20000.0,0.08495651202167709,0.018555649080426697
3295,500.0,20000.0,0.023951048698056168,0.006892114174305832
3296,500.0,20000.0,0.0,0.0025105286275880524
3297,500.0,20000.0,0.18340148944075493,0.022328844628520344
3298,500.0,20000.0,0.0,0.008921151024933195
3299,500.0,20000.0,0.031422581877725966,0.014503255028109499
3300,500.0,20000.0,0.03652148083577452,0.01011762008273259
3301,500.0,20000.0,0.09928761144533146,0.017023003130720245
3302,500.0,20000.0,0.007221705757834549,0.02075028411125086
3303,500.0,20000.0,0.001087658529576613,0.010058988425188863
3304,500.0,20000.0,0.0,0.0016294233148329638
3305,500.0,20000.0,0.0,0.007346315549845869
3306,500.0,20000.0,0.0,0.010004069049005773
3307,500.0,20000.0,0.0,0.002852953929629841
3308,500.0,20000.0,0.012290404076465047,0.010426046848425215
3309,500.0,20000.0,0.04693618503900424,0.008573903347904819
3310,500.0,20000.0,0.004209998497189186,0.0049891452250025265
3311,500.0,20000.0,0.08291901425082014,0.01687539306286187
3312,500.0,20000.0,0.0,0.011478427675816184
3313,500.0,20000.0,0.029577547609017426,0.007996768605156806
3314,500.0,20000.0,0.048254783154280195,0.012126882093913025
3315,500.0,20000.0,0.06928444998110975,0.01281021448148733
3316,500.0,20000.0,0.060971697934237,0.016098548738862378
3317,500.0,20000.0,0.08956783036690008,0.01176034241443364
3318,500.0,20000.0,0.0,0.014655058417859183
3319,500.0,20000.0,0.13328535758635607,0.022224061696722173
3320,500.0,20000.0,0.0058944797358990945,0.011026954815372253
3321,500.0,20000.0,0.08265633342238374,0.009439457346030548
3322,500.0,20000.0,0.02962239732333789,0.01521895306663371
3323,500.0,20000.0,0.00026730066581259277,0.005734854811807034
3324,500.0,20000.0,0.0,0.006736986870322163
3325,500.0,20000.0,0.050127621330997164,0.007686960062286153
3326,500.0,20000.0,0.26115653744243283,0.029176216018845364
3327,500.0,20000.0,0.015313458983146296,0.01652915571668356
3328,500.0,20000.0,0.0,0.0037710804688912856
3329,500.0,20000.0,0.13488842517659297,0.011614503313661977
3330,500.0,20000.0,0.1612699545948742,0.02325335643118963
3331,500.0,20000.0,0.0,0.0020297344894704135
3332,500.0,20000.0,0.0,0.0029905250677181162
3333,500.0,20000.0,0.06476163142957045,0.011088421847048922
3334,500.0,20000.0,0.016333529172795472,0.010060073385682081
3335,500.0,20000.0,0.0,0.0018520358241311586
3336,500.0,20000.0,0.1111827179843192,0.017803188875238195
3337,500.0,20000.0,0.0,0.002316394125210185
3338,500.0,20000.0,0.009469566813933314,0.003319985837876668
3339,500.0,20000.0,0.15812838231867535,0.02036648129857259
3340,500.0,20000.0,0.0,0.00034648323555103665
3341,500.0,20000.0,0.05574570828016951,0.0163550389168381
3342,500.0,20000.0,0.0060398861141878115,0.006223277941953106
3343,500.0,20000.0,0.0,1.838891927812025e-05
